Scan_id,Participant_Id,Session,Dataset_name,Sex,Age(week),Rodent.strain,MRI,Coil,fMRI.sequence,MRI T.R.,MRI T.E.,Anethesia,Anesthesia amount,Ventilation,head-plate,Habituation,FD average,FD maximum,tSNR,comp1,comp2,comp3,comp4,comp5,comp6,comp7,comp8,comp9,comp10,comp11,comp12,comp13,comp14,comp15,comp16,comp17,comp18
NA,c1NT,1,3xTG,M,3,C57BL/6,11.75,y,GE-EPI,1000.0,15.0,Mediso,"0.1 mg/kg med bolus + 0.5 mg/kg med infusion,0.5% ISO",NA,NA,NA,NA,NA,NA,0.089809,0.166202,0.208477,0.127453,0.092414,0.167616,0.13303,0.077419,0.105872,0.090081,0.108832,0.097626,0.047498,0.067175,0.07902,0.088531,0.102269,0.035697
NA,c1NT,2,3xTG,M,6,C57BL/6,11.75,y,GE-EPI,1000.0,15.0,Mediso,"0.1 mg/kg med bolus + 0.5 mg/kg med infusion,0.5% ISO",NA,NA,NA,NA,NA,NA,0.115602,0.120449,0.141849,0.104711,0.09152,0.11191,0.148872,0.078187,0.124776,0.102504,0.118591,0.131305,0.0886,0.078953,0.087892,0.068993,0.086634,0.102531
NA,c1NT,1,3xTG,M,3,C57BL/6,11.75,y,GE-EPI,1000.0,15.0,Mediso,"0.1 mg/kg med bolus + 0.5 mg/kg med infusion,0.5% ISO",NA,NA,NA,NA,NA,NA,0.316161,0.25572,0.292706,0.245424,0.250066,0.288796,0.330593,0.452234,0.368015,0.217156,0.36586,0.448221,0.270222,0.388634,0.249314,0.379622,0.175117,0.401559
NA,c1NT,2,3xTG,M,6,C57BL/6,11.75,y,GE-EPI,1000.0,15.0,Mediso,"0.1 mg/kg med bolus + 0.5 mg/kg med infusion,0.5% ISO",NA,NA,NA,NA,NA,NA,0.249735,0.353073,0.428197,0.146937,0.191861,0.180805,0.2119,0.121787,0.142738,0.164869,0.263864,0.14912,0.100665,0.138909,0.125784,0.213707,0.099953,0.132008
NA,c1NT,1,3xTG,M,3,C57BL/6,11.75,y,GE-EPI,1000.0,15.0,Mediso,"0.1 mg/kg med bolus + 0.5 mg/kg med infusion,0.5% ISO",NA,NA,NA,NA,NA,NA,0.446417,0.284617,0.275409,0.301176,0.203845,0.232318,0.197739,0.139817,0.335135,0.150802,0.284797,0.28734,0.138833,0.177,0.131402,0.135645,0.11649,0.183819
NA,c1NT,2,3xTG,M,6,C57BL/6,11.75,y,GE-EPI,1000.0,15.0,Mediso,"0.1 mg/kg med bolus + 0.5 mg/kg med infusion,0.5% ISO",NA,NA,NA,NA,NA,NA,0.557174,0.281244,0.219235,0.230967,0.170184,0.126546,0.196939,0.234535,0.363994,0.104878,0.298311,0.272573,0.188887,0.179129,0.20462,0.153409,0.144952,0.258337
NA,c41L,1,3xTG,M,3,C57BL/6,11.75,y,GE-EPI,1000.0,15.0,Mediso,"0.1 mg/kg med bolus + 0.5 mg/kg med infusion,0.5% ISO",NA,NA,NA,NA,NA,NA,0.075112,0.082204,0.105974,0.073857,0.047173,0.047234,0.08378,0.055192,0.07226,0.056696,0.051011,0.049006,0.045647,0.052205,0.067123,0.051313,0.045848,0.037689
NA,c41L,2,3xTG,M,6,C57BL/6,11.75,y,GE-EPI,1000.0,15.0,Mediso,"0.1 mg/kg med bolus + 0.5 mg/kg med infusion,0.5% ISO",NA,NA,NA,NA,NA,NA,0.073799,0.059524,0.059568,0.06103,0.039751,0.045718,0.064371,0.071061,0.054082,0.039399,0.040905,0.054531,0.058099,0.049208,0.050704,0.032335,0.039005,0.035732
NA,c41R,1,3xTG,M,3,C57BL/6,11.75,y,GE-EPI,1000.0,15.0,Mediso,"0.1 mg/kg med bolus + 0.5 mg/kg med infusion,0.5% ISO",NA,NA,NA,NA,NA,NA,0.0742,0.088724,0.0886,0.057482,0.039827,0.047728,0.054884,0.057841,0.061516,0.043597,0.046683,0.045346,0.057442,0.067564,0.054424,0.049527,0.036896,0.038081
NA,c41R,2,3xTG,M,6,C57BL/6,11.75,y,GE-EPI,1000.0,15.0,Mediso,"0.1 mg/kg med bolus + 0.5 mg/kg med infusion,0.5% ISO",NA,NA,NA,NA,NA,NA,0.082977,0.065227,0.063021,0.066548,0.046082,0.042792,0.057278,0.058982,0.065395,0.04645,0.059343,0.058867,0.041382,0.047786,0.046065,0.052247,0.037485,0.039366
NA,c42L,1,3xTG,M,3,C57BL/6,11.75,y,GE-EPI,1000.0,15.0,Mediso,"0.1 mg/kg med bolus + 0.5 mg/kg med infusion,0.5% ISO",NA,NA,NA,NA,NA,NA,0.075878,0.099489,0.078813,0.057242,0.038114,0.056507,0.071091,0.065896,0.071864,0.058958,0.050504,0.044173,0.05252,0.054383,0.057152,0.036514,0.034251,0.037918
NA,c42L,2,3xTG,M,6,C57BL/6,11.75,y,GE-EPI,1000.0,15.0,Mediso,"0.1 mg/kg med bolus + 0.5 mg/kg med infusion,0.5% ISO",NA,NA,NA,NA,NA,NA,0.089022,0.062669,0.061218,0.05799,0.043772,0.04752,0.074711,0.097802,0.07371,0.046465,0.050759,0.058955,0.065573,0.060837,0.06706,0.047463,0.041904,0.044368
NA,c42R,1,3xTG,M,3,C57BL/6,11.75,y,GE-EPI,1000.0,15.0,Mediso,"0.1 mg/kg med bolus + 0.5 mg/kg med infusion,0.5% ISO",NA,NA,NA,NA,NA,NA,0.074061,0.091413,0.084187,0.06623,0.054433,0.064879,0.069087,0.07995,0.055903,0.049463,0.061848,0.054653,0.057613,0.051233,0.057393,0.0432,0.037609,0.036889
NA,c42R,2,3xTG,M,6,C57BL/6,11.75,y,GE-EPI,1000.0,15.0,Mediso,"0.1 mg/kg med bolus + 0.5 mg/kg med infusion,0.5% ISO",NA,NA,NA,NA,NA,NA,0.076771,0.063496,0.055432,0.055524,0.046703,0.051184,0.070503,0.082038,0.062598,0.049752,0.053013,0.055063,0.058234,0.039854,0.055133,0.04078,0.0423,0.036228
NA,c51L,1,3xTG,M,3,C57BL/6,11.75,y,GE-EPI,1000.0,15.0,Mediso,"0.1 mg/kg med bolus + 0.5 mg/kg med infusion,0.5% ISO",NA,NA,NA,NA,NA,NA,0.078878,0.094984,0.11058,0.086573,0.046497,0.062607,0.070622,0.066206,0.079292,0.071899,0.043382,0.056167,0.054472,0.050247,0.076802,0.05048,0.044521,0.043546
NA,c51L,2,3xTG,M,6,C57BL/6,11.75,y,GE-EPI,1000.0,15.0,Mediso,"0.1 mg/kg med bolus + 0.5 mg/kg med infusion,0.5% ISO",NA,NA,NA,NA,NA,NA,0.089268,0.108908,0.163196,0.110566,0.064775,0.079428,0.078611,0.074656,0.087659,0.063629,0.055733,0.061869,0.065775,0.064108,0.063613,0.044653,0.038584,0.03874
NA,c71L,1,3xTG,M,3,C57BL/6,11.75,y,GE-EPI,1000.0,15.0,Mediso,"0.1 mg/kg med bolus + 0.5 mg/kg med infusion,0.5% ISO",NA,NA,NA,NA,NA,NA,0.086967,0.084703,0.104413,0.052675,0.048147,0.050979,0.06635,0.064064,0.060628,0.046446,0.061596,0.050913,0.044967,0.050372,0.056001,0.045497,0.037377,0.03695
NA,c71L,2,3xTG,M,6,C57BL/6,11.75,y,GE-EPI,1000.0,15.0,Mediso,"0.1 mg/kg med bolus + 0.5 mg/kg med infusion,0.5% ISO",NA,NA,NA,NA,NA,NA,0.100497,0.081043,0.087509,0.060622,0.044215,0.056551,0.069551,0.106529,0.07328,0.059706,0.052952,0.062244,0.056724,0.052446,0.0529,0.049175,0.039802,0.041457
NA,c71R,1,3xTG,M,3,C57BL/6,11.75,y,GE-EPI,1000.0,15.0,Mediso,"0.1 mg/kg med bolus + 0.5 mg/kg med infusion,0.5% ISO",NA,NA,NA,NA,NA,NA,0.095069,0.088206,0.105418,0.057976,0.051405,0.057834,0.059047,0.056293,0.063694,0.050875,0.053437,0.056329,0.062001,0.061391,0.069936,0.054854,0.043962,0.04255
NA,c71R,2,3xTG,M,6,C57BL/6,11.75,y,GE-EPI,1000.0,15.0,Mediso,"0.1 mg/kg med bolus + 0.5 mg/kg med infusion,0.5% ISO",NA,NA,NA,NA,NA,NA,0.081174,0.08483,0.073549,0.071599,0.040561,0.055739,0.066528,0.068315,0.057483,0.047693,0.054671,0.049208,0.058931,0.049374,0.05876,0.049731,0.039082,0.035791
NA,sub-06,1,Alvino,M,12,C57BL/6J,7.0,n,EPI,1000.0,15.0,Hal,"0,8% halothane",y,NA,NA,0.01042837781,0.02194789415,NA,0.947293,0.940434,0.955761,0.98111,0.901594,0.915764,0.865011,0.931795,0.978517,0.787455,1.150282,1.072212,1.084618,0.798019,1.0656,0.833994,0.973024,0.732886
NA,sub-07,1,Alvino,M,12,C57BL/6J,7.0,n,EPI,1000.0,15.0,Hal,"0,8% halothane",y,NA,NA,0.01075919526,0.02273853084,NA,0.941504,0.985345,1.06289,0.870602,0.804786,0.898046,0.873567,0.949754,1.112705,0.794152,1.229341,1.177889,1.00242,0.818892,1.000778,0.795036,0.973587,0.687389
NA,sub-08,1,Alvino,F,12,C57BL/6J,7.0,n,EPI,1000.0,15.0,Hal,"0,8% halothane",y,NA,NA,0.01015683363,0.02044985644,NA,1.130531,1.118676,1.026454,1.076796,0.859562,1.050478,0.813938,0.982681,1.195944,0.707329,1.21044,1.054368,0.803673,0.76467,1.171352,0.616468,0.887323,0.826994
NA,sub-09,1,Alvino,F,12,C57BL/6J,7.0,n,EPI,1000.0,15.0,Hal,"0,8% halothane",y,NA,NA,0.009435752021,0.02002973551,NA,0.95697,1.021591,1.026759,0.80104,0.919666,0.842087,0.79106,0.731524,1.088631,0.674012,1.097705,1.007974,0.919136,0.686883,1.074767,0.774223,0.984272,0.696754
NA,sub-14,1,Alvino,F,12,C57BL/6J,7.0,n,EPI,1000.0,15.0,Hal,"0,8% halothane",y,NA,NA,0.01112574182,0.02175328937,NA,0.911517,1.185443,1.054661,1.005926,0.86002,1.009156,0.770023,0.879051,1.083425,0.766669,0.972132,1.086606,1.024893,0.691922,0.985297,0.7411,0.968989,0.711273
NA,sub-15,1,Alvino,F,12,C57BL/6J,7.0,n,EPI,1000.0,15.0,Hal,"0,8% halothane",y,NA,NA,0.01119487044,0.02333786427,NA,0.932961,1.032488,0.933339,0.905569,0.786605,0.819153,0.943586,0.934028,0.936948,0.770072,1.12422,1.132357,0.986458,0.777334,1.015094,0.765936,0.95047,0.715941
NA,sub-16,1,Alvino,F,12,C57BL/6J,7.0,n,EPI,1000.0,15.0,Hal,"0,8% halothane",y,NA,NA,0.008874049048,0.01792473211,NA,0.966122,1.084031,1.006179,1.013707,0.963619,0.977269,0.833995,0.894026,1.131475,0.805918,1.228462,0.990191,1.0672,0.818867,1.089018,0.857199,1.004826,0.737471
NA,sub-17,1,Alvino,M,12,C57BL/6J,7.0,n,EPI,1000.0,15.0,Hal,"0,8% halothane",y,NA,NA,0.03886550218,0.06610672386,NA,1.019166,0.702244,0.884637,0.810808,0.883831,0.71952,1.135625,0.864515,1.075814,0.428162,1.131465,0.967954,0.794499,0.633036,0.94211,0.866457,0.82615,0.806257
NA,sub-18,1,Alvino,M,12,C57BL/6J,7.0,n,EPI,1000.0,15.0,Hal,"0,8% halothane",y,NA,NA,0.00870493779,0.01795428175,NA,1.039653,1.052951,0.971572,0.91163,0.819487,0.90383,0.860924,1.009787,1.031451,0.676954,1.146404,1.086678,1.038389,0.78539,0.945967,0.846154,1.038766,0.697531
NA,sub-19,1,Alvino,M,12,C57BL/6J,7.0,n,EPI,1000.0,15.0,Hal,"0,8% halothane",y,NA,NA,0.01802769196,0.03417952035,NA,1.219887,0.916143,0.728027,0.864577,0.948844,0.838995,1.207211,0.687224,1.00276,0.630889,1.198689,1.208716,0.902308,0.77315,0.966332,0.815143,0.688563,0.64673
NA,sub-33,1,Alvino,M,12,C57BL/6J,7.0,n,EPI,1000.0,15.0,Hal,"0,8% halothane",y,NA,NA,0.01165985911,0.02543689408,NA,1.172931,1.065717,1.131888,1.056934,0.987919,1.087871,0.80532,0.905055,1.086111,0.647698,1.20899,1.03659,1.028784,0.770572,1.052263,0.963669,1.11503,0.73758
NA,sub-37,1,Alvino,M,12,C57BL/6J,7.0,n,EPI,1000.0,15.0,Hal,"0,8% halothane",y,NA,NA,0.03045184712,0.05392973911,NA,0.899551,0.940972,0.768284,0.825088,0.905083,0.807584,0.841403,0.923573,1.063628,0.695436,1.262771,1.052659,0.714645,0.683812,0.83941,0.70262,0.837896,0.923202
NA,sub-49,1,Alvino,M,12,C57BL/6J,7.0,n,EPI,1000.0,15.0,Hal,"0,8% halothane",y,NA,NA,0.01482927452,0.03061146656,NA,0.936497,1.161351,1.173866,0.96793,0.903626,1.186682,0.854789,0.953027,1.07505,0.811714,1.184915,1.164793,0.99988,0.736811,0.997445,0.875496,1.066068,0.706042
NA,sub-51,1,Alvino,M,12,C57BL/6J,7.0,n,EPI,1000.0,15.0,Hal,"0,8% halothane",y,NA,NA,0.01136644799,0.02333443335,NA,1.001899,1.235489,1.089503,0.967999,1.021367,1.017846,0.79263,0.758985,1.027513,0.784283,1.218373,1.149747,0.998703,0.684148,1.084562,0.866523,1.103765,0.722801
NA,sub-54,1,Alvino,F,12,C57BL/6J,7.0,n,EPI,1000.0,15.0,Hal,"0,8% halothane",y,NA,NA,0.01433318918,0.02866474663,NA,0.981807,1.141986,1.03345,0.939943,0.989041,1.114238,1.1065,0.98795,1.121892,0.761246,1.196251,1.130497,1.061603,0.669946,1.041977,0.748971,0.922272,0.730884
NA,sub-59,1,Alvino,M,12,C57BL/6J,7.0,n,EPI,1000.0,15.0,Hal,"0,8% halothane",y,NA,NA,0.01569036889,0.03555196104,NA,1.02459,1.187286,0.904796,1.017483,0.965628,0.977936,0.920387,0.880817,1.110195,0.72873,1.160735,1.02254,1.056651,0.837729,1.014168,0.811229,1.026405,0.690566
NA,sub-71,1,Alvino,M,12,C57BL/6J,7.0,n,EPI,1000.0,15.0,Hal,"0,8% halothane",y,NA,NA,0.0138956367,0.02831483707,NA,0.796435,1.068157,0.970518,1.066877,0.879609,0.940033,0.935154,0.976317,0.983343,0.793517,1.237642,1.255636,0.770935,0.672349,0.895115,0.825015,1.016554,0.723536
NA,sub-73,1,Alvino,M,12,C57BL/6J,7.0,n,EPI,1000.0,15.0,Hal,"0,8% halothane",y,NA,NA,0.01229509391,0.02521322895,NA,0.894988,1.103698,0.931657,0.940591,0.929338,0.988256,0.811281,1.002188,1.012528,0.714238,1.537826,1.001576,1.046152,0.688532,0.939296,0.76581,1.154706,0.692289
NA,sub-81,1,Alvino,M,12,C57BL/6J,7.0,n,EPI,1000.0,15.0,Hal,"0,8% halothane",y,NA,NA,0.01222212445,0.0250991257,NA,1.016716,1.078117,0.982766,0.922776,0.903168,1.019614,0.924982,0.946717,1.062572,0.786855,1.104345,1.144755,0.979405,0.725016,1.011101,0.812679,1.001911,0.762968
NA,sub-82,1,Alvino,M,12,C57BL/6J,7.0,n,EPI,1000.0,15.0,Hal,"0,8% halothane",y,NA,NA,0.01289735747,0.02763273058,NA,0.911359,1.069616,1.119897,0.992021,0.924287,1.001244,0.937619,0.891526,1.119167,0.741551,1.255109,1.097312,0.971582,0.702252,0.942998,0.857312,1.057602,0.765605
NA,sub-83,1,Alvino,F,12,C57BL/6J,7.0,n,EPI,1000.0,15.0,Hal,"0,8% halothane",y,NA,NA,0.01030692416,0.02146759915,NA,0.853645,1.123686,1.089416,0.958893,0.936314,0.911142,0.77332,1.008708,1.130877,0.808,1.147315,1.056318,0.975047,0.735892,1.086604,0.835512,0.978761,0.748746
NA,sub-84,1,Alvino,F,12,C57BL/6J,7.0,n,EPI,1000.0,15.0,Hal,"0,8% halothane",y,NA,NA,0.01086747227,0.0228175791,NA,1.074697,1.027078,1.030988,0.909175,0.91553,1.035291,0.902555,0.902227,1.142713,0.867948,1.184536,1.053308,1.064065,0.584717,0.867023,0.772947,1.009775,0.842601
NA,sub-jgrAesAWc11R1L_ses-1,1,Awake_Rest,F,NA,NA,NA,NA,NA,NA,NA,awake,NA,n,NA,NA,NA,NA,NA,0.465973,0.25335,0.277163,0.181994,0.119373,0.139841,0.255646,0.231955,0.378684,0.100227,0.215763,0.240091,0.092508,0.264762,0.202889,0.230602,0.159217,0.30842
NA,sub-jgrAesAWc11R1L_ses-1,1,Awake_Rest,F,NA,NA,NA,NA,NA,NA,NA,awake,NA,n,NA,NA,NA,NA,NA,0.448244,0.319943,0.399768,0.345258,0.157422,0.179173,0.238064,0.330649,0.48596,0.203632,0.332874,0.415643,0.20233,0.345503,0.199792,0.333617,0.154915,0.470169
NA,sub-jgrAesAWc11R1L_ses-1,1,Awake_Rest,F,NA,NA,NA,NA,NA,NA,NA,awake,NA,n,NA,NA,NA,NA,NA,0.388072,0.259395,0.239526,0.202624,0.0758,0.13972,0.203751,0.173247,0.262528,0.078444,0.172506,0.240995,0.121328,0.300236,0.146765,0.221584,0.134651,0.239215
NA,sub-jgrAesAWc11R1L_ses-2,2,Awake_Rest,F,NA,NA,NA,NA,NA,NA,NA,awake,NA,n,NA,NA,NA,NA,NA,0.166273,0.163304,0.215067,0.131883,0.110558,0.094969,0.087607,0.104446,0.141291,0.079951,0.084654,0.091548,0.048179,0.147025,0.073986,0.111339,0.103797,0.107038
NA,sub-jgrAesAWc11R1L_ses-2,2,Awake_Rest,F,NA,NA,NA,NA,NA,NA,NA,awake,NA,n,NA,NA,NA,NA,NA,0.424746,0.150999,0.246108,0.220363,0.107545,0.117757,0.120168,0.256987,0.283178,0.150513,0.100446,0.125467,0.09013,0.308292,0.178782,0.217048,0.10799,0.242066
NA,sub-jgrAesAWc11R1L_ses-2,2,Awake_Rest,F,NA,NA,NA,NA,NA,NA,NA,awake,NA,n,NA,NA,NA,NA,NA,0.412168,0.256942,0.221756,0.29286,0.143516,0.205168,0.344757,0.188419,0.450003,0.138568,0.249868,0.203901,0.120145,0.271548,0.155255,0.2698,0.153897,0.331799
NA,sub-jgrAesAWc11R_ses-1,1,Awake_Rest,F,NA,NA,NA,NA,NA,NA,NA,awake,NA,n,NA,NA,NA,NA,NA,0.344285,0.322976,0.204929,0.347377,0.162834,0.189381,0.359677,0.380915,0.460374,0.187603,0.430799,0.295656,0.162293,0.250269,0.251252,0.245126,0.187828,0.183782
NA,sub-jgrAesAWc11R_ses-1,1,Awake_Rest,F,NA,NA,NA,NA,NA,NA,NA,awake,NA,n,NA,NA,NA,NA,NA,0.495302,0.249791,0.219559,0.354926,0.19652,0.232448,0.135791,0.187263,0.348692,0.15702,0.260328,0.202328,0.091147,0.261813,0.178946,0.128933,0.060717,0.226563
NA,sub-jgrAesAWc11R_ses-1,1,Awake_Rest,F,NA,NA,NA,NA,NA,NA,NA,awake,NA,n,NA,NA,NA,NA,NA,0.321798,0.201348,0.34504,0.267676,0.138205,0.17211,0.195162,0.272686,0.252125,0.254738,0.296165,0.210772,0.129888,0.337334,0.226531,0.179596,0.125297,0.385224
NA,sub-jgrAesAWc11R_ses-2,2,Awake_Rest,F,NA,NA,NA,NA,NA,NA,NA,awake,NA,n,NA,NA,NA,NA,NA,0.233927,0.138103,0.180701,0.120263,0.090449,0.12246,0.243643,0.244113,0.175448,0.072843,0.252748,0.243767,0.132074,0.145031,0.109229,0.121121,0.11737,0.12208
NA,sub-jgrAesAWc11R_ses-2,2,Awake_Rest,F,NA,NA,NA,NA,NA,NA,NA,awake,NA,n,NA,NA,NA,NA,NA,0.268735,0.197558,0.206328,0.233987,0.16108,0.37846,0.230897,0.343742,0.20515,0.086925,0.240773,0.202954,0.113471,0.135945,0.110381,0.128555,0.113248,0.134563
NA,sub-jgrAesAWc11R_ses-2,2,Awake_Rest,F,NA,NA,NA,NA,NA,NA,NA,awake,NA,n,NA,NA,NA,NA,NA,0.224061,0.156629,0.258972,0.169106,0.074737,0.145625,0.271717,0.284975,0.182377,0.103473,0.257109,0.18966,0.130687,0.175299,0.159173,0.070788,0.163576,0.11072
NA,sub-jgrAesAWc12R_ses-1,1,Awake_Rest,F,NA,NA,NA,NA,NA,NA,NA,awake,NA,n,NA,NA,NA,NA,NA,0.094237,0.198936,0.184866,0.101332,0.121223,0.161505,0.109013,0.138548,0.107336,0.091265,0.120256,0.131462,0.11411,0.096576,0.07624,0.078691,0.093533,0.075808
NA,sub-jgrAesAWc12R_ses-1,1,Awake_Rest,F,NA,NA,NA,NA,NA,NA,NA,awake,NA,n,NA,NA,NA,NA,NA,0.216035,0.199813,0.199567,0.207357,0.170173,0.110484,0.306085,0.170749,0.192404,0.169419,0.245564,0.217321,0.098009,0.176504,0.123605,0.260487,0.204705,0.234048
NA,sub-jgrAesAWc12R_ses-1,1,Awake_Rest,F,NA,NA,NA,NA,NA,NA,NA,awake,NA,n,NA,NA,NA,NA,NA,0.2354,0.184022,0.170062,0.306649,0.149096,0.197095,0.1997,0.295878,0.194945,0.202986,0.204699,0.258105,0.09729,0.132753,0.117128,0.244002,0.11853,0.204788
NA,sub-jgrAesAWc12R_ses-2,2,Awake_Rest,F,NA,NA,NA,NA,NA,NA,NA,awake,NA,n,NA,NA,NA,NA,NA,0.189318,0.212964,0.260256,0.204807,0.108925,0.121449,0.131652,0.099874,0.199953,0.155897,0.19283,0.18234,0.135767,0.118744,0.155383,0.157606,0.153154,0.260032
NA,sub-jgrAesAWc12R_ses-2,2,Awake_Rest,F,NA,NA,NA,NA,NA,NA,NA,awake,NA,n,NA,NA,NA,NA,NA,0.190076,0.290166,0.223945,0.218851,0.183631,0.195798,0.244813,0.317353,0.336761,0.124282,0.223379,0.246103,0.124426,0.235989,0.204001,0.194416,0.092839,0.185521
NA,sub-jgrAesAWc12R_ses-2,2,Awake_Rest,F,NA,NA,NA,NA,NA,NA,NA,awake,NA,n,NA,NA,NA,NA,NA,0.200254,0.317077,0.278093,0.299927,0.132748,0.186848,0.211714,0.138301,0.310318,0.093879,0.227463,0.185548,0.125471,0.120167,0.138067,0.25097,0.095831,0.219409
NA,sub-jgrAesAWc1NT_ses-1,1,Awake_Rest,F,NA,NA,NA,NA,NA,NA,NA,awake,NA,n,NA,NA,NA,NA,NA,0.089809,0.166202,0.208477,0.127453,0.092414,0.167616,0.13303,0.077419,0.105872,0.090081,0.108832,0.097626,0.047498,0.067175,0.07902,0.088531,0.102269,0.035697
NA,sub-jgrAesAWc1NT_ses-1,1,Awake_Rest,F,NA,NA,NA,NA,NA,NA,NA,awake,NA,n,NA,NA,NA,NA,NA,0.115602,0.120449,0.141849,0.104711,0.09152,0.11191,0.148872,0.078187,0.124776,0.102504,0.118591,0.131305,0.0886,0.078953,0.087892,0.068993,0.086634,0.102531
NA,sub-jgrAesAWc1NT_ses-1,1,Awake_Rest,F,NA,NA,NA,NA,NA,NA,NA,awake,NA,n,NA,NA,NA,NA,NA,0.316161,0.25572,0.292706,0.245424,0.250066,0.288796,0.330593,0.452234,0.368015,0.217156,0.36586,0.448221,0.270222,0.388634,0.249314,0.379622,0.175117,0.401559
NA,sub-jgrAesAWc1NT_ses-2,2,Awake_Rest,F,NA,NA,NA,NA,NA,NA,NA,awake,NA,n,NA,NA,NA,NA,NA,0.249735,0.353073,0.428197,0.146937,0.191861,0.180805,0.2119,0.121787,0.142738,0.164869,0.263864,0.14912,0.100665,0.138909,0.125784,0.213707,0.099953,0.132008
NA,sub-jgrAesAWc1NT_ses-2,2,Awake_Rest,F,NA,NA,NA,NA,NA,NA,NA,awake,NA,n,NA,NA,NA,NA,NA,0.446417,0.284617,0.275409,0.301176,0.203845,0.232318,0.197739,0.139817,0.335135,0.150802,0.284797,0.28734,0.138833,0.177,0.131402,0.135645,0.11649,0.183819
NA,sub-jgrAesAWc1NT_ses-2,2,Awake_Rest,F,NA,NA,NA,NA,NA,NA,NA,awake,NA,n,NA,NA,NA,NA,NA,0.557174,0.281244,0.219235,0.230967,0.170184,0.126546,0.196939,0.234535,0.363994,0.104878,0.298311,0.272573,0.188887,0.179129,0.20462,0.153409,0.144952,0.258337
NA,sub-jgrAesAWc21L_ses-1,1,Awake_Rest,F,NA,NA,NA,NA,NA,NA,NA,awake,NA,n,NA,NA,NA,NA,NA,0.079526,0.104378,0.09062,0.079492,0.059886,0.100828,0.063814,0.070938,0.10574,0.0554,0.12062,0.109578,0.044826,0.045978,0.063051,0.057393,0.068188,0.05743
NA,sub-jgrAesAWc21L_ses-1,1,Awake_Rest,F,NA,NA,NA,NA,NA,NA,NA,awake,NA,n,NA,NA,NA,NA,NA,0.229538,0.171913,0.177213,0.140557,0.07198,0.102077,0.157583,0.100508,0.112872,0.086875,0.174672,0.11437,0.080864,0.120738,0.087306,0.116449,0.085285,0.183982
NA,sub-jgrAesAWc21L_ses-1,1,Awake_Rest,F,NA,NA,NA,NA,NA,NA,NA,awake,NA,n,NA,NA,NA,NA,NA,0.324841,0.17382,0.279479,0.172245,0.091866,0.082838,0.285336,0.186024,0.214205,0.068858,0.181304,0.146118,0.064254,0.169565,0.133643,0.25105,0.112081,0.144593
NA,sub-jgrAesAWc21L_ses-2,2,Awake_Rest,F,NA,NA,NA,NA,NA,NA,NA,awake,NA,n,NA,NA,NA,NA,NA,0.146476,0.145628,0.173622,0.184409,0.115589,0.153331,0.117316,0.163391,0.153073,0.112342,0.243523,0.179903,0.105763,0.164347,0.185667,0.194733,0.229294,0.086345
NA,sub-jgrAesAWc21L_ses-2,2,Awake_Rest,F,NA,NA,NA,NA,NA,NA,NA,awake,NA,n,NA,NA,NA,NA,NA,0.078492,0.138171,0.188688,0.103645,0.134751,0.140517,0.112697,0.121646,0.065446,0.070233,0.122015,0.181743,0.051755,0.076264,0.087529,0.095254,0.088533,0.036891
NA,sub-jgrAesAWc21L_ses-2,2,Awake_Rest,F,NA,NA,NA,NA,NA,NA,NA,awake,NA,n,NA,NA,NA,NA,NA,0.143141,0.143222,0.215943,0.10738,0.135439,0.119764,0.140383,0.144232,0.153319,0.063936,0.086128,0.118031,0.0472,0.083772,0.106408,0.161936,0.099391,0.141354
NA,sub-jgrAesAWc21R1L_ses-1,1,Awake_Rest,F,NA,NA,NA,NA,NA,NA,NA,awake,NA,n,NA,NA,NA,NA,NA,0.286943,0.202389,0.272211,0.258552,0.100803,0.154475,0.209053,0.254362,0.314826,0.18289,0.163116,0.110448,0.116724,0.267628,0.150758,0.163901,0.072412,0.222066
NA,sub-jgrAesAWc21R1L_ses-1,1,Awake_Rest,F,NA,NA,NA,NA,NA,NA,NA,awake,NA,n,NA,NA,NA,NA,NA,0.584747,0.384416,0.414162,0.749414,0.300752,0.376938,0.559818,0.457422,0.520204,0.138035,0.440555,0.473892,0.248471,0.435754,0.312951,0.330947,0.197603,0.40882
NA,sub-jgrAesAWc21R1L_ses-1,1,Awake_Rest,F,NA,NA,NA,NA,NA,NA,NA,awake,NA,n,NA,NA,NA,NA,NA,0.510318,0.275516,0.293637,0.211687,0.147205,0.23084,0.148396,0.165203,0.356594,0.129801,0.160867,0.181672,0.145129,0.210722,0.309322,0.35967,0.144899,0.309223
NA,sub-jgrAesAWc21R1L_ses-2,2,Awake_Rest,F,NA,NA,NA,NA,NA,NA,NA,awake,NA,n,NA,NA,NA,NA,NA,0.226461,0.145741,0.220107,0.127341,0.16461,0.117834,0.230198,0.260393,0.166104,0.090826,0.243449,0.148537,0.095842,0.146498,0.079855,0.157586,0.13385,0.08649
NA,sub-jgrAesAWc21R1L_ses-2,2,Awake_Rest,F,NA,NA,NA,NA,NA,NA,NA,awake,NA,n,NA,NA,NA,NA,NA,0.466242,0.251999,0.227869,0.302806,0.124984,0.304739,0.23988,0.170836,0.172721,0.088907,0.183514,0.195398,0.190959,0.115427,0.094439,0.195814,0.152032,0.121667
NA,sub-jgrAesAWc21R1L_ses-2,2,Awake_Rest,F,NA,NA,NA,NA,NA,NA,NA,awake,NA,n,NA,NA,NA,NA,NA,0.289915,0.22621,0.26586,0.140101,0.217085,0.167669,0.232884,0.458927,0.251079,0.182483,0.155866,0.276501,0.210443,0.176936,0.117892,0.255189,0.114451,0.092202
NA,sub-jgrAesAWc21R_ses-2,2,Awake_Rest,F,NA,NA,NA,NA,NA,NA,NA,awake,NA,n,NA,NA,NA,NA,NA,0.089214,0.120371,0.21958,0.17559,0.120183,0.14308,0.159097,0.152065,0.11006,0.107858,0.136583,0.148207,0.105841,0.094318,0.093969,0.086943,0.098419,0.046723
NA,sub-jgrAesAWc21R_ses-2,2,Awake_Rest,F,NA,NA,NA,NA,NA,NA,NA,awake,NA,n,NA,NA,NA,NA,NA,0.113651,0.120521,0.151348,0.115144,0.081693,0.08889,0.122468,0.097915,0.134713,0.085949,0.160987,0.114056,0.068717,0.091684,0.08137,0.162982,0.094413,0.058696
NA,sub-jgrAesAWc21R_ses-2,2,Awake_Rest,F,NA,NA,NA,NA,NA,NA,NA,awake,NA,n,NA,NA,NA,NA,NA,0.18338,0.186732,0.207164,0.163015,0.105724,0.085117,0.219192,0.176723,0.159669,0.149646,0.187917,0.155229,0.117189,0.123719,0.194116,0.16302,0.109112,0.124228
NA,sub-jgrAesAWc22R_ses-1,1,Awake_Rest,F,NA,NA,NA,NA,NA,NA,NA,awake,NA,n,NA,NA,NA,NA,NA,0.091247,0.144363,0.20265,0.102501,0.090417,0.099759,0.120241,0.100493,0.116767,0.070526,0.084238,0.109797,0.066657,0.089207,0.066748,0.079424,0.086415,0.081843
NA,sub-jgrAesAWc22R_ses-1,1,Awake_Rest,F,NA,NA,NA,NA,NA,NA,NA,awake,NA,n,NA,NA,NA,NA,NA,0.250233,0.199176,0.300809,0.24619,0.141951,0.213948,0.130125,0.207848,0.322856,0.130488,0.141708,0.222933,0.157131,0.111662,0.108297,0.27486,0.11519,0.167947
NA,sub-jgrAesAWc22R_ses-1,1,Awake_Rest,F,NA,NA,NA,NA,NA,NA,NA,awake,NA,n,NA,NA,NA,NA,NA,0.269197,0.230753,0.343931,0.239242,0.108651,0.208255,0.156386,0.20956,0.354464,0.121952,0.170253,0.265873,0.114103,0.112062,0.185842,0.209287,0.16466,0.195892
NA,sub-jgrAesAWc22R_ses-2,2,Awake_Rest,F,NA,NA,NA,NA,NA,NA,NA,awake,NA,n,NA,NA,NA,NA,NA,0.119894,0.164238,0.262876,0.16691,0.111914,0.121241,0.123735,0.105995,0.15053,0.070553,0.11627,0.110974,0.088372,0.095402,0.106425,0.112605,0.140893,0.107206
NA,sub-jgrAesAWc22R_ses-2,2,Awake_Rest,F,NA,NA,NA,NA,NA,NA,NA,awake,NA,n,NA,NA,NA,NA,NA,0.426414,0.179454,0.26032,0.270789,0.084617,0.183356,0.301766,0.260972,0.367978,0.166903,0.208728,0.231075,0.164161,0.26202,0.125406,0.277723,0.184457,0.315786
NA,sub-jgrAesAWc22R_ses-2,2,Awake_Rest,F,NA,NA,NA,NA,NA,NA,NA,awake,NA,n,NA,NA,NA,NA,NA,0.216435,0.168856,0.196725,0.131207,0.094917,0.142733,0.124169,0.262986,0.281013,0.076892,0.232399,0.203267,0.106505,0.173404,0.114984,0.118569,0.110914,0.203318
NA,sub-jgrAesISOc11L_ses-1,1,Awake_Rest,F,NA,NA,NA,NA,NA,NA,NA,iso,NA,n,NA,NA,NA,NA,NA,0.046204,0.104771,0.142681,0.081935,0.087972,0.094237,0.109428,0.05769,0.059211,0.044956,0.059275,0.059127,0.068871,0.046783,0.064465,0.063629,0.058743,0.02574
NA,sub-jgrAesISOc11L_ses-1,1,Awake_Rest,F,NA,NA,NA,NA,NA,NA,NA,iso,NA,n,NA,NA,NA,NA,NA,0.061096,0.104094,0.119272,0.088125,0.114023,0.135055,0.094634,0.065981,0.054909,0.055283,0.089956,0.047603,0.081154,0.040248,0.079865,0.078281,0.058609,0.027429
NA,sub-jgrAesISOc11L_ses-1,1,Awake_Rest,F,NA,NA,NA,NA,NA,NA,NA,iso,NA,n,NA,NA,NA,NA,NA,0.081007,0.077728,0.108675,0.088519,0.084621,0.053773,0.110087,0.069272,0.055894,0.077039,0.096283,0.0723,0.055751,0.056067,0.049769,0.052157,0.05006,0.035509
NA,sub-jgrAesISOc11R1L_ses-1,1,Awake_Rest,F,NA,NA,NA,NA,NA,NA,NA,iso,NA,n,NA,NA,NA,NA,NA,0.066458,0.088811,0.083512,0.081497,0.099553,0.114426,0.104299,0.045705,0.070283,0.088467,0.081784,0.120365,0.071639,0.032099,0.039539,0.039204,0.061246,0.035809
NA,sub-jgrAesISOc11R1L_ses-1,1,Awake_Rest,F,NA,NA,NA,NA,NA,NA,NA,iso,NA,n,NA,NA,NA,NA,NA,0.063169,0.061331,0.097759,0.076718,0.065275,0.100107,0.113195,0.046413,0.098804,0.096385,0.108224,0.108031,0.06443,0.049332,0.064764,0.056861,0.092228,0.030689
NA,sub-jgrAesISOc11R1L_ses-1,1,Awake_Rest,F,NA,NA,NA,NA,NA,NA,NA,iso,NA,n,NA,NA,NA,NA,NA,0.051881,0.073648,0.052442,0.072623,0.042181,0.069156,0.082257,0.044435,0.07692,0.079638,0.082706,0.077073,0.040702,0.045578,0.055802,0.045442,0.065313,0.043739
NA,sub-jgrAesISOc11R1L_ses-2,2,Awake_Rest,F,NA,NA,NA,NA,NA,NA,NA,iso,NA,n,NA,NA,NA,NA,NA,0.064346,0.110353,0.080745,0.082639,0.044454,0.071581,0.099134,0.079265,0.103762,0.095516,0.096697,0.087767,0.080349,0.074237,0.109685,0.049735,0.071126,0.033422
NA,sub-jgrAesISOc11R1L_ses-2,2,Awake_Rest,F,NA,NA,NA,NA,NA,NA,NA,iso,NA,n,NA,NA,NA,NA,NA,0.040742,0.079044,0.07517,0.080508,0.056402,0.067196,0.130252,0.056401,0.088981,0.046997,0.089633,0.052301,0.064223,0.062527,0.073335,0.06859,0.053064,0.053472
NA,sub-jgrAesISOc11R1L_ses-2,2,Awake_Rest,F,NA,NA,NA,NA,NA,NA,NA,iso,NA,n,NA,NA,NA,NA,NA,0.037137,0.11395,0.10162,0.076309,0.090095,0.112402,0.109725,0.042271,0.073949,0.061037,0.077661,0.072539,0.049456,0.056761,0.068577,0.05982,0.065392,0.028613
NA,sub-jgrAesISOc11R_ses-1,1,Awake_Rest,F,NA,NA,NA,NA,NA,NA,NA,iso,NA,n,NA,NA,NA,NA,NA,0.054259,0.086697,0.087702,0.093919,0.066603,0.095574,0.038123,0.069022,0.07737,0.026224,0.071593,0.061136,0.060936,0.054576,0.053601,0.07117,0.043659,0.041998
NA,sub-jgrAesISOc11R_ses-1,1,Awake_Rest,F,NA,NA,NA,NA,NA,NA,NA,iso,NA,n,NA,NA,NA,NA,NA,0.066071,0.061064,0.080204,0.088755,0.030716,0.071066,0.069674,0.038935,0.048323,0.07293,0.052521,0.046936,0.050858,0.046782,0.05444,0.038438,0.043938,0.039762
NA,sub-jgrAesISOc11R_ses-1,1,Awake_Rest,F,NA,NA,NA,NA,NA,NA,NA,iso,NA,n,NA,NA,NA,NA,NA,0.033323,0.062792,0.064898,0.050127,0.055441,0.053923,0.044912,0.033361,0.041851,0.035353,0.032807,0.072575,0.042149,0.033673,0.041449,0.042133,0.047991,0.041395
NA,sub-jgrAesISOc11R_ses-2,2,Awake_Rest,F,NA,NA,NA,NA,NA,NA,NA,iso,NA,n,NA,NA,NA,NA,NA,0.081951,0.05655,0.097641,0.069814,0.041994,0.069117,0.096301,0.061701,0.039846,0.073467,0.089805,0.073187,0.024991,0.029634,0.056761,0.073697,0.062388,0.027208
NA,sub-jgrAesISOc11R_ses-2,2,Awake_Rest,F,NA,NA,NA,NA,NA,NA,NA,iso,NA,n,NA,NA,NA,NA,NA,0.040659,0.048578,0.063483,0.045661,0.040353,0.038929,0.084707,0.044693,0.054962,0.071723,0.078137,0.051425,0.053567,0.025883,0.026651,0.027887,0.043434,0.021933
NA,sub-jgrAesISOc11R_ses-2,2,Awake_Rest,F,NA,NA,NA,NA,NA,NA,NA,iso,NA,n,NA,NA,NA,NA,NA,0.045196,0.043115,0.045391,0.03184,0.034805,0.032531,0.057971,0.037589,0.025593,0.024652,0.033255,0.040797,0.036055,0.018213,0.039968,0.034493,0.048846,0.022192
NA,sub-jgrAesISOc12R_ses-1,1,Awake_Rest,F,NA,NA,NA,NA,NA,NA,NA,iso,NA,n,NA,NA,NA,NA,NA,0.048094,0.04422,0.078068,0.069833,0.053773,0.050605,0.075148,0.056325,0.035744,0.042911,0.046812,0.07163,0.044544,0.029874,0.03495,0.025422,0.037693,0.029802
NA,sub-jgrAesISOc12R_ses-1,1,Awake_Rest,F,NA,NA,NA,NA,NA,NA,NA,iso,NA,n,NA,NA,NA,NA,NA,0.055673,0.040172,0.053568,0.042374,0.043937,0.0549,0.065345,0.044593,0.039,0.044213,0.059339,0.071403,0.036072,0.027502,0.031426,0.032954,0.04108,0.022529
NA,sub-jgrAesISOc12R_ses-1,1,Awake_Rest,F,NA,NA,NA,NA,NA,NA,NA,iso,NA,n,NA,NA,NA,NA,NA,0.048623,0.062202,0.063559,0.054059,0.042595,0.067758,0.050893,0.042385,0.048197,0.02092,0.060533,0.037045,0.024093,0.036474,0.034203,0.028577,0.048691,0.033143
NA,sub-jgrAesISOc12R_ses-2,2,Awake_Rest,F,NA,NA,NA,NA,NA,NA,NA,iso,NA,n,NA,NA,NA,NA,NA,0.042642,0.050104,0.095984,0.04829,0.063994,0.074989,0.043406,0.038695,0.043291,0.037601,0.032975,0.042401,0.034846,0.015556,0.037264,0.044454,0.037158,0.026777
NA,sub-jgrAesISOc12R_ses-2,2,Awake_Rest,F,NA,NA,NA,NA,NA,NA,NA,iso,NA,n,NA,NA,NA,NA,NA,0.047412,0.058664,0.085178,0.036531,0.058569,0.070991,0.072428,0.035749,0.044827,0.024286,0.081383,0.046918,0.039994,0.043932,0.038816,0.054833,0.050405,0.046103
NA,sub-jgrAesISOc12R_ses-2,2,Awake_Rest,F,NA,NA,NA,NA,NA,NA,NA,iso,NA,n,NA,NA,NA,NA,NA,0.04961,0.059657,0.03918,0.042654,0.050019,0.021883,0.04123,0.027719,0.039314,0.024143,0.048715,0.045315,0.036458,0.024078,0.033939,0.047428,0.047002,0.033669
NA,sub-jgrAesISOc1NT_ses-1,1,Awake_Rest,F,NA,NA,NA,NA,NA,NA,NA,iso,NA,n,NA,NA,NA,NA,NA,0.07072,0.138156,0.14296,0.125965,0.061122,0.082169,0.092533,0.084457,0.07247,0.065678,0.10061,0.112418,0.077842,0.065487,0.075862,0.088373,0.099727,0.068149
NA,sub-jgrAesISOc1NT_ses-1,1,Awake_Rest,F,NA,NA,NA,NA,NA,NA,NA,iso,NA,n,NA,NA,NA,NA,NA,0.064848,0.110054,0.121171,0.09863,0.087784,0.080803,0.101324,0.061544,0.090434,0.089594,0.11774,0.070743,0.063192,0.061487,0.057167,0.040525,0.079767,0.031425
NA,sub-jgrAesISOc1NT_ses-1,1,Awake_Rest,F,NA,NA,NA,NA,NA,NA,NA,iso,NA,n,NA,NA,NA,NA,NA,0.062204,0.152259,0.156987,0.11012,0.090162,0.123735,0.109097,0.036281,0.073654,0.092354,0.107297,0.065347,0.091512,0.105526,0.06906,0.074252,0.081881,0.065061
NA,sub-jgrAesISOc1NT_ses-2,2,Awake_Rest,F,NA,NA,NA,NA,NA,NA,NA,iso,NA,n,NA,NA,NA,NA,NA,0.042079,0.058212,0.042827,0.041976,0.039893,0.044142,0.082606,0.051463,0.062614,0.042879,0.055554,0.066803,0.048453,0.037095,0.051428,0.038642,0.046426,0.029037
NA,sub-jgrAesISOc1NT_ses-2,2,Awake_Rest,F,NA,NA,NA,NA,NA,NA,NA,iso,NA,n,NA,NA,NA,NA,NA,0.048965,0.037174,0.092083,0.056378,0.03888,0.054336,0.058974,0.027013,0.047518,0.021761,0.045576,0.066721,0.045737,0.043129,0.05947,0.03801,0.052218,0.048713
NA,sub-jgrAesISOc1NT_ses-2,2,Awake_Rest,F,NA,NA,NA,NA,NA,NA,NA,iso,NA,n,NA,NA,NA,NA,NA,0.041484,0.038633,0.063314,0.048212,0.059341,0.044103,0.069228,0.037835,0.05462,0.031597,0.041848,0.050693,0.03484,0.032269,0.053481,0.052312,0.033579,0.035024
NA,sub-jgrAesISOc21L_ses-1,1,Awake_Rest,F,NA,NA,NA,NA,NA,NA,NA,iso,NA,n,NA,NA,NA,NA,NA,0.038126,0.047323,0.032676,0.065139,0.030914,0.036187,0.09836,0.043492,0.051985,0.054189,0.05504,0.060435,0.072441,0.026997,0.052058,0.031473,0.044456,0.032604
NA,sub-jgrAesISOc21L_ses-1,1,Awake_Rest,F,NA,NA,NA,NA,NA,NA,NA,iso,NA,n,NA,NA,NA,NA,NA,0.037441,0.05406,0.044604,0.051888,0.036483,0.038087,0.086761,0.035426,0.053409,0.033835,0.044641,0.044989,0.054881,0.033448,0.06495,0.033714,0.039889,0.025013
NA,sub-jgrAesISOc21L_ses-1,1,Awake_Rest,F,NA,NA,NA,NA,NA,NA,NA,iso,NA,n,NA,NA,NA,NA,NA,0.037577,0.048884,0.031064,0.044523,0.041083,0.034262,0.087579,0.037698,0.057088,0.046902,0.056509,0.051871,0.071285,0.030011,0.045677,0.035035,0.038921,0.021919
NA,sub-jgrAesISOc21L_ses-2,2,Awake_Rest,F,NA,NA,NA,NA,NA,NA,NA,iso,NA,n,NA,NA,NA,NA,NA,0.074826,0.131974,0.204909,0.108228,0.102158,0.139188,0.142834,0.076465,0.146381,0.134917,0.187994,0.063931,0.103853,0.061613,0.103687,0.06767,0.118584,0.032639
NA,sub-jgrAesISOc21L_ses-2,2,Awake_Rest,F,NA,NA,NA,NA,NA,NA,NA,iso,NA,n,NA,NA,NA,NA,NA,0.149581,0.152791,0.19845,0.090064,0.087567,0.108706,0.10603,0.096029,0.102687,0.100058,0.167765,0.082272,0.069119,0.074772,0.075344,0.085709,0.062705,0.060789
NA,sub-jgrAesISOc21L_ses-2,2,Awake_Rest,F,NA,NA,NA,NA,NA,NA,NA,iso,NA,n,NA,NA,NA,NA,NA,0.070503,0.104729,0.121986,0.050058,0.077146,0.058665,0.085762,0.035306,0.056527,0.023597,0.091874,0.049109,0.049475,0.042889,0.046159,0.028708,0.060962,0.038841
NA,sub-jgrAesISOc21R1L_ses-1,1,Awake_Rest,F,NA,NA,NA,NA,NA,NA,NA,iso,NA,n,NA,NA,NA,NA,NA,0.076599,0.1011,0.096219,0.087653,0.057782,0.115185,0.122815,0.068275,0.054884,0.098095,0.08263,0.071579,0.06652,0.044999,0.065489,0.070179,0.057526,0.034321
NA,sub-jgrAesISOc21R1L_ses-1,1,Awake_Rest,F,NA,NA,NA,NA,NA,NA,NA,iso,NA,n,NA,NA,NA,NA,NA,0.061975,0.052094,0.086047,0.05119,0.06553,0.058675,0.096767,0.042951,0.064671,0.041941,0.056665,0.060287,0.058571,0.027156,0.047312,0.035777,0.048493,0.057472
NA,sub-jgrAesISOc21R1L_ses-1,1,Awake_Rest,F,NA,NA,NA,NA,NA,NA,NA,iso,NA,n,NA,NA,NA,NA,NA,0.061815,0.06705,0.116549,0.061493,0.057962,0.066817,0.120356,0.040109,0.075664,0.061418,0.087374,0.056989,0.064158,0.028828,0.04922,0.060866,0.068372,0.027424
NA,sub-jgrAesISOc21R1L_ses-2,2,Awake_Rest,F,NA,NA,NA,NA,NA,NA,NA,iso,NA,n,NA,NA,NA,NA,NA,0.063725,0.124291,0.136567,0.070563,0.080251,0.11199,0.045338,0.036653,0.059501,0.031761,0.051312,0.068653,0.039684,0.048998,0.078862,0.037808,0.046847,0.035339
NA,sub-jgrAesISOc21R1L_ses-2,2,Awake_Rest,F,NA,NA,NA,NA,NA,NA,NA,iso,NA,n,NA,NA,NA,NA,NA,0.055255,0.071976,0.091258,0.041168,0.074913,0.084169,0.064262,0.050915,0.061707,0.037419,0.05064,0.058444,0.041644,0.027212,0.060515,0.038602,0.051298,0.032088
NA,sub-jgrAesISOc21R1L_ses-2,2,Awake_Rest,F,NA,NA,NA,NA,NA,NA,NA,iso,NA,n,NA,NA,NA,NA,NA,0.030994,0.048113,0.079795,0.05653,0.053235,0.064177,0.059625,0.046433,0.047507,0.029397,0.056632,0.065788,0.043248,0.039649,0.06311,0.042517,0.059476,0.036319
NA,sub-jgrAesISOc21R_ses-1,1,Awake_Rest,F,NA,NA,NA,NA,NA,NA,NA,iso,NA,n,NA,NA,NA,NA,NA,0.064237,0.051998,0.055428,0.03748,0.033463,0.028882,0.090579,0.060328,0.067338,0.027545,0.039656,0.074614,0.038787,0.036259,0.046757,0.048074,0.04873,0.044062
NA,sub-jgrAesISOc21R_ses-1,1,Awake_Rest,F,NA,NA,NA,NA,NA,NA,NA,iso,NA,n,NA,NA,NA,NA,NA,0.04903,0.056149,0.101382,0.043169,0.048855,0.046587,0.061341,0.031459,0.045137,0.031261,0.041605,0.044859,0.051336,0.041046,0.045759,0.054835,0.049025,0.028028
NA,sub-jgrAesISOc21R_ses-1,1,Awake_Rest,F,NA,NA,NA,NA,NA,NA,NA,iso,NA,n,NA,NA,NA,NA,NA,0.041685,0.029702,0.052123,0.046901,0.038343,0.052414,0.077069,0.036533,0.032554,0.038215,0.033386,0.031836,0.045219,0.024449,0.04434,0.041418,0.048198,0.026113
NA,sub-jgrAesISOc21R_ses-2,2,Awake_Rest,F,NA,NA,NA,NA,NA,NA,NA,iso,NA,n,NA,NA,NA,NA,NA,0.056133,0.112959,0.13731,0.090828,0.091329,0.064555,0.123054,0.101101,0.082509,0.119137,0.065637,0.075818,0.072799,0.078498,0.091204,0.04801,0.056259,0.027262
NA,sub-jgrAesISOc21R_ses-2,2,Awake_Rest,F,NA,NA,NA,NA,NA,NA,NA,iso,NA,n,NA,NA,NA,NA,NA,0.042097,0.081175,0.081246,0.086605,0.062772,0.066463,0.103417,0.084782,0.049007,0.085824,0.08075,0.068251,0.053461,0.037321,0.05596,0.044245,0.058437,0.029737
NA,sub-jgrAesISOc21R_ses-2,2,Awake_Rest,F,NA,NA,NA,NA,NA,NA,NA,iso,NA,n,NA,NA,NA,NA,NA,0.052441,0.06584,0.100678,0.053803,0.079188,0.082764,0.117416,0.053128,0.061789,0.084986,0.068756,0.084508,0.069229,0.036916,0.035379,0.038948,0.055584,0.019207
NA,sub-jgrAesISOc22R_ses-1,1,Awake_Rest,F,NA,NA,NA,NA,NA,NA,NA,iso,NA,n,NA,NA,NA,NA,NA,0.054609,0.03644,0.066701,0.057994,0.059159,0.06279,0.073551,0.055253,0.051294,0.040256,0.089952,0.055043,0.055517,0.041102,0.049752,0.041017,0.043359,0.03195
NA,sub-jgrAesISOc22R_ses-1,1,Awake_Rest,F,NA,NA,NA,NA,NA,NA,NA,iso,NA,n,NA,NA,NA,NA,NA,0.047766,0.064347,0.101445,0.08013,0.116122,0.107419,0.100507,0.05548,0.067788,0.058533,0.086669,0.054096,0.047442,0.048916,0.05041,0.049946,0.057184,0.029836
NA,sub-jgrAesISOc22R_ses-1,1,Awake_Rest,F,NA,NA,NA,NA,NA,NA,NA,iso,NA,n,NA,NA,NA,NA,NA,0.082616,0.037382,0.201944,0.099056,0.082207,0.116926,0.091625,0.043859,0.056454,0.04122,0.091223,0.056931,0.060723,0.076672,0.065058,0.033884,0.038959,0.029789
NA,sub-jgrAesISOc22R_ses-2,2,Awake_Rest,F,NA,NA,NA,NA,NA,NA,NA,iso,NA,n,NA,NA,NA,NA,NA,0.134071,0.099884,0.139352,0.191436,0.073797,0.148787,0.237674,0.122793,0.100639,0.12305,0.235713,0.151943,0.106817,0.092047,0.071545,0.138472,0.078726,0.062798
NA,sub-jgrAesISOc22R_ses-2,2,Awake_Rest,F,NA,NA,NA,NA,NA,NA,NA,iso,NA,n,NA,NA,NA,NA,NA,0.046757,0.05662,0.104652,0.038768,0.062073,0.069201,0.096951,0.034775,0.052703,0.034227,0.076561,0.048698,0.069227,0.03137,0.047991,0.048698,0.041866,0.049343
NA,sub-jgrAesISOc22R_ses-2,2,Awake_Rest,F,NA,NA,NA,NA,NA,NA,NA,iso,NA,n,NA,NA,NA,NA,NA,0.055584,0.0507,0.06683,0.051588,0.046708,0.068215,0.102844,0.06788,0.053037,0.026232,0.066448,0.078323,0.043481,0.0341,0.046591,0.034704,0.052683,0.05383
NA,sub-jgrAesISOc2NT_ses-1,1,Awake_Rest,F,NA,NA,NA,NA,NA,NA,NA,iso,NA,n,NA,NA,NA,NA,NA,0.0804,0.081874,0.110741,0.1005,0.082967,0.096812,0.100425,0.122846,0.074615,0.11487,0.091731,0.125254,0.089092,0.050375,0.059733,0.0678,0.076072,0.0481
NA,sub-jgrAesISOc2NT_ses-1,1,Awake_Rest,F,NA,NA,NA,NA,NA,NA,NA,iso,NA,n,NA,NA,NA,NA,NA,0.061096,0.066107,0.137733,0.072306,0.062328,0.081626,0.10928,0.072755,0.093922,0.051482,0.065294,0.068689,0.083308,0.028916,0.051653,0.046356,0.056625,0.037188
NA,sub-jgrAesISOc2NT_ses-1,1,Awake_Rest,F,NA,NA,NA,NA,NA,NA,NA,iso,NA,n,NA,NA,NA,NA,NA,0.046613,0.051772,0.104183,0.054433,0.070455,0.054168,0.071956,0.064805,0.052115,0.051398,0.052765,0.035838,0.039226,0.04207,0.050884,0.04105,0.074123,0.039555
NA,sub-jgrAesISOc2NT_ses-2,2,Awake_Rest,F,NA,NA,NA,NA,NA,NA,NA,iso,NA,n,NA,NA,NA,NA,NA,0.183883,0.15001,0.403201,0.154655,0.145779,0.09338,0.105164,0.238762,0.223906,0.099677,0.149096,0.088207,0.107405,0.108034,0.124084,0.166511,0.148126,0.18679
NA,sub-jgrAesISOc2NT_ses-2,2,Awake_Rest,F,NA,NA,NA,NA,NA,NA,NA,iso,NA,n,NA,NA,NA,NA,NA,0.05423,0.05961,0.100853,0.052868,0.048567,0.077222,0.067766,0.038738,0.055782,0.031263,0.048473,0.054945,0.046869,0.060592,0.044388,0.045001,0.048601,0.042102
NA,sub-jgrAesISOc2NT_ses-2,2,Awake_Rest,F,NA,NA,NA,NA,NA,NA,NA,iso,NA,n,NA,NA,NA,NA,NA,0.054608,0.076873,0.12989,0.089194,0.047403,0.083516,0.110217,0.067244,0.050035,0.067783,0.062899,0.065935,0.048218,0.0497,0.062152,0.041513,0.064273,0.043505
NA,sub-jgrAesMEDISOc11L_ses-2,2,Awake_Rest,F,NA,NA,NA,NA,NA,NA,NA,mediso,NA,n,NA,NA,NA,NA,NA,0.093884,0.102502,0.076059,0.070058,0.053584,0.058705,0.086222,0.058307,0.058844,0.047201,0.045153,0.040223,0.051256,0.053036,0.087314,0.047339,0.034175,0.040381
NA,sub-jgrAesMEDISOc11L_ses-2,2,Awake_Rest,F,NA,NA,NA,NA,NA,NA,NA,mediso,NA,n,NA,NA,NA,NA,NA,0.094361,0.079305,0.083212,0.050615,0.037348,0.041774,0.059464,0.062402,0.030383,0.041293,0.027222,0.051201,0.056797,0.041995,0.055567,0.040378,0.037749,0.036665
NA,sub-jgrAesMEDISOc11L_ses-2,2,Awake_Rest,F,NA,NA,NA,NA,NA,NA,NA,mediso,NA,n,NA,NA,NA,NA,NA,0.068606,0.077025,0.077187,0.046371,0.041179,0.036324,0.072049,0.074041,0.058334,0.039366,0.054681,0.053638,0.041,0.031018,0.046354,0.045239,0.03939,0.023819
NA,sub-jgrAesMEDISOc11R1L_ses-1,1,Awake_Rest,F,NA,NA,NA,NA,NA,NA,NA,mediso,NA,n,NA,NA,NA,NA,NA,0.066386,0.080391,0.061726,0.041741,0.034769,0.053683,0.078276,0.066731,0.06261,0.041724,0.04284,0.049542,0.045866,0.044762,0.047925,0.03104,0.035202,0.030619
NA,sub-jgrAesMEDISOc11R1L_ses-1,1,Awake_Rest,F,NA,NA,NA,NA,NA,NA,NA,mediso,NA,n,NA,NA,NA,NA,NA,0.08037,0.090018,0.079702,0.054864,0.046283,0.044277,0.072408,0.065213,0.04646,0.042505,0.05005,0.046784,0.043073,0.047048,0.04705,0.050251,0.026959,0.033625
NA,sub-jgrAesMEDISOc11R1L_ses-1,1,Awake_Rest,F,NA,NA,NA,NA,NA,NA,NA,mediso,NA,n,NA,NA,NA,NA,NA,0.065416,0.0737,0.09942,0.05018,0.046173,0.045817,0.07447,0.065228,0.053057,0.042534,0.039936,0.046599,0.033467,0.04126,0.040155,0.032445,0.027941,0.027373
NA,sub-jgrAesMEDISOc11R1L_ses-2,2,Awake_Rest,F,NA,NA,NA,NA,NA,NA,NA,mediso,NA,n,NA,NA,NA,NA,NA,0.077645,0.082783,0.052732,0.055253,0.040406,0.032531,0.059668,0.056514,0.046658,0.051335,0.039465,0.049145,0.036429,0.026799,0.050326,0.035024,0.02276,0.026636
NA,sub-jgrAesMEDISOc11R1L_ses-2,2,Awake_Rest,F,NA,NA,NA,NA,NA,NA,NA,mediso,NA,n,NA,NA,NA,NA,NA,0.057948,0.06176,0.051321,0.044254,0.038524,0.041665,0.066248,0.053627,0.039039,0.034083,0.042601,0.05055,0.049352,0.038196,0.03929,0.030164,0.03856,0.030691
NA,sub-jgrAesMEDISOc11R1L_ses-2,2,Awake_Rest,F,NA,NA,NA,NA,NA,NA,NA,mediso,NA,n,NA,NA,NA,NA,NA,0.061666,0.108274,0.067299,0.051032,0.031446,0.048153,0.086385,0.079039,0.064935,0.042838,0.038118,0.048274,0.051861,0.045181,0.047023,0.031649,0.037284,0.031746
NA,sub-jgrAesMEDISOc11R_ses-1,1,Awake_Rest,F,NA,NA,NA,NA,NA,NA,NA,mediso,NA,n,NA,NA,NA,NA,NA,0.047309,0.13253,0.174471,0.07219,0.073612,0.083654,0.062027,0.044382,0.03862,0.054203,0.053025,0.048842,0.069601,0.057512,0.066976,0.0274,0.035614,0.024713
NA,sub-jgrAesMEDISOc11R_ses-1,1,Awake_Rest,F,NA,NA,NA,NA,NA,NA,NA,mediso,NA,n,NA,NA,NA,NA,NA,0.156551,0.214565,0.144428,0.260328,0.159593,0.150386,0.306966,0.165367,0.167145,0.145635,0.158139,0.162971,0.10406,0.146138,0.139779,0.218581,0.176133,0.105182
NA,sub-jgrAesMEDISOc11R_ses-1,1,Awake_Rest,F,NA,NA,NA,NA,NA,NA,NA,mediso,NA,n,NA,NA,NA,NA,NA,0.077505,0.161389,0.130192,0.067091,0.066919,0.065201,0.092716,0.040333,0.075941,0.054704,0.071378,0.056262,0.05208,0.03946,0.056964,0.051045,0.03557,0.03101
NA,sub-jgrAesMEDISOc11R_ses-2,2,Awake_Rest,F,NA,NA,NA,NA,NA,NA,NA,mediso,NA,n,NA,NA,NA,NA,NA,0.045631,0.073478,0.069281,0.029862,0.020574,0.033177,0.064232,0.079875,0.043582,0.045765,0.045338,0.052283,0.044688,0.031075,0.046632,0.029671,0.026539,0.033918
NA,sub-jgrAesMEDISOc11R_ses-2,2,Awake_Rest,F,NA,NA,NA,NA,NA,NA,NA,mediso,NA,n,NA,NA,NA,NA,NA,0.052017,0.087399,0.081498,0.056685,0.027648,0.034446,0.100535,0.074572,0.040269,0.049232,0.049459,0.04945,0.034597,0.049378,0.046872,0.034963,0.041833,0.019732
NA,sub-jgrAesMEDISOc11R_ses-2,2,Awake_Rest,F,NA,NA,NA,NA,NA,NA,NA,mediso,NA,n,NA,NA,NA,NA,NA,0.049813,0.111239,0.08335,0.065422,0.028045,0.050882,0.062565,0.067841,0.053924,0.044516,0.054266,0.044253,0.036672,0.023427,0.04673,0.034361,0.034602,0.027272
NA,sub-jgrAesMEDISOc12R_ses-1,1,Awake_Rest,F,NA,NA,NA,NA,NA,NA,NA,mediso,NA,n,NA,NA,NA,NA,NA,0.090812,0.082611,0.12204,0.081853,0.04417,0.069593,0.087502,0.062583,0.061947,0.055478,0.064077,0.062002,0.051263,0.027616,0.044211,0.067832,0.04079,0.029599
NA,sub-jgrAesMEDISOc12R_ses-1,1,Awake_Rest,F,NA,NA,NA,NA,NA,NA,NA,mediso,NA,n,NA,NA,NA,NA,NA,0.099209,0.127154,0.11373,0.07502,0.061974,0.064735,0.076641,0.08392,0.065501,0.050168,0.052376,0.088269,0.038851,0.051948,0.06961,0.056423,0.043211,0.02877
NA,sub-jgrAesMEDISOc12R_ses-1,1,Awake_Rest,F,NA,NA,NA,NA,NA,NA,NA,mediso,NA,n,NA,NA,NA,NA,NA,0.072737,0.081482,0.159798,0.080161,0.049661,0.059921,0.078784,0.07299,0.073278,0.063667,0.05235,0.096365,0.04673,0.066832,0.051261,0.03979,0.044573,0.030261
NA,sub-jgrAesMEDISOc12R_ses-2,2,Awake_Rest,F,NA,NA,NA,NA,NA,NA,NA,mediso,NA,n,NA,NA,NA,NA,NA,0.042216,0.084785,0.079677,0.043139,0.061806,0.065002,0.071693,0.031765,0.043561,0.028788,0.037387,0.042274,0.034907,0.03321,0.059886,0.027031,0.02774,0.02949
NA,sub-jgrAesMEDISOc12R_ses-2,2,Awake_Rest,F,NA,NA,NA,NA,NA,NA,NA,mediso,NA,n,NA,NA,NA,NA,NA,0.056619,0.078412,0.08154,0.037547,0.033334,0.062188,0.066377,0.021287,0.049253,0.036927,0.03857,0.049173,0.045684,0.03987,0.050141,0.02488,0.039391,0.02472
NA,sub-jgrAesMEDISOc12R_ses-2,2,Awake_Rest,F,NA,NA,NA,NA,NA,NA,NA,mediso,NA,n,NA,NA,NA,NA,NA,0.05379,0.09245,0.097002,0.040069,0.032633,0.050729,0.042217,0.042511,0.043661,0.034253,0.040294,0.04378,0.053088,0.036378,0.052358,0.024821,0.033372,0.041519
NA,sub-jgrAesMEDISOc1NT_ses-1,1,Awake_Rest,F,NA,NA,NA,NA,NA,NA,NA,mediso,NA,n,NA,NA,NA,NA,NA,0.073118,0.06799,0.069954,0.049086,0.03216,0.038252,0.062954,0.079822,0.044075,0.055016,0.042037,0.052748,0.037019,0.039572,0.050639,0.037245,0.021894,0.024038
NA,sub-jgrAesMEDISOc1NT_ses-1,1,Awake_Rest,F,NA,NA,NA,NA,NA,NA,NA,mediso,NA,n,NA,NA,NA,NA,NA,0.068765,0.123296,0.069402,0.033711,0.041512,0.050133,0.076601,0.066711,0.055408,0.062418,0.044017,0.053826,0.04249,0.037138,0.045872,0.053645,0.044011,0.029991
NA,sub-jgrAesMEDISOc1NT_ses-1,1,Awake_Rest,F,NA,NA,NA,NA,NA,NA,NA,mediso,NA,n,NA,NA,NA,NA,NA,0.085733,0.061917,0.06939,0.075115,0.032173,0.045893,0.076017,0.051669,0.062539,0.056113,0.064644,0.061962,0.040922,0.031669,0.058594,0.042302,0.035146,0.035481
NA,sub-jgrAesMEDISOc1NT_ses-2,2,Awake_Rest,F,NA,NA,NA,NA,NA,NA,NA,mediso,NA,n,NA,NA,NA,NA,NA,0.100938,0.108258,0.063044,0.064028,0.036532,0.053,0.06216,0.051234,0.060551,0.04759,0.047643,0.077293,0.048964,0.03665,0.098672,0.070259,0.033425,0.026147
NA,sub-jgrAesMEDISOc1NT_ses-2,2,Awake_Rest,F,NA,NA,NA,NA,NA,NA,NA,mediso,NA,n,NA,NA,NA,NA,NA,0.084315,0.085739,0.091012,0.051866,0.045923,0.045863,0.08195,0.068912,0.055172,0.053041,0.029918,0.041947,0.0598,0.05217,0.057911,0.061071,0.040068,0.03866
NA,sub-jgrAesMEDISOc1NT_ses-2,2,Awake_Rest,F,NA,NA,NA,NA,NA,NA,NA,mediso,NA,n,NA,NA,NA,NA,NA,0.078666,0.111829,0.090026,0.050288,0.052006,0.050044,0.070146,0.07571,0.069928,0.058754,0.043046,0.044114,0.042785,0.036455,0.04852,0.034876,0.024772,0.039163
NA,sub-jgrAesMEDISOc21L_ses-1,1,Awake_Rest,F,NA,NA,NA,NA,NA,NA,NA,mediso,NA,n,NA,NA,NA,NA,NA,0.105066,0.066627,0.081901,0.055203,0.032365,0.043612,0.059219,0.067515,0.048934,0.05147,0.046428,0.051402,0.046365,0.037836,0.045392,0.026612,0.025916,0.037036
NA,sub-jgrAesMEDISOc21L_ses-1,1,Awake_Rest,F,NA,NA,NA,NA,NA,NA,NA,mediso,NA,n,NA,NA,NA,NA,NA,0.087829,0.071553,0.064978,0.040592,0.032036,0.059154,0.073517,0.08685,0.04391,0.0498,0.041594,0.064302,0.030866,0.039,0.059192,0.042177,0.026539,0.030578
NA,sub-jgrAesMEDISOc21L_ses-1,1,Awake_Rest,F,NA,NA,NA,NA,NA,NA,NA,mediso,NA,n,NA,NA,NA,NA,NA,0.095343,0.070505,0.079998,0.079976,0.036285,0.064209,0.087831,0.046464,0.049509,0.052453,0.053338,0.049166,0.045864,0.034553,0.053996,0.049111,0.03448,0.033721
NA,sub-jgrAesMEDISOc21L_ses-2,2,Awake_Rest,F,NA,NA,NA,NA,NA,NA,NA,mediso,NA,n,NA,NA,NA,NA,NA,0.08304,0.081302,0.122541,0.046921,0.054921,0.07561,0.062385,0.06717,0.052071,0.050036,0.050192,0.057825,0.033633,0.065453,0.059242,0.044779,0.035125,0.024385
NA,sub-jgrAesMEDISOc21L_ses-2,2,Awake_Rest,F,NA,NA,NA,NA,NA,NA,NA,mediso,NA,n,NA,NA,NA,NA,NA,0.066712,0.062005,0.083925,0.045606,0.0366,0.071694,0.092964,0.093063,0.053996,0.042332,0.037893,0.053295,0.040867,0.03959,0.049072,0.047527,0.029635,0.031736
NA,sub-jgrAesMEDISOc21L_ses-2,2,Awake_Rest,F,NA,NA,NA,NA,NA,NA,NA,mediso,NA,n,NA,NA,NA,NA,NA,0.08116,0.065128,0.083808,0.052742,0.034406,0.065017,0.073612,0.052848,0.04418,0.054164,0.04648,0.061671,0.04014,0.032743,0.030631,0.038798,0.045937,0.019639
NA,sub-jgrAesMEDISOc21R1L_ses-1,1,Awake_Rest,F,NA,NA,NA,NA,NA,NA,NA,mediso,NA,n,NA,NA,NA,NA,NA,0.080748,0.136704,0.163893,0.093763,0.069775,0.111755,0.097577,0.09807,0.080407,0.092049,0.042494,0.080519,0.047506,0.04466,0.058857,0.041756,0.04199,0.031294
NA,sub-jgrAesMEDISOc21R1L_ses-1,1,Awake_Rest,F,NA,NA,NA,NA,NA,NA,NA,mediso,NA,n,NA,NA,NA,NA,NA,0.044814,0.066875,0.074025,0.054036,0.058926,0.080586,0.047469,0.033655,0.041851,0.017296,0.029532,0.027301,0.039269,0.056648,0.051396,0.03246,0.039409,0.028092
NA,sub-jgrAesMEDISOc21R1L_ses-1,1,Awake_Rest,F,NA,NA,NA,NA,NA,NA,NA,mediso,NA,n,NA,NA,NA,NA,NA,0.121115,0.148184,0.136216,0.119553,0.121914,0.131436,0.120378,0.078757,0.107719,0.077324,0.11278,0.124576,0.079711,0.068344,0.07435,0.08498,0.144738,0.037761
NA,sub-jgrAesMEDISOc21R1L_ses-2,2,Awake_Rest,F,NA,NA,NA,NA,NA,NA,NA,mediso,NA,n,NA,NA,NA,NA,NA,0.045883,0.049964,0.066533,0.041621,0.042425,0.041243,0.06504,0.071925,0.047697,0.039601,0.03985,0.045399,0.041614,0.029364,0.043928,0.026346,0.029037,0.020663
NA,sub-jgrAesMEDISOc21R1L_ses-2,2,Awake_Rest,F,NA,NA,NA,NA,NA,NA,NA,mediso,NA,n,NA,NA,NA,NA,NA,0.073542,0.053751,0.057186,0.052094,0.033308,0.041549,0.065017,0.066555,0.051639,0.04565,0.049741,0.046544,0.049258,0.031177,0.039706,0.028595,0.035175,0.030217
NA,sub-jgrAesMEDISOc21R1L_ses-2,2,Awake_Rest,F,NA,NA,NA,NA,NA,NA,NA,mediso,NA,n,NA,NA,NA,NA,NA,0.058101,0.062614,0.070286,0.05898,0.050781,0.037039,0.06964,0.036359,0.042594,0.034712,0.039453,0.031317,0.046385,0.051489,0.047881,0.027569,0.029981,0.025276
NA,sub-jgrAesMEDISOc21R_ses-1,1,Awake_Rest,F,NA,NA,NA,NA,NA,NA,NA,mediso,NA,n,NA,NA,NA,NA,NA,0.068624,0.054789,0.057553,0.051392,0.033386,0.049356,0.072375,0.048758,0.037804,0.040095,0.039401,0.040431,0.041938,0.035451,0.043712,0.027391,0.035796,0.025332
NA,sub-jgrAesMEDISOc21R_ses-1,1,Awake_Rest,F,NA,NA,NA,NA,NA,NA,NA,mediso,NA,n,NA,NA,NA,NA,NA,0.047428,0.06174,0.088259,0.056978,0.072262,0.050886,0.051048,0.051483,0.030818,0.037215,0.035351,0.037089,0.043217,0.060845,0.036114,0.028061,0.032232,0.021406
NA,sub-jgrAesMEDISOc21R_ses-1,1,Awake_Rest,F,NA,NA,NA,NA,NA,NA,NA,mediso,NA,n,NA,NA,NA,NA,NA,0.048609,0.053467,0.044189,0.063251,0.0493,0.038916,0.070878,0.040591,0.032885,0.053747,0.038263,0.043517,0.029951,0.035151,0.02987,0.029609,0.026919,0.0232
NA,sub-jgrAesMEDISOc21R_ses-2,2,Awake_Rest,F,NA,NA,NA,NA,NA,NA,NA,mediso,NA,n,NA,NA,NA,NA,NA,0.065888,0.055816,0.064011,0.024839,0.031368,0.046432,0.04272,0.023718,0.032999,0.030895,0.038652,0.045701,0.047514,0.038682,0.051331,0.033089,0.027653,0.031428
NA,sub-jgrAesMEDISOc21R_ses-2,2,Awake_Rest,F,NA,NA,NA,NA,NA,NA,NA,mediso,NA,n,NA,NA,NA,NA,NA,0.058278,0.081518,0.066928,0.030245,0.031583,0.037993,0.039672,0.035465,0.056709,0.047469,0.036113,0.039138,0.056929,0.062493,0.050443,0.029446,0.035004,0.023755
NA,sub-jgrAesMEDISOc21R_ses-2,2,Awake_Rest,F,NA,NA,NA,NA,NA,NA,NA,mediso,NA,n,NA,NA,NA,NA,NA,0.048713,0.058031,0.065728,0.040846,0.029967,0.034755,0.043202,0.042156,0.037281,0.034128,0.035271,0.047548,0.044948,0.02632,0.032021,0.027001,0.03297,0.03396
NA,sub-jgrAesMEDISOc22r_ses-1,1,Awake_Rest,F,NA,NA,NA,NA,NA,NA,NA,mediso,NA,n,NA,NA,NA,NA,NA,0.183592,0.231188,0.083695,0.079294,0.047159,0.079146,0.050661,0.101728,0.121245,0.081256,0.06307,0.08527,0.103938,0.038009,0.101475,0.094207,0.05487,0.058426
NA,sub-jgrAesMEDISOc22r_ses-1,1,Awake_Rest,F,NA,NA,NA,NA,NA,NA,NA,mediso,NA,n,NA,NA,NA,NA,NA,0.091885,0.109816,0.122653,0.087062,0.094602,0.06178,0.071281,0.137238,0.093839,0.054208,0.049339,0.077693,0.080733,0.058462,0.077147,0.045553,0.0479,0.076493
NA,sub-jgrAesMEDISOc22r_ses-1,1,Awake_Rest,F,NA,NA,NA,NA,NA,NA,NA,mediso,NA,n,NA,NA,NA,NA,NA,0.092443,0.114968,0.145359,0.083842,0.075409,0.148872,0.072742,0.101785,0.108984,0.101567,0.086378,0.086061,0.078079,0.054918,0.07936,0.057146,0.060248,0.066395
NA,sub-jgrAesMEDISOc22r_ses-2,2,Awake_Rest,F,NA,NA,NA,NA,NA,NA,NA,mediso,NA,n,NA,NA,NA,NA,NA,0.043235,0.065536,0.068107,0.03928,0.034884,0.054733,0.067034,0.029454,0.035915,0.044422,0.041809,0.055657,0.044421,0.037299,0.039352,0.033023,0.037261,0.030687
NA,sub-jgrAesMEDISOc22r_ses-2,2,Awake_Rest,F,NA,NA,NA,NA,NA,NA,NA,mediso,NA,n,NA,NA,NA,NA,NA,0.077236,0.094845,0.082217,0.053484,0.042103,0.05608,0.068755,0.060491,0.132194,0.075698,0.052165,0.058028,0.060438,0.034359,0.040994,0.027251,0.049031,0.074111
NA,sub-jgrAesMEDISOc22r_ses-2,2,Awake_Rest,F,NA,NA,NA,NA,NA,NA,NA,mediso,NA,n,NA,NA,NA,NA,NA,0.04627,0.085171,0.050897,0.067105,0.046694,0.05551,0.069086,0.075009,0.060819,0.053588,0.055307,0.05456,0.045524,0.027189,0.050588,0.028508,0.039256,0.046757
NA,sub-jgrAesMEDISOc2NT_ses-1,1,Awake_Rest,F,NA,NA,NA,NA,NA,NA,NA,mediso,NA,n,NA,NA,NA,NA,NA,0.062138,0.071484,0.070736,0.057009,0.037822,0.042837,0.053967,0.063285,0.043861,0.047549,0.03856,0.032492,0.064749,0.067952,0.051381,0.035096,0.052412,0.022508
NA,sub-jgrAesMEDISOc2NT_ses-1,1,Awake_Rest,F,NA,NA,NA,NA,NA,NA,NA,mediso,NA,n,NA,NA,NA,NA,NA,0.053618,0.060086,0.059837,0.052462,0.04357,0.042561,0.069334,0.063203,0.04977,0.049411,0.040023,0.040426,0.040849,0.046111,0.052316,0.045867,0.035799,0.025732
NA,sub-jgrAesMEDISOc2NT_ses-1,1,Awake_Rest,F,NA,NA,NA,NA,NA,NA,NA,mediso,NA,n,NA,NA,NA,NA,NA,0.055249,0.082973,0.078463,0.055258,0.035761,0.056849,0.07912,0.079114,0.077734,0.04749,0.050454,0.064332,0.046341,0.043891,0.037574,0.038664,0.059536,0.049934
NA,sub-jgrAesMEDISOc2NT_ses-2,2,Awake_Rest,F,NA,NA,NA,NA,NA,NA,NA,mediso,NA,n,NA,NA,NA,NA,NA,0.065564,0.060205,0.068863,0.057513,0.040205,0.045543,0.071651,0.053439,0.055897,0.067519,0.052434,0.06879,0.035175,0.035071,0.033857,0.037686,0.029015,0.027333
NA,sub-jgrAesMEDISOc2NT_ses-2,2,Awake_Rest,F,NA,NA,NA,NA,NA,NA,NA,mediso,NA,n,NA,NA,NA,NA,NA,0.063228,0.084391,0.057441,0.056998,0.037208,0.041135,0.066087,0.048674,0.050403,0.050787,0.052095,0.052887,0.072173,0.047124,0.034983,0.028861,0.038425,0.026801
NA,sub-jgrAesMEDISOc2NT_ses-2,2,Awake_Rest,F,NA,NA,NA,NA,NA,NA,NA,mediso,NA,n,NA,NA,NA,NA,NA,0.071889,0.072274,0.085242,0.070683,0.043898,0.063889,0.064249,0.058601,0.045503,0.03372,0.040037,0.058151,0.027905,0.031041,0.05861,0.034307,0.031636,0.028339
NA,sub-MFC54,1,Douglas,M,11,C57BL/6,7.0,NA,GE-EPI,1000.0,15.0,iso,NA,n,n,NA,0.006935861071,0.01204568385,NA,0.036202,0.036481,0.044359,0.039668,0.032397,0.031085,0.047543,0.041372,0.042226,0.081251,0.058579,0.036835,0.032361,0.015511,0.048832,0.03159,0.050069,0.025308
NA,sub-MFC55,1,Douglas,M,11,C57BL/7,7.0,NA,GE-EPI,1000.0,15.0,iso,NA,n,n,NA,0.00967930513,0.01822208663,NA,0.041925,0.039758,0.03989,0.042377,0.022394,0.025766,0.031514,0.031261,0.058575,0.017117,0.046134,0.032057,0.033018,0.029849,0.035396,0.032607,0.03769,0.038193
NA,sub-MFC56,1,Douglas,M,11,C57BL/8,7.0,NA,GE-EPI,1000.0,15.0,iso,NA,n,n,NA,0.009053884498,0.0179751394,NA,0.033984,0.041916,0.026876,0.031459,0.025536,0.028899,0.022316,0.027691,0.031342,0.02922,0.055793,0.041116,0.033254,0.022812,0.033971,0.028044,0.033541,0.024863
NA,sub-MFC57,1,Douglas,M,11,C57BL/9,7.0,NA,GE-EPI,1000.0,15.0,iso,NA,n,n,NA,0.005167729657,0.009135519224,NA,0.052597,0.047379,0.04678,0.044345,0.034852,0.034709,0.032592,0.036112,0.059525,0.050595,0.063263,0.060847,0.054706,0.049684,0.052726,0.042083,0.071639,0.050931
NA,sub-MFC58,1,Douglas,M,11,C57BL/10,7.0,NA,GE-EPI,1000.0,15.0,iso,NA,n,n,NA,0.006706872591,0.01231160065,NA,0.040166,0.04833,0.036237,0.034351,0.028252,0.035357,0.064898,0.024988,0.056278,0.022294,0.049967,0.038433,0.03762,0.023596,0.045642,0.038756,0.039668,0.036593
NA,sub-MFC59,1,Douglas,M,11,C57BL/11,7.0,NA,GE-EPI,1000.0,15.0,dexiso,NA,n,n,NA,NA,NA,NA,0.028431,0.03807,0.045092,0.049982,0.02676,0.026001,0.044467,0.027234,0.04269,0.064019,0.062158,0.041906,0.026835,0.025889,0.042469,0.027868,0.036149,0.030709
NA,sub-MFC60,1,Douglas,M,11,C57BL/12,7.0,NA,GE-EPI,1000.0,15.0,dexiso,NA,n,n,NA,NA,NA,NA,0.074278,0.05007,0.035778,0.077184,0.04048,0.037415,0.077362,0.039687,0.052236,0.037562,0.051434,0.053114,0.034655,0.023691,0.0459,0.040505,0.053024,0.037674
NA,sub-MFC61,1,Douglas,M,11,C57BL/13,7.0,NA,GE-EPI,1000.0,15.0,dexiso,NA,n,n,NA,NA,NA,NA,0.036528,0.036133,0.024529,0.042429,0.032698,0.026826,0.036449,0.028865,0.042856,0.023296,0.036958,0.026328,0.027065,0.018778,0.035507,0.020681,0.02728,0.029569
NA,sub-MFC62,1,Douglas,M,11,C57BL/14,7.0,NA,GE-EPI,1000.0,15.0,dexiso,NA,n,n,NA,NA,NA,NA,0.042745,0.038783,0.024978,0.041315,0.034454,0.024223,0.045997,0.032871,0.041258,0.027216,0.041163,0.045462,0.030257,0.015728,0.032055,0.028417,0.038445,0.036245
NA,sub-MFC63,1,Douglas,M,11,C57BL/15,7.0,NA,GE-EPI,1000.0,15.0,dexiso,NA,n,n,NA,NA,NA,NA,0.030273,0.032496,0.038332,0.038407,0.026301,0.035351,0.044033,0.033564,0.046362,0.032864,0.05452,0.03384,0.032382,0.025991,0.040124,0.038572,0.033219,0.039843
NA,sub-MFC64,1,Douglas,M,12,C57BL/16,7.0,NA,GE-EPI,1000.0,15.0,dex,NA,n,n,NA,NA,NA,NA,0.029735,0.038871,0.034046,0.031623,0.03379,0.027794,0.063562,0.035814,0.04431,0.031369,0.047719,0.054484,0.034582,0.025908,0.036757,0.02693,0.043615,0.033134
NA,sub-MFC65,1,Douglas,M,12,C57BL/17,7.0,NA,GE-EPI,1000.0,15.0,dex,NA,n,n,NA,NA,NA,NA,0.030525,0.034445,0.034707,0.030017,0.025184,0.025035,0.060823,0.025991,0.034917,0.025103,0.051116,0.028836,0.032298,0.023559,0.037473,0.028455,0.0386,0.033994
NA,sub-MFC66,1,Douglas,M,12,C57BL/18,7.0,NA,GE-EPI,1000.0,15.0,dex,NA,n,n,NA,NA,NA,NA,0.057146,0.059921,0.047555,0.053348,0.040121,0.060885,0.063876,0.036062,0.069688,0.061686,0.081955,0.075335,0.04445,0.031442,0.024384,0.033563,0.047624,0.080749
NA,sub-MFC67,1,Douglas,M,12,C57BL/19,7.0,NA,GE-EPI,1000.0,15.0,dex,NA,n,n,NA,NA,NA,NA,0.045297,0.040308,0.036256,0.040972,0.029447,0.036341,0.055861,0.032978,0.063465,0.030615,0.059727,0.054754,0.027955,0.038163,0.038691,0.031902,0.047095,0.059636
NA,sub-MFC68,1,Douglas,M,12,C57BL/20,7.0,NA,GE-EPI,1000.0,15.0,dex,NA,n,n,NA,NA,NA,NA,0.055868,0.06579,0.042501,0.045675,0.042511,0.040843,0.071194,0.041436,0.069266,0.041458,0.060749,0.090416,0.042414,0.032909,0.040614,0.030467,0.062712,0.054175
NA,sub-MFC59,2,Douglas,M,12,C57BL/21,7.0,NA,GE-EPI,1000.0,15.0,dexiso,NA,n,n,NA,NA,NA,NA,0.056784,0.059873,0.060024,0.067203,0.0389,0.055685,0.094196,0.06249,0.063759,0.049473,0.068317,0.076436,0.032124,0.034777,0.038557,0.050336,0.0499,0.052858
NA,sub-MFC60,2,Douglas,M,12,C57BL/22,7.0,NA,GE-EPI,1000.0,15.0,dexiso,NA,n,n,NA,NA,NA,NA,0.041903,0.040423,0.037766,0.031015,0.032986,0.029736,0.025139,0.031002,0.064835,0.05177,0.043219,0.058148,0.032378,0.028123,0.03409,0.022813,0.037339,0.041518
NA,sub-MFC61,2,Douglas,M,12,C57BL/23,7.0,NA,GE-EPI,1000.0,15.0,dexiso,NA,n,n,NA,NA,NA,NA,0.047731,0.061977,0.051817,0.040541,0.045214,0.051161,0.072347,0.053207,0.081892,0.099126,0.064607,0.058406,0.053167,0.034624,0.053582,0.04146,0.035405,0.052491
NA,sub-MFC62,2,Douglas,M,12,C57BL/24,7.0,NA,GE-EPI,1000.0,15.0,dexiso,NA,n,n,NA,NA,NA,NA,0.033256,0.048217,0.047707,0.048438,0.028428,0.021487,0.048871,0.036381,0.067989,0.045493,0.048492,0.051297,0.049031,0.03637,0.04798,0.031916,0.037833,0.033038
NA,sub-MFC63,2,Douglas,M,12,C57BL/25,7.0,NA,GE-EPI,1000.0,15.0,dexiso,NA,n,n,NA,NA,NA,NA,0.035523,0.032797,0.042602,0.052769,0.027654,0.040906,0.047777,0.033489,0.049346,0.037009,0.062637,0.074327,0.038608,0.027354,0.056184,0.039252,0.047582,0.042723
NA,sub-23,1,Env_Enrichment,F,9,C57BL/6,11.1,n,SE-EPI,1500.0,16.0,dexiso,"0.1 mg/kg DEX bolus + 0.5 mg/kg DEX infusion, i.p., 0.5% ISO",n,n,NA,0.00987059438,0.01720056284,NA,0.126111,0.132673,0.077182,0.077374,0.072966,0.0549,0.092201,0.067173,0.095228,0.070689,0.103309,0.107394,0.072205,0.050809,0.10992,0.082249,0.090105,0.056431
NA,sub-24,1,Env_Enrichment,M,9,C57BL/6,11.1,n,SE-EPI,1500.0,16.0,dexiso,"0.1 mg/kg DEX bolus + 0.5 mg/kg DEX infusion, i.p., 0.5% ISO",n,n,NA,0.009460113219,0.01614933489,NA,0.102208,0.093188,0.078167,0.064911,0.061962,0.068882,0.059931,0.07916,0.087973,0.067543,0.09864,0.091803,0.076322,0.06673,0.110638,0.087479,0.066936,0.043554
NA,sub-25,1,Env_Enrichment,F,9,C57BL/6,11.1,n,SE-EPI,1500.0,16.0,dexiso,"0.1 mg/kg DEX bolus + 0.5 mg/kg DEX infusion, i.p., 0.5% ISO",n,n,NA,0.01061891563,0.01886254598,NA,0.108484,0.077409,0.074561,0.076998,0.083376,0.077969,0.065715,0.090711,0.10361,0.062206,0.123696,0.121983,0.079275,0.081578,0.10093,0.101179,0.075307,0.055016
NA,sub-26,1,Env_Enrichment,F,9,C57BL/6,11.1,n,SE-EPI,1500.0,16.0,dexiso,"0.1 mg/kg DEX bolus + 0.5 mg/kg DEX infusion, i.p., 0.5% ISO",n,n,NA,0.01038437736,0.01777997569,NA,0.11375,0.089117,0.078371,0.071432,0.07331,0.063915,0.064465,0.072492,0.080299,0.055326,0.083508,0.103722,0.080341,0.068347,0.09568,0.068817,0.077001,0.051678
NA,sub-27,1,Env_Enrichment,M,9,C57BL/6,11.1,n,SE-EPI,1500.0,16.0,dexiso,"0.1 mg/kg DEX bolus + 0.5 mg/kg DEX infusion, i.p., 0.5% ISO",n,n,NA,0.01186271593,0.02124712094,NA,0.111359,0.087589,0.089255,0.055968,0.08794,0.083471,0.087439,0.072317,0.096808,0.072942,0.092994,0.104675,0.079337,0.062924,0.08945,0.084087,0.086517,0.064838
NA,sub-28,1,Env_Enrichment,F,9,C57BL/6,11.1,n,SE-EPI,1500.0,16.0,dexiso,"0.1 mg/kg DEX bolus + 0.5 mg/kg DEX infusion, i.p., 0.5% ISO",n,n,NA,0.01018410795,0.01877219544,NA,0.101753,0.073658,0.081693,0.09174,0.083284,0.066076,0.072392,0.064597,0.08018,0.070343,0.100078,0.096477,0.069709,0.068011,0.072449,0.065834,0.078452,0.074895
NA,sub-29,1,Env_Enrichment,M,9,C57BL/6,11.1,n,SE-EPI,1500.0,16.0,dexiso,"0.1 mg/kg DEX bolus + 0.5 mg/kg DEX infusion, i.p., 0.5% ISO",n,n,NA,0.009832440894,0.01679316137,NA,0.102815,0.098935,0.064105,0.059878,0.077509,0.070544,0.072863,0.080332,0.104376,0.061864,0.091555,0.117656,0.068987,0.051478,0.095357,0.084977,0.098016,0.087851
NA,sub-30,1,Env_Enrichment,F,9,C57BL/6,11.1,n,SE-EPI,1500.0,16.0,dexiso,"0.1 mg/kg DEX bolus + 0.5 mg/kg DEX infusion, i.p., 0.5% ISO",n,n,NA,0.01044171749,0.01961545554,NA,0.099466,0.074914,0.065947,0.060391,0.067235,0.077572,0.06838,0.066508,0.074666,0.051057,0.080726,0.085735,0.076373,0.064229,0.085192,0.073251,0.061035,0.057934
NA,sub-31,1,Env_Enrichment,F,9,C57BL/6,11.1,n,SE-EPI,1500.0,16.0,dexiso,"0.1 mg/kg DEX bolus + 0.5 mg/kg DEX infusion, i.p., 0.5% ISO",n,n,NA,0.0109089435,0.01910364789,NA,0.108232,0.063203,0.082741,0.066949,0.064416,0.06069,0.073375,0.072832,0.063633,0.039205,0.10958,0.095757,0.064455,0.053072,0.08562,0.0829,0.077017,0.047047
NA,sub-32,1,Env_Enrichment,F,9,C57BL/6,11.1,n,SE-EPI,1500.0,16.0,dexiso,"0.1 mg/kg DEX bolus + 0.5 mg/kg DEX infusion, i.p., 0.5% ISO",n,n,NA,0.01030513214,0.01944916588,NA,0.088939,0.076194,0.069199,0.059456,0.064438,0.060089,0.084783,0.072086,0.077953,0.04871,0.072345,0.083592,0.061682,0.061136,0.073035,0.066716,0.064964,0.057433
NA,sub-33,1,Env_Enrichment,F,9,C57BL/6,11.1,n,SE-EPI,1500.0,16.0,dexiso,"0.1 mg/kg DEX bolus + 0.5 mg/kg DEX infusion, i.p., 0.5% ISO",n,n,NA,0.008907889427,0.01524443259,NA,0.141621,0.065937,0.058256,0.056648,0.075173,0.047458,0.13061,0.065738,0.072906,0.043414,0.065581,0.072873,0.054566,0.056222,0.070867,0.102466,0.07871,0.038927
NA,sub-34,1,Env_Enrichment,F,9,C57BL/6,11.1,n,SE-EPI,1500.0,16.0,dexiso,"0.1 mg/kg DEX bolus + 0.5 mg/kg DEX infusion, i.p., 0.5% ISO",n,n,NA,0.01214578727,0.02146229934,NA,0.093737,0.080619,0.063963,0.081503,0.071806,0.061744,0.065706,0.065707,0.100174,0.047784,0.080041,0.072381,0.076168,0.052198,0.086336,0.058244,0.074009,0.042869
NA,sub-35,1,Env_Enrichment,F,9,C57BL/6,11.1,n,SE-EPI,1500.0,16.0,dexiso,"0.1 mg/kg DEX bolus + 0.5 mg/kg DEX infusion, i.p., 0.5% ISO",n,n,NA,0.01047077395,0.02003329337,NA,0.064175,0.057902,0.053939,0.045999,0.054596,0.062677,0.067691,0.052505,0.061884,0.046903,0.078326,0.074237,0.060894,0.041171,0.062423,0.060643,0.073878,0.039626
NA,sub-36,1,Env_Enrichment,M,9,C57BL/6,11.1,n,SE-EPI,1500.0,16.0,dexiso,"0.1 mg/kg DEX bolus + 0.5 mg/kg DEX infusion, i.p., 0.5% ISO",n,n,NA,0.01042890963,0.02011092408,NA,0.08097,0.074001,0.069001,0.065295,0.075484,0.069806,0.080363,0.054597,0.083344,0.061234,0.09025,0.086197,0.065128,0.055437,0.070234,0.06615,0.075746,0.040845
NA,sub-37,1,Env_Enrichment,M,9,C57BL/6,11.1,n,SE-EPI,1500.0,16.0,dexiso,"0.1 mg/kg DEX bolus + 0.5 mg/kg DEX infusion, i.p., 0.5% ISO",n,n,NA,0.01006649548,0.01807142472,NA,0.081882,0.091879,0.076768,0.075451,0.095101,0.076477,0.066489,0.074855,0.086333,0.056525,0.077849,0.078079,0.072813,0.058838,0.097579,0.085236,0.072421,0.080769
NA,sub-38,1,Env_Enrichment,M,9,C57BL/6,11.1,n,SE-EPI,1500.0,16.0,dexiso,"0.1 mg/kg DEX bolus + 0.5 mg/kg DEX infusion, i.p., 0.5% ISO",n,n,NA,0.0108334349,0.01946258345,NA,0.104898,0.079221,0.072313,0.066024,0.082783,0.083807,0.116467,0.076026,0.091163,0.06791,0.09083,0.111644,0.066418,0.056519,0.098313,0.080503,0.091803,0.042958
NA,sub-39,1,Env_Enrichment,M,9,C57BL/6,11.1,n,SE-EPI,1500.0,16.0,dexiso,"0.1 mg/kg DEX bolus + 0.5 mg/kg DEX infusion, i.p., 0.5% ISO",n,n,NA,0.01040998076,0.01857754983,NA,0.102572,0.081056,0.064519,0.080899,0.074352,0.068453,0.104008,0.08057,0.084319,0.051145,0.079428,0.103646,0.066593,0.046091,0.066466,0.079985,0.06862,0.051821
NA,sub-40,1,Env_Enrichment,M,9,C57BL/6,11.1,n,SE-EPI,1500.0,16.0,dexiso,"0.1 mg/kg DEX bolus + 0.5 mg/kg DEX infusion, i.p., 0.5% ISO",n,n,NA,0.009388026301,0.01658897069,NA,0.127781,0.082361,0.070583,0.061144,0.091644,0.07317,0.122176,0.082518,0.081236,0.065954,0.095737,0.126308,0.06755,0.059479,0.09804,0.0958,0.082068,0.061367
NA,sub-41,1,Env_Enrichment,F,9,C57BL/6,11.1,n,SE-EPI,1500.0,16.0,dexiso,"0.1 mg/kg DEX bolus + 0.5 mg/kg DEX infusion, i.p., 0.5% ISO",n,n,NA,0.01470448934,0.02666680961,NA,0.103808,0.109148,0.11794,0.090987,0.087125,0.092487,0.094849,0.104505,0.103557,0.094941,0.124995,0.136743,0.105165,0.069508,0.108746,0.11478,0.126888,0.067511
NA,sub-42,1,Env_Enrichment,F,9,C57BL/6,11.1,n,SE-EPI,1500.0,16.0,dexiso,"0.1 mg/kg DEX bolus + 0.5 mg/kg DEX infusion, i.p., 0.5% ISO",n,n,NA,0.01090839846,0.01983220597,NA,0.111723,0.21593,0.12577,0.113179,0.12382,0.099543,0.09743,0.078145,0.194666,0.085829,0.141297,0.120973,0.108476,0.083743,0.157058,0.090534,0.127001,0.080125
NA,sub-43,1,Env_Enrichment,F,9,C57BL/6,11.1,n,SE-EPI,1500.0,16.0,dexiso,"0.1 mg/kg DEX bolus + 0.5 mg/kg DEX infusion, i.p., 0.5% ISO",n,n,NA,0.01766044047,0.03197699058,NA,0.122837,0.101834,0.110883,0.127267,0.108981,0.105621,0.215291,0.150645,0.114377,0.113661,0.166952,0.227033,0.08631,0.073341,0.119432,0.090225,0.153273,0.061537
NA,sub-44,1,Env_Enrichment,F,9,C57BL/6,11.1,n,SE-EPI,1500.0,16.0,dexiso,"0.1 mg/kg DEX bolus + 0.5 mg/kg DEX infusion, i.p., 0.5% ISO",n,n,NA,0.01025987156,0.0186974128,NA,0.088212,0.093818,0.071389,0.066175,0.075313,0.073783,0.07748,0.084147,0.077509,0.054774,0.098567,0.1409,0.0631,0.040124,0.062377,0.08151,0.064129,0.06994
NA,sub-45,1,Env_Enrichment,F,9,C57BL/6,11.1,n,SE-EPI,1500.0,16.0,dexiso,"0.1 mg/kg DEX bolus + 0.5 mg/kg DEX infusion, i.p., 0.5% ISO",n,n,NA,0.01626174406,0.0286670272,NA,0.114899,0.146494,0.119108,0.126252,0.161027,0.10846,0.106869,0.117852,0.147345,0.08315,0.175642,0.240056,0.103878,0.108615,0.124986,0.105324,0.146518,0.071018
NA,sub-46,1,Env_Enrichment,F,9,C57BL/6,11.1,n,SE-EPI,1500.0,16.0,dexiso,"0.1 mg/kg DEX bolus + 0.5 mg/kg DEX infusion, i.p., 0.5% ISO",n,n,NA,0.01068277108,0.01860851484,NA,0.175073,0.159325,0.089998,0.077894,0.098295,0.083656,0.101651,0.111053,0.114904,0.066816,0.15939,0.128391,0.097898,0.071293,0.109796,0.121013,0.121892,0.16327
NA,sub-47,1,Env_Enrichment,F,9,C57BL/6,11.1,n,SE-EPI,1500.0,16.0,dexiso,"0.1 mg/kg DEX bolus + 0.5 mg/kg DEX infusion, i.p., 0.5% ISO",n,n,NA,0.0146318292,0.02869494254,NA,0.106532,0.076308,0.103766,0.057974,0.069302,0.072098,0.076967,0.071406,0.078244,0.068568,0.103623,0.086506,0.068458,0.056614,0.100015,0.06369,0.074412,0.059526
NA,sub-48,1,Env_Enrichment,F,9,C57BL/6,11.1,n,SE-EPI,1500.0,16.0,dexiso,"0.1 mg/kg DEX bolus + 0.5 mg/kg DEX infusion, i.p., 0.5% ISO",n,n,NA,0.01559419442,0.02702541068,NA,0.14211,0.11084,0.098893,0.103401,0.163805,0.104878,0.15128,0.164798,0.132665,0.085742,0.220225,0.280623,0.104486,0.107507,0.146534,0.147951,0.14012,0.075669
NA,sub-49,1,Env_Enrichment,F,9,C57BL/6,11.1,n,SE-EPI,1500.0,16.0,dexiso,"0.1 mg/kg DEX bolus + 0.5 mg/kg DEX infusion, i.p., 0.5% ISO",n,n,NA,0.009318484709,0.01621436229,NA,0.082181,0.070547,0.06114,0.049677,0.06092,0.05828,0.057023,0.060668,0.07663,0.04657,0.068406,0.083174,0.070999,0.044003,0.066784,0.067689,0.074565,0.03939
NA,sub-50,1,Env_Enrichment,M,9,C57BL/6,11.1,n,SE-EPI,1500.0,16.0,dexiso,"0.1 mg/kg DEX bolus + 0.5 mg/kg DEX infusion, i.p., 0.5% ISO",n,n,NA,0.01153194258,0.01972729247,NA,0.185896,0.108747,0.11276,0.094571,0.079195,0.089166,0.102246,0.094508,0.112676,0.103869,0.125269,0.113234,0.083865,0.06229,0.103204,0.089622,0.095159,0.059527
NA,sub-51,1,Env_Enrichment,M,9,C57BL/6,11.1,n,SE-EPI,1500.0,16.0,dexiso,"0.1 mg/kg DEX bolus + 0.5 mg/kg DEX infusion, i.p., 0.5% ISO",n,n,NA,0.01276752284,0.0245148818,NA,0.100346,0.110007,0.127627,0.082556,0.086146,0.09,0.093834,0.078511,0.09165,0.074,0.099571,0.137257,0.10024,0.061284,0.09047,0.068212,0.081152,0.064183
NA,sub-52,1,Env_Enrichment,M,9,C57BL/6,11.1,n,SE-EPI,1500.0,16.0,dexiso,"0.1 mg/kg DEX bolus + 0.5 mg/kg DEX infusion, i.p., 0.5% ISO",n,n,NA,0.01433451672,0.02670866597,NA,0.107583,0.101662,0.110686,0.101708,0.093337,0.081875,0.171383,0.070547,0.091527,0.071782,0.164135,0.22164,0.094492,0.072496,0.096141,0.074529,0.093142,0.072001
NA,sub-53,1,Env_Enrichment,M,9,C57BL/6,11.1,n,SE-EPI,1500.0,16.0,dexiso,"0.1 mg/kg DEX bolus + 0.5 mg/kg DEX infusion, i.p., 0.5% ISO",n,n,NA,0.01175568438,0.02021176547,NA,0.092003,0.109002,0.09079,0.073599,0.081315,0.075568,0.127845,0.089715,0.12922,0.074052,0.132754,0.168403,0.109722,0.067446,0.092635,0.072715,0.11746,0.051014
NA,sub-54,1,Env_Enrichment,M,9,C57BL/6,11.1,n,SE-EPI,1500.0,16.0,dexiso,"0.1 mg/kg DEX bolus + 0.5 mg/kg DEX infusion, i.p., 0.5% ISO",n,n,NA,0.01370248911,0.02573214519,NA,0.090933,0.098409,0.076617,0.075387,0.070167,0.087966,0.182886,0.106936,0.093001,0.069321,0.120136,0.195468,0.082936,0.075845,0.082736,0.089108,0.101143,0.060642
NA,sub-55,1,Env_Enrichment,M,9,C57BL/6,11.1,n,SE-EPI,1500.0,16.0,dexiso,"0.1 mg/kg DEX bolus + 0.5 mg/kg DEX infusion, i.p., 0.5% ISO",n,n,NA,0.01335557853,0.02465196893,NA,0.094703,0.099526,0.104838,0.103976,0.101725,0.088038,0.375934,0.113146,0.137517,0.077283,0.157148,0.229554,0.082935,0.067741,0.096672,0.085376,0.105996,0.063697
NA,sub-56,1,Env_Enrichment,M,9,C57BL/6,11.1,n,SE-EPI,1500.0,16.0,dexiso,"0.1 mg/kg DEX bolus + 0.5 mg/kg DEX infusion, i.p., 0.5% ISO",n,n,NA,0.00936814436,0.01555416098,NA,0.091111,0.105047,0.075981,0.07531,0.072023,0.067284,0.072163,0.064072,0.115684,0.05103,0.089522,0.109315,0.071972,0.060115,0.100651,0.079565,0.077326,0.052997
NA,sub-57,1,Env_Enrichment,M,9,C57BL/6,11.1,n,SE-EPI,1500.0,16.0,dexiso,"0.1 mg/kg DEX bolus + 0.5 mg/kg DEX infusion, i.p., 0.5% ISO",n,n,NA,0.01018595359,0.01772384819,NA,0.102535,0.078583,0.10554,0.090034,0.073874,0.073842,0.10587,0.098245,0.108884,0.070675,0.138647,0.170201,0.08511,0.084732,0.105145,0.081466,0.085858,0.05311
NA,sub-62,1,Env_Enrichment,F,9,C57BL/6,11.1,n,SE-EPI,1500.0,16.0,dexiso,"0.1 mg/kg DEX bolus + 0.5 mg/kg DEX infusion, i.p., 0.5% ISO",n,n,NA,0.009718834652,0.01782280583,NA,0.079078,0.080903,0.069667,0.05306,0.056101,0.061935,0.063129,0.060432,0.088837,0.056228,0.071843,0.097837,0.073279,0.051999,0.069552,0.069439,0.063819,0.052622
NA,sub-63,1,Env_Enrichment,F,9,C57BL/6,11.1,n,SE-EPI,1500.0,16.0,dexiso,"0.1 mg/kg DEX bolus + 0.5 mg/kg DEX infusion, i.p., 0.5% ISO",n,n,NA,0.01028146022,0.0198809392,NA,0.061973,0.061461,0.055351,0.054132,0.054381,0.051097,0.051714,0.052947,0.068303,0.047225,0.064482,0.072,0.060004,0.044956,0.062568,0.049375,0.055767,0.041975
NA,sub-67,1,Env_Enrichment,F,9,C57BL/6,11.1,n,SE-EPI,1500.0,16.0,dexiso,"0.1 mg/kg DEX bolus + 0.5 mg/kg DEX infusion, i.p., 0.5% ISO",n,n,NA,0.009846066257,0.01749967903,NA,0.112415,0.075229,0.080155,0.069571,0.070662,0.082009,0.078851,0.070043,0.090803,0.053837,0.090699,0.077651,0.078765,0.047485,0.089965,0.074785,0.074258,0.051068
NA,sub-68,1,Env_Enrichment,F,9,C57BL/6,11.1,n,SE-EPI,1500.0,16.0,dexiso,"0.1 mg/kg DEX bolus + 0.5 mg/kg DEX infusion, i.p., 0.5% ISO",n,n,NA,0.008691328782,0.01480244783,NA,0.105989,0.080591,0.068467,0.073843,0.068797,0.074721,0.083217,0.068554,0.08639,0.064538,0.105328,0.106488,0.074583,0.063771,0.097283,0.065891,0.085808,0.049463
NA,sub-001,1,Florida,M,28,C57BL/6J,7.0,n,SE-EPI,1500.0,25.0,Iso,"1,25% isoflurane",n,NA,NA,0.005054012023,0.008570363753,NA,0.038586,0.038664,0.04299,0.039362,0.03667,0.032734,0.037398,0.032204,0.046464,0.033317,0.07208,0.046246,0.051,0.026738,0.044852,0.038019,0.0485,0.031769
NA,sub-002,1,Florida,F,28,C57BL/6J,7.0,n,SE-EPI,1500.0,25.0,Iso,"1,25% isoflurane",n,NA,NA,0.005294416042,0.009215761434,NA,0.03288,0.034476,0.026633,0.026686,0.025511,0.023932,0.030092,0.022512,0.036513,0.020536,0.039485,0.04163,0.021491,0.023956,0.024963,0.024669,0.031044,0.016861
NA,sub-003,1,Florida,M,28,C57BL/6J,7.0,n,SE-EPI,1500.0,25.0,Iso,"1,25% isoflurane",n,NA,NA,0.005689686879,0.009271274347,NA,0.063177,0.060538,0.059543,0.030929,0.04509,0.057492,0.055284,0.047241,0.049273,0.035908,0.052905,0.05522,0.049636,0.022096,0.057662,0.037076,0.036982,0.033001
NA,sub-004,1,Florida,F,28,C57BL/6J,7.0,n,SE-EPI,1500.0,25.0,Iso,"1,25% isoflurane",n,NA,NA,0.004051258344,0.006637363086,NA,0.04017,0.062744,0.063127,0.035672,0.05066,0.0455,0.040386,0.031886,0.053921,0.034525,0.03857,0.045373,0.034474,0.021847,0.038041,0.027712,0.037375,0.028213
NA,sub-008,1,Florida,F,28,C57BL/6J,7.0,n,SE-EPI,1500.0,25.0,Iso,"1,25% isoflurane",n,NA,NA,0.004737200593,0.007884912845,NA,0.055747,0.048215,0.049796,0.036136,0.046187,0.042759,0.039827,0.036506,0.055623,0.03747,0.052788,0.04344,0.039825,0.035211,0.048222,0.038724,0.051145,0.034161
NA,sub-015,1,Florida,M,28,C57BL/6J,7.0,n,SE-EPI,1500.0,25.0,Iso,"1,25% isoflurane",n,NA,NA,0.004770533968,0.007976828502,NA,0.035296,0.02537,0.041537,0.031589,0.027199,0.027741,0.04058,0.033954,0.042326,0.019713,0.046262,0.042555,0.023493,0.018083,0.028057,0.033047,0.035844,0.034477
NA,sub-016,1,Florida,M,28,C57BL/6J,7.0,n,SE-EPI,1500.0,25.0,Iso,"1,25% isoflurane",n,NA,NA,0.005252482533,0.008990177243,NA,0.036124,0.072147,0.061864,0.047197,0.04586,0.043035,0.057538,0.038237,0.043927,0.035851,0.053161,0.055646,0.036854,0.026565,0.037396,0.032853,0.033547,0.028226
NA,sub-019,1,Florida,M,28,C57BL/6J,7.0,n,SE-EPI,1500.0,25.0,Iso,"1,25% isoflurane",n,NA,NA,0.006497501845,0.01197330862,NA,0.052767,0.062257,0.057137,0.057014,0.048519,0.054032,0.051201,0.048237,0.054217,0.030513,0.062228,0.062687,0.043361,0.029076,0.04783,0.03941,0.041846,0.025413
NA,sub-020,1,Florida,M,28,C57BL/6J,7.0,n,SE-EPI,1500.0,25.0,Iso,"1,25% isoflurane",n,NA,NA,0.01641967858,0.02936319043,NA,0.223532,0.213706,0.120296,0.202529,0.241261,0.268071,0.499887,0.209863,0.20718,0.161504,0.339673,0.366181,0.147578,0.163705,0.128034,0.297021,0.113454,0.106626
NA,sub-021,1,Florida,F,28,C57BL/6J,7.0,n,SE-EPI,1500.0,25.0,Iso,"1,25% isoflurane",n,NA,NA,0.01502611941,0.02230353261,NA,0.08403,0.127144,0.089999,0.10223,0.145807,0.106228,0.232953,0.100087,0.099448,0.058412,0.114914,0.099544,0.056078,0.056627,0.055087,0.07865,0.059714,0.154179
NA,sub-022,1,Florida,F,28,C57BL/6J,7.0,n,SE-EPI,1500.0,25.0,Iso,"1,25% isoflurane",n,NA,NA,0.0128873474,0.0236736342,NA,0.080523,0.058988,0.056045,0.053653,0.057248,0.042576,0.149222,0.085239,0.068766,0.041087,0.110276,0.124538,0.054211,0.028776,0.054135,0.041738,0.079333,0.0413
NA,sub-023,1,Florida,F,28,C57BL/6J,7.0,n,SE-EPI,1500.0,25.0,Iso,"1,25% isoflurane",n,NA,NA,0.007124579376,0.01244014258,NA,0.08351,0.112478,0.061855,0.071985,0.083171,0.067039,0.074951,0.04325,0.092391,0.046777,0.088766,0.071684,0.056508,0.049076,0.063297,0.049097,0.062752,0.053118
NA,sub-COMR194c-PND30,1,Longitudinal,M,4,C57BL/6,9.4,NA,GE-EPI,1000.0,15.0,Mediso,"0.05 mg/kg med bolus + 0.1 mg/kg med infusion, s.c., 0.4–0.65% ISO",n,n,NA,0.006781644945,0.01045986286,NA,0.086261,0.115286,0.152245,0.078873,0.070992,0.123877,0.054979,0.055159,0.074586,0.060903,0.069485,0.0728,0.081941,0.052857,0.065815,0.096309,0.057632,0.024689
NA,sub-COMR194c-PND90,2,Longitudinal,M,12,C57BL/6,9.4,NA,GE-EPI,1000.0,15.0,Mediso,"0.05 mg/kg med bolus + 0.1 mg/kg med infusion, s.c., 0.4–0.65% ISO",n,n,NA,0.005912076804,0.008258959638,NA,0.078932,0.092119,0.094893,0.054514,0.054277,0.080548,0.058353,0.055191,0.069589,0.050792,0.059145,0.080454,0.065694,0.044435,0.070377,0.048036,0.051839,0.028455
NA,sub-COMR194f-PND30,1,Longitudinal,F,4,C57BL/6,9.4,NA,GE-EPI,1000.0,15.0,Mediso,"0.05 mg/kg med bolus + 0.1 mg/kg med infusion, s.c., 0.4–0.65% ISO",n,n,NA,0.006689003051,0.01124431599,NA,0.065638,0.050895,0.056852,0.050619,0.040582,0.048832,0.048621,0.042304,0.054173,0.04395,0.060325,0.065547,0.047988,0.032211,0.061796,0.02881,0.055422,0.034298
NA,sub-COMR194f-PND90,2,Longitudinal,F,12,C57BL/6,9.4,NA,GE-EPI,1000.0,15.0,Mediso,"0.05 mg/kg med bolus + 0.1 mg/kg med infusion, s.c., 0.4–0.65% ISO",n,n,NA,0.005662397096,0.008491416815,NA,0.141769,0.151422,0.097678,0.080233,0.076716,0.090245,0.063003,0.069715,0.152119,0.078198,0.083812,0.120291,0.087281,0.065957,0.102735,0.084911,0.07741,0.03836
NA,sub-COMR202d-PND30,1,Longitudinal,F,4,C57BL/6,9.4,NA,GE-EPI,1000.0,15.0,Mediso,"0.05 mg/kg med bolus + 0.1 mg/kg med infusion, s.c., 0.4–0.65% ISO",n,n,NA,0.006610692586,0.01136247689,NA,0.062959,0.062101,0.056109,0.039398,0.040591,0.057228,0.03371,0.034609,0.065343,0.039337,0.050148,0.07086,0.046773,0.032626,0.059196,0.043593,0.060121,0.046578
NA,sub-COMR202d-PND90,2,Longitudinal,F,12,C57BL/6,9.4,NA,GE-EPI,1000.0,15.0,Mediso,"0.05 mg/kg med bolus + 0.1 mg/kg med infusion, s.c., 0.4–0.65% ISO",n,n,NA,0.005027803051,0.007219245443,NA,0.132174,0.176766,0.16759,0.095142,0.090231,0.138746,0.070588,0.058433,0.116154,0.059364,0.078153,0.081907,0.088267,0.090187,0.103465,0.086736,0.070757,0.071167
NA,sub-COMR221c-PND30,1,Longitudinal,M,4,C57BL/6,9.4,NA,GE-EPI,1000.0,15.0,Mediso,"0.05 mg/kg med bolus + 0.1 mg/kg med infusion, s.c., 0.4–0.65% ISO",n,n,NA,0.006957535238,0.01234956292,NA,0.101874,0.1201,0.122805,0.060404,0.106347,0.084883,0.054883,0.039875,0.084577,0.04699,0.069033,0.068059,0.07317,0.059665,0.070119,0.056966,0.06173,0.058152
NA,sub-COMR221c-PND90,2,Longitudinal,M,12,C57BL/6,9.4,NA,GE-EPI,1000.0,15.0,Mediso,"0.05 mg/kg med bolus + 0.1 mg/kg med infusion, s.c., 0.4–0.65% ISO",n,n,NA,0.00539714751,0.007304642596,NA,0.048863,0.065537,0.062931,0.047422,0.041235,0.040978,0.041059,0.049074,0.057098,0.046444,0.039794,0.042602,0.044133,0.033042,0.044001,0.040501,0.040318,0.015866
NA,sub-COMR221f-PND30,1,Longitudinal,F,4,C57BL/6,9.4,NA,GE-EPI,1000.0,15.0,Mediso,"0.05 mg/kg med bolus + 0.1 mg/kg med infusion, s.c., 0.4–0.65% ISO",n,n,NA,0.006533582185,0.01103733963,NA,0.093361,0.105412,0.117102,0.068928,0.089756,0.075702,0.061331,0.047227,0.072954,0.044698,0.067596,0.061816,0.080432,0.064119,0.093784,0.061638,0.065594,0.045147
NA,sub-COMR221f-PND90,2,Longitudinal,F,12,C57BL/6,9.4,NA,GE-EPI,1000.0,15.0,Mediso,"0.05 mg/kg med bolus + 0.1 mg/kg med infusion, s.c., 0.4–0.65% ISO",n,n,NA,0.007405271613,0.01148441683,NA,0.107599,0.171897,0.175282,0.201198,0.120367,0.143098,0.133022,0.07137,0.09282,0.118471,0.22776,0.147378,0.141914,0.16747,0.130068,0.138761,0.141287,0.041553
NA,sub-COMR232a-PND30,1,Longitudinal,M,4,C57BL/6,9.4,NA,GE-EPI,1000.0,15.0,Mediso,"0.05 mg/kg med bolus + 0.1 mg/kg med infusion, s.c., 0.4–0.65% ISO",n,n,NA,0.006514585254,0.01148424684,NA,0.041317,0.054408,0.046583,0.046222,0.038273,0.04297,0.039478,0.035903,0.052158,0.029866,0.047192,0.050912,0.039578,0.043817,0.0481,0.03808,0.044902,0.020387
NA,sub-COMR232a-PND90,2,Longitudinal,M,12,C57BL/6,9.4,NA,GE-EPI,1000.0,15.0,Mediso,"0.05 mg/kg med bolus + 0.1 mg/kg med infusion, s.c., 0.4–0.65% ISO",n,n,NA,0.00730801025,0.01210899581,NA,0.073908,0.089935,0.14228,0.068523,0.067961,0.074359,0.088115,0.059805,0.065768,0.043351,0.072857,0.084969,0.066448,0.063791,0.069624,0.066296,0.073888,0.038554
NA,sub-COMR232b-PND30,1,Longitudinal,F,4,C57BL/6,9.4,NA,GE-EPI,1000.0,15.0,Mediso,"0.05 mg/kg med bolus + 0.1 mg/kg med infusion, s.c., 0.4–0.65% ISO",n,n,NA,0.00625340415,0.01094740197,NA,0.059919,0.072479,0.074505,0.057886,0.058793,0.049631,0.03827,0.040276,0.046653,0.040582,0.053403,0.062683,0.04969,0.044108,0.060698,0.042352,0.048356,0.035091
NA,sub-COMR232b-PND90,2,Longitudinal,F,12,C57BL/6,9.4,NA,GE-EPI,1000.0,15.0,Mediso,"0.05 mg/kg med bolus + 0.1 mg/kg med infusion, s.c., 0.4–0.65% ISO",n,n,NA,0.005586623699,0.008105802556,NA,0.085893,0.196422,0.170192,0.077614,0.088744,0.091785,0.081652,0.062379,0.070095,0.073992,0.072533,0.072799,0.09876,0.089909,0.100974,0.071771,0.064563,0.024884
NA,sub-COMR232f-PND30,1,Longitudinal,F,4,C57BL/6,9.4,NA,GE-EPI,1000.0,15.0,Mediso,"0.05 mg/kg med bolus + 0.1 mg/kg med infusion, s.c., 0.4–0.65% ISO",n,n,NA,0.006609371853,0.01192559386,NA,0.073466,0.074902,0.049537,0.054285,0.05781,0.050176,0.051714,0.038116,0.064734,0.045762,0.066793,0.064396,0.05989,0.052164,0.086316,0.058133,0.073789,0.030778
NA,sub-COMR232f-PND90,2,Longitudinal,F,12,C57BL/6,9.4,NA,GE-EPI,1000.0,15.0,Mediso,"0.05 mg/kg med bolus + 0.1 mg/kg med infusion, s.c., 0.4–0.65% ISO",n,n,NA,0.01588135941,0.02450982504,NA,0.202268,0.159484,0.232769,0.104607,0.109132,0.111865,0.284839,0.120812,0.19519,0.078207,0.125303,0.155108,0.104764,0.081232,0.118793,0.101252,0.089832,0.061975
NA,sub-COMR233a-PND30,1,Longitudinal,F,4,C57BL/6,9.4,NA,GE-EPI,1000.0,15.0,Mediso,"0.05 mg/kg med bolus + 0.1 mg/kg med infusion, s.c., 0.4–0.65% ISO",n,n,NA,0.006790735728,0.01131208539,NA,0.075746,0.072942,0.074378,0.0759,0.07568,0.077335,0.066437,0.038405,0.061231,0.042042,0.066141,0.085117,0.051289,0.043903,0.084591,0.0618,0.073309,0.037427
NA,sub-COMR233a-PND90,2,Longitudinal,F,12,C57BL/6,9.4,NA,GE-EPI,1000.0,15.0,Mediso,"0.05 mg/kg med bolus + 0.1 mg/kg med infusion, s.c., 0.4–0.65% ISO",n,n,NA,0.00495559382,0.007445689855,NA,0.077279,0.104001,0.116164,0.059003,0.056748,0.075748,0.04339,0.061794,0.07949,0.044063,0.05478,0.075235,0.064663,0.051415,0.070182,0.082092,0.050959,0.035681
NA,sub-COMR233f-PND30,1,Longitudinal,M,4,C57BL/6,9.4,NA,GE-EPI,1000.0,15.0,Mediso,"0.05 mg/kg med bolus + 0.1 mg/kg med infusion, s.c., 0.4–0.65% ISO",n,n,NA,0.006066126532,0.00915076444,NA,0.062398,0.069263,0.06313,0.048607,0.04948,0.061237,0.047771,0.039003,0.070526,0.040521,0.062088,0.068235,0.052543,0.036585,0.065892,0.050885,0.073491,0.033714
NA,sub-COMR233f-PND90,2,Longitudinal,M,12,C57BL/6,9.4,NA,GE-EPI,1000.0,15.0,Mediso,"0.05 mg/kg med bolus + 0.1 mg/kg med infusion, s.c., 0.4–0.65% ISO",n,n,NA,0.006184094202,0.009131706992,NA,0.072149,0.090054,0.076156,0.0592,0.055496,0.067169,0.123339,0.063358,0.069882,0.055735,0.061318,0.071892,0.058348,0.056323,0.072623,0.066942,0.052615,0.037452
NA,sub-COMR242d-PND30,1,Longitudinal,M,4,C57BL/6,9.4,NA,GE-EPI,1000.0,15.0,Mediso,"0.05 mg/kg med bolus + 0.1 mg/kg med infusion, s.c., 0.4–0.65% ISO",n,n,NA,0.007208143494,0.01295326493,NA,0.03914,0.040898,0.02899,0.032461,0.026396,0.027979,0.03069,0.03657,0.04356,0.02902,0.038218,0.06787,0.036784,0.02136,0.043457,0.02791,0.039996,0.022757
NA,sub-COMR242d-PND90,2,Longitudinal,M,12,C57BL/6,9.4,NA,GE-EPI,1000.0,15.0,Mediso,"0.05 mg/kg med bolus + 0.1 mg/kg med infusion, s.c., 0.4–0.65% ISO",n,n,NA,0.005411119114,0.00787074051,NA,0.079626,0.082786,0.090753,0.062843,0.080659,0.066406,0.065494,0.055923,0.086563,0.050914,0.079474,0.08297,0.068596,0.048165,0.066642,0.070055,0.056247,0.043082
NA,sub-COMR242i-PND30,1,Longitudinal,F,4,C57BL/6,9.4,n,GE-EPI,1000.0,15.0,Mediso,"0.05 mg/kg med bolus + 0.1 mg/kg med infusion, s.c., 0.4–0.65% ISO",n,n,NA,0.01165833024,0.02276302441,NA,0.071439,0.099811,0.093999,0.07265,0.076479,0.052908,0.058663,0.044234,0.0718,0.050949,0.07671,0.131294,0.073982,0.033255,0.088584,0.049369,0.068192,0.051849
NA,sub-COMR242i-PND90,2,Longitudinal,F,12,C57BL/6,9.4,n,GE-EPI,1000.0,15.0,Mediso,"0.05 mg/kg med bolus + 0.1 mg/kg med infusion, s.c., 0.4–0.65% ISO",n,n,NA,0.006164358552,0.00908395751,NA,0.187559,0.237794,0.213489,0.205436,0.135426,0.149901,0.152461,0.144488,0.210831,0.186879,0.188184,0.188942,0.213995,0.204454,0.237731,0.155796,0.185699,0.151829
NA,sub-COMR291e-PND30,1,Longitudinal,F,4,C57BL/6,9.4,n,GE-EPI,1000.0,15.0,Mediso,"0.05 mg/kg med bolus + 0.1 mg/kg med infusion, s.c., 0.4–0.65% ISO",n,n,NA,0.007028199342,0.01191076189,NA,0.07325,0.112897,0.110761,0.056388,0.047824,0.062108,0.062113,0.050118,0.089631,0.035837,0.054638,0.073162,0.067437,0.051372,0.078357,0.049896,0.05829,0.03067
NA,sub-COMR291e-PND90,2,Longitudinal,F,12,C57BL/6,9.4,n,GE-EPI,1000.0,15.0,Mediso,"0.05 mg/kg med bolus + 0.1 mg/kg med infusion, s.c., 0.4–0.65% ISO",n,n,NA,0.009031700241,0.01441111041,NA,0.078809,0.076431,0.046796,0.063207,0.0523,0.059027,0.061668,0.069222,0.06951,0.051285,0.071216,0.100788,0.062939,0.046327,0.072399,0.046928,0.054325,0.042106
NA,sub-COMR291f-PND30,1,Longitudinal,F,4,C57BL/6,9.4,n,GE-EPI,1000.0,15.0,Mediso,"0.05 mg/kg med bolus + 0.1 mg/kg med infusion, s.c., 0.4–0.65% ISO",n,n,NA,0.006650687115,0.01077592585,NA,0.061904,0.082843,0.07404,0.04668,0.044553,0.055873,0.052684,0.043415,0.069117,0.039203,0.048544,0.048038,0.06448,0.04193,0.069786,0.047841,0.049048,0.036893
NA,sub-COMR291f-PND90,2,Longitudinal,F,12,C57BL/6,9.4,n,GE-EPI,1000.0,15.0,Mediso,"0.05 mg/kg med bolus + 0.1 mg/kg med infusion, s.c., 0.4–0.65% ISO",n,n,NA,0.005329959736,0.008332619761,NA,0.087333,0.07953,0.064559,0.056795,0.058887,0.055915,0.045588,0.045538,0.091913,0.046992,0.055428,0.08874,0.073482,0.046046,0.070432,0.053778,0.05365,0.034309
NA,sub-COMR291h-PND30,1,Longitudinal,F,4,C57BL/6,9.4,n,GE-EPI,1000.0,15.0,Mediso,"0.05 mg/kg med bolus + 0.1 mg/kg med infusion, s.c., 0.4–0.65% ISO",n,n,NA,0.006466664459,0.01086708417,NA,0.059031,0.061082,0.053261,0.061615,0.052118,0.052336,0.065051,0.058836,0.052008,0.040379,0.065793,0.079025,0.048746,0.035174,0.046698,0.037726,0.050174,0.040696
NA,sub-COMR291h-PND90,2,Longitudinal,F,12,C57BL/6,9.4,n,GE-EPI,1000.0,15.0,Mediso,"0.05 mg/kg med bolus + 0.1 mg/kg med infusion, s.c., 0.4–0.65% ISO",n,n,NA,0.00531176287,0.007826652955,NA,0.075545,0.086492,0.064999,0.052407,0.043179,0.058522,0.053297,0.055698,0.089605,0.050373,0.06352,0.070496,0.059089,0.050346,0.074008,0.072453,0.054108,0.031895
NA,sub-COMR301d-PND30,1,Longitudinal,F,4,C57BL/6,9.4,n,GE-EPI,1000.0,15.0,Mediso,"0.05 mg/kg med bolus + 0.1 mg/kg med infusion, s.c., 0.4–0.65% ISO",n,n,NA,0.00699299565,0.01230016291,NA,0.063653,0.107916,0.100458,0.057482,0.049809,0.075307,0.062304,0.060987,0.082586,0.05185,0.067782,0.068558,0.072655,0.05029,0.071466,0.055689,0.047521,0.018313
NA,sub-COMR301d-PND90,2,Longitudinal,F,12,C57BL/6,9.4,n,GE-EPI,1000.0,15.0,Mediso,"0.05 mg/kg med bolus + 0.1 mg/kg med infusion, s.c., 0.4–0.65% ISO",n,n,NA,0.005443385684,0.008259885892,NA,0.064008,0.05321,0.083947,0.046194,0.037481,0.055485,0.048057,0.049446,0.077821,0.044072,0.051316,0.056255,0.060049,0.050864,0.066749,0.073963,0.051497,0.02106
NA,sub-COMR301f-PND30,1,Longitudinal,M,4,C57BL/6,9.4,n,GE-EPI,1000.0,15.0,Mediso,"0.05 mg/kg med bolus + 0.1 mg/kg med infusion, s.c., 0.4–0.65% ISO",n,n,NA,0.007266408663,0.0136034071,NA,0.057653,0.068108,0.066004,0.041411,0.047222,0.05653,0.053565,0.042284,0.063557,0.031974,0.062173,0.053147,0.040423,0.050691,0.071987,0.04403,0.049518,0.047124
NA,sub-COMR301f-PND90,2,Longitudinal,M,12,C57BL/6,9.4,n,GE-EPI,1000.0,15.0,Mediso,"0.05 mg/kg med bolus + 0.1 mg/kg med infusion, s.c., 0.4–0.65% ISO",n,n,NA,0.005197976636,0.007541750601,NA,0.083224,0.084925,0.088198,0.069529,0.059423,0.055886,0.073679,0.078356,0.10111,0.058055,0.085908,0.102376,0.079542,0.06248,0.067777,0.063594,0.081561,0.032843
NA,sub-COMR321a-PND30,1,Longitudinal,M,4,C57BL/6,9.4,n,GE-EPI,1000.0,15.0,Mediso,"0.05 mg/kg med bolus + 0.1 mg/kg med infusion, s.c., 0.4–0.65% ISO",n,n,NA,0.006293259638,0.01084044655,NA,0.056721,0.057506,0.058138,0.040309,0.036513,0.042505,0.040287,0.045129,0.060147,0.039238,0.049411,0.067064,0.050479,0.035017,0.04897,0.046494,0.04584,0.035045
NA,sub-COMR321a-PND90,2,Longitudinal,M,12,C57BL/6,9.4,n,GE-EPI,1000.0,15.0,Mediso,"0.05 mg/kg med bolus + 0.1 mg/kg med infusion, s.c., 0.4–0.65% ISO",n,n,NA,0.01029000114,0.01779318002,NA,0.130677,0.230363,0.25373,0.163563,0.112589,0.168566,0.139099,0.079633,0.116201,0.099369,0.081798,0.114182,0.110524,0.123201,0.090899,0.12851,0.083374,0.045652
NA,sub-COMR331a-PND30,1,Longitudinal,M,4,C57BL/6,9.4,n,GE-EPI,1000.0,15.0,Mediso,"0.05 mg/kg med bolus + 0.1 mg/kg med infusion, s.c., 0.4–0.65% ISO",n,n,NA,0.006467121616,0.01059784086,NA,0.067071,0.059813,0.058697,0.046652,0.048755,0.057649,0.055199,0.037645,0.075479,0.034453,0.061266,0.067641,0.052183,0.039571,0.046667,0.038704,0.055839,0.040751
NA,sub-COMR331a-PND90,2,Longitudinal,M,12,C57BL/6,9.4,n,GE-EPI,1000.0,15.0,Mediso,"0.05 mg/kg med bolus + 0.1 mg/kg med infusion, s.c., 0.4–0.65% ISO",n,n,NA,0.00629170758,0.01010338842,NA,0.053696,0.084214,0.073463,0.047519,0.045863,0.051589,0.058346,0.05649,0.048003,0.034948,0.077123,0.055601,0.068429,0.037838,0.057687,0.065509,0.042681,0.018307
NA,sub-COMR331b-PND30,1,Longitudinal,M,4,C57BL/6,9.4,n,GE-EPI,1000.0,15.0,Mediso,"0.05 mg/kg med bolus + 0.1 mg/kg med infusion, s.c., 0.4–0.65% ISO",n,n,NA,0.006226668865,0.01058852322,NA,0.070637,0.094662,0.058473,0.081087,0.064385,0.065749,0.058253,0.052014,0.070409,0.040649,0.066015,0.089256,0.085469,0.065967,0.083836,0.077451,0.0701,0.043596
NA,sub-COMR331b-PND90,2,Longitudinal,M,12,C57BL/6,9.4,n,GE-EPI,1000.0,15.0,Mediso,"0.05 mg/kg med bolus + 0.1 mg/kg med infusion, s.c., 0.4–0.65% ISO",n,n,NA,0.00542792689,0.00866648249,NA,0.075971,0.085371,0.115391,0.06387,0.054253,0.063992,0.060412,0.048982,0.084296,0.049591,0.072561,0.092632,0.071357,0.055113,0.074466,0.053706,0.055515,0.035523
NA,sub-COMR331c-PND30,1,Longitudinal,M,4,C57BL/6,9.4,n,GE-EPI,1000.0,15.0,Mediso,"0.05 mg/kg med bolus + 0.1 mg/kg med infusion, s.c., 0.4–0.65% ISO",n,n,NA,0.006336350346,0.01089696007,NA,0.058012,0.054165,0.05596,0.044807,0.047449,0.050152,0.054638,0.036473,0.065938,0.039961,0.06671,0.070924,0.042053,0.046464,0.047733,0.04265,0.05567,0.038282
NA,sub-COMR331c-PND90,2,Longitudinal,M,12,C57BL/6,9.4,n,GE-EPI,1000.0,15.0,Mediso,"0.05 mg/kg med bolus + 0.1 mg/kg med infusion, s.c., 0.4–0.65% ISO",n,n,NA,0.006329979123,0.009953942743,NA,0.071049,0.141091,0.170126,0.087514,0.08199,0.096312,0.104689,0.06106,0.076069,0.049124,0.096627,0.099136,0.100752,0.086402,0.075799,0.058779,0.089101,0.034958
NA,sub-COMR331e-PND30,1,Longitudinal,F,4,C57BL/6,9.4,n,GE-EPI,1000.0,15.0,Mediso,"0.05 mg/kg med bolus + 0.1 mg/kg med infusion, s.c., 0.4–0.65% ISO",n,n,NA,0.006642047789,0.01072006715,NA,0.075884,0.103895,0.070188,0.046105,0.055282,0.061293,0.066664,0.050884,0.067853,0.051257,0.05622,0.099191,0.068813,0.042851,0.067964,0.045444,0.060758,0.031501
NA,sub-COMR331e-PND90,2,Longitudinal,F,12,C57BL/6,9.4,n,GE-EPI,1000.0,15.0,Mediso,"0.05 mg/kg med bolus + 0.1 mg/kg med infusion, s.c., 0.4–0.65% ISO",n,n,NA,0.005647157189,0.007619075833,NA,0.084872,0.128568,0.162741,0.08028,0.07373,0.079031,0.065397,0.048868,0.103531,0.060832,0.073635,0.071822,0.072985,0.064137,0.078462,0.082015,0.056471,0.029543
NA,sub-COMR332d-PND30,1,Longitudinal,M,4,C57BL/6,9.4,n,GE-EPI,1000.0,15.0,Mediso,"0.05 mg/kg med bolus + 0.1 mg/kg med infusion, s.c., 0.4–0.65% ISO",n,n,NA,0.00553220869,0.008048521467,NA,0.0697,0.063554,0.042582,0.051753,0.043205,0.046006,0.045178,0.04916,0.06967,0.042935,0.077699,0.068365,0.04826,0.040752,0.055155,0.043333,0.077595,0.033935
NA,sub-COMR332d-PND90,2,Longitudinal,M,12,C57BL/6,9.4,n,GE-EPI,1000.0,15.0,Mediso,"0.05 mg/kg med bolus + 0.1 mg/kg med infusion, s.c., 0.4–0.65% ISO",n,n,NA,0.0190391148,0.03045744918,NA,0.182507,0.217527,0.160504,0.152939,0.140733,0.103304,0.171378,0.104117,0.178133,0.099632,0.125657,0.135817,0.088025,0.100266,0.140702,0.136557,0.113259,0.037991
NA,sub-COMR332f-PND30,1,Longitudinal,F,4,C57BL/6,9.4,n,GE-EPI,1000.0,15.0,Mediso,"0.05 mg/kg med bolus + 0.1 mg/kg med infusion, s.c., 0.4–0.65% ISO",n,n,NA,0.0165821076,0.03214168533,NA,0.113092,0.071836,0.061385,0.085733,0.065629,0.08184,0.13373,0.058148,0.084157,0.041468,0.07739,0.102646,0.062309,0.051431,0.086596,0.06064,0.053141,0.027342
NA,sub-COMR332f-PND90,2,Longitudinal,F,12,C57BL/6,9.4,n,GE-EPI,1000.0,15.0,Mediso,"0.05 mg/kg med bolus + 0.1 mg/kg med infusion, s.c., 0.4–0.65% ISO",n,n,NA,0.006179281605,0.01049556659,NA,0.138412,0.165609,0.202456,0.134341,0.110946,0.189918,0.087038,0.070958,0.137913,0.07607,0.056837,0.086411,0.092937,0.11907,0.139676,0.121213,0.081354,0.04575
NA,sub-COMR341a-PND30,1,Longitudinal,F,4,C57BL/6,9.4,n,GE-EPI,1000.0,15.0,Mediso,"0.05 mg/kg med bolus + 0.1 mg/kg med infusion, s.c., 0.4–0.65% ISO",n,n,NA,0.007328455548,0.0140908665,NA,0.07155,0.057021,0.039538,0.077352,0.051725,0.061906,0.07194,0.051518,0.079948,0.058407,0.077336,0.096139,0.072571,0.048948,0.064272,0.069357,0.054073,0.040298
NA,sub-COMR341a-PND90,2,Longitudinal,F,12,C57BL/6,9.4,n,GE-EPI,1000.0,15.0,Mediso,"0.05 mg/kg med bolus + 0.1 mg/kg med infusion, s.c., 0.4–0.65% ISO",n,n,NA,0.006078508574,0.009074525256,NA,0.135447,0.17168,0.192287,0.109975,0.098792,0.122342,0.066282,0.061551,0.116576,0.072015,0.080828,0.092651,0.110138,0.098354,0.115105,0.116444,0.085865,0.040178
NA,sub-COMR351b-PND30,1,Longitudinal,M,4,C57BL/6,9.4,n,GE-EPI,1000.0,15.0,Mediso,"0.05 mg/kg med bolus + 0.1 mg/kg med infusion, s.c., 0.4–0.65% ISO",n,n,NA,0.008844874546,0.01618385277,NA,0.077081,0.084466,0.052454,0.042512,0.052185,0.048956,0.063094,0.036501,0.05677,0.038764,0.053358,0.088002,0.054696,0.039168,0.052014,0.056607,0.062664,0.046846
NA,sub-COMR351b-PND90,2,Longitudinal,M,12,C57BL/6,9.4,n,GE-EPI,1000.0,15.0,Mediso,"0.05 mg/kg med bolus + 0.1 mg/kg med infusion, s.c., 0.4–0.65% ISO",n,n,NA,0.006488833054,0.01121144437,NA,0.088384,0.225511,0.206961,0.103806,0.077019,0.111051,0.088752,0.051521,0.076287,0.039878,0.073268,0.082963,0.083537,0.088363,0.071901,0.089155,0.078751,0.040454
NA,sub-COMR351i-PND30,1,Longitudinal,F,4,C57BL/6,9.4,n,GE-EPI,1000.0,15.0,Mediso,"0.05 mg/kg med bolus + 0.1 mg/kg med infusion, s.c., 0.4–0.65% ISO",n,n,NA,0.006772109984,0.01222422083,NA,0.093528,0.117432,0.087194,0.07205,0.077955,0.080719,0.067012,0.063552,0.095645,0.048453,0.07307,0.083912,0.073078,0.06461,0.111463,0.08043,0.063719,0.023369
NA,sub-COMR351i-PND90,2,Longitudinal,F,12,C57BL/6,9.4,n,GE-EPI,1000.0,15.0,Mediso,"0.05 mg/kg med bolus + 0.1 mg/kg med infusion, s.c., 0.4–0.65% ISO",n,n,NA,0.005687852899,0.008026803792,NA,0.118622,0.104204,0.113843,0.072154,0.091119,0.091146,0.063178,0.049158,0.081559,0.044849,0.082164,0.080986,0.094216,0.092039,0.11441,0.074094,0.075478,0.068811
NA,sub-COMR381a-PND30,1,Longitudinal,M,4,C57BL/6,9.4,n,GE-EPI,1000.0,15.0,Mediso,"0.05 mg/kg med bolus + 0.1 mg/kg med infusion, s.c., 0.4–0.65% ISO",n,n,NA,0.005864821541,0.009260105225,NA,0.085938,0.04644,0.04899,0.053341,0.055566,0.055309,0.027376,0.033801,0.094148,0.028638,0.067478,0.036807,0.080547,0.050981,0.068951,0.048157,0.081814,0.03456
NA,sub-COMR381a-PND90,2,Longitudinal,M,12,C57BL/6,9.4,n,GE-EPI,1000.0,15.0,Mediso,"0.05 mg/kg med bolus + 0.1 mg/kg med infusion, s.c., 0.4–0.65% ISO",n,n,NA,0.005121743906,0.007819942765,NA,0.06682,0.056113,0.079947,0.054502,0.041708,0.060913,0.048072,0.064968,0.070899,0.037339,0.060279,0.065176,0.052769,0.0355,0.060929,0.047554,0.042069,0.021079
NA,sub-COMR381e-PND30,1,Longitudinal,M,4,C57BL/6,9.4,n,GE-EPI,1000.0,15.0,Mediso,"0.05 mg/kg med bolus + 0.1 mg/kg med infusion, s.c., 0.4–0.65% ISO",n,n,NA,0.007108138437,0.01151155154,NA,0.099945,0.079619,0.10074,0.052099,0.063872,0.051135,0.063308,0.038378,0.086531,0.051781,0.06931,0.073049,0.072339,0.061439,0.084358,0.067797,0.076357,0.047568
NA,sub-COMR381e-PND90,2,Longitudinal,M,12,C57BL/6,9.4,n,GE-EPI,1000.0,15.0,Mediso,"0.05 mg/kg med bolus + 0.1 mg/kg med infusion, s.c., 0.4–0.65% ISO",n,n,NA,0.005809468462,0.008460002805,NA,0.097849,0.099883,0.102907,0.062364,0.060382,0.062587,0.06509,0.063277,0.111583,0.076563,0.083747,0.098097,0.077799,0.063429,0.084874,0.076396,0.080484,0.046068
NA,sub-COMR381g-PND30,1,Longitudinal,M,4,C57BL/6,9.4,n,GE-EPI,1000.0,15.0,Mediso,"0.05 mg/kg med bolus + 0.1 mg/kg med infusion, s.c., 0.4–0.65% ISO",n,n,NA,0.005804865877,0.008679664322,NA,0.078748,0.069677,0.079526,0.04865,0.071345,0.053548,0.046194,0.04977,0.072417,0.050311,0.062824,0.066267,0.062923,0.04745,0.060208,0.063469,0.101568,0.05181
NA,sub-COMR381g-PND90,2,Longitudinal,M,12,C57BL/6,9.4,n,GE-EPI,1000.0,15.0,Mediso,"0.05 mg/kg med bolus + 0.1 mg/kg med infusion, s.c., 0.4–0.65% ISO",n,n,NA,0.006073004774,0.009837422719,NA,0.077946,0.089506,0.105205,0.079431,0.061954,0.059411,0.056431,0.06541,0.094026,0.065828,0.08261,0.101894,0.096949,0.080533,0.079603,0.081443,0.075622,0.030713
NA,sub-COMR381h-PND30,1,Longitudinal,F,4,C57BL/6,9.4,n,GE-EPI,1000.0,15.0,Mediso,"0.05 mg/kg med bolus + 0.1 mg/kg med infusion, s.c., 0.4–0.65% ISO",n,n,NA,0.009145202964,0.01588153583,NA,0.101793,0.093329,0.077941,0.069694,0.080932,0.100955,0.056646,0.050626,0.088583,0.057453,0.083997,0.096807,0.080153,0.059868,0.077134,0.06063,0.060688,0.036425
NA,sub-COMR381h-PND90,2,Longitudinal,F,12,C57BL/6,9.4,n,GE-EPI,1000.0,15.0,Mediso,"0.05 mg/kg med bolus + 0.1 mg/kg med infusion, s.c., 0.4–0.65% ISO",n,n,NA,0.007883307668,0.01262444251,NA,0.117921,0.171842,0.154505,0.201391,0.142415,0.218749,0.086338,0.172221,0.136025,0.116019,0.161419,0.127358,0.162151,0.118187,0.161508,0.195263,0.123588,0.037976
NA,sub-COMR391b-PND30,1,Longitudinal,M,4,C57BL/6,9.4,n,GE-EPI,1000.0,15.0,Mediso,"0.05 mg/kg med bolus + 0.1 mg/kg med infusion, s.c., 0.4–0.65% ISO",n,n,NA,0.007075240353,0.0114813693,NA,0.111572,0.086051,0.070922,0.05839,0.075462,0.092433,0.084425,0.056173,0.076591,0.036282,0.073986,0.056788,0.056003,0.057112,0.072195,0.06587,0.086675,0.047709
NA,sub-COMR391b-PND90,2,Longitudinal,M,12,C57BL/6,9.4,n,GE-EPI,1000.0,15.0,Mediso,"0.05 mg/kg med bolus + 0.1 mg/kg med infusion, s.c., 0.4–0.65% ISO",n,n,NA,0.005519084716,0.008404037783,NA,0.05524,0.055233,0.066404,0.045635,0.042944,0.043192,0.041885,0.052103,0.061007,0.043059,0.064204,0.044064,0.043786,0.036512,0.050017,0.045994,0.039863,0.027309
NA,sub-COMR421b-PND30,1,Longitudinal,M,4,C57BL/6,9.4,n,GE-EPI,1000.0,15.0,Mediso,"0.05 mg/kg med bolus + 0.1 mg/kg med infusion, s.c., 0.4–0.65% ISO",n,n,NA,0.007473605779,0.0123083312,NA,0.069642,0.065852,0.06206,0.036702,0.037209,0.0474,0.049689,0.046669,0.052579,0.037478,0.068845,0.043528,0.052768,0.040932,0.048134,0.057063,0.046176,0.032972
NA,sub-COMR421b-PND90,2,Longitudinal,M,12,C57BL/6,9.4,n,GE-EPI,1000.0,15.0,Mediso,"0.05 mg/kg med bolus + 0.1 mg/kg med infusion, s.c., 0.4–0.65% ISO",n,n,NA,0.008197130228,0.01259542892,NA,0.090318,0.098046,0.089905,0.06901,0.068484,0.076117,0.109825,0.086522,0.109572,0.070214,0.111319,0.107259,0.081812,0.054356,0.065115,0.069053,0.106071,0.052378
NA,sub-COMR421f-PND30,1,Longitudinal,F,4,C57BL/6,9.4,n,GE-EPI,1000.0,15.0,Mediso,"0.05 mg/kg med bolus + 0.1 mg/kg med infusion, s.c., 0.4–0.65% ISO",n,n,NA,0.007109974847,0.01299713849,NA,0.089208,0.075674,0.061114,0.053699,0.043803,0.056147,0.059207,0.046387,0.065723,0.04274,0.06455,0.068393,0.089283,0.061443,0.072864,0.062636,0.062698,0.026812
NA,sub-COMR421f-PND90,2,Longitudinal,F,12,C57BL/6,9.4,n,GE-EPI,1000.0,15.0,Mediso,"0.05 mg/kg med bolus + 0.1 mg/kg med infusion, s.c., 0.4–0.65% ISO",n,n,NA,0.004911227186,0.007102097003,NA,0.047865,0.079152,0.061571,0.054401,0.044642,0.041844,0.051064,0.049584,0.057666,0.044811,0.0735,0.06014,0.055798,0.040595,0.057905,0.043044,0.051674,0.018891
NA,sub-COMR431c-PND30,1,Longitudinal,F,4,C57BL/6,9.4,n,GE-EPI,1000.0,15.0,Mediso,"0.05 mg/kg med bolus + 0.1 mg/kg med infusion, s.c., 0.4–0.65% ISO",n,n,NA,0.008106713008,0.01431838265,NA,0.171061,0.096194,0.126986,0.108732,0.139409,0.11605,0.069174,0.048068,0.110836,0.066549,0.165617,0.157003,0.109471,0.089277,0.17251,0.089792,0.097625,0.06584
NA,sub-COMR431c-PND90,2,Longitudinal,F,12,C57BL/6,9.4,n,GE-EPI,1000.0,15.0,Mediso,"0.05 mg/kg med bolus + 0.1 mg/kg med infusion, s.c., 0.4–0.65% ISO",n,n,NA,0.006217238071,0.009072026555,NA,0.083232,0.081477,0.076171,0.06623,0.060647,0.058574,0.064913,0.079012,0.10793,0.061236,0.085864,0.087816,0.082013,0.075261,0.099907,0.075387,0.080716,0.035938
NA,sub-419087,1,MPTP,M,NA,C57BL/6J,11.75,NA,EPI,1000.0,17.0,NA,NA,NA,NA,NA,0.01073073123,0.01980636279,NA,0.067693,0.080261,0.048962,0.045254,0.052257,0.052677,0.081088,0.042976,0.082212,0.042047,0.085678,0.076905,0.056951,0.045407,0.094697,0.101813,0.127946,0.033698
NA,sub-420112,1,MPTP,M,NA,C57BL/6J,11.75,NA,EPI,1000.0,17.0,NA,NA,NA,NA,NA,0.009114278653,0.0164235638,NA,0.070137,0.102825,0.07569,0.049828,0.052544,0.043232,0.087726,0.029178,0.11569,0.037034,0.090985,0.057307,0.054971,0.041936,0.087915,0.040741,0.091599,0.049217
NA,sub-420115,1,MPTP,M,NA,C57BL/6J,11.75,NA,EPI,1000.0,17.0,NA,NA,NA,NA,NA,0.009397763664,0.01771934004,NA,0.1175,0.057756,0.075349,0.04624,0.038249,0.045891,0.06338,0.040006,0.067961,0.049372,0.055995,0.055886,0.07031,0.058946,0.102821,0.074063,0.067666,0.047805
NA,sub-420122,1,MPTP,M,NA,C57BL/6J,11.75,NA,EPI,1000.0,17.0,NA,NA,NA,NA,NA,0.008446025228,0.01464629034,NA,0.046824,0.090271,0.055485,0.046492,0.049559,0.034848,0.041815,0.03464,0.065294,0.052127,0.055876,0.055047,0.044894,0.043236,0.096281,0.046468,0.047387,0.032283
NA,sub-420124,1,MPTP,M,NA,C57BL/6J,11.75,NA,EPI,1000.0,17.0,NA,NA,NA,NA,NA,0.009785092252,0.01971147495,NA,0.107866,0.077338,0.084722,0.065755,0.049514,0.047213,0.065988,0.028792,0.099333,0.056902,0.059761,0.047805,0.077988,0.048577,0.095534,0.048934,0.063515,0.060719
NA,sub-421521,1,MPTP,M,NA,C57BL/6J,11.75,NA,EPI,1000.0,17.0,NA,NA,NA,NA,NA,0.00988308219,0.01874686905,NA,0.09673,0.092927,0.05367,0.044155,0.037596,0.03937,0.063129,0.051622,0.078213,0.050505,0.064262,0.059016,0.070155,0.048276,0.072222,0.047345,0.037272,0.044813
NA,sub-421524,1,MPTP,M,NA,C57BL/6J,11.75,NA,EPI,1000.0,17.0,NA,NA,NA,NA,NA,0.01061200597,0.02049256421,NA,0.076923,0.068727,0.048034,0.051688,0.042914,0.03474,0.066469,0.042302,0.073844,0.034412,0.049897,0.047411,0.064076,0.042148,0.099545,0.048434,0.048905,0.031655
NA,sub-421533,1,MPTP,M,NA,C57BL/6J,11.75,NA,EPI,1000.0,17.0,NA,NA,NA,NA,NA,0.009434774427,0.01734741417,NA,0.064028,0.050674,0.053794,0.045329,0.035928,0.042343,0.054841,0.04629,0.057824,0.074184,0.097316,0.049147,0.075754,0.040429,0.064793,0.054516,0.087254,0.035503
NA,sub-422721,1,MPTP,M,NA,C57BL/6J,11.75,NA,EPI,1000.0,17.0,NA,NA,NA,NA,NA,0.01332890441,0.02755487586,NA,0.068176,0.061232,0.057247,0.049812,0.047449,0.043817,0.058763,0.048609,0.058105,0.074423,0.076268,0.080611,0.068161,0.040523,0.087971,0.062659,0.079871,0.044813
NA,sub-001,1,Multicenter,M,NA,C57BL/6J,7.0,Cryo,EPI,1000.0,15.0,Mediso,"0.05 mg/kg med bolus + 0.1 mg/kg med infusion, i.v., 0.5% iso",y,NA,NA,0.00434073724,0.00841875561,NA,0.063505,0.062486,0.078337,0.038199,0.033506,0.037822,0.03548,0.042569,0.055358,0.043093,0.040295,0.046994,0.041134,0.042676,0.059614,0.047151,0.032616,0.0293
NA,sub-002,1,Multicenter,M,NA,C57BL/6J,7.0,Cryo,EPI,1000.0,15.0,Mediso,"0.05 mg/kg med bolus + 0.1 mg/kg med infusion, i.v., 0.5% iso",y,NA,NA,0.006868971982,0.01446924905,NA,0.059008,0.059461,0.063207,0.036244,0.038426,0.030924,0.036356,0.048056,0.061131,0.037075,0.034011,0.040164,0.045984,0.031456,0.046234,0.036898,0.045652,0.032065
NA,sub-003,1,Multicenter,M,NA,C57BL/6J,7.0,Cryo,EPI,1000.0,15.0,Mediso,"0.05 mg/kg med bolus + 0.1 mg/kg med infusion, i.v., 0.5% iso",y,NA,NA,0.004805405828,0.009413081244,NA,0.062457,0.07224,0.076048,0.036153,0.031655,0.032534,0.046259,0.04693,0.047254,0.038524,0.041434,0.048048,0.035475,0.039512,0.05158,0.040669,0.036485,0.029822
NA,sub-004,1,Multicenter,M,NA,C57BL/6J,7.0,Cryo,EPI,1000.0,15.0,Mediso,"0.05 mg/kg med bolus + 0.1 mg/kg med infusion, i.v., 0.5% iso",y,NA,NA,0.004391320916,0.008151504712,NA,0.06875,0.061508,0.051649,0.034478,0.031955,0.030292,0.046892,0.030415,0.043114,0.039478,0.034348,0.045019,0.038728,0.030639,0.062922,0.035174,0.035818,0.025313
NA,sub-005,1,Multicenter,M,NA,C57BL/6J,7.0,Cryo,EPI,1000.0,15.0,Mediso,"0.05 mg/kg med bolus + 0.1 mg/kg med infusion, i.v., 0.5% iso",y,NA,NA,0.004319339152,0.008383598712,NA,0.072645,0.06712,0.086948,0.045166,0.032753,0.034036,0.042137,0.040591,0.058497,0.033755,0.036532,0.04481,0.039776,0.039865,0.055915,0.045969,0.036991,0.030885
NA,sub-006,1,Multicenter,M,NA,C57BL/6J,7.0,Cryo,EPI,1000.0,15.0,Mediso,"0.05 mg/kg med bolus + 0.1 mg/kg med infusion, i.v., 0.5% iso",y,NA,NA,0.004474733114,0.00825084776,NA,0.06527,0.080295,0.089655,0.05463,0.034358,0.028048,0.044746,0.050315,0.048291,0.042202,0.040752,0.057365,0.040183,0.041311,0.063402,0.041108,0.035084,0.024107
NA,sub-007,1,Multicenter,M,NA,C57BL/6J,7.0,Cryo,EPI,1000.0,15.0,Mediso,"0.05 mg/kg med bolus + 0.1 mg/kg med infusion, i.v., 0.5% iso",y,NA,NA,0.004616573705,0.008885533926,NA,0.058291,0.073834,0.085304,0.04974,0.041503,0.033488,0.052538,0.043515,0.046611,0.046097,0.036215,0.03763,0.040142,0.032731,0.052534,0.040973,0.036285,0.026888
NA,sub-008,1,Multicenter,M,NA,C57BL/6J,7.0,Cryo,EPI,1000.0,15.0,Mediso,"0.05 mg/kg med bolus + 0.1 mg/kg med infusion, i.v., 0.5% iso",y,NA,NA,0.003879020413,0.007040541544,NA,0.068579,0.064371,0.059231,0.038491,0.035772,0.034875,0.040892,0.039157,0.039345,0.037966,0.038343,0.043088,0.044688,0.032966,0.058675,0.036013,0.035446,0.030448
NA,sub-009,1,Multicenter,F,NA,C57BL/6J,7.0,Cryo,EPI,1000.0,15.0,Mediso,"0.05 mg/kg med bolus + 0.1 mg/kg med infusion, i.v., 0.5% iso",y,NA,NA,0.004263006768,0.008161539954,NA,0.058496,0.078591,0.096417,0.045966,0.034389,0.039615,0.04072,0.049062,0.04528,0.032605,0.035036,0.033268,0.040735,0.041168,0.050346,0.035796,0.029214,0.031078
NA,sub-010,1,Multicenter,F,NA,C57BL/6J,7.0,Cryo,EPI,1000.0,15.0,Mediso,"0.05 mg/kg med bolus + 0.1 mg/kg med infusion, i.v., 0.5% iso",y,NA,NA,0.003966624861,0.006564959649,NA,0.076559,0.077257,0.10849,0.053632,0.043996,0.040117,0.042803,0.048032,0.067996,0.036375,0.044641,0.059628,0.040255,0.043535,0.084651,0.060638,0.055516,0.043856
NA,sub-011,1,Multicenter,F,NA,C57BL/6J,7.0,Cryo,EPI,1000.0,15.0,Mediso,"0.05 mg/kg med bolus + 0.1 mg/kg med infusion, i.v., 0.5% iso",y,NA,NA,0.003774979961,0.006684586702,NA,0.053602,0.082743,0.102881,0.052333,0.031432,0.041748,0.039412,0.049335,0.061478,0.044841,0.048735,0.045313,0.038432,0.041323,0.04685,0.040467,0.039264,0.024777
NA,sub-012,1,Multicenter,F,NA,C57BL/6J,7.0,Cryo,EPI,1000.0,15.0,Mediso,"0.05 mg/kg med bolus + 0.1 mg/kg med infusion, i.v., 0.5% iso",y,NA,NA,0.003652074274,0.006066842537,NA,0.047043,0.059897,0.079141,0.040898,0.035674,0.04204,0.030163,0.032306,0.049357,0.0377,0.044792,0.043951,0.039997,0.032979,0.040145,0.039219,0.037616,0.03405
NA,sub-013,1,Multicenter,F,NA,C57BL/6J,7.0,Cryo,EPI,1000.0,15.0,Mediso,"0.05 mg/kg med bolus + 0.1 mg/kg med infusion, i.v., 0.5% iso",y,NA,NA,0.003955947988,0.007306404623,NA,0.06961,0.064778,0.090775,0.042486,0.036432,0.036041,0.035253,0.053472,0.06732,0.04248,0.05121,0.050845,0.03546,0.033249,0.056357,0.037491,0.036055,0.032038
NA,sub-014,1,Multicenter,M,NA,C57BL/6J,7.0,Cryo,EPI,1000.0,15.0,Mediso,"0.05 mg/kg med bolus + 0.1 mg/kg med infusion, i.v., 0.5% iso",y,NA,NA,0.005002680296,0.01011821595,NA,0.055331,0.066341,0.088062,0.048499,0.039246,0.038328,0.041031,0.046047,0.050748,0.035709,0.039447,0.047377,0.046482,0.032727,0.042254,0.040218,0.036485,0.024945
NA,sub-015,1,Multicenter,M,NA,C57BL/6J,7.0,Cryo,EPI,1000.0,15.0,Mediso,"0.05 mg/kg med bolus + 0.1 mg/kg med infusion, i.v., 0.5% iso",y,NA,NA,0.004231607131,0.007158022422,NA,0.051314,0.099195,0.146796,0.076942,0.048809,0.07333,0.048978,0.034671,0.04848,0.042582,0.043321,0.03914,0.054622,0.053995,0.049454,0.02856,0.028981,0.028209
NA,sub-016,1,Multicenter,M,NA,C57BL/6J,9.4,Cryo,EPI,1000.0,9.2,Mediso,"0.05 mg/kg med bolus + 0.1 mg/kg med infusion, i.v., 0.5% iso",y,NA,NA,0.007170263327,0.01105985256,NA,0.047574,0.061348,0.047632,0.049514,0.048952,0.034651,0.042403,0.029158,0.035237,0.030104,0.043566,0.031308,0.044921,0.032176,0.037442,0.030964,0.025604,0.0134
NA,sub-017,1,Multicenter,M,NA,C57BL/6J,9.4,Cryo,EPI,1000.0,9.2,Mediso,"0.05 mg/kg med bolus + 0.1 mg/kg med infusion, i.v., 0.5% iso",y,NA,NA,0.006377216287,0.00945271478,NA,0.040197,0.052257,0.061713,0.023479,0.024398,0.032831,0.027113,0.039629,0.034743,0.023771,0.03047,0.026815,0.035974,0.033453,0.029911,0.031252,0.032275,0.020318
NA,sub-018,1,Multicenter,M,NA,C57BL/6J,9.4,Cryo,EPI,1000.0,9.2,Mediso,"0.05 mg/kg med bolus + 0.1 mg/kg med infusion, i.v., 0.5% iso",y,NA,NA,0.006863532899,0.009820615866,NA,0.033528,0.038211,0.036771,0.033515,0.015075,0.025506,0.027623,0.031067,0.024351,0.02618,0.031038,0.046856,0.022858,0.017237,0.024783,0.019176,0.025173,0.021439
NA,sub-019,1,Multicenter,M,NA,C57BL/6J,9.4,Cryo,EPI,1000.0,9.2,Mediso,"0.05 mg/kg med bolus + 0.1 mg/kg med infusion, i.v., 0.5% iso",y,NA,NA,0.00877567847,0.01364497643,NA,0.034598,0.041778,0.039688,0.038669,0.019429,0.023791,0.027893,0.050149,0.025087,0.026881,0.038043,0.0306,0.029188,0.018671,0.035172,0.026641,0.028979,0.01814
NA,sub-020,1,Multicenter,M,NA,C57BL/6J,9.4,Cryo,EPI,1000.0,9.2,Mediso,"0.05 mg/kg med bolus + 0.1 mg/kg med infusion, i.v., 0.5% iso",y,NA,NA,0.007380476818,0.016570147,NA,0.048016,0.064668,0.069209,0.055806,0.036413,0.043455,0.037987,0.0305,0.059984,0.049168,0.048694,0.056001,0.043956,0.032013,0.036024,0.029492,0.032327,0.025008
NA,sub-021,1,Multicenter,M,NA,C57BL/6J,9.4,Cryo,EPI,1000.0,9.2,Mediso,"0.05 mg/kg med bolus + 0.1 mg/kg med infusion, i.v., 0.5% iso",y,NA,NA,0.006242331578,0.009114502836,NA,0.038652,0.02876,0.048921,0.017443,0.034414,0.039597,0.029142,0.021958,0.02547,0.017915,0.031722,0.022924,0.044638,0.027428,0.028858,0.033239,0.029038,0.008976
NA,sub-022,1,Multicenter,M,NA,C57BL/6J,9.4,Cryo,EPI,1000.0,9.2,Mediso,"0.05 mg/kg med bolus + 0.1 mg/kg med infusion, i.v., 0.5% iso",y,NA,NA,0.009013204967,0.0132493965,NA,0.052047,0.051673,0.068915,0.036685,0.036655,0.034652,0.023211,0.025716,0.057478,0.039786,0.03423,0.039932,0.033024,0.021121,0.043393,0.042126,0.031338,0.017157
NA,sub-023,1,Multicenter,M,NA,C57BL/6J,9.4,Cryo,EPI,1000.0,9.2,Mediso,"0.05 mg/kg med bolus + 0.1 mg/kg med infusion, i.v., 0.5% iso",y,NA,NA,0.005953929397,0.009037392903,NA,0.060164,0.050832,0.083054,0.03398,0.027789,0.032968,0.030892,0.031002,0.039397,0.040122,0.026801,0.033425,0.035438,0.029801,0.036587,0.032942,0.023703,0.024081
NA,sub-024,1,Multicenter,M,NA,C57BL/6J,9.4,Cryo,EPI,1000.0,9.2,Mediso,"0.05 mg/kg med bolus + 0.1 mg/kg med infusion, i.v., 0.5% iso",y,NA,NA,0.005791914149,0.009922982187,NA,0.051315,0.060379,0.055608,0.029313,0.033985,0.029298,0.032654,0.049718,0.045404,0.02887,0.037038,0.046278,0.041744,0.028645,0.031724,0.020726,0.022548,0.033803
NA,sub-025,1,Multicenter,M,NA,C57BL/6J,9.4,Cryo,EPI,1000.0,9.2,Mediso,"0.05 mg/kg med bolus + 0.1 mg/kg med infusion, i.v., 0.5% iso",y,NA,NA,0.00657744669,0.01106215173,NA,0.050255,0.030251,0.025926,0.040701,0.027533,0.033477,0.036593,0.02296,0.061764,0.025717,0.049773,0.027363,0.034314,0.027203,0.043158,0.031916,0.029271,0.011536
NA,sub-026,1,Multicenter,M,NA,C57BL/6J,9.4,Cryo,EPI,1000.0,9.2,Mediso,"0.05 mg/kg med bolus + 0.1 mg/kg med infusion, i.v., 0.5% iso",y,NA,NA,0.008829678227,0.01169556093,NA,0.054611,0.050796,0.064345,0.027022,0.022281,0.033607,0.032516,0.025518,0.029331,0.035028,0.035125,0.03027,0.022729,0.02803,0.038093,0.028491,0.01958,0.019708
NA,sub-027,1,Multicenter,M,NA,C57BL/6J,9.4,Cryo,EPI,1000.0,9.2,Mediso,"0.05 mg/kg med bolus + 0.1 mg/kg med infusion, i.v., 0.5% iso",y,NA,NA,0.005972838767,0.008209046389,NA,0.036272,0.040979,0.051134,0.023637,0.022719,0.028639,0.02644,0.033892,0.025588,0.021721,0.036055,0.023173,0.025627,0.024227,0.027555,0.023728,0.026005,0.018945
NA,sub-028,1,Multicenter,M,NA,C57BL/6J,9.4,Cryo,EPI,1000.0,9.2,Mediso,"0.05 mg/kg med bolus + 0.1 mg/kg med infusion, i.v., 0.5% iso",y,NA,NA,0.006768442893,0.01030220139,NA,0.052438,0.041929,0.066992,0.030175,0.023218,0.031695,0.045412,0.042109,0.043769,0.03205,0.033363,0.03896,0.039951,0.034607,0.040707,0.04459,0.028344,0.015407
NA,sub-029,1,Multicenter,M,NA,C57BL/6J,9.4,Cryo,EPI,1000.0,9.2,Mediso,"0.05 mg/kg med bolus + 0.1 mg/kg med infusion, i.v., 0.5% iso",y,NA,NA,0.006159011932,0.009347239948,NA,0.046601,0.062765,0.089207,0.043135,0.03127,0.034362,0.035568,0.053031,0.048116,0.033699,0.056482,0.053115,0.031777,0.022613,0.032594,0.026858,0.049938,0.02389
NA,sub-030,1,Multicenter,M,NA,C57BL/6J,9.4,Cryo,EPI,1000.0,9.2,Mediso,"0.05 mg/kg med bolus + 0.1 mg/kg med infusion, i.v., 0.5% iso",y,NA,NA,0.005006510027,0.007768139055,NA,0.061509,0.068736,0.085448,0.02907,0.021977,0.033677,0.028266,0.036041,0.022956,0.032995,0.032404,0.026898,0.031638,0.027808,0.036906,0.030043,0.028288,0.020527
NA,sub-031,1,Multicenter,NA,NA,C57BL/6J,7.0,Cryo,EPI,1700.0,10.0,Med,"0.3 mg/kg med bolus + 0.6 mg/kg med infusion, s.c.",n,NA,NA,0.007730924006,0.01177546826,NA,0.056774,0.042919,0.032251,0.036648,0.031703,0.027111,0.031359,0.031172,0.05231,0.028505,0.053511,0.045334,0.022499,0.026975,0.060733,0.037521,0.037634,0.036269
NA,sub-032,1,Multicenter,NA,NA,C57BL/6J,7.0,Cryo,EPI,1700.0,10.0,Med,"0.3 mg/kg med bolus + 0.6 mg/kg med infusion, s.c.",n,NA,NA,0.006875135439,0.01004240463,NA,0.04603,0.03947,0.02919,0.028044,0.027343,0.026975,0.060923,0.027676,0.037459,0.023584,0.047779,0.061684,0.023076,0.0178,0.037372,0.022901,0.029907,0.022076
NA,sub-033,1,Multicenter,NA,NA,C57BL/6J,7.0,Cryo,EPI,1700.0,10.0,Med,"0.3 mg/kg med bolus + 0.6 mg/kg med infusion, s.c.",n,NA,NA,0.007678198908,0.01153491252,NA,0.060991,0.05662,0.047012,0.039199,0.043905,0.047324,0.060088,0.05662,0.095132,0.043329,0.080135,0.089366,0.055207,0.04113,0.081954,0.061896,0.0859,0.042056
NA,sub-034,1,Multicenter,NA,NA,C57BL/6J,7.0,Cryo,EPI,1700.0,10.0,Med,"0.3 mg/kg med bolus + 0.6 mg/kg med infusion, s.c.",n,NA,NA,0.008164736046,0.01296967184,NA,0.052503,0.031903,0.025975,0.027042,0.026889,0.020992,0.054231,0.051077,0.057233,0.026001,0.041625,0.06634,0.029141,0.022795,0.058954,0.034827,0.042672,0.023136
NA,sub-035,1,Multicenter,NA,NA,C57BL/6J,7.0,Cryo,EPI,1700.0,10.0,Med,"0.3 mg/kg med bolus + 0.6 mg/kg med infusion, s.c.",n,NA,NA,0.008126143041,0.0131133258,NA,0.055441,0.038433,0.045167,0.032771,0.035275,0.048927,0.072084,0.035771,0.09719,0.041845,0.084886,0.0851,0.0334,0.03174,0.097008,0.034918,0.059587,0.034748
NA,sub-036,1,Multicenter,NA,NA,C57BL/6J,7.0,Cryo,EPI,1700.0,10.0,Med,"0.3 mg/kg med bolus + 0.6 mg/kg med infusion, s.c.",n,NA,NA,0.00784362785,0.01147391947,NA,0.040825,0.034551,0.021171,0.0246,0.019176,0.020094,0.049416,0.021163,0.036085,0.026422,0.039331,0.04028,0.024361,0.019597,0.029932,0.031987,0.036014,0.021588
NA,sub-037,1,Multicenter,NA,NA,C57BL/6J,7.0,Cryo,EPI,1700.0,10.0,Med,"0.3 mg/kg med bolus + 0.6 mg/kg med infusion, s.c.",n,NA,NA,0.006611174716,0.00966198664,NA,0.052502,0.035263,0.033375,0.034206,0.036739,0.02378,0.035604,0.03214,0.049556,0.027099,0.046719,0.054147,0.030963,0.025533,0.047122,0.04149,0.042298,0.026286
NA,sub-038,1,Multicenter,NA,NA,C57BL/6J,7.0,Cryo,EPI,1700.0,10.0,Med,"0.3 mg/kg med bolus + 0.6 mg/kg med infusion, s.c.",n,NA,NA,0.008469401014,0.01369331348,NA,0.045173,0.02916,0.021007,0.025721,0.016921,0.022365,0.064891,0.019925,0.034902,0.027521,0.041742,0.065467,0.02047,0.019416,0.03425,0.027749,0.029298,0.017474
NA,sub-039,1,Multicenter,NA,NA,C57BL/6J,7.0,Cryo,EPI,1700.0,10.0,Med,"0.3 mg/kg med bolus + 0.6 mg/kg med infusion, s.c.",n,NA,NA,0.009040147342,0.01572161939,NA,0.052109,0.043473,0.023357,0.036489,0.036428,0.031136,0.097934,0.031821,0.040577,0.034325,0.041387,0.056756,0.029956,0.018175,0.036454,0.031454,0.038195,0.026438
NA,sub-040,1,Multicenter,NA,NA,C57BL/6J,7.0,Cryo,EPI,1700.0,10.0,Med,"0.3 mg/kg med bolus + 0.6 mg/kg med infusion, s.c.",n,NA,NA,0.007464903831,0.01191360416,NA,0.057703,0.075151,0.033983,0.023473,0.025028,0.025292,0.040036,0.028736,0.053669,0.03706,0.046022,0.051388,0.023927,0.026151,0.034145,0.035036,0.041534,0.016085
NA,sub-041,1,Multicenter,NA,NA,C57BL/6J,7.0,Cryo,EPI,1700.0,10.0,Med,"0.3 mg/kg med bolus + 0.6 mg/kg med infusion, s.c.",n,NA,NA,0.008492774778,0.01478095819,NA,0.053477,0.036929,0.028956,0.02715,0.031453,0.026033,0.079861,0.024773,0.034243,0.027922,0.047246,0.055429,0.032547,0.02132,0.033252,0.032873,0.052446,0.017125
NA,sub-042,1,Multicenter,NA,NA,C57BL/6J,7.0,Cryo,EPI,1700.0,10.0,Med,"0.3 mg/kg med bolus + 0.6 mg/kg med infusion, s.c.",n,NA,NA,0.009907196383,0.01692225154,NA,0.120006,0.059669,0.108355,0.045937,0.088402,0.066323,0.281059,0.155099,0.167528,0.065165,0.132446,0.283314,0.07184,0.079637,0.131843,0.093111,0.119958,0.059962
NA,sub-043,1,Multicenter,NA,NA,C57BL/6J,7.0,Cryo,EPI,1700.0,10.0,Med,"0.3 mg/kg med bolus + 0.6 mg/kg med infusion, s.c.",n,NA,NA,0.007748879101,0.01258316897,NA,0.057505,0.038339,0.023702,0.026841,0.047245,0.029134,0.111601,0.068908,0.075303,0.043947,0.116835,0.229032,0.036566,0.03928,0.105108,0.04354,0.06264,0.035174
NA,sub-044,1,Multicenter,NA,NA,C57BL/6J,7.0,Cryo,EPI,1700.0,10.0,Med,"0.3 mg/kg med bolus + 0.6 mg/kg med infusion, s.c.",n,NA,NA,0.007622971152,0.01258431926,NA,0.053759,0.029802,0.027335,0.020602,0.030685,0.028589,0.081962,0.03293,0.039383,0.038638,0.046036,0.084403,0.017579,0.023293,0.037525,0.021455,0.041759,0.027195
NA,sub-045,1,Multicenter,NA,NA,C57BL/6J,7.0,Cryo,EPI,1700.0,10.0,Med,"0.3 mg/kg med bolus + 0.6 mg/kg med infusion, s.c.",n,NA,NA,0.008466303309,0.0145366339,NA,0.0513,0.029984,0.022828,0.040138,0.022609,0.026316,0.079096,0.04371,0.028572,0.039287,0.064443,0.100837,0.021019,0.01416,0.027598,0.043978,0.02984,0.019913
NA,sub-046,1,Multicenter,M,NA,C57BL/6J,7.0,RT,EPI,1200.0,15.0,Hal,0.75% halothane,y,NA,NA,0.009932014555,0.02067078517,NA,0.079927,0.13008,0.174561,0.084047,0.099898,0.133365,0.089338,0.072139,0.116265,0.079618,0.0938,0.081811,0.064539,0.054477,0.081282,0.064666,0.061012,0.04888
NA,sub-047,1,Multicenter,M,NA,C57BL/6J,7.0,RT,EPI,1200.0,15.0,Hal,0.75% halothane,y,NA,NA,0.01735000582,0.03789148872,NA,0.09309,0.171089,0.185132,0.10043,0.109585,0.127668,0.107503,0.081892,0.074194,0.066579,0.11452,0.081093,0.110251,0.051007,0.080834,0.072963,0.073289,0.03827
NA,sub-048,1,Multicenter,M,NA,C57BL/6J,7.0,RT,EPI,1200.0,15.0,Hal,0.75% halothane,y,NA,NA,0.01232224451,0.02563897022,NA,0.066572,0.088186,0.094142,0.107953,0.073432,0.119805,0.06502,0.066585,0.067866,0.056666,0.07939,0.075243,0.055633,0.049365,0.061806,0.039781,0.048787,0.048915
NA,sub-049,1,Multicenter,M,NA,C57BL/6J,7.0,RT,EPI,1200.0,15.0,Hal,0.75% halothane,y,NA,NA,0.01043171327,0.02207619421,NA,0.07293,0.115981,0.099106,0.085338,0.070026,0.086772,0.069215,0.06938,0.069146,0.060048,0.068674,0.063641,0.070917,0.043639,0.068251,0.049062,0.051416,0.047907
NA,sub-050,1,Multicenter,M,NA,C57BL/6J,7.0,RT,EPI,1200.0,15.0,Hal,0.75% halothane,y,NA,NA,0.007567176635,0.01543061138,NA,0.072917,0.131998,0.146777,0.076543,0.096631,0.109886,0.077895,0.081291,0.097646,0.061911,0.103534,0.108976,0.067457,0.057689,0.065247,0.058753,0.074961,0.04475
NA,sub-051,1,Multicenter,M,NA,C57BL/6J,7.0,RT,EPI,1200.0,15.0,Hal,0.75% halothane,y,NA,NA,0.01536155801,0.02556109513,NA,0.099051,0.130643,0.139564,0.11042,0.079453,0.116962,0.098068,0.063061,0.088874,0.080534,0.117314,0.147106,0.097576,0.058161,0.101935,0.052791,0.058317,0.053032
NA,sub-052,1,Multicenter,M,NA,C57BL/6J,7.0,RT,EPI,1200.0,15.0,Hal,0.75% halothane,y,NA,NA,0.01112640318,0.02275062302,NA,0.094413,0.137265,0.129228,0.065918,0.085104,0.118377,0.070228,0.077921,0.082059,0.07769,0.079181,0.085071,0.058665,0.051395,0.070453,0.051432,0.05953,0.048335
NA,sub-053,1,Multicenter,M,NA,C57BL/6J,7.0,RT,EPI,1200.0,15.0,Hal,0.75% halothane,y,NA,NA,0.00556295171,0.0060840277,NA,0.070775,0.07654,0.107008,0.090468,0.088383,0.110435,0.066055,0.061596,0.06081,0.05497,0.097742,0.069967,0.069555,0.028045,0.058099,0.046474,0.065561,0.041161
NA,sub-054,1,Multicenter,M,NA,C57BL/6J,7.0,RT,EPI,1200.0,15.0,Hal,0.75% halothane,y,NA,NA,0.009773145901,0.0212095432,NA,0.087755,0.110169,0.117764,0.067832,0.074625,0.092963,0.086279,0.066519,0.078397,0.057746,0.089246,0.087726,0.073919,0.062151,0.086993,0.060354,0.068394,0.052662
NA,sub-055,1,Multicenter,M,NA,C57BL/6J,7.0,RT,EPI,1200.0,15.0,Hal,0.75% halothane,y,NA,NA,0.009037169794,0.01818195945,NA,0.097478,0.124259,0.118757,0.09891,0.110201,0.121157,0.079178,0.069032,0.106831,0.101451,0.100203,0.096209,0.06759,0.054911,0.086285,0.065897,0.090662,0.060343
NA,sub-056,1,Multicenter,M,NA,C57BL/6J,7.0,RT,EPI,1200.0,15.0,Hal,0.75% halothane,y,NA,NA,0.00990274876,0.01954825124,NA,0.086696,0.099492,0.137397,0.105472,0.112865,0.116135,0.077673,0.073648,0.081384,0.060052,0.092962,0.124071,0.07279,0.060245,0.077551,0.05393,0.065435,0.068046
NA,sub-057,1,Multicenter,M,NA,C57BL/6J,7.0,RT,EPI,1200.0,15.0,Hal,0.75% halothane,y,NA,NA,0.0142944734,0.03033350913,NA,0.087481,0.131807,0.149365,0.092844,0.083992,0.125902,0.076411,0.067864,0.112107,0.089386,0.081235,0.125536,0.063735,0.046498,0.071976,0.051168,0.070732,0.053385
NA,sub-058,1,Multicenter,M,NA,C57BL/6J,7.0,RT,EPI,1200.0,15.0,Hal,0.75% halothane,y,NA,NA,0.007250453845,0.01350475527,NA,0.100189,0.130406,0.145997,0.08628,0.092315,0.106598,0.091164,0.065122,0.106035,0.077849,0.093031,0.098626,0.084614,0.066665,0.082493,0.072756,0.067664,0.053835
NA,sub-059,1,Multicenter,M,NA,C57BL/6J,7.0,RT,EPI,1200.0,15.0,Hal,0.75% halothane,y,NA,NA,0.007154402852,0.01340317617,NA,0.093882,0.119587,0.115635,0.096764,0.100463,0.135658,0.084686,0.088257,0.133797,0.071911,0.151564,0.119104,0.110317,0.060759,0.089058,0.047092,0.065992,0.075959
NA,sub-060,1,Multicenter,M,NA,C57BL/6J,7.0,RT,EPI,1200.0,15.0,Hal,0.75% halothane,y,NA,NA,0.01657559629,0.03633753522,NA,0.072127,0.094824,0.093101,0.094494,0.078879,0.096677,0.077428,0.065857,0.088156,0.07328,0.079039,0.075632,0.059322,0.057277,0.065967,0.053272,0.054685,0.058535
NA,sub-061,1,Multicenter,NA,NA,C57BL/6J,9.4,Cryo,EPI,1300.0,18.0,Med,"0.4 mg/kg med bolus + 0.8 mg/kg med infusion, i.p",n,NA,NA,0.009903678327,0.01512429155,NA,0.084367,0.087268,0.06199,0.046412,0.040282,0.037883,0.053152,0.059292,0.083464,0.056684,0.053771,0.064842,0.057324,0.043024,0.075611,0.058507,0.036155,0.04825
NA,sub-062,1,Multicenter,NA,NA,C57BL/6J,9.4,Cryo,EPI,1300.0,18.0,Med,"0.4 mg/kg med bolus + 0.8 mg/kg med infusion, i.p",n,NA,NA,0.009004734169,0.01497945715,NA,0.094913,0.098293,0.086205,0.053415,0.05918,0.043704,0.073147,0.069188,0.09321,0.091578,0.072266,0.098425,0.07408,0.036776,0.071168,0.052347,0.064035,0.072603
NA,sub-063,1,Multicenter,NA,NA,C57BL/6J,9.4,Cryo,EPI,1300.0,18.0,Med,"0.4 mg/kg med bolus + 0.8 mg/kg med infusion, i.p",n,NA,NA,0.01195967599,0.0207217595,NA,0.09579,0.087363,0.073072,0.05104,0.051926,0.050507,0.067894,0.083822,0.104549,0.067267,0.061507,0.088525,0.054462,0.035463,0.079004,0.046539,0.055872,0.064829
NA,sub-064,1,Multicenter,NA,NA,C57BL/6J,9.4,Cryo,EPI,1300.0,18.0,Med,"0.4 mg/kg med bolus + 0.8 mg/kg med infusion, i.p",n,NA,NA,0.0108824826,0.01871805778,NA,0.081242,0.082195,0.083845,0.053864,0.046925,0.045627,0.064434,0.06598,0.095393,0.068201,0.062607,0.088665,0.049512,0.034946,0.060042,0.052074,0.044255,0.065556
NA,sub-065,1,Multicenter,NA,NA,C57BL/6J,9.4,Cryo,EPI,1300.0,18.0,Med,"0.4 mg/kg med bolus + 0.8 mg/kg med infusion, i.p",n,NA,NA,0.01417168053,0.02631535713,NA,0.087205,0.134897,0.133002,0.071828,0.082745,0.059308,0.128978,0.076981,0.1211,0.066133,0.088623,0.131225,0.112553,0.070647,0.094648,0.053626,0.056251,0.127423
NA,sub-066,1,Multicenter,NA,NA,C57BL/6J,9.4,Cryo,EPI,1300.0,18.0,Med,"0.4 mg/kg med bolus + 0.8 mg/kg med infusion, i.p",n,NA,NA,0.01047719812,0.01754661508,NA,0.075632,0.087072,0.070004,0.062305,0.046301,0.047017,0.065217,0.062535,0.08937,0.068954,0.077992,0.095315,0.059902,0.04666,0.064504,0.052047,0.045757,0.059403
NA,sub-067,1,Multicenter,NA,NA,C57BL/6J,9.4,Cryo,EPI,1300.0,18.0,Med,"0.4 mg/kg med bolus + 0.8 mg/kg med infusion, i.p",n,NA,NA,0.009576040858,0.0172923237,NA,0.124673,0.113034,0.10312,0.064376,0.068211,0.06248,0.062516,0.081539,0.115484,0.082762,0.086272,0.127304,0.067175,0.054373,0.084707,0.044082,0.064527,0.096187
NA,sub-068,1,Multicenter,NA,NA,C57BL/6J,9.4,Cryo,EPI,1300.0,18.0,Med,"0.4 mg/kg med bolus + 0.8 mg/kg med infusion, i.p",n,NA,NA,0.03922094987,0.07387236,NA,0.09916,0.115541,0.085237,0.182489,0.100562,0.100469,0.18711,0.076052,0.148309,0.066357,0.077646,0.131572,0.086449,0.062925,0.132059,0.142023,0.161399,0.093391
NA,sub-069,1,Multicenter,NA,NA,C57BL/6J,9.4,Cryo,EPI,1300.0,18.0,Med,"0.4 mg/kg med bolus + 0.8 mg/kg med infusion, i.p",n,NA,NA,0.01135869941,0.02071846484,NA,0.089671,0.089541,0.074649,0.056387,0.05624,0.056681,0.05243,0.058697,0.089959,0.068305,0.07367,0.100726,0.07375,0.052469,0.077236,0.044616,0.051885,0.038619
NA,sub-070,1,Multicenter,NA,NA,C57BL/6J,9.4,Cryo,EPI,1300.0,18.0,Med,"0.4 mg/kg med bolus + 0.8 mg/kg med infusion, i.p",n,NA,NA,0.01290784501,0.02219212864,NA,0.125743,0.08436,0.11961,0.076379,0.073859,0.079123,0.056526,0.05439,0.114142,0.072974,0.093409,0.085088,0.077816,0.053408,0.084192,0.064144,0.086228,0.030411
NA,sub-071,1,Multicenter,NA,NA,C57BL/6J,9.4,Cryo,EPI,1300.0,18.0,Med,"0.4 mg/kg med bolus + 0.8 mg/kg med infusion, i.p",n,NA,NA,0.009805735902,0.01705441345,NA,0.103573,0.096368,0.098491,0.05829,0.045923,0.057091,0.075257,0.066186,0.118889,0.070292,0.071818,0.110939,0.082604,0.057908,0.069228,0.046427,0.072943,0.044612
NA,sub-072,1,Multicenter,NA,NA,C57BL/6J,9.4,Cryo,EPI,1300.0,18.0,Med,"0.4 mg/kg med bolus + 0.8 mg/kg med infusion, i.p",n,NA,NA,0.01022399093,0.0160215198,NA,0.119046,0.160201,0.134421,0.086299,0.070294,0.08081,0.067342,0.055901,0.139049,0.092641,0.100952,0.078318,0.086217,0.061098,0.095166,0.05775,0.075586,0.040225
NA,sub-073,1,Multicenter,NA,NA,C57BL/6J,9.4,Cryo,EPI,1300.0,18.0,Med,"0.4 mg/kg med bolus + 0.8 mg/kg med infusion, i.p",n,NA,NA,0.01360410733,0.02582435869,NA,0.097857,0.142796,0.110028,0.097126,0.068171,0.076658,0.095807,0.059533,0.154493,0.067029,0.065548,0.089565,0.123572,0.081777,0.107558,0.050457,0.08136,0.102668
NA,sub-074,1,Multicenter,NA,NA,C57BL/6J,9.4,Cryo,EPI,1300.0,18.0,Med,"0.4 mg/kg med bolus + 0.8 mg/kg med infusion, i.p",n,NA,NA,0.009346487944,0.01667664347,NA,0.127393,0.126369,0.087709,0.062865,0.050638,0.070514,0.10688,0.073477,0.142411,0.073014,0.086552,0.151512,0.083043,0.052551,0.099847,0.059321,0.073801,0.072252
NA,sub-075,1,Multicenter,NA,NA,C57BL/6J,9.4,Cryo,EPI,1300.0,18.0,Med,"0.4 mg/kg med bolus + 0.8 mg/kg med infusion, i.p",n,NA,NA,0.01055867233,0.0193083265,NA,0.090826,0.114182,0.087282,0.051419,0.051171,0.061087,0.08208,0.07315,0.098243,0.082556,0.070623,0.088234,0.090474,0.053161,0.087855,0.047007,0.044785,0.070117
NA,sub-076,1,Multicenter,NA,NA,C57BL/6J,9.4,RT,EPI,2000.0,15.0,Mediso,"0.3 mg/kg med bolus, s.c., 0.3% iso",n,NA,NA,0.007303835091,0.009634507568,NA,0.074375,0.063585,0.0741,0.056527,0.059878,0.045704,0.053412,0.042177,0.075545,0.052781,0.064136,0.080682,0.060442,0.052108,0.061234,0.052775,0.052604,0.055245
NA,sub-077,1,Multicenter,NA,NA,C57BL/6J,9.4,RT,EPI,2000.0,15.0,Mediso,"0.3 mg/kg med bolus, s.c., 0.3% iso",n,NA,NA,0.007328303631,0.009618388662,NA,0.087369,0.063203,0.077123,0.051553,0.060053,0.048665,0.070191,0.039797,0.066768,0.057497,0.077209,0.047886,0.055235,0.040265,0.066173,0.035592,0.059785,0.055836
NA,sub-078,1,Multicenter,NA,NA,C57BL/6J,9.4,RT,EPI,2000.0,15.0,Mediso,"0.3 mg/kg med bolus, s.c., 0.3% iso",n,NA,NA,0.00894360234,0.01085714825,NA,0.075364,0.070122,0.072735,0.070984,0.063981,0.053466,0.065371,0.067108,0.082,0.068545,0.090111,0.068184,0.073804,0.034346,0.068533,0.050836,0.07971,0.048315
NA,sub-079,1,Multicenter,NA,NA,C57BL/6J,9.4,RT,EPI,2000.0,15.0,Mediso,"0.3 mg/kg med bolus, s.c., 0.3% iso",n,NA,NA,0.007859582267,0.009734652434,NA,0.074763,0.067178,0.093439,0.057188,0.054602,0.039627,0.050935,0.058571,0.073416,0.044415,0.071234,0.073028,0.066557,0.048432,0.064155,0.065325,0.063295,0.050726
NA,sub-080,1,Multicenter,NA,NA,C57BL/6J,9.4,RT,EPI,2000.0,15.0,Mediso,"0.3 mg/kg med bolus, s.c., 0.3% iso",n,NA,NA,0.007597478503,0.009617290888,NA,0.071326,0.061568,0.074055,0.063126,0.046119,0.042711,0.039183,0.046959,0.068729,0.07545,0.085575,0.075907,0.066962,0.051557,0.075,0.054599,0.063121,0.060544
NA,sub-081,1,Multicenter,NA,NA,C57BL/6J,9.4,RT,EPI,2000.0,15.0,Mediso,"0.3 mg/kg med bolus, s.c., 0.3% iso",n,NA,NA,0.007683568887,0.009818086906,NA,0.069692,0.068811,0.098225,0.057897,0.062733,0.07057,0.068421,0.050185,0.09056,0.069006,0.091266,0.067936,0.06657,0.04552,0.085905,0.068307,0.064509,0.054981
NA,sub-082,1,Multicenter,NA,NA,C57BL/6J,9.4,RT,EPI,2000.0,15.0,Mediso,"0.3 mg/kg med bolus, s.c., 0.3% iso",n,NA,NA,0.008075832322,0.01022171377,NA,0.080581,0.068981,0.086449,0.058094,0.04901,0.054028,0.057719,0.055372,0.096004,0.07828,0.074906,0.082456,0.073897,0.04409,0.055745,0.061255,0.051931,0.052936
NA,sub-083,1,Multicenter,NA,NA,C57BL/6J,9.4,RT,EPI,2000.0,15.0,Mediso,"0.3 mg/kg med bolus, s.c., 0.3% iso",n,NA,NA,0.008056606005,0.009810288206,NA,0.06233,0.061805,0.076394,0.062782,0.055646,0.067468,0.051616,0.043192,0.065818,0.063815,0.077125,0.068598,0.051225,0.034586,0.069705,0.058362,0.110711,0.046109
NA,sub-084,1,Multicenter,NA,NA,C57BL/6J,9.4,RT,EPI,2000.0,15.0,Mediso,"0.3 mg/kg med bolus, s.c., 0.3% iso",n,NA,NA,0.00719206575,0.008817617921,NA,0.07602,0.093931,0.049124,0.06807,0.07853,0.061477,0.054644,0.068738,0.080425,0.069553,0.10674,0.077666,0.081223,0.057306,0.074898,0.051843,0.085166,0.03687
NA,sub-085,1,Multicenter,NA,NA,C57BL/6J,9.4,RT,EPI,2000.0,15.0,Mediso,"0.3 mg/kg med bolus, s.c., 0.3% iso",n,NA,NA,0.00902701635,0.0112027542,NA,0.073012,0.07172,0.061906,0.055558,0.095056,0.053575,0.106443,0.05783,0.087974,0.074359,0.071795,0.070365,0.06361,0.062584,0.081065,0.074713,0.062695,0.051788
NA,sub-086,1,Multicenter,NA,NA,C57BL/6J,9.4,RT,EPI,2000.0,15.0,Mediso,"0.3 mg/kg med bolus, s.c., 0.3% iso",n,NA,NA,0.008246565903,0.01082608672,NA,0.08327,0.084973,0.081014,0.050446,0.052004,0.054345,0.097384,0.059552,0.113362,0.086832,0.092907,0.08347,0.073366,0.04718,0.072372,0.070034,0.073312,0.079524
NA,sub-087,1,Multicenter,NA,NA,C57BL/6J,9.4,RT,EPI,2000.0,15.0,Mediso,"0.3 mg/kg med bolus, s.c., 0.3% iso",n,NA,NA,0.008518133902,0.0110903349,NA,0.066925,0.084211,0.114891,0.076444,0.045776,0.05396,0.068945,0.063465,0.073298,0.070091,0.078011,0.054799,0.058082,0.049442,0.070829,0.049241,0.062406,0.06306
NA,sub-088,1,Multicenter,NA,NA,C57BL/6J,9.4,RT,EPI,2000.0,15.0,Mediso,"0.3 mg/kg med bolus, s.c., 0.3% iso",n,NA,NA,0.007590389906,0.009883622894,NA,0.059913,0.04805,0.062613,0.061823,0.057802,0.059909,0.06222,0.059837,0.062413,0.064423,0.083811,0.072307,0.059262,0.049158,0.059436,0.055351,0.06027,0.052763
NA,sub-089,1,Multicenter,NA,NA,C57BL/6J,9.4,RT,EPI,2000.0,15.0,Mediso,"0.3 mg/kg med bolus, s.c., 0.3% iso",n,NA,NA,0.008548999203,0.01142120322,NA,0.067812,0.060269,0.056073,0.043724,0.04417,0.041592,0.056246,0.050608,0.073172,0.042709,0.100771,0.059247,0.065998,0.047233,0.072407,0.073059,0.062805,0.051231
NA,sub-090,1,Multicenter,NA,NA,C57BL/6J,9.4,RT,EPI,2000.0,15.0,Mediso,"0.3 mg/kg med bolus, s.c., 0.3% iso",n,NA,NA,0.007209486142,0.01077738817,NA,0.065321,0.070352,0.073564,0.041269,0.047456,0.051832,0.068352,0.054031,0.056536,0.051744,0.093072,0.086379,0.055421,0.056042,0.067134,0.056737,0.046474,0.047698
NA,sub-091,1,Multicenter,F,NA,C57BL/6J,11.75,Cryo,EPI,1000.0,15.0,Mediso,"0.05 mg/kg med bolus + 0.1 mg/kg med infusion, s.c., 0.5% iso",y,NA,NA,0.01416493636,0.0291624151,NA,0.072672,0.082051,0.086743,0.054795,0.039988,0.048858,0.058046,0.061975,0.059119,0.041851,0.04395,0.04752,0.058268,0.068338,0.052792,0.054487,0.035945,0.038444
NA,sub-092,1,Multicenter,F,NA,C57BL/6J,11.75,Cryo,EPI,1000.0,15.0,Mediso,"0.05 mg/kg med bolus + 0.1 mg/kg med infusion, s.c., 0.5% iso",y,NA,NA,0.01340295048,0.02794559311,NA,0.0833,0.096384,0.081407,0.056241,0.04039,0.056992,0.068495,0.062966,0.065909,0.055086,0.051221,0.047788,0.053268,0.052017,0.057604,0.036227,0.037183,0.039695
NA,sub-093,1,Multicenter,F,NA,C57BL/6J,11.75,Cryo,EPI,1000.0,15.0,Mediso,"0.05 mg/kg med bolus + 0.1 mg/kg med infusion, s.c., 0.5% iso",y,NA,NA,0.01399244982,0.02848942391,NA,0.072424,0.088788,0.081397,0.06916,0.049262,0.072164,0.086063,0.089036,0.059586,0.048085,0.057801,0.062827,0.057865,0.054822,0.061861,0.047243,0.038059,0.035293
NA,sub-094,1,Multicenter,F,NA,C57BL/6J,11.75,Cryo,EPI,1000.0,15.0,Mediso,"0.05 mg/kg med bolus + 0.1 mg/kg med infusion, s.c., 0.5% iso",y,NA,NA,0.01183373264,0.02395533392,NA,0.086354,0.119831,0.13094,0.076545,0.042025,0.060725,0.081443,0.094139,0.080614,0.058558,0.052162,0.060455,0.069719,0.074671,0.072277,0.066336,0.042359,0.040096
NA,sub-095,1,Multicenter,F,NA,C57BL/6J,11.75,Cryo,EPI,1000.0,15.0,Mediso,"0.05 mg/kg med bolus + 0.1 mg/kg med infusion, s.c., 0.5% iso",y,NA,NA,0.01320490859,0.02703446765,NA,0.073499,0.094866,0.111262,0.091943,0.047784,0.064468,0.076546,0.075335,0.085134,0.076807,0.047943,0.060943,0.054038,0.046507,0.075051,0.050491,0.043024,0.047437
NA,sub-096,1,Multicenter,F,NA,C57BL/6J,11.75,Cryo,EPI,1000.0,15.0,Mediso,"0.05 mg/kg med bolus + 0.1 mg/kg med infusion, s.c., 0.5% iso",y,NA,NA,0.01403551797,0.02932009205,NA,0.083611,0.093593,0.08876,0.080477,0.042912,0.050522,0.072917,0.082128,0.049865,0.05098,0.053843,0.057508,0.049584,0.063829,0.06907,0.050085,0.032568,0.033331
NA,sub-097,1,Multicenter,F,NA,C57BL/6J,11.75,Cryo,EPI,1000.0,15.0,Mediso,"0.05 mg/kg med bolus + 0.1 mg/kg med infusion, s.c., 0.5% iso",y,NA,NA,0.01121933475,0.02242078391,NA,0.092701,0.0839,0.09973,0.053987,0.05221,0.055828,0.077553,0.063599,0.065648,0.046248,0.063171,0.053647,0.041811,0.052008,0.05564,0.05187,0.039356,0.038242
NA,sub-098,1,Multicenter,F,NA,C57BL/6J,11.75,Cryo,EPI,1000.0,15.0,Mediso,"0.05 mg/kg med bolus + 0.1 mg/kg med infusion, s.c., 0.5% iso",y,NA,NA,0.01268920201,0.02608014396,NA,0.104757,0.09117,0.104777,0.064428,0.047548,0.058015,0.062903,0.057226,0.07186,0.053043,0.054163,0.059483,0.067094,0.064436,0.060449,0.050608,0.042106,0.039612
NA,sub-099,1,Multicenter,F,NA,C57BL/6J,11.75,Cryo,EPI,1000.0,15.0,Mediso,"0.05 mg/kg med bolus + 0.1 mg/kg med infusion, s.c., 0.5% iso",y,NA,NA,0.01351789557,0.02768590296,NA,0.084177,0.071223,0.086307,0.047975,0.052282,0.052959,0.063529,0.08482,0.065204,0.038956,0.059933,0.055486,0.050603,0.056259,0.060227,0.041068,0.040351,0.042433
NA,sub-100,1,Multicenter,F,NA,C57BL/6J,11.75,Cryo,EPI,1000.0,15.0,Mediso,"0.05 mg/kg med bolus + 0.1 mg/kg med infusion, s.c., 0.5% iso",y,NA,NA,0.01303797224,0.02711887064,NA,0.080486,0.065108,0.060301,0.056964,0.043285,0.040281,0.061879,0.061601,0.061254,0.046216,0.061628,0.050286,0.042354,0.049733,0.046386,0.054161,0.035863,0.035379
NA,sub-101,1,Multicenter,F,NA,C57BL/6J,11.75,Cryo,EPI,1000.0,15.0,Mediso,"0.05 mg/kg med bolus + 0.1 mg/kg med infusion, s.c., 0.5% iso",y,NA,NA,0.0127444357,0.02581775694,NA,0.08544,0.060229,0.062394,0.055764,0.042235,0.053007,0.07052,0.097489,0.08015,0.047323,0.048939,0.061782,0.063926,0.060033,0.070874,0.04705,0.039994,0.040631
NA,sub-102,1,Multicenter,F,NA,C57BL/6J,11.75,Cryo,EPI,1000.0,15.0,Mediso,"0.05 mg/kg med bolus + 0.1 mg/kg med infusion, s.c., 0.5% iso",y,NA,NA,0.01376682494,0.02787027233,NA,0.071779,0.064115,0.054796,0.050251,0.044767,0.048835,0.068755,0.082385,0.062393,0.049005,0.05287,0.057926,0.053131,0.042054,0.055837,0.03641,0.049442,0.035251
NA,sub-103,1,Multicenter,F,NA,C57BL/6J,11.75,Cryo,EPI,1000.0,15.0,Mediso,"0.05 mg/kg med bolus + 0.1 mg/kg med infusion, s.c., 0.5% iso",y,NA,NA,0.009400235631,0.01852956492,NA,0.084428,0.13904,0.165119,0.106133,0.068648,0.081507,0.068928,0.06943,0.086725,0.061734,0.053652,0.060314,0.066552,0.064793,0.06475,0.040013,0.03792,0.037461
NA,sub-104,1,Multicenter,F,NA,C57BL/6J,11.75,Cryo,EPI,1000.0,15.0,Mediso,"0.05 mg/kg med bolus + 0.1 mg/kg med infusion, s.c., 0.5% iso",y,NA,NA,0.01051073776,0.02054880855,NA,0.102314,0.087742,0.096634,0.056659,0.046793,0.060468,0.067637,0.097761,0.077033,0.062798,0.057695,0.062139,0.060081,0.062581,0.061031,0.05038,0.041151,0.042727
NA,sub-105,1,Multicenter,F,NA,C57BL/6J,11.75,Cryo,EPI,1000.0,15.0,Mediso,"0.05 mg/kg med bolus + 0.1 mg/kg med infusion, s.c., 0.5% iso",y,NA,NA,0.01315931118,0.0262319743,NA,0.084819,0.089559,0.083329,0.066184,0.046179,0.058785,0.057496,0.064142,0.061224,0.044818,0.053586,0.048307,0.059475,0.051187,0.062396,0.047084,0.041055,0.035163
NA,sub-106,1,Multicenter,F,NA,C57BL/6J,9.4,RT,EPI,1500.0,17.0,Iso,1% isoflurane,y,NA,NA,0.004571183139,0.007421905092,NA,0.036504,0.062167,0.096953,0.038952,0.053549,0.084056,0.039296,0.051225,0.056919,0.038311,0.062239,0.031527,0.050481,0.038899,0.04457,0.0419,0.038424,0.02483
NA,sub-107,1,Multicenter,F,NA,C57BL/6J,9.4,RT,EPI,1500.0,17.0,Iso,1% isoflurane,y,NA,NA,0.004427552253,0.007434218139,NA,0.03695,0.070305,0.070925,0.050586,0.046692,0.058128,0.043333,0.042888,0.042585,0.035121,0.040261,0.048214,0.044001,0.030257,0.036219,0.039788,0.046861,0.018541
NA,sub-108,1,Multicenter,F,NA,C57BL/6J,9.4,RT,EPI,1500.0,17.0,Iso,1% isoflurane,y,NA,NA,0.004748089694,0.007561807685,NA,0.045864,0.081329,0.119038,0.064713,0.058957,0.094727,0.058254,0.055409,0.04645,0.042429,0.058499,0.042603,0.059442,0.042291,0.045441,0.052527,0.064974,0.021899
NA,sub-109,1,Multicenter,F,NA,C57BL/6J,9.4,RT,EPI,1500.0,17.0,Iso,1% isoflurane,y,NA,NA,0.004806171621,0.008394206638,NA,0.039702,0.0951,0.077122,0.053818,0.054706,0.077905,0.039043,0.026647,0.052446,0.025006,0.043155,0.045694,0.034708,0.051389,0.042946,0.034109,0.056615,0.034156
NA,sub-110,1,Multicenter,F,NA,C57BL/6J,9.4,RT,EPI,1500.0,17.0,Iso,1% isoflurane,y,NA,NA,0.005081502649,0.008507294607,NA,0.045397,0.117466,0.099129,0.072656,0.066886,0.114942,0.053202,0.031687,0.043389,0.037077,0.055829,0.033188,0.044668,0.031187,0.036077,0.057095,0.041746,0.028103
NA,sub-111,1,Multicenter,F,NA,C57BL/6J,9.4,RT,EPI,1500.0,17.0,Iso,1% isoflurane,y,NA,NA,0.00597806243,0.009360077202,NA,0.044937,0.08546,0.0891,0.057664,0.056951,0.073443,0.033761,0.03584,0.039193,0.029134,0.039126,0.04389,0.035757,0.029332,0.033002,0.04601,0.04076,0.02714
NA,sub-112,1,Multicenter,F,NA,C57BL/6J,9.4,RT,EPI,1500.0,17.0,Iso,1% isoflurane,y,NA,NA,0.004750784846,0.007881874923,NA,0.039637,0.083343,0.103881,0.043697,0.073511,0.096087,0.040389,0.031846,0.036831,0.031541,0.047231,0.042227,0.041678,0.037281,0.04559,0.029824,0.045949,0.026804
NA,sub-113,1,Multicenter,F,NA,C57BL/6J,9.4,RT,EPI,1500.0,17.0,Iso,1% isoflurane,y,NA,NA,0.004934136987,0.008902339036,NA,0.042932,0.053427,0.081092,0.040865,0.048813,0.063091,0.038807,0.034761,0.042244,0.026388,0.039314,0.045235,0.040514,0.028297,0.046597,0.028183,0.05227,0.043276
NA,sub-114,1,Multicenter,F,NA,C57BL/6J,9.4,RT,EPI,1500.0,17.0,Iso,1% isoflurane,y,NA,NA,0.004470264841,0.007883865647,NA,0.033641,0.030588,0.029264,0.023497,0.028246,0.023796,0.028146,0.024206,0.035234,0.019777,0.052684,0.039254,0.033469,0.023142,0.028045,0.029977,0.072315,0.024301
NA,sub-115,1,Multicenter,F,NA,C57BL/6J,9.4,RT,EPI,1500.0,17.0,Iso,1% isoflurane,y,NA,NA,0.00501325881,0.00854398695,NA,0.033622,0.040185,0.044951,0.031824,0.040696,0.058229,0.027198,0.029553,0.034251,0.021727,0.035658,0.029804,0.032173,0.021164,0.032396,0.026583,0.030603,0.02373
NA,sub-116,1,Multicenter,F,NA,C57BL/6J,9.4,RT,EPI,1500.0,17.0,Iso,1% isoflurane,y,NA,NA,0.004864918565,0.008603983209,NA,0.054228,0.053476,0.060667,0.036487,0.044622,0.052691,0.042452,0.041238,0.05549,0.029633,0.049743,0.043466,0.03683,0.034481,0.043347,0.033304,0.054054,0.026951
NA,sub-117,1,Multicenter,F,NA,C57BL/6J,9.4,RT,EPI,1500.0,17.0,Iso,1% isoflurane,y,NA,NA,0.004678864785,0.007880429048,NA,0.053939,0.081294,0.122329,0.100383,0.077037,0.08226,0.058854,0.05941,0.045735,0.052032,0.080647,0.06705,0.050013,0.036164,0.070399,0.048949,0.057716,0.029103
NA,sub-118,1,Multicenter,F,NA,C57BL/6J,9.4,RT,EPI,1500.0,17.0,Iso,1% isoflurane,y,NA,NA,0.005731171327,0.01021097435,NA,0.051644,0.100762,0.105943,0.067446,0.063336,0.094544,0.100756,0.070542,0.066548,0.039429,0.070358,0.048203,0.042812,0.035103,0.053499,0.04249,0.053129,0.035032
NA,sub-119,1,Multicenter,F,NA,C57BL/6J,9.4,RT,EPI,1500.0,17.0,Iso,1% isoflurane,y,NA,NA,0.004793390664,0.007715315412,NA,0.036816,0.049594,0.056121,0.061239,0.036488,0.047424,0.064683,0.040224,0.04842,0.045326,0.069986,0.046096,0.049757,0.033193,0.051435,0.03921,0.042742,0.023385
NA,sub-120,1,Multicenter,F,NA,C57BL/6J,9.4,RT,EPI,1500.0,17.0,Iso,1% isoflurane,y,NA,NA,0.005706020007,0.008917823893,NA,0.062498,0.10783,0.098671,0.082877,0.081006,0.076834,0.090086,0.083122,0.063857,0.07015,0.088139,0.06311,0.057645,0.044285,0.071178,0.04483,0.077605,0.035619
NA,sub-121,1,Multicenter,NA,NA,C57BL/6J,4.7,RT,EPI,2000.0,25.0,Iso,1% isoflurane,n,NA,NA,0.006448448823,0.01156412576,NA,0.059872,0.063313,0.056854,0.083161,0.055624,0.067845,0.095892,0.071614,0.05619,0.068022,0.157974,0.123295,0.065005,0.042724,0.066247,0.048653,0.09397,0.058865
NA,sub-122,1,Multicenter,NA,NA,C57BL/6J,4.7,RT,EPI,2000.0,25.0,Iso,1% isoflurane,n,NA,NA,0.005538228853,0.008309936503,NA,0.06426,0.07334,0.072061,0.049126,0.0654,0.052199,0.072427,0.063473,0.065862,0.042567,0.077444,0.095889,0.068892,0.051517,0.059217,0.048212,0.064483,0.05053
NA,sub-123,1,Multicenter,NA,NA,C57BL/6J,4.7,RT,EPI,2000.0,25.0,Iso,1% isoflurane,n,NA,NA,0.005205512961,0.008009074691,NA,0.06209,0.074005,0.070264,0.058047,0.055379,0.057734,0.06835,0.059439,0.075812,0.05476,0.068675,0.098691,0.065282,0.042335,0.070733,0.058022,0.0576,0.048076
NA,sub-124,1,Multicenter,NA,NA,C57BL/6J,4.7,RT,EPI,2000.0,25.0,Iso,1% isoflurane,n,NA,NA,0.00577599488,0.009439171297,NA,0.062337,0.058174,0.051368,0.045125,0.052237,0.04528,0.060298,0.051028,0.066358,0.039036,0.067201,0.05575,0.062325,0.043987,0.057667,0.056715,0.051506,0.04905
NA,sub-125,1,Multicenter,NA,NA,C57BL/6J,4.7,RT,EPI,2000.0,25.0,Iso,1% isoflurane,n,NA,NA,0.005259943951,0.008689595323,NA,0.063397,0.07812,0.084201,0.055738,0.066814,0.060567,0.046611,0.052681,0.064288,0.043283,0.075639,0.063913,0.06385,0.046716,0.062403,0.049169,0.062361,0.041295
NA,sub-126,1,Multicenter,NA,NA,C57BL/6J,4.7,RT,EPI,2000.0,25.0,Iso,1% isoflurane,n,NA,NA,0.006266431213,0.009656436533,NA,0.117143,0.139983,0.085299,0.090216,0.116392,0.087551,0.08114,0.08914,0.152175,0.095643,0.119573,0.142174,0.091268,0.072799,0.130354,0.106771,0.141367,0.143758
NA,sub-127,1,Multicenter,NA,NA,C57BL/6J,4.7,RT,EPI,2000.0,25.0,Iso,1% isoflurane,n,NA,NA,0.008562485841,0.01424547409,NA,0.069064,0.074423,0.079183,0.081924,0.075489,0.066839,0.084908,0.062867,0.090098,0.066638,0.084425,0.127718,0.071717,0.055018,0.049662,0.063387,0.075172,0.061394
NA,sub-128,1,Multicenter,NA,NA,C57BL/6J,4.7,RT,EPI,2000.0,25.0,Iso,1% isoflurane,n,NA,NA,0.008054041938,0.01255816342,NA,0.080117,0.072273,0.054044,0.058587,0.058576,0.071946,0.08823,0.056685,0.05732,0.070195,0.09601,0.12146,0.071093,0.043532,0.055741,0.07507,0.090362,0.045086
NA,sub-129,1,Multicenter,NA,NA,C57BL/6J,4.7,RT,EPI,2000.0,25.0,Iso,1% isoflurane,n,NA,NA,0.004986881999,0.007018941569,NA,0.056727,0.0606,0.051455,0.051507,0.047561,0.047029,0.048373,0.054269,0.073912,0.070193,0.068138,0.087022,0.054954,0.047669,0.058282,0.067552,0.081442,0.052023
NA,sub-130,1,Multicenter,NA,NA,C57BL/6J,4.7,RT,EPI,2000.0,25.0,Iso,1% isoflurane,n,NA,NA,0.005679726101,0.008742345056,NA,0.076871,0.066824,0.061396,0.062558,0.051192,0.043642,0.063632,0.057134,0.076201,0.05982,0.077688,0.079686,0.059079,0.048772,0.061903,0.062137,0.093954,0.046131
NA,sub-131,1,Multicenter,NA,NA,C57BL/6J,4.7,RT,EPI,2000.0,25.0,Iso,1% isoflurane,n,NA,NA,0.004931463214,0.00729976945,NA,0.060982,0.072071,0.052585,0.051835,0.051551,0.054089,0.051236,0.056364,0.08322,0.0478,0.068543,0.062337,0.056016,0.046582,0.069613,0.05854,0.069874,0.04127
NA,sub-132,1,Multicenter,NA,NA,C57BL/6J,4.7,RT,EPI,2000.0,25.0,Iso,1% isoflurane,n,NA,NA,0.005900467826,0.007962446774,NA,0.052246,0.057124,0.057171,0.072379,0.064746,0.090862,0.061173,0.073651,0.077321,0.058824,0.103916,0.101198,0.079428,0.044574,0.109638,0.059084,0.084784,0.036411
NA,sub-133,1,Multicenter,NA,NA,C57BL/6J,4.7,RT,EPI,2000.0,25.0,Iso,1% isoflurane,n,NA,NA,0.004818277697,0.007466766064,NA,0.076281,0.069311,0.055878,0.044174,0.057078,0.042995,0.053176,0.063914,0.06343,0.04992,0.068364,0.084949,0.066226,0.041622,0.072396,0.069424,0.070659,0.038822
NA,sub-134,1,Multicenter,NA,NA,C57BL/6J,4.7,RT,EPI,2000.0,25.0,Iso,1% isoflurane,n,NA,NA,0.006141278197,0.01017890661,NA,0.069276,0.06813,0.083966,0.05412,0.06345,0.059959,0.062211,0.049121,0.074289,0.054922,0.098808,0.076838,0.073446,0.043572,0.069197,0.075001,0.086608,0.057125
NA,sub-135,1,Multicenter,NA,NA,C57BL/6J,4.7,RT,EPI,2000.0,25.0,Iso,1% isoflurane,n,NA,NA,0.006447641418,0.01027815993,NA,0.07805,0.080305,0.063688,0.100869,0.076794,0.076764,0.074232,0.068317,0.088729,0.071186,0.134374,0.106337,0.075414,0.057015,0.071415,0.046624,0.09051,0.033955
NA,sub-136,1,Multicenter,M,NA,C57BL/6J,9.4,RT,EPI,1000.0,15.0,Mediso,"0.05 mg/kg med bolus + 0.1 mg/kg med infusion, 0.3% iso",n,NA,NA,0.009726266021,0.01422283837,NA,0.070249,0.149115,0.144201,0.083136,0.100603,0.113281,0.097685,0.08133,0.069033,0.051985,0.094236,0.095162,0.085798,0.065834,0.083026,0.051678,0.077287,0.05028
NA,sub-137,1,Multicenter,M,NA,C57BL/6J,9.4,RT,EPI,1000.0,15.0,Mediso,"0.05 mg/kg med bolus + 0.1 mg/kg med infusion, 0.3% iso",n,NA,NA,0.009960928341,0.01510466231,NA,0.06353,0.039115,0.049796,0.029632,0.036568,0.040327,0.078598,0.047754,0.031089,0.023474,0.047362,0.100371,0.039089,0.031238,0.044645,0.039665,0.052844,0.046425
NA,sub-138,1,Multicenter,M,NA,C57BL/6J,9.4,RT,EPI,1000.0,15.0,Mediso,"0.05 mg/kg med bolus + 0.1 mg/kg med infusion, 0.3% iso",n,NA,NA,0.009223233873,0.01296421364,NA,0.072079,0.111773,0.115468,0.080926,0.08126,0.084528,0.077546,0.071239,0.065545,0.048038,0.06301,0.059986,0.075381,0.067798,0.073749,0.036953,0.057649,0.0343
NA,sub-139,1,Multicenter,M,NA,C57BL/6J,9.4,RT,EPI,1000.0,15.0,Mediso,"0.05 mg/kg med bolus + 0.1 mg/kg med infusion, 0.3% iso",n,NA,NA,0.008816622153,0.01332639087,NA,0.095236,0.077553,0.070187,0.059769,0.054775,0.07307,0.083599,0.095974,0.070801,0.058434,0.088363,0.116689,0.053063,0.043271,0.058535,0.046068,0.043078,0.050677
NA,sub-140,1,Multicenter,M,NA,C57BL/6J,9.4,RT,EPI,1000.0,15.0,Mediso,"0.05 mg/kg med bolus + 0.1 mg/kg med infusion, 0.3% iso",n,NA,NA,0.008093498796,0.01239694387,NA,0.095957,0.105451,0.072317,0.06158,0.05003,0.065002,0.092633,0.088919,0.070441,0.069212,0.077221,0.103841,0.073443,0.053469,0.063466,0.050754,0.076538,0.043061
NA,sub-141,1,Multicenter,M,NA,C57BL/6J,9.4,RT,EPI,1000.0,15.0,Mediso,"0.05 mg/kg med bolus + 0.1 mg/kg med infusion, 0.3% iso",n,NA,NA,0.008697758023,0.01351819538,NA,0.079848,0.11609,0.094484,0.070534,0.071291,0.076501,0.109906,0.112676,0.069247,0.069026,0.097721,0.107321,0.073663,0.044909,0.075302,0.047208,0.070659,0.033957
NA,sub-142,1,Multicenter,M,NA,C57BL/6J,9.4,RT,EPI,1000.0,15.0,Mediso,"0.05 mg/kg med bolus + 0.1 mg/kg med infusion, 0.3% iso",n,NA,NA,0.01049524495,0.01589968891,NA,0.088862,0.096228,0.094102,0.082179,0.066476,0.077935,0.121043,0.096771,0.082604,0.061301,0.065874,0.141212,0.053248,0.058405,0.059031,0.055777,0.066899,0.063091
NA,sub-143,1,Multicenter,M,NA,C57BL/6J,9.4,RT,EPI,1000.0,15.0,Mediso,"0.05 mg/kg med bolus + 0.1 mg/kg med infusion, 0.3% iso",n,NA,NA,0.009272132693,0.01356490663,NA,0.047717,0.074198,0.064452,0.062131,0.047242,0.052982,0.077163,0.053269,0.051636,0.03679,0.048912,0.069551,0.060217,0.041875,0.045497,0.033983,0.048941,0.043155
NA,sub-144,1,Multicenter,M,NA,C57BL/6J,9.4,RT,EPI,1000.0,15.0,Mediso,"0.05 mg/kg med bolus + 0.1 mg/kg med infusion, 0.3% iso",n,NA,NA,0.01207533324,0.01923186611,NA,0.102961,0.138704,0.135171,0.126244,0.068287,0.119456,0.15539,0.068431,0.08283,0.081803,0.153944,0.122195,0.099776,0.072228,0.079004,0.069071,0.117533,0.093425
NA,sub-145,1,Multicenter,M,NA,C57BL/6J,9.4,RT,EPI,1000.0,15.0,Mediso,"0.05 mg/kg med bolus + 0.1 mg/kg med infusion, 0.3% iso",n,NA,NA,0.01069795698,0.01567041037,NA,0.086621,0.051068,0.10352,0.052333,0.148128,0.10045,0.061837,0.062735,0.101317,0.04445,0.074672,0.067302,0.075816,0.046271,0.060473,0.060637,0.052706,0.028796
NA,sub-146,1,Multicenter,M,NA,C57BL/6J,9.4,RT,EPI,1000.0,15.0,Mediso,"0.05 mg/kg med bolus + 0.1 mg/kg med infusion, 0.3% iso",n,NA,NA,0.01160949885,0.01734910561,NA,0.089734,0.158375,0.145872,0.125968,0.095773,0.127573,0.131199,0.104186,0.101256,0.083051,0.159478,0.099763,0.090277,0.110376,0.084951,0.058602,0.138055,0.05568
NA,sub-147,1,Multicenter,M,NA,C57BL/6J,9.4,RT,EPI,1000.0,15.0,Mediso,"0.05 mg/kg med bolus + 0.1 mg/kg med infusion, 0.3% iso",n,NA,NA,0.009131988807,0.01368243015,NA,0.057908,0.129201,0.118762,0.077513,0.05689,0.08006,0.097523,0.062589,0.071655,0.050124,0.057914,0.076177,0.072731,0.04964,0.063603,0.047743,0.061994,0.054664
NA,sub-148,1,Multicenter,M,NA,C57BL/6J,9.4,RT,EPI,1000.0,15.0,Mediso,"0.05 mg/kg med bolus + 0.1 mg/kg med infusion, 0.3% iso",n,NA,NA,0.006075429317,0.009416010917,NA,0.038776,0.041977,0.041237,0.033593,0.032775,0.033086,0.052777,0.048203,0.043546,0.027622,0.049208,0.061662,0.043737,0.023154,0.046045,0.04113,0.041414,0.035254
NA,sub-149,1,Multicenter,M,NA,C57BL/6J,9.4,RT,EPI,1000.0,15.0,Mediso,"0.05 mg/kg med bolus + 0.1 mg/kg med infusion, 0.3% iso",n,NA,NA,0.01039641856,0.01565954754,NA,0.042942,0.041893,0.056306,0.051944,0.052561,0.04688,0.045968,0.052605,0.046486,0.033045,0.11366,0.098378,0.041967,0.03319,0.039846,0.040597,0.053984,0.043976
NA,sub-150,1,Multicenter,M,NA,C57BL/6J,9.4,RT,EPI,1000.0,15.0,Mediso,"0.05 mg/kg med bolus + 0.1 mg/kg med infusion, 0.3% iso",n,NA,NA,0.008445185715,0.01211958517,NA,0.061254,0.061765,0.038716,0.045655,0.046396,0.040847,0.072537,0.072045,0.048428,0.038605,0.052274,0.074772,0.042025,0.030055,0.04785,0.042541,0.05093,0.029088
NA,sub-151,1,Multicenter,NA,NA,C57BL/6J,9.4,Cryo,EPI,1000.0,10.0,Iso,1.25% isoflurane,n,NA,NA,0.006030336162,0.009969512832,NA,0.138988,0.125494,0.190974,0.118633,0.114105,0.13753,0.073852,0.052431,0.072908,0.047255,0.092451,0.065335,0.041552,0.030462,0.047894,0.049438,0.056008,0.062638
NA,sub-152,1,Multicenter,NA,NA,C57BL/6J,9.4,Cryo,EPI,1000.0,10.0,Iso,1.25% isoflurane,n,NA,NA,0.01495133855,0.02023299761,NA,0.26753,0.236724,0.139945,0.166107,0.121577,0.135939,0.112018,0.091555,0.1986,0.101848,0.284238,0.150345,0.108908,0.075789,0.095953,0.078426,0.083501,0.035428
NA,sub-153,1,Multicenter,NA,NA,C57BL/6J,9.4,Cryo,EPI,1000.0,10.0,Iso,1.25% isoflurane,n,NA,NA,0.02944095404,0.05451888004,NA,0.086931,0.20035,0.150182,0.136366,0.104623,0.119634,0.062077,0.072307,0.123013,0.07715,0.109382,0.08404,0.048414,0.043666,0.049753,0.038649,0.089109,0.054769
NA,sub-154,1,Multicenter,NA,NA,C57BL/6J,9.4,Cryo,EPI,1000.0,10.0,Iso,1.25% isoflurane,n,NA,NA,0.02295683217,0.02991504332,NA,0.279655,0.250823,0.087538,0.142909,0.280765,0.227221,0.20899,0.183567,0.30149,0.099093,0.323754,0.322052,0.086798,0.105426,0.09744,0.128616,0.110104,0.128165
NA,sub-155,1,Multicenter,NA,NA,C57BL/6J,9.4,Cryo,EPI,1000.0,10.0,Iso,1.25% isoflurane,n,NA,NA,0.008120845893,0.01335105451,NA,0.067479,0.119361,0.115031,0.097345,0.084759,0.078334,0.041463,0.058416,0.090938,0.090175,0.090371,0.06871,0.055627,0.057026,0.091005,0.048174,0.077663,0.05591
NA,sub-156,1,Multicenter,NA,NA,C57BL/6J,9.4,Cryo,EPI,1000.0,10.0,Iso,1.25% isoflurane,n,NA,NA,0.01282439175,0.01960123224,NA,0.191442,0.235477,0.125298,0.206027,0.125222,0.091514,0.131111,0.105473,0.196512,0.178379,0.20695,0.170582,0.097826,0.067692,0.116897,0.068792,0.069891,0.066954
NA,sub-157,1,Multicenter,NA,NA,C57BL/6J,9.4,Cryo,EPI,1000.0,10.0,Iso,1.25% isoflurane,n,NA,NA,0.005607561743,0.009487282431,NA,0.10467,0.067991,0.083485,0.062165,0.066565,0.105674,0.076848,0.050414,0.089213,0.04354,0.07273,0.05274,0.052454,0.041263,0.045061,0.038172,0.041482,0.030257
NA,sub-158,1,Multicenter,NA,NA,C57BL/6J,9.4,Cryo,EPI,1000.0,10.0,Iso,1.25% isoflurane,n,NA,NA,0.01089928828,0.01799171598,NA,0.057233,0.085607,0.034459,0.074974,0.038685,0.047729,0.043631,0.048128,0.085971,0.054701,0.083832,0.0825,0.036461,0.028944,0.029224,0.042551,0.038834,0.06358
NA,sub-159,1,Multicenter,NA,NA,C57BL/6J,9.4,Cryo,EPI,1000.0,10.0,Iso,1.25% isoflurane,n,NA,NA,0.005784708082,0.008867755674,NA,0.032286,0.07245,0.069575,0.080939,0.055657,0.065864,0.046303,0.031019,0.04296,0.029161,0.046035,0.063722,0.027638,0.025449,0.032051,0.024054,0.041533,0.033385
NA,sub-160,1,Multicenter,NA,NA,C57BL/6J,9.4,Cryo,EPI,1000.0,10.0,Iso,1.25% isoflurane,n,NA,NA,0.009418595854,0.01370373638,NA,0.105727,0.078828,0.08219,0.063834,0.049842,0.043216,0.075494,0.043407,0.095822,0.04888,0.121938,0.101607,0.044323,0.0407,0.085478,0.038267,0.079579,0.020948
NA,sub-161,1,Multicenter,NA,NA,C57BL/6J,9.4,Cryo,EPI,1000.0,10.0,Iso,1.25% isoflurane,n,NA,NA,0.01930646498,0.03122592146,NA,0.08821,0.105201,0.066451,0.122349,0.077651,0.095298,0.189573,0.100648,0.168872,0.106026,0.160661,0.145277,0.051214,0.042447,0.089933,0.068364,0.073427,0.087113
NA,sub-162,1,Multicenter,NA,NA,C57BL/6J,9.4,Cryo,EPI,1000.0,10.0,Iso,1.25% isoflurane,n,NA,NA,0.006082297989,0.01008480425,NA,0.034006,0.031955,0.028319,0.031396,0.027992,0.024545,0.029774,0.020972,0.036317,0.025461,0.053428,0.03748,0.024748,0.030043,0.032227,0.027491,0.037803,0.013125
NA,sub-163,1,Multicenter,NA,NA,C57BL/6J,9.4,Cryo,EPI,1000.0,10.0,Iso,1.25% isoflurane,n,NA,NA,0.006264652116,0.0109074268,NA,0.101763,0.066457,0.10997,0.048501,0.076793,0.097061,0.055102,0.032086,0.065537,0.036097,0.053594,0.042313,0.030982,0.029321,0.052697,0.026038,0.039233,0.051427
NA,sub-164,1,Multicenter,NA,NA,C57BL/6J,9.4,Cryo,EPI,1000.0,10.0,Iso,1.25% isoflurane,n,NA,NA,0.007278216398,0.01195230826,NA,0.062831,0.051226,0.034404,0.039394,0.0347,0.027348,0.036098,0.02486,0.049401,0.03308,0.074175,0.050762,0.03479,0.023239,0.039299,0.049701,0.046771,0.042564
NA,sub-165,1,Multicenter,NA,NA,C57BL/6J,9.4,Cryo,EPI,1000.0,10.0,Iso,1.25% isoflurane,n,NA,NA,0.0133404761,0.01906287473,NA,0.254714,0.15725,0.075583,0.15746,0.127206,0.169311,0.159366,0.093731,0.14707,0.089274,0.177575,0.149937,0.102487,0.087687,0.078847,0.079154,0.094922,0.0542
NA,sub-166,1,Multicenter,NA,NA,C57BL/6J,7.0,RT,EPI,2000.0,15.0,Iso,1% isoflurane,n,NA,NA,0.01244142492,0.02086447109,NA,0.19138,0.194488,0.156319,0.169478,0.13162,0.141602,0.169951,0.130898,0.150923,0.091964,0.172301,0.157713,0.155248,0.079264,0.198839,0.144769,0.182526,0.098402
NA,sub-167,1,Multicenter,NA,NA,C57BL/6J,7.0,RT,EPI,2000.0,15.0,Iso,1% isoflurane,n,NA,NA,0.01266853571,0.02024178111,NA,0.154648,0.229737,0.120024,0.140442,0.162499,0.176009,0.120048,0.116939,0.21396,0.195273,0.152031,0.1594,0.139404,0.10699,0.149448,0.13525,0.150671,0.088253
NA,sub-168,1,Multicenter,NA,NA,C57BL/6J,7.0,RT,EPI,2000.0,15.0,Iso,1% isoflurane,n,NA,NA,0.01309739321,0.02089017139,NA,0.140375,0.147628,0.172179,0.1496,0.15533,0.120969,0.113252,0.20012,0.130424,0.141709,0.169471,0.155417,0.130611,0.130466,0.196201,0.129892,0.160851,0.136049
NA,sub-169,1,Multicenter,NA,NA,C57BL/6J,7.0,RT,EPI,2000.0,15.0,Iso,1% isoflurane,n,NA,NA,0.01201652021,0.01982854784,NA,0.158356,0.143194,0.168765,0.121849,0.14645,0.148994,0.111408,0.141797,0.213808,0.112924,0.20115,0.154606,0.175266,0.121398,0.172947,0.136684,0.176167,0.14834
NA,sub-170,1,Multicenter,NA,NA,C57BL/6J,7.0,RT,EPI,2000.0,15.0,Iso,1% isoflurane,n,NA,NA,0.01265758414,0.02009862437,NA,0.203148,0.132743,0.131172,0.165568,0.13564,0.189714,0.143188,0.133042,0.177915,0.137016,0.182692,0.1433,0.138225,0.090884,0.205168,0.14869,0.157139,0.071045
NA,sub-171,1,Multicenter,NA,NA,C57BL/6J,7.0,RT,EPI,2000.0,15.0,Iso,1% isoflurane,n,NA,NA,0.008946686541,0.01544136748,NA,0.163332,0.149787,0.142285,0.15187,0.11529,0.145782,0.09153,0.116635,0.14592,0.09998,0.167099,0.139135,0.159666,0.104188,0.132148,0.12483,0.147465,0.089345
NA,sub-172,1,Multicenter,NA,NA,C57BL/6J,7.0,RT,EPI,2000.0,15.0,Iso,1% isoflurane,n,NA,NA,0.01323948092,0.0215873483,NA,0.127669,0.16106,0.137811,0.137294,0.118675,0.155878,0.110084,0.131228,0.166245,0.076941,0.135612,0.143836,0.091714,0.105668,0.139978,0.121207,0.135003,0.102997
NA,sub-173,1,Multicenter,NA,NA,C57BL/6J,7.0,RT,EPI,2000.0,15.0,Iso,1% isoflurane,n,NA,NA,0.01009245982,0.01728222129,NA,0.147145,0.128202,0.201903,0.107675,0.136639,0.114061,0.119505,0.099312,0.164538,0.082753,0.166527,0.160493,0.13206,0.096789,0.137151,0.131677,0.133696,0.07985
NA,sub-174,1,Multicenter,NA,NA,C57BL/6J,7.0,RT,EPI,2000.0,15.0,Iso,1% isoflurane,n,NA,NA,0.01073229645,0.01741274644,NA,0.169338,0.153629,0.162198,0.128657,0.129066,0.09101,0.088761,0.175187,0.159161,0.087095,0.158645,0.139099,0.149789,0.092478,0.132348,0.130125,0.18495,0.123129
NA,sub-175,1,Multicenter,NA,NA,C57BL/6J,7.0,RT,EPI,2000.0,15.0,Iso,1% isoflurane,n,NA,NA,0.0100005041,0.01682429638,NA,0.156951,0.137373,0.12994,0.107316,0.096826,0.114493,0.086791,0.135872,0.108874,0.097546,0.143423,0.135541,0.131906,0.094802,0.150549,0.09308,0.13207,0.101673
NA,sub-176,1,Multicenter,NA,NA,C57BL/6J,7.0,RT,EPI,2000.0,15.0,Iso,1% isoflurane,n,NA,NA,0.01206326781,0.01972432054,NA,0.15957,0.120899,0.146349,0.07484,0.113265,0.11758,0.145005,0.113109,0.159805,0.115824,0.188993,0.138939,0.123809,0.108222,0.143815,0.121419,0.175925,0.107335
NA,sub-177,1,Multicenter,NA,NA,C57BL/6J,7.0,RT,EPI,2000.0,15.0,Iso,1% isoflurane,n,NA,NA,0.01310296057,0.0228389097,NA,0.160782,0.191758,0.144438,0.122677,0.153837,0.163523,0.126391,0.124979,0.157989,0.106567,0.245941,0.196873,0.121717,0.111554,0.153401,0.111301,0.175538,0.066663
NA,sub-178,1,Multicenter,NA,NA,C57BL/6J,7.0,RT,EPI,2000.0,15.0,Iso,1% isoflurane,n,NA,NA,0.01237949072,0.02102495376,NA,0.169968,0.143131,0.140964,0.135248,0.146317,0.124952,0.12929,0.108539,0.179891,0.107447,0.149009,0.112085,0.131184,0.110765,0.126311,0.137578,0.123033,0.092587
NA,sub-179,1,Multicenter,NA,NA,C57BL/6J,7.0,RT,EPI,2000.0,15.0,Iso,1% isoflurane,n,NA,NA,0.01094544652,0.01866779339,NA,0.190135,0.098466,0.137111,0.122194,0.132436,0.138359,0.073549,0.136822,0.129787,0.082342,0.136282,0.161672,0.166675,0.097952,0.127725,0.10084,0.150366,0.086715
NA,sub-180,1,Multicenter,NA,NA,C57BL/6J,7.0,RT,EPI,2000.0,15.0,Iso,1% isoflurane,n,NA,NA,0.01318489559,0.02095021984,NA,0.0,0.013157,0.006208,0.009701,0.037361,0.007313,0.074707,0.111927,0.005439,0.12017,0.256189,0.372568,0.061765,0.088152,0.0,-0.013381,0.317688,0.109319
NA,sub-181,1,Multicenter,NA,NA,C57BL/6J,7.0,Cryo,EPI,2000.0,10.0,Med,"0.3 mg/kg med bolus + 0.6 mg/kg med infusion, s.c.",n,NA,NA,0.006667760431,0.0116533435,NA,0.030094,0.030661,0.021394,0.02783,0.025974,0.022229,0.044658,0.027464,0.032139,0.02969,0.048118,0.041584,0.023896,0.017701,0.036421,0.025036,0.031943,0.021544
NA,sub-182,1,Multicenter,NA,NA,C57BL/6J,7.0,Cryo,EPI,2000.0,10.0,Med,"0.3 mg/kg med bolus + 0.6 mg/kg med infusion, s.c.",n,NA,NA,0.007281787245,0.01358005862,NA,0.030224,0.042687,0.032373,0.049339,0.027149,0.032602,0.063508,0.027673,0.038359,0.030144,0.054834,0.052053,0.025768,0.018763,0.030609,0.027152,0.050614,0.020027
NA,sub-183,1,Multicenter,NA,NA,C57BL/6J,7.0,Cryo,EPI,2000.0,10.0,Med,"0.3 mg/kg med bolus + 0.6 mg/kg med infusion, s.c.",n,NA,NA,0.006985088689,0.01191006864,NA,0.059624,0.055243,0.031716,0.058825,0.031425,0.041036,0.054484,0.036318,0.064438,0.039999,0.061819,0.045389,0.035672,0.020934,0.037749,0.037941,0.0574,0.027089
NA,sub-184,1,Multicenter,NA,NA,C57BL/6J,7.0,Cryo,EPI,2000.0,10.0,Med,"0.3 mg/kg med bolus + 0.6 mg/kg med infusion, s.c.",n,NA,NA,0.006788486652,0.01154230841,NA,0.029107,0.03644,0.028789,0.031798,0.019424,0.030795,0.038932,0.025344,0.035443,0.020762,0.042142,0.037184,0.028849,0.016203,0.027528,0.025929,0.042997,0.019827
NA,sub-185,1,Multicenter,NA,NA,C57BL/6J,7.0,Cryo,EPI,2000.0,10.0,Med,"0.3 mg/kg med bolus + 0.6 mg/kg med infusion, s.c.",n,NA,NA,0.006177457812,0.01083194114,NA,0.037178,0.040113,0.022434,0.039356,0.022763,0.025572,0.050738,0.024596,0.028308,0.027568,0.047722,0.02672,0.022187,0.017236,0.034935,0.025768,0.041798,0.019594
NA,sub-186,1,Multicenter,NA,NA,C57BL/6J,7.0,Cryo,EPI,2000.0,10.0,Med,"0.3 mg/kg med bolus + 0.6 mg/kg med infusion, s.c.",n,NA,NA,0.006604289711,0.01054751716,NA,0.037042,0.030986,0.029673,0.030265,0.022631,0.022946,0.047005,0.040047,0.025055,0.033538,0.037724,0.052653,0.026442,0.018138,0.034907,0.028344,0.027632,0.01742
NA,sub-187,1,Multicenter,NA,NA,C57BL/6J,7.0,Cryo,EPI,2000.0,10.0,Med,"0.3 mg/kg med bolus + 0.6 mg/kg med infusion, s.c.",n,NA,NA,0.006386896974,0.01050598935,NA,0.040262,0.034649,0.035032,0.041785,0.025681,0.03261,0.040505,0.042638,0.043015,0.031067,0.036605,0.035561,0.029695,0.025698,0.033764,0.02728,0.038514,0.021739
NA,sub-188,1,Multicenter,NA,NA,C57BL/6J,7.0,Cryo,EPI,2000.0,10.0,Med,"0.3 mg/kg med bolus + 0.6 mg/kg med infusion, s.c.",n,NA,NA,0.006768898686,0.01125702174,NA,0.031579,0.029806,0.023215,0.034696,0.026036,0.027212,0.049491,0.029097,0.029595,0.031689,0.051111,0.047199,0.022592,0.017632,0.033107,0.023454,0.032024,0.016318
NA,sub-189,1,Multicenter,NA,NA,C57BL/6J,7.0,Cryo,EPI,2000.0,10.0,Med,"0.3 mg/kg med bolus + 0.6 mg/kg med infusion, s.c.",n,NA,NA,0.006813143833,0.01126159183,NA,0.025053,0.032873,0.026626,0.032467,0.029179,0.036143,0.064775,0.031216,0.033196,0.036219,0.046965,0.043095,0.032736,0.019566,0.028049,0.026211,0.040511,0.018058
NA,sub-190,1,Multicenter,NA,NA,C57BL/6J,7.0,Cryo,EPI,2000.0,10.0,Med,"0.3 mg/kg med bolus + 0.6 mg/kg med infusion, s.c.",n,NA,NA,0.005834757357,0.009575048884,NA,0.042829,0.043665,0.035067,0.039329,0.03515,0.03791,0.044021,0.043588,0.042531,0.038357,0.062109,0.047273,0.032658,0.026656,0.030091,0.029186,0.049669,0.029203
NA,sub-191,1,Multicenter,NA,NA,C57BL/6J,7.0,Cryo,EPI,2000.0,10.0,Med,"0.3 mg/kg med bolus + 0.6 mg/kg med infusion, s.c.",n,NA,NA,0.007199792896,0.01176488106,NA,0.033123,0.031592,0.0316,0.031891,0.025473,0.021997,0.031454,0.028029,0.035069,0.028019,0.034188,0.028384,0.023744,0.020749,0.027246,0.023141,0.034201,0.020399
NA,sub-192,1,Multicenter,NA,NA,C57BL/6J,7.0,Cryo,EPI,2000.0,10.0,Med,"0.3 mg/kg med bolus + 0.6 mg/kg med infusion, s.c.",n,NA,NA,0.006594742688,0.01106676484,NA,0.037408,0.040411,0.033489,0.037537,0.039616,0.037472,0.038004,0.040944,0.041156,0.032926,0.041782,0.045027,0.036334,0.024795,0.032288,0.033016,0.043217,0.025239
NA,sub-193,1,Multicenter,NA,NA,C57BL/6J,7.0,Cryo,EPI,2000.0,10.0,Med,"0.3 mg/kg med bolus + 0.6 mg/kg med infusion, s.c.",n,NA,NA,0.006412119162,0.01082524531,NA,0.036974,0.029902,0.040364,0.040705,0.031889,0.029132,0.064199,0.03959,0.040213,0.038684,0.071144,0.090103,0.030004,0.023544,0.034303,0.027968,0.035876,0.019523
NA,sub-194,1,Multicenter,NA,NA,C57BL/6J,7.0,Cryo,EPI,2000.0,10.0,Med,"0.3 mg/kg med bolus + 0.6 mg/kg med infusion, s.c.",n,NA,NA,0.007522976753,0.01202299698,NA,0.045748,0.045024,0.031248,0.04733,0.032451,0.034167,0.05205,0.034023,0.050885,0.042803,0.05242,0.03563,0.029472,0.02296,0.041262,0.025326,0.041322,0.021599
NA,sub-195,1,Multicenter,NA,NA,C57BL/6J,7.0,Cryo,EPI,2000.0,10.0,Med,"0.3 mg/kg med bolus + 0.6 mg/kg med infusion, s.c.",n,NA,NA,0.006254056584,0.01073228047,NA,0.037776,0.036885,0.027458,0.035852,0.026933,0.030602,0.046502,0.031319,0.032197,0.035759,0.053068,0.041246,0.030896,0.020948,0.033332,0.026118,0.038991,0.019753
NA,sub-196,1,Multicenter,NA,NA,C57BL/6J,7.0,Cryo,EPI,1500.0,15.0,Awake,NA,n,NA,NA,0.01850020026,0.03037390652,NA,0.214728,0.131301,0.203909,0.115056,0.119231,0.160772,0.120392,0.175684,0.1426,0.089792,0.149792,0.178495,0.112379,0.182108,0.146466,0.128072,0.143338,0.191392
NA,sub-197,1,Multicenter,NA,NA,C57BL/6J,7.0,Cryo,EPI,1500.0,15.0,Awake,NA,n,NA,NA,0.01667770279,0.02842045792,NA,0.183403,0.134454,0.219953,0.142197,0.139609,0.169318,0.121254,0.166589,0.104071,0.076645,0.171723,0.216738,0.115233,0.164359,0.143674,0.138599,0.165903,0.089063
NA,sub-198,1,Multicenter,NA,NA,C57BL/6J,7.0,Cryo,EPI,1500.0,15.0,Awake,NA,n,NA,NA,0.01249751695,0.02170377214,NA,0.122248,0.136929,0.178627,0.144316,0.1052,0.142358,0.147548,0.260357,0.136786,0.087807,0.179822,0.165318,0.115867,0.111895,0.158031,0.15065,0.188263,0.106052
NA,sub-199,1,Multicenter,NA,NA,C57BL/6J,7.0,Cryo,EPI,1500.0,15.0,Awake,NA,n,NA,NA,0.01548085368,0.02649852869,NA,0.195939,0.172501,0.179224,0.111716,0.128571,0.179733,0.158166,0.285479,0.179606,0.103568,0.195455,0.208238,0.116586,0.14432,0.210544,0.138628,0.20858,0.162757
NA,sub-200,1,Multicenter,NA,NA,C57BL/6J,7.0,Cryo,EPI,1500.0,15.0,Awake,NA,n,NA,NA,0.018338619,0.03133574514,NA,0.214801,0.149721,0.186387,0.133806,0.136652,0.140714,0.170133,0.155302,0.182879,0.094999,0.268082,0.205075,0.09332,0.155577,0.231084,0.202572,0.183258,0.192948
NA,sub-201,1,Multicenter,NA,NA,C57BL/6J,7.0,Cryo,EPI,1500.0,15.0,Awake,NA,n,NA,NA,0.01354015442,0.02264010902,NA,0.238314,0.160475,0.210239,0.119363,0.108948,0.160114,0.150837,0.140292,0.135574,0.09181,0.188567,0.149757,0.096522,0.104425,0.140405,0.193741,0.178532,0.058393
NA,sub-202,1,Multicenter,NA,NA,C57BL/6J,7.0,Cryo,EPI,1500.0,15.0,Awake,NA,n,NA,NA,0.01195617793,0.02039470837,NA,0.214427,0.183089,0.248273,0.147657,0.150097,0.191468,0.133712,0.155543,0.190591,0.098548,0.191574,0.179492,0.127742,0.138322,0.114854,0.176489,0.150401,0.125005
NA,sub-203,1,Multicenter,NA,NA,C57BL/6J,7.0,Cryo,EPI,1500.0,15.0,Awake,NA,n,NA,NA,0.0207906409,0.03839845686,NA,0.252605,0.209382,0.17429,0.154809,0.118931,0.172756,0.551107,0.479407,0.396379,0.156514,0.204377,0.485229,0.111643,0.110539,0.169573,0.220736,0.286684,0.17974
NA,sub-204,1,Multicenter,NA,NA,C57BL/6J,7.0,Cryo,EPI,1500.0,15.0,Awake,NA,n,NA,NA,0.02112040936,0.03967079726,NA,0.220356,0.257883,0.179193,0.214789,0.15489,0.2238,0.405122,0.565222,0.525939,0.177472,0.23854,0.606749,0.109062,0.130557,0.163367,0.219967,0.335794,0.175972
NA,sub-205,1,Multicenter,NA,NA,C57BL/6J,7.0,Cryo,EPI,1500.0,15.0,Awake,NA,n,NA,NA,0.01340179629,0.02417862101,NA,0.15328,0.140778,0.116361,0.097444,0.114064,0.110234,0.254153,0.245638,0.160127,0.126158,0.160794,0.176569,0.079793,0.063816,0.126937,0.212366,0.1393,0.138107
NA,sub-206,1,Multicenter,NA,NA,C57BL/6J,7.0,Cryo,EPI,1500.0,15.0,Awake,NA,n,NA,NA,0.01145137439,0.01877394165,NA,0.136938,0.133805,0.140375,0.117396,0.097912,0.117738,0.103042,0.095252,0.113232,0.091391,0.16625,0.145729,0.073571,0.093632,0.139416,0.085944,0.129503,0.082679
NA,sub-207,1,Multicenter,NA,NA,C57BL/6J,7.0,Cryo,EPI,1500.0,15.0,Awake,NA,n,NA,NA,0.02541070162,0.04956298727,NA,0.251927,0.151715,0.152251,0.156101,0.165334,0.15439,0.328419,0.367931,0.239365,0.168651,0.310606,0.474035,0.125412,0.171498,0.204901,0.189194,0.2505,0.127785
NA,sub-208,1,Multicenter,NA,NA,C57BL/6J,7.0,Cryo,EPI,1500.0,15.0,Awake,NA,n,NA,NA,0.01126843224,0.01985968192,NA,0.148689,0.099872,0.116955,0.106632,0.101017,0.085224,0.139208,0.109516,0.177231,0.080963,0.143701,0.178964,0.079217,0.110171,0.123781,0.091584,0.134784,0.089924
NA,sub-209,1,Multicenter,NA,NA,C57BL/6J,7.0,Cryo,EPI,1500.0,15.0,Awake,NA,n,NA,NA,0.01336836845,0.02433541462,NA,0.120914,0.1417,0.110082,0.125103,0.11892,0.101632,0.149823,0.14586,0.151558,0.104768,0.131841,0.150538,0.083335,0.123926,0.14147,0.099237,0.109147,0.067107
NA,sub-210,1,Multicenter,NA,NA,C57BL/6J,7.0,Cryo,EPI,1500.0,15.0,Awake,NA,n,NA,NA,0.01252030008,0.02249692952,NA,0.12509,0.129928,0.138661,0.101573,0.103105,0.090196,0.130693,0.129871,0.143781,0.078207,0.126337,0.158958,0.06724,0.114922,0.119306,0.09191,0.120558,0.065295
NA,sub-211,1,Multicenter,NA,NA,C57BL/6J,7.0,Cryo,EPI,1700.0,10.0,Med,"0.3 mg/kg med bolus + 0.6 mg/kg med infusion, s.c.",n,NA,NA,0.008154337525,0.01263586657,NA,0.058971,0.081875,0.068394,0.057879,0.051303,0.071167,0.111869,0.051114,0.062398,0.055074,0.106535,0.132369,0.057675,0.047176,0.058735,0.063359,0.06022,0.037846
NA,sub-212,1,Multicenter,NA,NA,C57BL/6J,7.0,Cryo,EPI,1700.0,10.0,Med,"0.3 mg/kg med bolus + 0.6 mg/kg med infusion, s.c.",n,NA,NA,0.008717058942,0.01372111884,NA,0.055955,0.069671,0.071128,0.047201,0.041564,0.046055,0.053273,0.044179,0.057761,0.041285,0.066087,0.049664,0.050557,0.038136,0.059275,0.050628,0.052529,0.049191
NA,sub-213,1,Multicenter,NA,NA,C57BL/6J,7.0,Cryo,EPI,1700.0,10.0,Med,"0.3 mg/kg med bolus + 0.6 mg/kg med infusion, s.c.",n,NA,NA,0.0081225293,0.0119416923,NA,0.051437,0.046608,0.049492,0.043695,0.043709,0.040447,0.050678,0.046554,0.055024,0.040167,0.060791,0.061156,0.041932,0.033908,0.048278,0.045763,0.056278,0.032538
NA,sub-214,1,Multicenter,NA,NA,C57BL/6J,7.0,Cryo,EPI,1700.0,10.0,Med,"0.3 mg/kg med bolus + 0.6 mg/kg med infusion, s.c.",n,NA,NA,0.00837632661,0.01344295942,NA,0.050327,0.046011,0.045928,0.047643,0.043281,0.040738,0.063094,0.040829,0.05347,0.039207,0.064203,0.072813,0.043301,0.034981,0.047289,0.046853,0.046953,0.038989
NA,sub-215,1,Multicenter,NA,NA,C57BL/6J,7.0,Cryo,EPI,1700.0,10.0,Med,"0.3 mg/kg med bolus + 0.6 mg/kg med infusion, s.c.",n,NA,NA,0.007144557472,0.01073984033,NA,0.042678,0.044285,0.039225,0.036249,0.03867,0.031744,0.04366,0.035814,0.050694,0.038971,0.053497,0.048445,0.041885,0.02817,0.055337,0.038114,0.05051,0.029593
NA,sub-216,1,Multicenter,NA,NA,C57BL/6J,7.0,Cryo,EPI,1700.0,10.0,Med,"0.3 mg/kg med bolus + 0.6 mg/kg med infusion, s.c.",n,NA,NA,0.008444517041,0.01302994034,NA,0.048928,0.054871,0.045642,0.033301,0.042348,0.037937,0.058543,0.045856,0.048741,0.038765,0.057942,0.062558,0.043401,0.023332,0.045098,0.044164,0.067179,0.029306
NA,sub-217,1,Multicenter,NA,NA,C57BL/6J,7.0,Cryo,EPI,1700.0,10.0,Med,"0.3 mg/kg med bolus + 0.6 mg/kg med infusion, s.c.",n,NA,NA,0.008323197458,0.01265942017,NA,0.043051,0.057673,0.05315,0.048382,0.040469,0.044684,0.084031,0.062177,0.05305,0.060015,0.079867,0.074976,0.04965,0.037105,0.046589,0.046046,0.04275,0.034137
NA,sub-218,1,Multicenter,NA,NA,C57BL/6J,7.0,Cryo,EPI,1700.0,10.0,Med,"0.3 mg/kg med bolus + 0.6 mg/kg med infusion, s.c.",n,NA,NA,0.009140667888,0.01351380418,NA,0.067179,0.066861,0.046439,0.058467,0.051418,0.050174,0.101166,0.047303,0.056045,0.056059,0.080792,0.099102,0.047237,0.038153,0.053095,0.060993,0.060202,0.036886
NA,sub-219,1,Multicenter,NA,NA,C57BL/6J,7.0,Cryo,EPI,1700.0,10.0,Med,"0.3 mg/kg med bolus + 0.6 mg/kg med infusion, s.c.",n,NA,NA,0.008998665104,0.01443081795,NA,0.060906,0.077516,0.059631,0.056976,0.057843,0.057598,0.115254,0.050994,0.083214,0.049673,0.115837,0.081134,0.061585,0.043185,0.051884,0.080446,0.059536,0.049745
NA,sub-220,1,Multicenter,NA,NA,C57BL/6J,7.0,Cryo,EPI,1700.0,10.0,Med,"0.3 mg/kg med bolus + 0.6 mg/kg med infusion, s.c.",n,NA,NA,0.007378096906,0.01120341224,NA,0.065145,0.067481,0.04563,0.054156,0.045978,0.060482,0.092142,0.052314,0.051624,0.053311,0.096347,0.081434,0.054745,0.043771,0.046009,0.05702,0.061974,0.025387
NA,sub-221,1,Multicenter,NA,NA,C57BL/6J,7.0,Cryo,EPI,1700.0,10.0,Med,"0.3 mg/kg med bolus + 0.6 mg/kg med infusion, s.c.",n,NA,NA,0.00859171001,0.01177184954,NA,0.051215,0.059743,0.049917,0.04803,0.050253,0.047404,0.073697,0.067334,0.070332,0.053718,0.07859,0.07094,0.047657,0.03416,0.051622,0.059642,0.050145,0.032999
NA,sub-222,1,Multicenter,NA,NA,C57BL/6J,7.0,Cryo,EPI,1700.0,10.0,Med,"0.3 mg/kg med bolus + 0.6 mg/kg med infusion, s.c.",n,NA,NA,0.1159979416,0.1750761821,NA,0.645282,0.926608,0.814312,0.626729,0.572642,0.535733,1.085012,0.706502,1.03446,0.288655,0.827208,0.941826,0.285074,0.245186,0.550133,0.455489,0.330412,0.498565
NA,sub-223,1,Multicenter,NA,NA,C57BL/6J,7.0,Cryo,EPI,1700.0,10.0,Med,"0.3 mg/kg med bolus + 0.6 mg/kg med infusion, s.c.",n,NA,NA,0.009456060322,0.01482168701,NA,0.076085,0.076473,0.073691,0.069036,0.052142,0.056265,0.105913,0.076991,0.086683,0.068539,0.080628,0.087044,0.065492,0.041557,0.073848,0.058456,0.057804,0.053694
NA,sub-224,1,Multicenter,NA,NA,C57BL/6J,7.0,Cryo,EPI,1700.0,10.0,Med,"0.3 mg/kg med bolus + 0.6 mg/kg med infusion, s.c.",n,NA,NA,0.01001314748,0.01585807036,NA,0.065087,0.100164,0.061788,0.082337,0.063712,0.050459,0.146884,0.071674,0.092896,0.077121,0.143054,0.095338,0.073273,0.055947,0.064356,0.076665,0.075979,0.06788
NA,sub-225,1,Multicenter,NA,NA,C57BL/6J,7.0,Cryo,EPI,1700.0,10.0,Med,"0.3 mg/kg med bolus + 0.6 mg/kg med infusion, s.c.",n,NA,NA,0.009743518897,0.01426750153,NA,0.051711,0.049061,0.038935,0.03758,0.040838,0.038862,0.071713,0.03582,0.051621,0.036346,0.064131,0.0589,0.05008,0.029956,0.053007,0.050329,0.053374,0.029928
NA,sub-226,1,Multicenter,M,NA,C57BL/6J,11.75,Cryo,EPI,1000.0,10.0,Iso,1.25% isoflurane,n,NA,NA,0.007510676038,0.01284698574,NA,0.052866,0.150773,0.075672,0.091933,0.134724,0.088206,0.083501,0.072752,0.0857,0.112843,0.191364,0.07494,0.073461,0.052266,0.073204,0.065066,0.067891,0.023153
NA,sub-227,1,Multicenter,M,NA,C57BL/6J,11.75,Cryo,EPI,1000.0,10.0,Iso,1.25% isoflurane,n,NA,NA,0.01963257406,0.03384795447,NA,0.067096,0.082875,0.050028,0.052116,0.05475,0.042725,0.066942,0.049127,0.086807,0.069157,0.099657,0.091916,0.058062,0.036063,0.077058,0.064789,0.055493,0.060942
NA,sub-228,1,Multicenter,M,NA,C57BL/6J,11.75,Cryo,EPI,1000.0,10.0,Iso,1.25% isoflurane,n,NA,NA,0.01024675758,0.01687089806,NA,0.076873,0.063112,0.050433,0.04796,0.05891,0.050967,0.059639,0.057093,0.072182,0.03889,0.059387,0.092642,0.04769,0.029764,0.063802,0.06549,0.058809,0.038808
NA,sub-229,1,Multicenter,M,NA,C57BL/6J,11.75,Cryo,EPI,1000.0,10.0,Iso,1.25% isoflurane,n,NA,NA,0.007635879271,0.01192960706,NA,0.061644,0.060329,0.038285,0.063682,0.051848,0.032466,0.065343,0.030721,0.074407,0.035058,0.06217,0.056572,0.042673,0.031402,0.05961,0.086952,0.061387,0.035435
NA,sub-230,1,Multicenter,M,NA,C57BL/6J,11.75,Cryo,EPI,1000.0,10.0,Iso,1.25% isoflurane,n,NA,NA,0.01933771855,0.02877373935,NA,0.05218,0.096839,0.076554,0.086952,0.065239,0.074631,0.066197,0.056181,0.062087,0.068094,0.099646,0.067261,0.051342,0.039632,0.092249,0.054854,0.073337,0.033827
NA,sub-231,1,Multicenter,M,NA,C57BL/6J,11.75,Cryo,EPI,1000.0,10.0,Iso,1.25% isoflurane,n,NA,NA,0.01171331316,0.02046135546,NA,0.16528,0.095576,0.060018,0.058743,0.054963,0.047416,0.109119,0.058059,0.096989,0.0977,0.149584,0.146832,0.065184,0.065567,0.102016,0.095999,0.118448,0.057349
NA,sub-232,1,Multicenter,M,NA,C57BL/6J,11.75,Cryo,EPI,1000.0,10.0,Iso,1.25% isoflurane,n,NA,NA,0.007537366776,0.01183220353,NA,0.079144,0.072059,0.043124,0.055989,0.058521,0.033626,0.044586,0.028066,0.081822,0.058174,0.081519,0.056328,0.053682,0.034569,0.073279,0.064642,0.057076,0.022815
NA,sub-233,1,Multicenter,M,NA,C57BL/6J,11.75,Cryo,EPI,1000.0,10.0,Iso,1.25% isoflurane,n,NA,NA,0.01064803733,0.01569490469,NA,0.065962,0.066428,0.047721,0.057611,0.053626,0.062001,0.079808,0.089827,0.07265,0.061926,0.091505,0.099895,0.060721,0.046768,0.065054,0.070441,0.100669,0.044343
NA,sub-234,1,Multicenter,M,NA,C57BL/6J,11.75,Cryo,EPI,1000.0,10.0,Iso,1.25% isoflurane,n,NA,NA,0.006505710247,0.009658533672,NA,0.036135,0.020187,0.03514,0.086286,0.057361,0.086957,0.127107,0.172159,0.029348,0.096136,0.146612,0.138076,0.074207,0.042679,0.009238,0.059666,0.12873,0.020776
NA,sub-235,1,Multicenter,M,NA,C57BL/6J,11.75,Cryo,EPI,1000.0,10.0,Iso,1.25% isoflurane,n,NA,NA,0.007130786886,0.01076879391,NA,0.067805,0.050635,0.054128,0.047833,0.041156,0.033398,0.057727,0.040663,0.060563,0.04133,0.075734,0.080549,0.061504,0.032301,0.057539,0.045811,0.079417,0.02932
NA,sub-236,1,Multicenter,M,NA,C57BL/6J,11.75,Cryo,EPI,1000.0,10.0,Iso,1.25% isoflurane,n,NA,NA,0.007166754727,0.0109460142,NA,0.051745,0.052162,0.042502,0.039225,0.055465,0.045951,0.04679,0.027938,0.041408,0.032727,0.062564,0.048645,0.045376,0.031361,0.069003,0.024632,0.058183,0.022612
NA,sub-237,1,Multicenter,M,NA,C57BL/6J,11.75,Cryo,EPI,1000.0,10.0,Iso,1.25% isoflurane,n,NA,NA,0.007538455045,0.01333469532,NA,0.049024,0.051623,0.040884,0.036889,0.028982,0.035525,0.044841,0.030113,0.051021,0.035042,0.069611,0.077471,0.03602,0.040266,0.05742,0.04135,0.053294,0.035324
NA,sub-238,1,Multicenter,M,NA,C57BL/6J,11.75,Cryo,EPI,1000.0,10.0,Iso,1.25% isoflurane,n,NA,NA,0.01327056857,0.02230392011,NA,0.100557,0.088854,0.056942,0.068047,0.065075,0.053588,0.076695,0.061938,0.073759,0.060235,0.130549,0.124551,0.060335,0.045061,0.080009,0.10795,0.111759,0.062129
NA,sub-239,1,Multicenter,M,NA,C57BL/6J,11.75,Cryo,EPI,1000.0,10.0,Iso,1.25% isoflurane,n,NA,NA,0.007674103051,0.01243918776,NA,0.059597,0.049571,0.038143,0.042365,0.051111,0.041061,0.068986,0.027625,0.060133,0.063486,0.077696,0.052431,0.0544,0.035059,0.077143,0.049948,0.060169,0.023628
NA,sub-240,1,Multicenter,M,NA,C57BL/6J,11.75,Cryo,EPI,1000.0,10.0,Iso,1.25% isoflurane,n,NA,NA,0.005410671878,0.008414737079,NA,0.066432,0.065844,0.078121,0.038805,0.070426,0.044645,0.050735,0.035438,0.06242,0.038791,0.089178,0.052766,0.039982,0.028552,0.043775,0.041647,0.060909,0.027931
NA,sub-241,1,Multicenter,NA,NA,C57BL/6J,7.0,RT,EPI,2000.0,15.0,Med,"0.3 mg/kg med bolus + 0.6 mg/kg med infusion, s.c.",n,NA,NA,0.01081852659,0.01798448504,NA,0.234941,0.256283,0.214556,0.179574,0.167296,0.169704,0.186251,0.203933,0.2785,0.159732,0.280103,0.244335,0.233255,0.143948,0.215046,0.220911,0.243233,0.141006
NA,sub-242,1,Multicenter,NA,NA,C57BL/6J,7.0,RT,EPI,2000.0,15.0,Med,"0.3 mg/kg med bolus + 0.6 mg/kg med infusion, s.c.",n,NA,NA,0.01088026791,0.01811000607,NA,0.230238,0.233928,0.221099,0.195524,0.195444,0.193443,0.177828,0.188677,0.244507,0.156125,0.24865,0.234519,0.201959,0.150334,0.223857,0.180597,0.24911,0.178893
NA,sub-243,1,Multicenter,NA,NA,C57BL/6J,7.0,RT,EPI,2000.0,15.0,Med,"0.3 mg/kg med bolus + 0.6 mg/kg med infusion, s.c.",n,NA,NA,0.01201908558,0.02145887282,NA,0.246177,0.252814,0.234543,0.221061,0.196157,0.218717,0.200597,0.174598,0.282436,0.174182,0.234873,0.219766,0.221783,0.172188,0.242818,0.217518,0.245228,0.181923
NA,sub-244,1,Multicenter,NA,NA,C57BL/6J,7.0,RT,EPI,2000.0,15.0,Med,"0.3 mg/kg med bolus + 0.6 mg/kg med infusion, s.c.",n,NA,NA,0.01027015087,0.01673096946,NA,0.230828,0.195127,0.205742,0.183998,0.192476,0.166708,0.182851,0.192631,0.249767,0.123455,0.224662,0.245453,0.197833,0.129426,0.191939,0.176482,0.226013,0.150823
NA,sub-245,1,Multicenter,NA,NA,C57BL/6J,7.0,RT,EPI,2000.0,15.0,Med,"0.3 mg/kg med bolus + 0.6 mg/kg med infusion, s.c.",n,NA,NA,0.009714580137,0.01631827828,NA,0.18325,0.187736,0.162743,0.148665,0.17777,0.17651,0.164102,0.169045,0.258412,0.152077,0.23319,0.244553,0.194861,0.148702,0.189677,0.1839,0.205841,0.163489
NA,sub-246,1,Multicenter,NA,NA,C57BL/6J,7.0,RT,EPI,2000.0,15.0,Med,"0.3 mg/kg med bolus + 0.6 mg/kg med infusion, s.c.",n,NA,NA,0.01039516809,0.0168404414,NA,0.180209,0.205209,0.214924,0.160449,0.180251,0.192235,0.198662,0.168175,0.225523,0.185007,0.243764,0.29292,0.204414,0.131445,0.245582,0.185588,0.204738,0.165387
NA,sub-247,1,Multicenter,NA,NA,C57BL/6J,7.0,RT,EPI,2000.0,15.0,Med,"0.3 mg/kg med bolus + 0.6 mg/kg med infusion, s.c.",n,NA,NA,0.008695836799,0.01388805545,NA,0.185615,0.177393,0.160015,0.15791,0.161562,0.165826,0.128,0.159817,0.195183,0.137778,0.209666,0.193634,0.174683,0.14216,0.165132,0.144504,0.167807,0.142299
NA,sub-248,1,Multicenter,NA,NA,C57BL/6J,7.0,RT,EPI,2000.0,15.0,Med,"0.3 mg/kg med bolus + 0.6 mg/kg med infusion, s.c.",n,NA,NA,0.01143573697,0.01965438225,NA,0.216948,0.201695,0.175339,0.185989,0.172489,0.133463,0.15765,0.206689,0.23366,0.127879,0.233224,0.215981,0.177673,0.141437,0.196691,0.187561,0.194696,0.142001
NA,sub-249,1,Multicenter,NA,NA,C57BL/6J,7.0,RT,EPI,2000.0,15.0,Med,"0.3 mg/kg med bolus + 0.6 mg/kg med infusion, s.c.",n,NA,NA,0.01018983235,0.01670047921,NA,0.20501,0.213226,0.213969,0.168659,0.193545,0.169285,0.205381,0.20755,0.230699,0.15105,0.22782,0.236113,0.205968,0.132846,0.194011,0.162973,0.212411,0.133267
NA,sub-250,1,Multicenter,NA,NA,C57BL/6J,7.0,RT,EPI,2000.0,15.0,Med,"0.3 mg/kg med bolus + 0.6 mg/kg med infusion, s.c.",n,NA,NA,0.008691236904,0.01386446376,NA,0.18906,0.183151,0.188041,0.176618,0.145084,0.166037,0.141443,0.184855,0.187079,0.142328,0.194795,0.212299,0.169356,0.140388,0.181282,0.168017,0.158489,0.126293
NA,sub-251,1,Multicenter,NA,NA,C57BL/6J,7.0,RT,EPI,2000.0,15.0,Med,"0.3 mg/kg med bolus + 0.6 mg/kg med infusion, s.c.",n,NA,NA,0.01054120966,0.01772088027,NA,0.192822,0.176066,0.165459,0.180853,0.174699,0.156424,0.149625,0.196241,0.200457,0.149458,0.208452,0.20285,0.178179,0.141449,0.181463,0.172281,0.194941,0.136692
NA,sub-252,1,Multicenter,NA,NA,C57BL/6J,7.0,RT,EPI,2000.0,15.0,Med,"0.3 mg/kg med bolus + 0.6 mg/kg med infusion, s.c.",n,NA,NA,0.01089032416,0.01698780141,NA,0.218647,0.189655,0.194444,0.189599,0.197046,0.199389,0.169916,0.192916,0.238724,0.176015,0.263391,0.221862,0.202523,0.161728,0.242923,0.176734,0.202674,0.159644
NA,sub-253,1,Multicenter,NA,NA,C57BL/6J,7.0,RT,EPI,2000.0,15.0,Med,"0.3 mg/kg med bolus + 0.6 mg/kg med infusion, s.c.",n,NA,NA,0.01158649163,0.01916893125,NA,0.191207,0.217921,0.195119,0.173888,0.191207,0.196071,0.209099,0.222556,0.268687,0.133705,0.264987,0.306629,0.194508,0.156375,0.224963,0.218882,0.255582,0.170535
NA,sub-254,1,Multicenter,NA,NA,C57BL/6J,7.0,RT,EPI,2000.0,15.0,Med,"0.3 mg/kg med bolus + 0.6 mg/kg med infusion, s.c.",n,NA,NA,0.01051807848,0.01832842948,NA,0.181346,0.225396,0.189062,0.189108,0.175053,0.188692,0.153047,0.179313,0.231639,0.168923,0.232973,0.205674,0.204842,0.156537,0.20667,0.177258,0.206939,0.164977
NA,sub-255,1,Multicenter,NA,NA,C57BL/6J,7.0,RT,EPI,2000.0,15.0,Med,"0.3 mg/kg med bolus + 0.6 mg/kg med infusion, s.c.",n,NA,NA,0.01193504672,0.02052508587,NA,0.195572,0.191927,0.163395,0.187751,0.168149,0.151664,0.136304,0.167805,0.215182,0.137641,0.200037,0.204069,0.161422,0.128028,0.181493,0.186645,0.18795,0.139393
NA,sub-399233,1,NDUFS4,NA,21,C57BL/6,11.75,NA,EPI,NA,NA,NA,NA,NA,NA,NA,NA,NA,NA,0.048367,0.035959,0.046505,0.039544,0.030326,0.034694,0.062079,0.022591,0.055681,0.03165,0.053753,0.063966,0.043124,0.030904,0.048454,0.032057,0.066533,0.019638
NA,sub-399235,1,NDUFS4,NA,21,C57BL/6,11.75,NA,EPI,NA,NA,NA,NA,NA,NA,NA,NA,NA,NA,0.066762,0.110019,0.054858,0.044109,0.053218,0.046332,0.080345,0.054512,0.059571,0.045103,0.066527,0.073144,0.071995,0.035807,0.055252,0.048663,0.11084,0.039309
NA,sub-399434,1,NDUFS4,NA,21,C57BL/6,11.75,NA,EPI,NA,NA,NA,NA,NA,NA,NA,NA,NA,NA,0.039111,0.043,0.029455,0.043424,0.028395,0.028503,0.026739,0.034838,0.047651,0.044485,0.072113,0.069475,0.029237,0.027147,0.040525,0.037254,0.042185,0.029264
NA,sub-399455,1,NDUFS4,NA,21,C57BL/6,11.75,NA,EPI,NA,NA,NA,NA,NA,NA,NA,NA,NA,NA,0.076378,0.055843,0.04955,0.045248,0.028824,0.065911,0.060485,0.052875,0.071789,0.043642,0.088867,0.079069,0.052256,0.041984,0.063029,0.046601,0.072714,0.041942
NA,sub-399456,1,NDUFS4,NA,21,C57BL/6,11.75,NA,EPI,NA,NA,NA,NA,NA,NA,NA,NA,NA,NA,0.042658,0.038593,0.054987,0.069388,0.05211,0.057079,0.063421,0.040697,0.052048,0.038173,0.08855,0.063568,0.04275,0.025068,0.060583,0.045727,0.05189,0.022087
NA,sub-401593,1,NDUFS4,NA,21,C57BL/6,11.75,NA,EPI,NA,NA,NA,NA,NA,NA,NA,NA,NA,NA,0.028825,0.037215,0.030212,0.03194,0.031101,0.031418,0.032983,0.031479,0.036343,0.028115,0.070182,0.039741,0.031119,0.020585,0.03218,0.029965,0.050222,0.022313
NA,sub-401594,1,NDUFS4,NA,21,C57BL/6,11.75,NA,EPI,NA,NA,NA,NA,NA,NA,NA,NA,NA,NA,0.049429,0.056914,0.042183,0.046765,0.03454,0.037826,0.05933,0.032857,0.039195,0.031944,0.073729,0.060665,0.048667,0.034801,0.044623,0.031726,0.046631,0.03334
NA,sub-401627,1,NDUFS4,NA,21,C57BL/6,11.75,NA,EPI,NA,NA,NA,NA,NA,NA,NA,NA,NA,NA,0.04117,0.049399,0.033229,0.047775,0.036797,0.039242,0.035327,0.035955,0.045647,0.028077,0.061166,0.051708,0.038994,0.022452,0.043573,0.043875,0.053957,0.040279
NA,sub-401635,1,NDUFS4,NA,27,C57BL/6,11.75,NA,EPI,NA,NA,NA,NA,NA,NA,NA,NA,NA,NA,0.048273,0.046162,0.043361,0.033111,0.03066,0.049805,0.039706,0.039077,0.11384,0.047381,0.064899,0.048039,0.048625,0.036939,0.042721,0.037459,0.051262,0.042345
NA,sub-405017,1,NDUFS4,NA,27,C57BL/6,11.75,NA,EPI,NA,NA,NA,NA,NA,NA,NA,NA,NA,NA,0.082282,0.078513,0.074558,0.069423,0.082738,0.061482,0.068984,0.058908,0.106101,0.048479,0.099587,0.097823,0.061254,0.055742,0.083273,0.060867,0.10892,0.054928
NA,sub-405024,1,NDUFS4,NA,27,C57BL/6,11.75,NA,EPI,NA,NA,NA,NA,NA,NA,NA,NA,NA,NA,0.056125,0.066842,0.050872,0.052109,0.046751,0.050914,0.052836,0.056197,0.09108,0.052644,0.078024,0.06355,0.056152,0.045955,0.051846,0.068314,0.06565,0.027286
NA,sub-405034,1,NDUFS4,NA,27,C57BL/6,11.75,NA,EPI,NA,NA,NA,NA,NA,NA,NA,NA,NA,NA,0.054416,0.064051,0.057467,0.051286,0.04544,0.04682,0.036486,0.044814,0.061767,0.054144,0.080942,0.053483,0.061687,0.032627,0.053726,0.053915,0.070618,0.032831
NA,sub-405057,1,NDUFS4,NA,27,C57BL/6,11.75,NA,EPI,NA,NA,NA,NA,NA,NA,NA,NA,NA,NA,0.12714,0.17695,0.071433,0.093765,0.088494,0.076593,0.117193,0.077571,0.103527,0.063155,0.11756,0.099656,0.080705,0.058596,0.082835,0.110173,0.078363,0.105311
NA,sub-405060,1,NDUFS4,NA,27,C57BL/6,11.75,NA,EPI,NA,NA,NA,NA,NA,NA,NA,NA,NA,NA,0.051752,0.100986,0.045956,0.054162,0.046288,0.049177,0.057402,0.047675,0.077238,0.049234,0.084763,0.057837,0.062418,0.037105,0.071708,0.054005,0.085532,0.061172
NA,sub-405221,1,NDUFS4,NA,27,C57BL/6,11.75,NA,EPI,NA,NA,NA,NA,NA,NA,NA,NA,NA,NA,0.188428,0.16085,0.125137,0.149057,0.137017,0.111977,0.150031,0.145484,0.16988,0.126866,0.184862,0.229531,0.156049,0.098409,0.192004,0.211732,0.213284,0.129459
NA,sub-405224,1,NDUFS4,NA,27,C57BL/6,11.75,NA,EPI,NA,NA,NA,NA,NA,NA,NA,NA,NA,NA,0.072362,0.09883,0.083017,0.07558,0.076742,0.072063,0.090218,0.091623,0.094194,0.060792,0.109758,0.082339,0.120664,0.049661,0.095793,0.131393,0.085136,0.063516
NA,sub-407025,1,NDUFS4,NA,21,C57BL/6,11.75,NA,EPI,NA,NA,NA,NA,NA,NA,NA,NA,NA,NA,0.061909,0.053685,0.038986,0.056668,0.038203,0.03479,0.045928,0.035185,0.052832,0.032308,0.050638,0.056228,0.046771,0.035523,0.052096,0.041414,0.075888,0.037709
NA,sub-406780,1,NDUFS4,NA,27,C57BL/6,11.75,NA,EPI,NA,NA,NA,NA,NA,NA,NA,NA,NA,NA,0.057429,0.050429,0.050083,0.039847,0.050792,0.041693,0.03719,0.041381,0.063857,0.03828,0.085742,0.117664,0.058095,0.038722,0.053404,0.039697,0.066027,0.021026
NA,sub-406786,1,NDUFS4,NA,27,C57BL/6,11.75,NA,EPI,NA,NA,NA,NA,NA,NA,NA,NA,NA,NA,0.165263,0.130121,0.090241,0.089153,0.133739,0.092362,0.203877,0.097336,0.101364,0.067713,0.120846,0.182106,0.071745,0.054672,0.152135,0.091911,0.144095,0.073576
NA,sub-406789,1,NDUFS4,NA,27,C57BL/6,11.75,NA,EPI,NA,NA,NA,NA,NA,NA,NA,NA,NA,NA,0.086418,0.083397,0.059315,0.052952,0.06256,0.062391,0.064745,0.057535,0.11378,0.068008,0.108549,0.070123,0.092269,0.063489,0.098071,0.078783,0.137265,0.067242
NA,sub-407037,1,NDUFS4,NA,27,C57BL/6,11.75,NA,EPI,NA,NA,NA,NA,NA,NA,NA,NA,NA,NA,0.072246,0.072495,0.056878,0.048604,0.048474,0.041795,0.045219,0.046849,0.077363,0.043029,0.142812,0.067244,0.065532,0.037321,0.072301,0.058111,0.162524,0.030233
NA,sub-406794,1,NDUFS4,NA,39,C57BL/6,11.75,NA,EPI,NA,NA,NA,NA,NA,NA,NA,NA,NA,NA,0.072736,0.06756,0.056625,0.069191,0.06169,0.055506,0.063385,0.041363,0.100262,0.044911,0.074476,0.065315,0.073972,0.05193,0.085844,0.057054,0.100272,0.054705
NA,sub-406809,1,NDUFS4,NA,39,C57BL/6,11.75,NA,EPI,NA,NA,NA,NA,NA,NA,NA,NA,NA,NA,0.080504,0.066578,0.070208,0.05438,0.062053,0.047073,0.049267,0.053063,0.073051,0.041879,0.124505,0.066617,0.057618,0.045132,0.06856,0.05737,0.121534,0.033626
NA,sub-407260,1,NDUFS4,NA,39,C57BL/6,11.75,NA,EPI,NA,NA,NA,NA,NA,NA,NA,NA,NA,NA,0.044514,0.040006,0.038427,0.036853,0.046675,0.034347,0.04932,0.036825,0.056637,0.046476,0.096764,0.059075,0.04093,0.04597,0.057761,0.046494,0.095974,0.029982
NA,sub-407263,1,NDUFS4,NA,39,C57BL/6,11.75,NA,EPI,NA,NA,NA,NA,NA,NA,NA,NA,NA,NA,0.059601,0.059177,0.074293,0.044764,0.051079,0.053718,0.042137,0.048972,0.054973,0.040578,0.060963,0.056135,0.058764,0.039808,0.067213,0.054547,0.117638,0.028775
NA,sub-407340,1,NDUFS4,NA,39,C57BL/6,11.75,NA,EPI,NA,NA,NA,NA,NA,NA,NA,NA,NA,NA,0.071199,0.067905,0.055531,0.058315,0.051285,0.064138,0.073606,0.056292,0.092299,0.045757,0.084781,0.062612,0.073268,0.043688,0.062489,0.078871,0.050076,0.044768
NA,sub-407395,1,NDUFS4,NA,39,C57BL/6,11.75,NA,EPI,NA,NA,NA,NA,NA,NA,NA,NA,NA,NA,0.043801,0.038158,0.034144,0.03517,0.046304,0.037474,0.039766,0.033508,0.056971,0.028042,0.083619,0.043765,0.040506,0.027744,0.040986,0.034796,0.056237,0.027126
NA,sub-410610,1,NDUFS4,NA,39,C57BL/6,11.75,NA,EPI,NA,NA,NA,NA,NA,NA,NA,NA,NA,NA,0.060094,0.095828,0.060728,0.056153,0.063717,0.043793,0.061272,0.043199,0.079462,0.050114,0.123853,0.076034,0.05766,0.036847,0.084885,0.051861,0.084422,0.048942
NA,sub-410612,1,NDUFS4,NA,39,C57BL/6,11.75,NA,EPI,NA,NA,NA,NA,NA,NA,NA,NA,NA,NA,0.069934,0.102433,0.075179,0.05751,0.146316,0.072277,0.109378,0.045212,0.071334,0.071025,0.11066,0.097141,0.06463,0.051296,0.106713,0.059349,0.127664,0.076468
NA,sub-410876,1,NDUFS4,NA,39,C57BL/6,11.75,NA,EPI,NA,NA,NA,NA,NA,NA,NA,NA,NA,NA,0.050403,0.040737,0.03984,0.040237,0.036755,0.032875,0.04898,0.061382,0.056223,0.034853,0.092768,0.059198,0.03547,0.034394,0.064021,0.05887,0.054602,0.035191
NA,sub-411101,1,NDUFS4,NA,39,C57BL/6,11.75,NA,EPI,NA,NA,NA,NA,NA,NA,NA,NA,NA,NA,0.046873,0.048227,0.037654,0.031832,0.029439,0.034892,0.038495,0.035077,0.061946,0.029881,0.072459,0.05121,0.038744,0.033279,0.071324,0.059444,0.101055,0.031741
NA,sub-02,1,Propofol,NA,NA,C57BL/6J,9.4,NA,GE-EPI,2000.0,NA,propofol,NA,NA,NA,NA,0.01575884442,0.03012737777,NA,0.235296,0.191507,0.168634,0.183548,0.159932,0.165966,0.216338,0.224744,0.190177,0.169101,0.257484,0.315424,0.155593,0.099358,0.208051,0.140669,0.209915,0.117607
NA,sub-03,1,Propofol,NA,NA,C57BL/6J,9.4,NA,GE-EPI,2000.0,NA,propofol,NA,NA,NA,NA,NA,NA,NA,NA,NA,NA,NA,NA,NA,NA,NA,NA,NA,NA,NA,NA,NA,NA,NA,NA,NA
NA,sub-04,1,Propofol,NA,NA,C57BL/6J,9.4,NA,GE-EPI,2000.0,NA,propofol,NA,NA,NA,NA,NA,NA,NA,NA,NA,NA,NA,NA,NA,NA,NA,NA,NA,NA,NA,NA,NA,NA,NA,NA,NA
NA,sub-05,1,Propofol,NA,NA,C57BL/6J,9.4,NA,GE-EPI,2000.0,NA,propofol,NA,NA,NA,NA,NA,NA,NA,NA,NA,NA,NA,NA,NA,NA,NA,NA,NA,NA,NA,NA,NA,NA,NA,NA,NA
NA,sub-06,1,Propofol,NA,NA,C57BL/6J,9.4,NA,GE-EPI,2000.0,NA,propofol,NA,NA,NA,NA,NA,NA,NA,NA,NA,NA,NA,NA,NA,NA,NA,NA,NA,NA,NA,NA,NA,NA,NA,NA,NA
NA,sub-07,1,Propofol,NA,NA,C57BL/6J,9.4,NA,GE-EPI,2000.0,NA,propofol,NA,NA,NA,NA,0.01469539836,0.02666691239,NA,0.160263,0.181053,0.195754,0.160642,0.160583,0.212631,0.408145,0.23878,0.204812,0.149063,0.309318,0.333788,0.162195,0.12035,0.166618,0.150605,0.185216,0.142821
NA,sub-08,1,Propofol,NA,NA,C57BL/6J,9.4,NA,GE-EPI,2000.0,NA,propofol,NA,NA,NA,NA,0.02042759419,0.03625944326,NA,0.176152,0.199688,0.194614,0.153911,0.144837,0.16998,0.234278,0.205774,0.193523,0.139005,0.215876,0.25558,0.191189,0.123681,0.180314,0.130481,0.238978,0.123734
NA,sub-09,1,Propofol,NA,NA,C57BL/6J,9.4,NA,GE-EPI,2000.0,NA,propofol,NA,NA,NA,NA,0.01952493532,0.03525646159,NA,0.286699,0.299346,0.2428,0.248114,0.243029,0.234611,0.259075,0.232239,0.315523,0.198441,0.369274,0.315153,0.248525,0.199635,0.331923,0.24129,0.349831,0.194032
NA,sub-10,1,Propofol,NA,NA,C57BL/6J,9.4,NA,GE-EPI,2000.0,NA,propofol,NA,NA,NA,NA,0.01472907944,0.02559961732,NA,0.197521,0.225343,0.209548,0.219376,0.191486,0.218625,0.238926,0.231826,0.219883,0.170443,0.27673,0.296148,0.205293,0.143156,0.204566,0.211434,0.231124,0.149175
NA,sub-11,1,Propofol,NA,NA,C57BL/6J,9.4,NA,GE-EPI,2000.0,NA,propofol,NA,NA,NA,NA,NA,NA,NA,NA,NA,NA,NA,NA,NA,NA,NA,NA,NA,NA,NA,NA,NA,NA,NA,NA,NA
NA,sub-001,1,Psilocybin,M,NA,C57BL/6J,9.4,y,ME-EPI,1700.0,15.0,Mediso,"0.05 mg/kg med bolus + 0.1 mg/kg med infusion, i.v., 0,5% iso",y,NA,NA,0.006490166215,0.01040957829,NA,0.047618,0.059571,0.083855,0.045091,0.029153,0.028136,0.042826,0.031863,0.045893,0.032517,0.039125,0.031675,0.034518,0.040511,0.054186,0.037611,0.042539,0.022722
NA,sub-006,1,Psilocybin,M,NA,C57BL/6J,9.4,y,ME-EPI,1700.0,15.0,Mediso,"0.05 mg/kg med bolus + 0.1 mg/kg med infusion, i.v., 0,5% iso",y,NA,NA,0.006002583896,0.009490114266,NA,0.062092,0.048005,0.058187,0.034316,0.034046,0.036271,0.035685,0.035113,0.038614,0.028703,0.043884,0.036428,0.032989,0.0391,0.057187,0.03315,0.050066,0.026407
NA,sub-009,1,Psilocybin,M,NA,C57BL/6J,9.4,y,ME-EPI,1700.0,15.0,Mediso,"0.05 mg/kg med bolus + 0.1 mg/kg med infusion, i.v., 0,5% iso",y,NA,NA,0.005947452137,0.009676696204,NA,0.047336,0.077566,0.106269,0.043307,0.045328,0.055701,0.044933,0.027688,0.043237,0.030335,0.0485,0.037429,0.041217,0.038337,0.054214,0.046894,0.060586,0.027416
NA,sub-011,1,Psilocybin,M,NA,C57BL/6J,9.4,y,ME-EPI,1700.0,15.0,Mediso,"0.05 mg/kg med bolus + 0.1 mg/kg med infusion, i.v., 0,5% iso",y,NA,NA,0.005960785234,0.009329271062,NA,0.038592,0.042822,0.04454,0.033732,0.034999,0.031239,0.029366,0.028602,0.037911,0.030147,0.036932,0.030554,0.031411,0.025262,0.044573,0.034043,0.044792,0.018279
NA,sub-014,1,Psilocybin,M,NA,C57BL/6J,9.4,y,ME-EPI,1700.0,15.0,Mediso,"0.05 mg/kg med bolus + 0.1 mg/kg med infusion, i.v., 0,5% iso",y,NA,NA,0.006397980904,0.01012273479,NA,0.040544,0.037023,0.034353,0.025887,0.029372,0.029399,0.033761,0.027512,0.035942,0.021665,0.039656,0.034383,0.028523,0.034046,0.045552,0.027493,0.038751,0.021938
NA,sub-016,1,Psilocybin,M,NA,C57BL/6J,9.4,y,ME-EPI,1700.0,15.0,Mediso,"0.05 mg/kg med bolus + 0.1 mg/kg med infusion, i.v., 0,5% iso",y,NA,NA,0.005988781573,0.009532249648,NA,0.058447,0.076287,0.096531,0.040012,0.034845,0.038928,0.043468,0.043556,0.045923,0.034443,0.044528,0.041942,0.041441,0.045992,0.05789,0.031294,0.047541,0.025346
NA,sub-019,1,Psilocybin,M,NA,C57BL/6J,9.4,y,ME-EPI,1700.0,15.0,Mediso,"0.05 mg/kg med bolus + 0.1 mg/kg med infusion, i.v., 0,5% iso",y,NA,NA,0.006122839093,0.009767857211,NA,0.043559,0.049454,0.051644,0.035991,0.031621,0.031394,0.037312,0.03269,0.041761,0.032837,0.04454,0.033883,0.035533,0.037386,0.045499,0.036105,0.046479,0.020263
NA,sub-022,1,Psilocybin,M,NA,C57BL/6J,9.4,y,ME-EPI,1700.0,15.0,Mediso,"0.05 mg/kg med bolus + 0.1 mg/kg med infusion, i.v., 0,5% iso",y,NA,NA,0.00618881837,0.009468098829,NA,0.070282,0.071747,0.085393,0.057336,0.037504,0.040236,0.051109,0.052531,0.070499,0.047446,0.045732,0.059354,0.042377,0.039,0.072671,0.035513,0.059898,0.047358
NA,sub-025,1,Psilocybin,M,NA,C57BL/6J,9.4,y,ME-EPI,1700.0,15.0,Mediso,"0.05 mg/kg med bolus + 0.1 mg/kg med infusion, i.v., 0,5% iso",y,NA,NA,0.00658865355,0.01036172845,NA,0.07059,0.093936,0.121694,0.068317,0.05223,0.058947,0.066056,0.055841,0.080813,0.04373,0.054788,0.053752,0.049655,0.056362,0.075097,0.047275,0.050801,0.043977
NA,sub-028,1,Psilocybin,M,NA,C57BL/6J,9.4,y,ME-EPI,1700.0,15.0,Mediso,"0.05 mg/kg med bolus + 0.1 mg/kg med infusion, i.v., 0,5% iso",y,NA,NA,0.006476246712,0.01011098534,NA,0.073623,0.066096,0.088559,0.051889,0.048418,0.046351,0.059293,0.044332,0.069573,0.045082,0.056528,0.057499,0.048341,0.042281,0.064542,0.052217,0.059219,0.021174
NA,sub-031,1,Psilocybin,M,NA,C57BL/6J,9.4,y,ME-EPI,1700.0,15.0,Mediso,"0.05 mg/kg med bolus + 0.1 mg/kg med infusion, i.v., 0,5% iso",y,NA,NA,0.007046452825,0.0115487633,NA,0.063894,0.065979,0.08045,0.051551,0.048226,0.048904,0.061641,0.056864,0.067911,0.039381,0.0465,0.050919,0.051013,0.044141,0.064607,0.040568,0.054748,0.040593
NA,sub-034,1,Psilocybin,M,NA,C57BL/6J,9.4,y,ME-EPI,1700.0,15.0,Mediso,"0.05 mg/kg med bolus + 0.1 mg/kg med infusion, i.v., 0,5% iso",y,NA,NA,0.006469004034,0.01065777114,NA,0.057606,0.073072,0.111696,0.056874,0.046206,0.057029,0.057273,0.044272,0.07276,0.039991,0.051308,0.040952,0.043456,0.050656,0.072646,0.041851,0.058529,0.040971
NA,sub-037,1,Psilocybin,M,NA,C57BL/6J,9.4,y,ME-EPI,1700.0,15.0,Mediso,"0.05 mg/kg med bolus + 0.1 mg/kg med infusion, i.v., 0,5% iso",y,NA,NA,0.006327387056,0.01002387202,NA,0.071859,0.067282,0.078928,0.044573,0.039498,0.041076,0.045815,0.051072,0.069261,0.034574,0.050854,0.049048,0.052137,0.049213,0.063422,0.043007,0.059035,0.047811
NA,sub-039,1,Psilocybin,M,NA,C57BL/6J,9.4,y,ME-EPI,1700.0,15.0,Mediso,"0.05 mg/kg med bolus + 0.1 mg/kg med infusion, i.v., 0,5% iso",y,NA,NA,0.006546584611,0.01049911973,NA,0.074019,0.093954,0.119496,0.05975,0.041861,0.051901,0.074762,0.042497,0.080467,0.05199,0.058054,0.047592,0.054213,0.057402,0.087802,0.039823,0.062247,0.051926
NA,sub-040,1,Psilocybin,M,NA,C57BL/6J,9.4,y,ME-EPI,1700.0,15.0,Mediso,"0.05 mg/kg med bolus + 0.1 mg/kg med infusion, i.v., 0,5% iso",y,NA,NA,0.006395093436,0.01014936804,NA,0.077992,0.099424,0.137583,0.061079,0.045033,0.048533,0.066156,0.051437,0.075733,0.048652,0.059227,0.052722,0.047901,0.056532,0.069112,0.06346,0.054852,0.025286
NA,sub-001,1,Psilocybin_Pilot,M,NA,C57BL/6J,9.4,y,ME-EPI,1700.0,15.0,Mediso,"0.05 mg/kg med bolus + 0.1 mg/kg med infusion, i.v., 0,5% iso",y,NA,NA,0.005793383224,0.009182312042,NA,0.056554,0.047264,0.051008,0.035224,0.030763,0.035587,0.036761,0.036719,0.041566,0.032716,0.042713,0.03585,0.028844,0.03186,0.057268,0.040903,0.052799,0.02353
NA,sub-002,1,Psilocybin_Pilot,M,NA,C57BL/6J,9.4,y,ME-EPI,1700.0,15.0,Mediso,"0.05 mg/kg med bolus + 0.1 mg/kg med infusion, i.v., 0,5% iso",y,NA,NA,0.00608100836,0.009895280575,NA,0.057336,0.071431,0.074436,0.039362,0.033709,0.037318,0.047336,0.058479,0.047531,0.034429,0.053361,0.044384,0.041449,0.039402,0.059508,0.032626,0.059739,0.03494
NA,sub-003,1,Psilocybin_Pilot,M,NA,C57BL/6J,9.4,y,ME-EPI,1700.0,15.0,Mediso,"0.05 mg/kg med bolus + 0.1 mg/kg med infusion, i.v., 0,5% iso",y,NA,NA,0.005578698343,0.008877609909,NA,0.05488,0.056348,0.071101,0.037134,0.036201,0.033533,0.044032,0.046091,0.041345,0.037086,0.049545,0.042777,0.040077,0.032843,0.049719,0.037274,0.051816,0.025925
NA,sub-004,1,Psilocybin_Pilot,M,NA,C57BL/6J,9.4,y,ME-EPI,1700.0,15.0,Mediso,"0.05 mg/kg med bolus + 0.1 mg/kg med infusion, i.v., 0,5% iso",y,NA,NA,0.005806955077,0.009209655399,NA,0.060129,0.064446,0.061481,0.038038,0.040005,0.037847,0.041351,0.054634,0.050954,0.041967,0.040979,0.046085,0.043493,0.036707,0.059997,0.038121,0.056644,0.024821
NA,sub-006,1,Psilocybin_Pilot,M,NA,C57BL/6J,9.4,y,ME-EPI,1700.0,15.0,Mediso,"0.05 mg/kg med bolus + 0.1 mg/kg med infusion, i.v., 0,5% iso",y,NA,NA,0.006275128813,0.01080930451,NA,0.058522,0.071911,0.062841,0.03649,0.036395,0.033546,0.053303,0.046185,0.037382,0.040079,0.046006,0.044053,0.047018,0.030874,0.055585,0.031602,0.06103,0.034084
NA,sub-007,1,Psilocybin_Pilot,M,NA,C57BL/6J,9.4,y,ME-EPI,1700.0,15.0,Mediso,"0.05 mg/kg med bolus + 0.1 mg/kg med infusion, i.v., 0,5% iso",y,NA,NA,0.005685279342,0.009381865859,NA,0.057967,0.06736,0.074841,0.049268,0.042946,0.03358,0.056344,0.046305,0.051001,0.041282,0.043836,0.036669,0.045764,0.027134,0.051876,0.042724,0.049847,0.02657
NA,sub-008,1,Psilocybin_Pilot,M,NA,C57BL/6J,9.4,y,ME-EPI,1700.0,15.0,Mediso,"0.05 mg/kg med bolus + 0.1 mg/kg med infusion, i.v., 0,5% iso",y,NA,NA,0.005719973464,0.009434385664,NA,0.052536,0.039352,0.036931,0.031189,0.035132,0.035895,0.042315,0.032332,0.039959,0.030478,0.032008,0.036415,0.043135,0.035216,0.048723,0.036999,0.069027,0.02409
NA,sub-009,1,Psilocybin_Pilot,M,NA,C57BL/6J,9.4,y,ME-EPI,1700.0,15.0,Mediso,"0.05 mg/kg med bolus + 0.1 mg/kg med infusion, i.v., 0,5% iso",y,NA,NA,0.00624182643,0.01036531735,NA,0.064302,0.051407,0.048085,0.032337,0.036936,0.031949,0.045256,0.033896,0.035849,0.029923,0.042403,0.043308,0.042267,0.035103,0.051257,0.030478,0.051152,0.028061
NA,sub-010,1,Psilocybin_Pilot,M,NA,C57BL/6J,9.4,y,ME-EPI,1700.0,15.0,Mediso,"0.05 mg/kg med bolus + 0.1 mg/kg med infusion, i.v., 0,5% iso",y,NA,NA,0.005836900684,0.009581703257,NA,0.050226,0.063834,0.064183,0.044245,0.036804,0.036894,0.046405,0.03606,0.04167,0.033531,0.065012,0.052672,0.047722,0.04414,0.057535,0.035891,0.056918,0.030523
NA,sub-011,1,Psilocybin_Pilot,M,NA,C57BL/6J,9.4,y,ME-EPI,1700.0,15.0,Mediso,"0.05 mg/kg med bolus + 0.1 mg/kg med infusion, i.v., 0,5% iso",y,NA,NA,0.006203395787,0.009892802331,NA,0.054614,0.057972,0.045768,0.038204,0.029258,0.030747,0.04226,0.03828,0.037202,0.027344,0.038417,0.03629,0.037594,0.027497,0.057191,0.034456,0.046067,0.026295
NA,sub-012,1,Psilocybin_Pilot,M,NA,C57BL/6J,9.4,y,ME-EPI,1700.0,15.0,Mediso,"0.05 mg/kg med bolus + 0.1 mg/kg med infusion, i.v., 0,5% iso",y,NA,NA,0.006181522107,0.00992755041,NA,0.05837,0.053226,0.061806,0.033312,0.032126,0.033058,0.04808,0.055469,0.036195,0.028917,0.035171,0.038431,0.040318,0.028504,0.055577,0.043124,0.056067,0.024559
NA,sub-013,1,Psilocybin_Pilot,M,NA,C57BL/6J,9.4,y,ME-EPI,1700.0,15.0,Mediso,"0.05 mg/kg med bolus + 0.1 mg/kg med infusion, i.v., 0,5% iso",y,NA,NA,0.005636468265,0.008970671561,NA,0.054852,0.064087,0.081387,0.039228,0.043076,0.028949,0.050594,0.042952,0.04613,0.036794,0.043684,0.038188,0.046503,0.03263,0.047597,0.0375,0.068779,0.026189
NA,sub-014,1,Psilocybin_Pilot,M,NA,C57BL/6J,9.4,y,ME-EPI,1700.0,15.0,Mediso,"0.05 mg/kg med bolus + 0.1 mg/kg med infusion, i.v., 0,5% iso",y,NA,NA,0.006940992466,0.01143645953,NA,0.067641,0.040189,0.042529,0.029374,0.034407,0.025457,0.037686,0.043749,0.035643,0.02814,0.039291,0.043573,0.041183,0.034603,0.042641,0.038947,0.054925,0.027531
NA,sub-015,1,Psilocybin_Pilot,M,NA,C57BL/6J,9.4,y,ME-EPI,1700.0,15.0,Mediso,"0.05 mg/kg med bolus + 0.1 mg/kg med infusion, i.v., 0,5% iso",y,NA,NA,0.00582110548,0.009596015296,NA,0.077849,0.063135,0.067237,0.04725,0.033392,0.038685,0.044474,0.033067,0.049787,0.029513,0.052392,0.031189,0.047893,0.036007,0.05726,0.035011,0.050034,0.032207
NA,sub-016,1,Psilocybin_Pilot,M,NA,C57BL/6J,9.4,y,ME-EPI,1700.0,15.0,Mediso,"0.05 mg/kg med bolus + 0.1 mg/kg med infusion, i.v., 0,5% iso",y,NA,NA,0.00622774102,0.01028541463,NA,0.050091,0.060475,0.046161,0.040087,0.034843,0.034078,0.038396,0.036707,0.0526,0.040804,0.04637,0.03986,0.035266,0.028877,0.045923,0.032257,0.051945,0.030547
NA,sub-017,1,Psilocybin_Pilot,M,NA,C57BL/6J,9.4,y,ME-EPI,1700.0,15.0,Mediso,"0.05 mg/kg med bolus + 0.1 mg/kg med infusion, i.v., 0,5% iso",y,NA,NA,0.006228567347,0.01015386733,NA,0.047452,0.045002,0.061659,0.036018,0.034005,0.038336,0.053968,0.042972,0.043762,0.04207,0.038486,0.048723,0.044985,0.029331,0.050053,0.035873,0.050654,0.02755
NA,sub-018,1,Psilocybin_Pilot,M,NA,C57BL/6J,9.4,y,ME-EPI,1700.0,15.0,Mediso,"0.05 mg/kg med bolus + 0.1 mg/kg med infusion, i.v., 0,5% iso",y,NA,NA,0.005633201676,0.009705226167,NA,0.053117,0.055117,0.060046,0.043222,0.04117,0.038555,0.052892,0.040996,0.051577,0.041933,0.05278,0.053296,0.052014,0.034489,0.041711,0.045262,0.054524,0.021008
NA,sub-019,1,Psilocybin_Pilot,M,NA,C57BL/6J,9.4,y,ME-EPI,1700.0,15.0,Mediso,"0.05 mg/kg med bolus + 0.1 mg/kg med infusion, i.v., 0,5% iso",y,NA,NA,0.005938211285,0.009420862489,NA,0.051114,0.061229,0.057772,0.029624,0.038252,0.040727,0.051692,0.037637,0.037655,0.035236,0.032349,0.035141,0.031915,0.031231,0.060452,0.038276,0.060779,0.031518
NA,sub-020,1,Psilocybin_Pilot,M,NA,C57BL/6J,9.4,y,ME-EPI,1700.0,15.0,Mediso,"0.05 mg/kg med bolus + 0.1 mg/kg med infusion, i.v., 0,5% iso",y,NA,NA,0.006191791204,0.01003108801,NA,0.061566,0.066101,0.080635,0.052228,0.049269,0.042571,0.038204,0.030634,0.038678,0.032125,0.037253,0.032768,0.040566,0.035348,0.052728,0.048827,0.049955,0.034653
NA,sub-021,1,Psilocybin_Pilot,M,NA,C57BL/6J,9.4,y,ME-EPI,1700.0,15.0,Mediso,"0.05 mg/kg med bolus + 0.1 mg/kg med infusion, i.v., 0,5% iso",y,NA,NA,0.00644459997,0.0109433275,NA,0.052156,0.049151,0.044791,0.031258,0.034439,0.030436,0.048167,0.031298,0.051765,0.03234,0.039216,0.040812,0.038543,0.033922,0.046506,0.034091,0.048956,0.025304
NA,sub-022,1,Psilocybin_Pilot,M,NA,C57BL/6J,9.4,y,ME-EPI,1700.0,15.0,Mediso,"0.05 mg/kg med bolus + 0.1 mg/kg med infusion, i.v., 0,5% iso",y,NA,NA,0.006415512733,0.01033558681,NA,0.076699,0.055647,0.056477,0.038582,0.031022,0.025989,0.051337,0.039833,0.043647,0.040585,0.042755,0.045182,0.045077,0.036394,0.055815,0.039552,0.055463,0.029865
NA,sub-023,1,Psilocybin_Pilot,M,NA,C57BL/6J,9.4,y,ME-EPI,1700.0,15.0,Mediso,"0.05 mg/kg med bolus + 0.1 mg/kg med infusion, i.v., 0,5% iso",y,NA,NA,0.005562611464,0.009310067988,NA,0.04594,0.049958,0.071791,0.029413,0.040151,0.037596,0.05714,0.046833,0.041832,0.039656,0.051887,0.046679,0.036509,0.032022,0.036236,0.035128,0.047196,0.026125
NA,sub-024,1,Psilocybin_Pilot,M,NA,C57BL/6J,9.4,y,ME-EPI,1700.0,15.0,Mediso,"0.05 mg/kg med bolus + 0.1 mg/kg med infusion, i.v., 0,5% iso",y,NA,NA,0.005843529818,0.008773633876,NA,0.049299,0.076709,0.063271,0.033589,0.035932,0.038985,0.046121,0.051685,0.0478,0.034076,0.041204,0.047069,0.051075,0.034298,0.049181,0.038093,0.060151,0.028484
NA,sub-025,1,Psilocybin_Pilot,M,NA,C57BL/6J,9.4,y,ME-EPI,1700.0,15.0,Mediso,"0.05 mg/kg med bolus + 0.1 mg/kg med infusion, i.v., 0,5% iso",y,NA,NA,0.005794225338,0.00927456107,NA,0.041449,0.059593,0.063475,0.031146,0.031745,0.030856,0.049157,0.035131,0.044706,0.034312,0.044585,0.035079,0.045408,0.031452,0.045031,0.035304,0.048404,0.02282
NA,sub-C09S001,1,Sexdifference,M,16,C57BL,7.0,n,GE-EPI,1000.0,NA,Dexiso,"0.05 mg/kg med bolus + 0.025 mg/kg med infusion, i.p., 0,5% iso",NA,NA,NA,0.00455423189,0.00800266219,NA,0.059303,0.126982,0.182376,0.067614,0.06847,0.084221,0.039541,0.044694,0.0593,0.032734,0.072452,0.056298,0.073794,0.059695,0.064609,0.03939,0.048692,0.031498
NA,sub-C09S002,1,Sexdifference,M,16,C57BL,7.0,n,GE-EPI,1000.0,NA,Dexiso,"0.05 mg/kg med bolus + 0.025 mg/kg med infusion, i.p., 0,5% iso",NA,NA,NA,0.004348607829,0.007144027213,NA,0.042485,0.046308,0.039812,0.036842,0.040826,0.034964,0.031612,0.030278,0.056334,0.034067,0.061904,0.051637,0.048112,0.024104,0.039128,0.030549,0.049747,0.043508
NA,sub-C09S003,1,Sexdifference,M,16,C57BL,7.0,n,GE-EPI,1000.0,NA,Dexiso,"0.05 mg/kg med bolus + 0.025 mg/kg med infusion, i.p., 0,5% iso",NA,NA,NA,0.003781597913,0.006066778987,NA,0.03769,0.032581,0.036939,0.03194,0.030652,0.0266,0.025345,0.028211,0.039345,0.029385,0.045151,0.05266,0.030229,0.021918,0.035709,0.03018,0.046475,0.033801
NA,sub-C09S004,1,Sexdifference,M,16,C57BL,7.0,n,GE-EPI,1000.0,NA,Dexiso,"0.05 mg/kg med bolus + 0.025 mg/kg med infusion, i.p., 0,5% iso",NA,NA,NA,0.004555624655,0.007817628917,NA,0.046037,0.083725,0.13901,0.051804,0.063414,0.059916,0.034109,0.037969,0.043918,0.031003,0.081554,0.038617,0.047072,0.046834,0.049413,0.033194,0.042657,0.037528
NA,sub-C09S005,1,Sexdifference,M,16,C57BL,7.0,n,GE-EPI,1000.0,NA,Dexiso,"0.05 mg/kg med bolus + 0.025 mg/kg med infusion, i.p., 0,5% iso",NA,NA,NA,0.00486862042,0.009373934774,NA,0.041042,0.039124,0.050585,0.022933,0.031429,0.03466,0.032373,0.026856,0.035006,0.028707,0.053258,0.053861,0.034285,0.027704,0.040565,0.027555,0.039037,0.024848
NA,sub-C02S006,1,Sexdifference,F,16,C57BL,7.0,n,GE-EPI,1000.0,NA,Dexiso,"0.05 mg/kg med bolus + 0.025 mg/kg med infusion, i.p., 0,5% iso",NA,NA,NA,0.01065723564,0.01851137805,NA,0.07373,0.109021,0.179946,0.07526,0.08567,0.079395,0.076023,0.062806,0.090473,0.046134,0.088864,0.06332,0.065374,0.055497,0.067353,0.042633,0.069666,0.044365
NA,sub-C02S007,1,Sexdifference,F,16,C57BL,7.0,n,GE-EPI,1000.0,NA,Dexiso,"0.05 mg/kg med bolus + 0.025 mg/kg med infusion, i.p., 0,5% iso",NA,NA,NA,0.004123689061,0.006650905159,NA,0.059452,0.140847,0.172666,0.062105,0.084685,0.095578,0.045327,0.042927,0.058532,0.030649,0.083069,0.039757,0.06456,0.057969,0.060426,0.033944,0.060954,0.040027
NA,sub-C02S008,1,Sexdifference,F,16,C57BL,7.0,n,GE-EPI,1000.0,NA,Dexiso,"0.05 mg/kg med bolus + 0.025 mg/kg med infusion, i.p., 0,5% iso",NA,NA,NA,0.004885911072,0.007391612337,NA,0.076941,0.079646,0.063047,0.055603,0.059033,0.072456,0.035621,0.061711,0.084349,0.066924,0.084616,0.10827,0.062091,0.03836,0.074323,0.054505,0.083388,0.054766
NA,sub-C02S009,1,Sexdifference,F,16,C57BL,7.0,n,GE-EPI,1000.0,NA,Dexiso,"0.05 mg/kg med bolus + 0.025 mg/kg med infusion, i.p., 0,5% iso",NA,NA,NA,0.004465477622,0.008024837567,NA,0.049969,0.037284,0.040036,0.044705,0.03463,0.037153,0.026442,0.032058,0.040306,0.034268,0.043633,0.070384,0.029039,0.02443,0.054106,0.04122,0.043847,0.025026
NA,sub-C02S010,1,Sexdifference,F,16,C57BL,7.0,n,GE-EPI,1000.0,NA,Dexiso,"0.05 mg/kg med bolus + 0.025 mg/kg med infusion, i.p., 0,5% iso",NA,NA,NA,0.00624177302,0.01218392329,NA,0.065861,0.067582,0.078962,0.048326,0.053316,0.049301,0.033795,0.052905,0.087453,0.045232,0.071668,0.072834,0.036611,0.026226,0.066297,0.054089,0.058336,0.052337
NA,sub-C08S011,1,Sexdifference,M,16,C57BL,7.0,n,GE-EPI,1000.0,NA,Dexiso,"0.05 mg/kg med bolus + 0.025 mg/kg med infusion, i.p., 0,5% iso",NA,NA,NA,0.004862162139,0.009100203261,NA,0.053315,0.055019,0.064803,0.054563,0.040899,0.049002,0.041831,0.045585,0.049972,0.034558,0.053423,0.062541,0.040147,0.028718,0.0542,0.045706,0.064666,0.038579
NA,sub-C08S012,1,Sexdifference,M,16,C57BL,7.0,n,GE-EPI,1000.0,NA,Dexiso,"0.05 mg/kg med bolus + 0.025 mg/kg med infusion, i.p., 0,5% iso",NA,NA,NA,0.005660573741,0.01029606447,NA,0.053745,0.056579,0.099898,0.043649,0.048163,0.059265,0.037919,0.039203,0.055025,0.036845,0.07425,0.054884,0.065993,0.040733,0.057369,0.040722,0.058906,0.034534
NA,sub-C08S013,1,Sexdifference,M,16,C57BL,7.0,n,GE-EPI,1000.0,NA,Dexiso,"0.05 mg/kg med bolus + 0.025 mg/kg med infusion, i.p., 0,5% iso",NA,NA,NA,0.005183015363,0.009574065568,NA,0.0674,0.102791,0.131412,0.083929,0.102735,0.123779,0.049261,0.073501,0.108314,0.043318,0.072191,0.073161,0.080607,0.045388,0.045327,0.050236,0.060159,0.04568
NA,sub-C08S014,1,Sexdifference,M,16,C57BL,7.0,n,GE-EPI,1000.0,NA,Dexiso,"0.05 mg/kg med bolus + 0.025 mg/kg med infusion, i.p., 0,5% iso",NA,NA,NA,0.004604188915,0.007682471124,NA,0.053403,0.098386,0.169755,0.065962,0.06863,0.099799,0.03126,0.05431,0.054634,0.037595,0.074923,0.070817,0.063581,0.048008,0.056824,0.039455,0.069542,0.035979
NA,sub-C01S015,1,Sexdifference,F,16,C57BL,7.0,n,GE-EPI,1000.0,NA,Dexiso,"0.05 mg/kg med bolus + 0.025 mg/kg med infusion, i.p., 0,5% iso",NA,NA,NA,0.003812673848,0.006201216364,NA,0.049366,0.066085,0.093587,0.046371,0.03995,0.055859,0.033007,0.037399,0.052168,0.034691,0.041067,0.046897,0.054559,0.033672,0.056242,0.026032,0.043742,0.036864
NA,sub-C01S016,1,Sexdifference,F,16,C57BL,7.0,n,GE-EPI,1000.0,NA,Dexiso,"0.05 mg/kg med bolus + 0.025 mg/kg med infusion, i.p., 0,5% iso",NA,NA,NA,0.004827251763,0.00856944699,NA,0.041192,0.038176,0.037386,0.035463,0.03389,0.032774,0.043447,0.033106,0.044984,0.023976,0.044373,0.069051,0.036937,0.028537,0.043687,0.038939,0.049409,0.038217
NA,sub-C01S017,1,Sexdifference,F,16,C57BL,7.0,n,GE-EPI,1000.0,NA,Dexiso,"0.05 mg/kg med bolus + 0.025 mg/kg med infusion, i.p., 0,5% iso",NA,NA,NA,0.00522413522,0.009362307601,NA,0.049078,0.09667,0.142253,0.04482,0.052205,0.046232,0.036214,0.032238,0.04057,0.030663,0.052028,0.048717,0.043238,0.04063,0.047254,0.033376,0.041908,0.027387
NA,sub-C01S018,1,Sexdifference,F,16,C57BL,7.0,n,GE-EPI,1000.0,NA,Dexiso,"0.05 mg/kg med bolus + 0.025 mg/kg med infusion, i.p., 0,5% iso",NA,NA,NA,0.004556718144,0.008213619305,NA,0.063324,0.132981,0.148562,0.053597,0.053396,0.077242,0.039412,0.033356,0.063061,0.041795,0.060072,0.056482,0.063165,0.047586,0.053522,0.039125,0.049385,0.032193
NA,sub-C01S019,1,Sexdifference,F,16,C57BL,7.0,n,GE-EPI,1000.0,NA,Dexiso,"0.05 mg/kg med bolus + 0.025 mg/kg med infusion, i.p., 0,5% iso",NA,NA,NA,0.006036713508,0.01125228645,NA,0.047782,0.090337,0.101794,0.058251,0.06709,0.091543,0.043409,0.048456,0.076086,0.042311,0.072585,0.066269,0.077712,0.049873,0.061886,0.046342,0.061074,0.032813
NA,sub-C03S020,1,Sexdifference,F,16,C57BL,7.0,n,GE-EPI,1000.0,NA,Dexiso,"0.05 mg/kg med bolus + 0.025 mg/kg med infusion, i.p., 0,5% iso",NA,NA,NA,0.006382580913,0.01166763242,NA,0.073399,0.104848,0.061909,0.05086,0.07785,0.060085,0.059777,0.043002,0.06565,0.052802,0.102018,0.053319,0.060283,0.038714,0.031694,0.033934,0.103898,0.037889
NA,sub-C03S021,1,Sexdifference,F,16,C57BL,7.0,n,GE-EPI,1000.0,NA,Dexiso,"0.05 mg/kg med bolus + 0.025 mg/kg med infusion, i.p., 0,5% iso",NA,NA,NA,0.005125903192,0.008416991516,NA,0.034331,0.066924,0.055988,0.047496,0.038751,0.045595,0.043272,0.05025,0.0469,0.046991,0.05599,0.085153,0.037997,0.026245,0.03464,0.034243,0.049331,0.033238
NA,sub-C03S022,1,Sexdifference,F,16,C57BL,7.0,n,GE-EPI,1000.0,NA,Dexiso,"0.05 mg/kg med bolus + 0.025 mg/kg med infusion, i.p., 0,5% iso",NA,NA,NA,0.004280116085,0.007315266317,NA,0.041962,0.043381,0.061466,0.046239,0.051611,0.040923,0.037895,0.037326,0.053896,0.036901,0.077297,0.058245,0.030564,0.021776,0.034434,0.03023,0.050417,0.023903
NA,sub-C03S023,1,Sexdifference,F,16,C57BL,7.0,n,GE-EPI,1000.0,NA,Dexiso,"0.05 mg/kg med bolus + 0.025 mg/kg med infusion, i.p., 0,5% iso",NA,NA,NA,0.005012374457,0.01001619178,NA,0.034939,0.046495,0.034902,0.033715,0.0356,0.032042,0.046181,0.027571,0.058435,0.030796,0.056542,0.039306,0.044142,0.024055,0.039276,0.030697,0.042726,0.024592
NA,sub-C03S024,1,Sexdifference,F,16,C57BL,7.0,n,GE-EPI,1000.0,NA,Dexiso,"0.05 mg/kg med bolus + 0.025 mg/kg med infusion, i.p., 0,5% iso",NA,NA,NA,0.004055975365,0.006833569738,NA,0.054944,0.069015,0.077212,0.037712,0.037153,0.042615,0.039389,0.033203,0.072941,0.046614,0.05922,0.058113,0.051773,0.032874,0.043873,0.029934,0.042706,0.035657
NA,sub-C04S025,1,Sexdifference,F,16,C57BL,7.0,n,GE-EPI,1000.0,NA,Dexiso,"0.05 mg/kg med bolus + 0.025 mg/kg med infusion, i.p., 0,5% iso",NA,NA,NA,0.003551669005,0.005730417691,NA,0.053327,0.050437,0.048697,0.035157,0.044199,0.062161,0.032236,0.037239,0.049336,0.033288,0.0504,0.069188,0.033257,0.032454,0.049191,0.026702,0.047368,0.05031
NA,sub-C04S026,1,Sexdifference,F,16,C57BL,7.0,n,GE-EPI,1000.0,NA,Dexiso,"0.05 mg/kg med bolus + 0.025 mg/kg med infusion, i.p., 0,5% iso",NA,NA,NA,0.003909741707,0.00640096641,NA,0.047249,0.04348,0.03909,0.040203,0.029995,0.036157,0.030387,0.031213,0.045215,0.028045,0.04405,0.051542,0.030308,0.032055,0.046778,0.031271,0.043598,0.03375
NA,sub-C04S027,1,Sexdifference,F,16,C57BL,7.0,n,GE-EPI,1000.0,NA,Dexiso,"0.05 mg/kg med bolus + 0.025 mg/kg med infusion, i.p., 0,5% iso",NA,NA,NA,0.004298373705,0.007664623015,NA,0.05411,0.042013,0.051544,0.029429,0.031677,0.040482,0.025656,0.027175,0.049956,0.030738,0.052984,0.053067,0.029144,0.02674,0.042545,0.033955,0.041507,0.039473
NA,sub-C04S028,1,Sexdifference,F,16,C57BL,7.0,n,GE-EPI,1000.0,NA,Dexiso,"0.05 mg/kg med bolus + 0.025 mg/kg med infusion, i.p., 0,5% iso",NA,NA,NA,0.004730235675,0.008958093516,NA,0.062915,0.06413,0.075392,0.053165,0.040203,0.051384,0.038415,0.044926,0.086986,0.045111,0.070798,0.059854,0.046472,0.034513,0.058107,0.028971,0.054388,0.039844
NA,sub-C04S029,1,Sexdifference,F,16,C57BL,7.0,n,GE-EPI,1000.0,NA,Dexiso,"0.05 mg/kg med bolus + 0.025 mg/kg med infusion, i.p., 0,5% iso",NA,NA,NA,0.00792398091,0.01547038946,NA,0.106322,0.095992,0.150818,0.066244,0.054157,0.054341,0.060798,0.104046,0.156867,0.044333,0.101777,0.062887,0.067886,0.035917,0.087323,0.049175,0.09043,0.092828
NA,sub-C05S030,1,Sexdifference,M,16,C57BL,7.0,n,GE-EPI,1000.0,NA,Dexiso,"0.05 mg/kg med bolus + 0.025 mg/kg med infusion, i.p., 0,5% iso",NA,NA,NA,0.004686039396,0.008462008125,NA,0.06177,0.0521,0.080408,0.046123,0.039402,0.045555,0.041837,0.042479,0.051636,0.04182,0.05499,0.071986,0.050278,0.028019,0.043905,0.037152,0.052324,0.032538
NA,sub-C05S031,1,Sexdifference,M,16,C57BL,7.0,n,GE-EPI,1000.0,NA,Dexiso,"0.05 mg/kg med bolus + 0.025 mg/kg med infusion, i.p., 0,5% iso",NA,NA,NA,0.004227628127,0.007495346155,NA,0.052167,0.060209,0.052033,0.044015,0.034263,0.049276,0.037372,0.038748,0.081102,0.041479,0.062953,0.056233,0.052091,0.027975,0.03947,0.04605,0.051546,0.041213
NA,sub-C05S032,1,Sexdifference,M,16,C57BL,7.0,n,GE-EPI,1000.0,NA,Dexiso,"0.05 mg/kg med bolus + 0.025 mg/kg med infusion, i.p., 0,5% iso",NA,NA,NA,0.004736668315,0.007816433886,NA,0.063765,0.068089,0.091575,0.042731,0.05624,0.047369,0.033991,0.052321,0.069911,0.041855,0.05596,0.055495,0.04684,0.038741,0.049042,0.036763,0.046356,0.030027
NA,sub-C06S033,1,Sexdifference,M,16,C57BL,7.0,n,GE-EPI,1000.0,NA,Dexiso,"0.05 mg/kg med bolus + 0.025 mg/kg med infusion, i.p., 0,5% iso",NA,NA,NA,0.005047326034,0.009095221924,NA,0.051076,0.045217,0.049053,0.031288,0.027728,0.039613,0.029592,0.025914,0.043583,0.027817,0.053556,0.060746,0.032843,0.020808,0.04346,0.027539,0.04935,0.029803
NA,sub-C06S034,1,Sexdifference,M,16,C57BL,7.0,n,GE-EPI,1000.0,NA,Dexiso,"0.05 mg/kg med bolus + 0.025 mg/kg med infusion, i.p., 0,5% iso",NA,NA,NA,0.003676532164,0.006099765504,NA,0.089507,0.049973,0.092132,0.068253,0.040037,0.081248,0.042986,0.043672,0.07605,0.069597,0.087265,0.098233,0.050225,0.030175,0.045688,0.047118,0.058999,0.05154
NA,sub-C06S035,1,Sexdifference,M,16,C57BL,7.0,n,GE-EPI,1000.0,NA,Dexiso,"0.05 mg/kg med bolus + 0.025 mg/kg med infusion, i.p., 0,5% iso",NA,NA,NA,0.004111523257,0.007499952301,NA,0.055294,0.092633,0.13761,0.061193,0.059984,0.068524,0.03331,0.036692,0.050122,0.038429,0.048582,0.051061,0.05407,0.039669,0.058338,0.03667,0.040087,0.034797
NA,sub-C06S036,1,Sexdifference,M,16,C57BL,7.0,n,GE-EPI,1000.0,NA,Dexiso,"0.05 mg/kg med bolus + 0.025 mg/kg med infusion, i.p., 0,5% iso",NA,NA,NA,0.00389253727,0.006704814922,NA,0.040318,0.058488,0.075917,0.039948,0.035355,0.04092,0.0305,0.035296,0.039428,0.028094,0.047181,0.043957,0.030499,0.024029,0.03269,0.028688,0.050142,0.027952
NA,sub-C07S037,1,Sexdifference,M,16,C57BL,7.0,n,GE-EPI,1000.0,NA,Dexiso,"0.05 mg/kg med bolus + 0.025 mg/kg med infusion, i.p., 0,5% iso",NA,NA,NA,0.007292783002,0.01461086855,NA,0.066169,0.06351,0.06184,0.05317,0.043964,0.044746,0.06724,0.045348,0.070182,0.04865,0.062075,0.090657,0.052034,0.02997,0.058927,0.054208,0.064884,0.047777
NA,sub-C07S038,1,Sexdifference,M,16,C57BL,7.0,n,GE-EPI,1000.0,NA,Dexiso,"0.05 mg/kg med bolus + 0.025 mg/kg med infusion, i.p., 0,5% iso",NA,NA,NA,0.003891607582,0.006439425715,NA,0.06879,0.077791,0.125638,0.055151,0.062019,0.076341,0.043508,0.049673,0.071333,0.044955,0.080206,0.067949,0.050924,0.039298,0.048832,0.033489,0.078955,0.04363
NA,sub-C07S039,1,Sexdifference,M,16,C57BL,7.0,n,GE-EPI,1000.0,NA,Dexiso,"0.05 mg/kg med bolus + 0.025 mg/kg med infusion, i.p., 0,5% iso",NA,NA,NA,0.003687655292,0.006116623337,NA,0.031818,0.041158,0.036943,0.030261,0.033196,0.036621,0.029423,0.028187,0.039076,0.029747,0.056957,0.044436,0.037397,0.026703,0.036274,0.02875,0.036846,0.024474
NA,sub-C07S040,1,Sexdifference,M,16,C57BL,7.0,n,GE-EPI,1000.0,NA,Dexiso,"0.05 mg/kg med bolus + 0.025 mg/kg med infusion, i.p., 0,5% iso",NA,NA,NA,0.004217822802,0.007578573128,NA,0.05998,0.047967,0.056395,0.059422,0.035657,0.056431,0.062111,0.050527,0.058903,0.041961,0.058245,0.074558,0.048826,0.037219,0.04314,0.037959,0.05874,0.036845
NA,sub-C11S041,1,Sexdifference,M,16,C57BL,7.0,n,GE-EPI,1000.0,NA,Dexiso,"0.05 mg/kg med bolus + 0.025 mg/kg med infusion, i.p., 0,5% iso",NA,NA,NA,0.01190445694,0.0197127711,NA,0.134257,0.247156,0.198437,0.133781,0.132804,0.103449,0.134597,0.062357,0.190089,0.104784,0.151148,0.132326,0.08523,0.080336,0.078939,0.064653,0.121953,0.077234
NA,sub-C11S042,1,Sexdifference,M,16,C57BL,7.0,n,GE-EPI,1000.0,NA,Dexiso,"0.05 mg/kg med bolus + 0.025 mg/kg med infusion, i.p., 0,5% iso",NA,NA,NA,0.02931768049,0.05011654887,NA,0.18658,0.37694,0.321914,0.301128,0.236182,0.279239,0.3464,0.176551,0.222281,0.127077,0.274357,0.191394,0.093161,0.09705,0.158226,0.111407,0.191742,0.0904
NA,sub-C11S043,1,Sexdifference,M,16,C57BL,7.0,n,GE-EPI,1000.0,NA,Dexiso,"0.05 mg/kg med bolus + 0.025 mg/kg med infusion, i.p., 0,5% iso",NA,NA,NA,0.006400215008,0.01194746085,NA,0.076919,0.113551,0.129482,0.100116,0.083249,0.103072,0.048092,0.086811,0.093814,0.095054,0.059996,0.080707,0.089666,0.077057,0.073073,0.056533,0.065134,0.043634
NA,sub-C11S044,1,Sexdifference,M,16,C57BL,7.0,n,GE-EPI,1000.0,NA,Dexiso,"0.05 mg/kg med bolus + 0.025 mg/kg med infusion, i.p., 0,5% iso",NA,NA,NA,0.006679923316,0.01179746009,NA,0.070168,0.121364,0.139189,0.075556,0.080929,0.104324,0.077823,0.059542,0.109737,0.083249,0.074183,0.082908,0.082175,0.078404,0.078704,0.051729,0.085697,0.044477
NA,sub-C11S045,1,Sexdifference,M,16,C57BL,7.0,n,GE-EPI,1000.0,NA,Dexiso,"0.05 mg/kg med bolus + 0.025 mg/kg med infusion, i.p., 0,5% iso",NA,NA,NA,0.006880586181,0.01177854562,NA,0.103542,0.188929,0.205734,0.118696,0.16972,0.178221,0.09553,0.047724,0.117137,0.057568,0.098023,0.08205,0.072401,0.049722,0.068319,0.045241,0.080884,0.05457
NA,sub-C10S046,1,Sexdifference,F,16,C57BL,7.0,n,GE-EPI,1000.0,NA,Dexiso,"0.05 mg/kg med bolus + 0.025 mg/kg med infusion, i.p., 0,5% iso",NA,NA,NA,0.006243617003,0.009790021893,NA,0.093247,0.095995,0.152886,0.095468,0.111184,0.14204,0.057346,0.078139,0.144541,0.086768,0.061955,0.097068,0.090366,0.058359,0.069261,0.048979,0.084887,0.050761
NA,sub-C10S047,1,Sexdifference,F,16,C57BL,7.0,n,GE-EPI,1000.0,NA,Dexiso,"0.05 mg/kg med bolus + 0.025 mg/kg med infusion, i.p., 0,5% iso",NA,NA,NA,0.004168895047,0.006769365265,NA,0.070088,0.068875,0.09171,0.058359,0.044134,0.072403,0.037799,0.04069,0.068933,0.035415,0.089299,0.073901,0.048499,0.036877,0.056904,0.043302,0.049115,0.044694
NA,sub-C10S048,1,Sexdifference,F,16,C57BL,7.0,n,GE-EPI,1000.0,NA,Dexiso,"0.05 mg/kg med bolus + 0.025 mg/kg med infusion, i.p., 0,5% iso",NA,NA,NA,0.004244284265,0.006856650756,NA,0.04761,0.06416,0.095195,0.041978,0.044275,0.046646,0.048403,0.043361,0.05434,0.029485,0.042985,0.053102,0.0489,0.036012,0.05563,0.034854,0.043422,0.037233
NA,sub-C10S049,1,Sexdifference,F,16,C57BL,7.0,n,GE-EPI,1000.0,NA,Dexiso,"0.05 mg/kg med bolus + 0.025 mg/kg med infusion, i.p., 0,5% iso",NA,NA,NA,0.01031348761,0.0169137196,NA,0.105587,0.07912,0.113568,0.070927,0.06843,0.081817,0.07612,0.054989,0.11076,0.048058,0.111326,0.080804,0.067317,0.046032,0.061771,0.04907,0.050774,0.057153
NA,sub-C10S050,1,Sexdifference,F,16,C57BL,7.0,n,GE-EPI,1000.0,NA,Dexiso,"0.05 mg/kg med bolus + 0.025 mg/kg med infusion, i.p., 0,5% iso",NA,NA,NA,0.00396964625,0.006319023014,NA,0.06037,0.088534,0.111212,0.081074,0.053849,0.08309,0.044834,0.062726,0.08203,0.04578,0.084404,0.068106,0.071011,0.03411,0.062817,0.036394,0.047792,0.043442
NA,sub-C13S051,1,Sexdifference,F,16,C57BL/56,7.0,RT,GE-EPI,1000.0,NA,Dexiso,"0.05 mg/kg med bolus + 0.025 mg/kg med infusion, i.p., 0,5% iso",NA,NA,NA,0.004587622082,0.007957145997,NA,0.069469,0.151983,0.181815,0.072208,0.067373,0.084746,0.056279,0.06793,0.095686,0.059732,0.060845,0.055968,0.055415,0.047846,0.062773,0.046472,0.061075,0.038572
NA,sub-C13S052,1,Sexdifference,F,16,C57BL/57,7.0,RT,GE-EPI,1000.0,NA,Dexiso,"0.05 mg/kg med bolus + 0.025 mg/kg med infusion, i.p., 0,5% iso",NA,NA,NA,0.003900909295,0.006135027287,NA,0.090545,0.123722,0.157739,0.094859,0.094296,0.1211,0.048283,0.08242,0.111425,0.059487,0.067434,0.068321,0.099796,0.054459,0.069505,0.045247,0.054565,0.052368
NA,sub-C13S053,1,Sexdifference,F,16,C57BL/58,7.0,RT,GE-EPI,1000.0,NA,Dexiso,"0.05 mg/kg med bolus + 0.025 mg/kg med infusion, i.p., 0,5% iso",NA,NA,NA,0.007174884736,0.01227936153,NA,0.090326,0.106639,0.154968,0.087399,0.077038,0.101633,0.071501,0.057029,0.097756,0.068195,0.071477,0.058855,0.083775,0.053624,0.076366,0.04546,0.060459,0.051178
NA,sub-C13S054,1,Sexdifference,F,16,C57BL/59,7.0,RT,GE-EPI,1000.0,NA,Dexiso,"0.05 mg/kg med bolus + 0.025 mg/kg med infusion, i.p., 0,5% iso",NA,NA,NA,0.007859420468,0.01460975049,NA,0.081314,0.113024,0.164473,0.108392,0.089892,0.101164,0.070468,0.075665,0.123255,0.083209,0.068186,0.088153,0.083277,0.065039,0.087637,0.069509,0.062817,0.054184
NA,sub-C13S055,1,Sexdifference,F,16,C57BL/60,7.0,RT,GE-EPI,1000.0,NA,Dexiso,"0.05 mg/kg med bolus + 0.025 mg/kg med infusion, i.p., 0,5% iso",NA,NA,NA,0.00395402871,0.006085978567,NA,0.096783,0.106857,0.153045,0.10219,0.103905,0.115835,0.055864,0.06951,0.097647,0.060853,0.072142,0.089804,0.116261,0.059659,0.070534,0.046662,0.056962,0.042203
NA,sub-C12S056,1,Sexdifference,M,16,C57BL/61,7.0,RT,GE-EPI,1000.0,NA,Dexiso,"0.05 mg/kg med bolus + 0.025 mg/kg med infusion, i.p., 0,5% iso",NA,NA,NA,0.01141135476,0.0202293693,NA,0.099273,0.134461,0.166675,0.110509,0.081312,0.147547,0.073505,0.061207,0.088584,0.067989,0.05735,0.083949,0.088333,0.052967,0.073542,0.070629,0.05255,0.048845
NA,sub-C12S057,1,Sexdifference,M,16,C57BL/62,7.0,RT,GE-EPI,1000.0,NA,Dexiso,"0.05 mg/kg med bolus + 0.025 mg/kg med infusion, i.p., 0,5% iso",NA,NA,NA,0.03666148801,0.06421548025,NA,0.140418,0.15349,0.162841,0.253655,0.134901,0.24634,0.26331,0.208221,0.177673,0.125399,0.23991,0.150638,0.099315,0.127804,0.095125,0.150991,0.146382,0.150782
NA,sub-C12S058,1,Sexdifference,M,16,C57BL/63,7.0,RT,GE-EPI,1000.0,NA,Dexiso,"0.05 mg/kg med bolus + 0.025 mg/kg med infusion, i.p., 0,5% iso",NA,NA,NA,0.006638317296,0.01230238542,NA,0.065142,0.120228,0.161846,0.073552,0.11381,0.107743,0.130977,0.064732,0.080692,0.039673,0.075628,0.052675,0.085032,0.059807,0.071659,0.044781,0.057697,0.049434
NA,sub-C12S059,1,Sexdifference,M,16,C57BL/64,7.0,RT,GE-EPI,1000.0,NA,Dexiso,"0.05 mg/kg med bolus + 0.025 mg/kg med infusion, i.p., 0,5% iso",NA,NA,NA,0.004340618215,0.006527519306,NA,0.083588,0.095799,0.137429,0.077161,0.099657,0.124726,0.064047,0.06853,0.078571,0.051292,0.064739,0.083169,0.087627,0.049274,0.06065,0.038369,0.064356,0.046516
NA,sub-C12S060,1,Sexdifference,M,16,C57BL/65,7.0,RT,GE-EPI,1000.0,NA,Dexiso,"0.05 mg/kg med bolus + 0.025 mg/kg med infusion, i.p., 0,5% iso",NA,NA,NA,0.008740039768,0.01420601789,NA,0.088106,0.142068,0.175157,0.129535,0.09045,0.148354,0.0982,0.076014,0.109473,0.090477,0.086666,0.098477,0.081573,0.060904,0.094846,0.047225,0.084493,0.054001
