Scan_id,Participant_Id,Dataset_name,Age(week),MRI,MRI T.R.,FD average,FD maximum,Age(week)_Missing,MRI_Missing,MRI T.R._Missing,FD average_Missing,FD maximum_Missing,Sex_M,Rodent.strain_F1 C6/129P,Rodent.strain_ICR,Coil_RT,fMRI.sequence_ME-EPI,fMRI.sequence_SE-EPI,Anesthesia_Dex,Anesthesia_Dexiso,Anesthesia_Hal,Anesthesia_Iso,Anesthesia_Med,Anesthesia_Mediso,Anesthesia_Propofol,Ventilation_Yes,comp1,comp2,comp3,comp4,comp5,comp6,comp7,comp8,comp9,comp10,comp11,comp12,comp13,comp14,comp15,comp16,comp17,comp18
sub-0100100_ses-1_run-1_task-rest_bold_cleaned,100100,Awake,8.0,9.4,1000.0,0.007022465448,0.01165496116,0.0,0.0,0.0,0.0,0.0,1.0,0.0,0.0,0.0,0.0,0.0,0.0,0.0,0.0,0.0,0.0,0.0,0.0,0.0,0.080495,0.098474,0.114468,0.07564,0.062307,0.05401,0.046308,0.074807,0.073279,0.038724,0.076055,0.073271,0.047264,0.041018,0.061271,0.074997,0.044077,0.048933
sub-0100101_ses-1_run-1_task-rest_bold_cleaned,100101,Awake,8.0,9.4,1000.0,0.007730130453,0.01224385265,0.0,0.0,0.0,0.0,0.0,1.0,0.0,0.0,0.0,0.0,0.0,0.0,0.0,0.0,0.0,0.0,0.0,0.0,0.0,0.124921,0.118759,0.141769,0.089887,0.063125,0.070274,0.058579,0.059824,0.097931,0.056971,0.118733,0.076449,0.050775,0.040541,0.054388,0.071685,0.076146,0.054609
sub-0100102_ses-1_run-1_task-rest_bold_cleaned,100102,Awake,8.0,9.4,1000.0,0.008184264594,0.01340559859,0.0,0.0,0.0,0.0,0.0,1.0,0.0,0.0,0.0,0.0,0.0,0.0,0.0,0.0,0.0,0.0,0.0,0.0,0.0,0.078614,0.109265,0.121399,0.08127,0.069492,0.070683,0.059093,0.067771,0.103806,0.069914,0.105347,0.111538,0.055667,0.040283,0.082954,0.085356,0.067969,0.049316
sub-0100103_ses-1_run-1_task-rest_bold_cleaned,100103,Awake,8.0,9.4,1000.0,0.007063960904,0.01242965184,0.0,0.0,0.0,0.0,0.0,1.0,0.0,0.0,0.0,0.0,0.0,0.0,0.0,0.0,0.0,0.0,0.0,0.0,0.0,0.085199,0.162053,0.14007,0.079652,0.093249,0.069337,0.062055,0.05413,0.107579,0.05293,0.090121,0.062174,0.049908,0.040879,0.046181,0.073097,0.047932,0.061054
sub-0100200_ses-1_run-1_task-rest_bold_cleaned,100200,Awake,18.0,7.0,2000.0,0.02567935505,0.0483037271,0.0,0.0,0.0,0.0,0.0,1.0,0.0,0.0,1.0,0.0,0.0,0.0,0.0,0.0,0.0,0.0,0.0,0.0,0.0,0.444197,0.218354,0.361291,0.189678,0.159223,0.156644,0.221429,0.36174,0.252028,0.113044,0.307416,0.366787,0.165517,0.115571,0.187124,0.186063,0.187952,0.196527
sub-0100201_ses-1_run-1_task-rest_bold_cleaned,100201,Awake,14.0,7.0,2000.0,0.0221375385,0.03845098917,0.0,0.0,0.0,0.0,0.0,1.0,0.0,0.0,1.0,0.0,0.0,0.0,0.0,0.0,0.0,0.0,0.0,0.0,0.0,0.437696,0.33822,0.267641,0.171042,0.149254,0.173963,0.233282,0.374607,0.2817,0.167406,0.185701,0.298344,0.133148,0.110813,0.201679,0.193444,0.149668,0.242229
sub-0100202_ses-1_run-1_task-rest_bold_cleaned,100202,Awake,18.0,7.0,2000.0,0.02028494712,0.03456132581,0.0,0.0,0.0,0.0,0.0,1.0,0.0,0.0,1.0,0.0,0.0,0.0,0.0,0.0,0.0,0.0,0.0,0.0,0.0,0.347199,0.206202,0.307294,0.165641,0.149469,0.245927,0.226676,0.320406,0.287945,0.136167,0.370843,0.287522,0.200587,0.121968,0.23048,0.218468,0.244087,0.493313
sub-0100204_ses-1_run-1_task-rest_bold_cleaned,100204,Awake,22.0,7.0,2000.0,0.02479040537,0.04823109544,0.0,0.0,0.0,0.0,0.0,1.0,0.0,0.0,1.0,0.0,0.0,0.0,0.0,0.0,0.0,0.0,0.0,0.0,0.0,0.311444,0.208569,0.309312,0.337581,0.245963,0.362305,0.502234,0.461785,0.282127,0.352928,0.439351,0.736352,0.242483,0.158275,0.234349,0.187671,0.367328,0.193294
sub-0100205_ses-1_run-1_task-rest_bold_cleaned,100205,Awake,18.0,7.0,2000.0,0.02591050568,0.04817999372,0.0,0.0,0.0,0.0,0.0,1.0,0.0,0.0,1.0,0.0,0.0,0.0,0.0,0.0,0.0,0.0,0.0,0.0,0.0,0.601149,0.340847,0.330999,0.496601,0.225443,0.455146,0.506493,0.525366,0.346362,0.366038,0.609183,0.463177,0.228217,0.137737,0.185426,0.202345,0.504673,0.498509
sub-0100207_ses-1_run-1_task-rest_bold_cleaned,100207,Awake,18.0,7.0,2000.0,0.02625930394,0.04539933226,0.0,0.0,0.0,0.0,0.0,1.0,0.0,0.0,1.0,0.0,0.0,0.0,0.0,0.0,0.0,0.0,0.0,0.0,0.0,0.476855,0.287777,0.267542,0.231068,0.241801,0.204164,0.542581,0.372519,0.375975,0.208485,0.629887,0.856209,0.20121,0.155916,0.327105,0.167667,0.363745,0.277941
sub-0100301_ses-1_run-1_task-rest_bold_cleaned,100301,Awake,58.0,7.0,1000.0,0.009622251098,0.01624616331,0.0,0.0,0.0,0.0,0.0,1.0,0.0,0.0,1.0,0.0,0.0,0.0,0.0,0.0,0.0,0.0,0.0,0.0,0.0,0.208824,0.100832,0.179752,0.079713,0.074807,0.063927,0.071899,0.09742,0.117149,0.062956,0.105086,0.090247,0.08381,0.105312,0.111512,0.115424,0.096238,0.118966
sub-0100302_ses-1_run-1_task-rest_bold_cleaned,100302,Awake,58.0,7.0,1000.0,0.007565202448,0.01133320261,0.0,0.0,0.0,0.0,0.0,1.0,0.0,0.0,1.0,0.0,0.0,0.0,0.0,0.0,0.0,0.0,0.0,0.0,0.0,0.160445,0.080035,0.121838,0.068801,0.081628,0.077841,0.071936,0.108693,0.134225,0.047276,0.115132,0.143272,0.079298,0.076856,0.082956,0.153694,0.080169,0.091515
sub-0100303_ses-1_run-1_task-rest_bold_cleaned,100303,Awake,58.0,7.0,1000.0,0.01027764501,0.01575209751,0.0,0.0,0.0,0.0,0.0,1.0,0.0,0.0,1.0,0.0,0.0,0.0,0.0,0.0,0.0,0.0,0.0,0.0,0.0,0.167037,0.113704,0.138696,0.08807,0.099897,0.074165,0.079442,0.086857,0.09096,0.054938,0.098238,0.123856,0.06388,0.091068,0.077537,0.128731,0.081865,0.094667
sub-0100304_ses-1_run-1_task-rest_bold_cleaned,100304,Awake,53.0,7.0,1000.0,0.00888140284,0.01490231186,0.0,0.0,0.0,0.0,0.0,1.0,0.0,0.0,1.0,0.0,0.0,0.0,0.0,0.0,0.0,0.0,0.0,0.0,0.0,0.241301,0.119916,0.123578,0.086748,0.0657,0.065717,0.094124,0.104713,0.099404,0.062599,0.129376,0.09568,0.066602,0.097708,0.081307,0.163111,0.097171,0.098872
sub-0100305_ses-1_run-1_task-rest_bold_cleaned,100305,Awake,53.0,7.0,1000.0,0.007989369192,0.01312070689,0.0,0.0,0.0,0.0,0.0,1.0,0.0,0.0,1.0,0.0,0.0,0.0,0.0,0.0,0.0,0.0,0.0,0.0,0.0,0.218011,0.095672,0.128367,0.09067,0.079887,0.072676,0.066171,0.088026,0.104192,0.06634,0.122019,0.103425,0.13776,0.110617,0.153698,0.149019,0.087768,0.074175
sub-0100306_ses-1_run-1_task-rest_bold_cleaned,100306,Awake,53.0,7.0,1000.0,0.01166238065,0.02025001791,0.0,0.0,0.0,0.0,0.0,1.0,0.0,0.0,1.0,0.0,0.0,0.0,0.0,0.0,0.0,0.0,0.0,0.0,0.0,0.209957,0.091828,0.125665,0.101418,0.119408,0.073359,0.102257,0.13176,0.100463,0.070231,0.137471,0.141743,0.079095,0.086759,0.101727,0.173184,0.095696,0.071497
sub-0100307_ses-1_run-1_task-rest_bold_cleaned,100307,Awake,52.0,7.0,1000.0,0.01089187639,0.01723691243,0.0,0.0,0.0,0.0,0.0,1.0,0.0,0.0,1.0,0.0,0.0,0.0,0.0,0.0,0.0,0.0,0.0,0.0,0.0,0.200786,0.094838,0.104531,0.081268,0.08501,0.082521,0.102795,0.112178,0.111867,0.059143,0.171411,0.126439,0.104573,0.077368,0.105177,0.139349,0.107944,0.086659
sub-0100308_ses-1_run-1_task-rest_bold_cleaned,100308,Awake,53.0,7.0,1000.0,0.01286032796,0.01971195075,0.0,0.0,0.0,0.0,0.0,1.0,0.0,0.0,1.0,0.0,0.0,0.0,0.0,0.0,0.0,0.0,0.0,0.0,0.0,0.114111,0.090842,0.101485,0.078727,0.092762,0.078169,0.118301,0.106626,0.118893,0.07179,0.202944,0.117228,0.086861,0.066709,0.116798,0.095263,0.137933,0.086521
sub-0100309_ses-1_run-1_task-rest_bold_cleaned,100309,Awake,53.0,7.0,1000.0,0.009152966247,0.01555622711,0.0,0.0,0.0,0.0,0.0,1.0,0.0,0.0,1.0,0.0,0.0,0.0,0.0,0.0,0.0,0.0,0.0,0.0,0.0,0.137364,0.095917,0.108515,0.082271,0.077038,0.077869,0.109378,0.100844,0.086264,0.05005,0.115045,0.130666,0.077699,0.071653,0.081324,0.108443,0.080793,0.056641
sub-0100310_ses-1_run-1_task-rest_bold_cleaned,100310,Awake,47.0,7.0,1000.0,0.009633096408,0.01631314134,0.0,0.0,0.0,0.0,0.0,1.0,0.0,0.0,1.0,0.0,0.0,0.0,0.0,0.0,0.0,0.0,0.0,0.0,0.0,0.270758,0.119451,0.110687,0.117355,0.098988,0.083682,0.11395,0.129959,0.103845,0.077253,0.142222,0.118159,0.112839,0.109411,0.113899,0.126517,0.1617,0.069548
sub-0100311_ses-1_run-1_task-rest_bold_cleaned,100311,Awake,47.0,7.0,1000.0,0.009753168353,0.01650053299,0.0,0.0,0.0,0.0,0.0,1.0,0.0,0.0,1.0,0.0,0.0,0.0,0.0,0.0,0.0,0.0,0.0,0.0,0.0,0.156725,0.075351,0.124719,0.069865,0.080242,0.061308,0.096529,0.096317,0.112265,0.082695,0.102278,0.119811,0.082349,0.089839,0.086803,0.125119,0.077637,0.096003
sub-0100400_ses-1_run-1_task-rest_bold_cleaned,100400,Awake,39.0,11.7,1800.0,0.06386992175,0.1142816567,0.0,0.0,0.0,0.0,0.0,0.0,0.0,0.0,1.0,0.0,0.0,0.0,0.0,0.0,0.0,0.0,0.0,0.0,1.0,0.14928,0.144981,0.127521,0.142182,0.115581,0.156425,0.207417,0.425847,0.161325,0.104405,0.189151,0.366768,0.164903,0.088423,0.216826,0.217073,0.318026,0.106629
sub-0100400_ses-2_run-1_task-rest_bold_cleaned,100400,Awake,39.0,11.7,1800.0,0.04306682828,0.07989959967,0.0,0.0,0.0,0.0,0.0,0.0,0.0,0.0,1.0,0.0,0.0,0.0,0.0,0.0,0.0,0.0,0.0,0.0,1.0,0.195026,0.152115,0.190225,0.109387,0.120267,0.136643,0.246095,0.205693,0.137448,0.101304,0.204914,0.354598,0.08292,0.098907,0.17319,0.139379,0.195859,0.121972
sub-0100400_ses-2_run-2_task-rest_bold_cleaned,100400,Awake,39.0,11.7,1800.0,0.04306682828,0.07989959967,0.0,0.0,0.0,0.0,0.0,0.0,0.0,0.0,1.0,0.0,0.0,0.0,0.0,0.0,0.0,0.0,0.0,0.0,1.0,0.129834,0.134848,0.187581,0.220296,0.090643,0.170738,0.251383,0.254655,0.161325,0.150211,0.17762,0.229479,0.125887,0.097686,0.178232,0.086292,0.204825,0.131738
sub-0100400_ses-2_run-3_task-rest_bold_cleaned,100400,Awake,39.0,11.7,1800.0,0.04306682828,0.07989959967,0.0,0.0,0.0,0.0,0.0,0.0,0.0,0.0,1.0,0.0,0.0,0.0,0.0,0.0,0.0,0.0,0.0,0.0,1.0,0.164207,0.158807,0.111899,0.132014,0.116843,0.123691,0.157279,0.172771,0.169665,0.139722,0.198352,0.222565,0.095605,0.099144,0.133268,0.1142,0.187517,0.143029
sub-0100401_ses-1_run-1_task-rest_bold_cleaned,100401,Awake,39.0,11.7,1800.0,0.06352689855,0.1190636427,0.0,0.0,0.0,0.0,0.0,0.0,0.0,0.0,1.0,0.0,0.0,0.0,0.0,0.0,0.0,0.0,0.0,0.0,1.0,0.313532,0.180437,0.139415,0.237282,0.194909,0.169877,0.480877,0.322286,0.139995,0.101061,0.303303,0.318619,0.174479,0.12834,0.176623,0.176605,0.290592,0.115884
sub-0100401_ses-2_run-1_task-rest_bold_cleaned,100401,Awake,39.0,11.7,1800.0,0.05462765221,0.1049890508,0.0,0.0,0.0,0.0,0.0,0.0,0.0,0.0,1.0,0.0,0.0,0.0,0.0,0.0,0.0,0.0,0.0,0.0,1.0,0.247174,0.173528,0.197358,0.243008,0.151271,0.199244,0.35176,0.406101,0.144006,0.120904,0.307984,0.489106,0.119456,0.159021,0.169117,0.154113,0.197445,0.168129
sub-0100401_ses-2_run-2_task-rest_bold_cleaned,100401,Awake,39.0,11.7,1800.0,0.05462765221,0.1049890508,0.0,0.0,0.0,0.0,0.0,0.0,0.0,0.0,1.0,0.0,0.0,0.0,0.0,0.0,0.0,0.0,0.0,0.0,1.0,0.177664,0.208475,0.166173,0.199282,0.108116,0.134863,0.204951,0.299818,0.203341,0.11466,0.228424,0.501617,0.121237,0.092979,0.196022,0.165427,0.197368,0.080296
sub-0100401_ses-2_run-3_task-rest_bold_cleaned,100401,Awake,39.0,11.7,1800.0,0.05462765221,0.1049890508,0.0,0.0,0.0,0.0,0.0,0.0,0.0,0.0,1.0,0.0,0.0,0.0,0.0,0.0,0.0,0.0,0.0,0.0,1.0,0.199491,0.151921,0.178969,0.114748,0.126816,0.110846,0.202113,0.309314,0.160666,0.076503,0.23198,0.414694,0.096076,0.108314,0.137428,0.147563,0.199841,0.14128
sub-0100402_ses-1_run-1_task-rest_bold_cleaned,100402,Awake,39.0,11.7,1800.0,0.04366546731,0.09306488296,0.0,0.0,0.0,0.0,0.0,0.0,0.0,0.0,1.0,0.0,0.0,0.0,0.0,0.0,0.0,0.0,0.0,0.0,1.0,0.09569,0.092242,0.119764,0.097825,0.108171,0.091296,0.198336,0.215969,0.136228,0.108915,0.285188,0.37389,0.086447,0.068358,0.155703,0.126013,0.194423,0.07499
sub-0100402_ses-2_run-1_task-rest_bold_cleaned,100402,Awake,39.0,11.7,1800.0,0.08305879804,0.1437276179,0.0,0.0,0.0,0.0,0.0,0.0,0.0,0.0,1.0,0.0,0.0,0.0,0.0,0.0,0.0,0.0,0.0,0.0,1.0,0.185461,0.148857,0.152043,0.134407,0.117242,0.129281,0.24007,0.352192,0.17618,0.091103,0.173012,0.497267,0.151377,0.138721,0.239864,0.218938,0.357181,0.119595
sub-0100402_ses-2_run-2_task-rest_bold_cleaned,100402,Awake,39.0,11.7,1800.0,0.08305879804,0.1437276179,0.0,0.0,0.0,0.0,0.0,0.0,0.0,0.0,1.0,0.0,0.0,0.0,0.0,0.0,0.0,0.0,0.0,0.0,1.0,0.123187,0.130271,0.153649,0.127709,0.115526,0.100181,0.243777,0.153667,0.175681,0.066718,0.174502,0.330008,0.101639,0.076941,0.150395,0.240931,0.358274,0.121585
sub-0100402_ses-2_run-3_task-rest_bold_cleaned,100402,Awake,39.0,11.7,1800.0,0.08305879804,0.1437276179,0.0,0.0,0.0,0.0,0.0,0.0,0.0,0.0,1.0,0.0,0.0,0.0,0.0,0.0,0.0,0.0,0.0,0.0,1.0,0.15223,0.124558,0.124909,0.096723,0.14902,0.125153,0.246333,0.310784,0.130456,0.084634,0.131429,0.382165,0.090017,0.105424,0.145068,0.184099,0.209816,0.118894
sub-0100403_ses-1_run-1_task-rest_bold_cleaned,100403,Awake,39.0,11.7,1800.0,0.03845367436,0.07692773411,0.0,0.0,0.0,0.0,0.0,0.0,0.0,0.0,1.0,0.0,0.0,0.0,0.0,0.0,0.0,0.0,0.0,0.0,1.0,0.215067,0.165185,0.143708,0.135489,0.103882,0.114883,0.174941,0.17091,0.191338,0.070631,0.211647,0.25902,0.116041,0.088272,0.17593,0.117395,0.207479,0.111758
sub-0100403_ses-1_run-2_task-rest_bold_cleaned,100403,Awake,39.0,11.7,1800.0,0.03845367436,0.07692773411,0.0,0.0,0.0,0.0,0.0,0.0,0.0,0.0,1.0,0.0,0.0,0.0,0.0,0.0,0.0,0.0,0.0,0.0,1.0,0.121551,0.154174,0.120758,0.128917,0.077187,0.078829,0.179307,0.168681,0.161678,0.087355,0.141994,0.229449,0.105846,0.115602,0.137795,0.10222,0.193953,0.112567
sub-0100403_ses-2_run-1_task-rest_bold_cleaned,100403,Awake,39.0,11.7,1800.0,0.09356660784,0.1755058172,0.0,0.0,0.0,0.0,0.0,0.0,0.0,0.0,1.0,0.0,0.0,0.0,0.0,0.0,0.0,0.0,0.0,0.0,1.0,0.179318,0.140086,0.122982,0.187714,0.116632,0.150452,0.273264,0.35581,0.211056,0.135747,0.168637,0.28006,0.120532,0.07523,0.23856,0.07983,0.26153,0.131223
sub-0100403_ses-2_run-2_task-rest_bold_cleaned,100403,Awake,39.0,11.7,1800.0,0.09356660784,0.1755058172,0.0,0.0,0.0,0.0,0.0,0.0,0.0,0.0,1.0,0.0,0.0,0.0,0.0,0.0,0.0,0.0,0.0,0.0,1.0,0.170366,0.140502,0.129336,0.162673,0.100507,0.123343,0.211796,0.241802,0.209844,0.102919,0.161305,0.251636,0.133607,0.097642,0.179608,0.158049,0.322334,0.108182
sub-0100403_ses-2_run-3_task-rest_bold_cleaned,100403,Awake,39.0,11.7,1800.0,0.09356660784,0.1755058172,0.0,0.0,0.0,0.0,0.0,0.0,0.0,0.0,1.0,0.0,0.0,0.0,0.0,0.0,0.0,0.0,0.0,0.0,1.0,0.186716,0.134015,0.132725,0.198492,0.11781,0.202705,0.330516,0.40712,0.26487,0.106684,0.211563,0.387518,0.135254,0.126914,0.191414,0.163368,0.281772,0.202841
sub-0100404_ses-1_run-1_task-rest_bold_cleaned,100404,Awake,39.0,11.7,1800.0,0.03746174251,0.06927815715,0.0,0.0,0.0,0.0,0.0,0.0,0.0,0.0,1.0,0.0,0.0,0.0,0.0,0.0,0.0,0.0,0.0,0.0,1.0,0.171087,0.155799,0.126949,0.181795,0.132655,0.139479,0.325114,0.163043,0.135522,0.118704,0.214223,0.20854,0.094155,0.106906,0.168397,0.135997,0.185224,0.095755
sub-0100404_ses-2_run-1_task-rest_bold_cleaned,100404,Awake,39.0,11.7,1800.0,0.08072413614,0.1400301193,0.0,0.0,0.0,0.0,0.0,0.0,0.0,0.0,1.0,0.0,0.0,0.0,0.0,0.0,0.0,0.0,0.0,0.0,1.0,0.213743,0.167434,0.161474,0.142686,0.137633,0.12918,0.259981,0.225494,0.212021,0.108054,0.175032,0.289123,0.152337,0.08502,0.222676,0.211688,0.387024,0.169786
sub-0100404_ses-2_run-2_task-rest_bold_cleaned,100404,Awake,39.0,11.7,1800.0,0.08072413614,0.1400301193,0.0,0.0,0.0,0.0,0.0,0.0,0.0,0.0,1.0,0.0,0.0,0.0,0.0,0.0,0.0,0.0,0.0,0.0,1.0,0.213708,0.151132,0.160467,0.213387,0.180254,0.154117,0.311174,0.419941,0.175658,0.081309,0.296715,0.260123,0.162906,0.110234,0.298157,0.237435,0.327659,0.144042
sub-0100404_ses-2_run-3_task-rest_bold_cleaned,100404,Awake,39.0,11.7,1800.0,0.08072413614,0.1400301193,0.0,0.0,0.0,0.0,0.0,0.0,0.0,0.0,1.0,0.0,0.0,0.0,0.0,0.0,0.0,0.0,0.0,0.0,1.0,0.159801,0.134359,0.130716,0.132592,0.12556,0.131919,0.233405,0.264674,0.137309,0.110687,0.168605,0.25191,0.1357,0.07921,0.163219,0.145883,0.264874,0.110669
sub-0100500_ses-2_run-1_task-rest_bold_cleaned,100500,Awake,12.0,9.4,1500.0,0.009832102571,0.01766718952,1.0,0.0,0.0,0.0,0.0,0.0,0.0,0.0,0.0,0.0,0.0,0.0,0.0,0.0,0.0,0.0,0.0,0.0,0.0,0.345674,0.341008,0.305203,0.184422,0.177306,0.168336,0.213048,0.314649,0.314032,0.229564,0.420021,0.326245,0.309728,0.173405,0.543164,0.266957,0.226543,0.177426
sub-0100502_ses-1_run-1_task-rest_bold_cleaned,100502,Awake,12.0,9.4,1500.0,0.005360857327,0.009306275796,1.0,0.0,0.0,0.0,0.0,0.0,0.0,0.0,0.0,0.0,0.0,0.0,0.0,0.0,0.0,0.0,0.0,0.0,0.0,0.109094,0.107992,0.133307,0.094778,0.093181,0.082837,0.096321,0.144565,0.126406,0.238773,0.129459,0.176441,0.070471,0.070718,0.096877,0.073135,0.103655,0.056855
sub-0100502_ses-4_run-10_task-rest_bold_cleaned,100502,Awake,12.0,9.4,600.0,0.003590682057,0.005818014505,1.0,0.0,0.0,0.0,0.0,0.0,0.0,0.0,1.0,0.0,0.0,0.0,0.0,0.0,0.0,0.0,0.0,0.0,0.0,0.086428,0.099229,0.073369,0.068511,0.075794,0.076168,0.074949,0.083558,0.096146,0.065455,0.109788,0.07642,0.069754,0.058913,0.086152,0.069747,0.083947,0.061657
sub-0100502_ses-4_run-11_task-rest_bold_cleaned,100502,Awake,12.0,9.4,600.0,0.003590682057,0.005818014505,1.0,0.0,0.0,0.0,0.0,0.0,0.0,0.0,1.0,0.0,0.0,0.0,0.0,0.0,0.0,0.0,0.0,0.0,0.0,0.077654,0.077482,0.082043,0.084603,0.070861,0.078845,0.080525,0.060362,0.090286,0.073689,0.099856,0.074877,0.069668,0.049995,0.08659,0.062169,0.094358,0.052331
sub-0100502_ses-4_run-12_task-rest_bold_cleaned,100502,Awake,12.0,9.4,600.0,0.003590682057,0.005818014505,1.0,0.0,0.0,0.0,0.0,0.0,0.0,0.0,1.0,0.0,0.0,0.0,0.0,0.0,0.0,0.0,0.0,0.0,0.0,0.081436,0.066128,0.061852,0.063543,0.062625,0.070137,0.062407,0.064366,0.086646,0.054513,0.08056,0.081884,0.075507,0.040779,0.070625,0.060329,0.076114,0.064175
sub-0100502_ses-4_run-13_task-rest_bold_cleaned,100502,Awake,12.0,9.4,600.0,0.003590682057,0.005818014505,1.0,0.0,0.0,0.0,0.0,0.0,0.0,0.0,1.0,0.0,0.0,0.0,0.0,0.0,0.0,0.0,0.0,0.0,0.0,0.078975,0.092078,0.071412,0.070633,0.07925,0.078113,0.068314,0.063187,0.079592,0.064313,0.096336,0.08635,0.078253,0.061015,0.077728,0.065892,0.07663,0.062886
sub-0100502_ses-4_run-14_task-rest_bold_cleaned,100502,Awake,12.0,9.4,600.0,0.003590682057,0.005818014505,1.0,0.0,0.0,0.0,0.0,0.0,0.0,0.0,1.0,0.0,0.0,0.0,0.0,0.0,0.0,0.0,0.0,0.0,0.0,0.080294,0.095725,0.09193,0.077878,0.087061,0.076565,0.071349,0.076144,0.09292,0.062913,0.102765,0.094201,0.066839,0.059052,0.080833,0.062937,0.087131,0.056227
sub-0100502_ses-4_run-15_task-rest_bold_cleaned,100502,Awake,12.0,9.4,600.0,0.003590682057,0.005818014505,1.0,0.0,0.0,0.0,0.0,0.0,0.0,0.0,1.0,0.0,0.0,0.0,0.0,0.0,0.0,0.0,0.0,0.0,0.0,0.076838,0.076976,0.077481,0.075357,0.075484,0.076154,0.073331,0.072829,0.086333,0.065446,0.100731,0.086571,0.082571,0.051033,0.082663,0.06866,0.089653,0.060562
sub-0100502_ses-4_run-16_task-rest_bold_cleaned,100502,Awake,12.0,9.4,600.0,0.003590682057,0.005818014505,1.0,0.0,0.0,0.0,0.0,0.0,0.0,0.0,1.0,0.0,0.0,0.0,0.0,0.0,0.0,0.0,0.0,0.0,0.0,0.08325,0.079655,0.079668,0.07304,0.068641,0.078205,0.073528,0.071785,0.092066,0.05744,0.121135,0.09283,0.074311,0.055262,0.076111,0.063447,0.08695,0.05009
sub-0100502_ses-4_run-17_task-rest_bold_cleaned,100502,Awake,12.0,9.4,600.0,0.003590682057,0.005818014505,1.0,0.0,0.0,0.0,0.0,0.0,0.0,0.0,1.0,0.0,0.0,0.0,0.0,0.0,0.0,0.0,0.0,0.0,0.0,0.082189,0.085211,0.094407,0.066436,0.072545,0.071977,0.063062,0.08361,0.073089,0.077144,0.094371,0.081128,0.088671,0.062005,0.082885,0.056518,0.082001,0.061677
sub-0100502_ses-4_run-18_task-rest_bold_cleaned,100502,Awake,12.0,9.4,600.0,0.003590682057,0.005818014505,1.0,0.0,0.0,0.0,0.0,0.0,0.0,0.0,1.0,0.0,0.0,0.0,0.0,0.0,0.0,0.0,0.0,0.0,0.0,0.078312,0.072566,0.072948,0.092996,0.074617,0.06472,0.071656,0.088358,0.082232,0.075719,0.093791,0.090562,0.067554,0.053003,0.082073,0.057761,0.086149,0.061682
sub-0100502_ses-4_run-19_task-rest_bold_cleaned,100502,Awake,12.0,9.4,600.0,0.003590682057,0.005818014505,1.0,0.0,0.0,0.0,0.0,0.0,0.0,0.0,1.0,0.0,0.0,0.0,0.0,0.0,0.0,0.0,0.0,0.0,0.0,0.076936,0.070906,0.07063,0.063135,0.06363,0.065409,0.057009,0.066963,0.08221,0.050524,0.087485,0.082881,0.074088,0.05029,0.079505,0.056063,0.080152,0.063713
sub-0100502_ses-4_run-1_task-rest_bold_cleaned,100502,Awake,12.0,9.4,600.0,0.003590682057,0.005818014505,1.0,0.0,0.0,0.0,0.0,0.0,0.0,0.0,1.0,0.0,0.0,0.0,0.0,0.0,0.0,0.0,0.0,0.0,0.0,0.047778,0.051783,0.059348,0.067355,0.046,0.055196,0.052602,0.06743,0.063162,0.052959,0.103414,0.09392,0.071975,0.053388,0.083865,0.053902,0.089201,0.030113
sub-0100502_ses-4_run-20_task-rest_bold_cleaned,100502,Awake,12.0,9.4,600.0,0.003590682057,0.005818014505,1.0,0.0,0.0,0.0,0.0,0.0,0.0,0.0,1.0,0.0,0.0,0.0,0.0,0.0,0.0,0.0,0.0,0.0,0.0,0.085087,0.082696,0.074549,0.082233,0.072322,0.077035,0.075228,0.066722,0.074775,0.060537,0.112433,0.088262,0.08811,0.058921,0.089153,0.059334,0.096425,0.058126
sub-0100502_ses-4_run-21_task-rest_bold_cleaned,100502,Awake,12.0,9.4,600.0,0.003590682057,0.005818014505,1.0,0.0,0.0,0.0,0.0,0.0,0.0,0.0,1.0,0.0,0.0,0.0,0.0,0.0,0.0,0.0,0.0,0.0,0.0,0.083379,0.070175,0.075163,0.074421,0.062068,0.075177,0.069305,0.065569,0.085339,0.061235,0.102328,0.086056,0.078393,0.057309,0.071747,0.062954,0.086902,0.055179
sub-0100502_ses-4_run-22_task-rest_bold_cleaned,100502,Awake,12.0,9.4,600.0,0.003590682057,0.005818014505,1.0,0.0,0.0,0.0,0.0,0.0,0.0,0.0,1.0,0.0,0.0,0.0,0.0,0.0,0.0,0.0,0.0,0.0,0.0,0.090641,0.066687,0.067635,0.073406,0.080201,0.084734,0.069213,0.077976,0.08311,0.065882,0.096467,0.099253,0.072813,0.060216,0.080566,0.055678,0.079029,0.051184
sub-0100502_ses-4_run-23_task-rest_bold_cleaned,100502,Awake,12.0,9.4,600.0,0.003590682057,0.005818014505,1.0,0.0,0.0,0.0,0.0,0.0,0.0,0.0,1.0,0.0,0.0,0.0,0.0,0.0,0.0,0.0,0.0,0.0,0.0,0.08902,0.080332,0.073196,0.080006,0.08322,0.068379,0.07086,0.072467,0.077002,0.055011,0.101828,0.079096,0.067966,0.060523,0.073886,0.071585,0.084789,0.074231
sub-0100502_ses-4_run-24_task-rest_bold_cleaned,100502,Awake,12.0,9.4,600.0,0.003590682057,0.005818014505,1.0,0.0,0.0,0.0,0.0,0.0,0.0,0.0,1.0,0.0,0.0,0.0,0.0,0.0,0.0,0.0,0.0,0.0,0.0,0.080629,0.072575,0.075707,0.078507,0.074606,0.072003,0.072988,0.063171,0.08681,0.06016,0.090692,0.085917,0.072621,0.057955,0.085002,0.060024,0.082976,0.057191
sub-0100502_ses-4_run-2_task-rest_bold_cleaned,100502,Awake,12.0,9.4,600.0,0.003590682057,0.005818014505,1.0,0.0,0.0,0.0,0.0,0.0,0.0,0.0,1.0,0.0,0.0,0.0,0.0,0.0,0.0,0.0,0.0,0.0,0.0,0.072661,0.062425,0.073288,0.057821,0.05021,0.057176,0.04986,0.058887,0.079478,0.05598,0.094167,0.096767,0.090574,0.059625,0.094136,0.060338,0.074608,0.031758
sub-0100502_ses-4_run-3_task-rest_bold_cleaned,100502,Awake,12.0,9.4,600.0,0.003590682057,0.005818014505,1.0,0.0,0.0,0.0,0.0,0.0,0.0,0.0,1.0,0.0,0.0,0.0,0.0,0.0,0.0,0.0,0.0,0.0,0.0,0.088133,0.098447,0.074737,0.078922,0.076398,0.081113,0.073357,0.068746,0.084275,0.072323,0.113121,0.090303,0.079992,0.052848,0.08412,0.064003,0.096332,0.065405
sub-0100502_ses-4_run-4_task-rest_bold_cleaned,100502,Awake,12.0,9.4,600.0,0.003590682057,0.005818014505,1.0,0.0,0.0,0.0,0.0,0.0,0.0,0.0,1.0,0.0,0.0,0.0,0.0,0.0,0.0,0.0,0.0,0.0,0.0,0.088264,0.086551,0.074539,0.086177,0.06844,0.080435,0.067557,0.082524,0.094172,0.069074,0.107757,0.086629,0.092024,0.055959,0.07357,0.062832,0.09365,0.074169
sub-0100502_ses-4_run-5_task-rest_bold_cleaned,100502,Awake,12.0,9.4,600.0,0.003590682057,0.005818014505,1.0,0.0,0.0,0.0,0.0,0.0,0.0,0.0,1.0,0.0,0.0,0.0,0.0,0.0,0.0,0.0,0.0,0.0,0.0,0.08118,0.086185,0.09594,0.090507,0.078774,0.081828,0.073361,0.070781,0.087165,0.056269,0.106063,0.086617,0.080365,0.055012,0.07974,0.065691,0.082596,0.062938
sub-0100502_ses-4_run-6_task-rest_bold_cleaned,100502,Awake,12.0,9.4,600.0,0.003590682057,0.005818014505,1.0,0.0,0.0,0.0,0.0,0.0,0.0,0.0,1.0,0.0,0.0,0.0,0.0,0.0,0.0,0.0,0.0,0.0,0.0,0.086665,0.08742,0.093355,0.081734,0.080819,0.07039,0.063274,0.060148,0.105044,0.062546,0.10384,0.083492,0.081778,0.056172,0.067328,0.067142,0.097412,0.086908
sub-0100502_ses-4_run-7_task-rest_bold_cleaned,100502,Awake,12.0,9.4,600.0,0.003590682057,0.005818014505,1.0,0.0,0.0,0.0,0.0,0.0,0.0,0.0,1.0,0.0,0.0,0.0,0.0,0.0,0.0,0.0,0.0,0.0,0.0,0.08028,0.085793,0.066038,0.063047,0.067298,0.063942,0.065065,0.061424,0.086709,0.063388,0.086219,0.077457,0.071251,0.052576,0.078202,0.064624,0.081873,0.067276
sub-0100502_ses-4_run-8_task-rest_bold_cleaned,100502,Awake,12.0,9.4,600.0,0.003590682057,0.005818014505,1.0,0.0,0.0,0.0,0.0,0.0,0.0,0.0,1.0,0.0,0.0,0.0,0.0,0.0,0.0,0.0,0.0,0.0,0.0,0.089994,0.098788,0.078214,0.076603,0.081408,0.07933,0.077319,0.071934,0.095864,0.064318,0.107744,0.083867,0.083178,0.07151,0.092947,0.063172,0.095375,0.054706
sub-0100502_ses-4_run-9_task-rest_bold_cleaned,100502,Awake,12.0,9.4,600.0,0.003590682057,0.005818014505,1.0,0.0,0.0,0.0,0.0,0.0,0.0,0.0,1.0,0.0,0.0,0.0,0.0,0.0,0.0,0.0,0.0,0.0,0.0,0.08669,0.093734,0.077453,0.077426,0.071343,0.073064,0.064516,0.068798,0.090283,0.065271,0.106423,0.100207,0.084323,0.054837,0.082797,0.079934,0.080356,0.047772
sub-0100503_ses-1_run-1_task-rest_bold_cleaned,100503,Awake,12.0,9.4,1500.0,0.008333752178,0.01488116295,1.0,0.0,0.0,0.0,0.0,0.0,0.0,0.0,0.0,0.0,1.0,0.0,0.0,0.0,0.0,0.0,0.0,0.0,0.0,0.072156,0.126647,0.102793,0.072419,0.081562,0.093857,0.068742,0.070753,0.107791,0.062895,0.087361,0.101185,0.07521,0.037397,0.080494,0.055708,0.080983,0.075429
sub-0100503_ses-2_run-1_task-rest_bold_cleaned,100503,Awake,12.0,9.4,1500.0,0.007306509077,0.01257063123,1.0,0.0,0.0,0.0,0.0,0.0,0.0,0.0,0.0,0.0,1.0,0.0,0.0,0.0,0.0,0.0,0.0,0.0,0.0,0.064163,0.074505,0.086423,0.057631,0.062426,0.077527,0.063399,0.062068,0.068115,0.063714,0.089603,0.09243,0.050826,0.02724,0.050108,0.04392,0.093754,0.036778
sub-0100504_ses-1_run-1_task-rest_bold_cleaned,100504,Awake,12.0,9.4,1500.0,0.02228135953,0.0310253761,1.0,0.0,0.0,0.0,0.0,0.0,0.0,0.0,0.0,0.0,0.0,0.0,0.0,0.0,0.0,0.0,0.0,0.0,0.0,0.258757,0.190941,0.231604,0.123009,0.291048,0.231209,0.189171,0.187747,0.152809,0.207602,0.252908,0.185549,0.139123,0.109392,0.290322,0.181672,0.250743,0.051178
sub-0100505_ses-1_run-10_task-rest_bold_cleaned,100505,Awake,10.0,9.4,600.0,0.006506193171,0.01198614122,0.0,0.0,0.0,0.0,0.0,0.0,0.0,0.0,1.0,0.0,0.0,0.0,0.0,0.0,0.0,0.0,0.0,0.0,0.0,0.141706,0.132934,0.133166,0.095,0.121055,0.113698,0.108033,0.103966,0.158395,0.089863,0.1513,0.167223,0.137135,0.09114,0.138206,0.10825,0.107992,0.117889
sub-0100505_ses-1_run-11_task-rest_bold_cleaned,100505,Awake,10.0,9.4,600.0,0.006506193171,0.01198614122,0.0,0.0,0.0,0.0,0.0,0.0,0.0,0.0,1.0,0.0,0.0,0.0,0.0,0.0,0.0,0.0,0.0,0.0,0.0,0.138646,0.152988,0.164692,0.099693,0.122184,0.103268,0.11047,0.104431,0.147729,0.080849,0.136999,0.13684,0.125653,0.105956,0.13689,0.110178,0.114497,0.115156
sub-0100505_ses-1_run-12_task-rest_bold_cleaned,100505,Awake,10.0,9.4,600.0,0.006506193171,0.01198614122,0.0,0.0,0.0,0.0,0.0,0.0,0.0,0.0,1.0,0.0,0.0,0.0,0.0,0.0,0.0,0.0,0.0,0.0,0.0,0.133113,0.153055,0.131972,0.110883,0.130278,0.094392,0.109883,0.124597,0.143845,0.09819,0.140056,0.132941,0.131202,0.098766,0.116075,0.092827,0.108808,0.117877
sub-0100505_ses-1_run-13_task-rest_bold_cleaned,100505,Awake,10.0,9.4,600.0,0.006506193171,0.01198614122,0.0,0.0,0.0,0.0,0.0,0.0,0.0,0.0,1.0,0.0,0.0,0.0,0.0,0.0,0.0,0.0,0.0,0.0,0.0,0.138088,0.147045,0.169607,0.115217,0.116519,0.114015,0.100099,0.104399,0.159617,0.099127,0.155265,0.143809,0.120456,0.093498,0.12197,0.103711,0.096901,0.120499
sub-0100505_ses-1_run-14_task-rest_bold_cleaned,100505,Awake,10.0,9.4,600.0,0.006506193171,0.01198614122,0.0,0.0,0.0,0.0,0.0,0.0,0.0,0.0,1.0,0.0,0.0,0.0,0.0,0.0,0.0,0.0,0.0,0.0,0.0,0.126974,0.141352,0.158312,0.110686,0.133247,0.11062,0.113221,0.116582,0.166519,0.095036,0.157611,0.135877,0.119663,0.098833,0.126529,0.09738,0.108256,0.123663
sub-0100505_ses-1_run-15_task-rest_bold_cleaned,100505,Awake,10.0,9.4,600.0,0.006506193171,0.01198614122,0.0,0.0,0.0,0.0,0.0,0.0,0.0,0.0,1.0,0.0,0.0,0.0,0.0,0.0,0.0,0.0,0.0,0.0,0.0,0.134886,0.164239,0.152051,0.116135,0.144742,0.096686,0.113079,0.115232,0.157589,0.088007,0.164126,0.162354,0.126979,0.096394,0.116001,0.116007,0.11514,0.137273
sub-0100505_ses-1_run-16_task-rest_bold_cleaned,100505,Awake,10.0,9.4,600.0,0.006506193171,0.01198614122,0.0,0.0,0.0,0.0,0.0,0.0,0.0,0.0,1.0,0.0,0.0,0.0,0.0,0.0,0.0,0.0,0.0,0.0,0.0,0.142147,0.13666,0.153466,0.100306,0.1257,0.098497,0.113641,0.118768,0.127887,0.107523,0.150694,0.159186,0.136008,0.103269,0.133729,0.109426,0.11525,0.120579
sub-0100505_ses-1_run-17_task-rest_bold_cleaned,100505,Awake,10.0,9.4,600.0,0.006506193171,0.01198614122,0.0,0.0,0.0,0.0,0.0,0.0,0.0,0.0,1.0,0.0,0.0,0.0,0.0,0.0,0.0,0.0,0.0,0.0,0.0,0.129755,0.142763,0.169511,0.10389,0.115924,0.105737,0.088162,0.109168,0.140863,0.094815,0.139159,0.177614,0.131638,0.087716,0.128118,0.108616,0.117563,0.104279
sub-0100505_ses-1_run-18_task-rest_bold_cleaned,100505,Awake,10.0,9.4,600.0,0.006506193171,0.01198614122,0.0,0.0,0.0,0.0,0.0,0.0,0.0,0.0,1.0,0.0,0.0,0.0,0.0,0.0,0.0,0.0,0.0,0.0,0.0,0.150081,0.153215,0.131732,0.096786,0.12534,0.114159,0.094764,0.115401,0.153228,0.082842,0.16126,0.161384,0.148585,0.090319,0.120395,0.100931,0.128263,0.111373
sub-0100505_ses-1_run-19_task-rest_bold_cleaned,100505,Awake,10.0,9.4,600.0,0.006506193171,0.01198614122,0.0,0.0,0.0,0.0,0.0,0.0,0.0,0.0,1.0,0.0,0.0,0.0,0.0,0.0,0.0,0.0,0.0,0.0,0.0,0.119267,0.159473,0.175947,0.099445,0.136887,0.108237,0.11333,0.114865,0.159602,0.07707,0.152144,0.148196,0.120841,0.085941,0.123552,0.103066,0.10795,0.124062
sub-0100505_ses-1_run-1_task-rest_bold_cleaned,100505,Awake,10.0,9.4,600.0,0.006506193171,0.01198614122,0.0,0.0,0.0,0.0,0.0,0.0,0.0,0.0,1.0,0.0,0.0,0.0,0.0,0.0,0.0,0.0,0.0,0.0,0.0,0.135493,0.152896,0.164913,0.107324,0.138539,0.114313,0.09795,0.093436,0.135454,0.092208,0.134553,0.150455,0.114079,0.090285,0.122231,0.115409,0.098749,0.138151
sub-0100505_ses-1_run-20_task-rest_bold_cleaned,100505,Awake,10.0,9.4,600.0,0.006506193171,0.01198614122,0.0,0.0,0.0,0.0,0.0,0.0,0.0,0.0,1.0,0.0,0.0,0.0,0.0,0.0,0.0,0.0,0.0,0.0,0.0,0.157214,0.18521,0.153746,0.100517,0.126508,0.118103,0.106616,0.128717,0.136701,0.092338,0.161989,0.143964,0.133906,0.105334,0.147715,0.132793,0.109128,0.124848
sub-0100505_ses-1_run-21_task-rest_bold_cleaned,100505,Awake,10.0,9.4,600.0,0.006506193171,0.01198614122,0.0,0.0,0.0,0.0,0.0,0.0,0.0,0.0,1.0,0.0,0.0,0.0,0.0,0.0,0.0,0.0,0.0,0.0,0.0,0.145458,0.156702,0.166487,0.093103,0.128462,0.115995,0.086197,0.10985,0.146253,0.08643,0.140613,0.162272,0.126845,0.086393,0.126785,0.114272,0.114115,0.108289
sub-0100505_ses-1_run-22_task-rest_bold_cleaned,100505,Awake,10.0,9.4,600.0,0.006506193171,0.01198614122,0.0,0.0,0.0,0.0,0.0,0.0,0.0,0.0,1.0,0.0,0.0,0.0,0.0,0.0,0.0,0.0,0.0,0.0,0.0,0.144857,0.1619,0.133276,0.102248,0.131006,0.116249,0.095634,0.110607,0.127146,0.090284,0.155594,0.153359,0.129423,0.093391,0.148216,0.12324,0.132432,0.12298
sub-0100505_ses-1_run-23_task-rest_bold_cleaned,100505,Awake,10.0,9.4,600.0,0.006506193171,0.01198614122,0.0,0.0,0.0,0.0,0.0,0.0,0.0,0.0,1.0,0.0,0.0,0.0,0.0,0.0,0.0,0.0,0.0,0.0,0.0,0.148497,0.163184,0.169162,0.110224,0.107944,0.117575,0.120069,0.108502,0.155324,0.088986,0.140289,0.173188,0.124801,0.093266,0.137349,0.130936,0.111049,0.106286
sub-0100505_ses-1_run-24_task-rest_bold_cleaned,100505,Awake,10.0,9.4,600.0,0.006506193171,0.01198614122,0.0,0.0,0.0,0.0,0.0,0.0,0.0,0.0,1.0,0.0,0.0,0.0,0.0,0.0,0.0,0.0,0.0,0.0,0.0,0.127289,0.147271,0.162909,0.134774,0.104,0.10611,0.121135,0.092471,0.135567,0.091051,0.155935,0.164791,0.139775,0.095335,0.135831,0.109137,0.115916,0.114557
sub-0100505_ses-1_run-2_task-rest_bold_cleaned,100505,Awake,10.0,9.4,600.0,0.006506193171,0.01198614122,0.0,0.0,0.0,0.0,0.0,0.0,0.0,0.0,1.0,0.0,0.0,0.0,0.0,0.0,0.0,0.0,0.0,0.0,0.0,0.134896,0.13396,0.154234,0.119794,0.137999,0.097816,0.102239,0.106146,0.126366,0.111481,0.143445,0.156638,0.134155,0.077461,0.128945,0.097185,0.117354,0.117514
sub-0100505_ses-1_run-3_task-rest_bold_cleaned,100505,Awake,10.0,9.4,600.0,0.006506193171,0.01198614122,0.0,0.0,0.0,0.0,0.0,0.0,0.0,0.0,1.0,0.0,0.0,0.0,0.0,0.0,0.0,0.0,0.0,0.0,0.0,0.139616,0.166039,0.155357,0.108462,0.138447,0.10773,0.112082,0.100702,0.150511,0.110924,0.155306,0.14343,0.141246,0.083763,0.133972,0.121568,0.10923,0.10788
sub-0100505_ses-1_run-4_task-rest_bold_cleaned,100505,Awake,10.0,9.4,600.0,0.006506193171,0.01198614122,0.0,0.0,0.0,0.0,0.0,0.0,0.0,0.0,1.0,0.0,0.0,0.0,0.0,0.0,0.0,0.0,0.0,0.0,0.0,0.125948,0.135871,0.143583,0.110757,0.118486,0.100933,0.097746,0.090051,0.138948,0.090685,0.124519,0.152574,0.122505,0.083885,0.122645,0.101073,0.112831,0.110153
sub-0100505_ses-1_run-5_task-rest_bold_cleaned,100505,Awake,10.0,9.4,600.0,0.006506193171,0.01198614122,0.0,0.0,0.0,0.0,0.0,0.0,0.0,0.0,1.0,0.0,0.0,0.0,0.0,0.0,0.0,0.0,0.0,0.0,0.0,0.134627,0.145258,0.142887,0.100309,0.116414,0.093851,0.115388,0.106346,0.12838,0.109638,0.149056,0.157882,0.114626,0.094805,0.134471,0.109094,0.104934,0.123227
sub-0100505_ses-1_run-6_task-rest_bold_cleaned,100505,Awake,10.0,9.4,600.0,0.006506193171,0.01198614122,0.0,0.0,0.0,0.0,0.0,0.0,0.0,0.0,1.0,0.0,0.0,0.0,0.0,0.0,0.0,0.0,0.0,0.0,0.0,0.128415,0.145752,0.145027,0.107484,0.118042,0.112272,0.11288,0.102096,0.152616,0.096685,0.163203,0.156735,0.135873,0.087684,0.142494,0.091458,0.120366,0.129112
sub-0100505_ses-1_run-7_task-rest_bold_cleaned,100505,Awake,10.0,9.4,600.0,0.006506193171,0.01198614122,0.0,0.0,0.0,0.0,0.0,0.0,0.0,0.0,1.0,0.0,0.0,0.0,0.0,0.0,0.0,0.0,0.0,0.0,0.0,0.130033,0.152362,0.148564,0.117123,0.124599,0.089176,0.092755,0.103565,0.139839,0.102409,0.14658,0.161088,0.134337,0.084385,0.117232,0.096493,0.127295,0.11376
sub-0100505_ses-1_run-8_task-rest_bold_cleaned,100505,Awake,10.0,9.4,600.0,0.006506193171,0.01198614122,0.0,0.0,0.0,0.0,0.0,0.0,0.0,0.0,1.0,0.0,0.0,0.0,0.0,0.0,0.0,0.0,0.0,0.0,0.0,0.12778,0.130814,0.152401,0.105132,0.124641,0.078694,0.099901,0.107797,0.155953,0.095322,0.149987,0.149013,0.126675,0.090865,0.134162,0.093473,0.102641,0.126124
sub-0100505_ses-1_run-9_task-rest_bold_cleaned,100505,Awake,10.0,9.4,600.0,0.006506193171,0.01198614122,0.0,0.0,0.0,0.0,0.0,0.0,0.0,0.0,1.0,0.0,0.0,0.0,0.0,0.0,0.0,0.0,0.0,0.0,0.0,0.130857,0.150923,0.13488,0.104942,0.110464,0.091479,0.110215,0.096449,0.154022,0.095827,0.149057,0.1729,0.130415,0.081697,0.130469,0.107259,0.113235,0.128007
sub-0100506_ses-1_run-10_task-rest_bold_cleaned,100506,Awake,11.0,9.4,600.0,0.03046036975,0.05907057487,0.0,0.0,0.0,0.0,0.0,0.0,0.0,0.0,1.0,0.0,0.0,0.0,0.0,0.0,0.0,0.0,0.0,0.0,0.0,0.311137,0.265037,0.277188,0.161564,0.170253,0.197279,0.153509,0.159202,0.25827,0.134237,0.207196,0.171028,0.255731,0.143963,0.227498,0.180108,0.161443,0.114709
sub-0100506_ses-1_run-11_task-rest_bold_cleaned,100506,Awake,11.0,9.4,600.0,0.03046036975,0.05907057487,0.0,0.0,0.0,0.0,0.0,0.0,0.0,0.0,1.0,0.0,0.0,0.0,0.0,0.0,0.0,0.0,0.0,0.0,0.0,0.259941,0.191817,0.270918,0.161445,0.175068,0.146083,0.147122,0.131298,0.226154,0.113804,0.212106,0.177997,0.196904,0.154001,0.18364,0.152953,0.150216,0.128847
sub-0100506_ses-1_run-12_task-rest_bold_cleaned,100506,Awake,11.0,9.4,600.0,0.03046036975,0.05907057487,0.0,0.0,0.0,0.0,0.0,0.0,0.0,0.0,1.0,0.0,0.0,0.0,0.0,0.0,0.0,0.0,0.0,0.0,0.0,0.378623,0.273059,0.24339,0.170826,0.209996,0.200404,0.163705,0.170216,0.290928,0.129353,0.23086,0.19539,0.200921,0.152011,0.228396,0.192826,0.162431,0.142519
sub-0100506_ses-1_run-13_task-rest_bold_cleaned,100506,Awake,11.0,9.4,600.0,0.03046036975,0.05907057487,0.0,0.0,0.0,0.0,0.0,0.0,0.0,0.0,1.0,0.0,0.0,0.0,0.0,0.0,0.0,0.0,0.0,0.0,0.0,0.269514,0.264283,0.269939,0.175817,0.146192,0.156735,0.162325,0.114035,0.313458,0.136698,0.212788,0.192484,0.20051,0.148948,0.205712,0.197548,0.147818,0.135914
sub-0100506_ses-1_run-14_task-rest_bold_cleaned,100506,Awake,11.0,9.4,600.0,0.03046036975,0.05907057487,0.0,0.0,0.0,0.0,0.0,0.0,0.0,0.0,1.0,0.0,0.0,0.0,0.0,0.0,0.0,0.0,0.0,0.0,0.0,0.201905,0.226776,0.248288,0.160989,0.137043,0.18894,0.133482,0.13057,0.252733,0.116776,0.2297,0.184265,0.201428,0.155,0.178094,0.171679,0.166716,0.134269
sub-0100506_ses-1_run-15_task-rest_bold_cleaned,100506,Awake,11.0,9.4,600.0,0.03046036975,0.05907057487,0.0,0.0,0.0,0.0,0.0,0.0,0.0,0.0,1.0,0.0,0.0,0.0,0.0,0.0,0.0,0.0,0.0,0.0,0.0,0.313002,0.247933,0.260125,0.174967,0.154234,0.205218,0.155184,0.139503,0.270085,0.11313,0.228793,0.18587,0.199706,0.145234,0.203769,0.184139,0.172108,0.126337
sub-0100506_ses-1_run-16_task-rest_bold_cleaned,100506,Awake,11.0,9.4,600.0,0.03046036975,0.05907057487,0.0,0.0,0.0,0.0,0.0,0.0,0.0,0.0,1.0,0.0,0.0,0.0,0.0,0.0,0.0,0.0,0.0,0.0,0.0,0.30483,0.242611,0.235706,0.158708,0.158223,0.170589,0.132517,0.147856,0.271868,0.121246,0.217243,0.214077,0.21883,0.149912,0.216762,0.184004,0.187051,0.129614
sub-0100506_ses-1_run-17_task-rest_bold_cleaned,100506,Awake,11.0,9.4,600.0,0.03046036975,0.05907057487,0.0,0.0,0.0,0.0,0.0,0.0,0.0,0.0,1.0,0.0,0.0,0.0,0.0,0.0,0.0,0.0,0.0,0.0,0.0,0.317791,0.261638,0.234033,0.160482,0.197278,0.19594,0.202558,0.144306,0.276874,0.129064,0.206893,0.194376,0.237985,0.152589,0.208624,0.171125,0.170109,0.13974
sub-0100506_ses-1_run-18_task-rest_bold_cleaned,100506,Awake,11.0,9.4,600.0,0.03046036975,0.05907057487,0.0,0.0,0.0,0.0,0.0,0.0,0.0,0.0,1.0,0.0,0.0,0.0,0.0,0.0,0.0,0.0,0.0,0.0,0.0,0.291813,0.221608,0.242369,0.171043,0.182634,0.158718,0.161883,0.140435,0.276728,0.123493,0.20042,0.208944,0.244849,0.162165,0.18197,0.183478,0.186064,0.125541
sub-0100506_ses-1_run-19_task-rest_bold_cleaned,100506,Awake,11.0,9.4,600.0,0.03046036975,0.05907057487,0.0,0.0,0.0,0.0,0.0,0.0,0.0,0.0,1.0,0.0,0.0,0.0,0.0,0.0,0.0,0.0,0.0,0.0,0.0,0.286746,0.216085,0.292338,0.170988,0.149083,0.146453,0.146753,0.129327,0.249514,0.1062,0.218553,0.230387,0.226918,0.15217,0.200672,0.179406,0.167207,0.125011
sub-0100506_ses-1_run-1_task-rest_bold_cleaned,100506,Awake,11.0,9.4,600.0,0.03046036975,0.05907057487,0.0,0.0,0.0,0.0,0.0,0.0,0.0,0.0,1.0,0.0,0.0,0.0,0.0,0.0,0.0,0.0,0.0,0.0,0.0,0.254179,0.170552,0.232808,0.19883,0.151466,0.164787,0.168177,0.190486,0.259137,0.158579,0.224033,0.205263,0.229096,0.145431,0.190976,0.175718,0.155775,0.120641
sub-0100506_ses-1_run-20_task-rest_bold_cleaned,100506,Awake,11.0,9.4,600.0,0.03046036975,0.05907057487,0.0,0.0,0.0,0.0,0.0,0.0,0.0,0.0,1.0,0.0,0.0,0.0,0.0,0.0,0.0,0.0,0.0,0.0,0.0,0.249919,0.211767,0.270093,0.182767,0.161392,0.146076,0.174765,0.132829,0.260684,0.113,0.194979,0.210858,0.210353,0.14217,0.206539,0.158651,0.177873,0.125495
sub-0100506_ses-1_run-21_task-rest_bold_cleaned,100506,Awake,11.0,9.4,600.0,0.03046036975,0.05907057487,0.0,0.0,0.0,0.0,0.0,0.0,0.0,0.0,1.0,0.0,0.0,0.0,0.0,0.0,0.0,0.0,0.0,0.0,0.0,0.289247,0.204059,0.20857,0.163881,0.180525,0.164408,0.142464,0.120135,0.245851,0.126974,0.209824,0.187993,0.207244,0.159597,0.193482,0.174033,0.163746,0.130712
sub-0100506_ses-1_run-22_task-rest_bold_cleaned,100506,Awake,11.0,9.4,600.0,0.03046036975,0.05907057487,0.0,0.0,0.0,0.0,0.0,0.0,0.0,0.0,1.0,0.0,0.0,0.0,0.0,0.0,0.0,0.0,0.0,0.0,0.0,0.344365,0.24671,0.269153,0.167854,0.191736,0.152844,0.183756,0.164448,0.316843,0.158162,0.209954,0.190558,0.205287,0.158383,0.205889,0.163387,0.173289,0.123532
sub-0100506_ses-1_run-23_task-rest_bold_cleaned,100506,Awake,11.0,9.4,600.0,0.03046036975,0.05907057487,0.0,0.0,0.0,0.0,0.0,0.0,0.0,0.0,1.0,0.0,0.0,0.0,0.0,0.0,0.0,0.0,0.0,0.0,0.0,0.305879,0.224424,0.24166,0.160578,0.161265,0.164905,0.184968,0.149334,0.291296,0.139081,0.214287,0.21531,0.224307,0.170385,0.195317,0.165827,0.15217,0.109443
sub-0100506_ses-1_run-24_task-rest_bold_cleaned,100506,Awake,11.0,9.4,600.0,0.03046036975,0.05907057487,0.0,0.0,0.0,0.0,0.0,0.0,0.0,0.0,1.0,0.0,0.0,0.0,0.0,0.0,0.0,0.0,0.0,0.0,0.0,0.383224,0.263687,0.292322,0.188594,0.1933,0.17914,0.19374,0.19859,0.298678,0.140268,0.236564,0.227811,0.203852,0.152433,0.243389,0.194868,0.176259,0.139045
sub-0100506_ses-1_run-2_task-rest_bold_cleaned,100506,Awake,11.0,9.4,600.0,0.03046036975,0.05907057487,0.0,0.0,0.0,0.0,0.0,0.0,0.0,0.0,1.0,0.0,0.0,0.0,0.0,0.0,0.0,0.0,0.0,0.0,0.0,0.29024,0.188611,0.221398,0.182167,0.21621,0.205801,0.173187,0.140126,0.345358,0.147107,0.235342,0.194917,0.202734,0.15149,0.183546,0.200263,0.176208,0.127318
sub-0100506_ses-1_run-3_task-rest_bold_cleaned,100506,Awake,11.0,9.4,600.0,0.03046036975,0.05907057487,0.0,0.0,0.0,0.0,0.0,0.0,0.0,0.0,1.0,0.0,0.0,0.0,0.0,0.0,0.0,0.0,0.0,0.0,0.0,0.389906,0.298729,0.299338,0.211016,0.186623,0.20349,0.188117,0.151622,0.31656,0.151039,0.263927,0.175534,0.258325,0.165468,0.206777,0.189694,0.173188,0.16698
sub-0100506_ses-1_run-4_task-rest_bold_cleaned,100506,Awake,11.0,9.4,600.0,0.03046036975,0.05907057487,0.0,0.0,0.0,0.0,0.0,0.0,0.0,0.0,1.0,0.0,0.0,0.0,0.0,0.0,0.0,0.0,0.0,0.0,0.0,0.345512,0.32563,0.290381,0.183453,0.178353,0.203685,0.172936,0.173187,0.291788,0.12647,0.223095,0.187507,0.224459,0.187415,0.209125,0.200395,0.181494,0.128656
sub-0100506_ses-1_run-5_task-rest_bold_cleaned,100506,Awake,11.0,9.4,600.0,0.03046036975,0.05907057487,0.0,0.0,0.0,0.0,0.0,0.0,0.0,0.0,1.0,0.0,0.0,0.0,0.0,0.0,0.0,0.0,0.0,0.0,0.0,0.323765,0.343847,0.353552,0.212089,0.176838,0.197748,0.166599,0.1984,0.337237,0.170753,0.228213,0.188019,0.238634,0.172041,0.230356,0.18613,0.141058,0.134148
sub-0100506_ses-1_run-6_task-rest_bold_cleaned,100506,Awake,11.0,9.4,600.0,0.03046036975,0.05907057487,0.0,0.0,0.0,0.0,0.0,0.0,0.0,0.0,1.0,0.0,0.0,0.0,0.0,0.0,0.0,0.0,0.0,0.0,0.0,0.307595,0.278259,0.306026,0.201892,0.198257,0.206804,0.17722,0.133853,0.331616,0.163859,0.196407,0.163536,0.225297,0.165922,0.213254,0.167158,0.170335,0.131729
sub-0100506_ses-1_run-7_task-rest_bold_cleaned,100506,Awake,11.0,9.4,600.0,0.03046036975,0.05907057487,0.0,0.0,0.0,0.0,0.0,0.0,0.0,0.0,1.0,0.0,0.0,0.0,0.0,0.0,0.0,0.0,0.0,0.0,0.0,0.339993,0.287236,0.329566,0.167837,0.201281,0.206761,0.185596,0.166716,0.302589,0.132565,0.277461,0.199816,0.245165,0.169546,0.202436,0.185254,0.166594,0.152708
sub-0100506_ses-1_run-8_task-rest_bold_cleaned,100506,Awake,11.0,9.4,600.0,0.03046036975,0.05907057487,0.0,0.0,0.0,0.0,0.0,0.0,0.0,0.0,1.0,0.0,0.0,0.0,0.0,0.0,0.0,0.0,0.0,0.0,0.0,0.266159,0.303164,0.309617,0.182908,0.198195,0.160202,0.148232,0.137302,0.335894,0.133289,0.261724,0.170218,0.242843,0.157659,0.185792,0.138607,0.180624,0.141082
sub-0100506_ses-1_run-9_task-rest_bold_cleaned,100506,Awake,11.0,9.4,600.0,0.03046036975,0.05907057487,0.0,0.0,0.0,0.0,0.0,0.0,0.0,0.0,1.0,0.0,0.0,0.0,0.0,0.0,0.0,0.0,0.0,0.0,0.0,0.273305,0.272225,0.243181,0.165651,0.150974,0.157091,0.167561,0.144361,0.256414,0.104091,0.225529,0.185558,0.250477,0.163609,0.210978,0.171148,0.147039,0.156596
sub-0100512_ses-1_run-10_task-rest_bold_cleaned,100512,Awake,11.0,9.4,600.0,0.007352976891,0.01260647191,0.0,0.0,0.0,0.0,0.0,0.0,0.0,0.0,1.0,0.0,0.0,0.0,0.0,0.0,0.0,0.0,0.0,0.0,0.0,0.217871,0.171292,0.151114,0.114241,0.120436,0.132393,0.117748,0.13771,0.153217,0.131033,0.170704,0.166126,0.167216,0.081137,0.140733,0.143688,0.152616,0.109948
sub-0100512_ses-1_run-11_task-rest_bold_cleaned,100512,Awake,11.0,9.4,600.0,0.007352976891,0.01260647191,0.0,0.0,0.0,0.0,0.0,0.0,0.0,0.0,1.0,0.0,0.0,0.0,0.0,0.0,0.0,0.0,0.0,0.0,0.0,0.212931,0.162355,0.135284,0.135589,0.141147,0.12784,0.115287,0.100839,0.149918,0.120249,0.185433,0.179753,0.153108,0.101391,0.119879,0.135782,0.160243,0.113792
sub-0100512_ses-1_run-12_task-rest_bold_cleaned,100512,Awake,11.0,9.4,600.0,0.007352976891,0.01260647191,0.0,0.0,0.0,0.0,0.0,0.0,0.0,0.0,1.0,0.0,0.0,0.0,0.0,0.0,0.0,0.0,0.0,0.0,0.0,0.182517,0.17063,0.137097,0.147422,0.11162,0.152099,0.109099,0.134191,0.158109,0.115318,0.197828,0.171337,0.144616,0.090634,0.125019,0.129755,0.144713,0.090148
sub-0100512_ses-1_run-13_task-rest_bold_cleaned,100512,Awake,11.0,9.4,600.0,0.007352976891,0.01260647191,0.0,0.0,0.0,0.0,0.0,0.0,0.0,0.0,1.0,0.0,0.0,0.0,0.0,0.0,0.0,0.0,0.0,0.0,0.0,0.217274,0.163138,0.162741,0.140165,0.146089,0.121276,0.120834,0.113142,0.153812,0.105382,0.16404,0.177465,0.143935,0.090018,0.114758,0.132092,0.171088,0.106026
sub-0100512_ses-1_run-14_task-rest_bold_cleaned,100512,Awake,11.0,9.4,600.0,0.007352976891,0.01260647191,0.0,0.0,0.0,0.0,0.0,0.0,0.0,0.0,1.0,0.0,0.0,0.0,0.0,0.0,0.0,0.0,0.0,0.0,0.0,0.177061,0.188485,0.160708,0.135031,0.147252,0.141979,0.135985,0.110577,0.145168,0.112185,0.180086,0.162938,0.141702,0.096475,0.13217,0.130976,0.174862,0.099275
sub-0100512_ses-1_run-15_task-rest_bold_cleaned,100512,Awake,11.0,9.4,600.0,0.007352976891,0.01260647191,0.0,0.0,0.0,0.0,0.0,0.0,0.0,0.0,1.0,0.0,0.0,0.0,0.0,0.0,0.0,0.0,0.0,0.0,0.0,0.204295,0.180762,0.19819,0.137053,0.143425,0.128547,0.124174,0.136318,0.153627,0.111787,0.184177,0.1652,0.158181,0.087044,0.140778,0.133242,0.153807,0.108649
sub-0100512_ses-1_run-16_task-rest_bold_cleaned,100512,Awake,11.0,9.4,600.0,0.007352976891,0.01260647191,0.0,0.0,0.0,0.0,0.0,0.0,0.0,0.0,1.0,0.0,0.0,0.0,0.0,0.0,0.0,0.0,0.0,0.0,0.0,0.196179,0.176784,0.171107,0.149634,0.149767,0.139616,0.105715,0.131146,0.15298,0.142494,0.214536,0.181087,0.129969,0.097314,0.114132,0.123327,0.15754,0.103708
sub-0100512_ses-1_run-17_task-rest_bold_cleaned,100512,Awake,11.0,9.4,600.0,0.007352976891,0.01260647191,0.0,0.0,0.0,0.0,0.0,0.0,0.0,0.0,1.0,0.0,0.0,0.0,0.0,0.0,0.0,0.0,0.0,0.0,0.0,0.213996,0.178552,0.187498,0.136707,0.140351,0.158624,0.125741,0.112303,0.162743,0.109404,0.203631,0.189044,0.155717,0.089925,0.138501,0.140367,0.175982,0.103875
sub-0100512_ses-1_run-18_task-rest_bold_cleaned,100512,Awake,11.0,9.4,600.0,0.007352976891,0.01260647191,0.0,0.0,0.0,0.0,0.0,0.0,0.0,0.0,1.0,0.0,0.0,0.0,0.0,0.0,0.0,0.0,0.0,0.0,0.0,0.213551,0.223253,0.234981,0.15007,0.172582,0.150597,0.117605,0.106774,0.156959,0.087093,0.184197,0.167566,0.158827,0.09717,0.144296,0.133555,0.147745,0.094198
sub-0100512_ses-1_run-19_task-rest_bold_cleaned,100512,Awake,11.0,9.4,600.0,0.007352976891,0.01260647191,0.0,0.0,0.0,0.0,0.0,0.0,0.0,0.0,1.0,0.0,0.0,0.0,0.0,0.0,0.0,0.0,0.0,0.0,0.0,0.21619,0.19195,0.200908,0.15733,0.145724,0.151946,0.127204,0.135664,0.151581,0.139541,0.189907,0.172054,0.166332,0.091282,0.149482,0.131762,0.169487,0.114578
sub-0100512_ses-1_run-1_task-rest_bold_cleaned,100512,Awake,11.0,9.4,600.0,0.007352976891,0.01260647191,0.0,0.0,0.0,0.0,0.0,0.0,0.0,0.0,1.0,0.0,0.0,0.0,0.0,0.0,0.0,0.0,0.0,0.0,0.0,0.158253,0.16983,0.193922,0.150371,0.132693,0.113109,0.111555,0.12546,0.148013,0.144749,0.168896,0.168233,0.125,0.095524,0.131255,0.123799,0.172143,0.083983
sub-0100512_ses-1_run-20_task-rest_bold_cleaned,100512,Awake,11.0,9.4,600.0,0.007352976891,0.01260647191,0.0,0.0,0.0,0.0,0.0,0.0,0.0,0.0,1.0,0.0,0.0,0.0,0.0,0.0,0.0,0.0,0.0,0.0,0.0,0.213325,0.204963,0.249965,0.144139,0.16707,0.162929,0.132297,0.128574,0.152758,0.120056,0.158448,0.19712,0.137816,0.093574,0.125015,0.125304,0.154403,0.107217
sub-0100512_ses-1_run-21_task-rest_bold_cleaned,100512,Awake,11.0,9.4,600.0,0.007352976891,0.01260647191,0.0,0.0,0.0,0.0,0.0,0.0,0.0,0.0,1.0,0.0,0.0,0.0,0.0,0.0,0.0,0.0,0.0,0.0,0.0,0.18432,0.210881,0.228355,0.137329,0.162049,0.124756,0.130549,0.129207,0.188877,0.111875,0.185955,0.196694,0.143251,0.118176,0.128226,0.117557,0.170178,0.098879
sub-0100512_ses-1_run-22_task-rest_bold_cleaned,100512,Awake,11.0,9.4,600.0,0.007352976891,0.01260647191,0.0,0.0,0.0,0.0,0.0,0.0,0.0,0.0,1.0,0.0,0.0,0.0,0.0,0.0,0.0,0.0,0.0,0.0,0.0,0.164829,0.197539,0.230352,0.149871,0.139111,0.171006,0.129798,0.121929,0.138851,0.118241,0.200875,0.19134,0.147219,0.094678,0.12868,0.132523,0.153575,0.106442
sub-0100512_ses-1_run-23_task-rest_bold_cleaned,100512,Awake,11.0,9.4,600.0,0.007352976891,0.01260647191,0.0,0.0,0.0,0.0,0.0,0.0,0.0,0.0,1.0,0.0,0.0,0.0,0.0,0.0,0.0,0.0,0.0,0.0,0.0,0.209853,0.204452,0.222424,0.148284,0.157731,0.162537,0.130685,0.112869,0.155628,0.128406,0.176872,0.20007,0.152306,0.107371,0.121635,0.138581,0.143917,0.10098
sub-0100512_ses-1_run-24_task-rest_bold_cleaned,100512,Awake,11.0,9.4,600.0,0.007352976891,0.01260647191,0.0,0.0,0.0,0.0,0.0,0.0,0.0,0.0,1.0,0.0,0.0,0.0,0.0,0.0,0.0,0.0,0.0,0.0,0.0,0.250465,0.206664,0.230438,0.15567,0.124648,0.162903,0.142362,0.126417,0.181045,0.127241,0.212414,0.165225,0.164346,0.096215,0.131995,0.139437,0.168616,0.103295
sub-0100512_ses-1_run-2_task-rest_bold_cleaned,100512,Awake,11.0,9.4,600.0,0.007352976891,0.01260647191,0.0,0.0,0.0,0.0,0.0,0.0,0.0,0.0,1.0,0.0,0.0,0.0,0.0,0.0,0.0,0.0,0.0,0.0,0.0,0.156736,0.197627,0.203827,0.131622,0.1572,0.150307,0.108026,0.124871,0.167471,0.112292,0.189232,0.153444,0.136913,0.099416,0.1251,0.127684,0.144704,0.092488
sub-0100512_ses-1_run-3_task-rest_bold_cleaned,100512,Awake,11.0,9.4,600.0,0.007352976891,0.01260647191,0.0,0.0,0.0,0.0,0.0,0.0,0.0,0.0,1.0,0.0,0.0,0.0,0.0,0.0,0.0,0.0,0.0,0.0,0.0,0.242253,0.246599,0.184306,0.16792,0.165357,0.136587,0.132249,0.140986,0.269349,0.145838,0.183818,0.233014,0.163379,0.078465,0.174008,0.129486,0.164481,0.162887
sub-0100512_ses-1_run-4_task-rest_bold_cleaned,100512,Awake,11.0,9.4,600.0,0.007352976891,0.01260647191,0.0,0.0,0.0,0.0,0.0,0.0,0.0,0.0,1.0,0.0,0.0,0.0,0.0,0.0,0.0,0.0,0.0,0.0,0.0,0.222411,0.225117,0.182628,0.128024,0.141872,0.138543,0.109325,0.130231,0.23125,0.131418,0.175483,0.2091,0.129276,0.108787,0.152398,0.123361,0.175015,0.145151
sub-0100512_ses-1_run-5_task-rest_bold_cleaned,100512,Awake,11.0,9.4,600.0,0.007352976891,0.01260647191,0.0,0.0,0.0,0.0,0.0,0.0,0.0,0.0,1.0,0.0,0.0,0.0,0.0,0.0,0.0,0.0,0.0,0.0,0.0,0.204837,0.160313,0.159124,0.126335,0.133855,0.145071,0.105556,0.120201,0.144769,0.11988,0.194901,0.175906,0.152075,0.093418,0.128019,0.113495,0.171001,0.098706
sub-0100512_ses-1_run-6_task-rest_bold_cleaned,100512,Awake,11.0,9.4,600.0,0.007352976891,0.01260647191,0.0,0.0,0.0,0.0,0.0,0.0,0.0,0.0,1.0,0.0,0.0,0.0,0.0,0.0,0.0,0.0,0.0,0.0,0.0,0.229137,0.169539,0.134326,0.127886,0.13363,0.140457,0.117951,0.115254,0.155493,0.125205,0.201149,0.148429,0.161923,0.105503,0.139024,0.123029,0.159568,0.093846
sub-0100512_ses-1_run-7_task-rest_bold_cleaned,100512,Awake,11.0,9.4,600.0,0.007352976891,0.01260647191,0.0,0.0,0.0,0.0,0.0,0.0,0.0,0.0,1.0,0.0,0.0,0.0,0.0,0.0,0.0,0.0,0.0,0.0,0.0,0.235453,0.154804,0.159577,0.138174,0.160139,0.126468,0.116435,0.139899,0.146736,0.125828,0.201489,0.17648,0.184398,0.091934,0.140264,0.14537,0.155304,0.100295
sub-0100512_ses-1_run-8_task-rest_bold_cleaned,100512,Awake,11.0,9.4,600.0,0.007352976891,0.01260647191,0.0,0.0,0.0,0.0,0.0,0.0,0.0,0.0,1.0,0.0,0.0,0.0,0.0,0.0,0.0,0.0,0.0,0.0,0.0,0.266752,0.179945,0.141278,0.129805,0.132555,0.150762,0.120905,0.124346,0.168303,0.121268,0.204029,0.184671,0.138813,0.085035,0.123671,0.144188,0.163365,0.096809
sub-0100512_ses-1_run-9_task-rest_bold_cleaned,100512,Awake,11.0,9.4,600.0,0.007352976891,0.01260647191,0.0,0.0,0.0,0.0,0.0,0.0,0.0,0.0,1.0,0.0,0.0,0.0,0.0,0.0,0.0,0.0,0.0,0.0,0.0,0.218456,0.170533,0.141757,0.116079,0.1593,0.149422,0.128118,0.129583,0.178395,0.109352,0.197265,0.165296,0.153388,0.092796,0.130226,0.134876,0.163612,0.106609
sub-0100600_ses-2_run-3_task-rest_bold_cleaned,100600,Awake,39.0,11.7,1000.0,0.05217637701,0.08845965729,0.0,0.0,0.0,0.0,0.0,1.0,0.0,0.0,1.0,0.0,0.0,0.0,0.0,0.0,0.0,0.0,0.0,0.0,1.0,0.206078,0.080097,0.215674,0.085155,0.097882,0.154355,0.208953,0.147711,0.143251,0.152416,0.267507,0.234378,0.124875,0.14759,0.149971,0.15615,0.154243,0.07518
sub-0100600_ses-6_run-1_task-rest_bold_cleaned,100600,Awake,48.0,11.7,1000.0,0.04272526016,0.07197388957,0.0,0.0,0.0,0.0,0.0,1.0,0.0,0.0,1.0,0.0,0.0,0.0,0.0,0.0,0.0,0.0,0.0,0.0,1.0,0.134461,0.079428,0.159301,0.140966,0.083723,0.084183,0.089985,0.114672,0.113305,0.078305,0.195022,0.100402,0.082353,0.086487,0.089234,0.105191,0.144938,0.042939
sub-0100601_ses-1_run-1_task-rest_bold_cleaned,100601,Awake,48.0,11.7,1000.0,0.05847587186,0.1019198224,0.0,0.0,0.0,0.0,0.0,1.0,0.0,0.0,1.0,0.0,0.0,0.0,0.0,0.0,0.0,0.0,0.0,0.0,1.0,0.152831,0.117409,0.117937,0.12465,0.089933,0.100542,0.118411,0.125665,0.132716,0.081963,0.184266,0.121871,0.09098,0.082808,0.113961,0.168571,0.077095,0.06268
sub-0100601_ses-5_run-3_task-rest_bold_cleaned,100601,Awake,57.0,11.7,1000.0,0.05269759852,0.06995038556,0.0,0.0,0.0,0.0,0.0,1.0,0.0,0.0,1.0,0.0,0.0,0.0,0.0,0.0,0.0,0.0,0.0,0.0,1.0,0.207871,0.172273,0.251371,0.199872,0.229757,0.182238,0.308307,0.204048,0.189771,0.164505,0.287126,0.275317,0.137172,0.115084,0.121457,0.189793,0.221349,0.088625
sub-0100602_ses-2_run-1_task-rest_bold_cleaned,100602,Awake,22.0,11.7,1000.0,0.09089194478,0.1707548041,0.0,0.0,0.0,0.0,0.0,1.0,0.0,0.0,1.0,0.0,0.0,0.0,0.0,0.0,0.0,0.0,0.0,0.0,1.0,0.700687,0.16227,0.320067,0.392984,0.228154,0.115989,0.446096,0.18415,0.32188,0.155058,0.642264,0.340597,0.198321,0.227449,0.402504,0.695124,0.367955,0.09144
sub-0100602_ses-4_run-2_task-rest_bold_cleaned,100602,Awake,26.0,11.7,1000.0,0.03382924629,0.06270038663,0.0,0.0,0.0,0.0,0.0,1.0,0.0,0.0,1.0,0.0,0.0,0.0,0.0,0.0,0.0,0.0,0.0,0.0,1.0,0.52442,0.163041,0.149747,0.272967,0.162726,0.123945,0.229015,0.141951,0.399775,0.168626,0.36212,0.155621,0.249585,0.095661,0.327836,0.37471,0.145535,0.105059
sub-0100603_ses-3_run-3_task-rest_bold_cleaned,100603,Awake,22.0,11.7,1000.0,0.04359383242,0.08371652425,0.0,0.0,0.0,0.0,0.0,1.0,0.0,0.0,1.0,0.0,0.0,0.0,0.0,0.0,0.0,0.0,0.0,0.0,1.0,0.420686,0.16543,0.159743,0.286183,0.152731,0.140057,0.384448,0.270119,0.376373,0.138914,0.53407,0.363087,0.259131,0.123418,0.217128,0.319321,0.287867,0.122108
sub-0100604_ses-3_run-2_task-rest_bold_cleaned,100604,Awake,26.0,11.7,1000.0,0.05267046993,0.1007920611,0.0,0.0,0.0,0.0,0.0,1.0,0.0,0.0,1.0,0.0,0.0,0.0,0.0,0.0,0.0,0.0,0.0,0.0,1.0,0.422005,0.152181,0.155728,0.33225,0.149629,0.125293,0.334589,0.134847,0.368813,0.190825,0.349113,0.182221,0.219961,0.108036,0.166831,0.478375,0.179317,0.11763
sub-0100604_ses-4_run-2_task-rest_bold_cleaned,100604,Awake,26.0,11.7,1000.0,0.06032661045,0.1028266706,0.0,0.0,0.0,0.0,0.0,1.0,0.0,0.0,1.0,0.0,0.0,0.0,0.0,0.0,0.0,0.0,0.0,0.0,1.0,0.43953,0.166711,0.230637,0.337294,0.214916,0.121044,0.249291,0.129829,0.297863,0.170133,0.372204,0.254605,0.196805,0.157106,0.131394,0.324163,0.258928,0.099833
sub-0100605_ses-1_run-1_task-rest_bold_cleaned,100605,Awake,18.0,11.7,1000.0,0.1157969147,0.2094791319,0.0,0.0,0.0,0.0,0.0,1.0,0.0,0.0,1.0,0.0,0.0,0.0,0.0,0.0,0.0,0.0,0.0,0.0,1.0,0.343564,0.262495,0.203553,0.326851,0.283251,0.157684,0.479351,0.195093,0.377383,0.265514,0.374651,0.240946,0.231667,0.086196,0.25467,0.286014,0.17261,0.101594
sub-0100605_ses-3_run-1_task-rest_bold_cleaned,100605,Awake,26.0,11.7,1000.0,0.07669805913,0.1265244509,0.0,0.0,0.0,0.0,0.0,1.0,0.0,0.0,1.0,0.0,0.0,0.0,0.0,0.0,0.0,0.0,0.0,0.0,1.0,0.325766,0.232651,0.190636,0.303095,0.290793,0.169032,0.302012,0.193288,0.349971,0.19196,0.619641,0.298938,0.247116,0.098647,0.282112,0.295052,0.208905,0.103731
sub-0100607_ses-1_run-1_task-rest_bold_cleaned,100607,Awake,18.0,11.7,1000.0,0.07129512912,0.1309687038,0.0,0.0,0.0,0.0,0.0,1.0,0.0,0.0,1.0,0.0,0.0,0.0,0.0,0.0,0.0,0.0,0.0,0.0,1.0,0.269017,0.162685,0.188537,0.257481,0.227012,0.151441,0.352585,0.318142,0.284587,0.212495,0.395826,0.155917,0.149078,0.076566,0.181605,0.270891,0.197775,0.114818
sub-0100607_ses-2_run-2_task-rest_bold_cleaned,100607,Awake,18.0,11.7,1000.0,0.04842054568,0.08502703851,0.0,0.0,0.0,0.0,0.0,1.0,0.0,0.0,1.0,0.0,0.0,0.0,0.0,0.0,0.0,0.0,0.0,0.0,1.0,0.355666,0.192475,0.20893,0.173505,0.164942,0.121356,0.189876,0.217563,0.366742,0.131672,0.454588,0.13421,0.172989,0.13946,0.209434,0.290706,0.155494,0.121986
sub-0100608_ses-1_run-1_task-rest_bold_cleaned,100608,Awake,18.0,11.7,1000.0,0.09796993557,0.1752698388,0.0,0.0,0.0,0.0,0.0,1.0,0.0,0.0,1.0,0.0,0.0,0.0,0.0,0.0,0.0,0.0,0.0,0.0,1.0,0.655178,0.400081,0.414784,0.412258,0.286323,0.408572,0.778837,0.415836,0.394667,0.224674,0.731291,0.751532,0.371682,0.345186,0.594647,0.353449,0.620921,0.188457
sub-0100608_ses-2_run-2_task-rest_bold_cleaned,100608,Awake,18.0,11.7,1000.0,0.06729750007,0.1164779075,0.0,0.0,0.0,0.0,0.0,1.0,0.0,0.0,1.0,0.0,0.0,0.0,0.0,0.0,0.0,0.0,0.0,0.0,1.0,0.608245,0.235924,0.537306,0.429615,0.265963,0.416685,0.562494,0.879394,0.354827,0.380354,0.659213,0.633602,0.271747,0.373134,0.419761,0.723389,0.387287,0.173367
sub-0100609_ses-1_run-1_task-rest_bold_cleaned,100609,Awake,31.0,11.7,1000.0,0.06759093583,0.1229956823,0.0,0.0,0.0,0.0,0.0,1.0,0.0,0.0,1.0,0.0,0.0,0.0,0.0,0.0,0.0,0.0,0.0,0.0,1.0,0.204366,0.245047,0.234366,0.319662,0.231183,0.267783,0.392124,0.268846,0.240166,0.231055,0.267024,0.288891,0.178072,0.091385,0.176166,0.21678,0.305505,0.123152
sub-0100609_ses-1_run-2_task-rest_bold_cleaned,100609,Awake,31.0,11.7,1000.0,0.06759093583,0.1229956823,0.0,0.0,0.0,0.0,0.0,1.0,0.0,0.0,1.0,0.0,0.0,0.0,0.0,0.0,0.0,0.0,0.0,0.0,1.0,0.182167,0.156221,0.217042,0.260231,0.182233,0.23228,0.232339,0.194755,0.224116,0.147492,0.340176,0.274726,0.113705,0.061957,0.118486,0.177182,0.198007,0.078383
sub-0100700_ses-1_run-1_task-rest_bold_cleaned,100700,Awake,13.0,9.4,1500.0,0.01230736747,0.02143903398,0.0,0.0,0.0,0.0,0.0,1.0,0.0,0.0,1.0,0.0,0.0,0.0,0.0,0.0,0.0,0.0,0.0,0.0,1.0,0.167926,0.208829,0.194809,0.172736,0.16479,0.138867,0.123109,0.185852,0.184255,0.128681,0.195997,0.245146,0.197114,0.1396,0.167575,0.157416,0.160088,0.146493
sub-0100701_ses-1_run-1_task-rest_bold_cleaned,100701,Awake,13.0,9.4,1500.0,0.009376742387,0.01591117932,0.0,0.0,0.0,0.0,0.0,1.0,0.0,0.0,1.0,0.0,0.0,0.0,0.0,0.0,0.0,0.0,0.0,0.0,1.0,0.166793,0.161383,0.167833,0.131633,0.157763,0.137439,0.135369,0.134556,0.181715,0.099012,0.170029,0.174059,0.140209,0.112347,0.15168,0.13806,0.145101,0.128573
sub-0100702_ses-1_run-1_task-rest_bold_cleaned,100702,Awake,13.0,9.4,1500.0,0.01023996177,0.01772940833,0.0,0.0,0.0,0.0,0.0,1.0,0.0,0.0,1.0,0.0,0.0,0.0,0.0,0.0,0.0,0.0,0.0,0.0,1.0,0.183334,0.183205,0.176419,0.141832,0.177332,0.142984,0.126848,0.121033,0.159324,0.105529,0.1644,0.160323,0.126604,0.100703,0.168875,0.136566,0.155462,0.12712
sub-0100703_ses-1_run-1_task-rest_bold_cleaned,100703,Awake,13.0,9.4,1500.0,0.01108529581,0.01924137019,0.0,0.0,0.0,0.0,0.0,1.0,0.0,0.0,1.0,0.0,0.0,0.0,0.0,0.0,0.0,0.0,0.0,0.0,1.0,0.172719,0.169601,0.192023,0.150873,0.149865,0.137663,0.119643,0.181208,0.166229,0.11129,0.153587,0.195068,0.160069,0.118182,0.170038,0.167909,0.179491,0.117957
sub-0100704_ses-1_run-1_task-rest_bold_cleaned,100704,Awake,13.0,9.4,1500.0,0.01185884237,0.02024749202,0.0,0.0,0.0,0.0,0.0,1.0,0.0,0.0,1.0,0.0,0.0,0.0,0.0,0.0,0.0,0.0,0.0,0.0,1.0,0.20885,0.202245,0.173282,0.13758,0.171686,0.149928,0.143673,0.22622,0.212256,0.130929,0.202374,0.174782,0.151421,0.139858,0.189147,0.195789,0.166077,0.164454
sub-0100705_ses-1_run-1_task-rest_bold_cleaned,100705,Awake,13.0,9.4,1500.0,0.01535053002,0.02773886389,0.0,0.0,0.0,0.0,0.0,1.0,0.0,0.0,1.0,0.0,0.0,0.0,0.0,0.0,0.0,0.0,0.0,0.0,1.0,0.245546,0.230244,0.164521,0.141738,0.161976,0.164777,0.132897,0.169187,0.201123,0.122969,0.204638,0.202371,0.164283,0.137244,0.17227,0.192657,0.189616,0.168045
sub-0100706_ses-1_run-1_task-rest_bold_cleaned,100706,Awake,13.0,9.4,1500.0,0.01197972873,0.02046902506,0.0,0.0,0.0,0.0,0.0,1.0,0.0,0.0,1.0,0.0,0.0,0.0,0.0,0.0,0.0,0.0,0.0,0.0,1.0,0.164388,0.206093,0.195252,0.17248,0.161619,0.143618,0.125253,0.181454,0.186198,0.120326,0.188689,0.255039,0.19796,0.141157,0.167784,0.153873,0.159441,0.145616
sub-0100800_ses-1_run-1_task-rest_bold_cleaned,100800,Awake,39.0,9.4,1500.0,0.01967388438,0.03450469443,0.0,0.0,0.0,0.0,0.0,1.0,0.0,0.0,1.0,0.0,0.0,0.0,0.0,0.0,0.0,0.0,0.0,0.0,1.0,0.317788,0.189541,0.243057,0.221977,0.156187,0.18939,0.224678,0.247832,0.236186,0.199008,0.299408,0.226383,0.164047,0.13681,0.198845,0.257039,0.191997,0.18642
sub-0100800_ses-1_run-2_task-rest_bold_cleaned,100800,Awake,39.0,9.4,1500.0,0.01967388438,0.03450469443,0.0,0.0,0.0,0.0,0.0,1.0,0.0,0.0,1.0,0.0,0.0,0.0,0.0,0.0,0.0,0.0,0.0,0.0,1.0,0.312661,0.247962,0.32197,0.588473,0.184957,0.243264,0.338166,0.307265,0.24149,0.270572,0.410765,0.388733,0.222486,0.17249,0.231106,0.475356,0.509104,0.231901
sub-0100800_ses-1_run-3_task-rest_bold_cleaned,100800,Awake,39.0,9.4,1500.0,0.01967388438,0.03450469443,0.0,0.0,0.0,0.0,0.0,1.0,0.0,0.0,1.0,0.0,0.0,0.0,0.0,0.0,0.0,0.0,0.0,0.0,1.0,0.498914,0.202975,0.446364,0.239494,0.260253,0.188213,0.223429,0.220519,0.285378,0.169705,0.303836,0.254866,0.321553,0.135522,0.290815,0.466476,0.304745,0.21753
sub-0100800_ses-1_run-4_task-rest_bold_cleaned,100800,Awake,39.0,9.4,1500.0,0.01967388438,0.03450469443,0.0,0.0,0.0,0.0,0.0,1.0,0.0,0.0,1.0,0.0,0.0,0.0,0.0,0.0,0.0,0.0,0.0,0.0,1.0,0.263092,0.220932,0.229809,0.388979,0.183785,0.216757,0.280465,0.279532,0.203752,0.200661,0.279205,0.254089,0.202887,0.146372,0.220542,0.387309,0.415891,0.159134
sub-0100801_ses-1_run-1_task-rest_bold_cleaned,100801,Awake,36.0,9.4,1500.0,0.08347566008,0.1490467193,0.0,0.0,0.0,0.0,0.0,1.0,0.0,0.0,1.0,0.0,0.0,0.0,0.0,0.0,0.0,0.0,0.0,0.0,1.0,0.41981,0.263697,0.278682,0.305102,0.250532,0.278277,0.389501,0.266523,0.262631,0.235385,0.26392,0.294062,0.289293,0.169836,0.321433,0.29698,0.254502,0.302322
sub-0100801_ses-1_run-2_task-rest_bold_cleaned,100801,Awake,36.0,9.4,1500.0,0.08347566008,0.1490467193,0.0,0.0,0.0,0.0,0.0,1.0,0.0,0.0,1.0,0.0,0.0,0.0,0.0,0.0,0.0,0.0,0.0,0.0,1.0,0.248397,0.177145,0.177848,0.240774,0.194998,0.230543,0.207642,0.233224,0.212052,0.167526,0.236194,0.272056,0.166768,0.117529,0.215892,0.229872,0.169898,0.153304
sub-0100801_ses-1_run-3_task-rest_bold_cleaned,100801,Awake,36.0,9.4,1500.0,0.08347566008,0.1490467193,0.0,0.0,0.0,0.0,0.0,1.0,0.0,0.0,1.0,0.0,0.0,0.0,0.0,0.0,0.0,0.0,0.0,0.0,1.0,0.298406,0.229131,0.321347,0.209275,0.204453,0.19705,0.311517,0.167652,0.222192,0.143694,0.240835,0.277448,0.197031,0.170794,0.257206,0.196824,0.211396,0.1802
sub-0100801_ses-1_run-4_task-rest_bold_cleaned,100801,Awake,36.0,9.4,1500.0,0.08347566008,0.1490467193,0.0,0.0,0.0,0.0,0.0,1.0,0.0,0.0,1.0,0.0,0.0,0.0,0.0,0.0,0.0,0.0,0.0,0.0,1.0,0.314856,0.270789,0.323891,0.259319,0.334527,0.281722,0.315976,0.400694,0.324614,0.234399,0.372191,0.385826,0.249387,0.184895,0.273748,0.212413,0.30883,0.262472
sub-0100802_ses-1_run-1_task-rest_bold_cleaned,100802,Awake,14.0,9.4,1500.0,0.0332661778,0.05824431382,0.0,0.0,0.0,0.0,0.0,1.0,0.0,0.0,1.0,0.0,0.0,0.0,0.0,0.0,0.0,0.0,0.0,0.0,1.0,0.395948,0.304402,0.363761,0.23324,0.306642,0.282442,0.186879,0.182978,0.270061,0.173527,0.305245,0.193805,0.242199,0.157609,0.339548,0.267663,0.241945,0.159461
sub-0100802_ses-1_run-2_task-rest_bold_cleaned,100802,Awake,14.0,9.4,1500.0,0.0332661778,0.05824431382,0.0,0.0,0.0,0.0,0.0,1.0,0.0,0.0,1.0,0.0,0.0,0.0,0.0,0.0,0.0,0.0,0.0,0.0,1.0,0.241233,0.2075,0.231518,0.15449,0.206667,0.174336,0.152283,0.182377,0.216666,0.162003,0.278314,0.231036,0.191892,0.15399,0.308472,0.223039,0.222832,0.189414
sub-0100802_ses-1_run-3_task-rest_bold_cleaned,100802,Awake,14.0,9.4,1500.0,0.0332661778,0.05824431382,0.0,0.0,0.0,0.0,0.0,1.0,0.0,0.0,1.0,0.0,0.0,0.0,0.0,0.0,0.0,0.0,0.0,0.0,1.0,0.376885,0.421843,0.415243,0.300794,0.321645,0.29907,0.17242,0.21627,0.304906,0.23614,0.334905,0.261962,0.311404,0.16425,0.399895,0.311127,0.291417,0.221336
sub-0100802_ses-1_run-4_task-rest_bold_cleaned,100802,Awake,14.0,9.4,1500.0,0.0332661778,0.05824431382,0.0,0.0,0.0,0.0,0.0,1.0,0.0,0.0,1.0,0.0,0.0,0.0,0.0,0.0,0.0,0.0,0.0,0.0,1.0,0.265397,0.252668,0.279053,0.21024,0.241568,0.215792,0.178344,0.205398,0.238374,0.135272,0.335486,0.226677,0.194031,0.146026,0.343485,0.272938,0.330968,0.177277
sub-0100803_ses-1_run-1_task-rest_bold_cleaned,100803,Awake,25.0,9.4,1500.0,0.03432778031,0.06109195738,0.0,0.0,0.0,0.0,0.0,1.0,0.0,0.0,1.0,0.0,0.0,0.0,0.0,0.0,0.0,0.0,0.0,0.0,1.0,0.275959,0.257733,0.272047,0.2273,0.231034,0.184487,0.373468,0.226671,0.236604,0.152714,0.233214,0.249095,0.201496,0.165484,0.164116,0.232185,0.241925,0.132306
sub-0100803_ses-1_run-2_task-rest_bold_cleaned,100803,Awake,25.0,9.4,1500.0,0.03432778031,0.06109195738,0.0,0.0,0.0,0.0,0.0,1.0,0.0,0.0,1.0,0.0,0.0,0.0,0.0,0.0,0.0,0.0,0.0,0.0,1.0,0.23058,0.179352,0.183052,0.167872,0.162921,0.158356,0.189988,0.227004,0.184465,0.118718,0.214717,0.225908,0.159112,0.116228,0.150108,0.181854,0.172164,0.124065
sub-0100803_ses-1_run-3_task-rest_bold_cleaned,100803,Awake,25.0,9.4,1500.0,0.03432778031,0.06109195738,0.0,0.0,0.0,0.0,0.0,1.0,0.0,0.0,1.0,0.0,0.0,0.0,0.0,0.0,0.0,0.0,0.0,0.0,1.0,0.376555,0.223741,0.266794,0.286936,0.22647,0.236125,0.306502,0.183701,0.230987,0.166184,0.274936,0.268127,0.198174,0.161788,0.227447,0.335075,0.208767,0.168874
sub-0100803_ses-1_run-4_task-rest_bold_cleaned,100803,Awake,25.0,9.4,1500.0,0.03432778031,0.06109195738,0.0,0.0,0.0,0.0,0.0,1.0,0.0,0.0,1.0,0.0,0.0,0.0,0.0,0.0,0.0,0.0,0.0,0.0,1.0,0.461164,0.292274,0.286272,0.400849,0.232665,0.288829,0.282737,0.267474,0.278484,0.188992,0.375045,0.38778,0.211039,0.163151,0.232384,0.21903,0.24913,0.170441
sub-0100804_ses-1_run-1_task-rest_bold_cleaned,100804,Awake,12.0,9.4,1500.0,0.02869292192,0.04890511191,0.0,0.0,0.0,0.0,0.0,1.0,0.0,0.0,1.0,0.0,0.0,0.0,0.0,0.0,0.0,0.0,0.0,0.0,1.0,0.468542,0.268962,0.301213,0.201587,0.213049,0.202125,0.187516,0.223391,0.247052,0.151326,0.26472,0.251488,0.190751,0.154477,0.313855,0.359693,0.331706,0.180866
sub-0100804_ses-1_run-2_task-rest_bold_cleaned,100804,Awake,12.0,9.4,1500.0,0.02869292192,0.04890511191,0.0,0.0,0.0,0.0,0.0,1.0,0.0,0.0,1.0,0.0,0.0,0.0,0.0,0.0,0.0,0.0,0.0,0.0,1.0,0.357156,0.253947,0.249352,0.189927,0.286503,0.219337,0.167784,0.198587,0.237995,0.146918,0.318665,0.286134,0.223419,0.214129,0.300857,0.329558,0.339659,0.176122
sub-0100804_ses-1_run-3_task-rest_bold_cleaned,100804,Awake,12.0,9.4,1500.0,0.02869292192,0.04890511191,0.0,0.0,0.0,0.0,0.0,1.0,0.0,0.0,1.0,0.0,0.0,0.0,0.0,0.0,0.0,0.0,0.0,0.0,1.0,0.440625,0.237976,0.26578,0.18824,0.197549,0.213169,0.170874,0.196382,0.2907,0.137642,0.245883,0.264458,0.249792,0.135886,0.309169,0.282732,0.263494,0.196701
sub-0100804_ses-1_run-4_task-rest_bold_cleaned,100804,Awake,12.0,9.4,1500.0,0.02869292192,0.04890511191,0.0,0.0,0.0,0.0,0.0,1.0,0.0,0.0,1.0,0.0,0.0,0.0,0.0,0.0,0.0,0.0,0.0,0.0,1.0,0.237491,0.189782,0.224427,0.151192,0.21148,0.181432,0.199353,0.190678,0.228695,0.189209,0.213945,0.256982,0.182532,0.188626,0.27683,0.255407,0.296391,0.181344
sub-0100805_ses-1_run-1_task-rest_bold_cleaned,100805,Awake,34.0,9.4,1500.0,0.02723002142,0.04451951296,0.0,0.0,0.0,0.0,0.0,1.0,0.0,0.0,1.0,0.0,0.0,0.0,0.0,0.0,0.0,0.0,0.0,0.0,1.0,0.253318,0.229971,0.249619,0.179906,0.192669,0.209066,0.159306,0.169073,0.224817,0.142806,0.275917,0.18503,0.215777,0.198387,0.210217,0.251277,0.203705,0.14941
sub-0100805_ses-1_run-2_task-rest_bold_cleaned,100805,Awake,34.0,9.4,1500.0,0.02723002142,0.04451951296,0.0,0.0,0.0,0.0,0.0,1.0,0.0,0.0,1.0,0.0,0.0,0.0,0.0,0.0,0.0,0.0,0.0,0.0,1.0,0.226001,0.183326,0.160221,0.155266,0.151995,0.14898,0.194455,0.193726,0.189667,0.14696,0.266981,0.265453,0.174798,0.126434,0.189318,0.180228,0.178519,0.148934
sub-0100805_ses-1_run-3_task-rest_bold_cleaned,100805,Awake,34.0,9.4,1500.0,0.02723002142,0.04451951296,0.0,0.0,0.0,0.0,0.0,1.0,0.0,0.0,1.0,0.0,0.0,0.0,0.0,0.0,0.0,0.0,0.0,0.0,1.0,0.251653,0.249695,0.282967,0.148927,0.182833,0.150379,0.163795,0.21615,0.197974,0.123932,0.242507,0.246913,0.187282,0.221724,0.241026,0.280234,0.206449,0.17581
sub-0100805_ses-1_run-4_task-rest_bold_cleaned,100805,Awake,34.0,9.4,1500.0,0.02723002142,0.04451951296,0.0,0.0,0.0,0.0,0.0,1.0,0.0,0.0,1.0,0.0,0.0,0.0,0.0,0.0,0.0,0.0,0.0,0.0,1.0,0.256389,0.193653,0.245226,0.18635,0.166203,0.204014,0.257459,0.232979,0.235496,0.129634,0.31728,0.229926,0.167858,0.165207,0.22942,0.195379,0.24719,0.157341
sub-0100806_ses-1_run-1_task-rest_bold_cleaned,100806,Awake,11.0,9.4,1500.0,0.0224008783,0.04072273029,0.0,0.0,0.0,0.0,0.0,1.0,0.0,0.0,1.0,0.0,0.0,0.0,0.0,0.0,0.0,0.0,0.0,0.0,1.0,0.205811,0.283329,0.235748,0.171301,0.178598,0.198601,0.211048,0.2054,0.256759,0.172236,0.246466,0.257814,0.184379,0.122635,0.200581,0.177293,0.274569,0.148352
sub-0100806_ses-1_run-2_task-rest_bold_cleaned,100806,Awake,11.0,9.4,1500.0,0.0224008783,0.04072273029,0.0,0.0,0.0,0.0,0.0,1.0,0.0,0.0,1.0,0.0,0.0,0.0,0.0,0.0,0.0,0.0,0.0,0.0,1.0,0.233256,0.320229,0.199801,0.191511,0.189004,0.159996,0.165022,0.22128,0.275967,0.197416,0.266217,0.255474,0.213536,0.143972,0.276147,0.167144,0.273973,0.16032
sub-0100806_ses-1_run-3_task-rest_bold_cleaned,100806,Awake,11.0,9.4,1500.0,0.0224008783,0.04072273029,0.0,0.0,0.0,0.0,0.0,1.0,0.0,0.0,1.0,0.0,0.0,0.0,0.0,0.0,0.0,0.0,0.0,0.0,1.0,0.262192,0.31518,0.281189,0.245615,0.179924,0.15471,0.199211,0.185631,0.276292,0.182521,0.222936,0.244649,0.273573,0.134491,0.272825,0.130109,0.235039,0.168178
sub-0100806_ses-1_run-4_task-rest_bold_cleaned,100806,Awake,11.0,9.4,1500.0,0.0224008783,0.04072273029,0.0,0.0,0.0,0.0,0.0,1.0,0.0,0.0,1.0,0.0,0.0,0.0,0.0,0.0,0.0,0.0,0.0,0.0,1.0,0.180124,0.276015,0.206411,0.25156,0.163238,0.161002,0.138201,0.174816,0.285828,0.182185,0.282216,0.273675,0.189162,0.125721,0.263682,0.159855,0.270393,0.153288
sub-0100807_ses-1_run-1_task-rest_bold_cleaned,100807,Awake,34.0,9.4,1500.0,0.01343865051,0.02288265386,0.0,0.0,0.0,0.0,0.0,1.0,0.0,0.0,1.0,0.0,0.0,0.0,0.0,0.0,0.0,0.0,0.0,0.0,1.0,0.168673,0.220017,0.268548,0.145897,0.196985,0.175499,0.140327,0.153378,0.190333,0.116856,0.172994,0.1751,0.16431,0.15079,0.213091,0.185239,0.150658,0.140325
sub-0100807_ses-1_run-2_task-rest_bold_cleaned,100807,Awake,34.0,9.4,1500.0,0.01343865051,0.02288265386,0.0,0.0,0.0,0.0,0.0,1.0,0.0,0.0,1.0,0.0,0.0,0.0,0.0,0.0,0.0,0.0,0.0,0.0,1.0,0.258322,0.182172,0.171935,0.140316,0.14668,0.184667,0.157552,0.156575,0.182884,0.094201,0.249284,0.158865,0.165528,0.104565,0.162884,0.16115,0.227051,0.137201
sub-0100807_ses-1_run-3_task-rest_bold_cleaned,100807,Awake,34.0,9.4,1500.0,0.01343865051,0.02288265386,0.0,0.0,0.0,0.0,0.0,1.0,0.0,0.0,1.0,0.0,0.0,0.0,0.0,0.0,0.0,0.0,0.0,0.0,1.0,0.233917,0.173837,0.205469,0.135277,0.233576,0.220667,0.165714,0.178801,0.221955,0.121307,0.221858,0.181761,0.186461,0.162179,0.198146,0.172198,0.164635,0.157926
sub-0100807_ses-1_run-4_task-rest_bold_cleaned,100807,Awake,34.0,9.4,1500.0,0.01343865051,0.02288265386,0.0,0.0,0.0,0.0,0.0,1.0,0.0,0.0,1.0,0.0,0.0,0.0,0.0,0.0,0.0,0.0,0.0,0.0,1.0,0.280606,0.230319,0.202797,0.222523,0.148235,0.280984,0.267734,0.178329,0.242516,0.137168,0.25318,0.314913,0.164662,0.154419,0.223753,0.259878,0.265394,0.191302
sub-0100808_ses-1_run-1_task-rest_bold_cleaned,100808,Awake,21.0,9.4,1500.0,0.02804054126,0.0486048222,0.0,0.0,0.0,0.0,0.0,1.0,0.0,0.0,1.0,0.0,0.0,0.0,0.0,0.0,0.0,0.0,0.0,0.0,1.0,0.287941,0.301626,0.497545,0.232899,0.341785,0.211644,0.25447,0.208642,0.307814,0.170018,0.243808,0.294635,0.221546,0.201347,0.268102,0.278854,0.285836,0.234387
sub-0100808_ses-1_run-2_task-rest_bold_cleaned,100808,Awake,21.0,9.4,1500.0,0.02804054126,0.0486048222,0.0,0.0,0.0,0.0,0.0,1.0,0.0,0.0,1.0,0.0,0.0,0.0,0.0,0.0,0.0,0.0,0.0,0.0,1.0,0.263216,0.242939,0.366721,0.233412,0.170802,0.236102,0.176435,0.246103,0.232851,0.145206,0.233562,0.27053,0.196192,0.168629,0.206141,0.231022,0.213744,0.130818
sub-0100808_ses-1_run-3_task-rest_bold_cleaned,100808,Awake,21.0,9.4,1500.0,0.02804054126,0.0486048222,0.0,0.0,0.0,0.0,0.0,1.0,0.0,0.0,1.0,0.0,0.0,0.0,0.0,0.0,0.0,0.0,0.0,0.0,1.0,0.39999,0.348061,0.505974,0.211281,0.290409,0.268699,0.221817,0.216729,0.387855,0.171649,0.292305,0.257408,0.235903,0.214038,0.291092,0.437499,0.282881,0.215125
sub-0100808_ses-1_run-4_task-rest_bold_cleaned,100808,Awake,21.0,9.4,1500.0,0.02804054126,0.0486048222,0.0,0.0,0.0,0.0,0.0,1.0,0.0,0.0,1.0,0.0,0.0,0.0,0.0,0.0,0.0,0.0,0.0,0.0,1.0,0.33494,0.245872,0.297562,0.263025,0.190278,0.247685,0.251548,0.239177,0.257063,0.201356,0.290469,0.245436,0.170824,0.164327,0.203472,0.282031,0.212098,0.177307
sub-0101100_ses-1_run-1_task-rest_bold_cleaned,101100,Awake,25.0,15.2,1000.0,0.00782896421,0.01394767172,0.0,0.0,0.0,0.0,0.0,1.0,0.0,0.0,1.0,0.0,0.0,0.0,0.0,0.0,0.0,0.0,0.0,0.0,0.0,0.274215,0.305368,0.289131,0.188021,0.206626,0.14999,0.153423,0.124506,0.426459,0.170933,0.189899,0.18471,0.174499,0.156472,0.205191,0.214042,0.236182,0.276795
sub-0101100_ses-1_run-2_task-rest_bold_cleaned,101100,Awake,25.0,15.2,1000.0,0.00782896421,0.01394767172,0.0,0.0,0.0,0.0,0.0,1.0,0.0,0.0,1.0,0.0,0.0,0.0,0.0,0.0,0.0,0.0,0.0,0.0,0.0,0.295453,0.328894,0.27862,0.204652,0.241694,0.131455,0.146143,0.089767,0.286956,0.144717,0.1814,0.184065,0.146013,0.141104,0.223842,0.189987,0.173214,0.226505
sub-0101100_ses-1_run-3_task-rest_bold_cleaned,101100,Awake,25.0,15.2,1000.0,0.00782896421,0.01394767172,0.0,0.0,0.0,0.0,0.0,1.0,0.0,0.0,1.0,0.0,0.0,0.0,0.0,0.0,0.0,0.0,0.0,0.0,0.0,0.237152,0.354253,0.310684,0.194117,0.247001,0.134881,0.11398,0.183432,0.380576,0.213317,0.174207,0.152545,0.128661,0.154096,0.218375,0.150735,0.209984,0.280944
sub-0101101_ses-1_run-1_task-rest_bold_cleaned,101101,Awake,25.0,15.2,1000.0,0.01568942963,0.02986387823,0.0,0.0,0.0,0.0,0.0,1.0,0.0,0.0,1.0,0.0,0.0,0.0,0.0,0.0,0.0,0.0,0.0,0.0,0.0,0.143695,0.23377,0.2031,0.170056,0.145703,0.14241,0.144035,0.116879,0.237275,0.152018,0.203382,0.189809,0.131325,0.158167,0.12035,0.15004,0.19197,0.192587
sub-0101101_ses-1_run-2_task-rest_bold_cleaned,101101,Awake,25.0,15.2,1000.0,0.01568942963,0.02986387823,0.0,0.0,0.0,0.0,0.0,1.0,0.0,0.0,1.0,0.0,0.0,0.0,0.0,0.0,0.0,0.0,0.0,0.0,0.0,0.187973,0.277719,0.182932,0.227494,0.154439,0.161475,0.133138,0.126092,0.310251,0.178576,0.191556,0.125822,0.137776,0.080676,0.109582,0.159234,0.191688,0.143224
sub-0101101_ses-1_run-3_task-rest_bold_cleaned,101101,Awake,25.0,15.2,1000.0,0.01568942963,0.02986387823,0.0,0.0,0.0,0.0,0.0,1.0,0.0,0.0,1.0,0.0,0.0,0.0,0.0,0.0,0.0,0.0,0.0,0.0,0.0,0.14303,0.248476,0.171626,0.196481,0.134036,0.159913,0.112892,0.110591,0.262603,0.161234,0.165475,0.126376,0.089864,0.111748,0.144195,0.10757,0.160641,0.164669
sub-0101102_ses-1_run-1_task-rest_bold_cleaned,101102,Awake,25.0,15.2,1000.0,0.01127339153,0.02076317711,0.0,0.0,0.0,0.0,0.0,1.0,0.0,0.0,1.0,0.0,0.0,0.0,0.0,0.0,0.0,0.0,0.0,0.0,0.0,0.257306,0.278539,0.185209,0.214969,0.176002,0.218327,0.167343,0.138869,0.335056,0.142835,0.249648,0.192112,0.184024,0.181663,0.33282,0.131394,0.213157,0.245121
sub-0101102_ses-1_run-2_task-rest_bold_cleaned,101102,Awake,25.0,15.2,1000.0,0.01127339153,0.02076317711,0.0,0.0,0.0,0.0,0.0,1.0,0.0,0.0,1.0,0.0,0.0,0.0,0.0,0.0,0.0,0.0,0.0,0.0,0.0,0.296567,0.243488,0.174339,0.181476,0.128495,0.175096,0.149362,0.200718,0.277721,0.192031,0.274546,0.183865,0.141692,0.141741,0.263702,0.193702,0.188365,0.22103
sub-0101102_ses-1_run-3_task-rest_bold_cleaned,101102,Awake,25.0,15.2,1000.0,0.01127339153,0.02076317711,0.0,0.0,0.0,0.0,0.0,1.0,0.0,0.0,1.0,0.0,0.0,0.0,0.0,0.0,0.0,0.0,0.0,0.0,0.0,0.228349,0.231318,0.160378,0.214816,0.152546,0.166371,0.178954,0.137557,0.242133,0.164512,0.329626,0.168555,0.174886,0.147335,0.318737,0.123386,0.202377,0.21571
sub-0101103_ses-1_run-1_task-rest_bold_cleaned,101103,Awake,19.0,15.2,1000.0,0.006956952909,0.01208442611,0.0,0.0,0.0,0.0,0.0,1.0,0.0,0.0,1.0,0.0,0.0,0.0,0.0,0.0,0.0,0.0,0.0,0.0,0.0,0.178672,0.201624,0.168733,0.165309,0.169859,0.157432,0.129014,0.131276,0.271794,0.167819,0.201178,0.157784,0.117329,0.102078,0.185291,0.140796,0.164572,0.190143
sub-0101103_ses-1_run-2_task-rest_bold_cleaned,101103,Awake,19.0,15.2,1000.0,0.006956952909,0.01208442611,0.0,0.0,0.0,0.0,0.0,1.0,0.0,0.0,1.0,0.0,0.0,0.0,0.0,0.0,0.0,0.0,0.0,0.0,0.0,0.297501,0.217036,0.201419,0.170616,0.237654,0.173214,0.134767,0.098901,0.266327,0.158736,0.229939,0.176427,0.165656,0.15987,0.136505,0.153176,0.203485,0.176427
sub-0101103_ses-1_run-3_task-rest_bold_cleaned,101103,Awake,19.0,15.2,1000.0,0.006956952909,0.01208442611,0.0,0.0,0.0,0.0,0.0,1.0,0.0,0.0,1.0,0.0,0.0,0.0,0.0,0.0,0.0,0.0,0.0,0.0,0.0,0.241294,0.233909,0.186621,0.219698,0.211633,0.154768,0.131493,0.185868,0.256258,0.148876,0.21345,0.185605,0.110157,0.178431,0.189208,0.153139,0.170966,0.212889
sub-0101104_ses-1_run-1_task-rest_bold_cleaned,101104,Awake,19.0,15.2,1000.0,0.008211459309,0.0141207665,0.0,0.0,0.0,0.0,0.0,1.0,0.0,0.0,1.0,0.0,0.0,0.0,0.0,0.0,0.0,0.0,0.0,0.0,0.0,0.212211,0.262079,0.183434,0.211029,0.151676,0.150497,0.120441,0.08018,0.201546,0.124878,0.188609,0.173909,0.11033,0.11499,0.132414,0.108353,0.193566,0.157761
sub-0101104_ses-1_run-2_task-rest_bold_cleaned,101104,Awake,19.0,15.2,1000.0,0.008211459309,0.0141207665,0.0,0.0,0.0,0.0,0.0,1.0,0.0,0.0,1.0,0.0,0.0,0.0,0.0,0.0,0.0,0.0,0.0,0.0,0.0,0.333175,0.27988,0.221629,0.168041,0.173612,0.172789,0.243904,0.11871,0.28176,0.166811,0.251638,0.185216,0.159745,0.137715,0.192964,0.176644,0.208735,0.172127
sub-0101104_ses-1_run-3_task-rest_bold_cleaned,101104,Awake,19.0,15.2,1000.0,0.008211459309,0.0141207665,0.0,0.0,0.0,0.0,0.0,1.0,0.0,0.0,1.0,0.0,0.0,0.0,0.0,0.0,0.0,0.0,0.0,0.0,0.0,0.217767,0.223207,0.208732,0.205074,0.130074,0.115167,0.172792,0.135543,0.349902,0.172374,0.179931,0.153069,0.156504,0.121063,0.138923,0.17981,0.178346,0.236578
sub-0101105_ses-1_run-1_task-rest_bold_cleaned,101105,Awake,19.0,15.2,1000.0,0.00953778258,0.01657013048,0.0,0.0,0.0,0.0,0.0,1.0,0.0,0.0,1.0,0.0,0.0,0.0,0.0,0.0,0.0,0.0,0.0,0.0,0.0,0.396895,0.332221,0.352701,0.254797,0.155042,0.175064,0.205156,0.191517,0.288459,0.12815,0.351589,0.206319,0.134797,0.214961,0.365027,0.189038,0.288231,0.109151
sub-0101105_ses-1_run-2_task-rest_bold_cleaned,101105,Awake,19.0,15.2,1000.0,0.00953778258,0.01657013048,0.0,0.0,0.0,0.0,0.0,1.0,0.0,0.0,1.0,0.0,0.0,0.0,0.0,0.0,0.0,0.0,0.0,0.0,0.0,0.38368,0.30656,0.329732,0.232276,0.173663,0.208871,0.171002,0.192217,0.353817,0.231204,0.329482,0.200186,0.157433,0.172854,0.376637,0.230218,0.266327,0.157479
sub-0101105_ses-1_run-3_task-rest_bold_cleaned,101105,Awake,19.0,15.2,1000.0,0.00953778258,0.01657013048,0.0,0.0,0.0,0.0,0.0,1.0,0.0,0.0,1.0,0.0,0.0,0.0,0.0,0.0,0.0,0.0,0.0,0.0,0.0,0.423381,0.362379,0.323566,0.218586,0.176654,0.161976,0.16925,0.190159,0.340865,0.183552,0.401893,0.260799,0.176055,0.191051,0.407362,0.208421,0.298513,0.162171
sub-0101106_ses-1_run-1_task-rest_bold_cleaned,101106,Awake,11.0,15.2,1000.0,0.0077052867,0.01409110461,0.0,0.0,0.0,0.0,0.0,1.0,0.0,0.0,1.0,0.0,0.0,0.0,0.0,0.0,0.0,0.0,0.0,0.0,0.0,0.25152,0.25469,0.227581,0.163944,0.129959,0.176438,0.153676,0.162807,0.248234,0.145802,0.259928,0.243704,0.159666,0.123717,0.313688,0.132318,0.247605,0.176648
sub-0101106_ses-1_run-2_task-rest_bold_cleaned,101106,Awake,11.0,15.2,1000.0,0.0077052867,0.01409110461,0.0,0.0,0.0,0.0,0.0,1.0,0.0,0.0,1.0,0.0,0.0,0.0,0.0,0.0,0.0,0.0,0.0,0.0,0.0,0.198922,0.323858,0.187888,0.165134,0.155746,0.16749,0.137369,0.233022,0.203522,0.180451,0.227575,0.14192,0.148014,0.121123,0.247512,0.118544,0.16053,0.176846
sub-0101106_ses-1_run-3_task-rest_bold_cleaned,101106,Awake,11.0,15.2,1000.0,0.0077052867,0.01409110461,0.0,0.0,0.0,0.0,0.0,1.0,0.0,0.0,1.0,0.0,0.0,0.0,0.0,0.0,0.0,0.0,0.0,0.0,0.0,0.172877,0.281312,0.333772,0.18177,0.156482,0.167878,0.196977,0.285104,0.335744,0.134089,0.216844,0.252463,0.201301,0.221064,0.245128,0.213504,0.289213,0.358569
sub-0101107_ses-1_run-1_task-rest_bold_cleaned,101107,Awake,11.0,15.2,1000.0,0.01059757127,0.01958075321,0.0,0.0,0.0,0.0,0.0,1.0,0.0,0.0,1.0,0.0,0.0,0.0,0.0,0.0,0.0,0.0,0.0,0.0,0.0,0.298153,0.271339,0.264234,0.193037,0.153471,0.150996,0.202907,0.187873,0.316753,0.158835,0.282223,0.189879,0.140258,0.15399,0.298485,0.169042,0.203542,0.223481
sub-0101107_ses-1_run-2_task-rest_bold_cleaned,101107,Awake,11.0,15.2,1000.0,0.01059757127,0.01958075321,0.0,0.0,0.0,0.0,0.0,1.0,0.0,0.0,1.0,0.0,0.0,0.0,0.0,0.0,0.0,0.0,0.0,0.0,0.0,0.213889,0.307442,0.261972,0.207583,0.225615,0.13733,0.231124,0.190877,0.443073,0.110594,0.356051,0.238144,0.189289,0.217297,0.326086,0.320477,0.256913,0.20744
sub-0101107_ses-1_run-3_task-rest_bold_cleaned,101107,Awake,11.0,15.2,1000.0,0.01059757127,0.01958075321,0.0,0.0,0.0,0.0,0.0,1.0,0.0,0.0,1.0,0.0,0.0,0.0,0.0,0.0,0.0,0.0,0.0,0.0,0.0,0.435811,0.279959,0.249657,0.222433,0.157346,0.16315,0.170732,0.16615,0.331469,0.183735,0.343995,0.197174,0.119,0.211865,0.364824,0.212785,0.22194,0.279025
sub-0101108_ses-1_run-1_task-rest_bold_cleaned,101108,Awake,11.0,15.2,1000.0,0.008011574748,0.01412983457,0.0,0.0,0.0,0.0,0.0,1.0,0.0,0.0,1.0,0.0,0.0,0.0,0.0,0.0,0.0,0.0,0.0,0.0,0.0,0.25417,0.273332,0.202237,0.217907,0.224472,0.197393,0.147732,0.185258,0.347491,0.126025,0.237096,0.189036,0.115221,0.132061,0.160996,0.144035,0.158503,0.217713
sub-0101108_ses-1_run-2_task-rest_bold_cleaned,101108,Awake,11.0,15.2,1000.0,0.008011574748,0.01412983457,0.0,0.0,0.0,0.0,0.0,1.0,0.0,0.0,1.0,0.0,0.0,0.0,0.0,0.0,0.0,0.0,0.0,0.0,0.0,0.198552,0.339508,0.198356,0.230837,0.272437,0.161014,0.170161,0.181455,0.394776,0.175463,0.286689,0.178951,0.149155,0.116106,0.152929,0.11085,0.17023,0.21355
sub-0101108_ses-1_run-3_task-rest_bold_cleaned,101108,Awake,11.0,15.2,1000.0,0.008011574748,0.01412983457,0.0,0.0,0.0,0.0,0.0,1.0,0.0,0.0,1.0,0.0,0.0,0.0,0.0,0.0,0.0,0.0,0.0,0.0,0.0,0.226767,0.293486,0.214928,0.197569,0.253616,0.15225,0.131135,0.158864,0.285352,0.139393,0.260121,0.207472,0.161066,0.162557,0.171931,0.117795,0.175129,0.188449
sub-0101109_ses-1_run-1_task-rest_bold_cleaned,101109,Awake,12.0,15.2,1000.0,0.009647013826,0.01732862559,0.0,0.0,0.0,0.0,0.0,1.0,0.0,0.0,1.0,0.0,0.0,0.0,0.0,0.0,0.0,0.0,0.0,0.0,0.0,0.249517,0.309497,0.196865,0.196503,0.261361,0.149214,0.171222,0.306527,0.4414,0.178454,0.217452,0.16785,0.134849,0.138888,0.225968,0.13429,0.148081,0.289117
sub-0101109_ses-1_run-2_task-rest_bold_cleaned,101109,Awake,12.0,15.2,1000.0,0.009647013826,0.01732862559,0.0,0.0,0.0,0.0,0.0,1.0,0.0,0.0,1.0,0.0,0.0,0.0,0.0,0.0,0.0,0.0,0.0,0.0,0.0,0.201427,0.244077,0.225984,0.123384,0.199255,0.191888,0.137033,0.152758,0.342036,0.160622,0.246536,0.194578,0.146787,0.123125,0.248337,0.115382,0.142042,0.247528
sub-0101109_ses-1_run-3_task-rest_bold_cleaned,101109,Awake,12.0,15.2,1000.0,0.009647013826,0.01732862559,0.0,0.0,0.0,0.0,0.0,1.0,0.0,0.0,1.0,0.0,0.0,0.0,0.0,0.0,0.0,0.0,0.0,0.0,0.0,0.309932,0.328514,0.268693,0.21973,0.22743,0.186806,0.137955,0.188842,0.252419,0.173635,0.218592,0.17982,0.163046,0.149769,0.229607,0.125753,0.162258,0.216379
sub-0101110_ses-1_run-1_task-rest_bold_cleaned,101110,Awake,12.0,15.2,1000.0,0.009115353865,0.01546635918,0.0,0.0,0.0,0.0,0.0,1.0,0.0,0.0,1.0,0.0,0.0,0.0,0.0,0.0,0.0,0.0,0.0,0.0,0.0,0.215821,0.3923,0.261403,0.218027,0.219909,0.188347,0.132902,0.148116,0.346162,0.110298,0.24935,0.163292,0.130893,0.149126,0.199224,0.125831,0.228246,0.169032
sub-0101110_ses-1_run-2_task-rest_bold_cleaned,101110,Awake,12.0,15.2,1000.0,0.009115353865,0.01546635918,0.0,0.0,0.0,0.0,0.0,1.0,0.0,0.0,1.0,0.0,0.0,0.0,0.0,0.0,0.0,0.0,0.0,0.0,0.0,0.295551,0.368326,0.196004,0.239508,0.287204,0.171105,0.132375,0.185902,0.373007,0.178043,0.339217,0.19471,0.145864,0.158215,0.226073,0.152579,0.185312,0.286408
sub-0101110_ses-1_run-3_task-rest_bold_cleaned,101110,Awake,12.0,15.2,1000.0,0.009115353865,0.01546635918,0.0,0.0,0.0,0.0,0.0,1.0,0.0,0.0,1.0,0.0,0.0,0.0,0.0,0.0,0.0,0.0,0.0,0.0,0.0,0.211444,0.238277,0.223412,0.269478,0.191885,0.158486,0.133271,0.182841,0.341806,0.199728,0.334816,0.161594,0.147663,0.150238,0.227848,0.121504,0.235115,0.239986
sub-0101111_ses-1_run-1_task-rest_bold_cleaned,101111,Awake,17.0,15.2,1000.0,0.008107860207,0.01394875216,0.0,0.0,0.0,0.0,0.0,1.0,0.0,0.0,1.0,0.0,0.0,0.0,0.0,0.0,0.0,0.0,0.0,0.0,0.0,0.132563,0.223201,0.187842,0.190699,0.166305,0.140383,0.153024,0.1533,0.207516,0.173679,0.232709,0.193942,0.128739,0.156983,0.154976,0.156505,0.177831,0.16632
sub-0101111_ses-1_run-2_task-rest_bold_cleaned,101111,Awake,17.0,15.2,1000.0,0.008107860207,0.01394875216,0.0,0.0,0.0,0.0,0.0,1.0,0.0,0.0,1.0,0.0,0.0,0.0,0.0,0.0,0.0,0.0,0.0,0.0,0.0,0.246478,0.254228,0.227942,0.249145,0.157601,0.160151,0.155084,0.101061,0.272733,0.191174,0.239761,0.193714,0.114678,0.167933,0.126531,0.148924,0.272328,0.191724
sub-0101111_ses-1_run-3_task-rest_bold_cleaned,101111,Awake,17.0,15.2,1000.0,0.008107860207,0.01394875216,0.0,0.0,0.0,0.0,0.0,1.0,0.0,0.0,1.0,0.0,0.0,0.0,0.0,0.0,0.0,0.0,0.0,0.0,0.0,0.207142,0.279108,0.153038,0.300379,0.168047,0.149365,0.141246,0.16078,0.322234,0.14313,0.526329,0.240693,0.182839,0.181158,0.172681,0.155041,0.326281,0.255743
sub-0101112_ses-1_run-1_task-rest_bold_cleaned,101112,Awake,18.0,15.2,1000.0,0.007392699622,0.01272899107,0.0,0.0,0.0,0.0,0.0,1.0,0.0,0.0,1.0,0.0,0.0,0.0,0.0,0.0,0.0,0.0,0.0,0.0,0.0,0.2103,0.251428,0.193872,0.213104,0.195324,0.108338,0.151207,0.124567,0.272029,0.189563,0.206241,0.152366,0.109722,0.097967,0.127318,0.151869,0.158481,0.197834
sub-0101112_ses-1_run-2_task-rest_bold_cleaned,101112,Awake,18.0,15.2,1000.0,0.007392699622,0.01272899107,0.0,0.0,0.0,0.0,0.0,1.0,0.0,0.0,1.0,0.0,0.0,0.0,0.0,0.0,0.0,0.0,0.0,0.0,0.0,0.248497,0.330008,0.275152,0.239628,0.219196,0.173347,0.177461,0.168821,0.269818,0.175248,0.244856,0.174844,0.160534,0.184343,0.205041,0.178118,0.174266,0.215522
sub-0101112_ses-1_run-3_task-rest_bold_cleaned,101112,Awake,18.0,15.2,1000.0,0.007392699622,0.01272899107,0.0,0.0,0.0,0.0,0.0,1.0,0.0,0.0,1.0,0.0,0.0,0.0,0.0,0.0,0.0,0.0,0.0,0.0,0.0,0.320683,0.309798,0.329607,0.191823,0.251865,0.191848,0.170739,0.115831,0.391184,0.14805,0.295704,0.15704,0.204794,0.211911,0.22702,0.183633,0.184421,0.253675
sub-0101113_ses-1_run-1_task-rest_bold_cleaned,101113,Awake,18.0,15.2,1000.0,0.01367925425,0.02289114981,0.0,0.0,0.0,0.0,0.0,1.0,0.0,0.0,1.0,0.0,0.0,0.0,0.0,0.0,0.0,0.0,0.0,0.0,0.0,0.374329,0.442785,0.251964,0.280933,0.263945,0.237522,0.242914,0.175358,0.390814,0.170214,0.250194,0.233727,0.208191,0.210414,0.367135,0.193484,0.30673,0.26879
sub-0101113_ses-1_run-2_task-rest_bold_cleaned,101113,Awake,18.0,15.2,1000.0,0.01367925425,0.02289114981,0.0,0.0,0.0,0.0,0.0,1.0,0.0,0.0,1.0,0.0,0.0,0.0,0.0,0.0,0.0,0.0,0.0,0.0,0.0,0.32704,0.398707,0.208249,0.258255,0.23666,0.209306,0.27188,0.188068,0.306166,0.217053,0.289658,0.166235,0.198812,0.134651,0.438257,0.196232,0.270531,0.216127
sub-0101113_ses-1_run-3_task-rest_bold_cleaned,101113,Awake,18.0,15.2,1000.0,0.01367925425,0.02289114981,0.0,0.0,0.0,0.0,0.0,1.0,0.0,0.0,1.0,0.0,0.0,0.0,0.0,0.0,0.0,0.0,0.0,0.0,0.0,0.412199,0.371593,0.254646,0.330511,0.276568,0.236476,0.308706,0.140924,0.445167,0.219842,0.352721,0.22049,0.222315,0.189238,0.347261,0.228751,0.277491,0.252449
sub-0101114_ses-1_run-1_task-rest_bold_cleaned,101114,Awake,18.0,15.2,1000.0,0.01053148074,0.01844222851,0.0,0.0,0.0,0.0,0.0,1.0,0.0,0.0,1.0,0.0,0.0,0.0,0.0,0.0,0.0,0.0,0.0,0.0,0.0,0.207693,0.235126,0.217116,0.189945,0.158247,0.15662,0.158004,0.163759,0.244717,0.180841,0.30435,0.208423,0.139921,0.195954,0.160515,0.146417,0.241729,0.151388
sub-0101114_ses-1_run-2_task-rest_bold_cleaned,101114,Awake,18.0,15.2,1000.0,0.01053148074,0.01844222851,0.0,0.0,0.0,0.0,0.0,1.0,0.0,0.0,1.0,0.0,0.0,0.0,0.0,0.0,0.0,0.0,0.0,0.0,0.0,0.150037,0.250255,0.212171,0.198303,0.174644,0.151414,0.151238,0.152726,0.255674,0.159485,0.198651,0.188221,0.135986,0.115202,0.178343,0.13989,0.190969,0.148758
sub-0101114_ses-1_run-3_task-rest_bold_cleaned,101114,Awake,18.0,15.2,1000.0,0.01053148074,0.01844222851,0.0,0.0,0.0,0.0,0.0,1.0,0.0,0.0,1.0,0.0,0.0,0.0,0.0,0.0,0.0,0.0,0.0,0.0,0.0,0.17195,0.224389,0.244147,0.215788,0.20724,0.141422,0.180689,0.154238,0.252883,0.169279,0.275604,0.157308,0.171921,0.136394,0.168554,0.129743,0.144682,0.152314
sub-0101115_ses-1_run-1_task-rest_bold_cleaned,101115,Awake,18.0,15.2,1000.0,0.009555375713,0.01719926427,0.0,0.0,0.0,0.0,0.0,1.0,0.0,0.0,1.0,0.0,0.0,0.0,0.0,0.0,0.0,0.0,0.0,0.0,0.0,0.253377,0.415892,0.257691,0.258319,0.245815,0.172717,0.12863,0.154119,0.376667,0.2354,0.348018,0.201326,0.161859,0.12228,0.24249,0.135869,0.200388,0.253404
sub-0101115_ses-1_run-2_task-rest_bold_cleaned,101115,Awake,18.0,15.2,1000.0,0.009555375713,0.01719926427,0.0,0.0,0.0,0.0,0.0,1.0,0.0,0.0,1.0,0.0,0.0,0.0,0.0,0.0,0.0,0.0,0.0,0.0,0.0,0.247885,0.38357,0.215728,0.281633,0.285932,0.171575,0.192606,0.231906,0.446713,0.257748,0.23556,0.178675,0.164245,0.155186,0.251947,0.151032,0.217183,0.335269
sub-0101115_ses-1_run-3_task-rest_bold_cleaned,101115,Awake,18.0,15.2,1000.0,0.009555375713,0.01719926427,0.0,0.0,0.0,0.0,0.0,1.0,0.0,0.0,1.0,0.0,0.0,0.0,0.0,0.0,0.0,0.0,0.0,0.0,0.0,0.268271,0.368541,0.197024,0.309076,0.188017,0.167772,0.167375,0.254543,0.295898,0.30743,0.236589,0.154113,0.164326,0.188378,0.271992,0.231434,0.212716,0.288112
sub-0101116_ses-1_run-1_task-rest_bold_cleaned,101116,Awake,21.0,15.2,1000.0,0.008255095874,0.01479369887,0.0,0.0,0.0,0.0,0.0,1.0,0.0,0.0,1.0,0.0,0.0,0.0,0.0,0.0,0.0,0.0,0.0,0.0,0.0,0.365,0.42508,0.212298,0.26066,0.196401,0.154354,0.149977,0.15875,0.327501,0.153717,0.267389,0.135671,0.134538,0.144464,0.277025,0.098285,0.238384,0.210071
sub-0101116_ses-1_run-2_task-rest_bold_cleaned,101116,Awake,21.0,15.2,1000.0,0.008255095874,0.01479369887,0.0,0.0,0.0,0.0,0.0,1.0,0.0,0.0,1.0,0.0,0.0,0.0,0.0,0.0,0.0,0.0,0.0,0.0,0.0,0.283831,0.298462,0.199271,0.222111,0.210205,0.188925,0.157233,0.141702,0.292876,0.131329,0.36544,0.166671,0.101208,0.150242,0.287253,0.113564,0.348244,0.192784
sub-0101116_ses-1_run-3_task-rest_bold_cleaned,101116,Awake,21.0,15.2,1000.0,0.008255095874,0.01479369887,0.0,0.0,0.0,0.0,0.0,1.0,0.0,0.0,1.0,0.0,0.0,0.0,0.0,0.0,0.0,0.0,0.0,0.0,0.0,0.302393,0.342562,0.231551,0.18283,0.175395,0.160714,0.170429,0.130877,0.271042,0.178421,0.29253,0.162041,0.140536,0.15001,0.31331,0.127628,0.353152,0.139989
sub-0101200_ses-1_run-1_task-rest_bold_cleaned,101200,Awake,13.0,9.4,1500.0,0.01066554649,0.01581638534,0.0,0.0,0.0,0.0,0.0,0.0,0.0,0.0,1.0,0.0,0.0,0.0,0.0,0.0,0.0,0.0,0.0,0.0,0.0,0.061598,0.079147,0.073937,0.05391,0.051255,0.074863,0.067877,0.058849,0.069421,0.051089,0.057918,0.082897,0.103904,0.06659,0.093441,0.052944,0.073775,0.041804
sub-0101201_ses-1_run-1_task-rest_bold_cleaned,101201,Awake,13.0,9.4,1500.0,0.01204754303,0.01829557255,0.0,0.0,0.0,0.0,0.0,0.0,0.0,0.0,1.0,0.0,0.0,0.0,0.0,0.0,0.0,0.0,0.0,0.0,0.0,0.067861,0.103194,0.081785,0.076166,0.073636,0.07672,0.156413,0.093761,0.085031,0.055409,0.080513,0.111486,0.073604,0.047787,0.121725,0.0712,0.075843,0.053761
sub-0101202_ses-1_run-1_task-rest_bold_cleaned,101202,Awake,13.0,9.4,1500.0,0.01459473441,0.02260831374,0.0,0.0,0.0,0.0,0.0,0.0,0.0,0.0,1.0,0.0,0.0,0.0,0.0,0.0,0.0,0.0,0.0,0.0,0.0,0.083004,0.058455,0.066724,0.051703,0.05163,0.061872,0.08385,0.071122,0.063294,0.047168,0.064325,0.138161,0.063288,0.052657,0.096566,0.072212,0.087128,0.066995
sub-0101203_ses-1_run-1_task-rest_bold_cleaned,101203,Awake,13.0,9.4,1500.0,0.01145429966,0.01710893915,0.0,0.0,0.0,0.0,0.0,0.0,0.0,0.0,1.0,0.0,0.0,0.0,0.0,0.0,0.0,0.0,0.0,0.0,0.0,0.049497,0.083888,0.06843,0.040853,0.062795,0.077552,0.059042,0.051429,0.078228,0.052256,0.074795,0.067091,0.063736,0.04522,0.069604,0.062073,0.079119,0.041392
sub-0101204_ses-1_run-1_task-rest_bold_cleaned,101204,Awake,13.0,9.4,1500.0,0.01463738999,0.02342168058,0.0,0.0,0.0,0.0,0.0,0.0,0.0,0.0,1.0,0.0,0.0,0.0,0.0,0.0,0.0,0.0,0.0,0.0,0.0,0.061652,0.0738,0.049174,0.056417,0.05255,0.04481,0.069016,0.05298,0.06696,0.0408,0.068756,0.071508,0.064029,0.040938,0.060843,0.040809,0.060672,0.044014
sub-0101205_ses-1_run-1_task-rest_bold_cleaned,101205,Awake,13.0,9.4,1500.0,0.0154841058,0.02424001997,0.0,0.0,0.0,0.0,0.0,0.0,0.0,0.0,1.0,0.0,0.0,0.0,0.0,0.0,0.0,0.0,0.0,0.0,0.0,0.080221,0.095506,0.090177,0.050942,0.065624,0.069735,0.089452,0.0728,0.099851,0.055172,0.06255,0.164743,0.081212,0.06194,0.101291,0.074124,0.115665,0.056967
sub-0101206_ses-1_run-1_task-rest_bold_cleaned,101206,Awake,13.0,9.4,1500.0,0.01584713061,0.02482047302,0.0,0.0,0.0,0.0,0.0,0.0,0.0,0.0,1.0,0.0,0.0,0.0,0.0,0.0,0.0,0.0,0.0,0.0,0.0,0.091605,0.108983,0.101634,0.068434,0.072609,0.068313,0.068817,0.067487,0.069778,0.061793,0.081225,0.078129,0.076967,0.052426,0.073801,0.060811,0.099099,0.034452
sub-0101207_ses-1_run-1_task-rest_bold_cleaned,101207,Awake,13.0,9.4,1500.0,0.02617100013,0.04316544538,0.0,0.0,0.0,0.0,0.0,0.0,0.0,0.0,1.0,0.0,0.0,0.0,0.0,0.0,0.0,0.0,0.0,0.0,0.0,0.071602,0.093993,0.069765,0.059866,0.068943,0.059732,0.064509,0.058961,0.088072,0.047272,0.078869,0.068371,0.069297,0.053121,0.08397,0.070973,0.095003,0.042382
sub-0101208_ses-1_run-1_task-rest_bold_cleaned,101208,Awake,26.0,9.4,1500.0,0.01643134384,0.02643122565,0.0,0.0,0.0,0.0,0.0,0.0,0.0,0.0,1.0,0.0,0.0,0.0,0.0,0.0,0.0,0.0,0.0,0.0,0.0,0.127672,0.087433,0.069829,0.048204,0.058663,0.067249,0.07893,0.070205,0.103985,0.05152,0.069942,0.087307,0.103567,0.070637,0.100974,0.072207,0.106898,0.038822
sub-0101210_ses-1_run-1_task-rest_bold_cleaned,101210,Awake,26.0,9.4,1500.0,0.04057955746,0.06288256142,0.0,0.0,0.0,0.0,0.0,0.0,0.0,0.0,1.0,0.0,0.0,0.0,0.0,0.0,0.0,0.0,0.0,0.0,0.0,0.333221,0.155791,0.223068,0.144397,0.139623,0.137569,0.12136,0.202422,0.172236,0.089217,0.138621,0.157616,0.148423,0.129112,0.228843,0.213091,0.166234,0.288684
sub-0101211_ses-1_run-1_task-rest_bold_cleaned,101211,Awake,26.0,9.4,1500.0,0.05256290909,0.08668601738,0.0,0.0,0.0,0.0,0.0,0.0,0.0,0.0,1.0,0.0,0.0,0.0,0.0,0.0,0.0,0.0,0.0,0.0,0.0,0.300641,0.13123,0.161511,0.094198,0.122569,0.107438,0.184629,0.139995,0.194461,0.09155,0.120177,0.200988,0.129103,0.126135,0.201656,0.170391,0.120985,0.242483
sub-0101212_ses-1_run-1_task-rest_bold_cleaned,101212,Awake,26.0,9.4,1500.0,0.0265663846,0.04302003159,0.0,0.0,0.0,0.0,0.0,0.0,0.0,0.0,1.0,0.0,0.0,0.0,0.0,0.0,0.0,0.0,0.0,0.0,0.0,0.185831,0.213502,0.251737,0.122186,0.160913,0.149424,0.130531,0.161174,0.145773,0.066308,0.155193,0.117784,0.115561,0.073036,0.103635,0.150212,0.127004,0.10455
sub-0101213_ses-1_run-1_task-rest_bold_cleaned,101213,Awake,26.0,9.4,1500.0,0.03286514928,0.05186402231,0.0,0.0,0.0,0.0,0.0,0.0,0.0,0.0,1.0,0.0,0.0,0.0,0.0,0.0,0.0,0.0,0.0,0.0,0.0,0.101218,0.08539,0.079963,0.07768,0.090647,0.082081,0.115183,0.089653,0.08642,0.047067,0.07761,0.144796,0.085723,0.063265,0.082246,0.103918,0.115776,0.066569
sub-0101214_ses-1_run-1_task-rest_bold_cleaned,101214,Awake,26.0,9.4,1500.0,0.01167503597,0.01825424846,0.0,0.0,0.0,0.0,0.0,0.0,0.0,0.0,1.0,0.0,0.0,0.0,0.0,0.0,0.0,0.0,0.0,0.0,0.0,0.104569,0.079503,0.105129,0.066923,0.097305,0.066536,0.074485,0.060128,0.08572,0.06881,0.079298,0.085557,0.076965,0.060205,0.093855,0.075982,0.097679,0.04838
sub-0101215_ses-1_run-1_task-rest_bold_cleaned,101215,Awake,26.0,9.4,1500.0,0.03017133413,0.04999687372,0.0,0.0,0.0,0.0,0.0,0.0,0.0,0.0,1.0,0.0,0.0,0.0,0.0,0.0,0.0,0.0,0.0,0.0,0.0,0.116155,0.098302,0.073683,0.069315,0.08587,0.099895,0.1034,0.08719,0.091588,0.068104,0.094743,0.139336,0.100327,0.071697,0.100823,0.113886,0.155623,0.05538
sub-0101216_ses-1_run-1_task-rest_bold_cleaned,101216,Awake,26.0,9.4,1500.0,0.04010200811,0.06084333572,0.0,0.0,0.0,0.0,0.0,0.0,0.0,0.0,1.0,0.0,0.0,0.0,0.0,0.0,0.0,0.0,0.0,0.0,0.0,0.271007,0.213974,0.208883,0.099783,0.112576,0.089154,0.10951,0.17633,0.145282,0.085341,0.154274,0.195487,0.107869,0.136901,0.173367,0.226817,0.15121,0.193381
sub-0101217_ses-1_run-1_task-rest_bold_cleaned,101217,Awake,26.0,9.4,1500.0,0.03300958897,0.04947704968,0.0,0.0,0.0,0.0,0.0,0.0,0.0,0.0,1.0,0.0,0.0,0.0,0.0,0.0,0.0,0.0,0.0,0.0,0.0,0.17695,0.126009,0.126456,0.090401,0.111863,0.090892,0.13751,0.125972,0.138944,0.084149,0.11658,0.11618,0.079502,0.072425,0.137471,0.188902,0.120595,0.080098
sub-0101218_ses-1_run-1_task-rest_bold_cleaned,101218,Awake,44.0,9.4,1500.0,0.0149274013,0.02502081504,0.0,0.0,0.0,0.0,0.0,0.0,0.0,0.0,1.0,0.0,0.0,0.0,0.0,0.0,0.0,0.0,0.0,0.0,0.0,0.092729,0.098585,0.101547,0.073356,0.064576,0.067761,0.103256,0.061342,0.090248,0.057398,0.110062,0.116346,0.076676,0.076736,0.092208,0.07849,0.085784,0.05959
sub-0101219_ses-1_run-1_task-rest_bold_cleaned,101219,Awake,44.0,9.4,1500.0,0.01358176808,0.02166639854,0.0,0.0,0.0,0.0,0.0,0.0,0.0,0.0,1.0,0.0,0.0,0.0,0.0,0.0,0.0,0.0,0.0,0.0,0.0,0.118364,0.088073,0.103428,0.081463,0.081077,0.094951,0.186012,0.072369,0.089168,0.061487,0.146768,0.097161,0.078344,0.061431,0.09284,0.080098,0.111669,0.062235
sub-0101220_ses-1_run-1_task-rest_bold_cleaned,101220,Awake,44.0,9.4,1500.0,0.01656059695,0.02590259844,0.0,0.0,0.0,0.0,0.0,0.0,0.0,0.0,1.0,0.0,0.0,0.0,0.0,0.0,0.0,0.0,0.0,0.0,0.0,0.137076,0.082947,0.09539,0.062751,0.062054,0.077915,0.138397,0.098992,0.097073,0.064329,0.11011,0.140896,0.070711,0.077285,0.115903,0.07358,0.107981,0.063863
sub-0101221_ses-1_run-1_task-rest_bold_cleaned,101221,Awake,44.0,9.4,1500.0,0.0209295641,0.03889410731,0.0,0.0,0.0,0.0,0.0,0.0,0.0,0.0,1.0,0.0,0.0,0.0,0.0,0.0,0.0,0.0,0.0,0.0,0.0,0.126638,0.095049,0.118564,0.072153,0.088603,0.094391,0.147896,0.098975,0.126944,0.069052,0.133477,0.128803,0.081524,0.078924,0.132483,0.113172,0.14784,0.096834
sub-0101222_ses-1_run-1_task-rest_bold_cleaned,101222,Awake,44.0,9.4,1500.0,0.01720304691,0.02872359543,0.0,0.0,0.0,0.0,0.0,0.0,0.0,0.0,1.0,0.0,0.0,0.0,0.0,0.0,0.0,0.0,0.0,0.0,0.0,0.159466,0.108259,0.141384,0.098897,0.097021,0.104169,0.125976,0.098907,0.090046,0.077837,0.082933,0.11209,0.078133,0.078228,0.112175,0.120586,0.11419,0.127052
sub-0101223_ses-1_run-1_task-rest_bold_cleaned,101223,Awake,44.0,9.4,1500.0,0.01318790077,0.02124503176,0.0,0.0,0.0,0.0,0.0,0.0,0.0,0.0,1.0,0.0,0.0,0.0,0.0,0.0,0.0,0.0,0.0,0.0,0.0,0.109743,0.114584,0.12047,0.085842,0.075416,0.071672,0.106976,0.068254,0.11972,0.065009,0.085932,0.114335,0.073322,0.064553,0.06519,0.068239,0.087299,0.079822
sub-0101225_ses-1_run-1_task-rest_bold_cleaned,101225,Awake,44.0,9.4,1500.0,0.01345281399,0.02213043426,0.0,0.0,0.0,0.0,0.0,0.0,0.0,0.0,1.0,0.0,0.0,0.0,0.0,0.0,0.0,0.0,0.0,0.0,0.0,0.135448,0.104437,0.112752,0.072972,0.08294,0.088668,0.087606,0.099248,0.106078,0.063471,0.101413,0.119158,0.086242,0.078359,0.089878,0.076232,0.085031,0.062911
sub-0101300_ses-1_run-1_task-rest_bold_cleaned,101300,Awake,20.0,9.4,1250.0,0.020420475,0.03930463302,0.0,0.0,0.0,0.0,0.0,0.0,0.0,0.0,1.0,0.0,1.0,0.0,0.0,0.0,0.0,0.0,0.0,0.0,1.0,0.241782,0.236481,0.212948,0.239589,0.217855,0.167548,0.149526,0.36381,0.340491,0.147128,0.210074,0.315136,0.196042,0.152116,0.212474,0.1823,0.200019,0.193409
sub-0101300_ses-1_run-2_task-rest_bold_cleaned,101300,Awake,20.0,9.4,1250.0,0.020420475,0.03930463302,0.0,0.0,0.0,0.0,0.0,0.0,0.0,0.0,1.0,0.0,1.0,0.0,0.0,0.0,0.0,0.0,0.0,0.0,1.0,0.260524,0.272528,0.207227,0.212981,0.199917,0.155836,0.184706,0.371928,0.308238,0.165165,0.227974,0.286917,0.222109,0.168436,0.237581,0.233061,0.225865,0.177652
sub-0101300_ses-1_run-3_task-rest_bold_cleaned,101300,Awake,20.0,9.4,1250.0,0.020420475,0.03930463302,0.0,0.0,0.0,0.0,0.0,0.0,0.0,0.0,1.0,0.0,1.0,0.0,0.0,0.0,0.0,0.0,0.0,0.0,1.0,0.228675,0.30434,0.241081,0.185022,0.202094,0.185069,0.166367,0.492223,0.368374,0.17053,0.226126,0.380626,0.186184,0.140854,0.257827,0.267491,0.227316,0.25576
sub-0101300_ses-1_run-4_task-rest_bold_cleaned,101300,Awake,20.0,9.4,1250.0,0.020420475,0.03930463302,0.0,0.0,0.0,0.0,0.0,0.0,0.0,0.0,1.0,0.0,1.0,0.0,0.0,0.0,0.0,0.0,0.0,0.0,1.0,0.238247,0.248282,0.213622,0.255695,0.176742,0.217101,0.184092,0.42359,0.299075,0.147269,0.260163,0.422407,0.224386,0.1934,0.228612,0.223388,0.217504,0.1809
sub-0101301_ses-1_run-1_task-rest_bold_cleaned,101301,Awake,20.0,9.4,1250.0,0.02229791429,0.04574102162,0.0,0.0,0.0,0.0,0.0,0.0,0.0,0.0,1.0,0.0,1.0,0.0,0.0,0.0,0.0,0.0,0.0,0.0,1.0,0.258093,0.233341,0.18673,0.206871,0.196296,0.202593,0.167033,0.261138,0.279016,0.158852,0.251675,0.252261,0.223756,0.15125,0.226093,0.263212,0.245435,0.206478
sub-0101301_ses-1_run-2_task-rest_bold_cleaned,101301,Awake,20.0,9.4,1250.0,0.02229791429,0.04574102162,0.0,0.0,0.0,0.0,0.0,0.0,0.0,0.0,1.0,0.0,1.0,0.0,0.0,0.0,0.0,0.0,0.0,0.0,1.0,0.362052,0.29569,0.301087,0.241814,0.157346,0.218005,0.168841,0.326966,0.337064,0.181589,0.241668,0.400476,0.219289,0.176866,0.224571,0.253462,0.226008,0.230661
sub-0101301_ses-1_run-3_task-rest_bold_cleaned,101301,Awake,20.0,9.4,1250.0,0.02229791429,0.04574102162,0.0,0.0,0.0,0.0,0.0,0.0,0.0,0.0,1.0,0.0,1.0,0.0,0.0,0.0,0.0,0.0,0.0,0.0,1.0,0.303247,0.274197,0.264265,0.321277,0.211785,0.21824,0.136238,0.421008,0.345174,0.197212,0.30421,0.37285,0.207653,0.192001,0.239684,0.252798,0.303106,0.227497
sub-0101301_ses-1_run-4_task-rest_bold_cleaned,101301,Awake,20.0,9.4,1250.0,0.02229791429,0.04574102162,0.0,0.0,0.0,0.0,0.0,0.0,0.0,0.0,1.0,0.0,1.0,0.0,0.0,0.0,0.0,0.0,0.0,0.0,1.0,0.250548,0.327995,0.284893,0.220668,0.219417,0.262637,0.1595,0.323961,0.419832,0.168975,0.275531,0.301085,0.241569,0.221866,0.229549,0.21443,0.336132,0.198196
sub-0101302_ses-1_run-1_task-rest_bold_cleaned,101302,Awake,20.0,9.4,1250.0,0.01757114986,0.03054225011,0.0,0.0,0.0,0.0,0.0,0.0,0.0,0.0,1.0,0.0,1.0,0.0,0.0,0.0,0.0,0.0,0.0,0.0,1.0,0.17077,0.238714,0.221521,0.195263,0.166649,0.16595,0.158657,0.188876,0.21326,0.140211,0.195484,0.267834,0.178853,0.155248,0.209687,0.153141,0.21005,0.158378
sub-0101302_ses-1_run-2_task-rest_bold_cleaned,101302,Awake,20.0,9.4,1250.0,0.01757114986,0.03054225011,0.0,0.0,0.0,0.0,0.0,0.0,0.0,0.0,1.0,0.0,1.0,0.0,0.0,0.0,0.0,0.0,0.0,0.0,1.0,0.248565,0.210332,0.218889,0.217176,0.206425,0.22379,0.167974,0.282623,0.281251,0.181792,0.245985,0.311994,0.192657,0.19271,0.234781,0.206349,0.225621,0.195416
sub-0101302_ses-1_run-3_task-rest_bold_cleaned,101302,Awake,20.0,9.4,1250.0,0.01757114986,0.03054225011,0.0,0.0,0.0,0.0,0.0,0.0,0.0,0.0,1.0,0.0,1.0,0.0,0.0,0.0,0.0,0.0,0.0,0.0,1.0,0.199472,0.202226,0.204237,0.184091,0.171471,0.207425,0.147044,0.310738,0.243451,0.153709,0.23511,0.32199,0.202611,0.160455,0.212921,0.190416,0.164719,0.192722
sub-0101302_ses-1_run-4_task-rest_bold_cleaned,101302,Awake,20.0,9.4,1250.0,0.01757114986,0.03054225011,0.0,0.0,0.0,0.0,0.0,0.0,0.0,0.0,1.0,0.0,1.0,0.0,0.0,0.0,0.0,0.0,0.0,0.0,1.0,0.313221,0.25203,0.247813,0.212133,0.175021,0.166102,0.143331,0.405462,0.245023,0.162045,0.253326,0.28023,0.208393,0.181529,0.222378,0.182403,0.22078,0.180272
sub-0101303_ses-1_run-1_task-rest_bold_cleaned,101303,Awake,19.0,9.4,1250.0,0.02700346135,0.05380843373,0.0,0.0,0.0,0.0,0.0,0.0,0.0,0.0,1.0,0.0,1.0,0.0,0.0,0.0,0.0,0.0,0.0,0.0,1.0,0.344604,0.220525,0.339948,0.208953,0.191242,0.187043,0.188054,0.395841,0.409236,0.122578,0.260826,0.331609,0.184163,0.144725,0.215916,0.264141,0.197725,0.314673
sub-0101303_ses-1_run-2_task-rest_bold_cleaned,101303,Awake,19.0,9.4,1250.0,0.02700346135,0.05380843373,0.0,0.0,0.0,0.0,0.0,0.0,0.0,0.0,1.0,0.0,1.0,0.0,0.0,0.0,0.0,0.0,0.0,0.0,1.0,0.324671,0.250849,0.284502,0.257918,0.176531,0.192466,0.388268,0.521461,0.34298,0.167365,0.226183,0.486826,0.200436,0.147386,0.219967,0.290162,0.202983,0.193888
sub-0101303_ses-1_run-3_task-rest_bold_cleaned,101303,Awake,19.0,9.4,1250.0,0.02700346135,0.05380843373,0.0,0.0,0.0,0.0,0.0,0.0,0.0,0.0,1.0,0.0,1.0,0.0,0.0,0.0,0.0,0.0,0.0,0.0,1.0,0.332986,0.254816,0.233783,0.229249,0.155066,0.172881,0.233062,0.483891,0.398875,0.140404,0.24219,0.452123,0.16654,0.167093,0.223292,0.220978,0.196628,0.21479
sub-0101303_ses-1_run-4_task-rest_bold_cleaned,101303,Awake,19.0,9.4,1250.0,0.02700346135,0.05380843373,0.0,0.0,0.0,0.0,0.0,0.0,0.0,0.0,1.0,0.0,1.0,0.0,0.0,0.0,0.0,0.0,0.0,0.0,1.0,0.19723,0.208982,0.215245,0.179573,0.17877,0.172105,0.19916,0.244762,0.257165,0.150828,0.219726,0.340648,0.193183,0.150899,0.246962,0.191034,0.164393,0.177725
sub-0101304_ses-1_run-1_task-rest_bold_cleaned,101304,Awake,20.0,9.4,1250.0,0.01910911679,0.03639350273,0.0,0.0,0.0,0.0,0.0,0.0,0.0,0.0,1.0,0.0,1.0,0.0,0.0,0.0,0.0,0.0,0.0,0.0,1.0,0.308758,0.210286,0.258532,0.193607,0.146857,0.15424,0.173668,0.261159,0.285982,0.138327,0.205098,0.28249,0.195366,0.180275,0.233928,0.187328,0.186113,0.151924
sub-0101304_ses-1_run-2_task-rest_bold_cleaned,101304,Awake,20.0,9.4,1250.0,0.01910911679,0.03639350273,0.0,0.0,0.0,0.0,0.0,0.0,0.0,0.0,1.0,0.0,1.0,0.0,0.0,0.0,0.0,0.0,0.0,0.0,1.0,0.428896,0.22221,0.255362,0.18672,0.186259,0.148687,0.167715,0.278476,0.368684,0.152098,0.218034,0.301525,0.172667,0.15845,0.21289,0.235567,0.220023,0.247487
sub-0101304_ses-1_run-3_task-rest_bold_cleaned,101304,Awake,20.0,9.4,1250.0,0.01910911679,0.03639350273,0.0,0.0,0.0,0.0,0.0,0.0,0.0,0.0,1.0,0.0,1.0,0.0,0.0,0.0,0.0,0.0,0.0,0.0,1.0,0.381062,0.24751,0.279367,0.198428,0.207636,0.164506,0.175495,0.266847,0.343254,0.173936,0.228692,0.256568,0.17712,0.155579,0.192474,0.1836,0.24663,0.240544
sub-0101304_ses-1_run-4_task-rest_bold_cleaned,101304,Awake,20.0,9.4,1250.0,0.01910911679,0.03639350273,0.0,0.0,0.0,0.0,0.0,0.0,0.0,0.0,1.0,0.0,1.0,0.0,0.0,0.0,0.0,0.0,0.0,0.0,1.0,0.314444,0.240722,0.241013,0.205,0.166144,0.160732,0.183946,0.263846,0.337005,0.156851,0.249756,0.27139,0.171057,0.146841,0.220708,0.211221,0.232715,0.216726
sub-0101305_ses-1_run-1_task-rest_bold_cleaned,101305,Awake,19.0,9.4,1250.0,0.02123485704,0.04037097894,0.0,0.0,0.0,0.0,0.0,0.0,0.0,0.0,1.0,0.0,1.0,0.0,0.0,0.0,0.0,0.0,0.0,0.0,1.0,0.207907,0.215428,0.180072,0.188138,0.144361,0.199588,0.187759,0.314755,0.263178,0.126049,0.279026,0.279968,0.19034,0.124563,0.203154,0.206651,0.211482,0.148452
sub-0101305_ses-1_run-2_task-rest_bold_cleaned,101305,Awake,19.0,9.4,1250.0,0.02123485704,0.04037097894,0.0,0.0,0.0,0.0,0.0,0.0,0.0,0.0,1.0,0.0,1.0,0.0,0.0,0.0,0.0,0.0,0.0,0.0,1.0,0.220632,0.200217,0.218542,0.226323,0.199109,0.169712,0.146518,0.310233,0.274037,0.145847,0.261397,0.255399,0.204529,0.160618,0.177421,0.200416,0.207652,0.192881
sub-0101305_ses-1_run-3_task-rest_bold_cleaned,101305,Awake,19.0,9.4,1250.0,0.02123485704,0.04037097894,0.0,0.0,0.0,0.0,0.0,0.0,0.0,0.0,1.0,0.0,1.0,0.0,0.0,0.0,0.0,0.0,0.0,0.0,1.0,0.214073,0.26196,0.212415,0.183184,0.200578,0.202212,0.228475,0.382433,0.285661,0.166129,0.299515,0.249234,0.161619,0.150668,0.243824,0.272574,0.203534,0.21407
sub-0101305_ses-1_run-4_task-rest_bold_cleaned,101305,Awake,19.0,9.4,1250.0,0.02123485704,0.04037097894,0.0,0.0,0.0,0.0,0.0,0.0,0.0,0.0,1.0,0.0,1.0,0.0,0.0,0.0,0.0,0.0,0.0,0.0,1.0,0.214533,0.24504,0.199638,0.200257,0.204647,0.183435,0.163903,0.308238,0.268506,0.188158,0.227438,0.392473,0.209737,0.136527,0.185345,0.231803,0.236983,0.228943
sub-0101306_ses-1_run-1_task-rest_bold_cleaned,101306,Awake,19.0,9.4,1250.0,0.01934145393,0.03777672933,0.0,0.0,0.0,0.0,0.0,0.0,0.0,0.0,1.0,0.0,1.0,0.0,0.0,0.0,0.0,0.0,0.0,0.0,1.0,0.174478,0.245155,0.245961,0.214021,0.15707,0.16736,0.142169,0.203225,0.263702,0.144768,0.19846,0.213118,0.169689,0.140852,0.187287,0.147925,0.15652,0.142387
sub-0101306_ses-1_run-2_task-rest_bold_cleaned,101306,Awake,19.0,9.4,1250.0,0.01934145393,0.03777672933,0.0,0.0,0.0,0.0,0.0,0.0,0.0,0.0,1.0,0.0,1.0,0.0,0.0,0.0,0.0,0.0,0.0,0.0,1.0,0.310322,0.261723,0.200896,0.188433,0.22152,0.171675,0.174238,0.312155,0.338099,0.152491,0.231314,0.245776,0.202166,0.187273,0.256505,0.207044,0.203857,0.183183
sub-0101306_ses-1_run-3_task-rest_bold_cleaned,101306,Awake,19.0,9.4,1250.0,0.01934145393,0.03777672933,0.0,0.0,0.0,0.0,0.0,0.0,0.0,0.0,1.0,0.0,1.0,0.0,0.0,0.0,0.0,0.0,0.0,0.0,1.0,0.216039,0.24261,0.16599,0.220011,0.190823,0.163743,0.195069,0.32157,0.270297,0.117565,0.240095,0.263512,0.195094,0.155436,0.206486,0.179871,0.189039,0.145612
sub-0101306_ses-1_run-4_task-rest_bold_cleaned,101306,Awake,19.0,9.4,1250.0,0.01934145393,0.03777672933,0.0,0.0,0.0,0.0,0.0,0.0,0.0,0.0,1.0,0.0,1.0,0.0,0.0,0.0,0.0,0.0,0.0,0.0,1.0,0.252965,0.233203,0.224899,0.22125,0.174297,0.157962,0.140017,0.383955,0.273206,0.150005,0.217274,0.240598,0.171699,0.187247,0.237547,0.279834,0.239629,0.219124
sub-0101307_ses-1_run-1_task-rest_bold_cleaned,101307,Awake,19.0,9.4,1250.0,0.01662257069,0.02962235244,0.0,0.0,0.0,0.0,0.0,0.0,0.0,0.0,1.0,0.0,1.0,0.0,0.0,0.0,0.0,0.0,0.0,0.0,1.0,0.202916,0.212866,0.201987,0.154014,0.154292,0.164162,0.159273,0.217819,0.230274,0.140987,0.243316,0.229756,0.177334,0.156365,0.207134,0.153309,0.193008,0.170597
sub-0101307_ses-1_run-2_task-rest_bold_cleaned,101307,Awake,19.0,9.4,1250.0,0.01662257069,0.02962235244,0.0,0.0,0.0,0.0,0.0,0.0,0.0,0.0,1.0,0.0,1.0,0.0,0.0,0.0,0.0,0.0,0.0,0.0,1.0,0.240074,0.235526,0.196497,0.161674,0.171733,0.169591,0.14672,0.214096,0.217141,0.096615,0.208449,0.252283,0.155351,0.160821,0.206228,0.162917,0.206351,0.16928
sub-0101307_ses-1_run-3_task-rest_bold_cleaned,101307,Awake,19.0,9.4,1250.0,0.01662257069,0.02962235244,0.0,0.0,0.0,0.0,0.0,0.0,0.0,0.0,1.0,0.0,1.0,0.0,0.0,0.0,0.0,0.0,0.0,0.0,1.0,0.31749,0.225076,0.235655,0.176513,0.142908,0.172443,0.143836,0.25574,0.268202,0.12296,0.25402,0.237573,0.192114,0.14012,0.210277,0.201617,0.19615,0.209796
sub-0101307_ses-1_run-4_task-rest_bold_cleaned,101307,Awake,19.0,9.4,1250.0,0.01662257069,0.02962235244,0.0,0.0,0.0,0.0,0.0,0.0,0.0,0.0,1.0,0.0,1.0,0.0,0.0,0.0,0.0,0.0,0.0,0.0,1.0,0.242252,0.199404,0.213845,0.137826,0.196545,0.1766,0.148173,0.18732,0.248073,0.10564,0.212908,0.222924,0.181553,0.136716,0.207756,0.166233,0.196918,0.185025
sub-0101400_ses-1_run-1_task-rest_bold_cleaned,101400,Awake,9.0,7.0,2000.0,0.006660266849,0.01067225368,0.0,0.0,0.0,0.0,0.0,0.0,0.0,1.0,0.0,0.0,0.0,0.0,0.0,0.0,0.0,0.0,0.0,0.0,1.0,0.056309,0.076095,0.090724,0.044944,0.04212,0.035967,0.069367,0.040977,0.06004,0.031745,0.047578,0.051367,0.036406,0.031226,0.039555,0.035307,0.052113,0.065187
sub-0101401_ses-1_run-1_task-rest_bold_cleaned,101401,Awake,9.0,7.0,2000.0,0.009842867436,0.01752705772,0.0,0.0,0.0,0.0,0.0,0.0,0.0,1.0,0.0,0.0,0.0,0.0,0.0,0.0,0.0,0.0,0.0,0.0,1.0,0.097898,0.076443,0.061345,0.054543,0.061826,0.053752,0.072238,0.054763,0.098005,0.04541,0.053949,0.060309,0.071793,0.07352,0.070355,0.072433,0.073135,0.085259
sub-0101402_ses-1_run-1_task-rest_bold_cleaned,101402,Awake,9.0,7.0,2000.0,0.009780741134,0.01662136172,0.0,0.0,0.0,0.0,0.0,0.0,0.0,1.0,0.0,0.0,0.0,0.0,0.0,0.0,0.0,0.0,0.0,0.0,1.0,0.102468,0.210818,0.180245,0.048331,0.084545,0.069526,0.153067,0.083205,0.104156,0.030679,0.04902,0.103711,0.069653,0.031883,0.073478,0.060044,0.113496,0.107614
sub-0101403_ses-1_run-1_task-rest_bold_cleaned,101403,Awake,9.0,7.0,2000.0,0.00904692749,0.01582242115,0.0,0.0,0.0,0.0,0.0,0.0,0.0,1.0,0.0,0.0,0.0,0.0,0.0,0.0,0.0,0.0,0.0,0.0,1.0,0.123257,0.138642,0.113824,0.102238,0.076069,0.085993,0.086594,0.11335,0.144412,0.05734,0.120076,0.149897,0.075062,0.067581,0.065424,0.060721,0.073129,0.063028
sub-0101502_ses-1_run-1_task-rest_bold_cleaned,101502,Awake,12.0,11.7,1500.0,0.03433369399,0.04475228331,0.0,0.0,0.0,0.0,0.0,1.0,0.0,0.0,0.0,0.0,0.0,0.0,0.0,0.0,0.0,0.0,0.0,0.0,0.0,0.445863,0.342344,0.364106,0.22452,0.189718,0.27138,0.440327,0.572154,0.437338,0.235303,0.390157,0.571053,0.235583,0.239839,0.201569,0.380592,0.345186,0.496902
sub-0101505_ses-1_run-1_task-rest_bold_cleaned,101505,Awake,12.0,11.7,1500.0,0.02029065801,0.02438545054,0.0,0.0,0.0,0.0,0.0,1.0,0.0,0.0,0.0,0.0,0.0,0.0,0.0,0.0,0.0,0.0,0.0,0.0,0.0,0.297678,0.385243,0.296218,0.139416,0.158046,0.189157,0.31971,0.309234,0.398266,0.13279,0.151762,0.17118,0.233102,0.15726,0.160105,0.206269,0.183002,0.147155
sub-0101600_ses-1_run-1_task-rest_bold_cleaned,101600,Awake,14.0,9.4,1500.0,0.0085296264,0.01563345033,0.0,0.0,0.0,0.0,0.0,1.0,0.0,0.0,0.0,0.0,1.0,0.0,0.0,0.0,0.0,0.0,0.0,0.0,1.0,0.091088,0.109063,0.095818,0.068375,0.067305,0.069661,0.059324,0.081443,0.091774,0.048645,0.088075,0.07538,0.050469,0.046213,0.074523,0.048491,0.059112,0.052536
sub-0101600_ses-1_run-2_task-rest_bold_cleaned,101600,Awake,14.0,9.4,1500.0,0.0085296264,0.01563345033,0.0,0.0,0.0,0.0,0.0,1.0,0.0,0.0,0.0,0.0,1.0,0.0,0.0,0.0,0.0,0.0,0.0,0.0,1.0,0.128063,0.118574,0.130252,0.081854,0.082585,0.101437,0.074237,0.112947,0.095645,0.042467,0.080149,0.094396,0.055703,0.06104,0.061735,0.053072,0.0666,0.054454
sub-0101600_ses-1_run-3_task-rest_bold_cleaned,101600,Awake,14.0,9.4,1500.0,0.0085296264,0.01563345033,0.0,0.0,0.0,0.0,0.0,1.0,0.0,0.0,0.0,0.0,1.0,0.0,0.0,0.0,0.0,0.0,0.0,0.0,1.0,0.1139,0.134263,0.174221,0.089217,0.074404,0.09027,0.077178,0.117806,0.083392,0.061711,0.088215,0.125929,0.054237,0.04749,0.059255,0.060835,0.066852,0.056768
sub-0101600_ses-1_run-4_task-rest_bold_cleaned,101600,Awake,14.0,9.4,1500.0,0.0085296264,0.01563345033,0.0,0.0,0.0,0.0,0.0,1.0,0.0,0.0,0.0,0.0,1.0,0.0,0.0,0.0,0.0,0.0,0.0,0.0,1.0,0.291879,0.182725,0.375533,0.159764,0.093521,0.248537,0.242327,0.213029,0.187956,0.094553,0.177722,0.310995,0.091864,0.078826,0.13452,0.103855,0.110437,0.066859
sub-0101601_ses-1_run-1_task-rest_bold_cleaned,101601,Awake,14.0,9.4,1500.0,0.00798554686,0.01427424583,0.0,0.0,0.0,0.0,0.0,1.0,0.0,0.0,0.0,0.0,1.0,0.0,0.0,0.0,0.0,0.0,0.0,0.0,1.0,0.127637,0.08743,0.112206,0.099442,0.063626,0.088055,0.060144,0.222646,0.121664,0.05681,0.107634,0.113131,0.063603,0.06569,0.081623,0.089723,0.07676,0.068583
sub-0101601_ses-1_run-2_task-rest_bold_cleaned,101601,Awake,14.0,9.4,1500.0,0.00798554686,0.01427424583,0.0,0.0,0.0,0.0,0.0,1.0,0.0,0.0,0.0,0.0,1.0,0.0,0.0,0.0,0.0,0.0,0.0,0.0,1.0,0.230668,0.150809,0.138446,0.124292,0.088439,0.104746,0.233127,0.380232,0.149525,0.114051,0.14557,0.236747,0.097712,0.089964,0.123068,0.125114,0.141925,0.184881
sub-0101602_ses-1_run-1_task-rest_bold_cleaned,101602,Awake,18.0,9.4,1500.0,0.01010475137,0.01779224009,0.0,0.0,0.0,0.0,0.0,1.0,0.0,0.0,0.0,0.0,1.0,0.0,0.0,0.0,0.0,0.0,0.0,0.0,1.0,0.069694,0.08319,0.10526,0.066017,0.080464,0.056539,0.053656,0.172654,0.073295,0.054108,0.087327,0.108577,0.047712,0.041903,0.055583,0.066678,0.062636,0.087862
sub-0101602_ses-1_run-2_task-rest_bold_cleaned,101602,Awake,18.0,9.4,1500.0,0.01010475137,0.01779224009,0.0,0.0,0.0,0.0,0.0,1.0,0.0,0.0,0.0,0.0,1.0,0.0,0.0,0.0,0.0,0.0,0.0,0.0,1.0,0.1422,0.120475,0.122647,0.11055,0.059511,0.082091,0.131844,0.137045,0.126027,0.074823,0.120201,0.139916,0.065379,0.0647,0.091051,0.16005,0.10337,0.100609
sub-0101602_ses-1_run-3_task-rest_bold_cleaned,101602,Awake,18.0,9.4,1500.0,0.01010475137,0.01779224009,0.0,0.0,0.0,0.0,0.0,1.0,0.0,0.0,0.0,0.0,1.0,0.0,0.0,0.0,0.0,0.0,0.0,0.0,1.0,0.15538,0.16598,0.135045,0.137044,0.083801,0.103551,0.13773,0.231591,0.114596,0.0708,0.156949,0.177844,0.078474,0.060818,0.122832,0.125609,0.097637,0.14068
sub-0101602_ses-1_run-4_task-rest_bold_cleaned,101602,Awake,18.0,9.4,1500.0,0.01010475137,0.01779224009,0.0,0.0,0.0,0.0,0.0,1.0,0.0,0.0,0.0,0.0,1.0,0.0,0.0,0.0,0.0,0.0,0.0,0.0,1.0,0.15707,0.146097,0.144737,0.116733,0.090472,0.091276,0.150035,0.210097,0.128141,0.067257,0.129645,0.18498,0.068671,0.079119,0.126388,0.133314,0.113945,0.169663
sub-0101603_ses-1_run-1_task-rest_bold_cleaned,101603,Awake,18.0,9.4,1500.0,0.01057308112,0.01987806458,0.0,0.0,0.0,0.0,0.0,1.0,0.0,0.0,0.0,0.0,1.0,0.0,0.0,0.0,0.0,0.0,0.0,0.0,1.0,0.143867,0.114764,0.108038,0.072538,0.059562,0.095232,0.161824,0.474385,0.09956,0.101509,0.124252,0.125128,0.074639,0.055987,0.071296,0.158816,0.072966,0.07566
sub-0101603_ses-1_run-2_task-rest_bold_cleaned,101603,Awake,18.0,9.4,1500.0,0.01057308112,0.01987806458,0.0,0.0,0.0,0.0,0.0,1.0,0.0,0.0,0.0,0.0,1.0,0.0,0.0,0.0,0.0,0.0,0.0,0.0,1.0,0.215144,0.168742,0.19499,0.134934,0.117535,0.151289,0.248296,0.413772,0.1293,0.105568,0.238531,0.168802,0.086389,0.06938,0.097221,0.159612,0.135826,0.085115
sub-0101603_ses-1_run-3_task-rest_bold_cleaned,101603,Awake,18.0,9.4,1500.0,0.01057308112,0.01987806458,0.0,0.0,0.0,0.0,0.0,1.0,0.0,0.0,0.0,0.0,1.0,0.0,0.0,0.0,0.0,0.0,0.0,0.0,1.0,0.237463,0.172926,0.139721,0.142016,0.1335,0.187495,0.246872,0.56533,0.181958,0.136613,0.208921,0.270073,0.12761,0.088621,0.153433,0.253982,0.125137,0.09965
sub-0101603_ses-1_run-4_task-rest_bold_cleaned,101603,Awake,18.0,9.4,1500.0,0.01057308112,0.01987806458,0.0,0.0,0.0,0.0,0.0,1.0,0.0,0.0,0.0,0.0,1.0,0.0,0.0,0.0,0.0,0.0,0.0,0.0,1.0,0.283222,0.16114,0.17038,0.143672,0.117995,0.233558,0.277253,0.776955,0.192085,0.139007,0.204363,0.228451,0.150203,0.081633,0.143807,0.247646,0.147229,0.078353
sub-0101604_ses-1_run-1_task-rest_bold_cleaned,101604,Awake,18.0,9.4,1500.0,0.00726722227,0.01340225386,0.0,0.0,0.0,0.0,0.0,1.0,0.0,0.0,0.0,0.0,1.0,0.0,0.0,0.0,0.0,0.0,0.0,0.0,1.0,0.108686,0.065833,0.111344,0.058395,0.076083,0.049855,0.068607,0.287952,0.11278,0.04127,0.089671,0.084019,0.044259,0.051373,0.057946,0.104627,0.055536,0.041966
sub-0101604_ses-1_run-2_task-rest_bold_cleaned,101604,Awake,18.0,9.4,1500.0,0.00726722227,0.01340225386,0.0,0.0,0.0,0.0,0.0,1.0,0.0,0.0,0.0,0.0,1.0,0.0,0.0,0.0,0.0,0.0,0.0,0.0,1.0,0.24813,0.10566,0.142052,0.11751,0.099105,0.102515,0.175554,0.553631,0.137339,0.082474,0.142353,0.116298,0.080845,0.080501,0.115483,0.34585,0.118846,0.066754
sub-0101604_ses-1_run-3_task-rest_bold_cleaned,101604,Awake,18.0,9.4,1500.0,0.00726722227,0.01340225386,0.0,0.0,0.0,0.0,0.0,1.0,0.0,0.0,0.0,0.0,1.0,0.0,0.0,0.0,0.0,0.0,0.0,0.0,1.0,0.235878,0.1079,0.147134,0.138495,0.141096,0.158065,0.241381,0.616128,0.16067,0.105384,0.153074,0.194804,0.079084,0.077609,0.126563,0.278996,0.204095,0.06618
sub-0101604_ses-1_run-4_task-rest_bold_cleaned,101604,Awake,18.0,9.4,1500.0,0.00726722227,0.01340225386,0.0,0.0,0.0,0.0,0.0,1.0,0.0,0.0,0.0,0.0,1.0,0.0,0.0,0.0,0.0,0.0,0.0,0.0,1.0,0.258239,0.15378,0.165198,0.118416,0.157686,0.184652,0.367113,0.648609,0.176148,0.072043,0.161582,0.209945,0.080177,0.123401,0.186779,0.442344,0.246719,0.094589
sub-0101605_ses-1_run-1_task-rest_bold_cleaned,101605,Awake,19.0,9.4,1500.0,0.01087441879,0.01812518913,0.0,0.0,0.0,0.0,0.0,1.0,0.0,0.0,0.0,0.0,1.0,0.0,0.0,0.0,0.0,0.0,0.0,0.0,1.0,0.170501,0.131735,0.152202,0.113276,0.122697,0.103033,0.140157,0.344991,0.105158,0.097124,0.106235,0.146548,0.070896,0.076745,0.125224,0.087579,0.085809,0.066852
sub-0101605_ses-1_run-2_task-rest_bold_cleaned,101605,Awake,19.0,9.4,1500.0,0.01087441879,0.01812518913,0.0,0.0,0.0,0.0,0.0,1.0,0.0,0.0,0.0,0.0,1.0,0.0,0.0,0.0,0.0,0.0,0.0,0.0,1.0,0.234969,0.124719,0.168957,0.119008,0.087293,0.109826,0.158902,0.375329,0.149434,0.088992,0.142678,0.1415,0.063547,0.125232,0.139131,0.13299,0.099931,0.072253
sub-0101605_ses-1_run-3_task-rest_bold_cleaned,101605,Awake,19.0,9.4,1500.0,0.01087441879,0.01812518913,0.0,0.0,0.0,0.0,0.0,1.0,0.0,0.0,0.0,0.0,1.0,0.0,0.0,0.0,0.0,0.0,0.0,0.0,1.0,0.185012,0.182552,0.181759,0.169248,0.117706,0.152929,0.249769,0.358698,0.146153,0.144607,0.210626,0.160616,0.093862,0.095281,0.19416,0.199796,0.148497,0.103294
sub-0101605_ses-1_run-4_task-rest_bold_cleaned,101605,Awake,19.0,9.4,1500.0,0.01087441879,0.01812518913,0.0,0.0,0.0,0.0,0.0,1.0,0.0,0.0,0.0,0.0,1.0,0.0,0.0,0.0,0.0,0.0,0.0,0.0,1.0,0.216806,0.194394,0.19817,0.175736,0.121762,0.167112,0.267378,0.439385,0.185016,0.124364,0.207751,0.21745,0.091348,0.148334,0.205437,0.208094,0.145077,0.106322
sub-0101606_ses-1_run-1_task-rest_bold_cleaned,101606,Awake,16.0,9.4,1500.0,0.006917208581,0.01126460609,0.0,0.0,0.0,0.0,0.0,1.0,0.0,0.0,0.0,0.0,1.0,0.0,0.0,0.0,0.0,0.0,0.0,0.0,1.0,0.072854,0.093503,0.115097,0.076509,0.081649,0.05919,0.068374,0.142699,0.08223,0.046229,0.106467,0.098952,0.055548,0.054122,0.06147,0.058672,0.061812,0.066975
sub-0101606_ses-1_run-2_task-rest_bold_cleaned,101606,Awake,16.0,9.4,1500.0,0.006917208581,0.01126460609,0.0,0.0,0.0,0.0,0.0,1.0,0.0,0.0,0.0,0.0,1.0,0.0,0.0,0.0,0.0,0.0,0.0,0.0,1.0,0.085643,0.10327,0.131491,0.093623,0.103494,0.096476,0.098854,0.15003,0.081186,0.062539,0.109941,0.104551,0.053396,0.052074,0.073233,0.06472,0.059284,0.057095
sub-0101606_ses-1_run-3_task-rest_bold_cleaned,101606,Awake,16.0,9.4,1500.0,0.006917208581,0.01126460609,0.0,0.0,0.0,0.0,0.0,1.0,0.0,0.0,0.0,0.0,1.0,0.0,0.0,0.0,0.0,0.0,0.0,0.0,1.0,0.110277,0.118797,0.136653,0.098847,0.143752,0.141655,0.120252,0.270766,0.084789,0.092667,0.154706,0.237264,0.070355,0.066986,0.075032,0.068866,0.076071,0.067384
sub-0101606_ses-1_run-4_task-rest_bold_cleaned,101606,Awake,16.0,9.4,1500.0,0.006917208581,0.01126460609,0.0,0.0,0.0,0.0,0.0,1.0,0.0,0.0,0.0,0.0,1.0,0.0,0.0,0.0,0.0,0.0,0.0,0.0,1.0,0.134295,0.09563,0.130895,0.105575,0.113111,0.178592,0.151507,0.286995,0.121657,0.079082,0.203221,0.208801,0.056472,0.078793,0.096696,0.069621,0.092665,0.087711
sub-0300100_ses-1_run-1_task-rest_bold_cleaned,300100,Awake,12.0,9.4,2500.0,0.02950568869,0.04959870291,1.0,0.0,0.0,0.0,0.0,1.0,0.0,0.0,1.0,0.0,1.0,0.0,0.0,0.0,0.0,0.0,0.0,0.0,0.0,0.122661,0.056709,0.044805,0.067346,0.061115,0.031894,0.111445,0.09779,0.164087,0.036919,0.197054,0.06959,0.048503,0.06564,0.09608,0.102754,0.030142,0.054741
sub-0300100_ses-1_run-2_task-rest_bold_cleaned,300100,Awake,12.0,9.4,2500.0,0.02950568869,0.04959870291,1.0,0.0,0.0,0.0,0.0,1.0,0.0,0.0,1.0,0.0,1.0,0.0,0.0,0.0,0.0,0.0,0.0,0.0,0.0,0.057019,0.021977,0.016083,0.028417,0.051361,0.005105,0.027217,0.044925,0.041964,0.023536,0.050043,0.084103,0.03756,0.016779,0.046606,0.049113,0.028871,0.041017
sub-0300100_ses-1_run-3_task-rest_bold_cleaned,300100,Awake,12.0,9.4,2500.0,0.02950568869,0.04959870291,1.0,0.0,0.0,0.0,0.0,1.0,0.0,0.0,1.0,0.0,1.0,0.0,0.0,0.0,0.0,0.0,0.0,0.0,0.0,0.167863,0.140834,0.093667,0.103904,0.074135,0.059434,0.080375,0.031805,0.057415,0.049601,0.131239,0.086785,0.04488,0.097046,0.168721,0.062466,0.052718,0.165288
sub-0300100_ses-1_run-4_task-rest_bold_cleaned,300100,Awake,12.0,9.4,2500.0,0.02950568869,0.04959870291,1.0,0.0,0.0,0.0,0.0,1.0,0.0,0.0,1.0,0.0,1.0,0.0,0.0,0.0,0.0,0.0,0.0,0.0,0.0,0.114821,0.048012,0.055348,0.063254,0.018809,0.022888,0.1219,0.09496,0.002941,0.093486,0.122953,0.0808,0.057083,0.066766,0.044492,0.086619,0.06812,0.07823
sub-0300100_ses-2_run-1_task-rest_bold_cleaned,300100,Awake,12.0,9.4,2500.0,0.03129793308,0.05107338576,1.0,0.0,0.0,0.0,0.0,1.0,0.0,0.0,1.0,0.0,1.0,0.0,0.0,0.0,0.0,0.0,0.0,0.0,0.0,0.038986,0.045967,0.035034,0.120933,0.033069,0.045278,0.04331,0.032941,0.090098,0.008928,0.062882,0.043962,0.015025,0.01594,0.079039,0.100364,0.065392,0.012229
sub-0300100_ses-2_run-2_task-rest_bold_cleaned,300100,Awake,12.0,9.4,2500.0,0.03129793308,0.05107338576,1.0,0.0,0.0,0.0,0.0,1.0,0.0,0.0,1.0,0.0,1.0,0.0,0.0,0.0,0.0,0.0,0.0,0.0,0.0,0.074966,0.043153,0.044387,0.036196,0.015102,0.036275,0.056757,0.048211,0.029226,0.026839,0.035641,0.038417,0.022201,0.025865,0.031957,0.034744,5.2e-05,0.043458
sub-0300100_ses-2_run-3_task-rest_bold_cleaned,300100,Awake,12.0,9.4,2500.0,0.03129793308,0.05107338576,1.0,0.0,0.0,0.0,0.0,1.0,0.0,0.0,1.0,0.0,1.0,0.0,0.0,0.0,0.0,0.0,0.0,0.0,0.0,0.043616,0.056075,0.058069,0.031254,0.087949,0.029249,0.073202,0.027417,0.073951,0.059459,0.129354,0.040919,0.083341,0.050733,0.090344,0.049081,0.032027,0.041417
sub-0300100_ses-2_run-4_task-rest_bold_cleaned,300100,Awake,12.0,9.4,2500.0,0.03129793308,0.05107338576,1.0,0.0,0.0,0.0,0.0,1.0,0.0,0.0,1.0,0.0,1.0,0.0,0.0,0.0,0.0,0.0,0.0,0.0,0.0,0.082925,0.056021,0.007398,0.093161,0.080391,0.00458,0.051077,0.010609,0.067318,0.032274,0.030305,0.023658,0.04034,0.014928,0.039199,0.050588,0.046216,0.001484
sub-0300100_ses-3_run-1_task-rest_bold_cleaned,300100,Awake,12.0,9.4,2500.0,0.02979725158,0.04710964137,1.0,0.0,0.0,0.0,0.0,1.0,0.0,0.0,1.0,0.0,1.0,0.0,0.0,0.0,0.0,0.0,0.0,0.0,0.0,0.035615,0.072416,0.136222,0.034571,0.053513,0.137171,0.025366,0.052533,0.064163,0.056104,0.030584,0.050242,0.061071,0.001981,0.034096,0.022588,0.022035,0.072957
sub-0300100_ses-3_run-2_task-rest_bold_cleaned,300100,Awake,12.0,9.4,2500.0,0.02979725158,0.04710964137,1.0,0.0,0.0,0.0,0.0,1.0,0.0,0.0,1.0,0.0,1.0,0.0,0.0,0.0,0.0,0.0,0.0,0.0,0.0,0.136641,0.05965,0.05267,0.050671,0.043089,0.065003,0.071269,0.010124,0.03222,0.042646,0.023512,0.045794,0.015707,0.015924,0.041561,0.027786,0.064099,0.077312
sub-0300100_ses-3_run-3_task-rest_bold_cleaned,300100,Awake,12.0,9.4,2500.0,0.02979725158,0.04710964137,1.0,0.0,0.0,0.0,0.0,1.0,0.0,0.0,1.0,0.0,1.0,0.0,0.0,0.0,0.0,0.0,0.0,0.0,0.0,0.060054,0.031336,0.090891,0.056451,0.075716,0.016954,0.128501,0.029415,0.028055,0.054094,0.085999,0.050524,0.031144,0.076598,0.016924,0.083663,0.057089,0.029658
sub-0300100_ses-3_run-4_task-rest_bold_cleaned,300100,Awake,12.0,9.4,2500.0,0.02979725158,0.04710964137,1.0,0.0,0.0,0.0,0.0,1.0,0.0,0.0,1.0,0.0,1.0,0.0,0.0,0.0,0.0,0.0,0.0,0.0,0.0,0.10898,0.049351,0.039451,0.064552,0.054958,0.03702,0.053301,0.063092,0.0323,0.052184,0.062652,0.061972,0.025297,0.042391,0.046748,0.036365,0.036387,0.021833
sub-0300100_ses-4_run-1_task-rest_bold_cleaned,300100,Awake,12.0,9.4,2500.0,0.03658420863,0.06388189458,1.0,0.0,0.0,0.0,0.0,1.0,0.0,0.0,1.0,0.0,1.0,0.0,0.0,0.0,0.0,0.0,0.0,0.0,0.0,0.057707,0.038605,0.090923,0.122623,0.178184,0.032108,0.02032,0.046779,0.02648,0.0777,0.036766,0.069288,0.105635,0.02149,0.094765,0.156592,0.046017,0.010452
sub-0300100_ses-4_run-2_task-rest_bold_cleaned,300100,Awake,12.0,9.4,2500.0,0.03658420863,0.06388189458,1.0,0.0,0.0,0.0,0.0,1.0,0.0,0.0,1.0,0.0,1.0,0.0,0.0,0.0,0.0,0.0,0.0,0.0,0.0,0.014005,0.052201,0.039292,0.03336,0.00136,0.015425,0.07439,0.02986,0.019326,0.014195,0.036962,0.058491,0.037205,0.019254,0.02633,0.017881,0.022213,0.019199
sub-0300100_ses-4_run-3_task-rest_bold_cleaned,300100,Awake,12.0,9.4,2500.0,0.03658420863,0.06388189458,1.0,0.0,0.0,0.0,0.0,1.0,0.0,0.0,1.0,0.0,1.0,0.0,0.0,0.0,0.0,0.0,0.0,0.0,0.0,0.074066,0.083736,0.033624,0.021367,0.008306,0.016472,0.042708,0.02111,0.019794,0.080526,0.049832,0.090846,0.039878,0.059141,0.083754,0.036777,0.059484,0.024743
sub-0300100_ses-4_run-4_task-rest_bold_cleaned,300100,Awake,12.0,9.4,2500.0,0.03658420863,0.06388189458,1.0,0.0,0.0,0.0,0.0,1.0,0.0,0.0,1.0,0.0,1.0,0.0,0.0,0.0,0.0,0.0,0.0,0.0,0.0,0.075305,0.023794,0.061844,0.063288,0.041038,0.020059,0.073847,0.029897,0.072712,0.017379,0.044986,0.069716,0.039753,0.053386,0.036403,0.038,0.018806,0.062332
sub-0300100_ses-5_run-1_task-rest_bold_cleaned,300100,Awake,12.0,9.4,2500.0,0.02314005439,0.04154425252,1.0,0.0,0.0,0.0,0.0,1.0,0.0,0.0,1.0,0.0,1.0,0.0,0.0,0.0,0.0,0.0,0.0,0.0,0.0,0.06325,0.031361,0.080621,0.029523,0.036515,0.028023,0.03926,0.068675,0.033884,0.018108,0.040166,0.064298,0.047264,0.034773,0.088476,0.051411,0.035351,-0.005878
sub-0300100_ses-5_run-2_task-rest_bold_cleaned,300100,Awake,12.0,9.4,2500.0,0.02314005439,0.04154425252,1.0,0.0,0.0,0.0,0.0,1.0,0.0,0.0,1.0,0.0,1.0,0.0,0.0,0.0,0.0,0.0,0.0,0.0,0.0,0.067149,0.063973,0.030734,0.007483,-0.000242,0.020523,0.017544,0.039517,0.034702,0.021221,0.03505,0.063498,0.016454,0.026107,0.046023,0.044714,0.044904,0.011967
sub-0300100_ses-5_run-3_task-rest_bold_cleaned,300100,Awake,12.0,9.4,2500.0,0.02314005439,0.04154425252,1.0,0.0,0.0,0.0,0.0,1.0,0.0,0.0,1.0,0.0,1.0,0.0,0.0,0.0,0.0,0.0,0.0,0.0,0.0,0.121544,0.03736,0.028269,0.056292,0.061743,0.059059,0.03283,0.045005,0.03842,0.041306,0.062739,0.154293,0.028196,0.036642,0.039819,0.06883,0.037874,0.034655
sub-0300100_ses-5_run-4_task-rest_bold_cleaned,300100,Awake,12.0,9.4,2500.0,0.02314005439,0.04154425252,1.0,0.0,0.0,0.0,0.0,1.0,0.0,0.0,1.0,0.0,1.0,0.0,0.0,0.0,0.0,0.0,0.0,0.0,0.0,0.052699,0.032593,0.057134,0.056944,0.081658,0.085323,0.052445,0.072621,0.049603,0.014172,0.005685,0.035596,0.035447,0.028597,0.05737,0.063583,0.03442,0.061413
sub-0300101_ses-2_run-1_task-rest_bold_cleaned,300101,Awake,12.0,9.4,2500.0,0.06061426346,0.1010916988,1.0,0.0,0.0,0.0,0.0,1.0,0.0,0.0,1.0,0.0,1.0,0.0,0.0,0.0,0.0,0.0,0.0,0.0,0.0,0.062498,0.100937,0.084152,0.182684,0.060679,0.087125,0.05482,0.071842,0.070662,0.027945,0.099504,0.059591,0.004542,0.048711,0.05361,0.095738,0.080307,0.093892
sub-0300101_ses-2_run-2_task-rest_bold_cleaned,300101,Awake,12.0,9.4,2500.0,0.06061426346,0.1010916988,1.0,0.0,0.0,0.0,0.0,1.0,0.0,0.0,1.0,0.0,1.0,0.0,0.0,0.0,0.0,0.0,0.0,0.0,0.0,0.043402,0.052206,0.054703,0.044141,0.016175,0.040784,0.036261,0.024623,0.03006,0.028684,0.049759,0.037513,0.04399,0.020886,0.058311,0.028642,0.038647,0.062601
sub-0300101_ses-2_run-3_task-rest_bold_cleaned,300101,Awake,12.0,9.4,2500.0,0.06061426346,0.1010916988,1.0,0.0,0.0,0.0,0.0,1.0,0.0,0.0,1.0,0.0,1.0,0.0,0.0,0.0,0.0,0.0,0.0,0.0,0.0,0.070971,0.063907,0.01857,0.059116,0.055926,0.026163,0.103551,0.050641,0.133881,0.08227,0.043548,0.040551,0.043815,0.037036,0.102922,0.045854,0.097041,0.062928
sub-0300101_ses-2_run-4_task-rest_bold_cleaned,300101,Awake,12.0,9.4,2500.0,0.06061426346,0.1010916988,1.0,0.0,0.0,0.0,0.0,1.0,0.0,0.0,1.0,0.0,1.0,0.0,0.0,0.0,0.0,0.0,0.0,0.0,0.0,0.07579,0.131728,0.061749,0.109387,0.124562,0.151377,0.173648,0.067713,0.083686,0.040817,0.255779,0.099201,0.098019,0.069127,0.108981,0.023069,0.039405,0.106112
sub-0300101_ses-3_run-1_task-rest_bold_cleaned,300101,Awake,12.0,9.4,2500.0,0.04063676504,0.06804706687,1.0,0.0,0.0,0.0,0.0,1.0,0.0,0.0,1.0,0.0,1.0,0.0,0.0,0.0,0.0,0.0,0.0,0.0,0.0,0.162242,0.078817,0.061744,0.100582,0.150286,0.058103,0.084068,0.073917,0.085585,0.016519,0.042492,0.033965,0.034082,0.04821,0.070505,0.019302,0.149512,0.032433
sub-0300101_ses-3_run-2_task-rest_bold_cleaned,300101,Awake,12.0,9.4,2500.0,0.04063676504,0.06804706687,1.0,0.0,0.0,0.0,0.0,1.0,0.0,0.0,1.0,0.0,1.0,0.0,0.0,0.0,0.0,0.0,0.0,0.0,0.0,0.167549,0.102483,0.034914,0.012948,0.046128,0.025753,0.085624,0.100866,0.197657,0.051802,0.109845,0.033403,0.036474,0.094844,0.024254,0.056952,0.106373,0.027882
sub-0300101_ses-3_run-3_task-rest_bold_cleaned,300101,Awake,12.0,9.4,2500.0,0.04063676504,0.06804706687,1.0,0.0,0.0,0.0,0.0,1.0,0.0,0.0,1.0,0.0,1.0,0.0,0.0,0.0,0.0,0.0,0.0,0.0,0.0,0.150861,0.044107,0.073852,0.168654,0.01567,0.032077,0.131639,0.05054,0.039753,0.078287,0.057776,0.063512,0.101247,0.066955,0.107791,0.095351,0.06502,0.033027
sub-0300101_ses-3_run-4_task-rest_bold_cleaned,300101,Awake,12.0,9.4,2500.0,0.04063676504,0.06804706687,1.0,0.0,0.0,0.0,0.0,1.0,0.0,0.0,1.0,0.0,1.0,0.0,0.0,0.0,0.0,0.0,0.0,0.0,0.0,0.135537,0.116125,0.042597,-0.004845,0.176491,0.03348,0.289204,0.197683,0.1475,0.050769,0.01447,0.205833,0.018853,0.041749,0.160888,0.295006,0.047968,0.032545
sub-0300101_ses-4_run-1_task-rest_bold_cleaned,300101,Awake,12.0,9.4,2500.0,0.03747200757,0.06134258428,1.0,0.0,0.0,0.0,0.0,1.0,0.0,0.0,1.0,0.0,1.0,0.0,0.0,0.0,0.0,0.0,0.0,0.0,0.0,0.04394,0.050615,0.05478,0.014683,0.005818,0.060608,0.079974,0.095001,0.05637,-0.001857,0.106157,0.05933,0.069913,0.052287,0.043209,0.070858,0.024565,0.040971
sub-0300101_ses-4_run-2_task-rest_bold_cleaned,300101,Awake,12.0,9.4,2500.0,0.03747200757,0.06134258428,1.0,0.0,0.0,0.0,0.0,1.0,0.0,0.0,1.0,0.0,1.0,0.0,0.0,0.0,0.0,0.0,0.0,0.0,0.0,0.051094,0.06865,0.110331,0.085807,0.010736,0.02818,0.099627,0.083844,0.041964,0.008555,0.035347,0.072657,0.063826,0.031049,0.01435,0.01931,0.035531,0.019168
sub-0300101_ses-4_run-3_task-rest_bold_cleaned,300101,Awake,12.0,9.4,2500.0,0.03747200757,0.06134258428,1.0,0.0,0.0,0.0,0.0,1.0,0.0,0.0,1.0,0.0,1.0,0.0,0.0,0.0,0.0,0.0,0.0,0.0,0.0,0.070123,0.14341,0.056249,0.113215,0.039007,0.127783,0.074581,0.06045,0.018529,-0.008754,0.069014,0.033809,0.125342,0.097246,0.010884,0.050477,0.094542,0.056086
sub-0300101_ses-4_run-4_task-rest_bold_cleaned,300101,Awake,12.0,9.4,2500.0,0.03747200757,0.06134258428,1.0,0.0,0.0,0.0,0.0,1.0,0.0,0.0,1.0,0.0,1.0,0.0,0.0,0.0,0.0,0.0,0.0,0.0,0.0,0.040067,0.05289,0.055283,0.040655,0.043808,0.051015,0.040294,0.025112,0.020671,0.050908,0.024564,0.069359,0.064446,0.023916,0.056775,0.039426,0.038686,0.009522
sub-0300101_ses-5_run-1_task-rest_bold_cleaned,300101,Awake,12.0,9.4,2500.0,0.03005570471,0.05149860916,1.0,0.0,0.0,0.0,0.0,1.0,0.0,0.0,1.0,0.0,1.0,0.0,0.0,0.0,0.0,0.0,0.0,0.0,0.0,0.042411,0.073619,0.040456,0.026115,0.062607,0.032283,0.035234,0.05013,0.073234,0.014169,0.08691,0.034211,0.039498,0.026715,0.062776,0.043709,0.006899,0.067037
sub-0300101_ses-5_run-2_task-rest_bold_cleaned,300101,Awake,12.0,9.4,2500.0,0.03005570471,0.05149860916,1.0,0.0,0.0,0.0,0.0,1.0,0.0,0.0,1.0,0.0,1.0,0.0,0.0,0.0,0.0,0.0,0.0,0.0,0.0,0.078265,0.038502,0.052998,0.038201,0.035144,0.013913,0.015804,0.017449,0.027,0.018394,0.106515,0.037897,0.045321,0.043612,0.027527,0.049988,0.053237,0.026267
sub-0300101_ses-5_run-3_task-rest_bold_cleaned,300101,Awake,12.0,9.4,2500.0,0.03005570471,0.05149860916,1.0,0.0,0.0,0.0,0.0,1.0,0.0,0.0,1.0,0.0,1.0,0.0,0.0,0.0,0.0,0.0,0.0,0.0,0.0,0.062245,0.085195,0.05971,0.130998,0.064044,0.072067,0.112705,0.080094,0.095509,0.012631,0.022762,0.060858,0.022128,0.057077,0.116248,0.123506,0.049879,0.045827
sub-0300101_ses-5_run-4_task-rest_bold_cleaned,300101,Awake,12.0,9.4,2500.0,0.03005570471,0.05149860916,1.0,0.0,0.0,0.0,0.0,1.0,0.0,0.0,1.0,0.0,1.0,0.0,0.0,0.0,0.0,0.0,0.0,0.0,0.0,0.050802,0.11861,0.030569,0.035945,0.025548,0.023461,0.048202,0.027334,0.063582,0.029672,0.107275,0.030768,0.051687,0.100782,0.056313,0.048741,0.057908,0.023229
sub-0300101_ses-6_run-1_task-rest_bold_cleaned,300101,Awake,12.0,9.4,2500.0,0.03200894176,0.05190139397,1.0,0.0,0.0,0.0,0.0,1.0,0.0,0.0,1.0,0.0,1.0,0.0,0.0,0.0,0.0,0.0,0.0,0.0,0.0,0.067316,0.075364,0.023582,0.079895,0.052839,0.03349,0.094414,0.024735,0.068648,0.067847,0.039869,0.078956,0.049916,0.071527,0.064881,0.061455,0.058132,0.054173
sub-0300101_ses-6_run-2_task-rest_bold_cleaned,300101,Awake,12.0,9.4,2500.0,0.03200894176,0.05190139397,1.0,0.0,0.0,0.0,0.0,1.0,0.0,0.0,1.0,0.0,1.0,0.0,0.0,0.0,0.0,0.0,0.0,0.0,0.0,0.097189,0.027453,0.067978,0.100281,0.073822,0.071578,0.155963,0.040595,0.067376,0.070113,0.086927,0.02921,0.128219,0.019688,0.114039,0.066755,0.008718,0.015994
sub-0300101_ses-6_run-3_task-rest_bold_cleaned,300101,Awake,12.0,9.4,2500.0,0.03200894176,0.05190139397,1.0,0.0,0.0,0.0,0.0,1.0,0.0,0.0,1.0,0.0,1.0,0.0,0.0,0.0,0.0,0.0,0.0,0.0,0.0,0.062922,0.051587,0.06284,0.020258,-0.000366,0.052471,0.045693,0.033599,0.016795,0.031569,0.054704,0.037392,0.011116,0.020778,0.02585,0.117699,0.040468,0.026874
sub-0300101_ses-6_run-4_task-rest_bold_cleaned,300101,Awake,12.0,9.4,2500.0,0.03200894176,0.05190139397,1.0,0.0,0.0,0.0,0.0,1.0,0.0,0.0,1.0,0.0,1.0,0.0,0.0,0.0,0.0,0.0,0.0,0.0,0.0,0.064584,0.055018,0.001993,0.054611,0.023486,0.018124,0.119814,0.03555,0.086187,0.037922,0.084454,0.035931,0.040212,0.008925,0.054866,0.03913,0.012476,0.053167
sub-0300102_ses-2_run-1_task-rest_bold_cleaned,300102,Awake,12.0,9.4,2500.0,0.04419642796,0.07189107005,1.0,0.0,0.0,0.0,0.0,1.0,0.0,0.0,1.0,0.0,1.0,0.0,0.0,0.0,0.0,0.0,0.0,0.0,0.0,0.08022,0.042057,0.028834,0.069232,0.034406,0.023838,0.112942,0.029402,0.0323,0.053408,0.023863,0.050141,0.025742,0.106128,0.107874,0.086492,0.047137,0.087053
sub-0300102_ses-2_run-2_task-rest_bold_cleaned,300102,Awake,12.0,9.4,2500.0,0.04419642796,0.07189107005,1.0,0.0,0.0,0.0,0.0,1.0,0.0,0.0,1.0,0.0,1.0,0.0,0.0,0.0,0.0,0.0,0.0,0.0,0.0,0.09758,0.089783,0.025514,0.026491,0.0288,0.05158,0.080343,0.066192,0.038292,0.018765,0.042887,0.031211,0.042326,0.03901,0.054847,0.039984,0.055096,0.041472
sub-0300102_ses-2_run-3_task-rest_bold_cleaned,300102,Awake,12.0,9.4,2500.0,0.04419642796,0.07189107005,1.0,0.0,0.0,0.0,0.0,1.0,0.0,0.0,1.0,0.0,1.0,0.0,0.0,0.0,0.0,0.0,0.0,0.0,0.0,0.062466,0.036493,0.13964,0.121836,0.038011,0.175316,0.279686,0.132799,0.064843,0.06571,0.08935,0.035049,0.086401,0.088619,0.104477,0.282587,0.11127,0.109587
sub-0300102_ses-2_run-4_task-rest_bold_cleaned,300102,Awake,12.0,9.4,2500.0,0.04419642796,0.07189107005,1.0,0.0,0.0,0.0,0.0,1.0,0.0,0.0,1.0,0.0,1.0,0.0,0.0,0.0,0.0,0.0,0.0,0.0,0.0,0.323764,0.175794,0.139758,0.082501,0.059033,0.084613,0.288958,0.047699,0.07029,0.046112,0.076775,0.076405,0.10289,0.111106,0.160342,0.166621,0.065222,0.097344
sub-0300102_ses-3_run-1_task-rest_bold_cleaned,300102,Awake,12.0,9.4,2500.0,0.04034819348,0.07086552355,1.0,0.0,0.0,0.0,0.0,1.0,0.0,0.0,1.0,0.0,1.0,0.0,0.0,0.0,0.0,0.0,0.0,0.0,0.0,0.18916,0.179304,0.005814,0.103187,0.123102,0.084522,0.118514,0.071685,0.177064,0.019737,0.045217,0.073548,0.024004,0.072616,0.319523,0.106108,0.035525,0.334913
sub-0300102_ses-3_run-2_task-rest_bold_cleaned,300102,Awake,12.0,9.4,2500.0,0.04034819348,0.07086552355,1.0,0.0,0.0,0.0,0.0,1.0,0.0,0.0,1.0,0.0,1.0,0.0,0.0,0.0,0.0,0.0,0.0,0.0,0.0,0.114971,0.029852,0.068307,0.037628,0.053762,0.019356,0.181818,0.130776,0.082099,0.070047,0.072418,0.112547,0.009518,0.050531,0.054203,0.063764,0.089384,0.051813
sub-0300102_ses-3_run-3_task-rest_bold_cleaned,300102,Awake,12.0,9.4,2500.0,0.04034819348,0.07086552355,1.0,0.0,0.0,0.0,0.0,1.0,0.0,0.0,1.0,0.0,1.0,0.0,0.0,0.0,0.0,0.0,0.0,0.0,0.0,0.117798,0.020416,0.079374,0.030302,0.028168,0.024861,0.083175,0.030123,0.114573,0.0173,0.050657,0.110918,0.052045,0.043559,0.065646,0.063461,0.100918,0.033699
sub-0300102_ses-3_run-4_task-rest_bold_cleaned,300102,Awake,12.0,9.4,2500.0,0.04034819348,0.07086552355,1.0,0.0,0.0,0.0,0.0,1.0,0.0,0.0,1.0,0.0,1.0,0.0,0.0,0.0,0.0,0.0,0.0,0.0,0.0,0.075256,0.117788,0.148678,0.07065,0.082663,0.11267,0.081931,0.101739,0.098066,0.07075,0.113951,0.031833,0.088263,0.084418,0.094698,0.087439,0.084083,-0.003489
sub-0300102_ses-4_run-1_task-rest_bold_cleaned,300102,Awake,12.0,9.4,2500.0,0.05222332085,0.09298601685,1.0,0.0,0.0,0.0,0.0,1.0,0.0,0.0,1.0,0.0,1.0,0.0,0.0,0.0,0.0,0.0,0.0,0.0,0.0,0.064533,0.077408,0.043627,0.143414,0.092765,0.051376,0.194067,0.059777,0.071136,0.040646,0.078521,0.031142,0.024477,0.021239,0.122167,0.155406,0.083238,0.07094
sub-0300102_ses-4_run-2_task-rest_bold_cleaned,300102,Awake,12.0,9.4,2500.0,0.05222332085,0.09298601685,1.0,0.0,0.0,0.0,0.0,1.0,0.0,0.0,1.0,0.0,1.0,0.0,0.0,0.0,0.0,0.0,0.0,0.0,0.0,0.098645,0.043097,0.065836,0.101798,0.069255,0.027448,0.152286,0.011927,0.05164,0.04595,0.082801,0.074542,0.030069,0.021164,0.067276,0.067382,0.052752,0.017605
sub-0300102_ses-4_run-3_task-rest_bold_cleaned,300102,Awake,12.0,9.4,2500.0,0.05222332085,0.09298601685,1.0,0.0,0.0,0.0,0.0,1.0,0.0,0.0,1.0,0.0,1.0,0.0,0.0,0.0,0.0,0.0,0.0,0.0,0.0,0.145269,0.077188,0.047232,0.063975,0.019773,0.095038,0.088145,0.001512,0.042277,0.033251,0.052495,0.115816,0.088444,0.101724,0.111714,0.132563,0.053384,0.018605
sub-0300102_ses-4_run-4_task-rest_bold_cleaned,300102,Awake,12.0,9.4,2500.0,0.05222332085,0.09298601685,1.0,0.0,0.0,0.0,0.0,1.0,0.0,0.0,1.0,0.0,1.0,0.0,0.0,0.0,0.0,0.0,0.0,0.0,0.0,0.141407,0.069143,0.025793,0.12162,0.104838,0.049758,0.144174,0.06496,0.060286,0.114453,0.058033,0.157026,0.055683,0.023531,0.073626,0.061465,0.090326,0.064621
sub-0300102_ses-5_run-1_task-rest_bold_cleaned,300102,Awake,12.0,9.4,2500.0,0.05689348876,0.09807644981,1.0,0.0,0.0,0.0,0.0,1.0,0.0,0.0,1.0,0.0,1.0,0.0,0.0,0.0,0.0,0.0,0.0,0.0,0.0,0.070963,0.028799,0.030645,0.076296,0.087129,0.04822,0.167948,0.131491,0.058008,0.120545,0.006064,0.058276,0.076794,0.036638,0.088124,0.095361,0.055938,0.038451
sub-0300102_ses-5_run-2_task-rest_bold_cleaned,300102,Awake,12.0,9.4,2500.0,0.05689348876,0.09807644981,1.0,0.0,0.0,0.0,0.0,1.0,0.0,0.0,1.0,0.0,1.0,0.0,0.0,0.0,0.0,0.0,0.0,0.0,0.0,0.064817,0.046735,0.005651,0.092046,0.046106,0.078479,0.113562,0.02406,0.040727,0.064004,0.06729,0.071633,0.032185,0.014953,0.060241,0.039328,0.020519,0.03488
sub-0300102_ses-5_run-3_task-rest_bold_cleaned,300102,Awake,12.0,9.4,2500.0,0.05689348876,0.09807644981,1.0,0.0,0.0,0.0,0.0,1.0,0.0,0.0,1.0,0.0,1.0,0.0,0.0,0.0,0.0,0.0,0.0,0.0,0.0,0.1434,0.096076,0.081291,0.088655,0.127928,0.093432,0.195075,0.053467,0.155142,0.109806,0.067411,0.072582,0.033207,0.038807,0.155064,0.086684,0.069181,0.204363
sub-0300102_ses-5_run-4_task-rest_bold_cleaned,300102,Awake,12.0,9.4,2500.0,0.05689348876,0.09807644981,1.0,0.0,0.0,0.0,0.0,1.0,0.0,0.0,1.0,0.0,1.0,0.0,0.0,0.0,0.0,0.0,0.0,0.0,0.0,0.103886,0.06083,0.036688,0.019109,0.029336,0.029503,0.081421,0.031245,0.035986,0.059402,0.030065,0.019038,0.031802,0.011713,0.033933,0.021513,0.059481,0.025591
sub-0300103_ses-2_run-1_task-rest_bold_cleaned,300103,Awake,12.0,9.4,2500.0,0.04524698724,0.07805378076,1.0,0.0,0.0,0.0,0.0,1.0,0.0,0.0,1.0,0.0,1.0,0.0,0.0,0.0,0.0,0.0,0.0,0.0,0.0,0.124859,0.051044,0.024371,0.03807,0.019028,0.036123,0.050263,0.026821,0.031841,0.040306,0.053185,0.080202,0.055322,0.030168,0.063057,0.086181,0.113622,0.023739
sub-0300103_ses-2_run-2_task-rest_bold_cleaned,300103,Awake,12.0,9.4,2500.0,0.04524698724,0.07805378076,1.0,0.0,0.0,0.0,0.0,1.0,0.0,0.0,1.0,0.0,1.0,0.0,0.0,0.0,0.0,0.0,0.0,0.0,0.0,0.170843,0.043629,0.062433,0.257007,0.049925,0.040408,0.077515,0.147667,0.134083,0.049497,0.096093,0.094587,0.051078,0.092305,0.036559,0.056972,0.047336,0.068519
sub-0300103_ses-2_run-3_task-rest_bold_cleaned,300103,Awake,12.0,9.4,2500.0,0.04524698724,0.07805378076,1.0,0.0,0.0,0.0,0.0,1.0,0.0,0.0,1.0,0.0,1.0,0.0,0.0,0.0,0.0,0.0,0.0,0.0,0.0,0.131355,0.043466,0.0449,0.101035,0.04079,0.036698,0.23774,0.077852,0.025348,0.028588,0.074353,0.132017,0.092311,0.115095,0.106443,0.174703,0.034898,0.023831
sub-0300103_ses-2_run-4_task-rest_bold_cleaned,300103,Awake,12.0,9.4,2500.0,0.04524698724,0.07805378076,1.0,0.0,0.0,0.0,0.0,1.0,0.0,0.0,1.0,0.0,1.0,0.0,0.0,0.0,0.0,0.0,0.0,0.0,0.0,0.07676,0.066173,0.069328,0.015985,0.054423,0.023891,0.061322,0.055839,0.03344,0.062664,0.081059,0.089941,0.029986,0.051451,0.037909,0.23525,0.030466,0.131518
sub-0300103_ses-3_run-1_task-rest_bold_cleaned,300103,Awake,12.0,9.4,2500.0,0.04380996335,0.0775038804,1.0,0.0,0.0,0.0,0.0,1.0,0.0,0.0,1.0,0.0,1.0,0.0,0.0,0.0,0.0,0.0,0.0,0.0,0.0,0.07767,0.025577,0.049387,0.056195,0.067874,0.026674,0.045231,0.042216,0.057195,0.002344,0.09452,0.063943,0.051188,0.024345,0.034675,0.071667,0.074997,0.044827
sub-0300103_ses-3_run-2_task-rest_bold_cleaned,300103,Awake,12.0,9.4,2500.0,0.04380996335,0.0775038804,1.0,0.0,0.0,0.0,0.0,1.0,0.0,0.0,1.0,0.0,1.0,0.0,0.0,0.0,0.0,0.0,0.0,0.0,0.0,0.291646,0.399325,0.310104,0.150832,0.205421,0.127946,0.132701,0.046994,0.397707,0.036853,0.069006,0.050177,0.149678,0.085409,0.52677,0.304496,0.16048,0.417243
sub-0300103_ses-3_run-3_task-rest_bold_cleaned,300103,Awake,12.0,9.4,2500.0,0.04380996335,0.0775038804,1.0,0.0,0.0,0.0,0.0,1.0,0.0,0.0,1.0,0.0,1.0,0.0,0.0,0.0,0.0,0.0,0.0,0.0,0.0,0.055356,0.039118,0.048064,0.035962,0.059758,0.070884,0.116608,0.046063,0.096391,0.027436,0.076593,0.081249,0.039168,0.005788,0.08346,0.073808,0.089584,0.039576
sub-0300103_ses-3_run-4_task-rest_bold_cleaned,300103,Awake,12.0,9.4,2500.0,0.04380996335,0.0775038804,1.0,0.0,0.0,0.0,0.0,1.0,0.0,0.0,1.0,0.0,1.0,0.0,0.0,0.0,0.0,0.0,0.0,0.0,0.0,0.349331,0.115888,0.04041,0.1122,0.044637,0.177323,0.214301,0.154741,0.085674,0.040028,0.109001,0.226271,0.029515,0.094925,0.109218,0.066947,0.180321,0.112334
sub-0300103_ses-4_run-1_task-rest_bold_cleaned,300103,Awake,12.0,9.4,2500.0,0.04944909138,0.08861497902,1.0,0.0,0.0,0.0,0.0,1.0,0.0,0.0,1.0,0.0,1.0,0.0,0.0,0.0,0.0,0.0,0.0,0.0,0.0,0.074103,0.106518,0.021565,-0.009917,0.078898,0.042094,0.086472,0.033005,0.088701,0.108454,0.179543,0.182977,0.040548,0.067553,0.057482,0.105083,0.058551,0.021537
sub-0300103_ses-4_run-2_task-rest_bold_cleaned,300103,Awake,12.0,9.4,2500.0,0.04944909138,0.08861497902,1.0,0.0,0.0,0.0,0.0,1.0,0.0,0.0,1.0,0.0,1.0,0.0,0.0,0.0,0.0,0.0,0.0,0.0,0.0,0.145984,0.052655,0.069,0.061234,0.037993,0.027757,0.103477,0.055293,0.054951,0.0077,0.034614,0.033211,0.035751,0.045501,0.066782,0.085321,0.078459,0.106345
sub-0300103_ses-4_run-3_task-rest_bold_cleaned,300103,Awake,12.0,9.4,2500.0,0.04944909138,0.08861497902,1.0,0.0,0.0,0.0,0.0,1.0,0.0,0.0,1.0,0.0,1.0,0.0,0.0,0.0,0.0,0.0,0.0,0.0,0.0,0.239873,0.090468,0.001274,0.103795,0.121374,0.176274,0.080881,0.044584,0.024374,0.015193,0.139329,0.195879,0.100206,0.090411,0.159713,0.090994,0.087827,0.045858
sub-0300103_ses-4_run-4_task-rest_bold_cleaned,300103,Awake,12.0,9.4,2500.0,0.04944909138,0.08861497902,1.0,0.0,0.0,0.0,0.0,1.0,0.0,0.0,1.0,0.0,1.0,0.0,0.0,0.0,0.0,0.0,0.0,0.0,0.0,0.130685,0.047843,0.039902,0.075089,0.066,0.114732,0.176006,0.068328,0.107367,0.080583,0.025368,0.093664,0.05002,0.037126,0.024517,0.03306,0.039686,0.042515
sub-0300103_ses-5_run-1_task-rest_bold_cleaned,300103,Awake,12.0,9.4,2500.0,0.04692400921,0.07875841741,1.0,0.0,0.0,0.0,0.0,1.0,0.0,0.0,1.0,0.0,1.0,0.0,0.0,0.0,0.0,0.0,0.0,0.0,0.0,0.05752,0.055779,0.032788,0.094672,0.018024,0.052618,0.030708,0.066425,0.025141,0.030052,0.049632,0.013215,0.045408,-0.007382,0.038026,0.021933,0.070772,0.068979
sub-0300103_ses-5_run-2_task-rest_bold_cleaned,300103,Awake,12.0,9.4,2500.0,0.04692400921,0.07875841741,1.0,0.0,0.0,0.0,0.0,1.0,0.0,0.0,1.0,0.0,1.0,0.0,0.0,0.0,0.0,0.0,0.0,0.0,0.0,0.074285,0.055639,0.051376,0.051926,0.05785,0.016498,0.042277,0.044244,0.044266,0.018834,0.056025,0.051475,0.050396,0.018553,0.04494,0.014377,0.025765,0.028871
sub-0300103_ses-5_run-3_task-rest_bold_cleaned,300103,Awake,12.0,9.4,2500.0,0.04692400921,0.07875841741,1.0,0.0,0.0,0.0,0.0,1.0,0.0,0.0,1.0,0.0,1.0,0.0,0.0,0.0,0.0,0.0,0.0,0.0,0.0,0.07772,0.029911,0.030557,0.037498,0.036858,0.006335,0.069634,0.07364,0.03126,0.054503,0.043554,0.048705,0.008072,0.012284,0.020019,0.044111,0.02378,0.023405
sub-0300103_ses-5_run-4_task-rest_bold_cleaned,300103,Awake,12.0,9.4,2500.0,0.04692400921,0.07875841741,1.0,0.0,0.0,0.0,0.0,1.0,0.0,0.0,1.0,0.0,1.0,0.0,0.0,0.0,0.0,0.0,0.0,0.0,0.0,0.117556,0.061634,0.075846,0.114679,0.038162,0.060248,0.075068,0.066945,0.059501,0.033068,0.026445,0.057328,0.054461,0.004507,0.040473,0.070154,0.07404,0.047724
sub-0300103_ses-6_run-1_task-rest_bold_cleaned,300103,Awake,12.0,9.4,2500.0,0.04802798524,0.07901807772,1.0,0.0,0.0,0.0,0.0,1.0,0.0,0.0,1.0,0.0,1.0,0.0,0.0,0.0,0.0,0.0,0.0,0.0,0.0,0.047643,0.131631,0.046715,0.137061,0.037711,0.069599,0.141131,0.067173,0.099573,0.102112,0.086006,0.039563,0.035077,0.023047,0.093991,0.101614,0.050884,0.089757
sub-0300103_ses-6_run-2_task-rest_bold_cleaned,300103,Awake,12.0,9.4,2500.0,0.04802798524,0.07901807772,1.0,0.0,0.0,0.0,0.0,1.0,0.0,0.0,1.0,0.0,1.0,0.0,0.0,0.0,0.0,0.0,0.0,0.0,0.0,0.034153,0.044566,0.046646,0.119956,0.078611,0.028684,0.054696,0.04778,0.012693,0.023564,0.04641,0.049703,0.068248,0.019119,0.050822,0.041262,0.052926,0.019371
sub-0300103_ses-6_run-3_task-rest_bold_cleaned,300103,Awake,12.0,9.4,2500.0,0.04802798524,0.07901807772,1.0,0.0,0.0,0.0,0.0,1.0,0.0,0.0,1.0,0.0,1.0,0.0,0.0,0.0,0.0,0.0,0.0,0.0,0.0,0.183221,0.063874,0.039466,0.10355,0.030736,0.041089,0.071815,0.037803,0.073126,0.020599,0.032844,0.063958,0.087448,0.047892,0.046235,0.028577,0.050177,0.048707
sub-0300103_ses-6_run-4_task-rest_bold_cleaned,300103,Awake,12.0,9.4,2500.0,0.04802798524,0.07901807772,1.0,0.0,0.0,0.0,0.0,1.0,0.0,0.0,1.0,0.0,1.0,0.0,0.0,0.0,0.0,0.0,0.0,0.0,0.0,0.028459,0.028511,0.023967,0.070868,0.072998,0.032113,0.025842,0.01858,0.069129,0.037644,0.045978,0.030915,0.012084,0.039862,0.071481,0.028494,0.029699,0.037381
sub-0300104_ses-2_run-1_task-rest_bold_cleaned,300104,Awake,12.0,9.4,2500.0,0.0463624263,0.08243009809,1.0,0.0,0.0,0.0,0.0,1.0,0.0,0.0,1.0,0.0,1.0,0.0,0.0,0.0,0.0,0.0,0.0,0.0,0.0,0.097632,0.19259,0.092549,0.064952,0.076498,0.039552,0.368675,0.129853,0.151759,0.039521,0.116263,0.089889,-0.0178,0.198067,0.06861,0.024388,0.203301,0.197788
sub-0300104_ses-2_run-2_task-rest_bold_cleaned,300104,Awake,12.0,9.4,2500.0,0.0463624263,0.08243009809,1.0,0.0,0.0,0.0,0.0,1.0,0.0,0.0,1.0,0.0,1.0,0.0,0.0,0.0,0.0,0.0,0.0,0.0,0.0,0.069019,0.084939,0.055729,0.030586,0.058215,0.055402,0.090761,0.068153,0.078822,0.027908,0.152998,0.082643,0.023475,0.088893,0.084519,0.061999,0.079339,0.042679
sub-0300104_ses-2_run-3_task-rest_bold_cleaned,300104,Awake,12.0,9.4,2500.0,0.0463624263,0.08243009809,1.0,0.0,0.0,0.0,0.0,1.0,0.0,0.0,1.0,0.0,1.0,0.0,0.0,0.0,0.0,0.0,0.0,0.0,0.0,0.10175,0.061597,0.027424,0.098478,0.060936,0.074873,0.137198,0.012771,0.058074,0.057517,0.074377,0.098774,0.042481,0.053264,0.026961,0.098511,0.038987,0.072189
sub-0300104_ses-2_run-4_task-rest_bold_cleaned,300104,Awake,12.0,9.4,2500.0,0.0463624263,0.08243009809,1.0,0.0,0.0,0.0,0.0,1.0,0.0,0.0,1.0,0.0,1.0,0.0,0.0,0.0,0.0,0.0,0.0,0.0,0.0,0.106457,0.08124,0.076826,0.089934,0.090244,0.044562,0.050158,0.036477,0.081095,0.080362,0.08253,0.045798,0.041997,0.006434,0.048389,0.045112,0.058198,0.121751
sub-0300104_ses-3_run-1_task-rest_bold_cleaned,300104,Awake,12.0,9.4,2500.0,0.05362812779,0.09251810735,1.0,0.0,0.0,0.0,0.0,1.0,0.0,0.0,1.0,0.0,1.0,0.0,0.0,0.0,0.0,0.0,0.0,0.0,0.0,0.124108,0.04872,0.042215,0.13397,0.018918,0.023022,0.059527,0.068804,0.024885,0.083144,0.040595,0.052571,0.004526,0.030099,0.012076,0.039343,0.058171,0.033581
sub-0300104_ses-3_run-2_task-rest_bold_cleaned,300104,Awake,12.0,9.4,2500.0,0.05362812779,0.09251810735,1.0,0.0,0.0,0.0,0.0,1.0,0.0,0.0,1.0,0.0,1.0,0.0,0.0,0.0,0.0,0.0,0.0,0.0,0.0,0.190534,0.233324,0.127004,0.173088,0.208095,0.133952,0.065684,0.069915,0.067554,0.106392,0.076484,0.107693,0.067249,0.14398,0.117728,0.152479,0.097003,0.068927
sub-0300104_ses-3_run-3_task-rest_bold_cleaned,300104,Awake,12.0,9.4,2500.0,0.05362812779,0.09251810735,1.0,0.0,0.0,0.0,0.0,1.0,0.0,0.0,1.0,0.0,1.0,0.0,0.0,0.0,0.0,0.0,0.0,0.0,0.0,0.076682,0.08172,0.023006,0.077514,0.086736,0.065262,0.09357,0.008632,0.084866,0.067162,0.077724,0.039835,0.043457,0.030785,0.014034,0.076369,0.035412,0.040571
sub-0300104_ses-3_run-4_task-rest_bold_cleaned,300104,Awake,12.0,9.4,2500.0,0.05362812779,0.09251810735,1.0,0.0,0.0,0.0,0.0,1.0,0.0,0.0,1.0,0.0,1.0,0.0,0.0,0.0,0.0,0.0,0.0,0.0,0.0,0.07017,0.071144,0.104288,0.188074,0.102357,0.114763,0.184334,0.048499,0.06704,0.125063,0.09064,0.071413,0.121763,0.061075,0.027002,0.087486,0.075184,0.049555
sub-0300104_ses-4_run-1_task-rest_bold_cleaned,300104,Awake,12.0,9.4,2500.0,0.05895899071,0.1002280498,1.0,0.0,0.0,0.0,0.0,1.0,0.0,0.0,1.0,0.0,1.0,0.0,0.0,0.0,0.0,0.0,0.0,0.0,0.0,0.025397,0.056839,0.055904,0.048222,0.047264,0.031612,0.038463,0.10801,0.024831,0.056854,0.140095,0.101011,0.038104,0.010843,0.045673,0.019959,0.027756,0.067223
sub-0300104_ses-4_run-2_task-rest_bold_cleaned,300104,Awake,12.0,9.4,2500.0,0.05895899071,0.1002280498,1.0,0.0,0.0,0.0,0.0,1.0,0.0,0.0,1.0,0.0,1.0,0.0,0.0,0.0,0.0,0.0,0.0,0.0,0.0,0.062804,0.080798,0.063757,0.104686,0.037237,0.110679,0.080659,0.02112,0.04665,0.07092,0.027788,0.035711,0.034237,0.044229,0.028813,0.097443,0.053518,0.042989
sub-0300104_ses-4_run-3_task-rest_bold_cleaned,300104,Awake,12.0,9.4,2500.0,0.05895899071,0.1002280498,1.0,0.0,0.0,0.0,0.0,1.0,0.0,0.0,1.0,0.0,1.0,0.0,0.0,0.0,0.0,0.0,0.0,0.0,0.0,0.019697,0.047152,0.031435,0.075941,0.055533,0.024272,0.055929,0.049614,0.040649,0.02787,0.045153,0.060412,0.019196,0.022078,0.065955,0.009538,0.047636,0.021922
sub-0300104_ses-4_run-4_task-rest_bold_cleaned,300104,Awake,12.0,9.4,2500.0,0.05895899071,0.1002280498,1.0,0.0,0.0,0.0,0.0,1.0,0.0,0.0,1.0,0.0,1.0,0.0,0.0,0.0,0.0,0.0,0.0,0.0,0.0,0.14841,0.080576,0.087079,0.049321,0.049308,0.088587,0.13445,0.052657,0.164006,0.039591,0.168983,0.047835,0.051668,-0.014394,0.187231,0.089054,0.018228,0.077875
sub-0300104_ses-5_run-1_task-rest_bold_cleaned,300104,Awake,12.0,9.4,2500.0,0.04105349396,0.0724004592,1.0,0.0,0.0,0.0,0.0,1.0,0.0,0.0,1.0,0.0,1.0,0.0,0.0,0.0,0.0,0.0,0.0,0.0,0.0,0.059285,0.034748,0.055297,0.076854,0.087762,0.035814,0.065266,0.02278,0.01861,0.101101,0.036868,0.039358,0.027899,-0.007054,0.104309,0.063054,0.058637,0.035442
sub-0300104_ses-5_run-2_task-rest_bold_cleaned,300104,Awake,12.0,9.4,2500.0,0.04105349396,0.0724004592,1.0,0.0,0.0,0.0,0.0,1.0,0.0,0.0,1.0,0.0,1.0,0.0,0.0,0.0,0.0,0.0,0.0,0.0,0.0,0.07806,0.09678,0.075541,0.050227,0.08517,0.076823,0.027754,0.01863,0.09314,0.023359,0.072351,0.066453,0.027634,0.104359,0.037835,0.073198,0.072306,0.055328
sub-0300104_ses-5_run-3_task-rest_bold_cleaned,300104,Awake,12.0,9.4,2500.0,0.04105349396,0.0724004592,1.0,0.0,0.0,0.0,0.0,1.0,0.0,0.0,1.0,0.0,1.0,0.0,0.0,0.0,0.0,0.0,0.0,0.0,0.0,0.043042,0.109045,0.067358,0.039348,0.029497,0.030265,0.078927,0.01092,0.028758,0.049433,0.096711,0.03683,-0.006544,0.031171,0.039299,0.078994,0.052753,0.036717
sub-0300104_ses-5_run-4_task-rest_bold_cleaned,300104,Awake,12.0,9.4,2500.0,0.04105349396,0.0724004592,1.0,0.0,0.0,0.0,0.0,1.0,0.0,0.0,1.0,0.0,1.0,0.0,0.0,0.0,0.0,0.0,0.0,0.0,0.0,0.101502,0.15864,0.033297,0.168932,0.035955,0.096612,0.133907,0.052265,0.025723,0.091197,0.114541,0.08298,0.050577,0.076838,0.023227,0.075237,0.144305,0.058008
sub-0300104_ses-6_run-1_task-rest_bold_cleaned,300104,Awake,12.0,9.4,2500.0,0.03633114863,0.06080801733,1.0,0.0,0.0,0.0,0.0,1.0,0.0,0.0,1.0,0.0,1.0,0.0,0.0,0.0,0.0,0.0,0.0,0.0,0.0,0.090863,0.164266,0.023704,0.088234,0.031022,0.100409,0.046272,0.04585,0.038195,0.051099,0.084473,0.068971,0.042944,0.02614,0.044552,0.065028,0.076364,0.076433
sub-0300104_ses-6_run-2_task-rest_bold_cleaned,300104,Awake,12.0,9.4,2500.0,0.03633114863,0.06080801733,1.0,0.0,0.0,0.0,0.0,1.0,0.0,0.0,1.0,0.0,1.0,0.0,0.0,0.0,0.0,0.0,0.0,0.0,0.0,0.029607,0.104734,0.114485,0.060804,0.066214,0.046084,0.033956,0.040155,0.054573,0.064314,0.046793,0.026392,0.002599,0.024223,0.031296,0.061264,0.049069,0.059851
sub-0300104_ses-6_run-3_task-rest_bold_cleaned,300104,Awake,12.0,9.4,2500.0,0.03633114863,0.06080801733,1.0,0.0,0.0,0.0,0.0,1.0,0.0,0.0,1.0,0.0,1.0,0.0,0.0,0.0,0.0,0.0,0.0,0.0,0.0,0.08517,0.116275,0.089559,0.123744,0.085217,0.024759,0.069345,0.026881,0.085737,0.025262,0.029952,0.058161,0.040658,0.052735,0.052991,0.062988,0.048001,0.045587
sub-0300104_ses-6_run-4_task-rest_bold_cleaned,300104,Awake,12.0,9.4,2500.0,0.03633114863,0.06080801733,1.0,0.0,0.0,0.0,0.0,1.0,0.0,0.0,1.0,0.0,1.0,0.0,0.0,0.0,0.0,0.0,0.0,0.0,0.0,0.041471,0.080164,0.053867,0.102623,0.056575,0.018275,0.077993,0.048698,0.094034,0.078708,0.041769,0.081258,0.071276,0.061691,0.094846,0.12789,0.001034,0.061723
sub-0300105_ses-2_run-1_task-rest_bold_cleaned,300105,Awake,12.0,9.4,2500.0,0.03965918711,0.06858613599,1.0,0.0,0.0,0.0,0.0,1.0,0.0,0.0,1.0,0.0,1.0,0.0,0.0,0.0,0.0,0.0,0.0,0.0,0.0,0.035142,0.044709,0.033514,0.128049,-0.023297,0.053205,0.020462,0.085943,0.058085,0.022722,0.042177,0.083941,0.060908,0.006403,0.034026,0.078395,0.018693,0.017265
sub-0300105_ses-2_run-2_task-rest_bold_cleaned,300105,Awake,12.0,9.4,2500.0,0.03965918711,0.06858613599,1.0,0.0,0.0,0.0,0.0,1.0,0.0,0.0,1.0,0.0,1.0,0.0,0.0,0.0,0.0,0.0,0.0,0.0,0.0,0.094184,0.0885,0.00558,0.144543,0.035022,0.108418,0.06119,0.062449,0.087681,0.070824,0.086405,0.045105,0.029636,0.050543,0.092506,0.046221,0.045501,0.037141
sub-0300105_ses-2_run-3_task-rest_bold_cleaned,300105,Awake,12.0,9.4,2500.0,0.03965918711,0.06858613599,1.0,0.0,0.0,0.0,0.0,1.0,0.0,0.0,1.0,0.0,1.0,0.0,0.0,0.0,0.0,0.0,0.0,0.0,0.0,0.140831,0.026875,0.018843,0.03803,0.012866,0.04104,0.03787,0.085622,0.043751,0.040756,0.086228,0.042418,0.030236,0.023551,0.031748,0.159787,0.054541,0.043527
sub-0300105_ses-2_run-4_task-rest_bold_cleaned,300105,Awake,12.0,9.4,2500.0,0.03965918711,0.06858613599,1.0,0.0,0.0,0.0,0.0,1.0,0.0,0.0,1.0,0.0,1.0,0.0,0.0,0.0,0.0,0.0,0.0,0.0,0.0,0.12044,0.09293,0.019459,0.120812,0.063017,0.038894,0.066663,0.039202,0.124379,0.109372,0.047849,0.017978,0.038032,-0.002584,0.104239,0.098024,0.072169,0.1227
sub-0300105_ses-3_run-1_task-rest_bold_cleaned,300105,Awake,12.0,9.4,2500.0,0.04834067924,0.08340975985,1.0,0.0,0.0,0.0,0.0,1.0,0.0,0.0,1.0,0.0,1.0,0.0,0.0,0.0,0.0,0.0,0.0,0.0,0.0,0.099778,0.111013,0.051981,0.045671,0.063229,0.069213,0.027836,0.092993,0.133974,0.037945,0.117817,0.051368,0.082837,0.016536,0.045464,0.062269,0.055131,0.06243
sub-0300105_ses-3_run-2_task-rest_bold_cleaned,300105,Awake,12.0,9.4,2500.0,0.04834067924,0.08340975985,1.0,0.0,0.0,0.0,0.0,1.0,0.0,0.0,1.0,0.0,1.0,0.0,0.0,0.0,0.0,0.0,0.0,0.0,0.0,0.058688,0.124359,0.037727,0.10604,0.110853,0.063729,0.10205,0.014392,0.055264,0.119955,0.106701,0.035351,0.029343,0.167604,0.090609,0.060914,0.116595,0.027181
sub-0300105_ses-3_run-3_task-rest_bold_cleaned,300105,Awake,12.0,9.4,2500.0,0.04834067924,0.08340975985,1.0,0.0,0.0,0.0,0.0,1.0,0.0,0.0,1.0,0.0,1.0,0.0,0.0,0.0,0.0,0.0,0.0,0.0,0.0,0.098701,0.149035,0.091782,0.0705,0.054422,0.071714,0.140954,0.080838,0.133946,0.063901,0.062418,0.093401,0.041567,0.087711,0.003782,0.146556,0.079178,0.121042
sub-0300105_ses-3_run-4_task-rest_bold_cleaned,300105,Awake,12.0,9.4,2500.0,0.04834067924,0.08340975985,1.0,0.0,0.0,0.0,0.0,1.0,0.0,0.0,1.0,0.0,1.0,0.0,0.0,0.0,0.0,0.0,0.0,0.0,0.0,0.12541,0.085195,0.047121,0.280126,0.08503,0.026795,0.040289,0.082232,0.079859,0.07152,0.078067,0.053166,0.02176,0.032854,0.062022,0.03474,0.070394,0.022684
sub-0300105_ses-4_run-1_task-rest_bold_cleaned,300105,Awake,12.0,9.4,2500.0,0.04885200236,0.08496153006,1.0,0.0,0.0,0.0,0.0,1.0,0.0,0.0,1.0,0.0,1.0,0.0,0.0,0.0,0.0,0.0,0.0,0.0,0.0,0.081741,0.199414,0.001334,0.172006,0.068313,0.025095,0.105397,0.070881,0.061322,0.055218,0.047429,0.125768,0.069489,0.021203,0.057162,0.077499,0.044914,0.05728
sub-0300105_ses-4_run-2_task-rest_bold_cleaned,300105,Awake,12.0,9.4,2500.0,0.04885200236,0.08496153006,1.0,0.0,0.0,0.0,0.0,1.0,0.0,0.0,1.0,0.0,1.0,0.0,0.0,0.0,0.0,0.0,0.0,0.0,0.0,0.067024,0.06945,0.02948,0.156378,0.06563,0.076812,0.051198,0.029254,0.045343,0.095472,0.044952,0.075111,0.071456,0.037235,0.133414,0.095155,0.089856,0.076113
sub-0300105_ses-4_run-3_task-rest_bold_cleaned,300105,Awake,12.0,9.4,2500.0,0.04885200236,0.08496153006,1.0,0.0,0.0,0.0,0.0,1.0,0.0,0.0,1.0,0.0,1.0,0.0,0.0,0.0,0.0,0.0,0.0,0.0,0.0,0.150359,0.095434,0.074319,0.142082,0.069593,0.083821,0.071174,0.018959,0.040793,0.119813,0.072707,0.157592,0.051372,0.025899,0.052946,0.049629,0.103182,0.161639
sub-0300105_ses-4_run-4_task-rest_bold_cleaned,300105,Awake,12.0,9.4,2500.0,0.04885200236,0.08496153006,1.0,0.0,0.0,0.0,0.0,1.0,0.0,0.0,1.0,0.0,1.0,0.0,0.0,0.0,0.0,0.0,0.0,0.0,0.0,0.080111,0.09301,0.032404,0.087246,0.05942,0.074543,0.09833,0.049574,0.037462,0.025759,0.069111,0.12256,0.044231,0.102714,0.037298,0.084107,0.029612,0.054814
sub-0300105_ses-5_run-1_task-rest_bold_cleaned,300105,Awake,12.0,9.4,2500.0,0.03444236946,0.06221605667,1.0,0.0,0.0,0.0,0.0,1.0,0.0,0.0,1.0,0.0,1.0,0.0,0.0,0.0,0.0,0.0,0.0,0.0,0.0,0.048204,0.040105,0.023689,0.060112,0.071537,0.033085,0.060851,0.02753,0.070844,0.047213,0.062684,0.068907,0.034443,0.030515,0.087932,0.081806,0.085567,0.012161
sub-0300105_ses-5_run-2_task-rest_bold_cleaned,300105,Awake,12.0,9.4,2500.0,0.03444236946,0.06221605667,1.0,0.0,0.0,0.0,0.0,1.0,0.0,0.0,1.0,0.0,1.0,0.0,0.0,0.0,0.0,0.0,0.0,0.0,0.0,0.086274,0.030287,0.037817,0.057153,0.092122,0.050749,0.050474,0.037974,0.1104,0.023829,0.067685,0.045703,0.071057,0.108103,0.059148,0.114698,0.047829,0.057566
sub-0300105_ses-5_run-3_task-rest_bold_cleaned,300105,Awake,12.0,9.4,2500.0,0.03444236946,0.06221605667,1.0,0.0,0.0,0.0,0.0,1.0,0.0,0.0,1.0,0.0,1.0,0.0,0.0,0.0,0.0,0.0,0.0,0.0,0.0,0.08051,0.066842,0.120884,0.086965,0.100158,0.024045,0.100367,0.052628,0.079445,0.066778,0.072506,0.03952,0.035291,0.069137,0.052897,0.026327,0.046184,0.009596
sub-0300105_ses-5_run-4_task-rest_bold_cleaned,300105,Awake,12.0,9.4,2500.0,0.03444236946,0.06221605667,1.0,0.0,0.0,0.0,0.0,1.0,0.0,0.0,1.0,0.0,1.0,0.0,0.0,0.0,0.0,0.0,0.0,0.0,0.0,0.104159,0.026433,0.112479,0.093341,0.055624,0.065048,0.051224,0.059537,0.100829,0.012953,0.047076,0.115864,0.024142,0.051633,0.025923,0.078717,0.02033,0.018833
sub-0300200_ses-1_run-1_task-rest_bold_cleaned,300200,Awake,24.0,7.0,1000.0,0.01856970701,0.03558654362,0.0,0.0,0.0,0.0,0.0,0.0,0.0,0.0,1.0,0.0,0.0,0.0,0.0,0.0,0.0,0.0,0.0,0.0,0.0,0.135693,0.12231,0.138596,0.097256,0.087473,0.10914,0.310346,0.256366,0.181266,0.134386,0.182357,0.239895,0.114115,0.082295,0.109831,0.222814,0.164854,0.125426
sub-0300201_ses-1_run-1_task-rest_bold_cleaned,300201,Awake,25.0,7.0,1000.0,0.02696227567,0.04670940572,0.0,0.0,0.0,0.0,0.0,0.0,0.0,0.0,1.0,0.0,0.0,0.0,0.0,0.0,0.0,0.0,0.0,0.0,0.0,0.27564,0.275903,0.228496,0.132258,0.131597,0.271874,0.495146,0.446871,0.301445,0.179112,0.255392,0.278314,0.203296,0.147672,0.13637,0.277206,0.187446,0.356753
sub-0300202_ses-1_run-1_task-rest_bold_cleaned,300202,Awake,26.0,7.0,1000.0,0.01701169889,0.02990362502,0.0,0.0,0.0,0.0,0.0,0.0,0.0,0.0,1.0,0.0,0.0,0.0,0.0,0.0,0.0,0.0,0.0,0.0,0.0,0.29649,0.161275,0.146893,0.200683,0.138839,0.213818,0.198646,0.258339,0.173183,0.091772,0.231036,0.27052,0.121395,0.105423,0.11559,0.302791,0.142407,0.1141
sub-0300203_ses-1_run-1_task-rest_bold_cleaned,300203,Awake,27.0,7.0,1000.0,0.01512369254,0.02752851671,0.0,0.0,0.0,0.0,0.0,0.0,0.0,0.0,1.0,0.0,0.0,0.0,0.0,0.0,0.0,0.0,0.0,0.0,0.0,0.191668,0.115146,0.163985,0.172886,0.125615,0.169411,0.157923,0.248629,0.205288,0.090098,0.169963,0.242577,0.096729,0.096812,0.106202,0.221851,0.157086,0.108151
sub-0300204_ses-1_run-1_task-rest_bold_cleaned,300204,Awake,28.0,7.0,1000.0,0.01296434004,0.02038492513,0.0,0.0,0.0,0.0,0.0,0.0,0.0,0.0,1.0,0.0,0.0,0.0,0.0,0.0,0.0,0.0,0.0,0.0,0.0,0.196246,0.158042,0.131894,0.15297,0.077428,0.219142,0.181167,0.215305,0.212533,0.102709,0.194062,0.188933,0.135184,0.107096,0.11917,0.273928,0.16804,0.101252
sub-0300205_ses-1_run-1_task-rest_bold_cleaned,300205,Awake,29.0,7.0,1000.0,0.01139629139,0.01981998579,0.0,0.0,0.0,0.0,0.0,0.0,0.0,0.0,1.0,0.0,0.0,0.0,0.0,0.0,0.0,0.0,0.0,0.0,0.0,0.202477,0.198361,0.162303,0.124158,0.128177,0.137894,0.107268,0.244968,0.208672,0.098967,0.139092,0.213495,0.16581,0.155083,0.188638,0.142721,0.12318,0.053828
sub-0300206_ses-1_run-1_task-rest_bold_cleaned,300206,Awake,30.0,7.0,1000.0,0.01657578412,0.03077726521,0.0,0.0,0.0,0.0,0.0,0.0,0.0,0.0,1.0,0.0,0.0,0.0,0.0,0.0,0.0,0.0,0.0,0.0,0.0,0.214255,0.166456,0.153161,0.123072,0.116186,0.218078,0.319634,0.270823,0.2691,0.115321,0.206218,0.157496,0.139571,0.10638,0.139266,0.311178,0.167326,0.298793
sub-0300207_ses-1_run-1_task-rest_bold_cleaned,300207,Awake,31.0,7.0,1000.0,0.01384637523,0.02135796231,0.0,0.0,0.0,0.0,0.0,0.0,0.0,0.0,1.0,0.0,0.0,0.0,0.0,0.0,0.0,0.0,0.0,0.0,0.0,0.186079,0.149025,0.105793,0.150631,0.113055,0.103329,0.130662,0.188176,0.152304,0.105415,0.284747,0.170303,0.106997,0.07702,0.126273,0.140791,0.145856,0.133886
sub-0300208_ses-1_run-1_task-rest_bold_cleaned,300208,Awake,32.0,7.0,1000.0,0.02157125722,0.03625117515,0.0,0.0,0.0,0.0,0.0,0.0,0.0,0.0,1.0,0.0,0.0,0.0,0.0,0.0,0.0,0.0,0.0,0.0,0.0,0.32566,0.191034,0.148626,0.150717,0.176663,0.141596,0.226723,0.267393,0.194621,0.093849,0.528651,0.182864,0.120407,0.146252,0.149806,0.291051,0.208942,0.135098
sub-0300209_ses-1_run-1_task-rest_bold_cleaned,300209,Awake,33.0,7.0,1000.0,0.02142433239,0.03615167112,0.0,0.0,0.0,0.0,0.0,0.0,0.0,0.0,1.0,0.0,0.0,0.0,0.0,0.0,0.0,0.0,0.0,0.0,0.0,0.253134,0.13849,0.133499,0.16757,0.116479,0.15174,0.353683,0.214158,0.168132,0.122639,0.490768,0.23886,0.127356,0.115081,0.127462,0.297068,0.200503,0.227389
sub-0300300_ses-1_run-1_task-rest_bold_cleaned,300300,Awake,10.0,9.4,2500.0,0.03362057279,0.05509046969,0.0,0.0,0.0,0.0,0.0,1.0,1.0,0.0,1.0,0.0,1.0,0.0,0.0,0.0,0.0,0.0,0.0,0.0,0.0,0.331851,0.320456,0.163543,0.270722,0.214941,0.155974,0.341894,0.286476,0.232742,0.230301,0.334836,0.313186,0.186912,0.158072,0.2595,0.239553,0.2555,0.172956
sub-0300300_ses-1_run-2_task-rest_bold_cleaned,300300,Awake,10.0,9.4,2500.0,0.03362057279,0.05509046969,0.0,0.0,0.0,0.0,0.0,1.0,1.0,0.0,1.0,0.0,1.0,0.0,0.0,0.0,0.0,0.0,0.0,0.0,0.0,0.415903,0.295457,0.182959,0.210705,0.268684,0.205451,0.537363,0.319009,0.262843,0.221361,0.256048,0.247732,0.308313,0.237883,0.301906,0.430234,0.241222,0.207989
sub-0300300_ses-1_run-3_task-rest_bold_cleaned,300300,Awake,10.0,9.4,2500.0,0.03362057279,0.05509046969,0.0,0.0,0.0,0.0,0.0,1.0,1.0,0.0,1.0,0.0,1.0,0.0,0.0,0.0,0.0,0.0,0.0,0.0,0.0,0.242664,0.240429,0.239516,0.380568,0.218608,0.254106,0.42461,0.229689,0.298578,0.212227,0.301757,0.368536,0.232182,0.169072,0.285365,0.219204,0.276773,0.173936
sub-0300300_ses-1_run-4_task-rest_bold_cleaned,300300,Awake,10.0,9.4,2500.0,0.03362057279,0.05509046969,0.0,0.0,0.0,0.0,0.0,1.0,1.0,0.0,1.0,0.0,1.0,0.0,0.0,0.0,0.0,0.0,0.0,0.0,0.0,0.602674,0.364532,0.221158,0.374147,0.296265,0.448935,0.42523,0.312904,0.324686,0.282498,0.38827,0.323346,0.301053,0.210406,0.383648,0.417929,0.336987,0.265967
sub-0300300_ses-2_run-1_task-rest_bold_cleaned,300300,Awake,10.0,9.4,2500.0,0.02831169813,0.04678218357,0.0,0.0,0.0,0.0,0.0,1.0,1.0,0.0,1.0,0.0,1.0,0.0,0.0,0.0,0.0,0.0,0.0,0.0,0.0,0.934702,0.390142,0.242487,0.33629,0.279488,0.243416,0.34462,0.321076,0.372169,0.234875,0.347301,0.315614,0.241664,0.194814,0.343699,0.607319,0.271427,0.226667
sub-0300300_ses-2_run-2_task-rest_bold_cleaned,300300,Awake,10.0,9.4,2500.0,0.02831169813,0.04678218357,0.0,0.0,0.0,0.0,0.0,1.0,1.0,0.0,1.0,0.0,1.0,0.0,0.0,0.0,0.0,0.0,0.0,0.0,0.0,0.814553,0.274832,0.233168,0.237215,0.212796,0.190385,0.283098,0.28733,0.361802,0.229201,0.301582,0.298197,0.323444,0.234022,0.261968,0.604039,0.232469,0.26514
sub-0300300_ses-2_run-3_task-rest_bold_cleaned,300300,Awake,10.0,9.4,2500.0,0.02831169813,0.04678218357,0.0,0.0,0.0,0.0,0.0,1.0,1.0,0.0,1.0,0.0,1.0,0.0,0.0,0.0,0.0,0.0,0.0,0.0,0.0,0.450315,0.307364,0.232734,0.297017,0.286708,0.283639,0.389661,0.33156,0.342503,0.221564,0.310122,0.295961,0.249889,0.227381,0.340984,0.466917,0.272832,0.573512
sub-0300300_ses-2_run-4_task-rest_bold_cleaned,300300,Awake,10.0,9.4,2500.0,0.02831169813,0.04678218357,0.0,0.0,0.0,0.0,0.0,1.0,1.0,0.0,1.0,0.0,1.0,0.0,0.0,0.0,0.0,0.0,0.0,0.0,0.0,0.816958,0.327174,0.220639,0.262849,0.246065,0.244773,0.252355,0.30033,0.378301,0.199366,0.318853,0.328618,0.352003,0.172349,0.263984,0.591993,0.28683,0.176705
sub-0300300_ses-3_run-1_task-rest_bold_cleaned,300300,Awake,10.0,9.4,2500.0,0.03278321151,0.05129589881,0.0,0.0,0.0,0.0,0.0,1.0,1.0,0.0,1.0,0.0,1.0,0.0,0.0,0.0,0.0,0.0,0.0,0.0,0.0,0.400209,0.295184,0.258366,0.229731,0.252916,0.237206,0.232439,0.245758,0.277281,0.194084,0.222207,0.237864,0.242595,0.196842,0.260731,0.247753,0.298164,0.185996
sub-0300300_ses-3_run-2_task-rest_bold_cleaned,300300,Awake,10.0,9.4,2500.0,0.03278321151,0.05129589881,0.0,0.0,0.0,0.0,0.0,1.0,1.0,0.0,1.0,0.0,1.0,0.0,0.0,0.0,0.0,0.0,0.0,0.0,0.0,0.453597,0.30612,0.186319,0.257394,0.271341,0.248628,0.283427,0.297885,0.34933,0.173474,0.282772,0.399554,0.290388,0.264298,0.290346,0.405831,0.282703,0.206343
sub-0300300_ses-3_run-3_task-rest_bold_cleaned,300300,Awake,10.0,9.4,2500.0,0.03278321151,0.05129589881,0.0,0.0,0.0,0.0,0.0,1.0,1.0,0.0,1.0,0.0,1.0,0.0,0.0,0.0,0.0,0.0,0.0,0.0,0.0,0.414238,0.330716,0.26524,0.300316,0.249901,0.279052,0.362077,0.254001,0.451462,0.208875,0.340547,0.269314,0.286354,0.220669,0.340943,0.425231,0.264519,0.212529
sub-0300300_ses-3_run-4_task-rest_bold_cleaned,300300,Awake,10.0,9.4,2500.0,0.03278321151,0.05129589881,0.0,0.0,0.0,0.0,0.0,1.0,1.0,0.0,1.0,0.0,1.0,0.0,0.0,0.0,0.0,0.0,0.0,0.0,0.0,0.722004,0.282462,0.27791,0.2792,0.214242,0.248185,0.413293,0.296367,0.349735,0.203224,0.262771,0.446452,0.29367,0.221613,0.369707,0.501515,0.333875,0.199509
sub-0300300_ses-4_run-2_task-rest_bold_cleaned,300300,Awake,10.0,9.4,2500.0,0.04971499907,0.08180034461,0.0,0.0,0.0,0.0,0.0,1.0,1.0,0.0,1.0,0.0,1.0,0.0,0.0,0.0,0.0,0.0,0.0,0.0,0.0,0.739151,0.323895,0.285277,0.29862,0.219945,0.270748,0.253405,0.230521,0.341457,0.173068,0.312054,0.428753,0.355756,0.224877,0.381691,0.521092,0.271688,0.342692
sub-0300300_ses-4_run-3_task-rest_bold_cleaned,300300,Awake,10.0,9.4,2500.0,0.04971499907,0.08180034461,0.0,0.0,0.0,0.0,0.0,1.0,1.0,0.0,1.0,0.0,1.0,0.0,0.0,0.0,0.0,0.0,0.0,0.0,0.0,0.756991,0.344077,0.248962,0.350835,0.245545,0.259615,0.363335,0.287024,0.342706,0.225271,0.339521,0.486376,0.254826,0.182468,0.363092,0.517416,0.285167,0.341006
sub-0300300_ses-4_run-4_task-rest_bold_cleaned,300300,Awake,10.0,9.4,2500.0,0.04971499907,0.08180034461,0.0,0.0,0.0,0.0,0.0,1.0,1.0,0.0,1.0,0.0,1.0,0.0,0.0,0.0,0.0,0.0,0.0,0.0,0.0,0.776408,0.324735,0.208666,0.323768,0.246566,0.20007,0.42404,0.344753,0.368088,0.20327,0.424977,0.368952,0.385913,0.203866,0.291849,0.615298,0.332002,0.296548
sub-0300300_ses-5_run-1_task-rest_bold_cleaned,300300,Awake,10.0,9.4,2500.0,0.03508158239,0.05048041261,0.0,0.0,0.0,0.0,0.0,1.0,1.0,0.0,1.0,0.0,1.0,0.0,0.0,0.0,0.0,0.0,0.0,0.0,0.0,0.301732,0.313266,0.207822,0.232801,0.252893,0.213913,0.22001,0.217873,0.223357,0.162445,0.312583,0.23873,0.234653,0.177512,0.244028,0.238679,0.214367,0.168178
sub-0300300_ses-5_run-2_task-rest_bold_cleaned,300300,Awake,10.0,9.4,2500.0,0.03508158239,0.05048041261,0.0,0.0,0.0,0.0,0.0,1.0,1.0,0.0,1.0,0.0,1.0,0.0,0.0,0.0,0.0,0.0,0.0,0.0,0.0,0.47292,0.31645,0.265464,0.235819,0.278398,0.231539,0.304441,0.237473,0.257868,0.18813,0.266242,0.350837,0.241743,0.147063,0.243624,0.322796,0.266526,0.217191
sub-0300300_ses-5_run-3_task-rest_bold_cleaned,300300,Awake,10.0,9.4,2500.0,0.03508158239,0.05048041261,0.0,0.0,0.0,0.0,0.0,1.0,1.0,0.0,1.0,0.0,1.0,0.0,0.0,0.0,0.0,0.0,0.0,0.0,0.0,0.484265,0.264528,0.213386,0.292606,0.264464,0.230686,0.264232,0.278986,0.335043,0.22325,0.248515,0.304274,0.244034,0.163803,0.233746,0.260137,0.233983,0.211406
sub-0300300_ses-5_run-4_task-rest_bold_cleaned,300300,Awake,10.0,9.4,2500.0,0.03508158239,0.05048041261,0.0,0.0,0.0,0.0,0.0,1.0,1.0,0.0,1.0,0.0,1.0,0.0,0.0,0.0,0.0,0.0,0.0,0.0,0.0,0.31786,0.326949,0.233135,0.307244,0.196419,0.253463,0.320814,0.247128,0.296684,0.175943,0.251445,0.249155,0.190489,0.128427,0.225065,0.234777,0.225235,0.217898
sub-0300300_ses-6_run-1_task-rest_bold_cleaned,300300,Awake,10.0,9.4,2500.0,0.03449345766,0.05468329401,0.0,0.0,0.0,0.0,0.0,1.0,1.0,0.0,1.0,0.0,1.0,0.0,0.0,0.0,0.0,0.0,0.0,0.0,0.0,0.308422,0.263998,0.221955,0.251228,0.209771,0.240543,0.471014,0.301734,0.313777,0.185435,0.27026,0.295594,0.18859,0.19155,0.304164,0.297443,0.235002,0.176195
sub-0300300_ses-6_run-2_task-rest_bold_cleaned,300300,Awake,10.0,9.4,2500.0,0.03449345766,0.05468329401,0.0,0.0,0.0,0.0,0.0,1.0,1.0,0.0,1.0,0.0,1.0,0.0,0.0,0.0,0.0,0.0,0.0,0.0,0.0,0.65982,0.458637,0.252964,0.361597,0.262806,0.293829,0.339226,0.339037,0.355876,0.233472,0.341919,0.321455,0.322068,0.184749,0.324142,0.658131,0.35287,0.253256
sub-0300300_ses-6_run-3_task-rest_bold_cleaned,300300,Awake,10.0,9.4,2500.0,0.03449345766,0.05468329401,0.0,0.0,0.0,0.0,0.0,1.0,1.0,0.0,1.0,0.0,1.0,0.0,0.0,0.0,0.0,0.0,0.0,0.0,0.0,0.6745,0.3706,0.253993,0.298235,0.269272,0.217575,0.384206,0.295809,0.318886,0.21568,0.314027,0.327801,0.221444,0.189955,0.313545,0.574794,0.315517,0.179743
sub-0300300_ses-6_run-4_task-rest_bold_cleaned,300300,Awake,10.0,9.4,2500.0,0.03449345766,0.05468329401,0.0,0.0,0.0,0.0,0.0,1.0,1.0,0.0,1.0,0.0,1.0,0.0,0.0,0.0,0.0,0.0,0.0,0.0,0.0,0.71223,0.62617,0.283655,0.343974,0.522852,0.369875,0.424441,0.352663,0.421145,0.402795,0.312163,0.321995,0.26439,0.207525,0.358932,0.588934,0.322283,0.297469
sub-0300300_ses-7_run-1_task-rest_bold_cleaned,300300,Awake,10.0,9.4,2500.0,0.03576277295,0.05360348494,0.0,0.0,0.0,0.0,0.0,1.0,1.0,0.0,1.0,0.0,1.0,0.0,0.0,0.0,0.0,0.0,0.0,0.0,0.0,0.255145,0.211811,0.163411,0.249328,0.200604,0.185363,0.229734,0.208946,0.269287,0.224168,0.200885,0.227815,0.199085,0.15825,0.27706,0.301354,0.256048,0.192663
sub-0300300_ses-7_run-2_task-rest_bold_cleaned,300300,Awake,10.0,9.4,2500.0,0.03576277295,0.05360348494,0.0,0.0,0.0,0.0,0.0,1.0,1.0,0.0,1.0,0.0,1.0,0.0,0.0,0.0,0.0,0.0,0.0,0.0,0.0,0.670725,0.293777,0.189018,0.249657,0.272072,0.210129,0.309268,0.247723,0.377492,0.212522,0.253943,0.319686,0.236281,0.19639,0.239636,0.423509,0.302596,0.250648
sub-0300300_ses-7_run-3_task-rest_bold_cleaned,300300,Awake,10.0,9.4,2500.0,0.03576277295,0.05360348494,0.0,0.0,0.0,0.0,0.0,1.0,1.0,0.0,1.0,0.0,1.0,0.0,0.0,0.0,0.0,0.0,0.0,0.0,0.0,0.407793,0.26039,0.229747,0.204466,0.226273,0.198092,0.390933,0.285611,0.24288,0.175699,0.280098,0.297605,0.267111,0.179815,0.334392,0.568953,0.226757,0.230943
sub-0300300_ses-7_run-4_task-rest_bold_cleaned,300300,Awake,10.0,9.4,2500.0,0.03576277295,0.05360348494,0.0,0.0,0.0,0.0,0.0,1.0,1.0,0.0,1.0,0.0,1.0,0.0,0.0,0.0,0.0,0.0,0.0,0.0,0.0,0.727175,0.36409,0.239357,0.334946,0.306326,0.330677,0.331533,0.261285,0.374702,0.304397,0.299906,0.319555,0.243675,0.232159,0.302646,0.467447,0.329189,0.213365
sub-0300301_ses-1_run-1_task-rest_bold_cleaned,300301,Awake,10.0,9.4,2500.0,0.04372390017,0.07366705597,0.0,0.0,0.0,0.0,0.0,1.0,1.0,0.0,1.0,0.0,1.0,0.0,0.0,0.0,0.0,0.0,0.0,0.0,0.0,0.638996,0.26346,0.244891,0.299158,0.188832,0.171511,0.502487,0.28701,0.295363,0.235418,0.357892,0.279129,0.392543,0.167417,0.379819,0.824066,0.277161,0.285193
sub-0300301_ses-1_run-2_task-rest_bold_cleaned,300301,Awake,10.0,9.4,2500.0,0.04372390017,0.07366705597,0.0,0.0,0.0,0.0,0.0,1.0,1.0,0.0,1.0,0.0,1.0,0.0,0.0,0.0,0.0,0.0,0.0,0.0,0.0,0.613375,0.290741,0.280801,0.274609,0.288485,0.215159,0.379504,0.22061,0.294331,0.201266,0.283648,0.258755,0.289069,0.20291,0.317119,0.386411,0.287774,0.261333
sub-0300301_ses-1_run-3_task-rest_bold_cleaned,300301,Awake,10.0,9.4,2500.0,0.04372390017,0.07366705597,0.0,0.0,0.0,0.0,0.0,1.0,1.0,0.0,1.0,0.0,1.0,0.0,0.0,0.0,0.0,0.0,0.0,0.0,0.0,0.467197,0.316137,0.223969,0.257184,0.192563,0.180352,0.343127,0.208088,0.2854,0.162274,0.375507,0.31115,0.299882,0.170017,0.288479,0.373377,0.248784,0.30939
sub-0300301_ses-1_run-4_task-rest_bold_cleaned,300301,Awake,10.0,9.4,2500.0,0.04372390017,0.07366705597,0.0,0.0,0.0,0.0,0.0,1.0,1.0,0.0,1.0,0.0,1.0,0.0,0.0,0.0,0.0,0.0,0.0,0.0,0.0,0.774353,0.299045,0.184803,0.349695,0.285265,0.272979,0.484116,0.250411,0.328134,0.160731,0.359098,0.307398,0.299869,0.221401,0.333997,0.523888,0.252721,0.317525
sub-0300301_ses-2_run-1_task-rest_bold_cleaned,300301,Awake,10.0,9.4,2500.0,0.03481958028,0.05558746448,0.0,0.0,0.0,0.0,0.0,1.0,1.0,0.0,1.0,0.0,1.0,0.0,0.0,0.0,0.0,0.0,0.0,0.0,0.0,0.462606,0.262402,0.20971,0.261107,0.319316,0.187031,0.43442,0.220813,0.326104,0.17354,0.3217,0.241778,0.298696,0.22727,0.323135,0.483975,0.261583,0.255999
sub-0300301_ses-2_run-2_task-rest_bold_cleaned,300301,Awake,10.0,9.4,2500.0,0.03481958028,0.05558746448,0.0,0.0,0.0,0.0,0.0,1.0,1.0,0.0,1.0,0.0,1.0,0.0,0.0,0.0,0.0,0.0,0.0,0.0,0.0,0.881397,0.380591,0.299008,0.406334,0.286296,0.248112,0.376468,0.267111,0.39724,0.208727,0.330163,0.385285,0.263995,0.236708,0.428831,0.509684,0.339243,0.326617
sub-0300301_ses-2_run-3_task-rest_bold_cleaned,300301,Awake,10.0,9.4,2500.0,0.03481958028,0.05558746448,0.0,0.0,0.0,0.0,0.0,1.0,1.0,0.0,1.0,0.0,1.0,0.0,0.0,0.0,0.0,0.0,0.0,0.0,0.0,0.66437,0.355812,0.241441,0.303895,0.275416,0.194477,0.282316,0.209475,0.326938,0.216465,0.317609,0.412935,0.334781,0.30124,0.267492,0.547565,0.269748,0.298744
sub-0300301_ses-2_run-4_task-rest_bold_cleaned,300301,Awake,10.0,9.4,2500.0,0.03481958028,0.05558746448,0.0,0.0,0.0,0.0,0.0,1.0,1.0,0.0,1.0,0.0,1.0,0.0,0.0,0.0,0.0,0.0,0.0,0.0,0.0,0.877404,0.416725,0.26667,0.315163,0.309474,0.218522,0.468497,0.274831,0.451739,0.186361,0.358273,0.316904,0.404017,0.35812,0.360564,0.726517,0.377081,0.388874
sub-0300301_ses-3_run-1_task-rest_bold_cleaned,300301,Awake,10.0,9.4,2500.0,0.02707505153,0.04242806409,0.0,0.0,0.0,0.0,0.0,1.0,1.0,0.0,1.0,0.0,1.0,0.0,0.0,0.0,0.0,0.0,0.0,0.0,0.0,0.524341,0.30486,0.257698,0.208028,0.170941,0.215861,0.308116,0.28874,0.407968,0.161383,0.311484,0.326985,0.237351,0.18883,0.27462,0.362992,0.269489,0.221307
sub-0300301_ses-3_run-2_task-rest_bold_cleaned,300301,Awake,10.0,9.4,2500.0,0.02707505153,0.04242806409,0.0,0.0,0.0,0.0,0.0,1.0,1.0,0.0,1.0,0.0,1.0,0.0,0.0,0.0,0.0,0.0,0.0,0.0,0.0,0.832806,0.361089,0.29581,0.349182,0.299281,0.202045,0.515968,0.232562,0.435056,0.194123,0.413825,0.33335,0.302733,0.143625,0.40538,0.601829,0.314171,0.290924
sub-0300301_ses-3_run-3_task-rest_bold_cleaned,300301,Awake,10.0,9.4,2500.0,0.02707505153,0.04242806409,0.0,0.0,0.0,0.0,0.0,1.0,1.0,0.0,1.0,0.0,1.0,0.0,0.0,0.0,0.0,0.0,0.0,0.0,0.0,0.644299,0.293043,0.29286,0.287526,0.243506,0.211246,0.36367,0.263537,0.375286,0.211723,0.312461,0.338305,0.319114,0.192655,0.27439,0.4034,0.278451,0.233654
sub-0300301_ses-3_run-4_task-rest_bold_cleaned,300301,Awake,10.0,9.4,2500.0,0.02707505153,0.04242806409,0.0,0.0,0.0,0.0,0.0,1.0,1.0,0.0,1.0,0.0,1.0,0.0,0.0,0.0,0.0,0.0,0.0,0.0,0.0,0.541812,0.298928,0.205405,0.236662,0.176325,0.233232,0.354854,0.236391,0.341333,0.189028,0.287921,0.258384,0.255173,0.224285,0.287852,0.45123,0.266031,0.252543
sub-0300301_ses-4_run-1_task-rest_bold_cleaned,300301,Awake,10.0,9.4,2500.0,0.02636869007,0.04436451532,0.0,0.0,0.0,0.0,0.0,1.0,1.0,0.0,1.0,0.0,1.0,0.0,0.0,0.0,0.0,0.0,0.0,0.0,0.0,0.513431,0.279512,0.227614,0.257341,0.227809,0.216843,0.393473,0.262389,0.262333,0.141713,0.350925,0.24475,0.205611,0.162022,0.32779,0.533278,0.277769,0.227582
sub-0300301_ses-4_run-2_task-rest_bold_cleaned,300301,Awake,10.0,9.4,2500.0,0.02636869007,0.04436451532,0.0,0.0,0.0,0.0,0.0,1.0,1.0,0.0,1.0,0.0,1.0,0.0,0.0,0.0,0.0,0.0,0.0,0.0,0.0,0.875791,0.371127,0.316304,0.323037,0.330441,0.265535,0.502342,0.244642,0.404842,0.271992,0.443022,0.333932,0.249457,0.23237,0.4137,0.600382,0.299044,0.352264
sub-0300301_ses-4_run-4_task-rest_bold_cleaned,300301,Awake,10.0,9.4,2500.0,0.02636869007,0.04436451532,0.0,0.0,0.0,0.0,0.0,1.0,1.0,0.0,1.0,0.0,1.0,0.0,0.0,0.0,0.0,0.0,0.0,0.0,0.0,0.812176,0.265075,0.227329,0.258352,0.216936,0.250756,0.351078,0.257866,0.215548,0.193666,0.348604,0.285493,0.23964,0.157114,0.275941,0.608224,0.313262,0.268066
sub-0300301_ses-5_run-1_task-rest_bold_cleaned,300301,Awake,10.0,9.4,2500.0,0.03343881189,0.05563260204,0.0,0.0,0.0,0.0,0.0,1.0,1.0,0.0,1.0,0.0,1.0,0.0,0.0,0.0,0.0,0.0,0.0,0.0,0.0,0.639937,0.334091,0.30248,0.311282,0.258391,0.266095,0.327033,0.256706,0.347198,0.240171,0.307755,0.3791,0.245029,0.191707,0.32816,0.646754,0.283748,0.259653
sub-0300301_ses-5_run-2_task-rest_bold_cleaned,300301,Awake,10.0,9.4,2500.0,0.03343881189,0.05563260204,0.0,0.0,0.0,0.0,0.0,1.0,1.0,0.0,1.0,0.0,1.0,0.0,0.0,0.0,0.0,0.0,0.0,0.0,0.0,0.691129,0.348662,0.253552,0.321489,0.268023,0.20025,0.247149,0.204658,0.324003,0.184165,0.272809,0.35206,0.243053,0.22726,0.337626,0.450248,0.277339,0.340601
sub-0300301_ses-5_run-3_task-rest_bold_cleaned,300301,Awake,10.0,9.4,2500.0,0.03343881189,0.05563260204,0.0,0.0,0.0,0.0,0.0,1.0,1.0,0.0,1.0,0.0,1.0,0.0,0.0,0.0,0.0,0.0,0.0,0.0,0.0,0.981556,0.32367,0.24202,0.390581,0.342933,0.28802,0.600273,0.283886,0.42318,0.24246,0.39788,0.387142,0.311021,0.207761,0.53003,0.742155,0.329276,0.445254
sub-0300301_ses-5_run-4_task-rest_bold_cleaned,300301,Awake,10.0,9.4,2500.0,0.03343881189,0.05563260204,0.0,0.0,0.0,0.0,0.0,1.0,1.0,0.0,1.0,0.0,1.0,0.0,0.0,0.0,0.0,0.0,0.0,0.0,0.0,0.800188,0.553309,0.33636,0.326769,0.241397,0.235001,0.417584,0.277501,0.407689,0.184049,0.438588,0.350144,0.236041,0.22222,0.357969,0.578864,0.262462,0.53205
sub-0300301_ses-6_run-1_task-rest_bold_cleaned,300301,Awake,10.0,9.4,2500.0,0.04473191666,0.07486121998,0.0,0.0,0.0,0.0,0.0,1.0,1.0,0.0,1.0,0.0,1.0,0.0,0.0,0.0,0.0,0.0,0.0,0.0,0.0,0.488473,0.380697,0.234647,0.336773,0.247555,0.177661,0.358991,0.219789,0.304357,0.188052,0.314187,0.265001,0.29488,0.18782,0.385931,0.48015,0.226208,0.318995
sub-0300301_ses-6_run-2_task-rest_bold_cleaned,300301,Awake,10.0,9.4,2500.0,0.04473191666,0.07486121998,0.0,0.0,0.0,0.0,0.0,1.0,1.0,0.0,1.0,0.0,1.0,0.0,0.0,0.0,0.0,0.0,0.0,0.0,0.0,0.540554,0.328504,0.22662,0.237796,0.177324,0.203688,0.398711,0.220536,0.291424,0.174719,0.301246,0.312576,0.272115,0.194202,0.306858,0.46159,0.268205,0.217255
sub-0300301_ses-6_run-3_task-rest_bold_cleaned,300301,Awake,10.0,9.4,2500.0,0.04473191666,0.07486121998,0.0,0.0,0.0,0.0,0.0,1.0,1.0,0.0,1.0,0.0,1.0,0.0,0.0,0.0,0.0,0.0,0.0,0.0,0.0,0.746708,0.310817,0.241271,0.273717,0.201137,0.194301,0.374624,0.240823,0.244695,0.180971,0.239646,0.30077,0.200543,0.154098,0.289779,0.360856,0.182358,0.216767
sub-0300301_ses-6_run-4_task-rest_bold_cleaned,300301,Awake,10.0,9.4,2500.0,0.04473191666,0.07486121998,0.0,0.0,0.0,0.0,0.0,1.0,1.0,0.0,1.0,0.0,1.0,0.0,0.0,0.0,0.0,0.0,0.0,0.0,0.0,0.561862,0.278024,0.168306,0.21766,0.204811,0.223467,0.454213,0.286894,0.231066,0.194617,0.242694,0.316584,0.233913,0.156148,0.282163,0.335013,0.241648,0.358576
sub-0300301_ses-7_run-1_task-rest_bold_cleaned,300301,Awake,10.0,9.4,2500.0,0.02901117528,0.05022114773,0.0,0.0,0.0,0.0,0.0,1.0,1.0,0.0,1.0,0.0,1.0,0.0,0.0,0.0,0.0,0.0,0.0,0.0,0.0,0.448121,0.248534,0.202443,0.227172,0.183439,0.167354,0.352992,0.211091,0.246988,0.13798,0.300263,0.242961,0.19284,0.125091,0.293338,0.347306,0.239499,0.219115
sub-0300301_ses-7_run-2_task-rest_bold_cleaned,300301,Awake,10.0,9.4,2500.0,0.02901117528,0.05022114773,0.0,0.0,0.0,0.0,0.0,1.0,1.0,0.0,1.0,0.0,1.0,0.0,0.0,0.0,0.0,0.0,0.0,0.0,0.0,0.533784,0.212537,0.229697,0.335596,0.16789,0.185415,0.417812,0.202101,0.293855,0.138116,0.272999,0.284359,0.188018,0.163435,0.276059,0.443029,0.286806,0.193405
sub-0300301_ses-7_run-3_task-rest_bold_cleaned,300301,Awake,10.0,9.4,2500.0,0.02901117528,0.05022114773,0.0,0.0,0.0,0.0,0.0,1.0,1.0,0.0,1.0,0.0,1.0,0.0,0.0,0.0,0.0,0.0,0.0,0.0,0.0,0.78885,0.336657,0.260226,0.380404,0.197759,0.252233,0.453983,0.224982,0.239499,0.184451,0.334911,0.244133,0.238965,0.128441,0.379585,0.529554,0.261211,0.278417
sub-0300301_ses-7_run-4_task-rest_bold_cleaned,300301,Awake,10.0,9.4,2500.0,0.02901117528,0.05022114773,0.0,0.0,0.0,0.0,0.0,1.0,1.0,0.0,1.0,0.0,1.0,0.0,0.0,0.0,0.0,0.0,0.0,0.0,0.0,0.44931,0.20728,0.229781,0.253683,0.191925,0.206357,0.380049,0.230182,0.227349,0.165399,0.278093,0.245738,0.232039,0.172641,0.263887,0.367204,0.235073,0.271282
sub-0300302_ses-1_run-1_task-rest_bold_cleaned,300302,Awake,10.0,9.4,2500.0,0.03970935852,0.06537958003,0.0,0.0,0.0,0.0,0.0,1.0,1.0,0.0,1.0,0.0,1.0,0.0,0.0,0.0,0.0,0.0,0.0,0.0,0.0,0.488043,0.398967,0.248443,0.327674,0.270307,0.18313,0.374724,0.220351,0.324652,0.142796,0.282354,0.270264,0.268106,0.26305,0.302264,0.364249,0.267853,0.347458
sub-0300302_ses-1_run-3_task-rest_bold_cleaned,300302,Awake,10.0,9.4,2500.0,0.03970935852,0.06537958003,0.0,0.0,0.0,0.0,0.0,1.0,1.0,0.0,1.0,0.0,1.0,0.0,0.0,0.0,0.0,0.0,0.0,0.0,0.0,0.579931,0.315018,0.298006,0.393913,0.205688,0.303098,0.39977,0.27674,0.411604,0.250343,0.352667,0.28263,0.270762,0.212178,0.354925,0.68706,0.217341,0.461305
sub-0300302_ses-1_run-4_task-rest_bold_cleaned,300302,Awake,10.0,9.4,2500.0,0.03970935852,0.06537958003,0.0,0.0,0.0,0.0,0.0,1.0,1.0,0.0,1.0,0.0,1.0,0.0,0.0,0.0,0.0,0.0,0.0,0.0,0.0,0.789621,0.315183,0.325454,0.28703,0.260879,0.336931,0.35403,0.286625,0.450248,0.188113,0.326257,0.345871,0.241933,0.189471,0.333537,0.402593,0.232206,0.298349
sub-0300302_ses-2_run-1_task-rest_bold_cleaned,300302,Awake,10.0,9.4,2500.0,0.0432684809,0.0692161505,0.0,0.0,0.0,0.0,0.0,1.0,1.0,0.0,1.0,0.0,1.0,0.0,0.0,0.0,0.0,0.0,0.0,0.0,0.0,0.404995,0.308507,0.224691,0.350516,0.260954,0.274198,0.31109,0.25506,0.363174,0.139558,0.274754,0.214417,0.20466,0.134846,0.305447,0.609869,0.271237,0.31568
sub-0300302_ses-2_run-3_task-rest_bold_cleaned,300302,Awake,10.0,9.4,2500.0,0.0432684809,0.0692161505,0.0,0.0,0.0,0.0,0.0,1.0,1.0,0.0,1.0,0.0,1.0,0.0,0.0,0.0,0.0,0.0,0.0,0.0,0.0,0.943929,0.330793,0.296754,0.347267,0.287509,0.259623,0.406929,0.319587,0.382755,0.226155,0.336927,0.314762,0.234295,0.184443,0.333094,0.505304,0.315302,0.407729
sub-0300302_ses-3_run-1_task-rest_bold_cleaned,300302,Awake,10.0,9.4,2500.0,0.04327722619,0.07283340813,0.0,0.0,0.0,0.0,0.0,1.0,1.0,0.0,1.0,0.0,1.0,0.0,0.0,0.0,0.0,0.0,0.0,0.0,0.0,0.356386,0.224183,0.20217,0.192679,0.230662,0.217399,0.296766,0.215259,0.332604,0.124567,0.267789,0.224946,0.188743,0.164985,0.30058,0.395706,0.223159,0.180961
sub-0300302_ses-3_run-2_task-rest_bold_cleaned,300302,Awake,10.0,9.4,2500.0,0.04327722619,0.07283340813,0.0,0.0,0.0,0.0,0.0,1.0,1.0,0.0,1.0,0.0,1.0,0.0,0.0,0.0,0.0,0.0,0.0,0.0,0.0,0.435477,0.249372,0.250572,0.288405,0.272294,0.220444,0.319938,0.259092,0.308592,0.174327,0.251005,0.275185,0.194136,0.200127,0.308382,0.317317,0.230134,0.258475
sub-0300302_ses-3_run-3_task-rest_bold_cleaned,300302,Awake,10.0,9.4,2500.0,0.04327722619,0.07283340813,0.0,0.0,0.0,0.0,0.0,1.0,1.0,0.0,1.0,0.0,1.0,0.0,0.0,0.0,0.0,0.0,0.0,0.0,0.0,0.368679,0.21462,0.158886,0.230479,0.183534,0.192106,0.269153,0.236017,0.268133,0.164883,0.243917,0.223822,0.194962,0.162281,0.201942,0.300656,0.25053,0.284463
sub-0300302_ses-3_run-4_task-rest_bold_cleaned,300302,Awake,10.0,9.4,2500.0,0.04327722619,0.07283340813,0.0,0.0,0.0,0.0,0.0,1.0,1.0,0.0,1.0,0.0,1.0,0.0,0.0,0.0,0.0,0.0,0.0,0.0,0.0,0.588589,0.361159,0.296604,0.309482,0.210274,0.239157,0.358408,0.313466,0.337934,0.224933,0.279414,0.268905,0.200131,0.216646,0.353412,0.349331,0.256999,0.38856
sub-0300302_ses-4_run-2_task-rest_bold_cleaned,300302,Awake,10.0,9.4,2500.0,0.04266142708,0.07101758385,0.0,0.0,0.0,0.0,0.0,1.0,1.0,0.0,1.0,0.0,1.0,0.0,0.0,0.0,0.0,0.0,0.0,0.0,0.0,0.36006,0.242683,0.177419,0.206113,0.209551,0.17704,0.263537,0.203511,0.258022,0.148608,0.276631,0.208361,0.176437,0.150019,0.212626,0.354056,0.194186,0.24136
sub-0300302_ses-4_run-3_task-rest_bold_cleaned,300302,Awake,10.0,9.4,2500.0,0.04266142708,0.07101758385,0.0,0.0,0.0,0.0,0.0,1.0,1.0,0.0,1.0,0.0,1.0,0.0,0.0,0.0,0.0,0.0,0.0,0.0,0.0,0.862778,0.301178,0.248397,0.431255,0.226343,0.294134,0.507172,0.279407,0.25916,0.236808,0.312678,0.245543,0.245939,0.184623,0.342392,0.43531,0.246115,0.360536
sub-0300302_ses-4_run-4_task-rest_bold_cleaned,300302,Awake,10.0,9.4,2500.0,0.04266142708,0.07101758385,0.0,0.0,0.0,0.0,0.0,1.0,1.0,0.0,1.0,0.0,1.0,0.0,0.0,0.0,0.0,0.0,0.0,0.0,0.0,0.938861,0.270007,0.198738,0.342534,0.237594,0.240157,0.415443,0.231006,0.435178,0.223874,0.31311,0.30177,0.30508,0.196644,0.293003,0.444259,0.224393,0.314678
sub-0300302_ses-5_run-1_task-rest_bold_cleaned,300302,Awake,10.0,9.4,2500.0,0.03528572887,0.0571560194,0.0,0.0,0.0,0.0,0.0,1.0,1.0,0.0,1.0,0.0,1.0,0.0,0.0,0.0,0.0,0.0,0.0,0.0,0.0,0.289447,0.225957,0.174151,0.208386,0.194743,0.189596,0.315448,0.24427,0.258286,0.148009,0.250945,0.185993,0.223756,0.161536,0.263739,0.258291,0.246118,0.186408
sub-0300302_ses-5_run-2_task-rest_bold_cleaned,300302,Awake,10.0,9.4,2500.0,0.03528572887,0.0571560194,0.0,0.0,0.0,0.0,0.0,1.0,1.0,0.0,1.0,0.0,1.0,0.0,0.0,0.0,0.0,0.0,0.0,0.0,0.0,0.298013,0.234915,0.224011,0.212312,0.231054,0.178825,0.285984,0.21824,0.231804,0.152305,0.289971,0.231962,0.19608,0.170468,0.244454,0.233566,0.226128,0.253525
sub-0300302_ses-5_run-3_task-rest_bold_cleaned,300302,Awake,10.0,9.4,2500.0,0.03528572887,0.0571560194,0.0,0.0,0.0,0.0,0.0,1.0,1.0,0.0,1.0,0.0,1.0,0.0,0.0,0.0,0.0,0.0,0.0,0.0,0.0,0.527575,0.304656,0.250225,0.242169,0.250298,0.266582,0.208412,0.256331,0.302367,0.207457,0.357056,0.353935,0.255618,0.218155,0.275661,0.355088,0.260413,0.31897
sub-0300302_ses-5_run-4_task-rest_bold_cleaned,300302,Awake,10.0,9.4,2500.0,0.03528572887,0.0571560194,0.0,0.0,0.0,0.0,0.0,1.0,1.0,0.0,1.0,0.0,1.0,0.0,0.0,0.0,0.0,0.0,0.0,0.0,0.0,0.841493,0.351192,0.311692,0.343487,0.314218,0.350329,0.419297,0.286167,0.458949,0.233352,0.308731,0.288452,0.24517,0.188311,0.344376,0.456944,0.28701,0.344792
sub-0300302_ses-6_run-1_task-rest_bold_cleaned,300302,Awake,10.0,9.4,2500.0,0.03516930518,0.05822023502,0.0,0.0,0.0,0.0,0.0,1.0,1.0,0.0,1.0,0.0,1.0,0.0,0.0,0.0,0.0,0.0,0.0,0.0,0.0,0.720879,0.258723,0.220768,0.175844,0.230451,0.185484,0.242198,0.219718,0.3326,0.209771,0.25987,0.256103,0.195501,0.187054,0.238922,0.316975,0.27138,0.220656
sub-0300302_ses-6_run-2_task-rest_bold_cleaned,300302,Awake,10.0,9.4,2500.0,0.03516930518,0.05822023502,0.0,0.0,0.0,0.0,0.0,1.0,1.0,0.0,1.0,0.0,1.0,0.0,0.0,0.0,0.0,0.0,0.0,0.0,0.0,0.327364,0.279115,0.22532,0.19522,0.201651,0.234282,0.442032,0.239805,0.259328,0.147442,0.238547,0.349656,0.208504,0.128478,0.270924,0.32591,0.263322,0.214097
sub-0300302_ses-6_run-3_task-rest_bold_cleaned,300302,Awake,10.0,9.4,2500.0,0.03516930518,0.05822023502,0.0,0.0,0.0,0.0,0.0,1.0,1.0,0.0,1.0,0.0,1.0,0.0,0.0,0.0,0.0,0.0,0.0,0.0,0.0,0.583367,0.412968,0.23619,0.25736,0.244116,0.238023,0.402796,0.213117,0.252459,0.202866,0.267315,0.28085,0.192184,0.145833,0.265906,0.240609,0.226787,0.236731
sub-0300302_ses-6_run-4_task-rest_bold_cleaned,300302,Awake,10.0,9.4,2500.0,0.03516930518,0.05822023502,0.0,0.0,0.0,0.0,0.0,1.0,1.0,0.0,1.0,0.0,1.0,0.0,0.0,0.0,0.0,0.0,0.0,0.0,0.0,0.649743,0.243782,0.214664,0.343215,0.238441,0.205162,0.39305,0.234088,0.236347,0.188122,0.297282,0.275497,0.207243,0.20534,0.239867,0.479313,0.248022,0.244302
sub-0300302_ses-7_run-1_task-rest_bold_cleaned,300302,Awake,10.0,9.4,2500.0,0.02681804617,0.04105879715,0.0,0.0,0.0,0.0,0.0,1.0,1.0,0.0,1.0,0.0,1.0,0.0,0.0,0.0,0.0,0.0,0.0,0.0,0.0,0.304203,0.232557,0.201433,0.159601,0.182455,0.191216,0.231122,0.228838,0.245507,0.14339,0.26849,0.207818,0.201177,0.137827,0.270172,0.285208,0.262414,0.185107
sub-0300302_ses-7_run-2_task-rest_bold_cleaned,300302,Awake,10.0,9.4,2500.0,0.02681804617,0.04105879715,0.0,0.0,0.0,0.0,0.0,1.0,1.0,0.0,1.0,0.0,1.0,0.0,0.0,0.0,0.0,0.0,0.0,0.0,0.0,0.456571,0.258084,0.239559,0.222948,0.285522,0.286806,0.33436,0.226142,0.264699,0.171822,0.297101,0.324388,0.198535,0.137627,0.270948,0.370943,0.29047,0.23489
sub-0300302_ses-7_run-3_task-rest_bold_cleaned,300302,Awake,10.0,9.4,2500.0,0.02681804617,0.04105879715,0.0,0.0,0.0,0.0,0.0,1.0,1.0,0.0,1.0,0.0,1.0,0.0,0.0,0.0,0.0,0.0,0.0,0.0,0.0,0.508125,0.2059,0.235223,0.220585,0.209236,0.176303,0.26355,0.199328,0.399327,0.143272,0.301866,0.245467,0.199661,0.160877,0.245185,0.365398,0.230889,0.229892
sub-0300302_ses-7_run-4_task-rest_bold_cleaned,300302,Awake,10.0,9.4,2500.0,0.02681804617,0.04105879715,0.0,0.0,0.0,0.0,0.0,1.0,1.0,0.0,1.0,0.0,1.0,0.0,0.0,0.0,0.0,0.0,0.0,0.0,0.0,0.364844,0.197687,0.205127,0.200994,0.226796,0.174959,0.351501,0.24848,0.274792,0.167652,0.322904,0.202752,0.180108,0.128611,0.262083,0.321322,0.195547,0.208632
sub-0300303_ses-1_run-1_task-rest_bold_cleaned,300303,Awake,10.0,9.4,2500.0,0.03776149529,0.06171861621,0.0,0.0,0.0,0.0,0.0,1.0,1.0,0.0,1.0,0.0,1.0,0.0,0.0,0.0,0.0,0.0,0.0,0.0,0.0,0.453111,0.268073,0.262049,0.242896,0.234457,0.21188,0.366072,0.297175,0.363374,0.207571,0.351929,0.257889,0.237222,0.164485,0.303912,0.247254,0.289982,0.208973
sub-0300303_ses-1_run-2_task-rest_bold_cleaned,300303,Awake,10.0,9.4,2500.0,0.03776149529,0.06171861621,0.0,0.0,0.0,0.0,0.0,1.0,1.0,0.0,1.0,0.0,1.0,0.0,0.0,0.0,0.0,0.0,0.0,0.0,0.0,0.874941,0.505463,0.400109,0.51066,0.313653,0.314681,0.691042,0.349043,0.45164,0.346704,0.446503,0.800657,0.334091,0.246585,0.382312,0.463715,0.424094,0.365819
sub-0300303_ses-1_run-3_task-rest_bold_cleaned,300303,Awake,10.0,9.4,2500.0,0.03776149529,0.06171861621,0.0,0.0,0.0,0.0,0.0,1.0,1.0,0.0,1.0,0.0,1.0,0.0,0.0,0.0,0.0,0.0,0.0,0.0,0.0,0.722286,0.353529,0.23943,0.399483,0.239598,0.312066,0.45774,0.330372,0.293388,0.221267,0.396427,0.410796,0.266682,0.148074,0.326234,0.435873,0.347471,0.315848
sub-0300303_ses-1_run-4_task-rest_bold_cleaned,300303,Awake,10.0,9.4,2500.0,0.03776149529,0.06171861621,0.0,0.0,0.0,0.0,0.0,1.0,1.0,0.0,1.0,0.0,1.0,0.0,0.0,0.0,0.0,0.0,0.0,0.0,0.0,0.536881,0.261125,0.245412,0.335866,0.249418,0.2779,0.716625,0.271706,0.337411,0.201442,0.367968,0.399844,0.311845,0.219567,0.401419,0.371756,0.388619,0.291402
sub-0300303_ses-2_run-1_task-rest_bold_cleaned,300303,Awake,10.0,9.4,2500.0,0.05137641444,0.08433038657,0.0,0.0,0.0,0.0,0.0,1.0,1.0,0.0,1.0,0.0,1.0,0.0,0.0,0.0,0.0,0.0,0.0,0.0,0.0,0.806491,0.547352,0.261264,0.370541,0.367178,0.287007,0.471732,0.387047,0.45761,0.247102,0.433212,0.357926,0.264145,0.175384,0.320369,0.49955,0.327734,0.423052
sub-0300303_ses-2_run-2_task-rest_bold_cleaned,300303,Awake,10.0,9.4,2500.0,0.05137641444,0.08433038657,0.0,0.0,0.0,0.0,0.0,1.0,1.0,0.0,1.0,0.0,1.0,0.0,0.0,0.0,0.0,0.0,0.0,0.0,0.0,0.742459,0.351695,0.322517,0.294814,0.293167,0.264093,0.756346,0.354545,0.38847,0.214063,0.283544,0.394532,0.259438,0.227382,0.328419,0.601408,0.374988,0.472017
sub-0300303_ses-2_run-3_task-rest_bold_cleaned,300303,Awake,10.0,9.4,2500.0,0.05137641444,0.08433038657,0.0,0.0,0.0,0.0,0.0,1.0,1.0,0.0,1.0,0.0,1.0,0.0,0.0,0.0,0.0,0.0,0.0,0.0,0.0,0.562098,0.49173,0.229153,0.242033,0.267538,0.238217,0.262331,0.286016,0.33747,0.223294,0.320493,0.4708,0.305172,0.218554,0.301087,0.47829,0.282988,0.25371
sub-0300303_ses-2_run-4_task-rest_bold_cleaned,300303,Awake,10.0,9.4,2500.0,0.05137641444,0.08433038657,0.0,0.0,0.0,0.0,0.0,1.0,1.0,0.0,1.0,0.0,1.0,0.0,0.0,0.0,0.0,0.0,0.0,0.0,0.0,0.666071,0.291941,0.21699,0.333919,0.268709,0.370662,0.629156,0.309844,0.410304,0.242408,0.374017,0.46702,0.332106,0.224382,0.331301,0.796597,0.388948,0.242987
sub-0300303_ses-3_run-1_task-rest_bold_cleaned,300303,Awake,10.0,9.4,2500.0,0.03827036619,0.06607995869,0.0,0.0,0.0,0.0,0.0,1.0,1.0,0.0,1.0,0.0,1.0,0.0,0.0,0.0,0.0,0.0,0.0,0.0,0.0,0.392676,0.256288,0.236942,0.262573,0.236342,0.196504,0.282029,0.218762,0.302083,0.194792,0.297801,0.328482,0.195022,0.197461,0.271098,0.423119,0.27464,0.198718
sub-0300303_ses-3_run-2_task-rest_bold_cleaned,300303,Awake,10.0,9.4,2500.0,0.03827036619,0.06607995869,0.0,0.0,0.0,0.0,0.0,1.0,1.0,0.0,1.0,0.0,1.0,0.0,0.0,0.0,0.0,0.0,0.0,0.0,0.0,0.759763,0.307382,0.234823,0.296325,0.223797,0.240418,0.444112,0.304844,0.345866,0.189719,0.347621,0.281828,0.227987,0.211721,0.219208,0.386076,0.397538,0.230004
sub-0300303_ses-3_run-3_task-rest_bold_cleaned,300303,Awake,10.0,9.4,2500.0,0.03827036619,0.06607995869,0.0,0.0,0.0,0.0,0.0,1.0,1.0,0.0,1.0,0.0,1.0,0.0,0.0,0.0,0.0,0.0,0.0,0.0,0.0,0.576046,0.322281,0.26127,0.427969,0.248114,0.315597,0.394044,0.342677,0.332757,0.209156,0.368588,0.409772,0.273809,0.207177,0.29274,0.538533,0.268327,0.29749
sub-0300303_ses-3_run-4_task-rest_bold_cleaned,300303,Awake,10.0,9.4,2500.0,0.03827036619,0.06607995869,0.0,0.0,0.0,0.0,0.0,1.0,1.0,0.0,1.0,0.0,1.0,0.0,0.0,0.0,0.0,0.0,0.0,0.0,0.0,0.363855,0.462109,0.322939,0.304704,0.314938,0.197414,0.31864,0.23874,0.353365,0.201469,0.304192,0.293234,0.22461,0.156861,0.276068,0.401317,0.258811,0.216558
sub-0300303_ses-5_run-1_task-rest_bold_cleaned,300303,Awake,10.0,9.4,2500.0,0.04372946727,0.07815115955,0.0,0.0,0.0,0.0,0.0,1.0,1.0,0.0,1.0,0.0,1.0,0.0,0.0,0.0,0.0,0.0,0.0,0.0,0.0,0.648871,0.337119,0.20199,0.295912,0.26374,0.291214,0.41829,0.180057,0.280611,0.172391,0.309501,0.331327,0.247239,0.205013,0.307404,0.469836,0.286537,0.208218
sub-0300303_ses-5_run-2_task-rest_bold_cleaned,300303,Awake,10.0,9.4,2500.0,0.04372946727,0.07815115955,0.0,0.0,0.0,0.0,0.0,1.0,1.0,0.0,1.0,0.0,1.0,0.0,0.0,0.0,0.0,0.0,0.0,0.0,0.0,0.873169,0.270715,0.305027,0.306292,0.227762,0.218179,0.274288,0.286227,0.279382,0.213151,0.342972,0.305516,0.261396,0.156356,0.31594,0.405634,0.278732,0.262829
sub-0300303_ses-5_run-3_task-rest_bold_cleaned,300303,Awake,10.0,9.4,2500.0,0.04372946727,0.07815115955,0.0,0.0,0.0,0.0,0.0,1.0,1.0,0.0,1.0,0.0,1.0,0.0,0.0,0.0,0.0,0.0,0.0,0.0,0.0,0.561626,0.299662,0.227039,0.279968,0.29115,0.23037,0.358716,0.263269,0.291787,0.168638,0.333287,0.326488,0.210476,0.183558,0.316582,0.273338,0.326953,0.244523
sub-0300303_ses-5_run-4_task-rest_bold_cleaned,300303,Awake,10.0,9.4,2500.0,0.04372946727,0.07815115955,0.0,0.0,0.0,0.0,0.0,1.0,1.0,0.0,1.0,0.0,1.0,0.0,0.0,0.0,0.0,0.0,0.0,0.0,0.0,0.58329,0.354519,0.173197,0.254596,0.298609,0.235499,0.41375,0.291991,0.378687,0.237431,0.272034,0.353565,0.241925,0.203106,0.286119,0.45528,0.306793,0.316486
sub-0300303_ses-6_run-1_task-rest_bold_cleaned,300303,Awake,10.0,9.4,2500.0,0.04359903664,0.07320543294,0.0,0.0,0.0,0.0,0.0,1.0,1.0,0.0,1.0,0.0,1.0,0.0,0.0,0.0,0.0,0.0,0.0,0.0,0.0,0.698218,0.295441,0.275938,0.29105,0.234942,0.24858,0.456248,0.29819,0.364843,0.202495,0.274631,0.243452,0.34153,0.237969,0.323213,0.492051,0.274861,0.210977
sub-0300303_ses-6_run-2_task-rest_bold_cleaned,300303,Awake,10.0,9.4,2500.0,0.04359903664,0.07320543294,0.0,0.0,0.0,0.0,0.0,1.0,1.0,0.0,1.0,0.0,1.0,0.0,0.0,0.0,0.0,0.0,0.0,0.0,0.0,0.555513,0.260204,0.241719,0.242163,0.272874,0.259447,0.350514,0.224158,0.295918,0.154442,0.274614,0.282951,0.312424,0.218876,0.229827,0.368326,0.28321,0.243522
sub-0300303_ses-6_run-3_task-rest_bold_cleaned,300303,Awake,10.0,9.4,2500.0,0.04359903664,0.07320543294,0.0,0.0,0.0,0.0,0.0,1.0,1.0,0.0,1.0,0.0,1.0,0.0,0.0,0.0,0.0,0.0,0.0,0.0,0.0,0.702407,0.356958,0.240139,0.272303,0.303642,0.270494,0.384459,0.228659,0.310792,0.19854,0.327261,0.264642,0.261431,0.236428,0.292189,0.337183,0.279086,0.30801
sub-0300303_ses-6_run-4_task-rest_bold_cleaned,300303,Awake,10.0,9.4,2500.0,0.04359903664,0.07320543294,0.0,0.0,0.0,0.0,0.0,1.0,1.0,0.0,1.0,0.0,1.0,0.0,0.0,0.0,0.0,0.0,0.0,0.0,0.0,0.735717,0.299023,0.244989,0.377616,0.286951,0.287416,0.399697,0.305473,0.386803,0.218981,0.281494,0.279772,0.226298,0.222087,0.351244,0.294396,0.298531,0.354713
sub-0300304_ses-1_run-1_task-rest_bold_cleaned,300304,Awake,10.0,9.4,2500.0,0.04045853603,0.06874313297,0.0,0.0,0.0,0.0,0.0,1.0,1.0,0.0,1.0,0.0,1.0,0.0,0.0,0.0,0.0,0.0,0.0,0.0,0.0,0.713068,0.34569,0.299928,0.305312,0.223364,0.282589,0.373962,0.308241,0.251786,0.240832,0.323388,0.310012,0.319717,0.224159,0.264536,0.483707,0.220365,0.174209
sub-0300304_ses-1_run-2_task-rest_bold_cleaned,300304,Awake,10.0,9.4,2500.0,0.04045853603,0.06874313297,0.0,0.0,0.0,0.0,0.0,1.0,1.0,0.0,1.0,0.0,1.0,0.0,0.0,0.0,0.0,0.0,0.0,0.0,0.0,0.611498,0.408731,0.234655,0.521179,0.236662,0.344131,0.923054,0.347694,0.27858,0.323015,0.381851,0.553184,0.288907,0.241591,0.258999,0.653211,0.292273,0.298877
sub-0300304_ses-1_run-3_task-rest_bold_cleaned,300304,Awake,10.0,9.4,2500.0,0.04045853603,0.06874313297,0.0,0.0,0.0,0.0,0.0,1.0,1.0,0.0,1.0,0.0,1.0,0.0,0.0,0.0,0.0,0.0,0.0,0.0,0.0,0.606611,0.361954,0.307991,0.3772,0.291729,0.31458,0.590176,0.315295,0.310492,0.227433,0.445506,0.514421,0.245132,0.245457,0.321539,0.50986,0.334706,0.215649
sub-0300304_ses-1_run-4_task-rest_bold_cleaned,300304,Awake,10.0,9.4,2500.0,0.04045853603,0.06874313297,0.0,0.0,0.0,0.0,0.0,1.0,1.0,0.0,1.0,0.0,1.0,0.0,0.0,0.0,0.0,0.0,0.0,0.0,0.0,0.618132,0.358323,0.26798,0.499907,0.359395,0.293419,0.618376,0.333353,0.367506,0.303903,0.71774,0.480865,0.30756,0.212407,0.294619,0.513414,0.35336,0.26314
sub-0300304_ses-2_run-1_task-rest_bold_cleaned,300304,Awake,10.0,9.4,2500.0,0.04366716929,0.07758645647,0.0,0.0,0.0,0.0,0.0,1.0,1.0,0.0,1.0,0.0,1.0,0.0,0.0,0.0,0.0,0.0,0.0,0.0,0.0,0.84653,0.351955,0.214278,0.366881,0.264742,0.30582,0.673076,0.310678,0.386903,0.33254,0.377258,0.445778,0.25796,0.187428,0.23951,0.481406,0.300483,0.261192
sub-0300304_ses-2_run-2_task-rest_bold_cleaned,300304,Awake,10.0,9.4,2500.0,0.04366716929,0.07758645647,0.0,0.0,0.0,0.0,0.0,1.0,1.0,0.0,1.0,0.0,1.0,0.0,0.0,0.0,0.0,0.0,0.0,0.0,0.0,0.83803,0.325304,0.257589,0.381267,0.245726,0.325586,0.292563,0.278997,0.336775,0.27625,0.296225,0.404293,0.264753,0.234305,0.321696,0.401742,0.304769,0.231293
sub-0300304_ses-2_run-4_task-rest_bold_cleaned,300304,Awake,10.0,9.4,2500.0,0.04366716929,0.07758645647,0.0,0.0,0.0,0.0,0.0,1.0,1.0,0.0,1.0,0.0,1.0,0.0,0.0,0.0,0.0,0.0,0.0,0.0,0.0,0.531808,0.216802,0.22938,0.30374,0.311228,0.246462,0.5044,0.305385,0.350739,0.212093,0.310214,0.430655,0.268252,0.22323,0.249651,0.470329,0.320815,0.176236
sub-0300304_ses-3_run-1_task-rest_bold_cleaned,300304,Awake,10.0,9.4,2500.0,0.06273554336,0.1072363182,0.0,0.0,0.0,0.0,0.0,1.0,1.0,0.0,1.0,0.0,1.0,0.0,0.0,0.0,0.0,0.0,0.0,0.0,0.0,0.808207,0.273882,0.20193,0.438687,0.251826,0.279233,0.403995,0.3275,0.357169,0.29319,0.334318,0.335493,0.269583,0.184924,0.332034,0.469287,0.220751,0.269014
sub-0300304_ses-3_run-2_task-rest_bold_cleaned,300304,Awake,10.0,9.4,2500.0,0.06273554336,0.1072363182,0.0,0.0,0.0,0.0,0.0,1.0,1.0,0.0,1.0,0.0,1.0,0.0,0.0,0.0,0.0,0.0,0.0,0.0,0.0,0.581489,0.332771,0.186167,0.233681,0.222243,0.199548,0.357926,0.196688,0.281005,0.210807,0.2968,0.290081,0.253468,0.175312,0.278779,0.306599,0.249669,0.190863
sub-0300304_ses-4_run-1_task-rest_bold_cleaned,300304,Awake,10.0,9.4,2500.0,0.04559974354,0.07586786681,0.0,0.0,0.0,0.0,0.0,1.0,1.0,0.0,1.0,0.0,1.0,0.0,0.0,0.0,0.0,0.0,0.0,0.0,0.0,0.850639,0.307181,0.285023,0.351169,0.239005,0.279563,0.363715,0.269638,0.393622,0.224538,0.387053,0.428752,0.333535,0.236301,0.292654,0.428882,0.232949,0.222706
sub-0300304_ses-4_run-2_task-rest_bold_cleaned,300304,Awake,10.0,9.4,2500.0,0.04559974354,0.07586786681,0.0,0.0,0.0,0.0,0.0,1.0,1.0,0.0,1.0,0.0,1.0,0.0,0.0,0.0,0.0,0.0,0.0,0.0,0.0,0.689575,0.463212,0.247481,0.490085,0.287623,0.270203,0.459708,0.276152,0.370394,0.225877,0.346515,0.391926,0.320305,0.216829,0.343536,0.417545,0.321465,0.278076
sub-0300304_ses-4_run-3_task-rest_bold_cleaned,300304,Awake,10.0,9.4,2500.0,0.04559974354,0.07586786681,0.0,0.0,0.0,0.0,0.0,1.0,1.0,0.0,1.0,0.0,1.0,0.0,0.0,0.0,0.0,0.0,0.0,0.0,0.0,0.929361,0.408619,0.317962,0.476761,0.298757,0.312716,0.448974,0.339795,0.40889,0.236818,0.350752,0.480635,0.381258,0.281206,0.313075,0.525191,0.365348,0.255441
sub-0300304_ses-4_run-4_task-rest_bold_cleaned,300304,Awake,10.0,9.4,2500.0,0.04559974354,0.07586786681,0.0,0.0,0.0,0.0,0.0,1.0,1.0,0.0,1.0,0.0,1.0,0.0,0.0,0.0,0.0,0.0,0.0,0.0,0.0,0.955921,0.449365,0.262262,0.353763,0.260445,0.334088,0.551733,0.264024,0.40579,0.311923,0.382214,0.393336,0.25449,0.208802,0.394066,0.489981,0.343045,0.291706
sub-0300304_ses-5_run-1_task-rest_bold_cleaned,300304,Awake,10.0,9.4,2500.0,0.03353594213,0.05674230668,0.0,0.0,0.0,0.0,0.0,1.0,1.0,0.0,1.0,0.0,1.0,0.0,0.0,0.0,0.0,0.0,0.0,0.0,0.0,0.545899,0.246556,0.271617,0.303132,0.234757,0.205823,0.240884,0.256029,0.236348,0.173077,0.249595,0.295138,0.24972,0.173033,0.272354,0.281421,0.263742,0.194656
sub-0300304_ses-5_run-2_task-rest_bold_cleaned,300304,Awake,10.0,9.4,2500.0,0.03353594213,0.05674230668,0.0,0.0,0.0,0.0,0.0,1.0,1.0,0.0,1.0,0.0,1.0,0.0,0.0,0.0,0.0,0.0,0.0,0.0,0.0,0.839601,0.394795,0.315857,0.419995,0.274619,0.338353,0.42795,0.372164,0.433023,0.271898,0.392287,0.44881,0.327806,0.256815,0.444655,0.480157,0.389696,0.285517
sub-0300304_ses-5_run-3_task-rest_bold_cleaned,300304,Awake,10.0,9.4,2500.0,0.03353594213,0.05674230668,0.0,0.0,0.0,0.0,0.0,1.0,1.0,0.0,1.0,0.0,1.0,0.0,0.0,0.0,0.0,0.0,0.0,0.0,0.0,0.789957,0.301781,0.214081,0.305027,0.271733,0.234588,0.346177,0.266633,0.402881,0.177733,0.378792,0.345659,0.232169,0.180869,0.319264,0.376376,0.306449,0.251565
sub-0300304_ses-5_run-4_task-rest_bold_cleaned,300304,Awake,10.0,9.4,2500.0,0.03353594213,0.05674230668,0.0,0.0,0.0,0.0,0.0,1.0,1.0,0.0,1.0,0.0,1.0,0.0,0.0,0.0,0.0,0.0,0.0,0.0,0.0,0.831251,0.384147,0.304347,0.296591,0.247325,0.243362,0.414052,0.335173,0.343239,0.215641,0.30572,0.329187,0.274409,0.190011,0.272894,0.530518,0.354632,0.248013
sub-0300304_ses-6_run-1_task-rest_bold_cleaned,300304,Awake,10.0,9.4,2500.0,0.04928972912,0.07915317167,0.0,0.0,0.0,0.0,0.0,1.0,1.0,0.0,1.0,0.0,1.0,0.0,0.0,0.0,0.0,0.0,0.0,0.0,0.0,0.724961,0.32563,0.256172,0.259365,0.28243,0.280915,0.514395,0.365107,0.324599,0.216291,0.509844,0.367514,0.267157,0.237302,0.294429,0.748311,0.315859,0.257858
sub-0300304_ses-6_run-2_task-rest_bold_cleaned,300304,Awake,10.0,9.4,2500.0,0.04928972912,0.07915317167,0.0,0.0,0.0,0.0,0.0,1.0,1.0,0.0,1.0,0.0,1.0,0.0,0.0,0.0,0.0,0.0,0.0,0.0,0.0,0.610362,0.278007,0.257669,0.225767,0.228833,0.197895,0.352379,0.338234,0.360638,0.216179,0.49942,0.30012,0.290184,0.170459,0.232194,0.543493,0.270929,0.22256
sub-0300304_ses-6_run-3_task-rest_bold_cleaned,300304,Awake,10.0,9.4,2500.0,0.04928972912,0.07915317167,0.0,0.0,0.0,0.0,0.0,1.0,1.0,0.0,1.0,0.0,1.0,0.0,0.0,0.0,0.0,0.0,0.0,0.0,0.0,0.754516,0.396429,0.21158,0.342326,0.213544,0.329558,0.626855,0.368523,0.413653,0.295745,0.453137,0.497107,0.341089,0.233357,0.34844,0.583688,0.316755,0.337845
sub-0300305_ses-1_run-1_task-rest_bold_cleaned,300305,Awake,10.0,9.4,2500.0,0.04497945263,0.07447596142,0.0,0.0,0.0,0.0,0.0,1.0,1.0,0.0,1.0,0.0,1.0,0.0,0.0,0.0,0.0,0.0,0.0,0.0,0.0,0.410343,0.245783,0.301101,0.24119,0.216306,0.18352,0.330088,0.189269,0.385318,0.169053,0.26924,0.331696,0.232291,0.210478,0.313791,0.274633,0.259921,0.21245
sub-0300305_ses-1_run-2_task-rest_bold_cleaned,300305,Awake,10.0,9.4,2500.0,0.04497945263,0.07447596142,0.0,0.0,0.0,0.0,0.0,1.0,1.0,0.0,1.0,0.0,1.0,0.0,0.0,0.0,0.0,0.0,0.0,0.0,0.0,0.60771,0.373314,0.224429,0.395849,0.346073,0.274356,0.577844,0.241505,0.408649,0.237902,0.358392,0.277186,0.277548,0.24194,0.288054,0.408561,0.345154,0.309364
sub-0300305_ses-1_run-3_task-rest_bold_cleaned,300305,Awake,10.0,9.4,2500.0,0.04497945263,0.07447596142,0.0,0.0,0.0,0.0,0.0,1.0,1.0,0.0,1.0,0.0,1.0,0.0,0.0,0.0,0.0,0.0,0.0,0.0,0.0,0.5631,0.269958,0.219695,0.329022,0.272512,0.28483,0.541652,0.256007,0.324273,0.23541,0.464998,0.395514,0.245625,0.183588,0.269979,0.26617,0.259452,0.197133
sub-0300305_ses-1_run-4_task-rest_bold_cleaned,300305,Awake,10.0,9.4,2500.0,0.04497945263,0.07447596142,0.0,0.0,0.0,0.0,0.0,1.0,1.0,0.0,1.0,0.0,1.0,0.0,0.0,0.0,0.0,0.0,0.0,0.0,0.0,0.409107,0.296231,0.280046,0.255553,0.300086,0.173442,0.336091,0.213131,0.315357,0.170743,0.304068,0.259885,0.252322,0.186971,0.258651,0.304154,0.240989,0.237426
sub-0300305_ses-2_run-1_task-rest_bold_cleaned,300305,Awake,10.0,9.4,2500.0,0.02727738406,0.04648340941,0.0,0.0,0.0,0.0,0.0,1.0,1.0,0.0,1.0,0.0,1.0,0.0,0.0,0.0,0.0,0.0,0.0,0.0,0.0,0.350806,0.271394,0.24446,0.248288,0.212624,0.245803,0.41033,0.320397,0.322241,0.258185,0.36831,0.430616,0.354076,0.247293,0.369156,0.45771,0.275276,0.212839
sub-0300305_ses-2_run-2_task-rest_bold_cleaned,300305,Awake,10.0,9.4,2500.0,0.02727738406,0.04648340941,0.0,0.0,0.0,0.0,0.0,1.0,1.0,0.0,1.0,0.0,1.0,0.0,0.0,0.0,0.0,0.0,0.0,0.0,0.0,0.405186,0.31619,0.273152,0.35638,0.300276,0.208389,0.296387,0.169847,0.34942,0.206984,0.315945,0.344654,0.264457,0.207063,0.362569,0.308367,0.297909,0.226807
sub-0300305_ses-2_run-3_task-rest_bold_cleaned,300305,Awake,10.0,9.4,2500.0,0.02727738406,0.04648340941,0.0,0.0,0.0,0.0,0.0,1.0,1.0,0.0,1.0,0.0,1.0,0.0,0.0,0.0,0.0,0.0,0.0,0.0,0.0,0.599961,0.32857,0.374054,0.407152,0.377644,0.267729,0.405831,0.258393,0.555783,0.265719,0.413222,0.45289,0.303493,0.244538,0.291387,0.374671,0.338436,0.306283
sub-0300305_ses-2_run-4_task-rest_bold_cleaned,300305,Awake,10.0,9.4,2500.0,0.02727738406,0.04648340941,0.0,0.0,0.0,0.0,0.0,1.0,1.0,0.0,1.0,0.0,1.0,0.0,0.0,0.0,0.0,0.0,0.0,0.0,0.0,0.483973,0.313843,0.253119,0.358987,0.306846,0.321052,0.422048,0.228705,0.390685,0.203075,0.37915,0.339615,0.298226,0.233427,0.285582,0.330349,0.308645,0.274305
sub-0300305_ses-3_run-1_task-rest_bold_cleaned,300305,Awake,10.0,9.4,2500.0,0.04416702771,0.07488141889,0.0,0.0,0.0,0.0,0.0,1.0,1.0,0.0,1.0,0.0,1.0,0.0,0.0,0.0,0.0,0.0,0.0,0.0,0.0,0.456506,0.260769,0.26705,0.244729,0.264166,0.255318,0.359431,0.290873,0.335099,0.250227,0.352413,0.356387,0.322035,0.255279,0.397333,0.408706,0.286799,0.220586
sub-0300305_ses-3_run-2_task-rest_bold_cleaned,300305,Awake,10.0,9.4,2500.0,0.04416702771,0.07488141889,0.0,0.0,0.0,0.0,0.0,1.0,1.0,0.0,1.0,0.0,1.0,0.0,0.0,0.0,0.0,0.0,0.0,0.0,0.0,0.597972,0.273847,0.243388,0.310442,0.181822,0.229317,0.300849,0.249266,0.299493,0.176351,0.367814,0.28349,0.26436,0.257229,0.324794,0.332406,0.268277,0.256455
sub-0300305_ses-3_run-3_task-rest_bold_cleaned,300305,Awake,10.0,9.4,2500.0,0.04416702771,0.07488141889,0.0,0.0,0.0,0.0,0.0,1.0,1.0,0.0,1.0,0.0,1.0,0.0,0.0,0.0,0.0,0.0,0.0,0.0,0.0,0.380568,0.275978,0.23099,0.223574,0.197604,0.25501,0.253497,0.234893,0.341272,0.166953,0.336314,0.359346,0.226922,0.192399,0.27265,0.28585,0.286715,0.248312
sub-0300305_ses-3_run-4_task-rest_bold_cleaned,300305,Awake,10.0,9.4,2500.0,0.04416702771,0.07488141889,0.0,0.0,0.0,0.0,0.0,1.0,1.0,0.0,1.0,0.0,1.0,0.0,0.0,0.0,0.0,0.0,0.0,0.0,0.0,0.41111,0.295544,0.275918,0.444664,0.270335,0.379931,0.409389,0.225674,0.416251,0.222689,0.342504,0.364034,0.230425,0.307346,0.446447,0.500358,0.334609,0.307558
sub-0300305_ses-4_run-1_task-rest_bold_cleaned,300305,Awake,10.0,9.4,2500.0,0.0319579266,0.05271397519,0.0,0.0,0.0,0.0,0.0,1.0,1.0,0.0,1.0,0.0,1.0,0.0,0.0,0.0,0.0,0.0,0.0,0.0,0.0,0.42964,0.388607,0.296166,0.367162,0.274691,0.2242,0.369425,0.210375,0.38369,0.280532,0.410265,0.348679,0.232046,0.238661,0.35403,0.248028,0.267836,0.301581
sub-0300305_ses-4_run-2_task-rest_bold_cleaned,300305,Awake,10.0,9.4,2500.0,0.0319579266,0.05271397519,0.0,0.0,0.0,0.0,0.0,1.0,1.0,0.0,1.0,0.0,1.0,0.0,0.0,0.0,0.0,0.0,0.0,0.0,0.0,0.465992,0.384664,0.301715,0.403829,0.323427,0.233548,0.594588,0.295579,0.355477,0.246976,0.402264,0.371223,0.318091,0.223247,0.296616,0.442042,0.269469,0.338595
sub-0300305_ses-4_run-3_task-rest_bold_cleaned,300305,Awake,10.0,9.4,2500.0,0.0319579266,0.05271397519,0.0,0.0,0.0,0.0,0.0,1.0,1.0,0.0,1.0,0.0,1.0,0.0,0.0,0.0,0.0,0.0,0.0,0.0,0.0,0.703644,0.404812,0.275854,0.648738,0.427987,0.290882,0.498342,0.235244,0.512717,0.271394,0.379098,0.353761,0.403051,0.390549,0.351633,0.439776,0.331447,0.299476
sub-0300305_ses-4_run-4_task-rest_bold_cleaned,300305,Awake,10.0,9.4,2500.0,0.0319579266,0.05271397519,0.0,0.0,0.0,0.0,0.0,1.0,1.0,0.0,1.0,0.0,1.0,0.0,0.0,0.0,0.0,0.0,0.0,0.0,0.0,0.674187,0.385553,0.30575,0.464709,0.404738,0.319661,0.50021,0.319185,0.401914,0.279531,0.346118,0.500803,0.355117,0.292841,0.305781,0.55404,0.318709,0.389294
sub-0300305_ses-5_run-1_task-rest_bold_cleaned,300305,Awake,10.0,9.4,2500.0,0.03314097381,0.05635653075,0.0,0.0,0.0,0.0,0.0,1.0,1.0,0.0,1.0,0.0,1.0,0.0,0.0,0.0,0.0,0.0,0.0,0.0,0.0,0.64462,0.340542,0.268575,0.388657,0.333815,0.231105,0.399395,0.224359,0.358396,0.232898,0.389018,0.413815,0.309166,0.24195,0.255335,0.387475,0.303239,0.272318
sub-0300305_ses-5_run-2_task-rest_bold_cleaned,300305,Awake,10.0,9.4,2500.0,0.03314097381,0.05635653075,0.0,0.0,0.0,0.0,0.0,1.0,1.0,0.0,1.0,0.0,1.0,0.0,0.0,0.0,0.0,0.0,0.0,0.0,0.0,0.600693,0.299138,0.320474,0.429393,0.288293,0.2732,0.430212,0.231623,0.415547,0.228886,0.442285,0.455694,0.267691,0.285173,0.318829,0.356773,0.339217,0.223759
sub-0300305_ses-5_run-3_task-rest_bold_cleaned,300305,Awake,10.0,9.4,2500.0,0.03314097381,0.05635653075,0.0,0.0,0.0,0.0,0.0,1.0,1.0,0.0,1.0,0.0,1.0,0.0,0.0,0.0,0.0,0.0,0.0,0.0,0.0,0.537778,0.346123,0.251311,0.337525,0.279373,0.314729,0.529445,0.171119,0.319082,0.244188,0.388974,0.338864,0.241793,0.180795,0.237877,0.339123,0.291198,0.25403
sub-0300305_ses-5_run-4_task-rest_bold_cleaned,300305,Awake,10.0,9.4,2500.0,0.03314097381,0.05635653075,0.0,0.0,0.0,0.0,0.0,1.0,1.0,0.0,1.0,0.0,1.0,0.0,0.0,0.0,0.0,0.0,0.0,0.0,0.0,0.911862,0.448489,0.309645,0.643978,0.32556,0.340972,0.609104,0.393896,0.473541,0.262441,0.491488,0.605852,0.392054,0.370242,0.416973,0.910867,0.38159,0.341792
sub-0300305_ses-6_run-1_task-rest_bold_cleaned,300305,Awake,10.0,9.4,2500.0,0.03011269002,0.05284990759,0.0,0.0,0.0,0.0,0.0,1.0,1.0,0.0,1.0,0.0,1.0,0.0,0.0,0.0,0.0,0.0,0.0,0.0,0.0,0.53372,0.355167,0.307578,0.287934,0.320352,0.28534,0.326014,0.231828,0.428855,0.229939,0.425209,0.495755,0.316441,0.193021,0.35446,0.403046,0.262753,0.280734
sub-0300305_ses-6_run-3_task-rest_bold_cleaned,300305,Awake,10.0,9.4,2500.0,0.03011269002,0.05284990759,0.0,0.0,0.0,0.0,0.0,1.0,1.0,0.0,1.0,0.0,1.0,0.0,0.0,0.0,0.0,0.0,0.0,0.0,0.0,0.65315,0.458308,0.278074,0.474711,0.360667,0.23147,0.336937,0.40657,0.477713,0.300914,0.406283,0.522197,0.304221,0.269125,0.405369,0.420575,0.27646,0.319552
sub-0300305_ses-6_run-4_task-rest_bold_cleaned,300305,Awake,10.0,9.4,2500.0,0.03011269002,0.05284990759,0.0,0.0,0.0,0.0,0.0,1.0,1.0,0.0,1.0,0.0,1.0,0.0,0.0,0.0,0.0,0.0,0.0,0.0,0.0,0.757854,0.391789,0.369179,0.458661,0.400326,0.375503,0.580924,0.267762,0.442934,0.328104,0.493951,0.64293,0.336123,0.304698,0.420044,0.641358,0.429653,0.351659
sub-0300306_ses-1_run-1_task-rest_bold_cleaned,300306,Awake,10.0,9.4,2500.0,0.04329102202,0.07342031322,0.0,0.0,0.0,0.0,0.0,1.0,1.0,0.0,1.0,0.0,1.0,0.0,0.0,0.0,0.0,0.0,0.0,0.0,0.0,0.71789,0.301309,0.242686,0.3362,0.234126,0.255727,0.482629,0.224748,0.284954,0.172477,0.31009,0.334453,0.197231,0.179522,0.380046,0.539633,0.242173,0.227482
sub-0300306_ses-1_run-2_task-rest_bold_cleaned,300306,Awake,10.0,9.4,2500.0,0.04329102202,0.07342031322,0.0,0.0,0.0,0.0,0.0,1.0,1.0,0.0,1.0,0.0,1.0,0.0,0.0,0.0,0.0,0.0,0.0,0.0,0.0,0.735723,0.280559,0.211816,0.377968,0.251599,0.257842,0.414965,0.245202,0.269673,0.191754,0.329701,0.287397,0.242763,0.17438,0.283303,0.340207,0.262264,0.202998
sub-0300306_ses-1_run-3_task-rest_bold_cleaned,300306,Awake,10.0,9.4,2500.0,0.04329102202,0.07342031322,0.0,0.0,0.0,0.0,0.0,1.0,1.0,0.0,1.0,0.0,1.0,0.0,0.0,0.0,0.0,0.0,0.0,0.0,0.0,0.951335,0.339992,0.275338,0.299502,0.259897,0.262001,0.617914,0.254127,0.415574,0.288023,0.532666,0.518092,0.303711,0.169743,0.498187,0.582432,0.322965,0.252027
sub-0300306_ses-1_run-4_task-rest_bold_cleaned,300306,Awake,10.0,9.4,2500.0,0.04329102202,0.07342031322,0.0,0.0,0.0,0.0,0.0,1.0,1.0,0.0,1.0,0.0,1.0,0.0,0.0,0.0,0.0,0.0,0.0,0.0,0.0,0.840003,0.282001,0.271465,0.327433,0.220887,0.243803,0.627569,0.312763,0.471101,0.281596,0.403048,0.586046,0.309435,0.174148,0.370352,0.474872,0.353729,0.256812
sub-0300306_ses-2_run-1_task-rest_bold_cleaned,300306,Awake,10.0,9.4,2500.0,0.06143752069,0.09987557485,0.0,0.0,0.0,0.0,0.0,1.0,1.0,0.0,1.0,0.0,1.0,0.0,0.0,0.0,0.0,0.0,0.0,0.0,0.0,0.436204,0.286108,0.283994,0.536484,0.232697,0.30967,0.519734,0.245098,0.386983,0.366901,0.333456,0.281316,0.317381,0.25342,0.403239,0.423679,0.252499,0.228068
sub-0300306_ses-2_run-2_task-rest_bold_cleaned,300306,Awake,10.0,9.4,2500.0,0.06143752069,0.09987557485,0.0,0.0,0.0,0.0,0.0,1.0,1.0,0.0,1.0,0.0,1.0,0.0,0.0,0.0,0.0,0.0,0.0,0.0,0.0,0.528669,0.39293,0.26308,0.482139,0.290209,0.267862,0.547876,0.263622,0.391301,0.261228,0.441183,0.56284,0.252893,0.226554,0.330151,0.364368,0.362232,0.263578
sub-0300306_ses-2_run-3_task-rest_bold_cleaned,300306,Awake,10.0,9.4,2500.0,0.06143752069,0.09987557485,0.0,0.0,0.0,0.0,0.0,1.0,1.0,0.0,1.0,0.0,1.0,0.0,0.0,0.0,0.0,0.0,0.0,0.0,0.0,0.783439,0.443031,0.319584,0.691993,0.399188,0.322248,0.696363,0.339223,0.627629,0.377709,0.526718,0.525025,0.311836,0.248268,0.406092,0.694397,0.480033,0.316026
sub-0300306_ses-2_run-4_task-rest_bold_cleaned,300306,Awake,10.0,9.4,2500.0,0.06143752069,0.09987557485,0.0,0.0,0.0,0.0,0.0,1.0,1.0,0.0,1.0,0.0,1.0,0.0,0.0,0.0,0.0,0.0,0.0,0.0,0.0,0.693994,0.462601,0.320743,0.725108,0.423623,0.265812,0.665498,0.256628,0.465344,0.327522,0.398018,0.484134,0.317081,0.269694,0.39783,0.517309,0.334135,0.248701
sub-0300306_ses-3_run-1_task-rest_bold_cleaned,300306,Awake,10.0,9.4,2500.0,0.02013661429,0.0347139024,0.0,0.0,0.0,0.0,0.0,1.0,1.0,0.0,1.0,0.0,1.0,0.0,0.0,0.0,0.0,0.0,0.0,0.0,0.0,0.32651,0.254912,0.300129,0.20511,0.235277,0.185562,0.291653,0.198208,0.317007,0.189004,0.324678,0.319548,0.210093,0.203342,0.263995,0.343998,0.261671,0.165169
sub-0300306_ses-3_run-2_task-rest_bold_cleaned,300306,Awake,10.0,9.4,2500.0,0.02013661429,0.0347139024,0.0,0.0,0.0,0.0,0.0,1.0,1.0,0.0,1.0,0.0,1.0,0.0,0.0,0.0,0.0,0.0,0.0,0.0,0.0,0.674404,0.352317,0.212336,0.36878,0.296355,0.218629,0.323775,0.190866,0.359384,0.250837,0.302921,0.271472,0.241347,0.220228,0.326189,0.374131,0.254882,0.22777
sub-0300306_ses-3_run-3_task-rest_bold_cleaned,300306,Awake,10.0,9.4,2500.0,0.02013661429,0.0347139024,0.0,0.0,0.0,0.0,0.0,1.0,1.0,0.0,1.0,0.0,1.0,0.0,0.0,0.0,0.0,0.0,0.0,0.0,0.0,0.895634,0.397821,0.23929,0.378799,0.190786,0.216147,0.400921,0.233061,0.405265,0.230511,0.327762,0.274741,0.215718,0.221591,0.28782,0.328913,0.368459,0.235984
sub-0300306_ses-3_run-4_task-rest_bold_cleaned,300306,Awake,10.0,9.4,2500.0,0.02013661429,0.0347139024,0.0,0.0,0.0,0.0,0.0,1.0,1.0,0.0,1.0,0.0,1.0,0.0,0.0,0.0,0.0,0.0,0.0,0.0,0.0,0.631156,0.376358,0.280228,0.527266,0.308806,0.288,0.436096,0.213495,0.484468,0.317211,0.329446,0.360465,0.303197,0.314308,0.321173,0.46174,0.300588,0.32226
sub-0300306_ses-4_run-1_task-rest_bold_cleaned,300306,Awake,10.0,9.4,2500.0,0.02925909923,0.0484063095,0.0,0.0,0.0,0.0,0.0,1.0,1.0,0.0,1.0,0.0,1.0,0.0,0.0,0.0,0.0,0.0,0.0,0.0,0.0,0.478017,0.275018,0.267635,0.338392,0.226412,0.264435,0.321961,0.244831,0.385338,0.250268,0.305161,0.414581,0.349828,0.201906,0.343144,0.545939,0.295726,0.255628
sub-0300306_ses-4_run-2_task-rest_bold_cleaned,300306,Awake,10.0,9.4,2500.0,0.02925909923,0.0484063095,0.0,0.0,0.0,0.0,0.0,1.0,1.0,0.0,1.0,0.0,1.0,0.0,0.0,0.0,0.0,0.0,0.0,0.0,0.0,0.607534,0.498403,0.265239,0.484393,0.342869,0.272787,0.547947,0.192844,0.369481,0.223667,0.379222,0.33411,0.276747,0.204264,0.359749,0.424492,0.239921,0.338154
sub-0300306_ses-4_run-3_task-rest_bold_cleaned,300306,Awake,10.0,9.4,2500.0,0.02925909923,0.0484063095,0.0,0.0,0.0,0.0,0.0,1.0,1.0,0.0,1.0,0.0,1.0,0.0,0.0,0.0,0.0,0.0,0.0,0.0,0.0,0.750278,0.476337,0.310263,0.518889,0.412636,0.363781,0.625026,0.397734,0.533303,0.416732,0.643819,0.723023,0.427406,0.308669,0.493192,0.413522,0.436861,0.349467
sub-0300306_ses-5_run-1_task-rest_bold_cleaned,300306,Awake,10.0,9.4,2500.0,0.0274299076,0.04403155166,0.0,0.0,0.0,0.0,0.0,1.0,1.0,0.0,1.0,0.0,1.0,0.0,0.0,0.0,0.0,0.0,0.0,0.0,0.0,0.349457,0.349777,0.27363,0.256242,0.212902,0.223686,0.209115,0.220129,0.356115,0.181918,0.290008,0.261477,0.220612,0.208821,0.303058,0.278951,0.276319,0.251546
sub-0300306_ses-5_run-2_task-rest_bold_cleaned,300306,Awake,10.0,9.4,2500.0,0.0274299076,0.04403155166,0.0,0.0,0.0,0.0,0.0,1.0,1.0,0.0,1.0,0.0,1.0,0.0,0.0,0.0,0.0,0.0,0.0,0.0,0.0,0.330482,0.360959,0.300688,0.366878,0.225718,0.24495,0.302349,0.271958,0.44857,0.152652,0.361368,0.23033,0.248776,0.267929,0.300439,0.289786,0.358701,0.364194
sub-0300306_ses-5_run-3_task-rest_bold_cleaned,300306,Awake,10.0,9.4,2500.0,0.0274299076,0.04403155166,0.0,0.0,0.0,0.0,0.0,1.0,1.0,0.0,1.0,0.0,1.0,0.0,0.0,0.0,0.0,0.0,0.0,0.0,0.0,0.62721,0.566158,0.377166,0.50772,0.353846,0.336362,0.466553,0.382117,0.60452,0.381841,0.34629,0.500621,0.285215,0.217149,0.43137,0.362122,0.310807,0.471039
sub-0300306_ses-5_run-4_task-rest_bold_cleaned,300306,Awake,10.0,9.4,2500.0,0.0274299076,0.04403155166,0.0,0.0,0.0,0.0,0.0,1.0,1.0,0.0,1.0,0.0,1.0,0.0,0.0,0.0,0.0,0.0,0.0,0.0,0.0,0.690713,0.753387,0.280228,0.39224,0.289137,0.244187,0.443149,0.233009,0.620428,0.184519,0.328549,0.330064,0.248966,0.188517,0.307642,0.375919,0.3227,0.543245
sub-0300306_ses-6_run-1_task-rest_bold_cleaned,300306,Awake,10.0,9.4,2500.0,0.03932020668,0.06005553341,0.0,0.0,0.0,0.0,0.0,1.0,1.0,0.0,1.0,0.0,1.0,0.0,0.0,0.0,0.0,0.0,0.0,0.0,0.0,0.943994,0.434143,0.314837,0.47365,0.219352,0.230687,0.512948,0.282839,0.583163,0.344572,0.37833,0.446131,0.303887,0.268659,0.342067,0.470392,0.286552,0.275796
sub-0300306_ses-6_run-3_task-rest_bold_cleaned,300306,Awake,10.0,9.4,2500.0,0.03932020668,0.06005553341,0.0,0.0,0.0,0.0,0.0,1.0,1.0,0.0,1.0,0.0,1.0,0.0,0.0,0.0,0.0,0.0,0.0,0.0,0.0,0.992981,0.488375,0.30757,0.54924,0.351943,0.387171,0.808793,0.235908,0.506752,0.358211,0.552042,0.416312,0.346142,0.336356,0.367668,0.640516,0.416098,0.323619
sub-0300306_ses-6_run-4_task-rest_bold_cleaned,300306,Awake,10.0,9.4,2500.0,0.03932020668,0.06005553341,0.0,0.0,0.0,0.0,0.0,1.0,1.0,0.0,1.0,0.0,1.0,0.0,0.0,0.0,0.0,0.0,0.0,0.0,0.0,0.903458,0.346108,0.305296,0.785274,0.267314,0.393111,0.736281,0.388499,0.566581,0.406698,0.584323,0.522274,0.378078,0.402665,0.496477,0.524541,0.401928,0.215986
sub-0300306_ses-7_run-1_task-rest_bold_cleaned,300306,Awake,10.0,9.4,2500.0,0.0341547265,0.05634586298,0.0,0.0,0.0,0.0,0.0,1.0,1.0,0.0,1.0,0.0,1.0,0.0,0.0,0.0,0.0,0.0,0.0,0.0,0.0,0.491469,0.513862,0.284419,0.58484,0.372412,0.305298,0.49191,0.265272,0.532762,0.256226,0.340223,0.377874,0.26737,0.21608,0.42434,0.357937,0.252416,0.254086
sub-0300306_ses-7_run-2_task-rest_bold_cleaned,300306,Awake,10.0,9.4,2500.0,0.0341547265,0.05634586298,0.0,0.0,0.0,0.0,0.0,1.0,1.0,0.0,1.0,0.0,1.0,0.0,0.0,0.0,0.0,0.0,0.0,0.0,0.0,0.79021,0.521148,0.339297,0.565658,0.258033,0.497545,0.296913,0.226236,0.628549,0.3352,0.327624,0.455975,0.35664,0.286997,0.385801,0.593605,0.317305,0.440164
sub-0300306_ses-7_run-4_task-rest_bold_cleaned,300306,Awake,10.0,9.4,2500.0,0.0341547265,0.05634586298,0.0,0.0,0.0,0.0,0.0,1.0,1.0,0.0,1.0,0.0,1.0,0.0,0.0,0.0,0.0,0.0,0.0,0.0,0.0,0.407242,0.397131,0.264113,0.393714,0.325181,0.266985,0.574209,0.326248,0.623803,0.268251,0.547774,0.598236,0.300622,0.249399,0.478586,0.301674,0.366519,0.256359
sub-0300307_ses-1_run-1_task-rest_bold_cleaned,300307,Awake,10.0,9.4,2500.0,0.05148673873,0.08487380983,0.0,0.0,0.0,0.0,0.0,1.0,1.0,0.0,1.0,0.0,1.0,0.0,0.0,0.0,0.0,0.0,0.0,0.0,0.0,0.894164,0.300692,0.294343,0.326452,0.306107,0.241998,0.352225,0.305434,0.38071,0.204572,0.511509,0.57954,0.295932,0.235668,0.464737,0.482975,0.315122,0.285014
sub-0300307_ses-1_run-2_task-rest_bold_cleaned,300307,Awake,10.0,9.4,2500.0,0.05148673873,0.08487380983,0.0,0.0,0.0,0.0,0.0,1.0,1.0,0.0,1.0,0.0,1.0,0.0,0.0,0.0,0.0,0.0,0.0,0.0,0.0,0.660646,0.375231,0.249137,0.344614,0.255131,0.310381,0.457582,0.331701,0.322765,0.278371,0.386861,0.576102,0.285141,0.211779,0.452064,0.408911,0.298875,0.248087
sub-0300307_ses-1_run-3_task-rest_bold_cleaned,300307,Awake,10.0,9.4,2500.0,0.05148673873,0.08487380983,0.0,0.0,0.0,0.0,0.0,1.0,1.0,0.0,1.0,0.0,1.0,0.0,0.0,0.0,0.0,0.0,0.0,0.0,0.0,0.808257,0.351495,0.338268,0.341057,0.254056,0.308413,0.566861,0.318839,0.475068,0.24535,0.453772,0.6675,0.333219,0.22524,0.360937,0.529705,0.290997,0.388325
sub-0300307_ses-1_run-4_task-rest_bold_cleaned,300307,Awake,10.0,9.4,2500.0,0.05148673873,0.08487380983,0.0,0.0,0.0,0.0,0.0,1.0,1.0,0.0,1.0,0.0,1.0,0.0,0.0,0.0,0.0,0.0,0.0,0.0,0.0,0.459484,0.334739,0.320979,0.417906,0.289692,0.309558,0.344284,0.359956,0.428558,0.189969,0.440758,0.580737,0.298481,0.214647,0.428109,0.419358,0.345094,0.343247
sub-0300307_ses-2_run-1_task-rest_bold_cleaned,300307,Awake,10.0,9.4,2500.0,0.04205190675,0.06820774118,0.0,0.0,0.0,0.0,0.0,1.0,1.0,0.0,1.0,0.0,1.0,0.0,0.0,0.0,0.0,0.0,0.0,0.0,0.0,0.666411,0.318219,0.261847,0.442347,0.320253,0.315279,0.489726,0.226572,0.409589,0.273368,0.295214,0.372186,0.284301,0.195444,0.352869,0.447026,0.30488,0.254407
sub-0300307_ses-2_run-2_task-rest_bold_cleaned,300307,Awake,10.0,9.4,2500.0,0.04205190675,0.06820774118,0.0,0.0,0.0,0.0,0.0,1.0,1.0,0.0,1.0,0.0,1.0,0.0,0.0,0.0,0.0,0.0,0.0,0.0,0.0,0.786384,0.37506,0.248047,0.488416,0.251332,0.47196,0.602014,0.434183,0.45754,0.269158,0.407432,0.443589,0.336456,0.221338,0.348387,0.41267,0.310894,0.43459
sub-0300307_ses-2_run-3_task-rest_bold_cleaned,300307,Awake,10.0,9.4,2500.0,0.04205190675,0.06820774118,0.0,0.0,0.0,0.0,0.0,1.0,1.0,0.0,1.0,0.0,1.0,0.0,0.0,0.0,0.0,0.0,0.0,0.0,0.0,0.854906,0.484515,0.268524,0.46884,0.31851,0.344113,0.456272,0.359657,0.502487,0.283312,0.450322,0.354041,0.301393,0.260399,0.37422,0.392521,0.449994,0.31593
sub-0300307_ses-2_run-4_task-rest_bold_cleaned,300307,Awake,10.0,9.4,2500.0,0.04205190675,0.06820774118,0.0,0.0,0.0,0.0,0.0,1.0,1.0,0.0,1.0,0.0,1.0,0.0,0.0,0.0,0.0,0.0,0.0,0.0,0.0,0.764551,0.362129,0.267101,0.527626,0.319372,0.244305,0.649486,0.293492,0.350799,0.226743,0.474963,0.416415,0.338438,0.382143,0.419174,0.509253,0.320085,0.352943
sub-0300307_ses-3_run-1_task-rest_bold_cleaned,300307,Awake,10.0,9.4,2500.0,0.04026903889,0.06763453344,0.0,0.0,0.0,0.0,0.0,1.0,1.0,0.0,1.0,0.0,1.0,0.0,0.0,0.0,0.0,0.0,0.0,0.0,0.0,0.681648,0.276163,0.224004,0.353041,0.338427,0.219926,0.51415,0.327627,0.362071,0.207334,0.36295,0.36404,0.303266,0.218548,0.318533,0.450742,0.258723,0.244787
sub-0300307_ses-3_run-2_task-rest_bold_cleaned,300307,Awake,10.0,9.4,2500.0,0.04026903889,0.06763453344,0.0,0.0,0.0,0.0,0.0,1.0,1.0,0.0,1.0,0.0,1.0,0.0,0.0,0.0,0.0,0.0,0.0,0.0,0.0,0.621853,0.385784,0.227393,0.382404,0.271089,0.317266,0.441339,0.190522,0.333781,0.254544,0.365977,0.329612,0.276875,0.258311,0.283672,0.369117,0.290115,0.218275
sub-0300307_ses-3_run-3_task-rest_bold_cleaned,300307,Awake,10.0,9.4,2500.0,0.04026903889,0.06763453344,0.0,0.0,0.0,0.0,0.0,1.0,1.0,0.0,1.0,0.0,1.0,0.0,0.0,0.0,0.0,0.0,0.0,0.0,0.0,0.555501,0.340743,0.227906,0.430616,0.24048,0.328922,0.462206,0.227927,0.338928,0.246614,0.374488,0.329446,0.30011,0.2882,0.371644,0.554262,0.310641,0.256702
sub-0300307_ses-3_run-4_task-rest_bold_cleaned,300307,Awake,10.0,9.4,2500.0,0.04026903889,0.06763453344,0.0,0.0,0.0,0.0,0.0,1.0,1.0,0.0,1.0,0.0,1.0,0.0,0.0,0.0,0.0,0.0,0.0,0.0,0.0,0.457832,0.364983,0.224111,0.387789,0.240578,0.29753,0.686671,0.225567,0.308172,0.231563,0.329965,0.31171,0.250865,0.248809,0.371299,0.41643,0.242432,0.28054
sub-0300307_ses-4_run-1_task-rest_bold_cleaned,300307,Awake,10.0,9.4,2500.0,0.03082365506,0.04962666898,0.0,0.0,0.0,0.0,0.0,1.0,1.0,0.0,1.0,0.0,1.0,0.0,0.0,0.0,0.0,0.0,0.0,0.0,0.0,0.612167,0.358954,0.277788,0.4333,0.262625,0.32172,0.548613,0.292268,0.306354,0.256535,0.300716,0.311137,0.25515,0.191766,0.33573,0.302056,0.304639,0.275171
sub-0300307_ses-4_run-2_task-rest_bold_cleaned,300307,Awake,10.0,9.4,2500.0,0.03082365506,0.04962666898,0.0,0.0,0.0,0.0,0.0,1.0,1.0,0.0,1.0,0.0,1.0,0.0,0.0,0.0,0.0,0.0,0.0,0.0,0.0,0.57446,0.321016,0.248075,0.454907,0.264752,0.381948,0.63627,0.273014,0.335445,0.293276,0.396542,0.251231,0.275307,0.204413,0.332404,0.393042,0.342747,0.439584
sub-0300307_ses-4_run-4_task-rest_bold_cleaned,300307,Awake,10.0,9.4,2500.0,0.03082365506,0.04962666898,0.0,0.0,0.0,0.0,0.0,1.0,1.0,0.0,1.0,0.0,1.0,0.0,0.0,0.0,0.0,0.0,0.0,0.0,0.0,0.67554,0.493184,0.341875,0.469996,0.301738,0.360572,0.591517,0.235632,0.399815,0.285576,0.313272,0.312688,0.248189,0.306523,0.353511,0.596741,0.306407,0.301606
sub-0300308_ses-1_run-1_task-rest_bold_cleaned,300308,Awake,10.0,9.4,2500.0,0.03617900332,0.0572306944,0.0,0.0,0.0,0.0,0.0,1.0,1.0,0.0,1.0,0.0,1.0,0.0,0.0,0.0,0.0,0.0,0.0,0.0,0.0,0.45098,0.3305,0.237227,0.22741,0.210676,0.246634,0.243842,0.240701,0.298229,0.188313,0.320287,0.278053,0.226837,0.187103,0.384202,0.282548,0.246236,0.181844
sub-0300308_ses-1_run-2_task-rest_bold_cleaned,300308,Awake,10.0,9.4,2500.0,0.03617900332,0.0572306944,0.0,0.0,0.0,0.0,0.0,1.0,1.0,0.0,1.0,0.0,1.0,0.0,0.0,0.0,0.0,0.0,0.0,0.0,0.0,0.417998,0.257059,0.25542,0.350301,0.27189,0.296462,0.437611,0.288197,0.343813,0.218215,0.290997,0.271047,0.288956,0.25573,0.334029,0.40786,0.301135,0.274271
sub-0300308_ses-1_run-3_task-rest_bold_cleaned,300308,Awake,10.0,9.4,2500.0,0.03617900332,0.0572306944,0.0,0.0,0.0,0.0,0.0,1.0,1.0,0.0,1.0,0.0,1.0,0.0,0.0,0.0,0.0,0.0,0.0,0.0,0.0,0.643862,0.330049,0.267084,0.348622,0.333494,0.263445,0.374822,0.257791,0.336724,0.199451,0.307233,0.272336,0.299463,0.175042,0.307173,0.398275,0.276802,0.269672
sub-0300308_ses-1_run-4_task-rest_bold_cleaned,300308,Awake,10.0,9.4,2500.0,0.03617900332,0.0572306944,0.0,0.0,0.0,0.0,0.0,1.0,1.0,0.0,1.0,0.0,1.0,0.0,0.0,0.0,0.0,0.0,0.0,0.0,0.0,0.627498,0.235443,0.287136,0.423114,0.389016,0.24506,0.431685,0.247034,0.415196,0.247448,0.342328,0.353925,0.249479,0.297408,0.305135,0.421369,0.334302,0.255939
sub-0300308_ses-2_run-1_task-rest_bold_cleaned,300308,Awake,10.0,9.4,2500.0,0.02750312326,0.04692540742,0.0,0.0,0.0,0.0,0.0,1.0,1.0,0.0,1.0,0.0,1.0,0.0,0.0,0.0,0.0,0.0,0.0,0.0,0.0,0.432796,0.31659,0.266518,0.240367,0.222871,0.312258,0.361107,0.251454,0.325959,0.195937,0.350401,0.348861,0.219431,0.234217,0.316563,0.374432,0.271699,0.231395
sub-0300308_ses-2_run-2_task-rest_bold_cleaned,300308,Awake,10.0,9.4,2500.0,0.02750312326,0.04692540742,0.0,0.0,0.0,0.0,0.0,1.0,1.0,0.0,1.0,0.0,1.0,0.0,0.0,0.0,0.0,0.0,0.0,0.0,0.0,0.614893,0.302709,0.326276,0.443749,0.270297,0.309875,0.349678,0.305792,0.355956,0.22783,0.438516,0.353767,0.287305,0.212178,0.342667,0.29773,0.332318,0.258673
sub-0300308_ses-2_run-3_task-rest_bold_cleaned,300308,Awake,10.0,9.4,2500.0,0.02750312326,0.04692540742,0.0,0.0,0.0,0.0,0.0,1.0,1.0,0.0,1.0,0.0,1.0,0.0,0.0,0.0,0.0,0.0,0.0,0.0,0.0,0.499502,0.287323,0.23741,0.400324,0.272277,0.209306,0.539525,0.244874,0.369778,0.213805,0.322592,0.305356,0.310435,0.251146,0.359809,0.413368,0.27637,0.182207
sub-0300308_ses-2_run-4_task-rest_bold_cleaned,300308,Awake,10.0,9.4,2500.0,0.02750312326,0.04692540742,0.0,0.0,0.0,0.0,0.0,1.0,1.0,0.0,1.0,0.0,1.0,0.0,0.0,0.0,0.0,0.0,0.0,0.0,0.0,0.726391,0.394496,0.277851,0.408509,0.275076,0.287704,0.644096,0.278487,0.369125,0.268732,0.40403,0.359827,0.347572,0.239089,0.373894,0.387445,0.312468,0.309118
sub-0300308_ses-3_run-1_task-rest_bold_cleaned,300308,Awake,10.0,9.4,2500.0,0.02715432618,0.04540762477,0.0,0.0,0.0,0.0,0.0,1.0,1.0,0.0,1.0,0.0,1.0,0.0,0.0,0.0,0.0,0.0,0.0,0.0,0.0,0.391212,0.259448,0.3034,0.360171,0.237605,0.309657,0.305753,0.218538,0.334834,0.246199,0.250336,0.220744,0.24057,0.22975,0.405541,0.529644,0.290407,0.240023
sub-0300308_ses-3_run-2_task-rest_bold_cleaned,300308,Awake,10.0,9.4,2500.0,0.02715432618,0.04540762477,0.0,0.0,0.0,0.0,0.0,1.0,1.0,0.0,1.0,0.0,1.0,0.0,0.0,0.0,0.0,0.0,0.0,0.0,0.0,0.58239,0.460328,0.271475,0.392905,0.304573,0.216708,0.418469,0.217776,0.501469,0.250468,0.38885,0.276372,0.298145,0.329379,0.297398,0.359539,0.304411,0.277988
sub-0300308_ses-3_run-3_task-rest_bold_cleaned,300308,Awake,10.0,9.4,2500.0,0.02715432618,0.04540762477,0.0,0.0,0.0,0.0,0.0,1.0,1.0,0.0,1.0,0.0,1.0,0.0,0.0,0.0,0.0,0.0,0.0,0.0,0.0,0.440708,0.324721,0.233592,0.581506,0.39538,0.367069,0.519601,0.29004,0.347047,0.313017,0.416272,0.320302,0.324869,0.192862,0.404956,0.485982,0.291895,0.189518
sub-0300308_ses-3_run-4_task-rest_bold_cleaned,300308,Awake,10.0,9.4,2500.0,0.02715432618,0.04540762477,0.0,0.0,0.0,0.0,0.0,1.0,1.0,0.0,1.0,0.0,1.0,0.0,0.0,0.0,0.0,0.0,0.0,0.0,0.0,0.659037,0.355756,0.350411,0.400334,0.274704,0.243458,0.549813,0.28503,0.474976,0.24317,0.440441,0.357505,0.322881,0.282038,0.376164,0.457777,0.304679,0.411832
sub-0300308_ses-4_run-1_task-rest_bold_cleaned,300308,Awake,10.0,9.4,2500.0,0.0312796844,0.05372670393,0.0,0.0,0.0,0.0,0.0,1.0,1.0,0.0,1.0,0.0,1.0,0.0,0.0,0.0,0.0,0.0,0.0,0.0,0.0,0.531935,0.340296,0.250594,0.416519,0.294828,0.363113,0.44586,0.238542,0.337088,0.248008,0.361001,0.266102,0.308306,0.194841,0.342828,0.582537,0.357339,0.283946
sub-0300308_ses-4_run-2_task-rest_bold_cleaned,300308,Awake,10.0,9.4,2500.0,0.0312796844,0.05372670393,0.0,0.0,0.0,0.0,0.0,1.0,1.0,0.0,1.0,0.0,1.0,0.0,0.0,0.0,0.0,0.0,0.0,0.0,0.0,0.619848,0.479714,0.386769,0.36604,0.355071,0.404955,0.509781,0.290342,0.436765,0.249102,0.484953,0.365509,0.355883,0.295963,0.316076,0.514755,0.439345,0.332814
sub-0300308_ses-4_run-3_task-rest_bold_cleaned,300308,Awake,10.0,9.4,2500.0,0.0312796844,0.05372670393,0.0,0.0,0.0,0.0,0.0,1.0,1.0,0.0,1.0,0.0,1.0,0.0,0.0,0.0,0.0,0.0,0.0,0.0,0.0,0.638525,0.460115,0.345745,0.420033,0.336973,0.246126,0.486375,0.267197,0.407412,0.237152,0.36843,0.451889,0.325343,0.30063,0.365242,0.386261,0.255151,0.215991
sub-0300308_ses-4_run-4_task-rest_bold_cleaned,300308,Awake,10.0,9.4,2500.0,0.0312796844,0.05372670393,0.0,0.0,0.0,0.0,0.0,1.0,1.0,0.0,1.0,0.0,1.0,0.0,0.0,0.0,0.0,0.0,0.0,0.0,0.0,0.753675,0.346803,0.268653,0.464101,0.331991,0.30035,0.40998,0.301026,0.344986,0.24717,0.325078,0.341591,0.333658,0.279292,0.38965,0.479676,0.329047,0.409174
sub-0300308_ses-5_run-1_task-rest_bold_cleaned,300308,Awake,10.0,9.4,2500.0,0.04469908299,0.07543937966,0.0,0.0,0.0,0.0,0.0,1.0,1.0,0.0,1.0,0.0,1.0,0.0,0.0,0.0,0.0,0.0,0.0,0.0,0.0,0.606725,0.358041,0.238023,0.325792,0.326451,0.212284,0.534941,0.188779,0.500359,0.181141,0.329646,0.281495,0.304806,0.16319,0.369641,0.377244,0.282982,0.228854
sub-0300308_ses-5_run-2_task-rest_bold_cleaned,300308,Awake,10.0,9.4,2500.0,0.04469908299,0.07543937966,0.0,0.0,0.0,0.0,0.0,1.0,1.0,0.0,1.0,0.0,1.0,0.0,0.0,0.0,0.0,0.0,0.0,0.0,0.0,0.662531,0.585261,0.346424,0.456398,0.366315,0.280498,0.641346,0.275185,0.383283,0.234211,0.294786,0.363997,0.233866,0.186714,0.312649,0.375549,0.299296,0.299794
sub-0300308_ses-5_run-3_task-rest_bold_cleaned,300308,Awake,10.0,9.4,2500.0,0.04469908299,0.07543937966,0.0,0.0,0.0,0.0,0.0,1.0,1.0,0.0,1.0,0.0,1.0,0.0,0.0,0.0,0.0,0.0,0.0,0.0,0.0,0.921911,0.339016,0.253546,0.405917,0.283128,0.277387,0.405135,0.256406,0.460575,0.199078,0.36309,0.336521,0.281416,0.331355,0.306915,0.343791,0.339147,0.336096
sub-0300308_ses-5_run-4_task-rest_bold_cleaned,300308,Awake,10.0,9.4,2500.0,0.04469908299,0.07543937966,0.0,0.0,0.0,0.0,0.0,1.0,1.0,0.0,1.0,0.0,1.0,0.0,0.0,0.0,0.0,0.0,0.0,0.0,0.0,0.656895,0.483202,0.334213,0.297366,0.441375,0.288855,0.579218,0.217318,0.317548,0.226725,0.308384,0.362108,0.278142,0.234829,0.391386,0.334234,0.224404,0.290394
sub-0300308_ses-6_run-1_task-rest_bold_cleaned,300308,Awake,10.0,9.4,2500.0,0.02797026848,0.04791489599,0.0,0.0,0.0,0.0,0.0,1.0,1.0,0.0,1.0,0.0,1.0,0.0,0.0,0.0,0.0,0.0,0.0,0.0,0.0,0.413944,0.244419,0.249808,0.300529,0.287119,0.223583,0.335291,0.245459,0.419166,0.21538,0.31467,0.280772,0.229228,0.22471,0.385793,0.353627,0.273979,0.288598
sub-0300308_ses-6_run-2_task-rest_bold_cleaned,300308,Awake,10.0,9.4,2500.0,0.02797026848,0.04791489599,0.0,0.0,0.0,0.0,0.0,1.0,1.0,0.0,1.0,0.0,1.0,0.0,0.0,0.0,0.0,0.0,0.0,0.0,0.0,0.40203,0.386486,0.296694,0.380582,0.341799,0.277837,0.402881,0.246146,0.336585,0.309258,0.35736,0.351771,0.331143,0.224477,0.396054,0.392349,0.319563,0.421003
sub-0300308_ses-6_run-3_task-rest_bold_cleaned,300308,Awake,10.0,9.4,2500.0,0.02797026848,0.04791489599,0.0,0.0,0.0,0.0,0.0,1.0,1.0,0.0,1.0,0.0,1.0,0.0,0.0,0.0,0.0,0.0,0.0,0.0,0.0,0.480969,0.263288,0.256486,0.339747,0.215668,0.242758,0.50263,0.213985,0.382755,0.255461,0.374716,0.31577,0.286105,0.205141,0.354721,0.424818,0.28488,0.319933
sub-0300308_ses-6_run-4_task-rest_bold_cleaned,300308,Awake,10.0,9.4,2500.0,0.02797026848,0.04791489599,0.0,0.0,0.0,0.0,0.0,1.0,1.0,0.0,1.0,0.0,1.0,0.0,0.0,0.0,0.0,0.0,0.0,0.0,0.0,0.739883,0.639486,0.371098,0.548002,0.366258,0.31372,0.611983,0.30087,0.598854,0.333539,0.378197,0.317176,0.347818,0.284218,0.396749,0.566932,0.391369,0.345268
sub-0300308_ses-7_run-1_task-rest_bold_cleaned,300308,Awake,10.0,9.4,2500.0,0.0394381316,0.06413262147,0.0,0.0,0.0,0.0,0.0,1.0,1.0,0.0,1.0,0.0,1.0,0.0,0.0,0.0,0.0,0.0,0.0,0.0,0.0,0.505798,0.315556,0.329478,0.224282,0.274205,0.277919,0.33878,0.226667,0.317438,0.185309,0.272897,0.326825,0.304219,0.238573,0.296832,0.427313,0.312528,0.276603
sub-0300308_ses-7_run-2_task-rest_bold_cleaned,300308,Awake,10.0,9.4,2500.0,0.0394381316,0.06413262147,0.0,0.0,0.0,0.0,0.0,1.0,1.0,0.0,1.0,0.0,1.0,0.0,0.0,0.0,0.0,0.0,0.0,0.0,0.0,0.586814,0.325277,0.25159,0.400181,0.309724,0.289816,0.714852,0.268978,0.54908,0.239618,0.504853,0.378719,0.313682,0.267999,0.317212,0.444044,0.335768,0.241678
sub-0300308_ses-7_run-3_task-rest_bold_cleaned,300308,Awake,10.0,9.4,2500.0,0.0394381316,0.06413262147,0.0,0.0,0.0,0.0,0.0,1.0,1.0,0.0,1.0,0.0,1.0,0.0,0.0,0.0,0.0,0.0,0.0,0.0,0.0,0.66122,0.392562,0.335867,0.594621,0.315991,0.295875,0.47928,0.28013,0.479534,0.250344,0.332166,0.387806,0.391418,0.282344,0.373174,0.477956,0.260326,0.31468
sub-0300308_ses-7_run-4_task-rest_bold_cleaned,300308,Awake,10.0,9.4,2500.0,0.0394381316,0.06413262147,0.0,0.0,0.0,0.0,0.0,1.0,1.0,0.0,1.0,0.0,1.0,0.0,0.0,0.0,0.0,0.0,0.0,0.0,0.0,0.658324,0.431277,0.338879,0.415665,0.323443,0.402008,0.62914,0.226176,0.39612,0.285111,0.51506,0.401563,0.327857,0.282495,0.467953,0.547093,0.566691,0.563431
sub-0300309_ses-1_run-1_task-rest_bold_cleaned,300309,Awake,10.0,9.4,2500.0,0.04876720348,0.07776294756,0.0,0.0,0.0,0.0,0.0,1.0,1.0,0.0,1.0,0.0,1.0,0.0,0.0,0.0,0.0,0.0,0.0,0.0,0.0,0.451573,0.333808,0.266085,0.294648,0.26603,0.31843,0.677728,0.293281,0.378286,0.20661,0.285119,0.486684,0.350078,0.218624,0.412355,0.755836,0.322023,0.260477
sub-0300309_ses-1_run-2_task-rest_bold_cleaned,300309,Awake,10.0,9.4,2500.0,0.04876720348,0.07776294756,0.0,0.0,0.0,0.0,0.0,1.0,1.0,0.0,1.0,0.0,1.0,0.0,0.0,0.0,0.0,0.0,0.0,0.0,0.0,0.534638,0.264186,0.222089,0.340583,0.237354,0.276559,0.460606,0.268149,0.328263,0.217112,0.312425,0.320252,0.302055,0.194009,0.298756,0.422798,0.378219,0.272093
sub-0300309_ses-1_run-3_task-rest_bold_cleaned,300309,Awake,10.0,9.4,2500.0,0.04876720348,0.07776294756,0.0,0.0,0.0,0.0,0.0,1.0,1.0,0.0,1.0,0.0,1.0,0.0,0.0,0.0,0.0,0.0,0.0,0.0,0.0,0.559452,0.266896,0.22782,0.220661,0.281196,0.287235,0.427893,0.2511,0.255808,0.229129,0.358012,0.340432,0.239264,0.195623,0.28558,0.331845,0.216722,0.207128
sub-0300309_ses-1_run-4_task-rest_bold_cleaned,300309,Awake,10.0,9.4,2500.0,0.04876720348,0.07776294756,0.0,0.0,0.0,0.0,0.0,1.0,1.0,0.0,1.0,0.0,1.0,0.0,0.0,0.0,0.0,0.0,0.0,0.0,0.0,0.828087,0.397763,0.285703,0.463645,0.323576,0.325638,0.565397,0.283051,0.457808,0.244623,0.358309,0.339343,0.295649,0.238746,0.398779,0.621138,0.270669,0.223176
sub-0300309_ses-2_run-1_task-rest_bold_cleaned,300309,Awake,10.0,9.4,2500.0,0.04697764511,0.07923265265,0.0,0.0,0.0,0.0,0.0,1.0,1.0,0.0,1.0,0.0,1.0,0.0,0.0,0.0,0.0,0.0,0.0,0.0,0.0,0.586195,0.31969,0.249017,0.241067,0.289456,0.244144,0.322958,0.242906,0.295243,0.247691,0.401778,0.362203,0.269194,0.232198,0.299844,0.404778,0.343269,0.288924
sub-0300309_ses-2_run-2_task-rest_bold_cleaned,300309,Awake,10.0,9.4,2500.0,0.04697764511,0.07923265265,0.0,0.0,0.0,0.0,0.0,1.0,1.0,0.0,1.0,0.0,1.0,0.0,0.0,0.0,0.0,0.0,0.0,0.0,0.0,0.845361,0.380672,0.283898,0.35427,0.399458,0.288102,0.675431,0.292729,0.51805,0.295632,0.433571,0.345525,0.284395,0.25312,0.403519,0.420976,0.337883,0.274663
sub-0300309_ses-2_run-3_task-rest_bold_cleaned,300309,Awake,10.0,9.4,2500.0,0.04697764511,0.07923265265,0.0,0.0,0.0,0.0,0.0,1.0,1.0,0.0,1.0,0.0,1.0,0.0,0.0,0.0,0.0,0.0,0.0,0.0,0.0,0.718068,0.359327,0.225734,0.313303,0.348638,0.250702,0.566783,0.314153,0.385413,0.171967,0.32369,0.414966,0.33212,0.227646,0.340156,0.475285,0.35113,0.291451
sub-0300309_ses-2_run-4_task-rest_bold_cleaned,300309,Awake,10.0,9.4,2500.0,0.04697764511,0.07923265265,0.0,0.0,0.0,0.0,0.0,1.0,1.0,0.0,1.0,0.0,1.0,0.0,0.0,0.0,0.0,0.0,0.0,0.0,0.0,0.789548,0.353749,0.315334,0.359968,0.324855,0.338623,0.483772,0.323071,0.472911,0.23789,0.472188,0.341594,0.291419,0.232368,0.411725,0.439596,0.318213,0.321043
sub-0300309_ses-3_run-1_task-rest_bold_cleaned,300309,Awake,10.0,9.4,2500.0,0.04493269771,0.07154803696,0.0,0.0,0.0,0.0,0.0,1.0,1.0,0.0,1.0,0.0,1.0,0.0,0.0,0.0,0.0,0.0,0.0,0.0,0.0,0.696667,0.352292,0.32513,0.302915,0.300353,0.312766,0.318934,0.261846,0.424927,0.192604,0.383213,0.359986,0.335974,0.195976,0.349118,0.418281,0.349776,0.209591
sub-0300309_ses-3_run-2_task-rest_bold_cleaned,300309,Awake,10.0,9.4,2500.0,0.04493269771,0.07154803696,0.0,0.0,0.0,0.0,0.0,1.0,1.0,0.0,1.0,0.0,1.0,0.0,0.0,0.0,0.0,0.0,0.0,0.0,0.0,0.863879,0.472552,0.298866,0.421359,0.356315,0.311756,0.564335,0.357416,0.583029,0.366076,0.416016,0.334624,0.345532,0.228903,0.387598,0.411089,0.330969,0.348831
sub-0300309_ses-3_run-3_task-rest_bold_cleaned,300309,Awake,10.0,9.4,2500.0,0.04493269771,0.07154803696,0.0,0.0,0.0,0.0,0.0,1.0,1.0,0.0,1.0,0.0,1.0,0.0,0.0,0.0,0.0,0.0,0.0,0.0,0.0,0.588679,0.303566,0.272519,0.321158,0.306089,0.233709,0.370721,0.370956,0.327038,0.251929,0.375493,0.346482,0.268378,0.225566,0.323301,0.315786,0.331351,0.253773
sub-0300309_ses-3_run-4_task-rest_bold_cleaned,300309,Awake,10.0,9.4,2500.0,0.04493269771,0.07154803696,0.0,0.0,0.0,0.0,0.0,1.0,1.0,0.0,1.0,0.0,1.0,0.0,0.0,0.0,0.0,0.0,0.0,0.0,0.0,0.967872,0.587366,0.288273,0.422103,0.279523,0.358169,0.588699,0.258426,0.524754,0.282273,0.450918,0.322437,0.414382,0.242452,0.500102,0.420623,0.331117,0.349101
sub-0300309_ses-4_run-1_task-rest_bold_cleaned,300309,Awake,10.0,9.4,2500.0,0.05055115364,0.08338810853,0.0,0.0,0.0,0.0,0.0,1.0,1.0,0.0,1.0,0.0,1.0,0.0,0.0,0.0,0.0,0.0,0.0,0.0,0.0,0.903838,0.381296,0.30297,0.416948,0.410055,0.475635,0.675541,0.331698,0.598354,0.293482,0.712472,0.410952,0.348279,0.245852,0.391528,0.581305,0.416489,0.339421
sub-0300309_ses-4_run-2_task-rest_bold_cleaned,300309,Awake,10.0,9.4,2500.0,0.05055115364,0.08338810853,0.0,0.0,0.0,0.0,0.0,1.0,1.0,0.0,1.0,0.0,1.0,0.0,0.0,0.0,0.0,0.0,0.0,0.0,0.0,0.650094,0.639358,0.472707,0.471873,0.589478,0.27408,0.724524,0.399927,0.589215,0.323522,0.654223,0.506809,0.371253,0.422551,0.46584,0.424903,0.319549,0.301551
sub-0300309_ses-4_run-4_task-rest_bold_cleaned,300309,Awake,10.0,9.4,2500.0,0.05055115364,0.08338810853,0.0,0.0,0.0,0.0,0.0,1.0,1.0,0.0,1.0,0.0,1.0,0.0,0.0,0.0,0.0,0.0,0.0,0.0,0.0,0.882472,0.411533,0.330726,0.547701,0.286906,0.392808,0.75193,0.440468,0.494328,0.315588,0.458803,0.451543,0.411235,0.393328,0.351196,0.602517,0.424037,0.317174
sub-0300309_ses-5_run-1_task-rest_bold_cleaned,300309,Awake,10.0,9.4,2500.0,0.0500193278,0.0825896315,0.0,0.0,0.0,0.0,0.0,1.0,1.0,0.0,1.0,0.0,1.0,0.0,0.0,0.0,0.0,0.0,0.0,0.0,0.0,0.895984,0.551428,0.357565,0.42917,0.351373,0.389062,0.444402,0.489961,0.453931,0.263618,0.531553,0.769532,0.362041,0.316504,0.58567,0.321056,0.500961,0.421824
sub-0300309_ses-5_run-2_task-rest_bold_cleaned,300309,Awake,10.0,9.4,2500.0,0.0500193278,0.0825896315,0.0,0.0,0.0,0.0,0.0,1.0,1.0,0.0,1.0,0.0,1.0,0.0,0.0,0.0,0.0,0.0,0.0,0.0,0.0,0.77422,0.501598,0.366552,0.475376,0.405757,0.37279,0.474229,0.314666,0.516098,0.323512,0.467382,0.448124,0.309849,0.310254,0.484197,0.493546,0.345134,0.49656
sub-0300309_ses-5_run-3_task-rest_bold_cleaned,300309,Awake,10.0,9.4,2500.0,0.0500193278,0.0825896315,0.0,0.0,0.0,0.0,0.0,1.0,1.0,0.0,1.0,0.0,1.0,0.0,0.0,0.0,0.0,0.0,0.0,0.0,0.0,0.774207,0.455716,0.346424,0.461783,0.37266,0.353811,0.547656,0.435335,0.485383,0.24402,0.438447,0.522922,0.264664,0.287023,0.470583,0.485164,0.318185,0.283685
sub-0300309_ses-6_run-1_task-rest_bold_cleaned,300309,Awake,10.0,9.4,2500.0,0.0334122337,0.05467240012,0.0,0.0,0.0,0.0,0.0,1.0,1.0,0.0,1.0,0.0,1.0,0.0,0.0,0.0,0.0,0.0,0.0,0.0,0.0,0.617455,0.310076,0.293156,0.295576,0.252489,0.271851,0.594879,0.310272,0.317597,0.207097,0.331664,0.307021,0.258005,0.191992,0.374925,0.387136,0.329279,0.239276
sub-0300309_ses-6_run-2_task-rest_bold_cleaned,300309,Awake,10.0,9.4,2500.0,0.0334122337,0.05467240012,0.0,0.0,0.0,0.0,0.0,1.0,1.0,0.0,1.0,0.0,1.0,0.0,0.0,0.0,0.0,0.0,0.0,0.0,0.0,0.794209,0.357976,0.317891,0.347479,0.262851,0.296172,0.683873,0.402292,0.395609,0.367048,0.356068,0.481667,0.265768,0.201728,0.372652,0.36782,0.390832,0.194433
sub-0300309_ses-6_run-3_task-rest_bold_cleaned,300309,Awake,10.0,9.4,2500.0,0.0334122337,0.05467240012,0.0,0.0,0.0,0.0,0.0,1.0,1.0,0.0,1.0,0.0,1.0,0.0,0.0,0.0,0.0,0.0,0.0,0.0,0.0,0.589638,0.304766,0.220569,0.274971,0.309103,0.276584,0.378329,0.273964,0.349366,0.223923,0.362864,0.350695,0.234679,0.2535,0.3439,0.304679,0.385716,0.251061
sub-0300309_ses-6_run-4_task-rest_bold_cleaned,300309,Awake,10.0,9.4,2500.0,0.0334122337,0.05467240012,0.0,0.0,0.0,0.0,0.0,1.0,1.0,0.0,1.0,0.0,1.0,0.0,0.0,0.0,0.0,0.0,0.0,0.0,0.0,0.903942,0.39438,0.345542,0.522799,0.350891,0.38628,0.811239,0.368805,0.40907,0.326519,0.391123,0.54378,0.256593,0.296583,0.411678,0.574578,0.344643,0.340964
sub-0300310_ses-1_run-1_task-rest_bold_cleaned,300310,Awake,10.0,9.4,2500.0,0.04151228132,0.06459251405,0.0,0.0,0.0,0.0,0.0,1.0,1.0,0.0,1.0,0.0,1.0,0.0,0.0,0.0,0.0,0.0,0.0,0.0,0.0,0.362038,0.29495,0.274543,0.336645,0.309622,0.225734,0.688802,0.227982,0.253121,0.253281,0.272198,0.332499,0.24631,0.219779,0.279438,0.33373,0.278897,0.214024
sub-0300310_ses-1_run-2_task-rest_bold_cleaned,300310,Awake,10.0,9.4,2500.0,0.04151228132,0.06459251405,0.0,0.0,0.0,0.0,0.0,1.0,1.0,0.0,1.0,0.0,1.0,0.0,0.0,0.0,0.0,0.0,0.0,0.0,0.0,0.519449,0.439497,0.303456,0.547066,0.421386,0.382859,0.982553,0.417505,0.346448,0.511324,0.835334,0.662228,0.454264,0.195955,0.400714,0.308764,0.705607,0.277171
sub-0300310_ses-1_run-3_task-rest_bold_cleaned,300310,Awake,10.0,9.4,2500.0,0.04151228132,0.06459251405,0.0,0.0,0.0,0.0,0.0,1.0,1.0,0.0,1.0,0.0,1.0,0.0,0.0,0.0,0.0,0.0,0.0,0.0,0.0,0.697684,0.345197,0.20373,0.345917,0.218841,0.249364,0.730928,0.268991,0.285929,0.283283,0.319106,0.271749,0.254091,0.19589,0.228401,0.287387,0.264677,0.248432
sub-0300310_ses-1_run-4_task-rest_bold_cleaned,300310,Awake,10.0,9.4,2500.0,0.04151228132,0.06459251405,0.0,0.0,0.0,0.0,0.0,1.0,1.0,0.0,1.0,0.0,1.0,0.0,0.0,0.0,0.0,0.0,0.0,0.0,0.0,0.547682,0.350897,0.229718,0.276228,0.358673,0.207966,0.780571,0.352442,0.279432,0.26944,0.318673,0.338213,0.266512,0.179027,0.259512,0.291242,0.386565,0.201452
sub-0300310_ses-2_run-1_task-rest_bold_cleaned,300310,Awake,10.0,9.4,2500.0,0.04627754141,0.07392233415,0.0,0.0,0.0,0.0,0.0,1.0,1.0,0.0,1.0,0.0,1.0,0.0,0.0,0.0,0.0,0.0,0.0,0.0,0.0,0.478481,0.260439,0.238135,0.251598,0.223368,0.221618,0.601303,0.256123,0.333581,0.169438,0.280021,0.445969,0.27867,0.201894,0.394636,0.419569,0.265133,0.21692
sub-0300310_ses-2_run-2_task-rest_bold_cleaned,300310,Awake,10.0,9.4,2500.0,0.04627754141,0.07392233415,0.0,0.0,0.0,0.0,0.0,1.0,1.0,0.0,1.0,0.0,1.0,0.0,0.0,0.0,0.0,0.0,0.0,0.0,0.0,0.476522,0.270001,0.219032,0.264035,0.224008,0.229851,0.567362,0.234567,0.301986,0.223007,0.309238,0.236609,0.312169,0.174126,0.274129,0.312621,0.237018,0.215436
sub-0300310_ses-2_run-3_task-rest_bold_cleaned,300310,Awake,10.0,9.4,2500.0,0.04627754141,0.07392233415,0.0,0.0,0.0,0.0,0.0,1.0,1.0,0.0,1.0,0.0,1.0,0.0,0.0,0.0,0.0,0.0,0.0,0.0,0.0,0.702985,0.244396,0.248019,0.258314,0.213856,0.20656,0.582337,0.267017,0.359282,0.1429,0.389109,0.417088,0.2033,0.239795,0.285349,0.307996,0.335872,0.305623
sub-0300310_ses-2_run-4_task-rest_bold_cleaned,300310,Awake,10.0,9.4,2500.0,0.04627754141,0.07392233415,0.0,0.0,0.0,0.0,0.0,1.0,1.0,0.0,1.0,0.0,1.0,0.0,0.0,0.0,0.0,0.0,0.0,0.0,0.0,0.522452,0.328887,0.231054,0.290785,0.273292,0.194782,0.502926,0.331331,0.349866,0.179669,0.374436,0.290388,0.293216,0.2021,0.329727,0.394623,0.326927,0.256038
sub-0300310_ses-3_run-1_task-rest_bold_cleaned,300310,Awake,10.0,9.4,2500.0,0.04096225181,0.07005778378,0.0,0.0,0.0,0.0,0.0,1.0,1.0,0.0,1.0,0.0,1.0,0.0,0.0,0.0,0.0,0.0,0.0,0.0,0.0,0.785743,0.326654,0.183049,0.313359,0.233622,0.196319,0.330432,0.214101,0.2915,0.260154,0.292395,0.271286,0.232994,0.216379,0.33013,0.272712,0.215057,0.17742
sub-0300310_ses-3_run-2_task-rest_bold_cleaned,300310,Awake,10.0,9.4,2500.0,0.04096225181,0.07005778378,0.0,0.0,0.0,0.0,0.0,1.0,1.0,0.0,1.0,0.0,1.0,0.0,0.0,0.0,0.0,0.0,0.0,0.0,0.0,0.83379,0.317024,0.241882,0.27157,0.207365,0.234595,0.500076,0.274874,0.310216,0.20769,0.261062,0.2855,0.237137,0.225973,0.330138,0.473607,0.286988,0.295192
sub-0300310_ses-3_run-3_task-rest_bold_cleaned,300310,Awake,10.0,9.4,2500.0,0.04096225181,0.07005778378,0.0,0.0,0.0,0.0,0.0,1.0,1.0,0.0,1.0,0.0,1.0,0.0,0.0,0.0,0.0,0.0,0.0,0.0,0.0,0.962844,0.447661,0.29768,0.440585,0.316348,0.256358,0.502312,0.259734,0.321436,0.31109,0.294271,0.313906,0.351096,0.252671,0.426749,0.594914,0.336891,0.267015
sub-0300310_ses-3_run-4_task-rest_bold_cleaned,300310,Awake,10.0,9.4,2500.0,0.04096225181,0.07005778378,0.0,0.0,0.0,0.0,0.0,1.0,1.0,0.0,1.0,0.0,1.0,0.0,0.0,0.0,0.0,0.0,0.0,0.0,0.0,0.905759,0.283958,0.275458,0.39873,0.262728,0.298368,0.479418,0.280489,0.303737,0.258006,0.252271,0.453274,0.29839,0.206715,0.35972,0.46608,0.26379,0.271773
sub-0300310_ses-4_run-1_task-rest_bold_cleaned,300310,Awake,10.0,9.4,2500.0,0.03628933446,0.05874768586,0.0,0.0,0.0,0.0,0.0,1.0,1.0,0.0,1.0,0.0,1.0,0.0,0.0,0.0,0.0,0.0,0.0,0.0,0.0,0.439315,0.260017,0.216403,0.277763,0.209596,0.21194,0.345223,0.2582,0.305484,0.187534,0.290042,0.281673,0.264399,0.206555,0.240664,0.222311,0.205896,0.229682
sub-0300310_ses-4_run-2_task-rest_bold_cleaned,300310,Awake,10.0,9.4,2500.0,0.03628933446,0.05874768586,0.0,0.0,0.0,0.0,0.0,1.0,1.0,0.0,1.0,0.0,1.0,0.0,0.0,0.0,0.0,0.0,0.0,0.0,0.0,0.529012,0.300851,0.27121,0.302405,0.201656,0.221806,0.51775,0.275751,0.269943,0.221546,0.350476,0.307496,0.271724,0.192114,0.266967,0.241465,0.311837,0.204629
sub-0300310_ses-4_run-3_task-rest_bold_cleaned,300310,Awake,10.0,9.4,2500.0,0.03628933446,0.05874768586,0.0,0.0,0.0,0.0,0.0,1.0,1.0,0.0,1.0,0.0,1.0,0.0,0.0,0.0,0.0,0.0,0.0,0.0,0.0,0.749347,0.403102,0.306532,0.387047,0.312301,0.265626,0.772314,0.328379,0.338281,0.25856,0.41755,0.584481,0.328619,0.244734,0.439012,0.305832,0.346015,0.389757
sub-0300310_ses-4_run-4_task-rest_bold_cleaned,300310,Awake,10.0,9.4,2500.0,0.03628933446,0.05874768586,0.0,0.0,0.0,0.0,0.0,1.0,1.0,0.0,1.0,0.0,1.0,0.0,0.0,0.0,0.0,0.0,0.0,0.0,0.0,0.691868,0.488937,0.244022,0.302426,0.307042,0.282292,0.569847,0.287505,0.369805,0.267735,0.361757,0.392168,0.300549,0.172734,0.280774,0.319209,0.339649,0.363723
sub-0300310_ses-5_run-1_task-rest_bold_cleaned,300310,Awake,10.0,9.4,2500.0,0.03819677148,0.06315505546,0.0,0.0,0.0,0.0,0.0,1.0,1.0,0.0,1.0,0.0,1.0,0.0,0.0,0.0,0.0,0.0,0.0,0.0,0.0,0.396816,0.235282,0.286038,0.244866,0.22017,0.221579,0.358178,0.262328,0.32286,0.182294,0.239387,0.292365,0.246126,0.175659,0.338355,0.28451,0.271242,0.180106
sub-0300310_ses-6_run-1_task-rest_bold_cleaned,300310,Awake,10.0,9.4,2500.0,0.04309231201,0.07338780359,0.0,0.0,0.0,0.0,0.0,1.0,1.0,0.0,1.0,0.0,1.0,0.0,0.0,0.0,0.0,0.0,0.0,0.0,0.0,0.497965,0.308537,0.293249,0.275961,0.245693,0.276157,0.463135,0.214708,0.286197,0.191183,0.258937,0.266131,0.204853,0.18687,0.283884,0.327396,0.295606,0.207482
sub-0300310_ses-6_run-2_task-rest_bold_cleaned,300310,Awake,10.0,9.4,2500.0,0.04309231201,0.07338780359,0.0,0.0,0.0,0.0,0.0,1.0,1.0,0.0,1.0,0.0,1.0,0.0,0.0,0.0,0.0,0.0,0.0,0.0,0.0,0.740037,0.365095,0.254154,0.332479,0.244511,0.281303,0.559696,0.226751,0.285676,0.239354,0.340508,0.316948,0.264,0.197737,0.327854,0.40584,0.369937,0.23867
sub-0300310_ses-6_run-3_task-rest_bold_cleaned,300310,Awake,10.0,9.4,2500.0,0.04309231201,0.07338780359,0.0,0.0,0.0,0.0,0.0,1.0,1.0,0.0,1.0,0.0,1.0,0.0,0.0,0.0,0.0,0.0,0.0,0.0,0.0,0.94451,0.401114,0.266947,0.437796,0.25446,0.221274,0.542591,0.296621,0.272127,0.247372,0.367638,0.400227,0.255188,0.196712,0.378319,0.386236,0.368359,0.207042
sub-0300310_ses-6_run-4_task-rest_bold_cleaned,300310,Awake,10.0,9.4,2500.0,0.04309231201,0.07338780359,0.0,0.0,0.0,0.0,0.0,1.0,1.0,0.0,1.0,0.0,1.0,0.0,0.0,0.0,0.0,0.0,0.0,0.0,0.0,0.716597,0.368087,0.292452,0.340737,0.262552,0.212456,0.67276,0.268899,0.306641,0.246725,0.339132,0.337117,0.286472,0.190742,0.309053,0.405349,0.338119,0.206284
sub-0300311_ses-1_run-2_task-rest_bold_cleaned,300311,Awake,10.0,9.4,2500.0,0.05334963089,0.08779529643,0.0,0.0,0.0,0.0,0.0,1.0,1.0,0.0,1.0,0.0,1.0,0.0,0.0,0.0,0.0,0.0,0.0,0.0,0.0,0.681768,0.337385,0.269812,0.354289,0.316501,0.225229,0.484637,0.23114,0.366555,0.165742,0.440548,0.265821,0.265516,0.248392,0.427067,0.48828,0.359645,0.229212
sub-0300311_ses-1_run-4_task-rest_bold_cleaned,300311,Awake,10.0,9.4,2500.0,0.05334963089,0.08779529643,0.0,0.0,0.0,0.0,0.0,1.0,1.0,0.0,1.0,0.0,1.0,0.0,0.0,0.0,0.0,0.0,0.0,0.0,0.0,0.733502,0.312932,0.206934,0.409318,0.274106,0.331402,0.690819,0.280831,0.372928,0.282506,0.452576,0.272758,0.250808,0.1649,0.30729,0.30891,0.350096,0.296756
sub-0300311_ses-2_run-1_task-rest_bold_cleaned,300311,Awake,10.0,9.4,2500.0,0.04914971842,0.08385247617,0.0,0.0,0.0,0.0,0.0,1.0,1.0,0.0,1.0,0.0,1.0,0.0,0.0,0.0,0.0,0.0,0.0,0.0,0.0,0.665314,0.275314,0.277632,0.408485,0.270374,0.231451,0.523443,0.231499,0.386637,0.256777,0.350704,0.277332,0.264488,0.196417,0.320167,0.582084,0.27022,0.193033
sub-0300311_ses-2_run-2_task-rest_bold_cleaned,300311,Awake,10.0,9.4,2500.0,0.04914971842,0.08385247617,0.0,0.0,0.0,0.0,0.0,1.0,1.0,0.0,1.0,0.0,1.0,0.0,0.0,0.0,0.0,0.0,0.0,0.0,0.0,0.923336,0.290367,0.199527,0.345802,0.250428,0.205884,0.54151,0.222439,0.321208,0.204224,0.309339,0.247299,0.250417,0.217215,0.293424,0.425452,0.281247,0.187781
sub-0300311_ses-2_run-3_task-rest_bold_cleaned,300311,Awake,10.0,9.4,2500.0,0.04914971842,0.08385247617,0.0,0.0,0.0,0.0,0.0,1.0,1.0,0.0,1.0,0.0,1.0,0.0,0.0,0.0,0.0,0.0,0.0,0.0,0.0,0.989454,0.400735,0.331455,0.577848,0.384069,0.385228,0.711864,0.262665,0.372973,0.274689,0.458313,0.384462,0.227869,0.226089,0.414329,0.497994,0.37547,0.316415
sub-0300311_ses-3_run-1_task-rest_bold_cleaned,300311,Awake,10.0,9.4,2500.0,0.03417024537,0.05676187552,0.0,0.0,0.0,0.0,0.0,1.0,1.0,0.0,1.0,0.0,1.0,0.0,0.0,0.0,0.0,0.0,0.0,0.0,0.0,0.568161,0.240258,0.222727,0.231453,0.213444,0.229888,0.458292,0.201602,0.379994,0.197582,0.429901,0.370604,0.307777,0.204009,0.338615,0.346767,0.23865,0.257216
sub-0300311_ses-3_run-2_task-rest_bold_cleaned,300311,Awake,10.0,9.4,2500.0,0.03417024537,0.05676187552,0.0,0.0,0.0,0.0,0.0,1.0,1.0,0.0,1.0,0.0,1.0,0.0,0.0,0.0,0.0,0.0,0.0,0.0,0.0,0.738163,0.282264,0.246686,0.326914,0.28161,0.275793,0.693236,0.252224,0.408844,0.214786,0.418475,0.38074,0.270746,0.234972,0.260875,0.434408,0.326218,0.239367
sub-0300311_ses-3_run-3_task-rest_bold_cleaned,300311,Awake,10.0,9.4,2500.0,0.03417024537,0.05676187552,0.0,0.0,0.0,0.0,0.0,1.0,1.0,0.0,1.0,0.0,1.0,0.0,0.0,0.0,0.0,0.0,0.0,0.0,0.0,0.774642,0.319019,0.28218,0.363055,0.319117,0.304672,0.583183,0.219503,0.290603,0.239445,0.578724,0.417264,0.218109,0.214229,0.360805,0.411208,0.40101,0.250676
sub-0300311_ses-3_run-4_task-rest_bold_cleaned,300311,Awake,10.0,9.4,2500.0,0.03417024537,0.05676187552,0.0,0.0,0.0,0.0,0.0,1.0,1.0,0.0,1.0,0.0,1.0,0.0,0.0,0.0,0.0,0.0,0.0,0.0,0.0,0.941899,0.263627,0.262829,0.425318,0.309963,0.249077,0.714002,0.271945,0.459472,0.199935,0.492406,0.472854,0.333582,0.247333,0.364382,0.62236,0.289051,0.274899
sub-0300311_ses-4_run-1_task-rest_bold_cleaned,300311,Awake,10.0,9.4,2500.0,0.05689923002,0.09741504332,0.0,0.0,0.0,0.0,0.0,1.0,1.0,0.0,1.0,0.0,1.0,0.0,0.0,0.0,0.0,0.0,0.0,0.0,0.0,0.8443,0.384889,0.323705,0.415011,0.341931,0.27488,0.588625,0.366665,0.395677,0.279349,0.424671,0.420762,0.295964,0.206407,0.415062,0.644176,0.298945,0.273381
sub-0300311_ses-4_run-2_task-rest_bold_cleaned,300311,Awake,10.0,9.4,2500.0,0.05689923002,0.09741504332,0.0,0.0,0.0,0.0,0.0,1.0,1.0,0.0,1.0,0.0,1.0,0.0,0.0,0.0,0.0,0.0,0.0,0.0,0.0,0.738405,0.412912,0.32115,0.518422,0.256898,0.288049,0.575129,0.363078,0.296631,0.34898,0.39287,0.438101,0.344668,0.235939,0.386069,0.489918,0.362954,0.303523
sub-0300311_ses-4_run-3_task-rest_bold_cleaned,300311,Awake,10.0,9.4,2500.0,0.05689923002,0.09741504332,0.0,0.0,0.0,0.0,0.0,1.0,1.0,0.0,1.0,0.0,1.0,0.0,0.0,0.0,0.0,0.0,0.0,0.0,0.0,0.97648,0.49075,0.474574,0.624181,0.389611,0.427768,0.646811,0.409118,0.490222,0.326688,0.400743,0.57861,0.520546,0.269364,0.569522,0.606352,0.354738,0.451847
sub-0300311_ses-4_run-4_task-rest_bold_cleaned,300311,Awake,10.0,9.4,2500.0,0.05689923002,0.09741504332,0.0,0.0,0.0,0.0,0.0,1.0,1.0,0.0,1.0,0.0,1.0,0.0,0.0,0.0,0.0,0.0,0.0,0.0,0.0,0.942527,0.377032,0.301412,0.424835,0.299595,0.267,0.654942,0.340686,0.477103,0.323019,0.440588,0.49931,0.336415,0.336657,0.420064,0.568982,0.293944,0.297924
sub-0300311_ses-5_run-1_task-rest_bold_cleaned,300311,Awake,10.0,9.4,2500.0,0.03513008121,0.06024055979,0.0,0.0,0.0,0.0,0.0,1.0,1.0,0.0,1.0,0.0,1.0,0.0,0.0,0.0,0.0,0.0,0.0,0.0,0.0,0.39624,0.262042,0.23826,0.282347,0.230981,0.288374,0.479237,0.24008,0.251791,0.189203,0.337604,0.223959,0.230869,0.164695,0.243877,0.283093,0.26955,0.252288
sub-0300311_ses-5_run-2_task-rest_bold_cleaned,300311,Awake,10.0,9.4,2500.0,0.03513008121,0.06024055979,0.0,0.0,0.0,0.0,0.0,1.0,1.0,0.0,1.0,0.0,1.0,0.0,0.0,0.0,0.0,0.0,0.0,0.0,0.0,0.614351,0.329725,0.268032,0.469174,0.34254,0.277587,0.734738,0.215851,0.41792,0.264313,0.491321,0.310086,0.31064,0.207146,0.274653,0.384323,0.32232,0.265444
sub-0300311_ses-5_run-3_task-rest_bold_cleaned,300311,Awake,10.0,9.4,2500.0,0.03513008121,0.06024055979,0.0,0.0,0.0,0.0,0.0,1.0,1.0,0.0,1.0,0.0,1.0,0.0,0.0,0.0,0.0,0.0,0.0,0.0,0.0,0.508592,0.284987,0.277039,0.314521,0.267044,0.216814,0.406344,0.250294,0.344091,0.172497,0.487238,0.247341,0.244329,0.211038,0.344802,0.438464,0.312037,0.276325
sub-0300311_ses-5_run-4_task-rest_bold_cleaned,300311,Awake,10.0,9.4,2500.0,0.03513008121,0.06024055979,0.0,0.0,0.0,0.0,0.0,1.0,1.0,0.0,1.0,0.0,1.0,0.0,0.0,0.0,0.0,0.0,0.0,0.0,0.0,0.759281,0.31779,0.245271,0.4126,0.314783,0.206484,0.55921,0.227702,0.453573,0.255784,0.440246,0.346386,0.229977,0.167062,0.330256,0.474852,0.328595,0.310788
sub-0300311_ses-6_run-1_task-rest_bold_cleaned,300311,Awake,10.0,9.4,2500.0,0.05718450338,0.09236027181,0.0,0.0,0.0,0.0,0.0,1.0,1.0,0.0,1.0,0.0,1.0,0.0,0.0,0.0,0.0,0.0,0.0,0.0,0.0,0.676337,0.232041,0.220538,0.28766,0.272413,0.247299,0.51371,0.25859,0.371951,0.198043,0.257522,0.289611,0.188722,0.212242,0.28364,0.292375,0.214186,0.186334
sub-0300311_ses-6_run-2_task-rest_bold_cleaned,300311,Awake,10.0,9.4,2500.0,0.05718450338,0.09236027181,0.0,0.0,0.0,0.0,0.0,1.0,1.0,0.0,1.0,0.0,1.0,0.0,0.0,0.0,0.0,0.0,0.0,0.0,0.0,0.48827,0.273762,0.249903,0.221568,0.216219,0.192532,0.389978,0.249105,0.241079,0.180999,0.38186,0.317857,0.207685,0.16135,0.245815,0.262242,0.233059,0.228982
sub-0300311_ses-6_run-3_task-rest_bold_cleaned,300311,Awake,10.0,9.4,2500.0,0.05718450338,0.09236027181,0.0,0.0,0.0,0.0,0.0,1.0,1.0,0.0,1.0,0.0,1.0,0.0,0.0,0.0,0.0,0.0,0.0,0.0,0.0,0.385215,0.282267,0.21109,0.261901,0.24328,0.180043,0.502787,0.238567,0.265732,0.191501,0.301912,0.277097,0.2286,0.177021,0.277503,0.239739,0.207514,0.205378
sub-0300311_ses-6_run-4_task-rest_bold_cleaned,300311,Awake,10.0,9.4,2500.0,0.05718450338,0.09236027181,0.0,0.0,0.0,0.0,0.0,1.0,1.0,0.0,1.0,0.0,1.0,0.0,0.0,0.0,0.0,0.0,0.0,0.0,0.0,0.570111,0.329234,0.199771,0.44525,0.25441,0.227955,0.543907,0.202036,0.372133,0.220973,0.34826,0.231747,0.245032,0.239308,0.289504,0.575502,0.294444,0.234925
sub-0300311_ses-7_run-1_task-rest_bold_cleaned,300311,Awake,10.0,9.4,2500.0,0.05543832594,0.09045619815,0.0,0.0,0.0,0.0,0.0,1.0,1.0,0.0,1.0,0.0,1.0,0.0,0.0,0.0,0.0,0.0,0.0,0.0,0.0,0.597604,0.23812,0.209873,0.315026,0.2707,0.192609,0.483654,0.245467,0.289589,0.205738,0.463749,0.279291,0.204665,0.219739,0.328186,0.332022,0.333077,0.216577
sub-0300311_ses-7_run-2_task-rest_bold_cleaned,300311,Awake,10.0,9.4,2500.0,0.05543832594,0.09045619815,0.0,0.0,0.0,0.0,0.0,1.0,1.0,0.0,1.0,0.0,1.0,0.0,0.0,0.0,0.0,0.0,0.0,0.0,0.0,0.646193,0.201283,0.202172,0.368055,0.237691,0.251717,0.402204,0.211592,0.315891,0.232041,0.393477,0.276375,0.245815,0.205094,0.287107,0.353672,0.264287,0.178379
sub-0300311_ses-7_run-3_task-rest_bold_cleaned,300311,Awake,10.0,9.4,2500.0,0.05543832594,0.09045619815,0.0,0.0,0.0,0.0,0.0,1.0,1.0,0.0,1.0,0.0,1.0,0.0,0.0,0.0,0.0,0.0,0.0,0.0,0.0,0.765266,0.292721,0.27003,0.415849,0.299988,0.254305,0.596763,0.284004,0.292465,0.253355,0.340563,0.381048,0.310464,0.211182,0.273591,0.52765,0.237659,0.345858
sub-0300311_ses-7_run-4_task-rest_bold_cleaned,300311,Awake,10.0,9.4,2500.0,0.05543832594,0.09045619815,0.0,0.0,0.0,0.0,0.0,1.0,1.0,0.0,1.0,0.0,1.0,0.0,0.0,0.0,0.0,0.0,0.0,0.0,0.0,0.728521,0.186731,0.231989,0.486931,0.268692,0.28011,0.607567,0.262534,0.314049,0.244114,0.287703,0.330225,0.254723,0.271036,0.291684,0.51318,0.289253,0.354308
sub-0300312_ses-1_run-1_task-rest_bold_cleaned,300312,Awake,10.0,9.4,2500.0,0.03180404689,0.05546626286,0.0,0.0,0.0,0.0,0.0,1.0,1.0,0.0,1.0,0.0,1.0,0.0,0.0,0.0,0.0,0.0,0.0,0.0,0.0,0.563657,0.243025,0.230766,0.246345,0.182001,0.149472,0.352873,0.248864,0.303172,0.224856,0.305351,0.255388,0.218581,0.187846,0.265699,0.477248,0.242992,0.221101
sub-0300312_ses-1_run-2_task-rest_bold_cleaned,300312,Awake,10.0,9.4,2500.0,0.03180404689,0.05546626286,0.0,0.0,0.0,0.0,0.0,1.0,1.0,0.0,1.0,0.0,1.0,0.0,0.0,0.0,0.0,0.0,0.0,0.0,0.0,0.575938,0.292232,0.284033,0.29266,0.248598,0.212066,0.412445,0.236093,0.284386,0.188533,0.322674,0.30549,0.278925,0.191179,0.363969,0.465879,0.264975,0.270425
sub-0300312_ses-1_run-3_task-rest_bold_cleaned,300312,Awake,10.0,9.4,2500.0,0.03180404689,0.05546626286,0.0,0.0,0.0,0.0,0.0,1.0,1.0,0.0,1.0,0.0,1.0,0.0,0.0,0.0,0.0,0.0,0.0,0.0,0.0,0.717441,0.359473,0.274802,0.238847,0.288339,0.291476,0.340199,0.304243,0.362624,0.216604,0.337046,0.317505,0.249018,0.22338,0.390551,0.395156,0.299235,0.244972
sub-0300312_ses-1_run-4_task-rest_bold_cleaned,300312,Awake,10.0,9.4,2500.0,0.03180404689,0.05546626286,0.0,0.0,0.0,0.0,0.0,1.0,1.0,0.0,1.0,0.0,1.0,0.0,0.0,0.0,0.0,0.0,0.0,0.0,0.0,0.7065,0.309832,0.264776,0.31616,0.230437,0.27208,0.457124,0.301319,0.299209,0.213631,0.32176,0.321706,0.286461,0.205987,0.41635,0.354528,0.300238,0.235076
sub-0300312_ses-2_run-1_task-rest_bold_cleaned,300312,Awake,10.0,9.4,2500.0,0.03432852856,0.05405520303,0.0,0.0,0.0,0.0,0.0,1.0,1.0,0.0,1.0,0.0,1.0,0.0,0.0,0.0,0.0,0.0,0.0,0.0,0.0,0.479711,0.257025,0.21767,0.192224,0.210829,0.201264,0.264162,0.27939,0.324262,0.151026,0.263163,0.315737,0.21158,0.212204,0.292108,0.381938,0.288861,0.228516
sub-0300312_ses-2_run-2_task-rest_bold_cleaned,300312,Awake,10.0,9.4,2500.0,0.03432852856,0.05405520303,0.0,0.0,0.0,0.0,0.0,1.0,1.0,0.0,1.0,0.0,1.0,0.0,0.0,0.0,0.0,0.0,0.0,0.0,0.0,0.830782,0.30221,0.282756,0.263145,0.287991,0.214228,0.335018,0.237215,0.36053,0.247098,0.298922,0.359011,0.257495,0.203872,0.2888,0.43608,0.369366,0.207793
sub-0300312_ses-2_run-3_task-rest_bold_cleaned,300312,Awake,10.0,9.4,2500.0,0.03432852856,0.05405520303,0.0,0.0,0.0,0.0,0.0,1.0,1.0,0.0,1.0,0.0,1.0,0.0,0.0,0.0,0.0,0.0,0.0,0.0,0.0,0.570541,0.246714,0.235194,0.232938,0.273142,0.231944,0.31252,0.220453,0.342032,0.148113,0.319961,0.196743,0.220292,0.217306,0.248015,0.403724,0.273593,0.240072
sub-0300312_ses-2_run-4_task-rest_bold_cleaned,300312,Awake,10.0,9.4,2500.0,0.03432852856,0.05405520303,0.0,0.0,0.0,0.0,0.0,1.0,1.0,0.0,1.0,0.0,1.0,0.0,0.0,0.0,0.0,0.0,0.0,0.0,0.0,0.708658,0.326464,0.3265,0.453234,0.274507,0.337599,0.382013,0.299979,0.407366,0.222434,0.350288,0.385612,0.383987,0.187204,0.368049,0.597684,0.322548,0.300571
sub-0300312_ses-3_run-1_task-rest_bold_cleaned,300312,Awake,10.0,9.4,2500.0,0.0475063584,0.07807724799,0.0,0.0,0.0,0.0,0.0,1.0,1.0,0.0,1.0,0.0,1.0,0.0,0.0,0.0,0.0,0.0,0.0,0.0,0.0,0.498631,0.27279,0.263381,0.30518,0.266032,0.214936,0.382412,0.278443,0.345734,0.213104,0.394317,0.345604,0.251568,0.199827,0.345137,0.419908,0.268617,0.213142
sub-0300312_ses-3_run-2_task-rest_bold_cleaned,300312,Awake,10.0,9.4,2500.0,0.0475063584,0.07807724799,0.0,0.0,0.0,0.0,0.0,1.0,1.0,0.0,1.0,0.0,1.0,0.0,0.0,0.0,0.0,0.0,0.0,0.0,0.0,0.366534,0.218394,0.228602,0.225585,0.204352,0.252859,0.306303,0.264119,0.286832,0.154928,0.318798,0.276641,0.258159,0.189018,0.391575,0.305831,0.291431,0.227701
sub-0300312_ses-3_run-3_task-rest_bold_cleaned,300312,Awake,10.0,9.4,2500.0,0.0475063584,0.07807724799,0.0,0.0,0.0,0.0,0.0,1.0,1.0,0.0,1.0,0.0,1.0,0.0,0.0,0.0,0.0,0.0,0.0,0.0,0.0,0.987083,0.344061,0.289991,0.360851,0.324355,0.290797,0.532794,0.292149,0.570034,0.264065,0.370303,0.361116,0.381559,0.217362,0.389077,0.361138,0.341898,0.340384
sub-0300312_ses-3_run-4_task-rest_bold_cleaned,300312,Awake,10.0,9.4,2500.0,0.0475063584,0.07807724799,0.0,0.0,0.0,0.0,0.0,1.0,1.0,0.0,1.0,0.0,1.0,0.0,0.0,0.0,0.0,0.0,0.0,0.0,0.0,0.519689,0.304693,0.250196,0.237868,0.259885,0.221793,0.430621,0.282095,0.348219,0.240973,0.321904,0.318591,0.358324,0.196262,0.297125,0.386142,0.265234,0.174642
sub-0300312_ses-4_run-1_task-rest_bold_cleaned,300312,Awake,10.0,9.4,2500.0,0.07323683769,0.1142244128,0.0,0.0,0.0,0.0,0.0,1.0,1.0,0.0,1.0,0.0,1.0,0.0,0.0,0.0,0.0,0.0,0.0,0.0,0.0,0.955937,0.414113,0.294593,0.620983,0.368828,0.332422,0.609944,0.278107,0.5196,0.3449,0.551057,0.597078,0.292028,0.242319,0.387858,0.499628,0.322982,0.219243
sub-0300312_ses-4_run-2_task-rest_bold_cleaned,300312,Awake,10.0,9.4,2500.0,0.07323683769,0.1142244128,0.0,0.0,0.0,0.0,0.0,1.0,1.0,0.0,1.0,0.0,1.0,0.0,0.0,0.0,0.0,0.0,0.0,0.0,0.0,0.865341,0.250591,0.28348,0.335436,0.240286,0.272502,0.490493,0.302219,0.387093,0.203151,0.357039,0.512554,0.266777,0.143888,0.353574,0.369669,0.276313,0.201458
sub-0300312_ses-4_run-3_task-rest_bold_cleaned,300312,Awake,10.0,9.4,2500.0,0.07323683769,0.1142244128,0.0,0.0,0.0,0.0,0.0,1.0,1.0,0.0,1.0,0.0,1.0,0.0,0.0,0.0,0.0,0.0,0.0,0.0,0.0,0.883756,0.322219,0.291834,0.361397,0.321197,0.286627,0.526154,0.309373,0.367356,0.388799,0.397964,0.334736,0.324773,0.183287,0.297896,0.440643,0.291957,0.228061
sub-0300312_ses-4_run-4_task-rest_bold_cleaned,300312,Awake,10.0,9.4,2500.0,0.07323683769,0.1142244128,0.0,0.0,0.0,0.0,0.0,1.0,1.0,0.0,1.0,0.0,1.0,0.0,0.0,0.0,0.0,0.0,0.0,0.0,0.0,0.725402,0.306455,0.311966,0.310081,0.324318,0.269728,0.459213,0.234995,0.428818,0.282042,0.300186,0.402264,0.361149,0.208196,0.389433,0.499655,0.243181,0.228081
sub-0300312_ses-5_run-1_task-rest_bold_cleaned,300312,Awake,10.0,9.4,2500.0,0.05480912023,0.08800809108,0.0,0.0,0.0,0.0,0.0,1.0,1.0,0.0,1.0,0.0,1.0,0.0,0.0,0.0,0.0,0.0,0.0,0.0,0.0,0.794411,0.275647,0.28083,0.346319,0.327798,0.303041,0.459201,0.265188,0.312485,0.237012,0.351257,0.304187,0.371223,0.252739,0.484989,0.537915,0.285516,0.215047
sub-0300312_ses-5_run-2_task-rest_bold_cleaned,300312,Awake,10.0,9.4,2500.0,0.05480912023,0.08800809108,0.0,0.0,0.0,0.0,0.0,1.0,1.0,0.0,1.0,0.0,1.0,0.0,0.0,0.0,0.0,0.0,0.0,0.0,0.0,0.585936,0.297052,0.327438,0.27912,0.224128,0.25067,0.353314,0.248542,0.313993,0.230474,0.260362,0.284935,0.253486,0.207511,0.356465,0.343478,0.296674,0.275807
sub-0300312_ses-5_run-4_task-rest_bold_cleaned,300312,Awake,10.0,9.4,2500.0,0.05480912023,0.08800809108,0.0,0.0,0.0,0.0,0.0,1.0,1.0,0.0,1.0,0.0,1.0,0.0,0.0,0.0,0.0,0.0,0.0,0.0,0.0,0.592043,0.352345,0.255285,0.337846,0.292939,0.266595,0.362487,0.278186,0.310259,0.271558,0.39653,0.341274,0.298683,0.262037,0.354539,0.420681,0.279974,0.319715
sub-0300313_ses-1_run-1_task-rest_bold_cleaned,300313,Awake,10.0,9.4,2500.0,0.03059734801,0.04943093475,0.0,0.0,0.0,0.0,0.0,1.0,1.0,0.0,1.0,0.0,1.0,0.0,0.0,0.0,0.0,0.0,0.0,0.0,0.0,0.491118,0.287226,0.227018,0.328561,0.236312,0.226065,0.521966,0.269588,0.301398,0.208069,0.284906,0.313796,0.256115,0.195675,0.20582,0.377517,0.220397,0.223216
sub-0300313_ses-1_run-2_task-rest_bold_cleaned,300313,Awake,10.0,9.4,2500.0,0.03059734801,0.04943093475,0.0,0.0,0.0,0.0,0.0,1.0,1.0,0.0,1.0,0.0,1.0,0.0,0.0,0.0,0.0,0.0,0.0,0.0,0.0,0.667961,0.326808,0.239389,0.316472,0.237453,0.245545,0.413962,0.309157,0.280883,0.215261,0.27134,0.319523,0.209992,0.186174,0.26729,0.269735,0.284522,0.198637
sub-0300313_ses-1_run-3_task-rest_bold_cleaned,300313,Awake,10.0,9.4,2500.0,0.03059734801,0.04943093475,0.0,0.0,0.0,0.0,0.0,1.0,1.0,0.0,1.0,0.0,1.0,0.0,0.0,0.0,0.0,0.0,0.0,0.0,0.0,0.501064,0.302394,0.285354,0.315365,0.188674,0.270367,0.383614,0.305982,0.341416,0.177846,0.282986,0.405942,0.221527,0.194509,0.247257,0.334713,0.291474,0.237466
sub-0300313_ses-1_run-4_task-rest_bold_cleaned,300313,Awake,10.0,9.4,2500.0,0.03059734801,0.04943093475,0.0,0.0,0.0,0.0,0.0,1.0,1.0,0.0,1.0,0.0,1.0,0.0,0.0,0.0,0.0,0.0,0.0,0.0,0.0,0.503638,0.27025,0.22921,0.315216,0.172308,0.236491,0.421861,0.302136,0.283464,0.203999,0.329264,0.403847,0.214778,0.156051,0.268633,0.33967,0.272525,0.280017
sub-0300313_ses-2_run-1_task-rest_bold_cleaned,300313,Awake,10.0,9.4,2500.0,0.03616072844,0.06279865553,0.0,0.0,0.0,0.0,0.0,1.0,1.0,0.0,1.0,0.0,1.0,0.0,0.0,0.0,0.0,0.0,0.0,0.0,0.0,0.802817,0.353174,0.245907,0.309567,0.234576,0.296759,0.600763,0.252629,0.377413,0.266204,0.324022,0.32172,0.434538,0.181585,0.222365,0.557618,0.250606,0.230716
sub-0300313_ses-2_run-2_task-rest_bold_cleaned,300313,Awake,10.0,9.4,2500.0,0.03616072844,0.06279865553,0.0,0.0,0.0,0.0,0.0,1.0,1.0,0.0,1.0,0.0,1.0,0.0,0.0,0.0,0.0,0.0,0.0,0.0,0.0,0.72319,0.380065,0.192336,0.303707,0.247071,0.252555,0.316244,0.298668,0.296301,0.270934,0.309137,0.333374,0.254962,0.211904,0.248056,0.298399,0.281628,0.249418
sub-0300313_ses-2_run-3_task-rest_bold_cleaned,300313,Awake,10.0,9.4,2500.0,0.03616072844,0.06279865553,0.0,0.0,0.0,0.0,0.0,1.0,1.0,0.0,1.0,0.0,1.0,0.0,0.0,0.0,0.0,0.0,0.0,0.0,0.0,0.972248,0.588449,0.259604,0.443432,0.29861,0.314957,0.515761,0.362557,0.404414,0.283464,0.294019,0.365819,0.274035,0.223597,0.40448,0.491331,0.363614,0.341748
sub-0300313_ses-2_run-4_task-rest_bold_cleaned,300313,Awake,10.0,9.4,2500.0,0.03616072844,0.06279865553,0.0,0.0,0.0,0.0,0.0,1.0,1.0,0.0,1.0,0.0,1.0,0.0,0.0,0.0,0.0,0.0,0.0,0.0,0.0,0.772191,0.31607,0.201453,0.303498,0.276929,0.240329,0.512897,0.289623,0.233782,0.204156,0.288757,0.357291,0.253937,0.190483,0.246331,0.308494,0.295434,0.219633
sub-0300313_ses-3_run-1_task-rest_bold_cleaned,300313,Awake,10.0,9.4,2500.0,0.0368065687,0.06168218976,0.0,0.0,0.0,0.0,0.0,1.0,1.0,0.0,1.0,0.0,1.0,0.0,0.0,0.0,0.0,0.0,0.0,0.0,0.0,0.72334,0.281336,0.251414,0.27441,0.191671,0.221655,0.396316,0.2297,0.289495,0.153196,0.263415,0.38745,0.204223,0.146771,0.243014,0.267078,0.326885,0.213624
sub-0300313_ses-3_run-2_task-rest_bold_cleaned,300313,Awake,10.0,9.4,2500.0,0.0368065687,0.06168218976,0.0,0.0,0.0,0.0,0.0,1.0,1.0,0.0,1.0,0.0,1.0,0.0,0.0,0.0,0.0,0.0,0.0,0.0,0.0,0.869039,0.375849,0.165357,0.328495,0.221929,0.3469,0.600753,0.355425,0.254498,0.262717,0.31299,0.287917,0.272892,0.218084,0.336178,0.43304,0.343588,0.277496
sub-0300313_ses-3_run-3_task-rest_bold_cleaned,300313,Awake,10.0,9.4,2500.0,0.0368065687,0.06168218976,0.0,0.0,0.0,0.0,0.0,1.0,1.0,0.0,1.0,0.0,1.0,0.0,0.0,0.0,0.0,0.0,0.0,0.0,0.0,0.662776,0.352889,0.223127,0.379656,0.335616,0.229005,0.449296,0.283355,0.296259,0.247668,0.296127,0.394659,0.300691,0.245428,0.303401,0.440161,0.33007,0.263492
sub-0300313_ses-3_run-4_task-rest_bold_cleaned,300313,Awake,10.0,9.4,2500.0,0.0368065687,0.06168218976,0.0,0.0,0.0,0.0,0.0,1.0,1.0,0.0,1.0,0.0,1.0,0.0,0.0,0.0,0.0,0.0,0.0,0.0,0.0,0.919732,0.386892,0.19151,0.372879,0.2364,0.266988,0.528926,0.341367,0.431382,0.271436,0.293018,0.446309,0.263387,0.236551,0.319394,0.511852,0.33358,0.24316
sub-0300313_ses-4_run-1_task-rest_bold_cleaned,300313,Awake,10.0,9.4,2500.0,0.03850404531,0.06398238698,0.0,0.0,0.0,0.0,0.0,1.0,1.0,0.0,1.0,0.0,1.0,0.0,0.0,0.0,0.0,0.0,0.0,0.0,0.0,0.521674,0.282067,0.272338,0.29248,0.199862,0.298257,0.457222,0.291789,0.269489,0.221226,0.306602,0.397053,0.232925,0.203272,0.262882,0.270538,0.309406,0.221098
sub-0300313_ses-4_run-2_task-rest_bold_cleaned,300313,Awake,10.0,9.4,2500.0,0.03850404531,0.06398238698,0.0,0.0,0.0,0.0,0.0,1.0,1.0,0.0,1.0,0.0,1.0,0.0,0.0,0.0,0.0,0.0,0.0,0.0,0.0,0.806639,0.43073,0.225314,0.422071,0.242744,0.317179,0.682204,0.413359,0.301679,0.274471,0.281121,0.447762,0.239793,0.184986,0.326065,0.460988,0.339535,0.294174
sub-0300313_ses-4_run-3_task-rest_bold_cleaned,300313,Awake,10.0,9.4,2500.0,0.03850404531,0.06398238698,0.0,0.0,0.0,0.0,0.0,1.0,1.0,0.0,1.0,0.0,1.0,0.0,0.0,0.0,0.0,0.0,0.0,0.0,0.0,0.748235,0.400414,0.239537,0.429852,0.324005,0.338377,0.598208,0.297369,0.360364,0.248399,0.35697,0.49338,0.229726,0.21602,0.374907,0.299973,0.410867,0.248397
sub-0300313_ses-4_run-4_task-rest_bold_cleaned,300313,Awake,10.0,9.4,2500.0,0.03850404531,0.06398238698,0.0,0.0,0.0,0.0,0.0,1.0,1.0,0.0,1.0,0.0,1.0,0.0,0.0,0.0,0.0,0.0,0.0,0.0,0.0,0.917392,0.346448,0.239934,0.365175,0.208378,0.29017,0.596824,0.312726,0.311213,0.182674,0.33238,0.468405,0.244047,0.212861,0.328014,0.411088,0.37746,0.257057
sub-0300313_ses-5_run-1_task-rest_bold_cleaned,300313,Awake,10.0,9.4,2500.0,0.05037987342,0.07977638604,0.0,0.0,0.0,0.0,0.0,1.0,1.0,0.0,1.0,0.0,1.0,0.0,0.0,0.0,0.0,0.0,0.0,0.0,0.0,0.674631,0.30517,0.278364,0.320644,0.235749,0.260192,0.368563,0.295855,0.325551,0.185798,0.297939,0.345166,0.274132,0.25823,0.286084,0.380311,0.3359,0.225181
sub-0300313_ses-5_run-2_task-rest_bold_cleaned,300313,Awake,10.0,9.4,2500.0,0.05037987342,0.07977638604,0.0,0.0,0.0,0.0,0.0,1.0,1.0,0.0,1.0,0.0,1.0,0.0,0.0,0.0,0.0,0.0,0.0,0.0,0.0,0.687581,0.39133,0.227161,0.320146,0.354804,0.341179,0.481911,0.311358,0.314522,0.21044,0.256618,0.365577,0.210193,0.163786,0.275814,0.468735,0.230615,0.289568
sub-0300313_ses-5_run-3_task-rest_bold_cleaned,300313,Awake,10.0,9.4,2500.0,0.05037987342,0.07977638604,0.0,0.0,0.0,0.0,0.0,1.0,1.0,0.0,1.0,0.0,1.0,0.0,0.0,0.0,0.0,0.0,0.0,0.0,0.0,0.812948,0.407517,0.218614,0.409524,0.354071,0.366532,0.507042,0.35818,0.351281,0.270835,0.358417,0.360676,0.297858,0.295387,0.340799,0.556747,0.308089,0.222344
sub-0300313_ses-5_run-4_task-rest_bold_cleaned,300313,Awake,10.0,9.4,2500.0,0.05037987342,0.07977638604,0.0,0.0,0.0,0.0,0.0,1.0,1.0,0.0,1.0,0.0,1.0,0.0,0.0,0.0,0.0,0.0,0.0,0.0,0.0,0.668431,0.264582,0.226831,0.332207,0.222153,0.248819,0.484905,0.293,0.310413,0.230349,0.346894,0.367557,0.224079,0.250143,0.33424,0.353813,0.319735,0.214639
sub-0300313_ses-6_run-1_task-rest_bold_cleaned,300313,Awake,10.0,9.4,2500.0,0.03408151691,0.05863341391,0.0,0.0,0.0,0.0,0.0,1.0,1.0,0.0,1.0,0.0,1.0,0.0,0.0,0.0,0.0,0.0,0.0,0.0,0.0,0.542554,0.228635,0.248553,0.280623,0.225634,0.275127,0.369527,0.19412,0.264642,0.184673,0.301843,0.329596,0.250221,0.220835,0.304859,0.337054,0.313325,0.234533
sub-0300313_ses-6_run-2_task-rest_bold_cleaned,300313,Awake,10.0,9.4,2500.0,0.03408151691,0.05863341391,0.0,0.0,0.0,0.0,0.0,1.0,1.0,0.0,1.0,0.0,1.0,0.0,0.0,0.0,0.0,0.0,0.0,0.0,0.0,0.748029,0.277222,0.214508,0.332315,0.266449,0.233636,0.507654,0.369976,0.388324,0.229095,0.406097,0.346249,0.258995,0.229497,0.312456,0.371528,0.354945,0.192718
sub-0300313_ses-6_run-3_task-rest_bold_cleaned,300313,Awake,10.0,9.4,2500.0,0.03408151691,0.05863341391,0.0,0.0,0.0,0.0,0.0,1.0,1.0,0.0,1.0,0.0,1.0,0.0,0.0,0.0,0.0,0.0,0.0,0.0,0.0,0.703976,0.27165,0.250395,0.261467,0.224547,0.227287,0.313981,0.294448,0.397782,0.19619,0.274077,0.461265,0.262732,0.215167,0.300539,0.474593,0.304214,0.317501
sub-0300313_ses-6_run-4_task-rest_bold_cleaned,300313,Awake,10.0,9.4,2500.0,0.03408151691,0.05863341391,0.0,0.0,0.0,0.0,0.0,1.0,1.0,0.0,1.0,0.0,1.0,0.0,0.0,0.0,0.0,0.0,0.0,0.0,0.0,0.958462,0.314194,0.259196,0.426474,0.257058,0.311073,0.478235,0.398177,0.385956,0.229869,0.388857,0.458053,0.275911,0.296651,0.405454,0.482242,0.497599,0.277685
sub-0300313_ses-7_run-1_task-rest_bold_cleaned,300313,Awake,10.0,9.4,2500.0,0.03038129328,0.04963239383,0.0,0.0,0.0,0.0,0.0,1.0,1.0,0.0,1.0,0.0,1.0,0.0,0.0,0.0,0.0,0.0,0.0,0.0,0.0,0.532783,0.300827,0.188332,0.306824,0.231908,0.256435,0.486016,0.346255,0.342856,0.198162,0.317693,0.258527,0.227396,0.196751,0.287889,0.365378,0.28546,0.265696
sub-0300313_ses-7_run-2_task-rest_bold_cleaned,300313,Awake,10.0,9.4,2500.0,0.03038129328,0.04963239383,0.0,0.0,0.0,0.0,0.0,1.0,1.0,0.0,1.0,0.0,1.0,0.0,0.0,0.0,0.0,0.0,0.0,0.0,0.0,0.753596,0.375545,0.217324,0.252989,0.235829,0.283547,0.500213,0.278308,0.34101,0.190372,0.287362,0.322567,0.247393,0.292681,0.343858,0.319034,0.301107,0.215765
sub-0300313_ses-7_run-3_task-rest_bold_cleaned,300313,Awake,10.0,9.4,2500.0,0.03038129328,0.04963239383,0.0,0.0,0.0,0.0,0.0,1.0,1.0,0.0,1.0,0.0,1.0,0.0,0.0,0.0,0.0,0.0,0.0,0.0,0.0,0.870143,0.342632,0.268922,0.394173,0.232308,0.304603,0.451259,0.333371,0.365836,0.230218,0.300521,0.39221,0.254068,0.240739,0.335995,0.442144,0.316976,0.232728
sub-0300313_ses-7_run-4_task-rest_bold_cleaned,300313,Awake,10.0,9.4,2500.0,0.03038129328,0.04963239383,0.0,0.0,0.0,0.0,0.0,1.0,1.0,0.0,1.0,0.0,1.0,0.0,0.0,0.0,0.0,0.0,0.0,0.0,0.0,0.756995,0.424817,0.257694,0.369785,0.291765,0.344027,0.559685,0.333258,0.437089,0.183327,0.33078,0.376018,0.243204,0.243567,0.349164,0.342991,0.300719,0.227486
sub-0300314_ses-1_run-1_task-rest_bold_cleaned,300314,Awake,10.0,9.4,2500.0,0.05763540711,0.09758772975,0.0,0.0,0.0,0.0,0.0,1.0,1.0,0.0,1.0,0.0,1.0,0.0,0.0,0.0,0.0,0.0,0.0,0.0,0.0,0.79389,0.272663,0.198054,0.266796,0.206998,0.189042,0.334544,0.225164,0.271932,0.186915,0.293373,0.264643,0.197482,0.211936,0.296931,0.339725,0.307793,0.231982
sub-0300314_ses-1_run-2_task-rest_bold_cleaned,300314,Awake,10.0,9.4,2500.0,0.05763540711,0.09758772975,0.0,0.0,0.0,0.0,0.0,1.0,1.0,0.0,1.0,0.0,1.0,0.0,0.0,0.0,0.0,0.0,0.0,0.0,0.0,0.710717,0.266421,0.181472,0.204582,0.224135,0.183904,0.449017,0.258441,0.212854,0.163147,0.215132,0.278582,0.189199,0.176715,0.295881,0.364611,0.233455,0.239068
sub-0300314_ses-1_run-3_task-rest_bold_cleaned,300314,Awake,10.0,9.4,2500.0,0.05763540711,0.09758772975,0.0,0.0,0.0,0.0,0.0,1.0,1.0,0.0,1.0,0.0,1.0,0.0,0.0,0.0,0.0,0.0,0.0,0.0,0.0,0.517806,0.284886,0.152849,0.229066,0.174373,0.227667,0.35578,0.251526,0.258135,0.184741,0.225615,0.218525,0.182238,0.142563,0.273592,0.335767,0.246189,0.15179
sub-0300314_ses-1_run-4_task-rest_bold_cleaned,300314,Awake,10.0,9.4,2500.0,0.05763540711,0.09758772975,0.0,0.0,0.0,0.0,0.0,1.0,1.0,0.0,1.0,0.0,1.0,0.0,0.0,0.0,0.0,0.0,0.0,0.0,0.0,0.693628,0.202955,0.173028,0.317321,0.249248,0.253091,0.387359,0.279473,0.291232,0.195384,0.239962,0.209413,0.195586,0.204337,0.257124,0.307729,0.195552,0.178363
sub-0300314_ses-2_run-1_task-rest_bold_cleaned,300314,Awake,10.0,9.4,2500.0,0.03845744344,0.06643549706,0.0,0.0,0.0,0.0,0.0,1.0,1.0,0.0,1.0,0.0,1.0,0.0,0.0,0.0,0.0,0.0,0.0,0.0,0.0,0.332684,0.190011,0.158889,0.174601,0.168732,0.157178,0.261037,0.158143,0.216118,0.145629,0.247817,0.219057,0.201058,0.141959,0.240166,0.272381,0.220917,0.160726
sub-0300314_ses-2_run-2_task-rest_bold_cleaned,300314,Awake,10.0,9.4,2500.0,0.03845744344,0.06643549706,0.0,0.0,0.0,0.0,0.0,1.0,1.0,0.0,1.0,0.0,1.0,0.0,0.0,0.0,0.0,0.0,0.0,0.0,0.0,0.539729,0.209975,0.235429,0.206381,0.177692,0.221569,0.488195,0.254308,0.248563,0.146749,0.245677,0.234578,0.166645,0.1723,0.282055,0.333922,0.243741,0.185038
sub-0300314_ses-2_run-3_task-rest_bold_cleaned,300314,Awake,10.0,9.4,2500.0,0.03845744344,0.06643549706,0.0,0.0,0.0,0.0,0.0,1.0,1.0,0.0,1.0,0.0,1.0,0.0,0.0,0.0,0.0,0.0,0.0,0.0,0.0,0.800545,0.280805,0.22179,0.244201,0.241315,0.215423,0.560688,0.195229,0.316127,0.193082,0.283854,0.337235,0.176187,0.186708,0.316185,0.407155,0.204979,0.218307
sub-0300314_ses-2_run-4_task-rest_bold_cleaned,300314,Awake,10.0,9.4,2500.0,0.03845744344,0.06643549706,0.0,0.0,0.0,0.0,0.0,1.0,1.0,0.0,1.0,0.0,1.0,0.0,0.0,0.0,0.0,0.0,0.0,0.0,0.0,0.81222,0.300118,0.227592,0.225529,0.264333,0.215846,0.55516,0.207585,0.33013,0.169273,0.267924,0.28088,0.26131,0.19758,0.322834,0.38806,0.242238,0.17332
sub-0300314_ses-3_run-1_task-rest_bold_cleaned,300314,Awake,10.0,9.4,2500.0,0.03345791423,0.05686310573,0.0,0.0,0.0,0.0,0.0,1.0,1.0,0.0,1.0,0.0,1.0,0.0,0.0,0.0,0.0,0.0,0.0,0.0,0.0,0.343105,0.243879,0.243378,0.22692,0.171579,0.157116,0.304823,0.207843,0.227529,0.1372,0.268949,0.246322,0.212946,0.175411,0.230094,0.258922,0.27594,0.199307
sub-0300314_ses-3_run-2_task-rest_bold_cleaned,300314,Awake,10.0,9.4,2500.0,0.03345791423,0.05686310573,0.0,0.0,0.0,0.0,0.0,1.0,1.0,0.0,1.0,0.0,1.0,0.0,0.0,0.0,0.0,0.0,0.0,0.0,0.0,0.705612,0.253716,0.179569,0.258184,0.234278,0.278651,0.455668,0.293936,0.287901,0.191028,0.27714,0.2622,0.240082,0.180178,0.30175,0.36085,0.26868,0.223975
sub-0300314_ses-3_run-3_task-rest_bold_cleaned,300314,Awake,10.0,9.4,2500.0,0.03345791423,0.05686310573,0.0,0.0,0.0,0.0,0.0,1.0,1.0,0.0,1.0,0.0,1.0,0.0,0.0,0.0,0.0,0.0,0.0,0.0,0.0,0.592934,0.286947,0.21934,0.249778,0.229256,0.221817,0.288687,0.199262,0.273253,0.159226,0.232891,0.304943,0.231044,0.212079,0.254435,0.292833,0.256698,0.210407
sub-0300314_ses-3_run-4_task-rest_bold_cleaned,300314,Awake,10.0,9.4,2500.0,0.03345791423,0.05686310573,0.0,0.0,0.0,0.0,0.0,1.0,1.0,0.0,1.0,0.0,1.0,0.0,0.0,0.0,0.0,0.0,0.0,0.0,0.0,0.895261,0.390516,0.215472,0.281214,0.243662,0.216677,0.494998,0.326656,0.33959,0.202043,0.31112,0.378183,0.300681,0.217408,0.282345,0.398896,0.242044,0.274133
sub-0300314_ses-4_run-1_task-rest_bold_cleaned,300314,Awake,10.0,9.4,2500.0,0.02787906043,0.04810143342,0.0,0.0,0.0,0.0,0.0,1.0,1.0,0.0,1.0,0.0,1.0,0.0,0.0,0.0,0.0,0.0,0.0,0.0,0.0,0.432866,0.202833,0.177697,0.204827,0.247574,0.221879,0.304747,0.233084,0.311794,0.200581,0.310275,0.264452,0.283837,0.182682,0.273456,0.273668,0.313253,0.223793
sub-0300314_ses-4_run-2_task-rest_bold_cleaned,300314,Awake,10.0,9.4,2500.0,0.02787906043,0.04810143342,0.0,0.0,0.0,0.0,0.0,1.0,1.0,0.0,1.0,0.0,1.0,0.0,0.0,0.0,0.0,0.0,0.0,0.0,0.0,0.422159,0.267269,0.237345,0.288934,0.251632,0.22205,0.326655,0.21966,0.234746,0.124442,0.224221,0.252487,0.181932,0.158176,0.279347,0.302099,0.247588,0.233902
sub-0300314_ses-4_run-3_task-rest_bold_cleaned,300314,Awake,10.0,9.4,2500.0,0.02787906043,0.04810143342,0.0,0.0,0.0,0.0,0.0,1.0,1.0,0.0,1.0,0.0,1.0,0.0,0.0,0.0,0.0,0.0,0.0,0.0,0.0,0.548175,0.314555,0.216887,0.290118,0.242941,0.206508,0.472482,0.277907,0.455662,0.188286,0.319159,0.307866,0.32587,0.209327,0.289402,0.486441,0.291012,0.177164
sub-0300314_ses-4_run-4_task-rest_bold_cleaned,300314,Awake,10.0,9.4,2500.0,0.02787906043,0.04810143342,0.0,0.0,0.0,0.0,0.0,1.0,1.0,0.0,1.0,0.0,1.0,0.0,0.0,0.0,0.0,0.0,0.0,0.0,0.0,0.488925,0.317857,0.249439,0.32369,0.336441,0.234051,0.624893,0.274019,0.486316,0.183843,0.406289,0.29719,0.327107,0.206514,0.283316,0.358024,0.325522,0.235312
sub-0300314_ses-5_run-1_task-rest_bold_cleaned,300314,Awake,10.0,9.4,2500.0,0.04192231299,0.06932932255,0.0,0.0,0.0,0.0,0.0,1.0,1.0,0.0,1.0,0.0,1.0,0.0,0.0,0.0,0.0,0.0,0.0,0.0,0.0,0.68406,0.305732,0.212387,0.229312,0.200749,0.174358,0.412224,0.241067,0.37524,0.184673,0.26431,0.312797,0.222731,0.178873,0.324472,0.343928,0.256006,0.217275
sub-0300314_ses-5_run-2_task-rest_bold_cleaned,300314,Awake,10.0,9.4,2500.0,0.04192231299,0.06932932255,0.0,0.0,0.0,0.0,0.0,1.0,1.0,0.0,1.0,0.0,1.0,0.0,0.0,0.0,0.0,0.0,0.0,0.0,0.0,0.616971,0.278605,0.235923,0.20447,0.245793,0.224365,0.425721,0.263969,0.356467,0.183696,0.282573,0.321227,0.235902,0.226742,0.296013,0.451467,0.207115,0.227039
sub-0300314_ses-5_run-3_task-rest_bold_cleaned,300314,Awake,10.0,9.4,2500.0,0.04192231299,0.06932932255,0.0,0.0,0.0,0.0,0.0,1.0,1.0,0.0,1.0,0.0,1.0,0.0,0.0,0.0,0.0,0.0,0.0,0.0,0.0,0.614354,0.385326,0.223046,0.241165,0.245663,0.203268,0.596043,0.260368,0.284745,0.171796,0.280946,0.298518,0.338254,0.213276,0.308822,0.278499,0.256475,0.234429
sub-0300314_ses-5_run-4_task-rest_bold_cleaned,300314,Awake,10.0,9.4,2500.0,0.04192231299,0.06932932255,0.0,0.0,0.0,0.0,0.0,1.0,1.0,0.0,1.0,0.0,1.0,0.0,0.0,0.0,0.0,0.0,0.0,0.0,0.0,0.605946,0.239043,0.264103,0.245571,0.244218,0.177359,0.462053,0.252127,0.406368,0.195387,0.343833,0.219293,0.338122,0.160599,0.249249,0.49929,0.217424,0.192094
sub-0300314_ses-6_run-1_task-rest_bold_cleaned,300314,Awake,10.0,9.4,2500.0,0.05029188541,0.08372048769,0.0,0.0,0.0,0.0,0.0,1.0,1.0,0.0,1.0,0.0,1.0,0.0,0.0,0.0,0.0,0.0,0.0,0.0,0.0,0.511093,0.26601,0.177483,0.22068,0.201687,0.190262,0.327496,0.242433,0.209637,0.177877,0.239207,0.245708,0.207009,0.189909,0.246431,0.237264,0.262931,0.205543
sub-0300314_ses-6_run-2_task-rest_bold_cleaned,300314,Awake,10.0,9.4,2500.0,0.05029188541,0.08372048769,0.0,0.0,0.0,0.0,0.0,1.0,1.0,0.0,1.0,0.0,1.0,0.0,0.0,0.0,0.0,0.0,0.0,0.0,0.0,0.429271,0.267878,0.196819,0.218573,0.202734,0.182952,0.364381,0.25383,0.28367,0.164065,0.260773,0.352868,0.192927,0.140431,0.264783,0.253325,0.219676,0.187787
sub-0300314_ses-6_run-3_task-rest_bold_cleaned,300314,Awake,10.0,9.4,2500.0,0.05029188541,0.08372048769,0.0,0.0,0.0,0.0,0.0,1.0,1.0,0.0,1.0,0.0,1.0,0.0,0.0,0.0,0.0,0.0,0.0,0.0,0.0,0.864057,0.369536,0.408542,0.362686,0.338942,0.217735,0.360227,0.262173,0.629519,0.230104,0.32906,0.266827,0.314517,0.201915,0.297429,0.450059,0.456449,0.192883
sub-0300314_ses-6_run-4_task-rest_bold_cleaned,300314,Awake,10.0,9.4,2500.0,0.05029188541,0.08372048769,0.0,0.0,0.0,0.0,0.0,1.0,1.0,0.0,1.0,0.0,1.0,0.0,0.0,0.0,0.0,0.0,0.0,0.0,0.0,0.480305,0.286376,0.174988,0.216152,0.217456,0.188799,0.416084,0.212233,0.28898,0.173616,0.27553,0.326348,0.217668,0.177495,0.245826,0.312744,0.24956,0.188573
sub-0300315_ses-1_run-1_task-rest_bold_cleaned,300315,Awake,10.0,9.4,2500.0,0.0480452021,0.08130907639,0.0,0.0,0.0,0.0,0.0,1.0,1.0,0.0,1.0,0.0,1.0,0.0,0.0,0.0,0.0,0.0,0.0,0.0,0.0,0.708201,0.217739,0.220022,0.403042,0.227435,0.261674,0.447108,0.238193,0.308853,0.248162,0.34168,0.271002,0.22012,0.218757,0.317052,0.505011,0.264746,0.241355
sub-0300315_ses-1_run-2_task-rest_bold_cleaned,300315,Awake,10.0,9.4,2500.0,0.0480452021,0.08130907639,0.0,0.0,0.0,0.0,0.0,1.0,1.0,0.0,1.0,0.0,1.0,0.0,0.0,0.0,0.0,0.0,0.0,0.0,0.0,0.60154,0.279691,0.208709,0.281964,0.195917,0.234528,0.476262,0.185778,0.252092,0.161429,0.242082,0.249995,0.159396,0.146667,0.267368,0.38571,0.274216,0.215583
sub-0300315_ses-2_run-1_task-rest_bold_cleaned,300315,Awake,10.0,9.4,2500.0,0.05297145356,0.08699865331,0.0,0.0,0.0,0.0,0.0,1.0,1.0,0.0,1.0,0.0,1.0,0.0,0.0,0.0,0.0,0.0,0.0,0.0,0.0,0.727094,0.314978,0.198064,0.404978,0.261426,0.338444,0.434877,0.270782,0.280965,0.308136,0.454715,0.380449,0.239407,0.254864,0.377854,0.460223,0.290693,0.224897
sub-0300315_ses-2_run-2_task-rest_bold_cleaned,300315,Awake,10.0,9.4,2500.0,0.05297145356,0.08699865331,0.0,0.0,0.0,0.0,0.0,1.0,1.0,0.0,1.0,0.0,1.0,0.0,0.0,0.0,0.0,0.0,0.0,0.0,0.0,0.869648,0.303667,0.155971,0.317834,0.281264,0.198603,0.419647,0.189007,0.352717,0.183228,0.337753,0.309924,0.240958,0.22365,0.284641,0.343603,0.31218,0.179179
sub-0300315_ses-2_run-3_task-rest_bold_cleaned,300315,Awake,10.0,9.4,2500.0,0.05297145356,0.08699865331,0.0,0.0,0.0,0.0,0.0,1.0,1.0,0.0,1.0,0.0,1.0,0.0,0.0,0.0,0.0,0.0,0.0,0.0,0.0,0.901165,0.297277,0.259585,0.410327,0.244344,0.318765,0.646927,0.277059,0.440854,0.243055,0.361954,0.482442,0.265906,0.276948,0.314863,0.447719,0.371598,0.270747
sub-0300315_ses-2_run-4_task-rest_bold_cleaned,300315,Awake,10.0,9.4,2500.0,0.05297145356,0.08699865331,0.0,0.0,0.0,0.0,0.0,1.0,1.0,0.0,1.0,0.0,1.0,0.0,0.0,0.0,0.0,0.0,0.0,0.0,0.0,0.84113,0.331426,0.265074,0.461587,0.269513,0.366078,0.445514,0.274652,0.450324,0.203267,0.382969,0.438948,0.262668,0.28015,0.318473,0.516539,0.443542,0.242061
sub-0300315_ses-3_run-1_task-rest_bold_cleaned,300315,Awake,10.0,9.4,2500.0,0.04215867068,0.06925353468,0.0,0.0,0.0,0.0,0.0,1.0,1.0,0.0,1.0,0.0,1.0,0.0,0.0,0.0,0.0,0.0,0.0,0.0,0.0,0.697714,0.29672,0.234919,0.353125,0.251698,0.261609,0.614255,0.222966,0.312425,0.210865,0.360988,0.305299,0.276566,0.221419,0.346525,0.385484,0.375812,0.292672
sub-0300315_ses-3_run-2_task-rest_bold_cleaned,300315,Awake,10.0,9.4,2500.0,0.04215867068,0.06925353468,0.0,0.0,0.0,0.0,0.0,1.0,1.0,0.0,1.0,0.0,1.0,0.0,0.0,0.0,0.0,0.0,0.0,0.0,0.0,0.58604,0.319469,0.327988,0.541227,0.245324,0.282734,0.900147,0.254674,0.306737,0.293469,0.423265,0.414466,0.221635,0.201679,0.400564,0.295371,0.271411,0.231211
sub-0300315_ses-3_run-3_task-rest_bold_cleaned,300315,Awake,10.0,9.4,2500.0,0.04215867068,0.06925353468,0.0,0.0,0.0,0.0,0.0,1.0,1.0,0.0,1.0,0.0,1.0,0.0,0.0,0.0,0.0,0.0,0.0,0.0,0.0,0.673217,0.327627,0.250006,0.408358,0.301914,0.261441,0.513533,0.242411,0.377214,0.276205,0.415884,0.38008,0.254011,0.258533,0.33502,0.612267,0.318344,0.198395
sub-0300315_ses-3_run-4_task-rest_bold_cleaned,300315,Awake,10.0,9.4,2500.0,0.04215867068,0.06925353468,0.0,0.0,0.0,0.0,0.0,1.0,1.0,0.0,1.0,0.0,1.0,0.0,0.0,0.0,0.0,0.0,0.0,0.0,0.0,0.785442,0.368638,0.328559,0.373429,0.325852,0.278894,0.4342,0.285939,0.377649,0.227321,0.445206,0.441835,0.277155,0.219532,0.373762,0.494187,0.322353,0.298651
sub-0300315_ses-4_run-1_task-rest_bold_cleaned,300315,Awake,10.0,9.4,2500.0,0.03835739725,0.0665761524,0.0,0.0,0.0,0.0,0.0,1.0,1.0,0.0,1.0,0.0,1.0,0.0,0.0,0.0,0.0,0.0,0.0,0.0,0.0,0.451263,0.303504,0.221841,0.246036,0.204057,0.2303,0.426361,0.233731,0.281448,0.229781,0.276991,0.282093,0.209244,0.155165,0.258753,0.29317,0.281744,0.170279
sub-0300315_ses-4_run-2_task-rest_bold_cleaned,300315,Awake,10.0,9.4,2500.0,0.03835739725,0.0665761524,0.0,0.0,0.0,0.0,0.0,1.0,1.0,0.0,1.0,0.0,1.0,0.0,0.0,0.0,0.0,0.0,0.0,0.0,0.0,0.582245,0.25623,0.232898,0.464805,0.241207,0.321855,0.591214,0.221152,0.349167,0.2712,0.286425,0.286147,0.262104,0.173347,0.318347,0.394847,0.219473,0.188634
sub-0300315_ses-4_run-3_task-rest_bold_cleaned,300315,Awake,10.0,9.4,2500.0,0.03835739725,0.0665761524,0.0,0.0,0.0,0.0,0.0,1.0,1.0,0.0,1.0,0.0,1.0,0.0,0.0,0.0,0.0,0.0,0.0,0.0,0.0,0.44816,0.260852,0.235853,0.326246,0.208154,0.23979,0.516084,0.230857,0.26987,0.153146,0.258219,0.283322,0.20219,0.234019,0.249371,0.351919,0.237696,0.194556
sub-0300315_ses-4_run-4_task-rest_bold_cleaned,300315,Awake,10.0,9.4,2500.0,0.03835739725,0.0665761524,0.0,0.0,0.0,0.0,0.0,1.0,1.0,0.0,1.0,0.0,1.0,0.0,0.0,0.0,0.0,0.0,0.0,0.0,0.0,0.642023,0.274214,0.247058,0.36869,0.317263,0.254012,0.49278,0.265309,0.310774,0.24317,0.379122,0.300146,0.191127,0.230609,0.241424,0.335202,0.300189,0.21173
sub-0300315_ses-5_run-1_task-rest_bold_cleaned,300315,Awake,10.0,9.4,2500.0,0.05111792649,0.08191992547,0.0,0.0,0.0,0.0,0.0,1.0,1.0,0.0,1.0,0.0,1.0,0.0,0.0,0.0,0.0,0.0,0.0,0.0,0.0,0.610189,0.2593,0.245166,0.311159,0.211915,0.212395,0.3686,0.295724,0.348616,0.200509,0.361418,0.296893,0.216791,0.277972,0.264556,0.339192,0.30209,0.209558
sub-0300315_ses-5_run-2_task-rest_bold_cleaned,300315,Awake,10.0,9.4,2500.0,0.05111792649,0.08191992547,0.0,0.0,0.0,0.0,0.0,1.0,1.0,0.0,1.0,0.0,1.0,0.0,0.0,0.0,0.0,0.0,0.0,0.0,0.0,0.687226,0.318364,0.199947,0.440625,0.308709,0.308319,0.661576,0.262856,0.403865,0.254801,0.333413,0.310567,0.273293,0.258178,0.340196,0.465247,0.334012,0.209876
sub-0300315_ses-5_run-3_task-rest_bold_cleaned,300315,Awake,10.0,9.4,2500.0,0.05111792649,0.08191992547,0.0,0.0,0.0,0.0,0.0,1.0,1.0,0.0,1.0,0.0,1.0,0.0,0.0,0.0,0.0,0.0,0.0,0.0,0.0,0.668243,0.3047,0.277374,0.388747,0.220392,0.238776,0.512228,0.314482,0.332568,0.184556,0.428024,0.38753,0.220132,0.204201,0.316758,0.372072,0.338676,0.207247
sub-0300315_ses-5_run-4_task-rest_bold_cleaned,300315,Awake,10.0,9.4,2500.0,0.05111792649,0.08191992547,0.0,0.0,0.0,0.0,0.0,1.0,1.0,0.0,1.0,0.0,1.0,0.0,0.0,0.0,0.0,0.0,0.0,0.0,0.0,0.756662,0.364789,0.256842,0.506326,0.216099,0.263444,0.648551,0.274656,0.328686,0.221278,0.370524,0.342731,0.230119,0.197517,0.359344,0.436459,0.252359,0.305056
sub-0300315_ses-6_run-1_task-rest_bold_cleaned,300315,Awake,10.0,9.4,2500.0,0.04548187103,0.07576886374,0.0,0.0,0.0,0.0,0.0,1.0,1.0,0.0,1.0,0.0,1.0,0.0,0.0,0.0,0.0,0.0,0.0,0.0,0.0,0.468201,0.455731,0.308181,0.2992,0.287312,0.226283,0.481354,0.211579,0.335968,0.170503,0.443217,0.348811,0.292722,0.300266,0.237916,0.337048,0.263177,0.190909
sub-0300315_ses-6_run-2_task-rest_bold_cleaned,300315,Awake,10.0,9.4,2500.0,0.04548187103,0.07576886374,0.0,0.0,0.0,0.0,0.0,1.0,1.0,0.0,1.0,0.0,1.0,0.0,0.0,0.0,0.0,0.0,0.0,0.0,0.0,0.600885,0.2954,0.241403,0.436231,0.253607,0.279927,0.42997,0.2535,0.344411,0.232514,0.382935,0.362247,0.237935,0.259077,0.315432,0.470536,0.300791,0.181051
sub-0300315_ses-6_run-3_task-rest_bold_cleaned,300315,Awake,10.0,9.4,2500.0,0.04548187103,0.07576886374,0.0,0.0,0.0,0.0,0.0,1.0,1.0,0.0,1.0,0.0,1.0,0.0,0.0,0.0,0.0,0.0,0.0,0.0,0.0,0.672872,0.344385,0.313837,0.459876,0.284878,0.363064,0.47786,0.270292,0.376489,0.244814,0.464675,0.373007,0.347419,0.27974,0.365618,0.515155,0.249141,0.194838
sub-0300315_ses-6_run-4_task-rest_bold_cleaned,300315,Awake,10.0,9.4,2500.0,0.04548187103,0.07576886374,0.0,0.0,0.0,0.0,0.0,1.0,1.0,0.0,1.0,0.0,1.0,0.0,0.0,0.0,0.0,0.0,0.0,0.0,0.0,0.726362,0.319687,0.247705,0.373212,0.275697,0.27855,0.463759,0.246439,0.283716,0.15999,0.436007,0.489316,0.22048,0.189932,0.283528,0.593016,0.277934,0.240731
sub-0300315_ses-7_run-1_task-rest_bold_cleaned,300315,Awake,10.0,9.4,2500.0,0.0416840063,0.06798362443,0.0,0.0,0.0,0.0,0.0,1.0,1.0,0.0,1.0,0.0,1.0,0.0,0.0,0.0,0.0,0.0,0.0,0.0,0.0,0.5172,0.289229,0.296276,0.393266,0.185559,0.255663,0.53678,0.220512,0.281395,0.187155,0.333301,0.267522,0.320501,0.201381,0.267379,0.279742,0.278549,0.194828
sub-0300315_ses-7_run-2_task-rest_bold_cleaned,300315,Awake,10.0,9.4,2500.0,0.0416840063,0.06798362443,0.0,0.0,0.0,0.0,0.0,1.0,1.0,0.0,1.0,0.0,1.0,0.0,0.0,0.0,0.0,0.0,0.0,0.0,0.0,0.427335,0.344324,0.236498,0.522576,0.277185,0.290097,0.644875,0.252178,0.303862,0.255174,0.355436,0.370401,0.230688,0.17423,0.340564,0.514359,0.292262,0.225882
sub-0300315_ses-7_run-3_task-rest_bold_cleaned,300315,Awake,10.0,9.4,2500.0,0.0416840063,0.06798362443,0.0,0.0,0.0,0.0,0.0,1.0,1.0,0.0,1.0,0.0,1.0,0.0,0.0,0.0,0.0,0.0,0.0,0.0,0.0,0.861924,0.331998,0.234244,0.45831,0.269682,0.352087,0.576756,0.284667,0.328592,0.225579,0.377228,0.334251,0.264181,0.244228,0.310224,0.489817,0.275749,0.25388
sub-0300316_ses-1_run-1_task-rest_bold_cleaned,300316,Awake,10.0,9.4,2500.0,0.05068693776,0.08930797745,0.0,0.0,0.0,0.0,0.0,1.0,1.0,0.0,1.0,0.0,1.0,0.0,0.0,0.0,0.0,0.0,0.0,0.0,0.0,0.569827,0.229893,0.245879,0.249938,0.205954,0.275352,0.425063,0.238113,0.356461,0.159648,0.373605,0.284105,0.244096,0.147706,0.292956,0.243554,0.292207,0.191627
sub-0300316_ses-1_run-2_task-rest_bold_cleaned,300316,Awake,10.0,9.4,2500.0,0.05068693776,0.08930797745,0.0,0.0,0.0,0.0,0.0,1.0,1.0,0.0,1.0,0.0,1.0,0.0,0.0,0.0,0.0,0.0,0.0,0.0,0.0,0.595794,0.342476,0.269036,0.315905,0.309199,0.250533,0.494943,0.319584,0.395129,0.207451,0.305011,0.231452,0.292547,0.209641,0.36392,0.369641,0.241584,0.25801
sub-0300316_ses-1_run-3_task-rest_bold_cleaned,300316,Awake,10.0,9.4,2500.0,0.05068693776,0.08930797745,0.0,0.0,0.0,0.0,0.0,1.0,1.0,0.0,1.0,0.0,1.0,0.0,0.0,0.0,0.0,0.0,0.0,0.0,0.0,0.701527,0.274911,0.219797,0.41426,0.262921,0.296761,0.597641,0.260346,0.256845,0.220147,0.336962,0.312481,0.25528,0.287714,0.284878,0.311791,0.321814,0.22734
sub-0300316_ses-1_run-4_task-rest_bold_cleaned,300316,Awake,10.0,9.4,2500.0,0.05068693776,0.08930797745,0.0,0.0,0.0,0.0,0.0,1.0,1.0,0.0,1.0,0.0,1.0,0.0,0.0,0.0,0.0,0.0,0.0,0.0,0.0,0.796763,0.303664,0.245329,0.476044,0.303908,0.333458,0.531786,0.32815,0.387508,0.239898,0.374631,0.259674,0.337595,0.249883,0.308369,0.370713,0.21097,0.253482
sub-0300316_ses-2_run-1_task-rest_bold_cleaned,300316,Awake,10.0,9.4,2500.0,0.03431588196,0.0589845897,0.0,0.0,0.0,0.0,0.0,1.0,1.0,0.0,1.0,0.0,1.0,0.0,0.0,0.0,0.0,0.0,0.0,0.0,0.0,0.542942,0.258025,0.326689,0.309134,0.213497,0.216065,0.386459,0.274017,0.307782,0.236981,0.393975,0.529101,0.337083,0.267034,0.264258,0.403413,0.319689,0.197241
sub-0300316_ses-2_run-2_task-rest_bold_cleaned,300316,Awake,10.0,9.4,2500.0,0.03431588196,0.0589845897,0.0,0.0,0.0,0.0,0.0,1.0,1.0,0.0,1.0,0.0,1.0,0.0,0.0,0.0,0.0,0.0,0.0,0.0,0.0,0.755729,0.497926,0.279538,0.404239,0.335552,0.326935,0.603767,0.350971,0.287143,0.3092,0.351561,0.459269,0.258677,0.199918,0.317393,0.46876,0.347067,0.297124
sub-0300316_ses-2_run-3_task-rest_bold_cleaned,300316,Awake,10.0,9.4,2500.0,0.03431588196,0.0589845897,0.0,0.0,0.0,0.0,0.0,1.0,1.0,0.0,1.0,0.0,1.0,0.0,0.0,0.0,0.0,0.0,0.0,0.0,0.0,0.728171,0.361276,0.315279,0.442852,0.3307,0.354914,0.665532,0.37448,0.414347,0.243461,0.542361,0.687035,0.373335,0.271421,0.290741,0.528973,0.415803,0.277277
sub-0300316_ses-2_run-4_task-rest_bold_cleaned,300316,Awake,10.0,9.4,2500.0,0.03431588196,0.0589845897,0.0,0.0,0.0,0.0,0.0,1.0,1.0,0.0,1.0,0.0,1.0,0.0,0.0,0.0,0.0,0.0,0.0,0.0,0.0,0.777464,0.254546,0.265193,0.421636,0.339794,0.276951,0.497794,0.313543,0.47074,0.31519,0.486635,0.531385,0.305441,0.216304,0.321197,0.389714,0.435046,0.26039
sub-0300316_ses-3_run-1_task-rest_bold_cleaned,300316,Awake,10.0,9.4,2500.0,0.03548884792,0.05754126964,0.0,0.0,0.0,0.0,0.0,1.0,1.0,0.0,1.0,0.0,1.0,0.0,0.0,0.0,0.0,0.0,0.0,0.0,0.0,0.433401,0.294301,0.233506,0.303471,0.336749,0.276556,0.468353,0.207006,0.328675,0.244848,0.336391,0.309393,0.294437,0.210656,0.259898,0.399614,0.26022,0.250254
sub-0300316_ses-3_run-2_task-rest_bold_cleaned,300316,Awake,10.0,9.4,2500.0,0.03548884792,0.05754126964,0.0,0.0,0.0,0.0,0.0,1.0,1.0,0.0,1.0,0.0,1.0,0.0,0.0,0.0,0.0,0.0,0.0,0.0,0.0,0.711595,0.427572,0.27146,0.534367,0.317072,0.273982,0.549956,0.321033,0.400902,0.327079,0.35769,0.390005,0.375191,0.203145,0.358773,0.602859,0.325183,0.309541
sub-0300316_ses-3_run-3_task-rest_bold_cleaned,300316,Awake,10.0,9.4,2500.0,0.03548884792,0.05754126964,0.0,0.0,0.0,0.0,0.0,1.0,1.0,0.0,1.0,0.0,1.0,0.0,0.0,0.0,0.0,0.0,0.0,0.0,0.0,0.875153,0.506533,0.307308,0.661919,0.414385,0.336849,0.565174,0.277106,0.441637,0.400942,0.325424,0.316209,0.354593,0.268091,0.341354,0.511397,0.272645,0.223621
sub-0300316_ses-3_run-4_task-rest_bold_cleaned,300316,Awake,10.0,9.4,2500.0,0.03548884792,0.05754126964,0.0,0.0,0.0,0.0,0.0,1.0,1.0,0.0,1.0,0.0,1.0,0.0,0.0,0.0,0.0,0.0,0.0,0.0,0.0,0.489977,0.359516,0.290709,0.344467,0.304432,0.304112,0.571326,0.238948,0.313609,0.252642,0.320156,0.403049,0.324926,0.231791,0.304556,0.487353,0.284832,0.23882
sub-0300316_ses-4_run-1_task-rest_bold_cleaned,300316,Awake,10.0,9.4,2500.0,0.04868712622,0.08219055267,0.0,0.0,0.0,0.0,0.0,1.0,1.0,0.0,1.0,0.0,1.0,0.0,0.0,0.0,0.0,0.0,0.0,0.0,0.0,0.717024,0.298994,0.239511,0.634367,0.213405,0.312793,0.566455,0.270122,0.352799,0.297499,0.341906,0.312834,0.246203,0.179592,0.306191,0.499617,0.295027,0.214602
sub-0300316_ses-4_run-2_task-rest_bold_cleaned,300316,Awake,10.0,9.4,2500.0,0.04868712622,0.08219055267,0.0,0.0,0.0,0.0,0.0,1.0,1.0,0.0,1.0,0.0,1.0,0.0,0.0,0.0,0.0,0.0,0.0,0.0,0.0,0.778927,0.357899,0.241117,0.408555,0.287771,0.298364,0.707197,0.290243,0.285485,0.229669,0.366697,0.347334,0.201978,0.181288,0.379363,0.498814,0.357473,0.305656
sub-0300316_ses-4_run-3_task-rest_bold_cleaned,300316,Awake,10.0,9.4,2500.0,0.04868712622,0.08219055267,0.0,0.0,0.0,0.0,0.0,1.0,1.0,0.0,1.0,0.0,1.0,0.0,0.0,0.0,0.0,0.0,0.0,0.0,0.0,0.473418,0.301279,0.263806,0.483908,0.261538,0.266611,0.521445,0.293325,0.315662,0.251141,0.292708,0.351456,0.259679,0.26113,0.250357,0.393493,0.337505,0.258542
sub-0300316_ses-4_run-4_task-rest_bold_cleaned,300316,Awake,10.0,9.4,2500.0,0.04868712622,0.08219055267,0.0,0.0,0.0,0.0,0.0,1.0,1.0,0.0,1.0,0.0,1.0,0.0,0.0,0.0,0.0,0.0,0.0,0.0,0.0,0.756022,0.32969,0.254366,0.45143,0.215258,0.260951,0.672157,0.236607,0.368024,0.297103,0.355358,0.322699,0.285081,0.314798,0.344234,0.585214,0.366958,0.281479
sub-0300316_ses-5_run-1_task-rest_bold_cleaned,300316,Awake,10.0,9.4,2500.0,0.03486190904,0.05744115453,0.0,0.0,0.0,0.0,0.0,1.0,1.0,0.0,1.0,0.0,1.0,0.0,0.0,0.0,0.0,0.0,0.0,0.0,0.0,0.395257,0.27986,0.239105,0.255158,0.263295,0.17878,0.314208,0.215814,0.286645,0.208743,0.263694,0.265004,0.223735,0.218977,0.266127,0.251297,0.256379,0.209667
sub-0300316_ses-5_run-2_task-rest_bold_cleaned,300316,Awake,10.0,9.4,2500.0,0.03486190904,0.05744115453,0.0,0.0,0.0,0.0,0.0,1.0,1.0,0.0,1.0,0.0,1.0,0.0,0.0,0.0,0.0,0.0,0.0,0.0,0.0,0.572696,0.358029,0.222469,0.426014,0.227792,0.28432,0.524337,0.276203,0.296975,0.263367,0.322619,0.262582,0.256318,0.193298,0.270917,0.401366,0.298629,0.229898
sub-0300316_ses-5_run-3_task-rest_bold_cleaned,300316,Awake,10.0,9.4,2500.0,0.03486190904,0.05744115453,0.0,0.0,0.0,0.0,0.0,1.0,1.0,0.0,1.0,0.0,1.0,0.0,0.0,0.0,0.0,0.0,0.0,0.0,0.0,0.771389,0.375284,0.294999,0.468047,0.424623,0.270608,0.66487,0.351843,0.391547,0.335124,0.383418,0.328438,0.263453,0.261507,0.354043,0.40916,0.368204,0.313217
sub-0300316_ses-5_run-4_task-rest_bold_cleaned,300316,Awake,10.0,9.4,2500.0,0.03486190904,0.05744115453,0.0,0.0,0.0,0.0,0.0,1.0,1.0,0.0,1.0,0.0,1.0,0.0,0.0,0.0,0.0,0.0,0.0,0.0,0.0,0.777328,0.405171,0.27487,0.51072,0.273694,0.282833,0.77777,0.308179,0.332178,0.397467,0.454711,0.307823,0.341346,0.26335,0.334425,0.615266,0.329216,0.263297
sub-0300316_ses-6_run-1_task-rest_bold_cleaned,300316,Awake,10.0,9.4,2500.0,0.05165809507,0.08278923355,0.0,0.0,0.0,0.0,0.0,1.0,1.0,0.0,1.0,0.0,1.0,0.0,0.0,0.0,0.0,0.0,0.0,0.0,0.0,0.563065,0.288856,0.247298,0.445391,0.257688,0.280734,0.575902,0.256185,0.377625,0.264077,0.327356,0.26297,0.250289,0.214047,0.280243,0.411832,0.250566,0.173625
sub-0300316_ses-6_run-2_task-rest_bold_cleaned,300316,Awake,10.0,9.4,2500.0,0.05165809507,0.08278923355,0.0,0.0,0.0,0.0,0.0,1.0,1.0,0.0,1.0,0.0,1.0,0.0,0.0,0.0,0.0,0.0,0.0,0.0,0.0,0.591701,0.272828,0.185486,0.332346,0.247181,0.250246,0.390379,0.283688,0.319031,0.273785,0.257014,0.291055,0.23154,0.228087,0.361187,0.521915,0.294512,0.191351
sub-0300316_ses-6_run-3_task-rest_bold_cleaned,300316,Awake,10.0,9.4,2500.0,0.05165809507,0.08278923355,0.0,0.0,0.0,0.0,0.0,1.0,1.0,0.0,1.0,0.0,1.0,0.0,0.0,0.0,0.0,0.0,0.0,0.0,0.0,0.561375,0.36104,0.258078,0.325211,0.289639,0.236579,0.444064,0.278699,0.328247,0.271775,0.337797,0.355049,0.268699,0.282556,0.283556,0.37938,0.29799,0.227971
sub-0300316_ses-6_run-4_task-rest_bold_cleaned,300316,Awake,10.0,9.4,2500.0,0.05165809507,0.08278923355,0.0,0.0,0.0,0.0,0.0,1.0,1.0,0.0,1.0,0.0,1.0,0.0,0.0,0.0,0.0,0.0,0.0,0.0,0.0,0.574377,0.314591,0.220988,0.719293,0.262387,0.328931,0.817699,0.251128,0.373744,0.375549,0.44629,0.257006,0.336856,0.238095,0.269761,0.496942,0.310797,0.30628
sub-0300316_ses-7_run-1_task-rest_bold_cleaned,300316,Awake,10.0,9.4,2500.0,0.03235761926,0.05390805041,0.0,0.0,0.0,0.0,0.0,1.0,1.0,0.0,1.0,0.0,1.0,0.0,0.0,0.0,0.0,0.0,0.0,0.0,0.0,0.529195,0.287715,0.235478,0.3033,0.270307,0.290784,0.578184,0.302413,0.30158,0.162378,0.350097,0.308312,0.224979,0.20897,0.29559,0.52073,0.271089,0.276506
sub-0300316_ses-7_run-2_task-rest_bold_cleaned,300316,Awake,10.0,9.4,2500.0,0.03235761926,0.05390805041,0.0,0.0,0.0,0.0,0.0,1.0,1.0,0.0,1.0,0.0,1.0,0.0,0.0,0.0,0.0,0.0,0.0,0.0,0.0,0.659017,0.381461,0.227069,0.396477,0.216066,0.301826,0.489856,0.171028,0.310204,0.278563,0.352339,0.338815,0.251822,0.285306,0.428881,0.545155,0.271687,0.265632
sub-0300316_ses-7_run-4_task-rest_bold_cleaned,300316,Awake,10.0,9.4,2500.0,0.03235761926,0.05390805041,0.0,0.0,0.0,0.0,0.0,1.0,1.0,0.0,1.0,0.0,1.0,0.0,0.0,0.0,0.0,0.0,0.0,0.0,0.0,0.567531,0.353626,0.19917,0.31229,0.234904,0.267593,0.519449,0.256,0.272987,0.225911,0.302505,0.265009,0.220507,0.254268,0.305968,0.418122,0.305522,0.251267
sub-0300317_ses-1_run-1_task-rest_bold_cleaned,300317,Awake,10.0,9.4,2500.0,0.05633998099,0.0917602161,0.0,0.0,0.0,0.0,0.0,1.0,1.0,0.0,1.0,0.0,1.0,0.0,0.0,0.0,0.0,0.0,0.0,0.0,0.0,0.691604,0.313001,0.306784,0.486819,0.352358,0.373347,0.62544,0.210034,0.281637,0.26112,0.34952,0.345857,0.354128,0.229355,0.311398,0.504257,0.285012,0.237755
sub-0300317_ses-1_run-2_task-rest_bold_cleaned,300317,Awake,10.0,9.4,2500.0,0.05633998099,0.0917602161,0.0,0.0,0.0,0.0,0.0,1.0,1.0,0.0,1.0,0.0,1.0,0.0,0.0,0.0,0.0,0.0,0.0,0.0,0.0,0.907914,0.36584,0.284836,0.404344,0.418485,0.358486,0.484325,0.327984,0.398884,0.154172,0.323085,0.365436,0.492248,0.203503,0.325062,0.9099,0.328167,0.258108
sub-0300317_ses-1_run-3_task-rest_bold_cleaned,300317,Awake,10.0,9.4,2500.0,0.05633998099,0.0917602161,0.0,0.0,0.0,0.0,0.0,1.0,1.0,0.0,1.0,0.0,1.0,0.0,0.0,0.0,0.0,0.0,0.0,0.0,0.0,0.753786,0.347298,0.259766,0.425376,0.278625,0.282104,0.681629,0.247761,0.381441,0.399363,0.422455,0.338015,0.357667,0.191729,0.373849,0.807398,0.30219,0.264728
sub-0300317_ses-1_run-4_task-rest_bold_cleaned,300317,Awake,10.0,9.4,2500.0,0.05633998099,0.0917602161,0.0,0.0,0.0,0.0,0.0,1.0,1.0,0.0,1.0,0.0,1.0,0.0,0.0,0.0,0.0,0.0,0.0,0.0,0.0,0.792319,0.381886,0.226617,0.476812,0.327565,0.303739,0.680073,0.314422,0.425583,0.239476,0.507709,0.300986,0.343033,0.156854,0.254133,0.680937,0.286782,0.283474
sub-0300317_ses-2_run-1_task-rest_bold_cleaned,300317,Awake,10.0,9.4,2500.0,0.04261238107,0.07142317309,0.0,0.0,0.0,0.0,0.0,1.0,1.0,0.0,1.0,0.0,1.0,0.0,0.0,0.0,0.0,0.0,0.0,0.0,0.0,0.422246,0.20649,0.233672,0.320337,0.271608,0.255042,0.366118,0.250212,0.315831,0.21157,0.336683,0.265058,0.221627,0.16001,0.290259,0.370701,0.26212,0.178332
sub-0300317_ses-2_run-2_task-rest_bold_cleaned,300317,Awake,10.0,9.4,2500.0,0.04261238107,0.07142317309,0.0,0.0,0.0,0.0,0.0,1.0,1.0,0.0,1.0,0.0,1.0,0.0,0.0,0.0,0.0,0.0,0.0,0.0,0.0,0.557151,0.210639,0.213204,0.361233,0.270378,0.28446,0.517198,0.259176,0.258178,0.236052,0.302777,0.296422,0.213563,0.15648,0.289407,0.270512,0.243842,0.197449
sub-0300317_ses-2_run-3_task-rest_bold_cleaned,300317,Awake,10.0,9.4,2500.0,0.04261238107,0.07142317309,0.0,0.0,0.0,0.0,0.0,1.0,1.0,0.0,1.0,0.0,1.0,0.0,0.0,0.0,0.0,0.0,0.0,0.0,0.0,0.676364,0.347501,0.28122,0.380071,0.266942,0.246162,0.520621,0.28691,0.373179,0.257412,0.320264,0.385593,0.280873,0.222203,0.259806,0.34647,0.280155,0.204651
sub-0300317_ses-2_run-4_task-rest_bold_cleaned,300317,Awake,10.0,9.4,2500.0,0.04261238107,0.07142317309,0.0,0.0,0.0,0.0,0.0,1.0,1.0,0.0,1.0,0.0,1.0,0.0,0.0,0.0,0.0,0.0,0.0,0.0,0.0,0.773476,0.371249,0.308075,0.492842,0.45657,0.375923,0.616692,0.381461,0.290367,0.217357,0.388431,0.347192,0.346383,0.233832,0.29375,0.49465,0.299604,0.237382
sub-0300317_ses-3_run-1_task-rest_bold_cleaned,300317,Awake,10.0,9.4,2500.0,0.04218196666,0.06744958735,0.0,0.0,0.0,0.0,0.0,1.0,1.0,0.0,1.0,0.0,1.0,0.0,0.0,0.0,0.0,0.0,0.0,0.0,0.0,0.550354,0.249594,0.308824,0.34599,0.227107,0.269627,0.452946,0.360015,0.359857,0.265514,0.428888,0.355575,0.380036,0.246491,0.349206,0.497259,0.321584,0.181772
sub-0300317_ses-3_run-2_task-rest_bold_cleaned,300317,Awake,10.0,9.4,2500.0,0.04218196666,0.06744958735,0.0,0.0,0.0,0.0,0.0,1.0,1.0,0.0,1.0,0.0,1.0,0.0,0.0,0.0,0.0,0.0,0.0,0.0,0.0,0.741436,0.32164,0.305184,0.351381,0.365788,0.35219,0.375772,0.277517,0.411638,0.247641,0.364766,0.34803,0.300271,0.276071,0.374544,0.54971,0.346422,0.269422
sub-0300317_ses-3_run-3_task-rest_bold_cleaned,300317,Awake,10.0,9.4,2500.0,0.04218196666,0.06744958735,0.0,0.0,0.0,0.0,0.0,1.0,1.0,0.0,1.0,0.0,1.0,0.0,0.0,0.0,0.0,0.0,0.0,0.0,0.0,0.641374,0.331505,0.263126,0.406149,0.294447,0.309915,0.415389,0.27178,0.451771,0.258682,0.402873,0.353843,0.314512,0.233977,0.377052,0.657478,0.302357,0.310053
sub-0300317_ses-3_run-4_task-rest_bold_cleaned,300317,Awake,10.0,9.4,2500.0,0.04218196666,0.06744958735,0.0,0.0,0.0,0.0,0.0,1.0,1.0,0.0,1.0,0.0,1.0,0.0,0.0,0.0,0.0,0.0,0.0,0.0,0.0,0.859571,0.301504,0.32713,0.420505,0.325542,0.289071,0.432212,0.269825,0.337103,0.249354,0.329171,0.242684,0.337974,0.232135,0.327817,0.44776,0.344562,0.28144
sub-0300317_ses-4_run-1_task-rest_bold_cleaned,300317,Awake,10.0,9.4,2500.0,0.06489055477,0.1122428617,0.0,0.0,0.0,0.0,0.0,1.0,1.0,0.0,1.0,0.0,1.0,0.0,0.0,0.0,0.0,0.0,0.0,0.0,0.0,0.535596,0.338656,0.270069,0.33637,0.254893,0.297235,0.506537,0.244317,0.363613,0.232457,0.350231,0.261372,0.264254,0.214837,0.25691,0.412812,0.319301,0.179983
sub-0300317_ses-4_run-2_task-rest_bold_cleaned,300317,Awake,10.0,9.4,2500.0,0.06489055477,0.1122428617,0.0,0.0,0.0,0.0,0.0,1.0,1.0,0.0,1.0,0.0,1.0,0.0,0.0,0.0,0.0,0.0,0.0,0.0,0.0,0.791466,0.332617,0.333506,0.583843,0.33469,0.290603,0.553139,0.259553,0.375903,0.266816,0.368878,0.351545,0.34596,0.259429,0.316373,0.408324,0.280982,0.277585
sub-0300317_ses-4_run-3_task-rest_bold_cleaned,300317,Awake,10.0,9.4,2500.0,0.06489055477,0.1122428617,0.0,0.0,0.0,0.0,0.0,1.0,1.0,0.0,1.0,0.0,1.0,0.0,0.0,0.0,0.0,0.0,0.0,0.0,0.0,0.922185,0.313426,0.318373,0.500855,0.305242,0.385735,0.561437,0.3434,0.42587,0.296035,0.3752,0.346035,0.395035,0.221507,0.339888,0.626136,0.413093,0.274109
sub-0300317_ses-4_run-4_task-rest_bold_cleaned,300317,Awake,10.0,9.4,2500.0,0.06489055477,0.1122428617,0.0,0.0,0.0,0.0,0.0,1.0,1.0,0.0,1.0,0.0,1.0,0.0,0.0,0.0,0.0,0.0,0.0,0.0,0.0,0.47668,0.299502,0.270571,0.372869,0.310116,0.292598,0.448935,0.24141,0.274523,0.227012,0.34261,0.315376,0.308484,0.233985,0.358973,0.521257,0.33075,0.197743
sub-0300317_ses-5_run-1_task-rest_bold_cleaned,300317,Awake,10.0,9.4,2500.0,0.05080955906,0.08323073671,0.0,0.0,0.0,0.0,0.0,1.0,1.0,0.0,1.0,0.0,1.0,0.0,0.0,0.0,0.0,0.0,0.0,0.0,0.0,0.700673,0.343821,0.262622,0.404224,0.321665,0.295088,0.447133,0.313545,0.351938,0.237985,0.334422,0.288261,0.312351,0.179725,0.350202,0.377266,0.28278,0.241979
sub-0300317_ses-5_run-2_task-rest_bold_cleaned,300317,Awake,10.0,9.4,2500.0,0.05080955906,0.08323073671,0.0,0.0,0.0,0.0,0.0,1.0,1.0,0.0,1.0,0.0,1.0,0.0,0.0,0.0,0.0,0.0,0.0,0.0,0.0,0.717373,0.303901,0.286786,0.351722,0.220822,0.292031,0.527886,0.231444,0.337446,0.268193,0.265808,0.336334,0.292681,0.157304,0.281089,0.424675,0.274239,0.228756
sub-0300317_ses-5_run-3_task-rest_bold_cleaned,300317,Awake,10.0,9.4,2500.0,0.05080955906,0.08323073671,0.0,0.0,0.0,0.0,0.0,1.0,1.0,0.0,1.0,0.0,1.0,0.0,0.0,0.0,0.0,0.0,0.0,0.0,0.0,0.51502,0.333612,0.241144,0.428079,0.237416,0.272225,0.411999,0.208678,0.319525,0.25723,0.242437,0.275178,0.250377,0.207802,0.299732,0.528617,0.240833,0.167211
sub-0300317_ses-6_run-1_task-rest_bold_cleaned,300317,Awake,10.0,9.4,2500.0,0.05580064712,0.09504619403,0.0,0.0,0.0,0.0,0.0,1.0,1.0,0.0,1.0,0.0,1.0,0.0,0.0,0.0,0.0,0.0,0.0,0.0,0.0,0.661956,0.335819,0.305562,0.279838,0.355497,0.316184,0.334337,0.297128,0.42903,0.283774,0.376624,0.412149,0.388146,0.289928,0.396993,0.406925,0.316209,0.27394
sub-0300317_ses-6_run-2_task-rest_bold_cleaned,300317,Awake,10.0,9.4,2500.0,0.05580064712,0.09504619403,0.0,0.0,0.0,0.0,0.0,1.0,1.0,0.0,1.0,0.0,1.0,0.0,0.0,0.0,0.0,0.0,0.0,0.0,0.0,0.662766,0.298656,0.290889,0.388921,0.323186,0.311373,0.560182,0.212824,0.390374,0.20127,0.400168,0.349039,0.375744,0.253298,0.337392,0.386084,0.350378,0.217263
sub-0300317_ses-6_run-3_task-rest_bold_cleaned,300317,Awake,10.0,9.4,2500.0,0.05580064712,0.09504619403,0.0,0.0,0.0,0.0,0.0,1.0,1.0,0.0,1.0,0.0,1.0,0.0,0.0,0.0,0.0,0.0,0.0,0.0,0.0,0.829146,0.332126,0.274032,0.322566,0.300256,0.307287,0.472812,0.305213,0.399046,0.245539,0.292446,0.341383,0.392306,0.254268,0.367549,0.58743,0.369375,0.242519
sub-0300317_ses-6_run-4_task-rest_bold_cleaned,300317,Awake,10.0,9.4,2500.0,0.05580064712,0.09504619403,0.0,0.0,0.0,0.0,0.0,1.0,1.0,0.0,1.0,0.0,1.0,0.0,0.0,0.0,0.0,0.0,0.0,0.0,0.0,0.700377,0.316689,0.261919,0.404578,0.297294,0.304706,0.490764,0.261089,0.394437,0.295379,0.324016,0.333106,0.296381,0.257329,0.349558,0.554714,0.33106,0.192868
sub-0300318_ses-1_run-1_task-rest_bold_cleaned,300318,Awake,10.0,9.4,2500.0,0.04950788296,0.08225160299,0.0,0.0,0.0,0.0,0.0,1.0,1.0,0.0,1.0,0.0,1.0,0.0,0.0,0.0,0.0,0.0,0.0,0.0,0.0,0.541021,0.251211,0.226907,0.292132,0.253496,0.20441,0.484408,0.244984,0.273368,0.202803,0.278395,0.255439,0.216081,0.138527,0.260403,0.248152,0.221175,0.219103
sub-0300318_ses-1_run-2_task-rest_bold_cleaned,300318,Awake,10.0,9.4,2500.0,0.04950788296,0.08225160299,0.0,0.0,0.0,0.0,0.0,1.0,1.0,0.0,1.0,0.0,1.0,0.0,0.0,0.0,0.0,0.0,0.0,0.0,0.0,0.69786,0.286714,0.211792,0.328515,0.230418,0.21293,0.440594,0.206649,0.21345,0.250032,0.369045,0.280979,0.205109,0.211359,0.306855,0.377439,0.27472,0.233998
sub-0300318_ses-1_run-3_task-rest_bold_cleaned,300318,Awake,10.0,9.4,2500.0,0.04950788296,0.08225160299,0.0,0.0,0.0,0.0,0.0,1.0,1.0,0.0,1.0,0.0,1.0,0.0,0.0,0.0,0.0,0.0,0.0,0.0,0.0,0.422983,0.27239,0.18251,0.309176,0.186793,0.209739,0.447843,0.178936,0.256188,0.162103,0.284154,0.227776,0.260354,0.155656,0.271254,0.342798,0.254971,0.216241
sub-0300318_ses-1_run-4_task-rest_bold_cleaned,300318,Awake,10.0,9.4,2500.0,0.04950788296,0.08225160299,0.0,0.0,0.0,0.0,0.0,1.0,1.0,0.0,1.0,0.0,1.0,0.0,0.0,0.0,0.0,0.0,0.0,0.0,0.0,0.669011,0.335319,0.231131,0.297673,0.258596,0.314895,0.58445,0.228804,0.31722,0.182056,0.365784,0.291065,0.232843,0.205076,0.271913,0.379084,0.286151,0.281789
sub-0300318_ses-2_run-1_task-rest_bold_cleaned,300318,Awake,10.0,9.4,2500.0,0.06480148858,0.1085368845,0.0,0.0,0.0,0.0,0.0,1.0,1.0,0.0,1.0,0.0,1.0,0.0,0.0,0.0,0.0,0.0,0.0,0.0,0.0,0.571408,0.231721,0.249537,0.288857,0.29289,0.172144,0.400223,0.210685,0.381638,0.190745,0.324612,0.298789,0.245669,0.162028,0.348088,0.26561,0.275744,0.242624
sub-0300318_ses-2_run-2_task-rest_bold_cleaned,300318,Awake,10.0,9.4,2500.0,0.06480148858,0.1085368845,0.0,0.0,0.0,0.0,0.0,1.0,1.0,0.0,1.0,0.0,1.0,0.0,0.0,0.0,0.0,0.0,0.0,0.0,0.0,0.60028,0.277108,0.209077,0.27763,0.231027,0.213613,0.520223,0.236551,0.322134,0.224212,0.231322,0.332042,0.339863,0.203284,0.284824,0.501792,0.249139,0.219259
sub-0300318_ses-2_run-3_task-rest_bold_cleaned,300318,Awake,10.0,9.4,2500.0,0.06480148858,0.1085368845,0.0,0.0,0.0,0.0,0.0,1.0,1.0,0.0,1.0,0.0,1.0,0.0,0.0,0.0,0.0,0.0,0.0,0.0,0.0,0.682693,0.298552,0.195984,0.466206,0.214549,0.32308,0.382959,0.315652,0.252037,0.227154,0.345941,0.343794,0.236121,0.199666,0.234734,0.470133,0.307308,0.235489
sub-0300318_ses-2_run-4_task-rest_bold_cleaned,300318,Awake,10.0,9.4,2500.0,0.06480148858,0.1085368845,0.0,0.0,0.0,0.0,0.0,1.0,1.0,0.0,1.0,0.0,1.0,0.0,0.0,0.0,0.0,0.0,0.0,0.0,0.0,0.866614,0.303869,0.210684,0.42563,0.250676,0.250757,0.656613,0.327641,0.329109,0.235587,0.32592,0.398166,0.262096,0.187267,0.260758,0.442504,0.276384,0.315738
sub-0300318_ses-3_run-1_task-rest_bold_cleaned,300318,Awake,10.0,9.4,2500.0,0.05392623673,0.09127320179,0.0,0.0,0.0,0.0,0.0,1.0,1.0,0.0,1.0,0.0,1.0,0.0,0.0,0.0,0.0,0.0,0.0,0.0,0.0,0.882203,0.340352,0.290892,0.351193,0.231436,0.26522,0.51768,0.238021,0.408711,0.181322,0.316253,0.345704,0.271069,0.236656,0.269714,0.382532,0.350104,0.301193
sub-0300318_ses-3_run-2_task-rest_bold_cleaned,300318,Awake,10.0,9.4,2500.0,0.05392623673,0.09127320179,0.0,0.0,0.0,0.0,0.0,1.0,1.0,0.0,1.0,0.0,1.0,0.0,0.0,0.0,0.0,0.0,0.0,0.0,0.0,0.684873,0.232981,0.253901,0.359959,0.25041,0.245368,0.681928,0.242096,0.305269,0.249219,0.338392,0.32464,0.220126,0.225719,0.298596,0.366211,0.232205,0.173432
sub-0300318_ses-3_run-3_task-rest_bold_cleaned,300318,Awake,10.0,9.4,2500.0,0.05392623673,0.09127320179,0.0,0.0,0.0,0.0,0.0,1.0,1.0,0.0,1.0,0.0,1.0,0.0,0.0,0.0,0.0,0.0,0.0,0.0,0.0,0.526086,0.27093,0.241315,0.256098,0.206295,0.191965,0.494938,0.236744,0.261124,0.198106,0.243322,0.252835,0.202434,0.217705,0.238268,0.245554,0.256827,0.184219
sub-0300318_ses-3_run-4_task-rest_bold_cleaned,300318,Awake,10.0,9.4,2500.0,0.05392623673,0.09127320179,0.0,0.0,0.0,0.0,0.0,1.0,1.0,0.0,1.0,0.0,1.0,0.0,0.0,0.0,0.0,0.0,0.0,0.0,0.0,0.591298,0.282494,0.222718,0.365945,0.285359,0.263148,0.43622,0.306672,0.268682,0.195961,0.317149,0.338159,0.285865,0.205574,0.238552,0.445378,0.300652,0.208731
sub-0300318_ses-4_run-1_task-rest_bold_cleaned,300318,Awake,10.0,9.4,2500.0,0.03948097669,0.07129174325,0.0,0.0,0.0,0.0,0.0,1.0,1.0,0.0,1.0,0.0,1.0,0.0,0.0,0.0,0.0,0.0,0.0,0.0,0.0,0.608202,0.28642,0.220178,0.356598,0.249642,0.309494,0.695996,0.247059,0.302136,0.192155,0.369441,0.316447,0.235609,0.172031,0.328563,0.446849,0.321507,0.243236
sub-0300318_ses-4_run-2_task-rest_bold_cleaned,300318,Awake,10.0,9.4,2500.0,0.03948097669,0.07129174325,0.0,0.0,0.0,0.0,0.0,1.0,1.0,0.0,1.0,0.0,1.0,0.0,0.0,0.0,0.0,0.0,0.0,0.0,0.0,0.883364,0.392108,0.242842,0.493696,0.307679,0.354959,0.829562,0.284404,0.387015,0.320612,0.305588,0.393587,0.314117,0.193546,0.284619,0.512385,0.325047,0.33862
sub-0300318_ses-4_run-3_task-rest_bold_cleaned,300318,Awake,10.0,9.4,2500.0,0.03948097669,0.07129174325,0.0,0.0,0.0,0.0,0.0,1.0,1.0,0.0,1.0,0.0,1.0,0.0,0.0,0.0,0.0,0.0,0.0,0.0,0.0,0.713768,0.325812,0.275981,0.446625,0.226893,0.287542,0.66273,0.328709,0.223122,0.259967,0.306208,0.263725,0.269163,0.211502,0.284093,0.437471,0.286269,0.296716
sub-0300318_ses-4_run-4_task-rest_bold_cleaned,300318,Awake,10.0,9.4,2500.0,0.03948097669,0.07129174325,0.0,0.0,0.0,0.0,0.0,1.0,1.0,0.0,1.0,0.0,1.0,0.0,0.0,0.0,0.0,0.0,0.0,0.0,0.0,0.59107,0.298652,0.270463,0.432684,0.235746,0.260121,0.800254,0.305539,0.323931,0.225027,0.318246,0.315367,0.273056,0.200894,0.335434,0.431866,0.26319,0.241182
sub-0300318_ses-5_run-1_task-rest_bold_cleaned,300318,Awake,10.0,9.4,2500.0,0.04306138724,0.0694834465,0.0,0.0,0.0,0.0,0.0,1.0,1.0,0.0,1.0,0.0,1.0,0.0,0.0,0.0,0.0,0.0,0.0,0.0,0.0,0.614862,0.288,0.233345,0.376348,0.243427,0.239294,0.371768,0.244276,0.340038,0.19945,0.329096,0.29738,0.273503,0.206241,0.29963,0.373515,0.279406,0.167634
sub-0300318_ses-5_run-2_task-rest_bold_cleaned,300318,Awake,10.0,9.4,2500.0,0.04306138724,0.0694834465,0.0,0.0,0.0,0.0,0.0,1.0,1.0,0.0,1.0,0.0,1.0,0.0,0.0,0.0,0.0,0.0,0.0,0.0,0.0,0.777628,0.23369,0.228343,0.465685,0.262686,0.285343,0.662435,0.217019,0.26965,0.262038,0.361423,0.371474,0.253163,0.218934,0.258238,0.560612,0.276104,0.263851
sub-0300318_ses-5_run-3_task-rest_bold_cleaned,300318,Awake,10.0,9.4,2500.0,0.04306138724,0.0694834465,0.0,0.0,0.0,0.0,0.0,1.0,1.0,0.0,1.0,0.0,1.0,0.0,0.0,0.0,0.0,0.0,0.0,0.0,0.0,0.78609,0.264853,0.208984,0.548066,0.239227,0.296425,0.649944,0.239443,0.348091,0.246019,0.317671,0.375446,0.256772,0.253079,0.277123,0.455633,0.277356,0.207455
sub-0300318_ses-5_run-4_task-rest_bold_cleaned,300318,Awake,10.0,9.4,2500.0,0.04306138724,0.0694834465,0.0,0.0,0.0,0.0,0.0,1.0,1.0,0.0,1.0,0.0,1.0,0.0,0.0,0.0,0.0,0.0,0.0,0.0,0.0,0.768055,0.282621,0.229342,0.35345,0.212544,0.267404,0.827903,0.265216,0.265891,0.254003,0.365821,0.387186,0.296015,0.194926,0.294686,0.483405,0.298026,0.218946
sub-0300318_ses-6_run-2_task-rest_bold_cleaned,300318,Awake,10.0,9.4,2500.0,0.06012472172,0.09589147384,0.0,0.0,0.0,0.0,0.0,1.0,1.0,0.0,1.0,0.0,1.0,0.0,0.0,0.0,0.0,0.0,0.0,0.0,0.0,0.702681,0.332341,0.225856,0.409851,0.276684,0.234258,0.505894,0.27239,0.272491,0.265,0.295866,0.293631,0.356685,0.279569,0.303165,0.458973,0.30007,0.290992
sub-0300318_ses-6_run-3_task-rest_bold_cleaned,300318,Awake,10.0,9.4,2500.0,0.06012472172,0.09589147384,0.0,0.0,0.0,0.0,0.0,1.0,1.0,0.0,1.0,0.0,1.0,0.0,0.0,0.0,0.0,0.0,0.0,0.0,0.0,0.428742,0.287299,0.245913,0.311711,0.242449,0.209503,0.418028,0.264946,0.292631,0.162886,0.316491,0.29218,0.259455,0.183303,0.305053,0.329481,0.253986,0.202177
sub-0300318_ses-6_run-4_task-rest_bold_cleaned,300318,Awake,10.0,9.4,2500.0,0.06012472172,0.09589147384,0.0,0.0,0.0,0.0,0.0,1.0,1.0,0.0,1.0,0.0,1.0,0.0,0.0,0.0,0.0,0.0,0.0,0.0,0.0,0.694961,0.245942,0.265445,0.332945,0.223903,0.244977,0.468656,0.271297,0.457747,0.23266,0.345826,0.355651,0.259563,0.23439,0.310161,0.380388,0.362965,0.242804
sub-0300400_ses-1_run-1_task-rest_bold_cleaned,300400,Awake,12.0,11.7,1200.0,0.02189043293,0.03853544661,1.0,0.0,0.0,0.0,0.0,0.0,0.0,0.0,0.0,0.0,0.0,0.0,0.0,0.0,0.0,0.0,0.0,0.0,0.0,0.155818,0.174833,0.287459,0.10358,0.128458,0.111493,0.141273,0.168814,0.125309,0.087728,0.142888,0.198566,0.065825,0.117773,0.078415,0.128213,0.101818,0.134573
sub-0300400_ses-1_run-2_task-rest_bold_cleaned,300400,Awake,12.0,11.7,1200.0,0.02189043293,0.03853544661,1.0,0.0,0.0,0.0,0.0,0.0,0.0,0.0,0.0,0.0,0.0,0.0,0.0,0.0,0.0,0.0,0.0,0.0,0.0,0.098817,0.157327,0.211565,0.094676,0.10624,0.091928,0.087738,0.187395,0.147811,0.066804,0.153824,0.162103,0.057724,0.118205,0.134695,0.106087,0.093081,0.075231
sub-0300400_ses-1_run-3_task-rest_bold_cleaned,300400,Awake,12.0,11.7,1200.0,0.02189043293,0.03853544661,1.0,0.0,0.0,0.0,0.0,0.0,0.0,0.0,0.0,0.0,0.0,0.0,0.0,0.0,0.0,0.0,0.0,0.0,0.0,0.359389,0.11661,0.17905,0.349053,0.137916,0.101742,0.198164,0.196659,0.163382,0.105746,0.209287,0.231906,0.139832,0.135773,0.199208,0.176119,0.157133,0.188299
sub-0300400_ses-2_run-1_task-rest_bold_cleaned,300400,Awake,12.0,11.7,1200.0,0.02015161635,0.03643357027,1.0,0.0,0.0,0.0,0.0,0.0,0.0,0.0,0.0,0.0,0.0,0.0,0.0,0.0,0.0,0.0,0.0,0.0,0.0,0.323294,0.164828,0.341543,0.226094,0.162566,0.190496,0.153262,0.185996,0.205264,0.170398,0.144308,0.169888,0.110674,0.202621,0.143793,0.244051,0.202039,0.231753
sub-0300400_ses-2_run-2_task-rest_bold_cleaned,300400,Awake,12.0,11.7,1200.0,0.02015161635,0.03643357027,1.0,0.0,0.0,0.0,0.0,0.0,0.0,0.0,0.0,0.0,0.0,0.0,0.0,0.0,0.0,0.0,0.0,0.0,0.0,0.124973,0.095127,0.144408,0.114303,0.078065,0.090377,0.094074,0.084408,0.116357,0.086381,0.108723,0.114909,0.086638,0.109576,0.107148,0.128718,0.132414,0.072642
sub-0300400_ses-2_run-3_task-rest_bold_cleaned,300400,Awake,12.0,11.7,1200.0,0.02015161635,0.03643357027,1.0,0.0,0.0,0.0,0.0,0.0,0.0,0.0,0.0,0.0,0.0,0.0,0.0,0.0,0.0,0.0,0.0,0.0,0.0,0.383446,0.133223,0.23313,0.220728,0.095877,0.106966,0.170322,0.27635,0.239464,0.123542,0.121263,0.18502,0.107657,0.285979,0.233769,0.342311,0.172614,0.224473
sub-0300401_ses-1_run-1_task-rest_bold_cleaned,300401,Awake,12.0,11.7,1200.0,0.05287974265,0.07814124174,1.0,0.0,0.0,0.0,0.0,0.0,0.0,0.0,0.0,0.0,0.0,0.0,0.0,0.0,0.0,0.0,0.0,0.0,0.0,0.50583,0.290298,0.219563,0.351233,0.203268,0.262246,0.410845,0.377384,0.349734,0.213064,0.454485,0.346468,0.200058,0.294958,0.185975,0.228015,0.221928,0.206687
sub-0300401_ses-1_run-2_task-rest_bold_cleaned,300401,Awake,12.0,11.7,1200.0,0.05287974265,0.07814124174,1.0,0.0,0.0,0.0,0.0,0.0,0.0,0.0,0.0,0.0,0.0,0.0,0.0,0.0,0.0,0.0,0.0,0.0,0.0,0.386713,0.214219,0.291202,0.48046,0.169089,0.263826,0.145944,0.215016,0.368994,0.238542,0.301422,0.200133,0.087893,0.284462,0.169501,0.272366,0.070748,0.198795
sub-0300401_ses-1_run-3_task-rest_bold_cleaned,300401,Awake,12.0,11.7,1200.0,0.05287974265,0.07814124174,1.0,0.0,0.0,0.0,0.0,0.0,0.0,0.0,0.0,0.0,0.0,0.0,0.0,0.0,0.0,0.0,0.0,0.0,0.0,0.247839,0.194906,0.319803,0.286057,0.129263,0.169033,0.079896,0.259655,0.296731,0.200728,0.332677,0.191704,0.100282,0.30312,0.167888,0.275837,0.154607,0.350119
sub-0300401_ses-2_run-1_task-rest_bold_cleaned,300401,Awake,12.0,11.7,1200.0,0.02945531061,0.04558745719,1.0,0.0,0.0,0.0,0.0,0.0,0.0,0.0,0.0,0.0,0.0,0.0,0.0,0.0,0.0,0.0,0.0,0.0,0.0,0.206786,0.145007,0.225023,0.123432,0.082465,0.112568,0.235231,0.304309,0.223803,0.087168,0.260513,0.221622,0.112224,0.184258,0.112385,0.197316,0.106563,0.140725
sub-0300401_ses-2_run-2_task-rest_bold_cleaned,300401,Awake,12.0,11.7,1200.0,0.02945531061,0.04558745719,1.0,0.0,0.0,0.0,0.0,0.0,0.0,0.0,0.0,0.0,0.0,0.0,0.0,0.0,0.0,0.0,0.0,0.0,0.0,0.18815,0.175725,0.208078,0.181063,0.15006,0.290369,0.142123,0.251776,0.154068,0.12126,0.231004,0.171055,0.102871,0.118399,0.102153,0.128328,0.082152,0.131113
sub-0300401_ses-2_run-3_task-rest_bold_cleaned,300401,Awake,12.0,11.7,1200.0,0.02945531061,0.04558745719,1.0,0.0,0.0,0.0,0.0,0.0,0.0,0.0,0.0,0.0,0.0,0.0,0.0,0.0,0.0,0.0,0.0,0.0,0.0,0.198749,0.176037,0.208034,0.143309,0.093286,0.154077,0.233075,0.352105,0.154086,0.086901,0.244194,0.187788,0.110056,0.148312,0.170998,0.115563,0.18226,0.108002
sub-0300402_ses-1_run-1_task-rest_bold_cleaned,300402,Awake,12.0,11.7,1200.0,0.04514929963,0.06993093899,1.0,0.0,0.0,0.0,0.0,0.0,0.0,0.0,0.0,0.0,0.0,0.0,0.0,0.0,0.0,0.0,0.0,0.0,0.0,0.406844,0.239671,0.243774,0.185812,0.108369,0.178823,0.320633,0.277788,0.378606,0.107564,0.21226,0.215378,0.082582,0.197661,0.215814,0.243563,0.123112,0.269825
sub-0300402_ses-1_run-2_task-rest_bold_cleaned,300402,Awake,12.0,11.7,1200.0,0.04514929963,0.06993093899,1.0,0.0,0.0,0.0,0.0,0.0,0.0,0.0,0.0,0.0,0.0,0.0,0.0,0.0,0.0,0.0,0.0,0.0,0.0,0.494448,0.331024,0.42988,0.389678,0.205045,0.225998,0.237049,0.352027,0.518746,0.193759,0.306288,0.387289,0.212171,0.353767,0.241618,0.352309,0.156179,0.472238
sub-0300402_ses-1_run-3_task-rest_bold_cleaned,300402,Awake,12.0,11.7,1200.0,0.04514929963,0.06993093899,1.0,0.0,0.0,0.0,0.0,0.0,0.0,0.0,0.0,0.0,0.0,0.0,0.0,0.0,0.0,0.0,0.0,0.0,0.0,0.35552,0.237506,0.264394,0.228179,0.089847,0.134002,0.21236,0.153393,0.303867,0.127373,0.16005,0.171532,0.105412,0.321693,0.201882,0.302305,0.13968,0.309763
sub-0300402_ses-2_run-1_task-rest_bold_cleaned,300402,Awake,12.0,11.7,1200.0,0.01366563922,0.02406319681,1.0,0.0,0.0,0.0,0.0,0.0,0.0,0.0,0.0,0.0,0.0,0.0,0.0,0.0,0.0,0.0,0.0,0.0,0.0,0.155291,0.137674,0.201826,0.132178,0.10541,0.094417,0.077918,0.128158,0.117519,0.081252,0.08794,0.129343,0.067807,0.119194,0.097218,0.09014,0.09683,0.107925
sub-0300402_ses-2_run-2_task-rest_bold_cleaned,300402,Awake,12.0,11.7,1200.0,0.01366563922,0.02406319681,1.0,0.0,0.0,0.0,0.0,0.0,0.0,0.0,0.0,0.0,0.0,0.0,0.0,0.0,0.0,0.0,0.0,0.0,0.0,0.354162,0.134432,0.197577,0.210549,0.093672,0.115278,0.109031,0.287924,0.231923,0.084504,0.102016,0.130066,0.092918,0.255544,0.154378,0.152084,0.074096,0.235197
sub-0300402_ses-2_run-3_task-rest_bold_cleaned,300402,Awake,12.0,11.7,1200.0,0.01366563922,0.02406319681,1.0,0.0,0.0,0.0,0.0,0.0,0.0,0.0,0.0,0.0,0.0,0.0,0.0,0.0,0.0,0.0,0.0,0.0,0.0,0.423518,0.252999,0.197399,0.237071,0.131508,0.180371,0.323495,0.183632,0.454689,0.130457,0.204154,0.177898,0.109876,0.227665,0.148922,0.239702,0.142237,0.351046
sub-0300403_ses-1_run-1_task-rest_bold_cleaned,300403,Awake,12.0,11.7,1200.0,0.03229075538,0.05194052723,1.0,0.0,0.0,0.0,0.0,0.0,0.0,0.0,0.0,0.0,0.0,0.0,0.0,0.0,0.0,0.0,0.0,0.0,0.0,0.086733,0.175731,0.192585,0.113311,0.144691,0.157058,0.091744,0.149984,0.122423,0.097667,0.126499,0.104427,0.094521,0.126885,0.082065,0.082659,0.095959,0.093032
sub-0300403_ses-1_run-2_task-rest_bold_cleaned,300403,Awake,12.0,11.7,1200.0,0.03229075538,0.05194052723,1.0,0.0,0.0,0.0,0.0,0.0,0.0,0.0,0.0,0.0,0.0,0.0,0.0,0.0,0.0,0.0,0.0,0.0,0.0,0.191189,0.191654,0.203964,0.160697,0.136524,0.085838,0.233596,0.248249,0.186218,0.125576,0.257656,0.256367,0.105747,0.1049,0.177446,0.208671,0.180673,0.245834
sub-0300403_ses-1_run-3_task-rest_bold_cleaned,300403,Awake,12.0,11.7,1200.0,0.03229075538,0.05194052723,1.0,0.0,0.0,0.0,0.0,0.0,0.0,0.0,0.0,0.0,0.0,0.0,0.0,0.0,0.0,0.0,0.0,0.0,0.0,0.204669,0.167524,0.189537,0.398817,0.129983,0.227085,0.146146,0.241532,0.152032,0.13591,0.245796,0.225702,0.104018,0.168206,0.143695,0.258103,0.131489,0.194033
sub-0300403_ses-2_run-1_task-rest_bold_cleaned,300403,Awake,12.0,11.7,1200.0,0.02304297358,0.04090981686,1.0,0.0,0.0,0.0,0.0,0.0,0.0,0.0,0.0,0.0,0.0,0.0,0.0,0.0,0.0,0.0,0.0,0.0,0.0,0.195873,0.205971,0.306491,0.20715,0.118049,0.13367,0.148738,0.190045,0.193061,0.202581,0.16634,0.136702,0.142284,0.124643,0.172595,0.290081,0.187281,0.26078
sub-0300403_ses-2_run-2_task-rest_bold_cleaned,300403,Awake,12.0,11.7,1200.0,0.02304297358,0.04090981686,1.0,0.0,0.0,0.0,0.0,0.0,0.0,0.0,0.0,0.0,0.0,0.0,0.0,0.0,0.0,0.0,0.0,0.0,0.0,0.201074,0.288628,0.239603,0.20097,0.130925,0.23242,0.156618,0.224848,0.293158,0.136712,0.20551,0.237047,0.152261,0.211278,0.136729,0.265391,0.097673,0.223473
sub-0300403_ses-2_run-3_task-rest_bold_cleaned,300403,Awake,12.0,11.7,1200.0,0.02304297358,0.04090981686,1.0,0.0,0.0,0.0,0.0,0.0,0.0,0.0,0.0,0.0,0.0,0.0,0.0,0.0,0.0,0.0,0.0,0.0,0.0,0.205986,0.336043,0.239601,0.287748,0.134316,0.20123,0.194964,0.116987,0.316824,0.096191,0.205375,0.201891,0.119552,0.106477,0.120964,0.217402,0.08834,0.261419
sub-0300404_ses-1_run-1_task-rest_bold_cleaned,300404,Awake,12.0,11.7,1200.0,0.01256752153,0.02242256829,1.0,0.0,0.0,0.0,0.0,0.0,0.0,0.0,0.0,0.0,0.0,0.0,0.0,0.0,0.0,0.0,0.0,0.0,0.0,0.094138,0.149436,0.173198,0.118777,0.101372,0.15595,0.11919,0.071586,0.099764,0.075241,0.094626,0.109757,0.044804,0.040022,0.062397,0.073896,0.049792,0.065796
sub-0300404_ses-1_run-2_task-rest_bold_cleaned,300404,Awake,12.0,11.7,1200.0,0.01256752153,0.02242256829,1.0,0.0,0.0,0.0,0.0,0.0,0.0,0.0,0.0,0.0,0.0,0.0,0.0,0.0,0.0,0.0,0.0,0.0,0.0,0.116945,0.120988,0.117186,0.081292,0.084936,0.109062,0.142512,0.107984,0.117774,0.093152,0.133739,0.13781,0.089552,0.070732,0.079475,0.073288,0.082926,0.109251
sub-0300404_ses-1_run-3_task-rest_bold_cleaned,300404,Awake,12.0,11.7,1200.0,0.01256752153,0.02242256829,1.0,0.0,0.0,0.0,0.0,0.0,0.0,0.0,0.0,0.0,0.0,0.0,0.0,0.0,0.0,0.0,0.0,0.0,0.0,0.308349,0.277133,0.354808,0.359367,0.238647,0.244002,0.292969,0.381126,0.344917,0.188862,0.32821,0.535278,0.282498,0.337459,0.269195,0.321129,0.155043,0.377279
sub-0300404_ses-2_run-1_task-rest_bold_cleaned,300404,Awake,12.0,11.7,1200.0,0.04031564402,0.0757510694,1.0,0.0,0.0,0.0,0.0,0.0,0.0,0.0,0.0,0.0,0.0,0.0,0.0,0.0,0.0,0.0,0.0,0.0,0.0,0.224295,0.264363,0.251838,0.16168,0.185755,0.128994,0.263537,0.176148,0.200631,0.130962,0.191661,0.207333,0.081356,0.112477,0.107922,0.119512,0.124654,0.136549
sub-0300404_ses-2_run-2_task-rest_bold_cleaned,300404,Awake,12.0,11.7,1200.0,0.04031564402,0.0757510694,1.0,0.0,0.0,0.0,0.0,0.0,0.0,0.0,0.0,0.0,0.0,0.0,0.0,0.0,0.0,0.0,0.0,0.0,0.0,0.308856,0.247379,0.253681,0.334061,0.18617,0.23805,0.360184,0.259,0.348411,0.196192,0.388389,0.329435,0.215725,0.246889,0.175929,0.129633,0.157016,0.307449
sub-0300404_ses-2_run-3_task-rest_bold_cleaned,300404,Awake,12.0,11.7,1200.0,0.04031564402,0.0757510694,1.0,0.0,0.0,0.0,0.0,0.0,0.0,0.0,0.0,0.0,0.0,0.0,0.0,0.0,0.0,0.0,0.0,0.0,0.0,0.41535,0.232419,0.176291,0.341433,0.157893,0.155876,0.202089,0.22198,0.259327,0.168197,0.389069,0.28339,0.122196,0.1298,0.142896,0.160905,0.17977,0.33168
sub-0300405_ses-1_run-1_task-rest_bold_cleaned,300405,Awake,12.0,11.7,1200.0,0.009688935321,0.01732214387,1.0,0.0,0.0,0.0,0.0,0.0,0.0,0.0,0.0,0.0,0.0,0.0,0.0,0.0,0.0,0.0,0.0,0.0,0.0,0.073271,0.115557,0.104992,0.070227,0.057148,0.08387,0.077336,0.052327,0.088442,0.055126,0.107245,0.129945,0.04222,0.047027,0.068662,0.085992,0.067196,0.047888
sub-0300405_ses-1_run-2_task-rest_bold_cleaned,300405,Awake,12.0,11.7,1200.0,0.009688935321,0.01732214387,1.0,0.0,0.0,0.0,0.0,0.0,0.0,0.0,0.0,0.0,0.0,0.0,0.0,0.0,0.0,0.0,0.0,0.0,0.0,0.254214,0.166482,0.191837,0.126749,0.083849,0.073487,0.124196,0.121293,0.1433,0.112556,0.190963,0.101451,0.071135,0.124095,0.080921,0.196736,0.099086,0.160187
sub-0300405_ses-1_run-3_task-rest_bold_cleaned,300405,Awake,12.0,11.7,1200.0,0.009688935321,0.01732214387,1.0,0.0,0.0,0.0,0.0,0.0,0.0,0.0,0.0,0.0,0.0,0.0,0.0,0.0,0.0,0.0,0.0,0.0,0.0,0.361733,0.171756,0.203603,0.122018,0.125225,0.093181,0.134773,0.159061,0.198928,0.095303,0.121232,0.133109,0.055277,0.206162,0.126709,0.234401,0.076914,0.269139
sub-0300405_ses-2_run-1_task-rest_bold_cleaned,300405,Awake,12.0,11.7,1200.0,0.01552435898,0.02582384943,1.0,0.0,0.0,0.0,0.0,0.0,0.0,0.0,0.0,0.0,0.0,0.0,0.0,0.0,0.0,0.0,0.0,0.0,0.0,0.105957,0.14442,0.216695,0.14063,0.118556,0.132926,0.160438,0.14325,0.130008,0.106687,0.161272,0.170586,0.115587,0.143886,0.146888,0.146523,0.122512,0.091607
sub-0300405_ses-2_run-2_task-rest_bold_cleaned,300405,Awake,12.0,11.7,1200.0,0.01552435898,0.02582384943,1.0,0.0,0.0,0.0,0.0,0.0,0.0,0.0,0.0,0.0,0.0,0.0,0.0,0.0,0.0,0.0,0.0,0.0,0.0,0.086942,0.133246,0.157324,0.113373,0.149005,0.125501,0.125249,0.12953,0.061729,0.063281,0.107113,0.18092,0.055399,0.074316,0.081783,0.077126,0.083062,0.033832
sub-0300405_ses-2_run-3_task-rest_bold_cleaned,300405,Awake,12.0,11.7,1200.0,0.01552435898,0.02582384943,1.0,0.0,0.0,0.0,0.0,0.0,0.0,0.0,0.0,0.0,0.0,0.0,0.0,0.0,0.0,0.0,0.0,0.0,0.0,0.184975,0.163481,0.204774,0.110751,0.129907,0.135255,0.108619,0.104836,0.175203,0.068789,0.073826,0.137731,0.055536,0.108373,0.079851,0.127673,0.098414,0.142894
sub-0300406_ses-1_run-1_task-rest_bold_cleaned,300406,Awake,12.0,11.7,1200.0,0.05238199235,0.08606362853,1.0,0.0,0.0,0.0,0.0,0.0,0.0,0.0,0.0,0.0,0.0,0.0,0.0,0.0,0.0,0.0,0.0,0.0,0.0,0.148603,0.130491,0.163555,0.157743,0.105644,0.067359,0.205449,0.143532,0.112952,0.056649,0.182214,0.096631,0.102857,0.062818,0.088106,0.084723,0.101996,0.07918
sub-0300406_ses-1_run-2_task-rest_bold_cleaned,300406,Awake,12.0,11.7,1200.0,0.05238199235,0.08606362853,1.0,0.0,0.0,0.0,0.0,0.0,0.0,0.0,0.0,0.0,0.0,0.0,0.0,0.0,0.0,0.0,0.0,0.0,0.0,0.113979,0.102374,0.105491,0.08018,0.099078,0.12016,0.074008,0.071187,0.092944,0.054629,0.132358,0.135891,0.037833,0.044543,0.067148,0.078441,0.09022,0.08407
sub-0300406_ses-1_run-3_task-rest_bold_cleaned,300406,Awake,12.0,11.7,1200.0,0.05238199235,0.08606362853,1.0,0.0,0.0,0.0,0.0,0.0,0.0,0.0,0.0,0.0,0.0,0.0,0.0,0.0,0.0,0.0,0.0,0.0,0.0,0.268162,0.130392,0.172088,0.162482,0.122408,0.168085,0.266166,0.309566,0.191706,0.092716,0.287654,0.217786,0.112781,0.126433,0.248152,0.175868,0.151462,0.141194
sub-0300406_ses-2_run-1_task-rest_bold_cleaned,300406,Awake,12.0,11.7,1200.0,0.02333073421,0.03962119357,1.0,0.0,0.0,0.0,0.0,0.0,0.0,0.0,0.0,0.0,0.0,0.0,0.0,0.0,0.0,0.0,0.0,0.0,0.0,0.061722,0.106532,0.24329,0.134706,0.13113,0.119279,0.155491,0.111859,0.12734,0.137922,0.161039,0.140692,0.10316,0.098349,0.091268,0.082539,0.093968,0.056636
sub-0300406_ses-2_run-2_task-rest_bold_cleaned,300406,Awake,12.0,11.7,1200.0,0.02333073421,0.03962119357,1.0,0.0,0.0,0.0,0.0,0.0,0.0,0.0,0.0,0.0,0.0,0.0,0.0,0.0,0.0,0.0,0.0,0.0,0.0,0.075097,0.126401,0.120324,0.091307,0.07955,0.07926,0.090552,0.092614,0.11615,0.091823,0.174114,0.108969,0.061187,0.088324,0.073473,0.114823,0.094378,0.046825
sub-0300406_ses-2_run-3_task-rest_bold_cleaned,300406,Awake,12.0,11.7,1200.0,0.02333073421,0.03962119357,1.0,0.0,0.0,0.0,0.0,0.0,0.0,0.0,0.0,0.0,0.0,0.0,0.0,0.0,0.0,0.0,0.0,0.0,0.0,0.140129,0.18181,0.193914,0.249875,0.09592,0.065763,0.154052,0.171792,0.181521,0.187833,0.182323,0.188102,0.13687,0.15232,0.152906,0.158563,0.133649,0.172683
sub-0300407_ses-1_run-1_task-rest_bold_cleaned,300407,Awake,12.0,11.7,1200.0,0.02916116188,0.04789748908,1.0,0.0,0.0,0.0,0.0,0.0,0.0,0.0,0.0,0.0,0.0,0.0,0.0,0.0,0.0,0.0,0.0,0.0,0.0,0.238134,0.158454,0.283659,0.171669,0.102795,0.140446,0.165417,0.246898,0.304724,0.153326,0.179988,0.115443,0.125707,0.310462,0.154491,0.136963,0.059102,0.185528
sub-0300407_ses-1_run-2_task-rest_bold_cleaned,300407,Awake,12.0,11.7,1200.0,0.02916116188,0.04789748908,1.0,0.0,0.0,0.0,0.0,0.0,0.0,0.0,0.0,0.0,0.0,0.0,0.0,0.0,0.0,0.0,0.0,0.0,0.0,0.587302,0.49538,0.348041,0.638292,0.275847,0.265355,0.519364,0.537876,0.426687,0.245225,0.544884,0.445949,0.21786,0.336768,0.315461,0.277996,0.164427,0.395657
sub-0300407_ses-1_run-3_task-rest_bold_cleaned,300407,Awake,12.0,11.7,1200.0,0.02916116188,0.04789748908,1.0,0.0,0.0,0.0,0.0,0.0,0.0,0.0,0.0,0.0,0.0,0.0,0.0,0.0,0.0,0.0,0.0,0.0,0.0,0.605677,0.205863,0.239698,0.217578,0.109842,0.217454,0.219763,0.141829,0.305664,0.104533,0.193264,0.215906,0.148356,0.166999,0.293954,0.228267,0.166644,0.235243
sub-0300407_ses-2_run-1_task-rest_bold_cleaned,300407,Awake,12.0,11.7,1200.0,0.0257873221,0.04174783113,1.0,0.0,0.0,0.0,0.0,0.0,0.0,0.0,0.0,0.0,0.0,0.0,0.0,0.0,0.0,0.0,0.0,0.0,0.0,0.252733,0.12064,0.246261,0.126405,0.143322,0.097021,0.176275,0.233581,0.153949,0.060059,0.219478,0.128069,0.071358,0.181108,0.082155,0.150896,0.125053,0.075687
sub-0300407_ses-2_run-2_task-rest_bold_cleaned,300407,Awake,12.0,11.7,1200.0,0.0257873221,0.04174783113,1.0,0.0,0.0,0.0,0.0,0.0,0.0,0.0,0.0,0.0,0.0,0.0,0.0,0.0,0.0,0.0,0.0,0.0,0.0,0.444389,0.17654,0.200437,0.304156,0.128155,0.265976,0.316373,0.240417,0.192584,0.080383,0.228053,0.241182,0.147275,0.144821,0.095631,0.200675,0.121173,0.094129
sub-0300407_ses-2_run-3_task-rest_bold_cleaned,300407,Awake,12.0,11.7,1200.0,0.0257873221,0.04174783113,1.0,0.0,0.0,0.0,0.0,0.0,0.0,0.0,0.0,0.0,0.0,0.0,0.0,0.0,0.0,0.0,0.0,0.0,0.0,0.241373,0.214187,0.181848,0.210803,0.19741,0.12526,0.196975,0.411681,0.238035,0.230667,0.13576,0.34437,0.203774,0.125952,0.105088,0.231113,0.115916,0.133859
sub-0300408_ses-1_run-1_task-rest_bold_cleaned,300408,Awake,12.0,11.7,1200.0,0.02005248882,0.03038880355,1.0,0.0,0.0,0.0,0.0,0.0,0.0,0.0,0.0,0.0,0.0,0.0,0.0,0.0,0.0,0.0,0.0,0.0,0.0,0.077921,0.140327,0.162323,0.062326,0.085242,0.110841,0.11241,0.092368,0.106903,0.080412,0.105438,0.150998,0.062201,0.074442,0.052621,0.108778,0.092428,0.080743
sub-0300408_ses-1_run-2_task-rest_bold_cleaned,300408,Awake,12.0,11.7,1200.0,0.02005248882,0.03038880355,1.0,0.0,0.0,0.0,0.0,0.0,0.0,0.0,0.0,0.0,0.0,0.0,0.0,0.0,0.0,0.0,0.0,0.0,0.0,0.217723,0.168375,0.147606,0.206887,0.078793,0.150008,0.176265,0.213258,0.288195,0.124553,0.152096,0.194155,0.12955,0.146869,0.1462,0.134795,0.164291,0.248408
sub-0300408_ses-1_run-3_task-rest_bold_cleaned,300408,Awake,12.0,11.7,1200.0,0.02005248882,0.03038880355,1.0,0.0,0.0,0.0,0.0,0.0,0.0,0.0,0.0,0.0,0.0,0.0,0.0,0.0,0.0,0.0,0.0,0.0,0.0,0.223774,0.201878,0.249287,0.284511,0.198928,0.16013,0.210938,0.216665,0.25241,0.193206,0.224179,0.343502,0.131795,0.197085,0.190576,0.271141,0.177371,0.16289
sub-0300408_ses-2_run-1_task-rest_bold_cleaned,300408,Awake,12.0,11.7,1200.0,0.02260039847,0.03667678656,1.0,0.0,0.0,0.0,0.0,0.0,0.0,0.0,0.0,0.0,0.0,0.0,0.0,0.0,0.0,0.0,0.0,0.0,0.0,0.112352,0.186039,0.266279,0.13528,0.100589,0.097888,0.116559,0.119431,0.16043,0.075717,0.122818,0.126074,0.07749,0.073231,0.134064,0.104013,0.128267,0.1022
sub-0300408_ses-2_run-2_task-rest_bold_cleaned,300408,Awake,12.0,11.7,1200.0,0.02260039847,0.03667678656,1.0,0.0,0.0,0.0,0.0,0.0,0.0,0.0,0.0,0.0,0.0,0.0,0.0,0.0,0.0,0.0,0.0,0.0,0.0,0.464804,0.198287,0.225074,0.196427,0.072468,0.172907,0.195316,0.301508,0.419654,0.203351,0.158436,0.179134,0.128643,0.26603,0.127513,0.272596,0.202698,0.333237
sub-0300408_ses-2_run-3_task-rest_bold_cleaned,300408,Awake,12.0,11.7,1200.0,0.02260039847,0.03667678656,1.0,0.0,0.0,0.0,0.0,0.0,0.0,0.0,0.0,0.0,0.0,0.0,0.0,0.0,0.0,0.0,0.0,0.0,0.0,0.229728,0.184477,0.205419,0.114516,0.113708,0.112974,0.100597,0.282443,0.317146,0.088598,0.17387,0.242289,0.089309,0.148856,0.147619,0.153181,0.094763,0.184642
sub-0300500_ses-1_run-1_task-rest_bold_cleaned,300500,Awake,12.0,9.4,2500.0,0.05392326817,0.09326764328,0.0,0.0,0.0,0.0,0.0,0.0,0.0,0.0,1.0,0.0,1.0,0.0,0.0,0.0,0.0,0.0,0.0,0.0,0.0,0.454858,0.336292,0.258452,0.435244,0.234919,0.209037,0.55626,0.248682,0.270825,0.247677,0.223449,0.292816,0.233185,0.199844,0.340155,0.341499,0.23679,0.235812
sub-0300500_ses-1_run-2_task-rest_bold_cleaned,300500,Awake,12.0,9.4,2500.0,0.05392326817,0.09326764328,0.0,0.0,0.0,0.0,0.0,0.0,0.0,0.0,1.0,0.0,1.0,0.0,0.0,0.0,0.0,0.0,0.0,0.0,0.0,0.500868,0.349518,0.154885,0.346763,0.267794,0.17901,0.614159,0.202004,0.312336,0.237437,0.302987,0.194693,0.226973,0.187375,0.291494,0.276817,0.231073,0.165654
sub-0300500_ses-1_run-3_task-rest_bold_cleaned,300500,Awake,12.0,9.4,2500.0,0.05392326817,0.09326764328,0.0,0.0,0.0,0.0,0.0,0.0,0.0,0.0,1.0,0.0,1.0,0.0,0.0,0.0,0.0,0.0,0.0,0.0,0.0,0.655304,0.32996,0.327233,0.576826,0.359429,0.233643,0.755336,0.256259,0.589656,0.388982,0.471006,0.348415,0.317359,0.247834,0.522614,0.416252,0.298784,0.327602
sub-0300500_ses-1_run-4_task-rest_bold_cleaned,300500,Awake,12.0,9.4,2500.0,0.05392326817,0.09326764328,0.0,0.0,0.0,0.0,0.0,0.0,0.0,0.0,1.0,0.0,1.0,0.0,0.0,0.0,0.0,0.0,0.0,0.0,0.0,0.539747,0.433374,0.195742,0.500279,0.300749,0.201609,0.575485,0.283894,0.468213,0.256138,0.333337,0.261356,0.286399,0.36616,0.289073,0.318917,0.277295,0.301891
sub-0300500_ses-2_run-1_task-rest_bold_cleaned,300500,Awake,12.0,9.4,2500.0,0.03374982439,0.05977199657,0.0,0.0,0.0,0.0,0.0,0.0,0.0,0.0,1.0,0.0,1.0,0.0,0.0,0.0,0.0,0.0,0.0,0.0,0.0,0.401935,0.371074,0.263005,0.364222,0.261578,0.268614,0.58679,0.231506,0.335001,0.279782,0.354778,0.315623,0.228217,0.198732,0.310569,0.413597,0.291132,0.211892
sub-0300500_ses-2_run-2_task-rest_bold_cleaned,300500,Awake,12.0,9.4,2500.0,0.03374982439,0.05977199657,0.0,0.0,0.0,0.0,0.0,0.0,0.0,0.0,1.0,0.0,1.0,0.0,0.0,0.0,0.0,0.0,0.0,0.0,0.0,0.62014,0.336409,0.250776,0.494391,0.351377,0.272768,0.626767,0.237257,0.40658,0.326328,0.449946,0.369452,0.207776,0.200796,0.393166,0.406292,0.363469,0.331792
sub-0300500_ses-2_run-3_task-rest_bold_cleaned,300500,Awake,12.0,9.4,2500.0,0.03374982439,0.05977199657,0.0,0.0,0.0,0.0,0.0,0.0,0.0,0.0,1.0,0.0,1.0,0.0,0.0,0.0,0.0,0.0,0.0,0.0,0.0,0.480236,0.400451,0.234069,0.418501,0.335284,0.277134,0.69556,0.232466,0.394376,0.321282,0.387233,0.320466,0.224263,0.228448,0.375377,0.33921,0.335343,0.306757
sub-0300500_ses-2_run-4_task-rest_bold_cleaned,300500,Awake,12.0,9.4,2500.0,0.03374982439,0.05977199657,0.0,0.0,0.0,0.0,0.0,0.0,0.0,0.0,1.0,0.0,1.0,0.0,0.0,0.0,0.0,0.0,0.0,0.0,0.0,0.479841,0.404195,0.234194,0.507906,0.330285,0.284908,0.593768,0.254262,0.378766,0.244546,0.522299,0.287586,0.252173,0.234104,0.443241,0.312911,0.36416,0.308817
sub-0300500_ses-3_run-1_task-rest_bold_cleaned,300500,Awake,12.0,9.4,2500.0,0.05613007527,0.09659428312,0.0,0.0,0.0,0.0,0.0,0.0,0.0,0.0,1.0,0.0,1.0,0.0,0.0,0.0,0.0,0.0,0.0,0.0,0.0,0.394802,0.341188,0.230301,0.437099,0.302227,0.268092,0.579448,0.279207,0.309258,0.299361,0.521487,0.261874,0.225259,0.187282,0.392986,0.393475,0.33587,0.241206
sub-0300500_ses-3_run-2_task-rest_bold_cleaned,300500,Awake,12.0,9.4,2500.0,0.05613007527,0.09659428312,0.0,0.0,0.0,0.0,0.0,0.0,0.0,0.0,1.0,0.0,1.0,0.0,0.0,0.0,0.0,0.0,0.0,0.0,0.0,0.555672,0.490929,0.192288,0.425087,0.370393,0.278894,0.617361,0.266905,0.416246,0.38314,0.582189,0.350179,0.259166,0.206883,0.39757,0.331825,0.346548,0.43649
sub-0300500_ses-3_run-3_task-rest_bold_cleaned,300500,Awake,12.0,9.4,2500.0,0.05613007527,0.09659428312,0.0,0.0,0.0,0.0,0.0,0.0,0.0,0.0,1.0,0.0,1.0,0.0,0.0,0.0,0.0,0.0,0.0,0.0,0.0,0.524316,0.450183,0.292033,0.529631,0.286604,0.214818,0.778569,0.280028,0.375592,0.442792,0.479111,0.326337,0.261039,0.208301,0.371826,0.290062,0.362008,0.287646
sub-0300500_ses-3_run-4_task-rest_bold_cleaned,300500,Awake,12.0,9.4,2500.0,0.05613007527,0.09659428312,0.0,0.0,0.0,0.0,0.0,0.0,0.0,0.0,1.0,0.0,1.0,0.0,0.0,0.0,0.0,0.0,0.0,0.0,0.0,0.58775,0.367694,0.278811,0.539618,0.396751,0.279276,0.737092,0.263124,0.411692,0.462683,0.632625,0.330007,0.273662,0.308132,0.395513,0.464386,0.392168,0.343145
sub-0300500_ses-4_run-1_task-rest_bold_cleaned,300500,Awake,12.0,9.4,2500.0,0.04164439376,0.06890488877,0.0,0.0,0.0,0.0,0.0,0.0,0.0,0.0,1.0,0.0,1.0,0.0,0.0,0.0,0.0,0.0,0.0,0.0,0.0,0.466375,0.388967,0.210359,0.458815,0.283547,0.165188,0.568085,0.183594,0.362301,0.281299,0.29931,0.264247,0.239532,0.204648,0.324296,0.247176,0.269819,0.222661
sub-0300500_ses-4_run-2_task-rest_bold_cleaned,300500,Awake,12.0,9.4,2500.0,0.04164439376,0.06890488877,0.0,0.0,0.0,0.0,0.0,0.0,0.0,0.0,1.0,0.0,1.0,0.0,0.0,0.0,0.0,0.0,0.0,0.0,0.0,0.361563,0.440091,0.192831,0.368393,0.302911,0.182958,0.500062,0.206147,0.307376,0.287142,0.403024,0.259094,0.213571,0.139059,0.294686,0.372751,0.320349,0.197764
sub-0300500_ses-4_run-3_task-rest_bold_cleaned,300500,Awake,12.0,9.4,2500.0,0.04164439376,0.06890488877,0.0,0.0,0.0,0.0,0.0,0.0,0.0,0.0,1.0,0.0,1.0,0.0,0.0,0.0,0.0,0.0,0.0,0.0,0.0,0.389032,0.372828,0.203393,0.320132,0.296785,0.211766,0.550746,0.240219,0.324044,0.266238,0.402018,0.235568,0.193762,0.193008,0.362705,0.235151,0.323278,0.236489
sub-0300500_ses-4_run-4_task-rest_bold_cleaned,300500,Awake,12.0,9.4,2500.0,0.04164439376,0.06890488877,0.0,0.0,0.0,0.0,0.0,0.0,0.0,0.0,1.0,0.0,1.0,0.0,0.0,0.0,0.0,0.0,0.0,0.0,0.0,0.454093,0.504835,0.254935,0.536711,0.379884,0.242826,0.661343,0.279698,0.435966,0.455503,0.41775,0.358354,0.25021,0.242996,0.381211,0.365045,0.325473,0.308397
sub-0300500_ses-5_run-1_task-rest_bold_cleaned,300500,Awake,12.0,9.4,2500.0,0.04950591873,0.08208971613,0.0,0.0,0.0,0.0,0.0,0.0,0.0,0.0,1.0,0.0,1.0,0.0,0.0,0.0,0.0,0.0,0.0,0.0,0.0,0.331956,0.362938,0.192947,0.40505,0.257841,0.201843,0.370618,0.165862,0.322764,0.342887,0.392453,0.222301,0.174843,0.141739,0.278538,0.241376,0.261956,0.242812
sub-0300500_ses-5_run-2_task-rest_bold_cleaned,300500,Awake,12.0,9.4,2500.0,0.04950591873,0.08208971613,0.0,0.0,0.0,0.0,0.0,0.0,0.0,0.0,1.0,0.0,1.0,0.0,0.0,0.0,0.0,0.0,0.0,0.0,0.0,0.36794,0.44348,0.235552,0.426738,0.286237,0.217853,0.363101,0.219279,0.365007,0.282392,0.496407,0.313369,0.195213,0.186553,0.31016,0.391674,0.291949,0.249603
sub-0300500_ses-5_run-3_task-rest_bold_cleaned,300500,Awake,12.0,9.4,2500.0,0.04950591873,0.08208971613,0.0,0.0,0.0,0.0,0.0,0.0,0.0,0.0,1.0,0.0,1.0,0.0,0.0,0.0,0.0,0.0,0.0,0.0,0.0,0.401013,0.473342,0.27617,0.577673,0.26399,0.286851,0.409079,0.192395,0.430863,0.398348,0.445052,0.267925,0.243437,0.224489,0.327011,0.300172,0.300458,0.284108
sub-0300500_ses-5_run-4_task-rest_bold_cleaned,300500,Awake,12.0,9.4,2500.0,0.04950591873,0.08208971613,0.0,0.0,0.0,0.0,0.0,0.0,0.0,0.0,1.0,0.0,1.0,0.0,0.0,0.0,0.0,0.0,0.0,0.0,0.0,0.417012,0.438447,0.218726,0.465135,0.261968,0.236605,0.419871,0.195367,0.373997,0.393908,0.538678,0.273748,0.152949,0.19993,0.238777,0.320218,0.328632,0.219631
sub-0300500_ses-6_run-1_task-rest_bold_cleaned,300500,Awake,12.0,9.4,2500.0,0.05024080407,0.08228471836,0.0,0.0,0.0,0.0,0.0,0.0,0.0,0.0,1.0,0.0,1.0,0.0,0.0,0.0,0.0,0.0,0.0,0.0,0.0,0.462264,0.342527,0.256521,0.348943,0.23659,0.264512,0.706077,0.231775,0.345219,0.306922,0.388068,0.26362,0.264602,0.215614,0.347712,0.294204,0.325541,0.20265
sub-0300500_ses-6_run-2_task-rest_bold_cleaned,300500,Awake,12.0,9.4,2500.0,0.05024080407,0.08228471836,0.0,0.0,0.0,0.0,0.0,0.0,0.0,0.0,1.0,0.0,1.0,0.0,0.0,0.0,0.0,0.0,0.0,0.0,0.0,0.386469,0.246969,0.219505,0.410973,0.261728,0.221897,0.641982,0.21796,0.310565,0.195946,0.294169,0.263823,0.235294,0.243486,0.333397,0.33235,0.281197,0.188103
sub-0300500_ses-6_run-3_task-rest_bold_cleaned,300500,Awake,12.0,9.4,2500.0,0.05024080407,0.08228471836,0.0,0.0,0.0,0.0,0.0,0.0,0.0,0.0,1.0,0.0,1.0,0.0,0.0,0.0,0.0,0.0,0.0,0.0,0.0,0.63761,0.329387,0.287154,0.456163,0.232198,0.219408,0.702423,0.239679,0.315817,0.324194,0.302118,0.257798,0.229413,0.266393,0.295212,0.472496,0.252923,0.236818
sub-0300500_ses-6_run-4_task-rest_bold_cleaned,300500,Awake,12.0,9.4,2500.0,0.05024080407,0.08228471836,0.0,0.0,0.0,0.0,0.0,0.0,0.0,0.0,1.0,0.0,1.0,0.0,0.0,0.0,0.0,0.0,0.0,0.0,0.0,0.409466,0.239692,0.230106,0.295386,0.232887,0.205457,0.520223,0.238557,0.304574,0.265891,0.399743,0.237864,0.210402,0.187968,0.277717,0.270507,0.282659,0.272045
sub-0300500_ses-7_run-1_task-rest_bold_cleaned,300500,Awake,12.0,9.4,2500.0,0.02960838022,0.05224493495,0.0,0.0,0.0,0.0,0.0,0.0,0.0,0.0,1.0,0.0,1.0,0.0,0.0,0.0,0.0,0.0,0.0,0.0,0.0,0.339209,0.212153,0.221626,0.287392,0.262813,0.206662,0.281426,0.150879,0.248509,0.192716,0.279798,0.21765,0.189356,0.192908,0.267978,0.337491,0.221414,0.189899
sub-0300500_ses-7_run-2_task-rest_bold_cleaned,300500,Awake,12.0,9.4,2500.0,0.02960838022,0.05224493495,0.0,0.0,0.0,0.0,0.0,0.0,0.0,0.0,1.0,0.0,1.0,0.0,0.0,0.0,0.0,0.0,0.0,0.0,0.0,0.274367,0.232675,0.173901,0.282332,0.220861,0.168919,0.232864,0.171818,0.258412,0.141866,0.263488,0.166068,0.202489,0.132266,0.180338,0.239935,0.244081,0.169959
sub-0300500_ses-7_run-3_task-rest_bold_cleaned,300500,Awake,12.0,9.4,2500.0,0.02960838022,0.05224493495,0.0,0.0,0.0,0.0,0.0,0.0,0.0,0.0,1.0,0.0,1.0,0.0,0.0,0.0,0.0,0.0,0.0,0.0,0.0,0.626928,0.34132,0.240548,0.327562,0.305091,0.19419,0.356102,0.168802,0.441668,0.186945,0.293863,0.244702,0.240455,0.16596,0.375461,0.330581,0.282663,0.277147
sub-0300500_ses-7_run-4_task-rest_bold_cleaned,300500,Awake,12.0,9.4,2500.0,0.02960838022,0.05224493495,0.0,0.0,0.0,0.0,0.0,0.0,0.0,0.0,1.0,0.0,1.0,0.0,0.0,0.0,0.0,0.0,0.0,0.0,0.0,0.322248,0.257457,0.183577,0.302489,0.216041,0.12731,0.279466,0.217779,0.259713,0.20207,0.302341,0.292727,0.17257,0.15934,0.246885,0.273236,0.222023,0.243051
sub-0300500_ses-8_run-1_task-rest_bold_cleaned,300500,Awake,12.0,9.4,2500.0,0.03820083342,0.0650219555,0.0,0.0,0.0,0.0,0.0,0.0,0.0,0.0,1.0,0.0,1.0,0.0,0.0,0.0,0.0,0.0,0.0,0.0,0.0,0.393865,0.284391,0.278377,0.293234,0.277366,0.194736,0.284113,0.204308,0.310853,0.1626,0.285701,0.257101,0.267652,0.174587,0.291158,0.314121,0.240312,0.297389
sub-0300500_ses-8_run-2_task-rest_bold_cleaned,300500,Awake,12.0,9.4,2500.0,0.03820083342,0.0650219555,0.0,0.0,0.0,0.0,0.0,0.0,0.0,0.0,1.0,0.0,1.0,0.0,0.0,0.0,0.0,0.0,0.0,0.0,0.0,0.418885,0.212309,0.241601,0.246048,0.22414,0.167712,0.260876,0.188093,0.31554,0.192632,0.243332,0.222469,0.231892,0.16432,0.303011,0.290567,0.241443,0.272299
sub-0300500_ses-8_run-3_task-rest_bold_cleaned,300500,Awake,12.0,9.4,2500.0,0.03820083342,0.0650219555,0.0,0.0,0.0,0.0,0.0,0.0,0.0,0.0,1.0,0.0,1.0,0.0,0.0,0.0,0.0,0.0,0.0,0.0,0.0,0.370103,0.246518,0.207449,0.25978,0.190576,0.179433,0.220141,0.149627,0.265415,0.183251,0.284031,0.201559,0.188965,0.166806,0.287368,0.28574,0.218457,0.197701
sub-0300500_ses-8_run-4_task-rest_bold_cleaned,300500,Awake,12.0,9.4,2500.0,0.03820083342,0.0650219555,0.0,0.0,0.0,0.0,0.0,0.0,0.0,0.0,1.0,0.0,1.0,0.0,0.0,0.0,0.0,0.0,0.0,0.0,0.0,0.400977,0.306786,0.247195,0.275992,0.281998,0.220043,0.332818,0.197668,0.375721,0.21064,0.238316,0.246095,0.230913,0.196101,0.263905,0.308744,0.254178,0.254479
sub-0300501_ses-1_run-1_task-rest_bold_cleaned,300501,Awake,12.0,9.4,2500.0,0.04870788826,0.07914055795,0.0,0.0,0.0,0.0,0.0,0.0,0.0,0.0,1.0,0.0,1.0,0.0,0.0,0.0,0.0,0.0,0.0,0.0,0.0,0.696555,0.546544,0.300001,0.453747,0.41092,0.295314,0.586208,0.327277,0.564706,0.345082,0.473151,0.440061,0.330715,0.263535,0.560802,0.496881,0.358085,0.46606
sub-0300501_ses-1_run-2_task-rest_bold_cleaned,300501,Awake,12.0,9.4,2500.0,0.04870788826,0.07914055795,0.0,0.0,0.0,0.0,0.0,0.0,0.0,0.0,1.0,0.0,1.0,0.0,0.0,0.0,0.0,0.0,0.0,0.0,0.0,0.7761,0.510713,0.343156,0.442235,0.359681,0.276281,0.662664,0.289608,0.573608,0.296023,0.353492,0.415309,0.273434,0.20691,0.362596,0.544821,0.373964,0.483112
sub-0300501_ses-1_run-3_task-rest_bold_cleaned,300501,Awake,12.0,9.4,2500.0,0.04870788826,0.07914055795,0.0,0.0,0.0,0.0,0.0,0.0,0.0,0.0,1.0,0.0,1.0,0.0,0.0,0.0,0.0,0.0,0.0,0.0,0.0,0.533623,0.409934,0.231962,0.401599,0.281542,0.275519,0.446439,0.219274,0.324828,0.213028,0.307084,0.334674,0.270581,0.221755,0.395635,0.452925,0.269873,0.301791
sub-0300501_ses-1_run-4_task-rest_bold_cleaned,300501,Awake,12.0,9.4,2500.0,0.04870788826,0.07914055795,0.0,0.0,0.0,0.0,0.0,0.0,0.0,0.0,1.0,0.0,1.0,0.0,0.0,0.0,0.0,0.0,0.0,0.0,0.0,0.485227,0.390537,0.236881,0.390536,0.286274,0.317825,0.496431,0.237609,0.343139,0.23852,0.310099,0.287108,0.232321,0.201682,0.317176,0.437127,0.246205,0.354503
sub-0300501_ses-2_run-1_task-rest_bold_cleaned,300501,Awake,12.0,9.4,2500.0,0.03846254106,0.06946096431,0.0,0.0,0.0,0.0,0.0,0.0,0.0,0.0,1.0,0.0,1.0,0.0,0.0,0.0,0.0,0.0,0.0,0.0,0.0,0.540314,0.350846,0.282447,0.345242,0.240276,0.267715,0.506788,0.236226,0.369884,0.214911,0.35263,0.313575,0.227693,0.184723,0.313396,0.35858,0.35886,0.497897
sub-0300501_ses-2_run-2_task-rest_bold_cleaned,300501,Awake,12.0,9.4,2500.0,0.03846254106,0.06946096431,0.0,0.0,0.0,0.0,0.0,0.0,0.0,0.0,1.0,0.0,1.0,0.0,0.0,0.0,0.0,0.0,0.0,0.0,0.0,0.625478,0.542189,0.267962,0.423021,0.44687,0.296934,0.734943,0.335467,0.632842,0.248675,0.453568,0.376619,0.397892,0.279989,0.466368,0.558554,0.430302,0.386086
sub-0300501_ses-2_run-3_task-rest_bold_cleaned,300501,Awake,12.0,9.4,2500.0,0.03846254106,0.06946096431,0.0,0.0,0.0,0.0,0.0,0.0,0.0,0.0,1.0,0.0,1.0,0.0,0.0,0.0,0.0,0.0,0.0,0.0,0.0,0.491198,0.40137,0.29009,0.517934,0.329171,0.225499,0.683623,0.353522,0.43096,0.283487,0.393199,0.386448,0.258222,0.19071,0.277478,0.359871,0.494449,0.391102
sub-0300501_ses-2_run-4_task-rest_bold_cleaned,300501,Awake,12.0,9.4,2500.0,0.03846254106,0.06946096431,0.0,0.0,0.0,0.0,0.0,0.0,0.0,0.0,1.0,0.0,1.0,0.0,0.0,0.0,0.0,0.0,0.0,0.0,0.0,0.44388,0.421439,0.224383,0.544751,0.385849,0.278799,0.576308,0.305688,0.462668,0.260338,0.410975,0.36177,0.218581,0.230343,0.404995,0.339975,0.331436,0.345579
sub-0300501_ses-3_run-1_task-rest_bold_cleaned,300501,Awake,12.0,9.4,2500.0,0.06206010018,0.1071112543,0.0,0.0,0.0,0.0,0.0,0.0,0.0,0.0,1.0,0.0,1.0,0.0,0.0,0.0,0.0,0.0,0.0,0.0,0.0,0.696717,0.501677,0.273207,0.430865,0.355699,0.246248,0.351372,0.36451,0.551269,0.241503,0.32797,0.433894,0.326987,0.229369,0.468643,0.524196,0.301504,0.439557
sub-0300501_ses-3_run-2_task-rest_bold_cleaned,300501,Awake,12.0,9.4,2500.0,0.06206010018,0.1071112543,0.0,0.0,0.0,0.0,0.0,0.0,0.0,0.0,1.0,0.0,1.0,0.0,0.0,0.0,0.0,0.0,0.0,0.0,0.0,0.909428,0.506416,0.345965,0.363433,0.734892,0.350255,0.556029,0.49126,0.740941,0.281209,0.351333,0.501947,0.437867,0.353641,0.714186,0.831118,0.385167,0.639909
sub-0300501_ses-3_run-3_task-rest_bold_cleaned,300501,Awake,12.0,9.4,2500.0,0.06206010018,0.1071112543,0.0,0.0,0.0,0.0,0.0,0.0,0.0,0.0,1.0,0.0,1.0,0.0,0.0,0.0,0.0,0.0,0.0,0.0,0.0,0.927825,0.378992,0.310748,0.339298,0.500249,0.31558,0.420382,0.39777,0.6819,0.20889,0.405481,0.382477,0.372024,0.261698,0.672672,0.686185,0.326412,0.401234
sub-0300501_ses-3_run-4_task-rest_bold_cleaned,300501,Awake,12.0,9.4,2500.0,0.06206010018,0.1071112543,0.0,0.0,0.0,0.0,0.0,0.0,0.0,0.0,1.0,0.0,1.0,0.0,0.0,0.0,0.0,0.0,0.0,0.0,0.0,0.564516,0.327599,0.352742,0.38011,0.391735,0.227551,0.330448,0.328125,0.436385,0.160291,0.286388,0.406974,0.278037,0.176728,0.526702,0.504299,0.346222,0.349087
sub-0300501_ses-4_run-1_task-rest_bold_cleaned,300501,Awake,12.0,9.4,2500.0,0.03325122911,0.05454679747,0.0,0.0,0.0,0.0,0.0,0.0,0.0,0.0,1.0,0.0,1.0,0.0,0.0,0.0,0.0,0.0,0.0,0.0,0.0,0.606804,0.223959,0.171648,0.228156,0.26575,0.181373,0.395808,0.167527,0.397697,0.209258,0.225502,0.221904,0.218761,0.143405,0.350617,0.255405,0.235335,0.140836
sub-0300501_ses-4_run-2_task-rest_bold_cleaned,300501,Awake,12.0,9.4,2500.0,0.03325122911,0.05454679747,0.0,0.0,0.0,0.0,0.0,0.0,0.0,0.0,1.0,0.0,1.0,0.0,0.0,0.0,0.0,0.0,0.0,0.0,0.0,0.415395,0.232584,0.243396,0.216452,0.254437,0.238047,0.274788,0.230941,0.271836,0.140534,0.237335,0.247367,0.206277,0.137092,0.321584,0.377996,0.233821,0.227189
sub-0300501_ses-4_run-3_task-rest_bold_cleaned,300501,Awake,12.0,9.4,2500.0,0.03325122911,0.05454679747,0.0,0.0,0.0,0.0,0.0,0.0,0.0,0.0,1.0,0.0,1.0,0.0,0.0,0.0,0.0,0.0,0.0,0.0,0.0,0.490401,0.238441,0.237925,0.233511,0.287719,0.22455,0.257096,0.244129,0.303619,0.184424,0.258068,0.362702,0.229123,0.240087,0.293916,0.39319,0.294636,0.210237
sub-0300501_ses-4_run-4_task-rest_bold_cleaned,300501,Awake,12.0,9.4,2500.0,0.03325122911,0.05454679747,0.0,0.0,0.0,0.0,0.0,0.0,0.0,0.0,1.0,0.0,1.0,0.0,0.0,0.0,0.0,0.0,0.0,0.0,0.0,0.375481,0.270735,0.199425,0.23643,0.256827,0.176857,0.278259,0.22307,0.321676,0.187337,0.318838,0.25527,0.246193,0.187996,0.342491,0.385242,0.243715,0.184883
sub-0300501_ses-5_run-1_task-rest_bold_cleaned,300501,Awake,12.0,9.4,2500.0,0.05730934741,0.09965868875,0.0,0.0,0.0,0.0,0.0,0.0,0.0,0.0,1.0,0.0,1.0,0.0,0.0,0.0,0.0,0.0,0.0,0.0,0.0,0.447448,0.344699,0.240026,0.241548,0.255271,0.242017,0.295544,0.202229,0.470726,0.239664,0.402864,0.387747,0.267054,0.256514,0.434004,0.427883,0.263602,0.304545
sub-0300501_ses-5_run-2_task-rest_bold_cleaned,300501,Awake,12.0,9.4,2500.0,0.05730934741,0.09965868875,0.0,0.0,0.0,0.0,0.0,0.0,0.0,0.0,1.0,0.0,1.0,0.0,0.0,0.0,0.0,0.0,0.0,0.0,0.0,0.458912,0.284677,0.297976,0.277746,0.216384,0.239403,0.432079,0.310829,0.401148,0.24578,0.365767,0.432471,0.279718,0.215578,0.311165,0.472466,0.314548,0.243758
sub-0300501_ses-5_run-3_task-rest_bold_cleaned,300501,Awake,12.0,9.4,2500.0,0.05730934741,0.09965868875,0.0,0.0,0.0,0.0,0.0,0.0,0.0,0.0,1.0,0.0,1.0,0.0,0.0,0.0,0.0,0.0,0.0,0.0,0.0,0.481582,0.282992,0.233143,0.263746,0.284235,0.212668,0.262522,0.275411,0.323449,0.196079,0.26752,0.333321,0.257952,0.201211,0.34138,0.380484,0.282351,0.307205
sub-0300501_ses-5_run-4_task-rest_bold_cleaned,300501,Awake,12.0,9.4,2500.0,0.05730934741,0.09965868875,0.0,0.0,0.0,0.0,0.0,0.0,0.0,0.0,1.0,0.0,1.0,0.0,0.0,0.0,0.0,0.0,0.0,0.0,0.0,0.566741,0.268541,0.291147,0.301488,0.293635,0.245118,0.259807,0.322907,0.332177,0.210187,0.302375,0.365206,0.231949,0.237074,0.384732,0.498665,0.338776,0.236825
sub-0300501_ses-6_run-1_task-rest_bold_cleaned,300501,Awake,12.0,9.4,2500.0,0.04004792331,0.06637107999,0.0,0.0,0.0,0.0,0.0,0.0,0.0,0.0,1.0,0.0,1.0,0.0,0.0,0.0,0.0,0.0,0.0,0.0,0.0,0.526234,0.651099,0.349751,0.78495,0.448352,0.440582,0.580065,0.317794,0.502959,0.331711,0.591708,0.303165,0.33301,0.211512,0.469065,0.55197,0.399022,0.316219
sub-0300501_ses-6_run-2_task-rest_bold_cleaned,300501,Awake,12.0,9.4,2500.0,0.04004792331,0.06637107999,0.0,0.0,0.0,0.0,0.0,0.0,0.0,0.0,1.0,0.0,1.0,0.0,0.0,0.0,0.0,0.0,0.0,0.0,0.0,0.748749,0.696822,0.361507,0.973851,0.598148,0.536185,0.625208,0.293643,0.525893,0.540599,0.618933,0.370286,0.398385,0.360896,0.53536,0.766189,0.492796,0.343153
sub-0300501_ses-6_run-3_task-rest_bold_cleaned,300501,Awake,12.0,9.4,2500.0,0.04004792331,0.06637107999,0.0,0.0,0.0,0.0,0.0,0.0,0.0,0.0,1.0,0.0,1.0,0.0,0.0,0.0,0.0,0.0,0.0,0.0,0.0,0.575014,0.724153,0.247552,0.688205,0.54519,0.32202,0.409197,0.246699,0.409741,0.287709,0.407509,0.308463,0.276553,0.192801,0.34901,0.390186,0.370557,0.269402
sub-0300501_ses-6_run-4_task-rest_bold_cleaned,300501,Awake,12.0,9.4,2500.0,0.04004792331,0.06637107999,0.0,0.0,0.0,0.0,0.0,0.0,0.0,0.0,1.0,0.0,1.0,0.0,0.0,0.0,0.0,0.0,0.0,0.0,0.0,0.512955,0.580751,0.356942,0.746699,0.379146,0.532798,0.628269,0.311269,0.445562,0.353372,0.635699,0.375845,0.28061,0.277363,0.454588,0.561965,0.462302,0.346915
sub-0300501_ses-7_run-1_task-rest_bold_cleaned,300501,Awake,12.0,9.4,2500.0,0.02450800419,0.04398096308,0.0,0.0,0.0,0.0,0.0,0.0,0.0,0.0,1.0,0.0,1.0,0.0,0.0,0.0,0.0,0.0,0.0,0.0,0.0,0.419854,0.256248,0.19856,0.278931,0.24365,0.233639,0.292045,0.226297,0.334916,0.187074,0.295035,0.261432,0.257121,0.200456,0.276545,0.349463,0.29294,0.201542
sub-0300501_ses-7_run-2_task-rest_bold_cleaned,300501,Awake,12.0,9.4,2500.0,0.02450800419,0.04398096308,0.0,0.0,0.0,0.0,0.0,0.0,0.0,0.0,1.0,0.0,1.0,0.0,0.0,0.0,0.0,0.0,0.0,0.0,0.0,0.535931,0.250069,0.20459,0.263145,0.240015,0.188552,0.282978,0.26018,0.36554,0.231537,0.282418,0.271672,0.212191,0.185952,0.311681,0.413906,0.279214,0.286131
sub-0300501_ses-7_run-3_task-rest_bold_cleaned,300501,Awake,12.0,9.4,2500.0,0.02450800419,0.04398096308,0.0,0.0,0.0,0.0,0.0,0.0,0.0,0.0,1.0,0.0,1.0,0.0,0.0,0.0,0.0,0.0,0.0,0.0,0.0,0.536053,0.309728,0.243728,0.289559,0.254874,0.239925,0.519919,0.310224,0.3055,0.150158,0.304685,0.334443,0.276028,0.191734,0.359463,0.636396,0.312335,0.287683
sub-0300501_ses-7_run-4_task-rest_bold_cleaned,300501,Awake,12.0,9.4,2500.0,0.02450800419,0.04398096308,0.0,0.0,0.0,0.0,0.0,0.0,0.0,0.0,1.0,0.0,1.0,0.0,0.0,0.0,0.0,0.0,0.0,0.0,0.0,0.484376,0.270312,0.194271,0.25865,0.255405,0.226063,0.305384,0.251891,0.296801,0.197122,0.251704,0.293766,0.219484,0.177023,0.295479,0.462529,0.302947,0.235243
sub-0300502_ses-1_run-1_task-rest_bold_cleaned,300502,Awake,12.0,9.4,2500.0,0.05007072702,0.08338772729,0.0,0.0,0.0,0.0,0.0,0.0,0.0,0.0,1.0,0.0,1.0,0.0,0.0,0.0,0.0,0.0,0.0,0.0,0.0,0.601928,0.528547,0.343175,0.820678,0.395982,0.392188,0.571022,0.296804,0.385657,0.491426,0.396664,0.442928,0.313078,0.252484,0.37607,0.416174,0.302993,0.362232
sub-0300502_ses-1_run-2_task-rest_bold_cleaned,300502,Awake,12.0,9.4,2500.0,0.05007072702,0.08338772729,0.0,0.0,0.0,0.0,0.0,0.0,0.0,0.0,1.0,0.0,1.0,0.0,0.0,0.0,0.0,0.0,0.0,0.0,0.0,0.577983,0.463936,0.333666,0.808212,0.424619,0.330513,0.664995,0.348758,0.504587,0.365225,0.397786,0.439854,0.380458,0.191765,0.39105,0.462987,0.371274,0.364713
sub-0300502_ses-1_run-3_task-rest_bold_cleaned,300502,Awake,12.0,9.4,2500.0,0.05007072702,0.08338772729,0.0,0.0,0.0,0.0,0.0,0.0,0.0,0.0,1.0,0.0,1.0,0.0,0.0,0.0,0.0,0.0,0.0,0.0,0.0,0.535311,0.382826,0.299083,0.595552,0.364597,0.233975,0.713785,0.291569,0.371496,0.321689,0.387513,0.356975,0.299789,0.224715,0.299544,0.393775,0.379039,0.232785
sub-0300502_ses-1_run-4_task-rest_bold_cleaned,300502,Awake,12.0,9.4,2500.0,0.05007072702,0.08338772729,0.0,0.0,0.0,0.0,0.0,0.0,0.0,0.0,1.0,0.0,1.0,0.0,0.0,0.0,0.0,0.0,0.0,0.0,0.0,0.534806,0.395985,0.277835,0.656591,0.340401,0.284488,0.601266,0.280395,0.420945,0.390794,0.378993,0.30579,0.293431,0.213029,0.350049,0.367739,0.354797,0.347444
sub-0300502_ses-2_run-1_task-rest_bold_cleaned,300502,Awake,12.0,9.4,2500.0,0.04448420219,0.07406999265,0.0,0.0,0.0,0.0,0.0,0.0,0.0,0.0,1.0,0.0,1.0,0.0,0.0,0.0,0.0,0.0,0.0,0.0,0.0,0.527688,0.667621,0.372138,0.569464,0.396567,0.36065,0.710798,0.292507,0.601728,0.439594,0.513908,0.347277,0.227143,0.257955,0.37786,0.323847,0.378364,0.312132
sub-0300502_ses-2_run-2_task-rest_bold_cleaned,300502,Awake,12.0,9.4,2500.0,0.04448420219,0.07406999265,0.0,0.0,0.0,0.0,0.0,0.0,0.0,0.0,1.0,0.0,1.0,0.0,0.0,0.0,0.0,0.0,0.0,0.0,0.0,0.518527,0.611481,0.308014,0.739947,0.369909,0.317263,0.547307,0.341577,0.609651,0.523178,0.55681,0.352037,0.219016,0.263857,0.293989,0.316748,0.309587,0.30115
sub-0300502_ses-2_run-3_task-rest_bold_cleaned,300502,Awake,12.0,9.4,2500.0,0.04448420219,0.07406999265,0.0,0.0,0.0,0.0,0.0,0.0,0.0,0.0,1.0,0.0,1.0,0.0,0.0,0.0,0.0,0.0,0.0,0.0,0.0,0.42721,0.528216,0.292966,0.586232,0.434298,0.339157,0.56362,0.292601,0.405264,0.380706,0.743411,0.370009,0.300783,0.212813,0.368882,0.405853,0.39045,0.339585
sub-0300502_ses-3_run-1_task-rest_bold_cleaned,300502,Awake,12.0,9.4,2500.0,0.07481980405,0.1232833975,0.0,0.0,0.0,0.0,0.0,0.0,0.0,0.0,1.0,0.0,1.0,0.0,0.0,0.0,0.0,0.0,0.0,0.0,0.0,0.884388,0.654304,0.309623,0.567661,0.474445,0.306813,0.431578,0.347528,0.68043,0.323309,0.495537,0.486333,0.459475,0.344427,0.548892,0.501092,0.360393,0.544422
sub-0300502_ses-3_run-2_task-rest_bold_cleaned,300502,Awake,12.0,9.4,2500.0,0.07481980405,0.1232833975,0.0,0.0,0.0,0.0,0.0,0.0,0.0,0.0,1.0,0.0,1.0,0.0,0.0,0.0,0.0,0.0,0.0,0.0,0.0,0.68406,0.641028,0.368248,0.469465,0.413646,0.278939,0.425361,0.369263,0.676747,0.318575,0.419083,0.503175,0.301132,0.329239,0.420259,0.490272,0.319785,0.590479
sub-0300502_ses-3_run-3_task-rest_bold_cleaned,300502,Awake,12.0,9.4,2500.0,0.07481980405,0.1232833975,0.0,0.0,0.0,0.0,0.0,0.0,0.0,0.0,1.0,0.0,1.0,0.0,0.0,0.0,0.0,0.0,0.0,0.0,0.0,0.950761,0.960322,0.518135,0.854699,0.497208,0.420603,0.526973,0.448319,0.786502,0.335269,0.516408,0.498109,0.381754,0.408122,0.578284,0.806412,0.471533,0.810159
sub-0300502_ses-3_run-4_task-rest_bold_cleaned,300502,Awake,12.0,9.4,2500.0,0.07481980405,0.1232833975,0.0,0.0,0.0,0.0,0.0,0.0,0.0,0.0,1.0,0.0,1.0,0.0,0.0,0.0,0.0,0.0,0.0,0.0,0.0,0.762321,0.763058,0.484381,0.594591,0.549721,0.385454,0.467937,0.365466,0.849111,0.320165,0.517194,0.555901,0.406219,0.298516,0.601728,0.548376,0.403703,0.488778
sub-0300502_ses-4_run-1_task-rest_bold_cleaned,300502,Awake,12.0,9.4,2500.0,0.03629149924,0.0629035582,0.0,0.0,0.0,0.0,0.0,0.0,0.0,0.0,1.0,0.0,1.0,0.0,0.0,0.0,0.0,0.0,0.0,0.0,0.0,0.394301,0.257728,0.208961,0.293867,0.204217,0.246023,0.251676,0.285088,0.284189,0.224583,0.298434,0.255624,0.230983,0.187687,0.320799,0.335174,0.31326,0.209599
sub-0300502_ses-4_run-2_task-rest_bold_cleaned,300502,Awake,12.0,9.4,2500.0,0.03629149924,0.0629035582,0.0,0.0,0.0,0.0,0.0,0.0,0.0,0.0,1.0,0.0,1.0,0.0,0.0,0.0,0.0,0.0,0.0,0.0,0.0,0.398342,0.280255,0.264093,0.264819,0.228665,0.212692,0.230263,0.235397,0.289465,0.197039,0.30392,0.240908,0.252111,0.155308,0.352893,0.449565,0.305078,0.207226
sub-0300502_ses-4_run-3_task-rest_bold_cleaned,300502,Awake,12.0,9.4,2500.0,0.03629149924,0.0629035582,0.0,0.0,0.0,0.0,0.0,0.0,0.0,0.0,1.0,0.0,1.0,0.0,0.0,0.0,0.0,0.0,0.0,0.0,0.0,0.376452,0.28638,0.225265,0.411276,0.237108,0.243615,0.279526,0.209358,0.261835,0.161879,0.314452,0.357719,0.265876,0.19261,0.295231,0.409876,0.304572,0.267145
sub-0300502_ses-4_run-4_task-rest_bold_cleaned,300502,Awake,12.0,9.4,2500.0,0.03629149924,0.0629035582,0.0,0.0,0.0,0.0,0.0,0.0,0.0,0.0,1.0,0.0,1.0,0.0,0.0,0.0,0.0,0.0,0.0,0.0,0.0,0.502101,0.340265,0.310166,0.405283,0.279301,0.305403,0.2505,0.2644,0.370147,0.208326,0.324091,0.42267,0.319391,0.227962,0.369537,0.522322,0.340949,0.51924
sub-0300502_ses-5_run-1_task-rest_bold_cleaned,300502,Awake,12.0,9.4,2500.0,0.0356511437,0.06575060777,0.0,0.0,0.0,0.0,0.0,0.0,0.0,0.0,1.0,0.0,1.0,0.0,0.0,0.0,0.0,0.0,0.0,0.0,0.0,0.434787,0.306478,0.259695,0.233867,0.241114,0.255162,0.326462,0.283704,0.311768,0.203085,0.333238,0.349406,0.243259,0.183725,0.395317,0.522363,0.24011,0.265517
sub-0300502_ses-5_run-2_task-rest_bold_cleaned,300502,Awake,12.0,9.4,2500.0,0.0356511437,0.06575060777,0.0,0.0,0.0,0.0,0.0,0.0,0.0,0.0,1.0,0.0,1.0,0.0,0.0,0.0,0.0,0.0,0.0,0.0,0.0,0.69271,0.452528,0.28688,0.321822,0.320958,0.2299,0.525622,0.299331,0.575204,0.192132,0.395773,0.33764,0.312897,0.221231,0.467976,0.386433,0.273044,0.606895
sub-0300502_ses-5_run-3_task-rest_bold_cleaned,300502,Awake,12.0,9.4,2500.0,0.0356511437,0.06575060777,0.0,0.0,0.0,0.0,0.0,0.0,0.0,0.0,1.0,0.0,1.0,0.0,0.0,0.0,0.0,0.0,0.0,0.0,0.0,0.491165,0.445204,0.241586,0.366581,0.227134,0.227116,0.255634,0.243561,0.370088,0.179065,0.307613,0.284639,0.32516,0.200495,0.376515,0.370424,0.324243,0.27038
sub-0300502_ses-5_run-4_task-rest_bold_cleaned,300502,Awake,12.0,9.4,2500.0,0.0356511437,0.06575060777,0.0,0.0,0.0,0.0,0.0,0.0,0.0,0.0,1.0,0.0,1.0,0.0,0.0,0.0,0.0,0.0,0.0,0.0,0.0,0.87875,0.419641,0.298046,0.343072,0.265278,0.240463,0.481125,0.370716,0.459193,0.263898,0.437717,0.425506,0.3004,0.238216,0.543206,0.643618,0.384314,0.544933
sub-0300502_ses-6_run-1_task-rest_bold_cleaned,300502,Awake,12.0,9.4,2500.0,0.04658689084,0.07607977079,0.0,0.0,0.0,0.0,0.0,0.0,0.0,0.0,1.0,0.0,1.0,0.0,0.0,0.0,0.0,0.0,0.0,0.0,0.0,0.464811,0.38968,0.270789,0.582183,0.341313,0.328538,0.478649,0.384711,0.443713,0.35134,0.455147,0.359624,0.338908,0.275281,0.365916,0.404479,0.423668,0.382807
sub-0300502_ses-6_run-2_task-rest_bold_cleaned,300502,Awake,12.0,9.4,2500.0,0.04658689084,0.07607977079,0.0,0.0,0.0,0.0,0.0,0.0,0.0,0.0,1.0,0.0,1.0,0.0,0.0,0.0,0.0,0.0,0.0,0.0,0.0,0.594085,0.613529,0.342319,0.623832,0.301921,0.330617,0.65848,0.359514,0.515328,0.523005,0.587908,0.465395,0.277871,0.217267,0.38335,0.464391,0.39632,0.384334
sub-0300502_ses-6_run-3_task-rest_bold_cleaned,300502,Awake,12.0,9.4,2500.0,0.04658689084,0.07607977079,0.0,0.0,0.0,0.0,0.0,0.0,0.0,0.0,1.0,0.0,1.0,0.0,0.0,0.0,0.0,0.0,0.0,0.0,0.0,0.470072,0.534067,0.24791,0.69726,0.374268,0.433025,0.614248,0.356176,0.433671,0.4657,0.621257,0.43068,0.327299,0.299713,0.387315,0.438953,0.4879,0.33006
sub-0300502_ses-6_run-4_task-rest_bold_cleaned,300502,Awake,12.0,9.4,2500.0,0.04658689084,0.07607977079,0.0,0.0,0.0,0.0,0.0,0.0,0.0,0.0,1.0,0.0,1.0,0.0,0.0,0.0,0.0,0.0,0.0,0.0,0.0,0.812711,0.958936,0.384973,0.723851,0.491363,0.33781,0.712705,0.318529,0.610291,0.449377,0.621388,0.321645,0.350826,0.31801,0.470822,0.663209,0.427638,0.411257
sub-0300502_ses-7_run-1_task-rest_bold_cleaned,300502,Awake,12.0,9.4,2500.0,0.04461561279,0.07894984545,0.0,0.0,0.0,0.0,0.0,0.0,0.0,0.0,1.0,0.0,1.0,0.0,0.0,0.0,0.0,0.0,0.0,0.0,0.0,0.533531,0.398056,0.306686,0.347646,0.287383,0.328418,0.358045,0.313135,0.472737,0.283665,0.405035,0.426059,0.327421,0.238699,0.462475,0.477155,0.348656,0.40094
sub-0300502_ses-7_run-2_task-rest_bold_cleaned,300502,Awake,12.0,9.4,2500.0,0.04461561279,0.07894984545,0.0,0.0,0.0,0.0,0.0,0.0,0.0,0.0,1.0,0.0,1.0,0.0,0.0,0.0,0.0,0.0,0.0,0.0,0.0,0.40578,0.430471,0.248849,0.300702,0.338648,0.220845,0.372532,0.253296,0.426075,0.209159,0.353338,0.391712,0.292362,0.197537,0.405748,0.344025,0.304288,0.382273
sub-0300502_ses-7_run-3_task-rest_bold_cleaned,300502,Awake,12.0,9.4,2500.0,0.04461561279,0.07894984545,0.0,0.0,0.0,0.0,0.0,0.0,0.0,0.0,1.0,0.0,1.0,0.0,0.0,0.0,0.0,0.0,0.0,0.0,0.0,0.533145,0.389648,0.273292,0.366758,0.302926,0.230475,0.495163,0.26747,0.485102,0.264039,0.492242,0.391647,0.319068,0.224454,0.565013,0.341088,0.324281,0.493139
sub-0300502_ses-7_run-4_task-rest_bold_cleaned,300502,Awake,12.0,9.4,2500.0,0.04461561279,0.07894984545,0.0,0.0,0.0,0.0,0.0,0.0,0.0,0.0,1.0,0.0,1.0,0.0,0.0,0.0,0.0,0.0,0.0,0.0,0.0,0.749883,0.437428,0.341519,0.433412,0.364435,0.343085,0.413024,0.372729,0.663064,0.297642,0.41126,0.508646,0.317163,0.294883,0.526819,0.586202,0.440715,0.401996
sub-0300503_ses-1_run-1_task-rest_bold_cleaned,300503,Awake,12.0,9.4,2500.0,0.05999582707,0.09926383151,0.0,0.0,0.0,0.0,0.0,0.0,0.0,0.0,1.0,0.0,1.0,0.0,0.0,0.0,0.0,0.0,0.0,0.0,0.0,0.499211,0.468685,0.284253,0.72951,0.378393,0.483173,0.629044,0.328204,0.431113,0.385438,0.632835,0.526937,0.306855,0.28443,0.424631,0.40821,0.462427,0.436796
sub-0300503_ses-1_run-2_task-rest_bold_cleaned,300503,Awake,12.0,9.4,2500.0,0.05999582707,0.09926383151,0.0,0.0,0.0,0.0,0.0,0.0,0.0,0.0,1.0,0.0,1.0,0.0,0.0,0.0,0.0,0.0,0.0,0.0,0.0,0.738934,0.388935,0.319821,0.555704,0.334839,0.251245,0.66004,0.32112,0.493473,0.358039,0.522871,0.511883,0.364255,0.304166,0.489411,0.461507,0.453327,0.323904
sub-0300503_ses-1_run-3_task-rest_bold_cleaned,300503,Awake,12.0,9.4,2500.0,0.05999582707,0.09926383151,0.0,0.0,0.0,0.0,0.0,0.0,0.0,0.0,1.0,0.0,1.0,0.0,0.0,0.0,0.0,0.0,0.0,0.0,0.0,0.684093,0.497256,0.262193,0.542091,0.353484,0.303912,0.5981,0.263315,0.452068,0.369426,0.476558,0.584317,0.354482,0.301875,0.504763,0.435766,0.346445,0.211091
sub-0300503_ses-1_run-4_task-rest_bold_cleaned,300503,Awake,12.0,9.4,2500.0,0.05999582707,0.09926383151,0.0,0.0,0.0,0.0,0.0,0.0,0.0,0.0,1.0,0.0,1.0,0.0,0.0,0.0,0.0,0.0,0.0,0.0,0.0,0.89239,0.461081,0.270002,0.804564,0.383895,0.382128,0.740723,0.41782,0.651212,0.322948,0.45711,0.578663,0.305473,0.277947,0.560178,0.568272,0.536408,0.465855
sub-0300503_ses-2_run-1_task-rest_bold_cleaned,300503,Awake,12.0,9.4,2500.0,0.05125790467,0.08803352473,0.0,0.0,0.0,0.0,0.0,0.0,0.0,0.0,1.0,0.0,1.0,0.0,0.0,0.0,0.0,0.0,0.0,0.0,0.0,0.575759,0.535891,0.392761,0.73515,0.382711,0.376615,0.511095,0.317615,0.488408,0.429291,0.575708,0.382055,0.329829,0.409289,0.534007,0.403451,0.415317,0.386962
sub-0300503_ses-2_run-2_task-rest_bold_cleaned,300503,Awake,12.0,9.4,2500.0,0.05125790467,0.08803352473,0.0,0.0,0.0,0.0,0.0,0.0,0.0,0.0,1.0,0.0,1.0,0.0,0.0,0.0,0.0,0.0,0.0,0.0,0.0,0.591121,0.455725,0.268682,0.673308,0.346495,0.406935,0.480612,0.345024,0.462394,0.40327,0.463198,0.464993,0.3562,0.204768,0.499898,0.38307,0.462104,0.52086
sub-0300503_ses-2_run-3_task-rest_bold_cleaned,300503,Awake,12.0,9.4,2500.0,0.05125790467,0.08803352473,0.0,0.0,0.0,0.0,0.0,0.0,0.0,0.0,1.0,0.0,1.0,0.0,0.0,0.0,0.0,0.0,0.0,0.0,0.0,0.48181,0.582013,0.311001,0.737578,0.373729,0.311584,0.61055,0.356662,0.570754,0.409445,0.592254,0.487206,0.348252,0.314353,0.397261,0.400586,0.431587,0.48049
sub-0300503_ses-2_run-4_task-rest_bold_cleaned,300503,Awake,12.0,9.4,2500.0,0.05125790467,0.08803352473,0.0,0.0,0.0,0.0,0.0,0.0,0.0,0.0,1.0,0.0,1.0,0.0,0.0,0.0,0.0,0.0,0.0,0.0,0.0,0.610911,0.670197,0.36016,0.556287,0.360944,0.337677,0.606716,0.343054,0.674162,0.236324,0.586846,0.455482,0.261138,0.353939,0.473563,0.419505,0.439381,0.457844
sub-0300503_ses-3_run-1_task-rest_bold_cleaned,300503,Awake,12.0,9.4,2500.0,0.05752477051,0.09514290187,0.0,0.0,0.0,0.0,0.0,0.0,0.0,0.0,1.0,0.0,1.0,0.0,0.0,0.0,0.0,0.0,0.0,0.0,0.0,0.76199,0.340496,0.297501,0.415015,0.278002,0.300786,0.452067,0.283777,0.394577,0.226849,0.402648,0.453395,0.277532,0.319804,0.372372,0.597857,0.36539,0.523446
sub-0300503_ses-3_run-2_task-rest_bold_cleaned,300503,Awake,12.0,9.4,2500.0,0.05752477051,0.09514290187,0.0,0.0,0.0,0.0,0.0,0.0,0.0,0.0,1.0,0.0,1.0,0.0,0.0,0.0,0.0,0.0,0.0,0.0,0.0,0.61787,0.455341,0.254249,0.490527,0.334823,0.258168,0.44217,0.276727,0.292464,0.260853,0.361737,0.370314,0.251383,0.23477,0.383791,0.369701,0.336553,0.508175
sub-0300503_ses-3_run-3_task-rest_bold_cleaned,300503,Awake,12.0,9.4,2500.0,0.05752477051,0.09514290187,0.0,0.0,0.0,0.0,0.0,0.0,0.0,0.0,1.0,0.0,1.0,0.0,0.0,0.0,0.0,0.0,0.0,0.0,0.0,0.68048,0.615092,0.315868,0.549196,0.34537,0.301073,0.583596,0.220855,0.780536,0.299246,0.380886,0.36456,0.343872,0.390489,0.425234,0.505455,0.36968,0.346761
sub-0300503_ses-3_run-4_task-rest_bold_cleaned,300503,Awake,12.0,9.4,2500.0,0.05752477051,0.09514290187,0.0,0.0,0.0,0.0,0.0,0.0,0.0,0.0,1.0,0.0,1.0,0.0,0.0,0.0,0.0,0.0,0.0,0.0,0.0,0.970099,0.55764,0.370297,0.513161,0.2968,0.259114,0.503328,0.26675,0.586536,0.297761,0.498046,0.437891,0.398153,0.212785,0.56057,0.52403,0.473875,0.594788
sub-0300503_ses-4_run-1_task-rest_bold_cleaned,300503,Awake,12.0,9.4,2500.0,0.06224539914,0.1007541139,0.0,0.0,0.0,0.0,0.0,0.0,0.0,0.0,1.0,0.0,1.0,0.0,0.0,0.0,0.0,0.0,0.0,0.0,0.0,0.805895,0.676901,0.370388,0.743969,0.398307,0.272006,0.63126,0.346216,0.76428,0.385023,0.525067,0.578821,0.375508,0.34252,0.435414,0.451734,0.434001,0.553297
sub-0300503_ses-4_run-2_task-rest_bold_cleaned,300503,Awake,12.0,9.4,2500.0,0.06224539914,0.1007541139,0.0,0.0,0.0,0.0,0.0,0.0,0.0,0.0,1.0,0.0,1.0,0.0,0.0,0.0,0.0,0.0,0.0,0.0,0.0,0.5584,0.615493,0.315642,0.756737,0.382385,0.350736,0.639892,0.299515,0.588731,0.404798,0.527415,0.42925,0.349812,0.33681,0.477895,0.378049,0.410977,0.439049
sub-0300503_ses-4_run-3_task-rest_bold_cleaned,300503,Awake,12.0,9.4,2500.0,0.06224539914,0.1007541139,0.0,0.0,0.0,0.0,0.0,0.0,0.0,0.0,1.0,0.0,1.0,0.0,0.0,0.0,0.0,0.0,0.0,0.0,0.0,0.735105,0.603942,0.401316,0.554357,0.411363,0.314347,0.605575,0.416079,0.827582,0.329936,0.465467,0.628663,0.432852,0.306383,0.479327,0.4806,0.490534,0.632718
sub-0300503_ses-4_run-4_task-rest_bold_cleaned,300503,Awake,12.0,9.4,2500.0,0.06224539914,0.1007541139,0.0,0.0,0.0,0.0,0.0,0.0,0.0,0.0,1.0,0.0,1.0,0.0,0.0,0.0,0.0,0.0,0.0,0.0,0.0,0.459729,0.605451,0.297058,0.511815,0.331422,0.270323,0.464237,0.341088,0.635796,0.234625,0.442618,0.581822,0.342702,0.349286,0.321753,0.426107,0.340444,0.515289
sub-0300503_ses-5_run-1_task-rest_bold_cleaned,300503,Awake,12.0,9.4,2500.0,0.03752038811,0.06714185533,0.0,0.0,0.0,0.0,0.0,0.0,0.0,0.0,1.0,0.0,1.0,0.0,0.0,0.0,0.0,0.0,0.0,0.0,0.0,0.447049,0.366178,0.208109,0.520474,0.265508,0.272283,0.518135,0.240936,0.365597,0.302354,0.335285,0.351876,0.283041,0.187948,0.277831,0.336163,0.30926,0.202538
sub-0300503_ses-5_run-2_task-rest_bold_cleaned,300503,Awake,12.0,9.4,2500.0,0.03752038811,0.06714185533,0.0,0.0,0.0,0.0,0.0,0.0,0.0,0.0,1.0,0.0,1.0,0.0,0.0,0.0,0.0,0.0,0.0,0.0,0.0,0.537222,0.423316,0.29876,0.491291,0.315266,0.233835,0.575175,0.356406,0.353386,0.32277,0.407071,0.382791,0.244995,0.209824,0.409288,0.378812,0.396591,0.374202
sub-0300503_ses-5_run-3_task-rest_bold_cleaned,300503,Awake,12.0,9.4,2500.0,0.03752038811,0.06714185533,0.0,0.0,0.0,0.0,0.0,0.0,0.0,0.0,1.0,0.0,1.0,0.0,0.0,0.0,0.0,0.0,0.0,0.0,0.0,0.65392,0.472943,0.235407,0.765907,0.391947,0.297184,0.626445,0.279979,0.408212,0.363326,0.466827,0.575869,0.257583,0.284912,0.459725,0.468872,0.403072,0.405445
sub-0300503_ses-5_run-4_task-rest_bold_cleaned,300503,Awake,12.0,9.4,2500.0,0.03752038811,0.06714185533,0.0,0.0,0.0,0.0,0.0,0.0,0.0,0.0,1.0,0.0,1.0,0.0,0.0,0.0,0.0,0.0,0.0,0.0,0.0,0.535128,0.447666,0.28197,0.531556,0.325799,0.264326,0.69677,0.233045,0.429826,0.321594,0.447614,0.315156,0.255186,0.223178,0.497483,0.351141,0.353903,0.292142
sub-0300503_ses-6_run-1_task-rest_bold_cleaned,300503,Awake,12.0,9.4,2500.0,0.05050973891,0.08326311788,0.0,0.0,0.0,0.0,0.0,0.0,0.0,0.0,1.0,0.0,1.0,0.0,0.0,0.0,0.0,0.0,0.0,0.0,0.0,0.467913,0.461274,0.274561,0.627892,0.366785,0.329351,0.656049,0.314608,0.41717,0.335982,0.494025,0.370087,0.322474,0.315194,0.450828,0.416508,0.384999,0.42645
sub-0300503_ses-6_run-2_task-rest_bold_cleaned,300503,Awake,12.0,9.4,2500.0,0.05050973891,0.08326311788,0.0,0.0,0.0,0.0,0.0,0.0,0.0,0.0,1.0,0.0,1.0,0.0,0.0,0.0,0.0,0.0,0.0,0.0,0.0,0.469789,0.490635,0.304937,0.829175,0.443281,0.32427,0.658872,0.303115,0.39985,0.331986,0.474781,0.405681,0.277934,0.319873,0.406459,0.441986,0.425109,0.475888
sub-0300503_ses-6_run-3_task-rest_bold_cleaned,300503,Awake,12.0,9.4,2500.0,0.05050973891,0.08326311788,0.0,0.0,0.0,0.0,0.0,0.0,0.0,0.0,1.0,0.0,1.0,0.0,0.0,0.0,0.0,0.0,0.0,0.0,0.0,0.532437,0.536385,0.293611,0.622565,0.288352,0.231349,0.393685,0.264958,0.563267,0.308229,0.375206,0.410232,0.350584,0.230188,0.428137,0.282651,0.381198,0.449215
sub-0300503_ses-6_run-4_task-rest_bold_cleaned,300503,Awake,12.0,9.4,2500.0,0.05050973891,0.08326311788,0.0,0.0,0.0,0.0,0.0,0.0,0.0,0.0,1.0,0.0,1.0,0.0,0.0,0.0,0.0,0.0,0.0,0.0,0.0,0.786019,0.591902,0.247764,0.597591,0.33343,0.294624,0.635127,0.335617,0.524114,0.351827,0.464383,0.412381,0.295517,0.343005,0.537569,0.427977,0.417633,0.392337
sub-0300503_ses-7_run-1_task-rest_bold_cleaned,300503,Awake,12.0,9.4,2500.0,0.04933177315,0.08401005556,0.0,0.0,0.0,0.0,0.0,0.0,0.0,0.0,1.0,0.0,1.0,0.0,0.0,0.0,0.0,0.0,0.0,0.0,0.0,0.531306,0.496384,0.371126,0.545471,0.261415,0.245372,0.425132,0.284925,0.384055,0.325372,0.381785,0.388421,0.230946,0.278451,0.380937,0.417438,0.347583,0.465734
sub-0300503_ses-7_run-2_task-rest_bold_cleaned,300503,Awake,12.0,9.4,2500.0,0.04933177315,0.08401005556,0.0,0.0,0.0,0.0,0.0,0.0,0.0,0.0,1.0,0.0,1.0,0.0,0.0,0.0,0.0,0.0,0.0,0.0,0.0,0.739691,0.583874,0.430016,0.796123,0.402705,0.372159,0.489814,0.356715,0.551576,0.276268,0.480049,0.531359,0.354625,0.316889,0.534052,0.55624,0.348779,0.502497
sub-0300503_ses-7_run-3_task-rest_bold_cleaned,300503,Awake,12.0,9.4,2500.0,0.04933177315,0.08401005556,0.0,0.0,0.0,0.0,0.0,0.0,0.0,0.0,1.0,0.0,1.0,0.0,0.0,0.0,0.0,0.0,0.0,0.0,0.0,0.795869,0.47447,0.339648,0.631625,0.406303,0.259079,0.589433,0.377297,0.535713,0.313531,0.503047,0.560978,0.429301,0.386479,0.450627,0.38885,0.406164,0.537379
sub-0300503_ses-7_run-4_task-rest_bold_cleaned,300503,Awake,12.0,9.4,2500.0,0.04933177315,0.08401005556,0.0,0.0,0.0,0.0,0.0,0.0,0.0,0.0,1.0,0.0,1.0,0.0,0.0,0.0,0.0,0.0,0.0,0.0,0.0,0.507132,0.49154,0.279375,0.525183,0.334523,0.27837,0.675412,0.30897,0.540791,0.216929,0.443025,0.44788,0.257918,0.268808,0.397075,0.349589,0.354214,0.363102
sub-0300504_ses-1_run-1_task-rest_bold_cleaned,300504,Awake,12.0,9.4,2500.0,0.07577836819,0.1255645127,0.0,0.0,0.0,0.0,0.0,0.0,0.0,0.0,1.0,0.0,1.0,0.0,0.0,0.0,0.0,0.0,0.0,0.0,0.0,0.809671,0.530498,0.323141,0.866795,0.456637,0.419112,0.904624,0.361517,0.518965,0.47293,0.628223,0.596291,0.34696,0.459595,0.456105,0.513311,0.509165,0.369273
sub-0300504_ses-1_run-2_task-rest_bold_cleaned,300504,Awake,12.0,9.4,2500.0,0.07577836819,0.1255645127,0.0,0.0,0.0,0.0,0.0,0.0,0.0,0.0,1.0,0.0,1.0,0.0,0.0,0.0,0.0,0.0,0.0,0.0,0.0,0.695328,0.455178,0.251981,0.61273,0.278026,0.2757,0.945922,0.343455,0.373594,0.393219,0.456693,0.526554,0.295939,0.265519,0.331823,0.395246,0.403813,0.348932
sub-0300504_ses-1_run-3_task-rest_bold_cleaned,300504,Awake,12.0,9.4,2500.0,0.07577836819,0.1255645127,0.0,0.0,0.0,0.0,0.0,0.0,0.0,0.0,1.0,0.0,1.0,0.0,0.0,0.0,0.0,0.0,0.0,0.0,0.0,0.901913,0.663099,0.373328,0.750134,0.473815,0.4261,0.6761,0.351673,0.69165,0.426464,0.523259,0.627579,0.322951,0.382794,0.470929,0.622241,0.395763,0.420968
sub-0300504_ses-2_run-1_task-rest_bold_cleaned,300504,Awake,12.0,9.4,2500.0,0.03463372797,0.05707754548,0.0,0.0,0.0,0.0,0.0,0.0,0.0,0.0,1.0,0.0,1.0,0.0,0.0,0.0,0.0,0.0,0.0,0.0,0.0,0.56168,0.388947,0.251705,0.411594,0.318122,0.2557,0.840575,0.35377,0.340409,0.320737,0.42076,0.281224,0.303393,0.292374,0.335841,0.382315,0.321977,0.260572
sub-0300504_ses-2_run-2_task-rest_bold_cleaned,300504,Awake,12.0,9.4,2500.0,0.03463372797,0.05707754548,0.0,0.0,0.0,0.0,0.0,0.0,0.0,0.0,1.0,0.0,1.0,0.0,0.0,0.0,0.0,0.0,0.0,0.0,0.0,0.648082,0.436614,0.29277,0.458888,0.332496,0.281253,0.739534,0.314294,0.321269,0.310612,0.358951,0.402204,0.329145,0.2671,0.378402,0.335893,0.3595,0.261903
sub-0300504_ses-2_run-3_task-rest_bold_cleaned,300504,Awake,12.0,9.4,2500.0,0.03463372797,0.05707754548,0.0,0.0,0.0,0.0,0.0,0.0,0.0,0.0,1.0,0.0,1.0,0.0,0.0,0.0,0.0,0.0,0.0,0.0,0.0,0.599765,0.409199,0.358874,0.631556,0.316947,0.286612,0.520195,0.318675,0.418324,0.289714,0.432683,0.406594,0.337562,0.269508,0.432148,0.435428,0.352412,0.376881
sub-0300504_ses-2_run-4_task-rest_bold_cleaned,300504,Awake,12.0,9.4,2500.0,0.03463372797,0.05707754548,0.0,0.0,0.0,0.0,0.0,0.0,0.0,0.0,1.0,0.0,1.0,0.0,0.0,0.0,0.0,0.0,0.0,0.0,0.0,0.751966,0.55116,0.356314,0.633243,0.356445,0.353049,0.75028,0.23988,0.430547,0.344074,0.507948,0.430374,0.272262,0.25412,0.421077,0.483191,0.38705,0.458819
sub-0300504_ses-3_run-1_task-rest_bold_cleaned,300504,Awake,12.0,9.4,2500.0,0.02493515266,0.04376296444,0.0,0.0,0.0,0.0,0.0,0.0,0.0,0.0,1.0,0.0,1.0,0.0,0.0,0.0,0.0,0.0,0.0,0.0,0.0,0.337808,0.394946,0.28365,0.495875,0.339077,0.286073,0.508068,0.203514,0.330499,0.316371,0.355027,0.277081,0.260635,0.210875,0.354608,0.309841,0.334743,0.248485
sub-0300504_ses-3_run-2_task-rest_bold_cleaned,300504,Awake,12.0,9.4,2500.0,0.02493515266,0.04376296444,0.0,0.0,0.0,0.0,0.0,0.0,0.0,0.0,1.0,0.0,1.0,0.0,0.0,0.0,0.0,0.0,0.0,0.0,0.0,0.811624,0.466909,0.270176,0.525591,0.333963,0.19584,0.582938,0.243868,0.287953,0.360509,0.500842,0.390166,0.321171,0.192793,0.392638,0.398774,0.385901,0.292941
sub-0300504_ses-3_run-3_task-rest_bold_cleaned,300504,Awake,12.0,9.4,2500.0,0.02493515266,0.04376296444,0.0,0.0,0.0,0.0,0.0,0.0,0.0,0.0,1.0,0.0,1.0,0.0,0.0,0.0,0.0,0.0,0.0,0.0,0.0,0.422595,0.363639,0.234492,0.461427,0.321155,0.323155,0.482635,0.321805,0.389027,0.276316,0.394378,0.261017,0.25311,0.217054,0.354701,0.315261,0.352594,0.203446
sub-0300504_ses-3_run-4_task-rest_bold_cleaned,300504,Awake,12.0,9.4,2500.0,0.02493515266,0.04376296444,0.0,0.0,0.0,0.0,0.0,0.0,0.0,0.0,1.0,0.0,1.0,0.0,0.0,0.0,0.0,0.0,0.0,0.0,0.0,0.61872,0.470054,0.255802,0.815891,0.437788,0.366158,0.889846,0.239334,0.389222,0.468126,0.498892,0.452958,0.299848,0.330235,0.434157,0.438691,0.427443,0.268673
sub-0300504_ses-4_run-1_task-rest_bold_cleaned,300504,Awake,12.0,9.4,2500.0,0.05724784468,0.09748396047,0.0,0.0,0.0,0.0,0.0,0.0,0.0,0.0,1.0,0.0,1.0,0.0,0.0,0.0,0.0,0.0,0.0,0.0,0.0,0.681655,0.453962,0.324325,0.601435,0.33638,0.386288,0.639287,0.304395,0.553447,0.266443,0.523799,0.395316,0.252297,0.312202,0.461711,0.51421,0.406007,0.347009
sub-0300504_ses-4_run-2_task-rest_bold_cleaned,300504,Awake,12.0,9.4,2500.0,0.05724784468,0.09748396047,0.0,0.0,0.0,0.0,0.0,0.0,0.0,0.0,1.0,0.0,1.0,0.0,0.0,0.0,0.0,0.0,0.0,0.0,0.0,0.789757,0.406655,0.264074,0.577895,0.250635,0.287576,0.750256,0.383174,0.52635,0.273014,0.551052,0.542914,0.270699,0.327637,0.460976,0.487213,0.397811,0.437322
sub-0300504_ses-4_run-3_task-rest_bold_cleaned,300504,Awake,12.0,9.4,2500.0,0.05724784468,0.09748396047,0.0,0.0,0.0,0.0,0.0,0.0,0.0,0.0,1.0,0.0,1.0,0.0,0.0,0.0,0.0,0.0,0.0,0.0,0.0,0.481142,0.546644,0.33222,0.639644,0.345679,0.306257,0.527997,0.413901,0.562941,0.278636,0.480956,0.581052,0.353682,0.379062,0.511879,0.392613,0.467936,0.46467
sub-0300504_ses-4_run-4_task-rest_bold_cleaned,300504,Awake,12.0,9.4,2500.0,0.05724784468,0.09748396047,0.0,0.0,0.0,0.0,0.0,0.0,0.0,0.0,1.0,0.0,1.0,0.0,0.0,0.0,0.0,0.0,0.0,0.0,0.0,0.78087,0.437643,0.309546,0.81066,0.401499,0.340277,0.811963,0.262984,0.486703,0.337426,0.440541,0.525773,0.355056,0.323033,0.556335,0.399961,0.357066,0.445385
sub-0300504_ses-5_run-1_task-rest_bold_cleaned,300504,Awake,12.0,9.4,2500.0,0.04731120905,0.07816338223,0.0,0.0,0.0,0.0,0.0,0.0,0.0,0.0,1.0,0.0,1.0,0.0,0.0,0.0,0.0,0.0,0.0,0.0,0.0,0.679464,0.513374,0.281736,0.56672,0.272348,0.397243,0.646652,0.437663,0.616858,0.418954,0.67167,0.497815,0.31044,0.280462,0.498788,0.353148,0.409665,0.323562
sub-0300504_ses-5_run-2_task-rest_bold_cleaned,300504,Awake,12.0,9.4,2500.0,0.04731120905,0.07816338223,0.0,0.0,0.0,0.0,0.0,0.0,0.0,0.0,1.0,0.0,1.0,0.0,0.0,0.0,0.0,0.0,0.0,0.0,0.0,0.514922,0.578142,0.287087,0.602422,0.372264,0.288573,0.678652,0.321919,0.508651,0.300373,0.452284,0.408366,0.294547,0.20528,0.448194,0.296052,0.332805,0.360215
sub-0300504_ses-5_run-3_task-rest_bold_cleaned,300504,Awake,12.0,9.4,2500.0,0.04731120905,0.07816338223,0.0,0.0,0.0,0.0,0.0,0.0,0.0,0.0,1.0,0.0,1.0,0.0,0.0,0.0,0.0,0.0,0.0,0.0,0.0,0.737757,0.586251,0.343564,0.704714,0.430953,0.313451,0.563257,0.3039,0.541787,0.421769,0.537144,0.476624,0.325326,0.294188,0.492651,0.484352,0.548504,0.559988
sub-0300504_ses-5_run-4_task-rest_bold_cleaned,300504,Awake,12.0,9.4,2500.0,0.04731120905,0.07816338223,0.0,0.0,0.0,0.0,0.0,0.0,0.0,0.0,1.0,0.0,1.0,0.0,0.0,0.0,0.0,0.0,0.0,0.0,0.0,0.535654,0.507387,0.252676,0.52391,0.296289,0.345733,0.595343,0.260288,0.429989,0.22525,0.406607,0.311268,0.366895,0.271013,0.366816,0.443545,0.26171,0.239058
sub-0300504_ses-6_run-1_task-rest_bold_cleaned,300504,Awake,12.0,9.4,2500.0,0.0746738931,0.1276977656,0.0,0.0,0.0,0.0,0.0,0.0,0.0,0.0,1.0,0.0,1.0,0.0,0.0,0.0,0.0,0.0,0.0,0.0,0.0,0.575591,0.493465,0.3413,0.652985,0.302981,0.242721,0.983523,0.30189,0.44609,0.33934,0.56059,0.335752,0.292187,0.208776,0.3996,0.450375,0.471093,0.259126
sub-0300504_ses-6_run-2_task-rest_bold_cleaned,300504,Awake,12.0,9.4,2500.0,0.0746738931,0.1276977656,0.0,0.0,0.0,0.0,0.0,0.0,0.0,0.0,1.0,0.0,1.0,0.0,0.0,0.0,0.0,0.0,0.0,0.0,0.0,0.759159,0.574288,0.269629,0.664108,0.354412,0.311587,0.689821,0.331893,0.704327,0.430551,0.368789,0.421896,0.25431,0.285534,0.414366,0.391566,0.465775,0.446016
sub-0300504_ses-6_run-3_task-rest_bold_cleaned,300504,Awake,12.0,9.4,2500.0,0.0746738931,0.1276977656,0.0,0.0,0.0,0.0,0.0,0.0,0.0,0.0,1.0,0.0,1.0,0.0,0.0,0.0,0.0,0.0,0.0,0.0,0.0,0.878993,0.416806,0.401842,0.916456,0.375858,0.464154,0.918237,0.284507,0.540527,0.347723,0.582539,0.583403,0.369475,0.351178,0.599415,0.665382,0.479137,0.352297
sub-0300504_ses-6_run-4_task-rest_bold_cleaned,300504,Awake,12.0,9.4,2500.0,0.0746738931,0.1276977656,0.0,0.0,0.0,0.0,0.0,0.0,0.0,0.0,1.0,0.0,1.0,0.0,0.0,0.0,0.0,0.0,0.0,0.0,0.0,0.776529,0.59207,0.371299,0.628546,0.398136,0.307842,0.702127,0.36774,0.679763,0.295329,0.59394,0.46939,0.308223,0.32487,0.575412,0.377794,0.471776,0.558136
sub-0300504_ses-7_run-1_task-rest_bold_cleaned,300504,Awake,12.0,9.4,2500.0,0.03188921935,0.05562004243,0.0,0.0,0.0,0.0,0.0,0.0,0.0,0.0,1.0,0.0,1.0,0.0,0.0,0.0,0.0,0.0,0.0,0.0,0.0,0.425232,0.470396,0.358365,0.449523,0.312936,0.224299,0.566067,0.307926,0.387653,0.312924,0.498968,0.253007,0.293719,0.16983,0.374412,0.44127,0.478222,0.282715
sub-0300504_ses-7_run-2_task-rest_bold_cleaned,300504,Awake,12.0,9.4,2500.0,0.03188921935,0.05562004243,0.0,0.0,0.0,0.0,0.0,0.0,0.0,0.0,1.0,0.0,1.0,0.0,0.0,0.0,0.0,0.0,0.0,0.0,0.0,0.78754,0.551837,0.268428,0.643537,0.347706,0.328994,0.735754,0.276527,0.529162,0.431991,0.482745,0.417394,0.394889,0.273392,0.410857,0.512025,0.493232,0.371345
sub-0300504_ses-7_run-3_task-rest_bold_cleaned,300504,Awake,12.0,9.4,2500.0,0.03188921935,0.05562004243,0.0,0.0,0.0,0.0,0.0,0.0,0.0,0.0,1.0,0.0,1.0,0.0,0.0,0.0,0.0,0.0,0.0,0.0,0.0,0.510152,0.517155,0.257963,0.55947,0.29837,0.346682,0.693159,0.280372,0.402955,0.337331,0.430195,0.3975,0.255373,0.259488,0.401045,0.37734,0.389512,0.392204
sub-0300504_ses-7_run-4_task-rest_bold_cleaned,300504,Awake,12.0,9.4,2500.0,0.03188921935,0.05562004243,0.0,0.0,0.0,0.0,0.0,0.0,0.0,0.0,1.0,0.0,1.0,0.0,0.0,0.0,0.0,0.0,0.0,0.0,0.0,0.692342,0.562063,0.40262,0.62563,0.367825,0.404082,0.67618,0.293615,0.61352,0.320797,0.516168,0.502981,0.352501,0.346147,0.442049,0.466602,0.46549,0.345778
sub-0300505_ses-1_run-1_task-rest_bold_cleaned,300505,Awake,12.0,9.4,2500.0,0.1017746792,0.1591223295,0.0,0.0,0.0,0.0,0.0,0.0,0.0,0.0,1.0,0.0,1.0,0.0,0.0,0.0,0.0,0.0,0.0,0.0,0.0,0.668333,0.70267,0.310732,0.832932,0.316291,0.445657,0.838921,0.532642,0.73196,0.433736,0.611471,0.521137,0.422003,0.355539,0.508,0.49222,0.490705,0.762457
sub-0300505_ses-1_run-2_task-rest_bold_cleaned,300505,Awake,12.0,9.4,2500.0,0.1017746792,0.1591223295,0.0,0.0,0.0,0.0,0.0,0.0,0.0,0.0,1.0,0.0,1.0,0.0,0.0,0.0,0.0,0.0,0.0,0.0,0.0,0.502618,0.559255,0.341011,0.664397,0.418197,0.331195,0.775132,0.37719,0.547026,0.347659,0.599263,0.423754,0.245561,0.18268,0.392418,0.481267,0.375663,0.278064
sub-0300505_ses-1_run-3_task-rest_bold_cleaned,300505,Awake,12.0,9.4,2500.0,0.1017746792,0.1591223295,0.0,0.0,0.0,0.0,0.0,0.0,0.0,0.0,1.0,0.0,1.0,0.0,0.0,0.0,0.0,0.0,0.0,0.0,0.0,0.533336,0.513308,0.321339,0.669028,0.394781,0.327089,0.598042,0.307261,0.532209,0.414214,0.523504,0.379532,0.379778,0.238055,0.474636,0.532532,0.4622,0.395233
sub-0300505_ses-1_run-4_task-rest_bold_cleaned,300505,Awake,12.0,9.4,2500.0,0.1017746792,0.1591223295,0.0,0.0,0.0,0.0,0.0,0.0,0.0,0.0,1.0,0.0,1.0,0.0,0.0,0.0,0.0,0.0,0.0,0.0,0.0,0.455882,0.450494,0.297163,0.560063,0.227737,0.310236,0.548641,0.267511,0.339065,0.314293,0.511884,0.355507,0.309286,0.227388,0.337186,0.346009,0.368332,0.264357
sub-0300505_ses-2_run-1_task-rest_bold_cleaned,300505,Awake,12.0,9.4,2500.0,0.07362763602,0.1257641074,0.0,0.0,0.0,0.0,0.0,0.0,0.0,0.0,1.0,0.0,1.0,0.0,0.0,0.0,0.0,0.0,0.0,0.0,0.0,0.812275,0.754006,0.435958,0.607194,0.445482,0.376384,0.755782,0.329219,0.892129,0.33218,0.71611,0.500748,0.344668,0.346334,0.651982,0.462126,0.493594,0.660581
sub-0300505_ses-2_run-2_task-rest_bold_cleaned,300505,Awake,12.0,9.4,2500.0,0.07362763602,0.1257641074,0.0,0.0,0.0,0.0,0.0,0.0,0.0,0.0,1.0,0.0,1.0,0.0,0.0,0.0,0.0,0.0,0.0,0.0,0.0,0.631987,0.54919,0.299079,0.69782,0.370751,0.364484,0.58978,0.428169,0.615421,0.312129,0.567053,0.494868,0.397727,0.296252,0.526275,0.524097,0.433526,0.419052
sub-0300505_ses-2_run-3_task-rest_bold_cleaned,300505,Awake,12.0,9.4,2500.0,0.07362763602,0.1257641074,0.0,0.0,0.0,0.0,0.0,0.0,0.0,0.0,1.0,0.0,1.0,0.0,0.0,0.0,0.0,0.0,0.0,0.0,0.0,0.6981,0.49044,0.330328,0.698187,0.402062,0.429001,0.704246,0.367159,0.608681,0.384448,0.532605,0.438761,0.291416,0.269244,0.561482,0.424758,0.444731,0.625369
sub-0300505_ses-2_run-4_task-rest_bold_cleaned,300505,Awake,12.0,9.4,2500.0,0.07362763602,0.1257641074,0.0,0.0,0.0,0.0,0.0,0.0,0.0,0.0,1.0,0.0,1.0,0.0,0.0,0.0,0.0,0.0,0.0,0.0,0.0,0.541019,0.639613,0.313697,0.524185,0.326241,0.293112,0.546244,0.236701,0.617241,0.344358,0.722071,0.39232,0.30839,0.267813,0.542296,0.506249,0.395584,0.542911
sub-0300505_ses-3_run-1_task-rest_bold_cleaned,300505,Awake,12.0,9.4,2500.0,0.05407991981,0.09144399407,0.0,0.0,0.0,0.0,0.0,0.0,0.0,0.0,1.0,0.0,1.0,0.0,0.0,0.0,0.0,0.0,0.0,0.0,0.0,0.570094,0.467983,0.337949,0.710942,0.433275,0.41978,0.520627,0.302135,0.523857,0.436601,0.550438,0.408879,0.308637,0.267237,0.40236,0.365698,0.476874,0.464422
sub-0300505_ses-3_run-2_task-rest_bold_cleaned,300505,Awake,12.0,9.4,2500.0,0.05407991981,0.09144399407,0.0,0.0,0.0,0.0,0.0,0.0,0.0,0.0,1.0,0.0,1.0,0.0,0.0,0.0,0.0,0.0,0.0,0.0,0.0,0.517565,0.753344,0.333011,0.766865,0.449279,0.34304,0.559247,0.294578,0.539259,0.490346,0.455607,0.384533,0.342698,0.244656,0.346727,0.408264,0.374732,0.488158
sub-0300505_ses-3_run-3_task-rest_bold_cleaned,300505,Awake,12.0,9.4,2500.0,0.05407991981,0.09144399407,0.0,0.0,0.0,0.0,0.0,0.0,0.0,0.0,1.0,0.0,1.0,0.0,0.0,0.0,0.0,0.0,0.0,0.0,0.0,0.63659,0.645743,0.279851,0.784022,0.441226,0.292389,0.768033,0.382231,0.677922,0.415434,0.555576,0.515241,0.356097,0.280802,0.546634,0.416049,0.519938,0.552724
sub-0300505_ses-3_run-4_task-rest_bold_cleaned,300505,Awake,12.0,9.4,2500.0,0.05407991981,0.09144399407,0.0,0.0,0.0,0.0,0.0,0.0,0.0,0.0,1.0,0.0,1.0,0.0,0.0,0.0,0.0,0.0,0.0,0.0,0.0,0.669271,0.554239,0.346569,0.610764,0.462437,0.244312,0.525587,0.320276,0.509762,0.512441,0.47783,0.422794,0.305754,0.290882,0.444752,0.409304,0.479584,0.503673
sub-0300505_ses-4_run-1_task-rest_bold_cleaned,300505,Awake,12.0,9.4,2500.0,0.034841966,0.05755022503,0.0,0.0,0.0,0.0,0.0,0.0,0.0,0.0,1.0,0.0,1.0,0.0,0.0,0.0,0.0,0.0,0.0,0.0,0.0,0.514206,0.43134,0.286153,0.544381,0.282627,0.266926,0.458757,0.267565,0.357518,0.401228,0.666213,0.343699,0.231487,0.259458,0.340753,0.357048,0.377851,0.281987
sub-0300505_ses-4_run-2_task-rest_bold_cleaned,300505,Awake,12.0,9.4,2500.0,0.034841966,0.05755022503,0.0,0.0,0.0,0.0,0.0,0.0,0.0,0.0,1.0,0.0,1.0,0.0,0.0,0.0,0.0,0.0,0.0,0.0,0.0,0.480672,0.445304,0.271599,0.686234,0.263842,0.27397,0.449179,0.297354,0.446539,0.398874,0.632237,0.408344,0.242449,0.190887,0.3979,0.412044,0.380326,0.260355
sub-0300505_ses-4_run-3_task-rest_bold_cleaned,300505,Awake,12.0,9.4,2500.0,0.034841966,0.05755022503,0.0,0.0,0.0,0.0,0.0,0.0,0.0,0.0,1.0,0.0,1.0,0.0,0.0,0.0,0.0,0.0,0.0,0.0,0.0,0.820974,0.406456,0.313893,0.636279,0.387106,0.270571,0.464595,0.357209,0.49354,0.436076,0.756393,0.376487,0.279175,0.304091,0.454244,0.443559,0.508759,0.451349
sub-0300505_ses-4_run-4_task-rest_bold_cleaned,300505,Awake,12.0,9.4,2500.0,0.034841966,0.05755022503,0.0,0.0,0.0,0.0,0.0,0.0,0.0,0.0,1.0,0.0,1.0,0.0,0.0,0.0,0.0,0.0,0.0,0.0,0.0,0.519036,0.490018,0.281866,0.75095,0.378974,0.339985,0.658467,0.250714,0.484355,0.391412,0.769448,0.401331,0.308001,0.282026,0.429961,0.359676,0.440448,0.319936
sub-0300505_ses-5_run-1_task-rest_bold_cleaned,300505,Awake,12.0,9.4,2500.0,0.03890978351,0.06669771369,0.0,0.0,0.0,0.0,0.0,0.0,0.0,0.0,1.0,0.0,1.0,0.0,0.0,0.0,0.0,0.0,0.0,0.0,0.0,0.400043,0.428116,0.291819,0.44194,0.287431,0.269603,0.336112,0.352228,0.411465,0.382301,0.452067,0.368737,0.258656,0.160353,0.273641,0.298617,0.297718,0.195284
sub-0300505_ses-5_run-2_task-rest_bold_cleaned,300505,Awake,12.0,9.4,2500.0,0.03890978351,0.06669771369,0.0,0.0,0.0,0.0,0.0,0.0,0.0,0.0,1.0,0.0,1.0,0.0,0.0,0.0,0.0,0.0,0.0,0.0,0.0,0.69652,0.447667,0.210067,0.620335,0.324815,0.324963,0.6984,0.210277,0.446146,0.384547,0.503473,0.315557,0.357448,0.186042,0.401875,0.399935,0.315058,0.315616
sub-0300505_ses-5_run-3_task-rest_bold_cleaned,300505,Awake,12.0,9.4,2500.0,0.03890978351,0.06669771369,0.0,0.0,0.0,0.0,0.0,0.0,0.0,0.0,1.0,0.0,1.0,0.0,0.0,0.0,0.0,0.0,0.0,0.0,0.0,0.374146,0.46472,0.269741,0.534159,0.261982,0.267582,0.378791,0.259874,0.324724,0.350514,0.639243,0.383352,0.297901,0.158736,0.352027,0.289592,0.33744,0.272482
sub-0300505_ses-5_run-4_task-rest_bold_cleaned,300505,Awake,12.0,9.4,2500.0,0.03890978351,0.06669771369,0.0,0.0,0.0,0.0,0.0,0.0,0.0,0.0,1.0,0.0,1.0,0.0,0.0,0.0,0.0,0.0,0.0,0.0,0.0,0.496688,0.407095,0.245857,0.537291,0.310943,0.244064,0.38294,0.364352,0.367059,0.4036,0.531044,0.462979,0.261745,0.240959,0.382371,0.352973,0.456474,0.36752
sub-0300505_ses-6_run-1_task-rest_bold_cleaned,300505,Awake,12.0,9.4,2500.0,0.04242345963,0.07235544822,0.0,0.0,0.0,0.0,0.0,0.0,0.0,0.0,1.0,0.0,1.0,0.0,0.0,0.0,0.0,0.0,0.0,0.0,0.0,0.449192,0.337091,0.282182,0.363009,0.295043,0.283848,0.38541,0.248876,0.442635,0.276685,0.4738,0.337663,0.265538,0.208394,0.375399,0.315012,0.303011,0.311832
sub-0300505_ses-6_run-2_task-rest_bold_cleaned,300505,Awake,12.0,9.4,2500.0,0.04242345963,0.07235544822,0.0,0.0,0.0,0.0,0.0,0.0,0.0,0.0,1.0,0.0,1.0,0.0,0.0,0.0,0.0,0.0,0.0,0.0,0.0,0.545812,0.279423,0.250365,0.4223,0.275569,0.255837,0.368407,0.23861,0.393969,0.235427,0.528758,0.312546,0.255266,0.231057,0.392217,0.38074,0.379851,0.215918
sub-0300505_ses-6_run-3_task-rest_bold_cleaned,300505,Awake,12.0,9.4,2500.0,0.04242345963,0.07235544822,0.0,0.0,0.0,0.0,0.0,0.0,0.0,0.0,1.0,0.0,1.0,0.0,0.0,0.0,0.0,0.0,0.0,0.0,0.0,0.526294,0.388194,0.244341,0.608956,0.282658,0.227889,0.434574,0.327267,0.394254,0.293486,0.405603,0.415081,0.300896,0.244415,0.425781,0.318164,0.33755,0.403334
sub-0300505_ses-6_run-4_task-rest_bold_cleaned,300505,Awake,12.0,9.4,2500.0,0.04242345963,0.07235544822,0.0,0.0,0.0,0.0,0.0,0.0,0.0,0.0,1.0,0.0,1.0,0.0,0.0,0.0,0.0,0.0,0.0,0.0,0.0,0.46925,0.44298,0.279577,0.510492,0.321886,0.259673,0.597497,0.256104,0.383547,0.303172,0.43812,0.314925,0.266605,0.298191,0.332737,0.363985,0.359083,0.30858
sub-0300505_ses-7_run-1_task-rest_bold_cleaned,300505,Awake,12.0,9.4,2500.0,0.03437407811,0.06226964409,0.0,0.0,0.0,0.0,0.0,0.0,0.0,0.0,1.0,0.0,1.0,0.0,0.0,0.0,0.0,0.0,0.0,0.0,0.0,0.387176,0.379933,0.318017,0.532369,0.275511,0.246934,0.510843,0.267825,0.343692,0.417899,0.553609,0.348774,0.30228,0.229117,0.346695,0.337522,0.42009,0.216573
sub-0300505_ses-7_run-2_task-rest_bold_cleaned,300505,Awake,12.0,9.4,2500.0,0.03437407811,0.06226964409,0.0,0.0,0.0,0.0,0.0,0.0,0.0,0.0,1.0,0.0,1.0,0.0,0.0,0.0,0.0,0.0,0.0,0.0,0.0,0.433472,0.411294,0.293838,0.601675,0.355337,0.316531,0.687173,0.338661,0.450753,0.586462,0.703017,0.378077,0.2232,0.300793,0.495596,0.429394,0.472746,0.363064
sub-0300505_ses-7_run-3_task-rest_bold_cleaned,300505,Awake,12.0,9.4,2500.0,0.03437407811,0.06226964409,0.0,0.0,0.0,0.0,0.0,0.0,0.0,0.0,1.0,0.0,1.0,0.0,0.0,0.0,0.0,0.0,0.0,0.0,0.0,0.63833,0.559093,0.296557,0.912676,0.38571,0.374061,0.799242,0.31094,0.514483,0.633955,0.852336,0.395969,0.355763,0.301891,0.383483,0.427932,0.55074,0.480956
sub-0300505_ses-7_run-4_task-rest_bold_cleaned,300505,Awake,12.0,9.4,2500.0,0.03437407811,0.06226964409,0.0,0.0,0.0,0.0,0.0,0.0,0.0,0.0,1.0,0.0,1.0,0.0,0.0,0.0,0.0,0.0,0.0,0.0,0.0,0.391337,0.539472,0.333466,0.577848,0.362214,0.321768,0.447886,0.305238,0.506012,0.361706,0.641435,0.423708,0.298836,0.246459,0.367367,0.359468,0.486165,0.383504
sub-0300506_ses-1_run-1_task-rest_bold_cleaned,300506,Awake,12.0,9.4,2500.0,0.04798779211,0.07756258143,0.0,0.0,0.0,0.0,0.0,0.0,0.0,0.0,1.0,0.0,1.0,0.0,0.0,0.0,0.0,0.0,0.0,0.0,0.0,0.466874,0.523228,0.277829,0.527508,0.284398,0.29706,0.588428,0.243637,0.428426,0.414588,0.687951,0.281883,0.270609,0.210589,0.368429,0.400669,0.374135,0.310664
sub-0300506_ses-1_run-2_task-rest_bold_cleaned,300506,Awake,12.0,9.4,2500.0,0.04798779211,0.07756258143,0.0,0.0,0.0,0.0,0.0,0.0,0.0,0.0,1.0,0.0,1.0,0.0,0.0,0.0,0.0,0.0,0.0,0.0,0.0,0.358368,0.497381,0.259671,0.543958,0.30589,0.294227,0.545845,0.256259,0.381895,0.319089,0.621537,0.233741,0.258165,0.218202,0.318936,0.300974,0.467208,0.232156
sub-0300506_ses-1_run-3_task-rest_bold_cleaned,300506,Awake,12.0,9.4,2500.0,0.04798779211,0.07756258143,0.0,0.0,0.0,0.0,0.0,0.0,0.0,0.0,1.0,0.0,1.0,0.0,0.0,0.0,0.0,0.0,0.0,0.0,0.0,0.623775,0.510818,0.298532,0.557339,0.29305,0.313528,0.57768,0.22732,0.459208,0.446637,0.643286,0.288057,0.297567,0.181752,0.390157,0.352766,0.475075,0.294367
sub-0300506_ses-1_run-4_task-rest_bold_cleaned,300506,Awake,12.0,9.4,2500.0,0.04798779211,0.07756258143,0.0,0.0,0.0,0.0,0.0,0.0,0.0,0.0,1.0,0.0,1.0,0.0,0.0,0.0,0.0,0.0,0.0,0.0,0.0,0.482217,0.438141,0.289132,0.600632,0.285146,0.290573,0.515314,0.219596,0.431365,0.516082,0.674335,0.345776,0.285078,0.251113,0.378149,0.248862,0.531322,0.315858
sub-0300506_ses-2_run-1_task-rest_bold_cleaned,300506,Awake,12.0,9.4,2500.0,0.03507455904,0.06050910636,0.0,0.0,0.0,0.0,0.0,0.0,0.0,0.0,1.0,0.0,1.0,0.0,0.0,0.0,0.0,0.0,0.0,0.0,0.0,0.349135,0.340875,0.223269,0.473761,0.275705,0.225947,0.353305,0.227487,0.279279,0.341451,0.411029,0.294649,0.246288,0.168257,0.279176,0.230923,0.293452,0.2027
sub-0300506_ses-2_run-2_task-rest_bold_cleaned,300506,Awake,12.0,9.4,2500.0,0.03507455904,0.06050910636,0.0,0.0,0.0,0.0,0.0,0.0,0.0,0.0,1.0,0.0,1.0,0.0,0.0,0.0,0.0,0.0,0.0,0.0,0.0,0.529251,0.33141,0.229094,0.468573,0.21151,0.182607,0.573867,0.210868,0.336067,0.330445,0.385807,0.325061,0.278007,0.216232,0.279495,0.213497,0.316626,0.210269
sub-0300506_ses-2_run-3_task-rest_bold_cleaned,300506,Awake,12.0,9.4,2500.0,0.03507455904,0.06050910636,0.0,0.0,0.0,0.0,0.0,0.0,0.0,0.0,1.0,0.0,1.0,0.0,0.0,0.0,0.0,0.0,0.0,0.0,0.0,0.369806,0.413437,0.226905,0.533476,0.253648,0.228071,0.425286,0.281872,0.304103,0.278804,0.412252,0.363178,0.20599,0.160024,0.352225,0.264534,0.256293,0.213621
sub-0300506_ses-2_run-4_task-rest_bold_cleaned,300506,Awake,12.0,9.4,2500.0,0.03507455904,0.06050910636,0.0,0.0,0.0,0.0,0.0,0.0,0.0,0.0,1.0,0.0,1.0,0.0,0.0,0.0,0.0,0.0,0.0,0.0,0.0,0.544887,0.337031,0.232502,0.849769,0.291832,0.335829,0.806345,0.244928,0.405727,0.410061,0.562375,0.408703,0.316848,0.213201,0.323849,0.37087,0.29919,0.302866
sub-0300506_ses-3_run-1_task-rest_bold_cleaned,300506,Awake,12.0,9.4,2500.0,0.04050389705,0.06959826769,0.0,0.0,0.0,0.0,0.0,0.0,0.0,0.0,1.0,0.0,1.0,0.0,0.0,0.0,0.0,0.0,0.0,0.0,0.0,0.367442,0.353937,0.209859,0.431774,0.225208,0.17164,0.442273,0.253634,0.250055,0.315524,0.443865,0.363724,0.249945,0.172603,0.241292,0.275199,0.350999,0.206309
sub-0300506_ses-3_run-2_task-rest_bold_cleaned,300506,Awake,12.0,9.4,2500.0,0.04050389705,0.06959826769,0.0,0.0,0.0,0.0,0.0,0.0,0.0,0.0,1.0,0.0,1.0,0.0,0.0,0.0,0.0,0.0,0.0,0.0,0.0,0.435899,0.344283,0.213857,0.338773,0.272827,0.167231,0.357389,0.225394,0.280843,0.254184,0.439159,0.402921,0.211478,0.12306,0.233723,0.263668,0.261184,0.203979
sub-0300506_ses-3_run-3_task-rest_bold_cleaned,300506,Awake,12.0,9.4,2500.0,0.04050389705,0.06959826769,0.0,0.0,0.0,0.0,0.0,0.0,0.0,0.0,1.0,0.0,1.0,0.0,0.0,0.0,0.0,0.0,0.0,0.0,0.0,0.375806,0.337797,0.220357,0.468121,0.251616,0.222311,0.32194,0.219767,0.218866,0.298076,0.44541,0.256638,0.20639,0.16228,0.34296,0.215755,0.281599,0.18132
sub-0300506_ses-3_run-4_task-rest_bold_cleaned,300506,Awake,12.0,9.4,2500.0,0.04050389705,0.06959826769,0.0,0.0,0.0,0.0,0.0,0.0,0.0,0.0,1.0,0.0,1.0,0.0,0.0,0.0,0.0,0.0,0.0,0.0,0.0,0.535351,0.32768,0.191664,0.546168,0.315641,0.174574,0.524288,0.202864,0.32824,0.380929,0.418575,0.350131,0.264152,0.151727,0.244003,0.272116,0.347943,0.175429
sub-0300506_ses-4_run-1_task-rest_bold_cleaned,300506,Awake,12.0,9.4,2500.0,0.05741112725,0.1004380435,0.0,0.0,0.0,0.0,0.0,0.0,0.0,0.0,1.0,0.0,1.0,0.0,0.0,0.0,0.0,0.0,0.0,0.0,0.0,0.328293,0.33227,0.171492,0.432074,0.307812,0.294256,0.369045,0.197545,0.300336,0.256052,0.314153,0.325886,0.234446,0.148575,0.303183,0.277511,0.30802,0.178084
sub-0300506_ses-4_run-2_task-rest_bold_cleaned,300506,Awake,12.0,9.4,2500.0,0.05741112725,0.1004380435,0.0,0.0,0.0,0.0,0.0,0.0,0.0,0.0,1.0,0.0,1.0,0.0,0.0,0.0,0.0,0.0,0.0,0.0,0.0,0.402086,0.308833,0.263741,0.685613,0.269234,0.255374,0.75144,0.220192,0.320664,0.511618,0.394439,0.435517,0.27255,0.157408,0.320133,0.308646,0.296218,0.188608
sub-0300506_ses-4_run-4_task-rest_bold_cleaned,300506,Awake,12.0,9.4,2500.0,0.05741112725,0.1004380435,0.0,0.0,0.0,0.0,0.0,0.0,0.0,0.0,1.0,0.0,1.0,0.0,0.0,0.0,0.0,0.0,0.0,0.0,0.0,0.378823,0.443347,0.271261,0.40546,0.279542,0.29219,0.226669,0.243246,0.33768,0.293867,0.325084,0.426188,0.210434,0.2118,0.28388,0.299539,0.321181,0.276511
sub-0300506_ses-5_run-1_task-rest_bold_cleaned,300506,Awake,12.0,9.4,2500.0,0.03709223429,0.06579117191,0.0,0.0,0.0,0.0,0.0,0.0,0.0,0.0,1.0,0.0,1.0,0.0,0.0,0.0,0.0,0.0,0.0,0.0,0.0,0.325295,0.29587,0.202714,0.478557,0.32183,0.242722,0.31604,0.190168,0.267269,0.292519,0.444854,0.262755,0.216694,0.152956,0.264244,0.288078,0.242769,0.231867
sub-0300506_ses-5_run-2_task-rest_bold_cleaned,300506,Awake,12.0,9.4,2500.0,0.03709223429,0.06579117191,0.0,0.0,0.0,0.0,0.0,0.0,0.0,0.0,1.0,0.0,1.0,0.0,0.0,0.0,0.0,0.0,0.0,0.0,0.0,0.333399,0.363625,0.231803,0.484679,0.309692,0.247041,0.270807,0.218382,0.280557,0.341953,0.499583,0.266302,0.216676,0.180419,0.27296,0.296065,0.328925,0.234176
sub-0300506_ses-5_run-3_task-rest_bold_cleaned,300506,Awake,12.0,9.4,2500.0,0.03709223429,0.06579117191,0.0,0.0,0.0,0.0,0.0,0.0,0.0,0.0,1.0,0.0,1.0,0.0,0.0,0.0,0.0,0.0,0.0,0.0,0.0,0.319804,0.318211,0.203641,0.473718,0.278231,0.164852,0.276815,0.206013,0.318798,0.328811,0.496561,0.267222,0.236754,0.182153,0.306184,0.235182,0.319286,0.207488
sub-0300506_ses-5_run-4_task-rest_bold_cleaned,300506,Awake,12.0,9.4,2500.0,0.03709223429,0.06579117191,0.0,0.0,0.0,0.0,0.0,0.0,0.0,0.0,1.0,0.0,1.0,0.0,0.0,0.0,0.0,0.0,0.0,0.0,0.0,0.400002,0.425041,0.213699,0.507306,0.288606,0.208011,0.407238,0.270888,0.352835,0.356555,0.46195,0.234276,0.226415,0.122275,0.351012,0.245025,0.313293,0.29464
sub-0300506_ses-6_run-1_task-rest_bold_cleaned,300506,Awake,12.0,9.4,2500.0,0.03394294653,0.05742931171,0.0,0.0,0.0,0.0,0.0,0.0,0.0,0.0,1.0,0.0,1.0,0.0,0.0,0.0,0.0,0.0,0.0,0.0,0.0,0.317666,0.22095,0.175674,0.27486,0.194945,0.184184,0.272813,0.175833,0.216744,0.210472,0.227078,0.28812,0.205606,0.136369,0.252515,0.233045,0.193764,0.148532
sub-0300506_ses-6_run-2_task-rest_bold_cleaned,300506,Awake,12.0,9.4,2500.0,0.03394294653,0.05742931171,0.0,0.0,0.0,0.0,0.0,0.0,0.0,0.0,1.0,0.0,1.0,0.0,0.0,0.0,0.0,0.0,0.0,0.0,0.0,0.284393,0.238027,0.175071,0.333123,0.208311,0.150928,0.198015,0.187134,0.263021,0.167797,0.254378,0.254836,0.22452,0.139025,0.251033,0.200736,0.255796,0.198536
sub-0300506_ses-6_run-3_task-rest_bold_cleaned,300506,Awake,12.0,9.4,2500.0,0.03394294653,0.05742931171,0.0,0.0,0.0,0.0,0.0,0.0,0.0,0.0,1.0,0.0,1.0,0.0,0.0,0.0,0.0,0.0,0.0,0.0,0.0,0.368241,0.22902,0.205707,0.302814,0.200106,0.17859,0.279324,0.209358,0.27587,0.18458,0.270984,0.251472,0.206235,0.153311,0.20587,0.246727,0.193911,0.164072
sub-0300506_ses-6_run-4_task-rest_bold_cleaned,300506,Awake,12.0,9.4,2500.0,0.03394294653,0.05742931171,0.0,0.0,0.0,0.0,0.0,0.0,0.0,0.0,1.0,0.0,1.0,0.0,0.0,0.0,0.0,0.0,0.0,0.0,0.0,0.27375,0.225721,0.190799,0.238485,0.196793,0.165583,0.253765,0.18405,0.221,0.237024,0.229155,0.274622,0.174922,0.135495,0.230747,0.214335,0.213739,0.15347
sub-0300507_ses-1_run-1_task-rest_bold_cleaned,300507,Awake,12.0,9.4,2500.0,0.05015102444,0.08451468132,0.0,0.0,0.0,0.0,0.0,0.0,0.0,0.0,1.0,0.0,1.0,0.0,0.0,0.0,0.0,0.0,0.0,0.0,0.0,0.585251,0.552885,0.216845,0.628424,0.443115,0.403386,0.609324,0.300135,0.4435,0.305413,0.465023,0.364355,0.294492,0.258991,0.353543,0.37369,0.389356,0.297848
sub-0300507_ses-1_run-2_task-rest_bold_cleaned,300507,Awake,12.0,9.4,2500.0,0.05015102444,0.08451468132,0.0,0.0,0.0,0.0,0.0,0.0,0.0,0.0,1.0,0.0,1.0,0.0,0.0,0.0,0.0,0.0,0.0,0.0,0.0,0.592523,0.628563,0.306821,0.840914,0.391553,0.345999,0.564718,0.389141,0.466437,0.482823,0.537967,0.542077,0.291266,0.378687,0.457667,0.407092,0.354711,0.431549
sub-0300507_ses-1_run-3_task-rest_bold_cleaned,300507,Awake,12.0,9.4,2500.0,0.05015102444,0.08451468132,0.0,0.0,0.0,0.0,0.0,0.0,0.0,0.0,1.0,0.0,1.0,0.0,0.0,0.0,0.0,0.0,0.0,0.0,0.0,0.524067,0.575055,0.331147,0.767371,0.396786,0.359476,0.569072,0.270401,0.441191,0.336312,0.450637,0.443928,0.272448,0.359652,0.424845,0.545579,0.475188,0.364042
sub-0300507_ses-1_run-4_task-rest_bold_cleaned,300507,Awake,12.0,9.4,2500.0,0.05015102444,0.08451468132,0.0,0.0,0.0,0.0,0.0,0.0,0.0,0.0,1.0,0.0,1.0,0.0,0.0,0.0,0.0,0.0,0.0,0.0,0.0,0.681022,0.623641,0.343001,0.631633,0.307666,0.39386,0.371821,0.353735,0.536481,0.524634,0.507189,0.611097,0.375235,0.309046,0.531186,0.427822,0.44024,0.41714
sub-0300507_ses-2_run-1_task-rest_bold_cleaned,300507,Awake,12.0,9.4,2500.0,0.03886053151,0.06776663838,0.0,0.0,0.0,0.0,0.0,0.0,0.0,0.0,1.0,0.0,1.0,0.0,0.0,0.0,0.0,0.0,0.0,0.0,0.0,0.423956,0.385984,0.255688,0.452944,0.279791,0.260031,0.468716,0.284189,0.339995,0.228073,0.357659,0.393835,0.275102,0.257994,0.350702,0.511196,0.370887,0.303635
sub-0300507_ses-2_run-2_task-rest_bold_cleaned,300507,Awake,12.0,9.4,2500.0,0.03886053151,0.06776663838,0.0,0.0,0.0,0.0,0.0,0.0,0.0,0.0,1.0,0.0,1.0,0.0,0.0,0.0,0.0,0.0,0.0,0.0,0.0,0.421812,0.391502,0.296481,0.497637,0.281117,0.336266,0.492182,0.347991,0.405972,0.257129,0.368181,0.397204,0.263156,0.248903,0.391131,0.504883,0.35129,0.247644
sub-0300507_ses-2_run-3_task-rest_bold_cleaned,300507,Awake,12.0,9.4,2500.0,0.03886053151,0.06776663838,0.0,0.0,0.0,0.0,0.0,0.0,0.0,0.0,1.0,0.0,1.0,0.0,0.0,0.0,0.0,0.0,0.0,0.0,0.0,0.661414,0.555305,0.295094,0.713168,0.39322,0.349216,0.585369,0.356649,0.567542,0.371322,0.435613,0.584976,0.309682,0.390139,0.603326,0.59295,0.428912,0.428754
sub-0300507_ses-2_run-4_task-rest_bold_cleaned,300507,Awake,12.0,9.4,2500.0,0.03886053151,0.06776663838,0.0,0.0,0.0,0.0,0.0,0.0,0.0,0.0,1.0,0.0,1.0,0.0,0.0,0.0,0.0,0.0,0.0,0.0,0.0,0.472619,0.410359,0.296145,0.418437,0.351114,0.315191,0.541209,0.334684,0.434977,0.237505,0.407241,0.638383,0.263549,0.259149,0.396052,0.527958,0.443987,0.304036
sub-0300507_ses-3_run-1_task-rest_bold_cleaned,300507,Awake,12.0,9.4,2500.0,0.03529077132,0.06410255534,0.0,0.0,0.0,0.0,0.0,0.0,0.0,0.0,1.0,0.0,1.0,0.0,0.0,0.0,0.0,0.0,0.0,0.0,0.0,0.444368,0.356377,0.287763,0.457726,0.27956,0.263096,0.573651,0.21858,0.340826,0.301689,0.371296,0.32349,0.238827,0.188209,0.276594,0.487352,0.250633,0.266124
sub-0300507_ses-3_run-2_task-rest_bold_cleaned,300507,Awake,12.0,9.4,2500.0,0.03529077132,0.06410255534,0.0,0.0,0.0,0.0,0.0,0.0,0.0,0.0,1.0,0.0,1.0,0.0,0.0,0.0,0.0,0.0,0.0,0.0,0.0,0.474695,0.472465,0.347703,0.392754,0.321728,0.255725,0.480782,0.34459,0.539341,0.233986,0.362361,0.540041,0.272082,0.230679,0.521069,0.475051,0.353789,0.361114
sub-0300507_ses-3_run-3_task-rest_bold_cleaned,300507,Awake,12.0,9.4,2500.0,0.03529077132,0.06410255534,0.0,0.0,0.0,0.0,0.0,0.0,0.0,0.0,1.0,0.0,1.0,0.0,0.0,0.0,0.0,0.0,0.0,0.0,0.0,0.836011,0.486243,0.365012,0.799967,0.381412,0.396831,0.728567,0.334557,0.6265,0.314066,0.588907,0.626156,0.354688,0.350213,0.631771,0.651666,0.348666,0.454771
sub-0300507_ses-3_run-4_task-rest_bold_cleaned,300507,Awake,12.0,9.4,2500.0,0.03529077132,0.06410255534,0.0,0.0,0.0,0.0,0.0,0.0,0.0,0.0,1.0,0.0,1.0,0.0,0.0,0.0,0.0,0.0,0.0,0.0,0.0,0.466091,0.36979,0.276591,0.51939,0.334611,0.310963,0.455347,0.334024,0.460212,0.347514,0.470656,0.48549,0.304228,0.233832,0.367547,0.499224,0.376426,0.394095
sub-0300507_ses-4_run-1_task-rest_bold_cleaned,300507,Awake,12.0,9.4,2500.0,0.0592931486,0.09765817524,0.0,0.0,0.0,0.0,0.0,0.0,0.0,0.0,1.0,0.0,1.0,0.0,0.0,0.0,0.0,0.0,0.0,0.0,0.0,0.569313,0.426301,0.218247,0.520997,0.288789,0.288812,0.3789,0.274181,0.299316,0.298825,0.388524,0.437357,0.274151,0.299539,0.414473,0.448935,0.279908,0.211112
sub-0300507_ses-4_run-2_task-rest_bold_cleaned,300507,Awake,12.0,9.4,2500.0,0.0592931486,0.09765817524,0.0,0.0,0.0,0.0,0.0,0.0,0.0,0.0,1.0,0.0,1.0,0.0,0.0,0.0,0.0,0.0,0.0,0.0,0.0,0.416414,0.360424,0.257883,0.494628,0.31154,0.275572,0.527054,0.258404,0.304616,0.294054,0.397592,0.360435,0.326563,0.223175,0.280352,0.398152,0.323193,0.251952
sub-0300507_ses-4_run-3_task-rest_bold_cleaned,300507,Awake,12.0,9.4,2500.0,0.0592931486,0.09765817524,0.0,0.0,0.0,0.0,0.0,0.0,0.0,0.0,1.0,0.0,1.0,0.0,0.0,0.0,0.0,0.0,0.0,0.0,0.0,0.399465,0.404317,0.253958,0.478867,0.264273,0.249707,0.468048,0.240249,0.296353,0.228021,0.346244,0.430492,0.288245,0.204574,0.312588,0.409999,0.312663,0.311081
sub-0300507_ses-4_run-4_task-rest_bold_cleaned,300507,Awake,12.0,9.4,2500.0,0.0592931486,0.09765817524,0.0,0.0,0.0,0.0,0.0,0.0,0.0,0.0,1.0,0.0,1.0,0.0,0.0,0.0,0.0,0.0,0.0,0.0,0.0,0.520938,0.434596,0.277287,0.549626,0.260879,0.282183,0.4425,0.293953,0.480301,0.326587,0.4233,0.486367,0.364195,0.281822,0.568083,0.536877,0.307151,0.386998
sub-0300507_ses-5_run-1_task-rest_bold_cleaned,300507,Awake,12.0,9.4,2500.0,0.05005149721,0.09076326108,0.0,0.0,0.0,0.0,0.0,0.0,0.0,0.0,1.0,0.0,1.0,0.0,0.0,0.0,0.0,0.0,0.0,0.0,0.0,0.286255,0.327344,0.196075,0.340564,0.23729,0.287201,0.426032,0.221535,0.282517,0.240478,0.285148,0.289147,0.253057,0.168057,0.322248,0.323983,0.301506,0.214818
sub-0300507_ses-5_run-2_task-rest_bold_cleaned,300507,Awake,12.0,9.4,2500.0,0.05005149721,0.09076326108,0.0,0.0,0.0,0.0,0.0,0.0,0.0,0.0,1.0,0.0,1.0,0.0,0.0,0.0,0.0,0.0,0.0,0.0,0.0,0.442522,0.39604,0.248785,0.477654,0.242087,0.250632,0.425474,0.224249,0.384964,0.305385,0.30335,0.292961,0.229187,0.221295,0.281396,0.37618,0.328116,0.232545
sub-0300507_ses-5_run-3_task-rest_bold_cleaned,300507,Awake,12.0,9.4,2500.0,0.05005149721,0.09076326108,0.0,0.0,0.0,0.0,0.0,0.0,0.0,0.0,1.0,0.0,1.0,0.0,0.0,0.0,0.0,0.0,0.0,0.0,0.0,0.597682,0.450702,0.253483,0.511559,0.251422,0.222694,0.473973,0.261379,0.30053,0.260732,0.362168,0.341565,0.285158,0.17835,0.37616,0.337153,0.303463,0.275459
sub-0300507_ses-5_run-4_task-rest_bold_cleaned,300507,Awake,12.0,9.4,2500.0,0.05005149721,0.09076326108,0.0,0.0,0.0,0.0,0.0,0.0,0.0,0.0,1.0,0.0,1.0,0.0,0.0,0.0,0.0,0.0,0.0,0.0,0.0,0.497622,0.404126,0.312596,0.410279,0.296114,0.218115,0.36074,0.261574,0.464771,0.24665,0.387557,0.367847,0.270174,0.238339,0.346603,0.427688,0.268757,0.21121
sub-0300507_ses-6_run-1_task-rest_bold_cleaned,300507,Awake,12.0,9.4,2500.0,0.04515023142,0.07874654252,0.0,0.0,0.0,0.0,0.0,0.0,0.0,0.0,1.0,0.0,1.0,0.0,0.0,0.0,0.0,0.0,0.0,0.0,0.0,0.495107,0.469422,0.270094,0.471023,0.33713,0.245828,0.479167,0.261147,0.285161,0.313989,0.406733,0.505711,0.283198,0.240583,0.414802,0.5112,0.37903,0.265304
sub-0300507_ses-6_run-2_task-rest_bold_cleaned,300507,Awake,12.0,9.4,2500.0,0.04515023142,0.07874654252,0.0,0.0,0.0,0.0,0.0,0.0,0.0,0.0,1.0,0.0,1.0,0.0,0.0,0.0,0.0,0.0,0.0,0.0,0.0,0.496668,0.455919,0.210703,0.539463,0.288064,0.267124,0.540246,0.282605,0.341043,0.282102,0.38263,0.423805,0.29761,0.236851,0.403527,0.458023,0.399696,0.32305
sub-0300507_ses-6_run-3_task-rest_bold_cleaned,300507,Awake,12.0,9.4,2500.0,0.04515023142,0.07874654252,0.0,0.0,0.0,0.0,0.0,0.0,0.0,0.0,1.0,0.0,1.0,0.0,0.0,0.0,0.0,0.0,0.0,0.0,0.0,0.485124,0.569754,0.3713,0.68118,0.336155,0.289949,0.387824,0.274591,0.470151,0.315617,0.411313,0.435114,0.288844,0.304739,0.502076,0.39598,0.360374,0.33259
sub-0300507_ses-6_run-4_task-rest_bold_cleaned,300507,Awake,12.0,9.4,2500.0,0.04515023142,0.07874654252,0.0,0.0,0.0,0.0,0.0,0.0,0.0,0.0,1.0,0.0,1.0,0.0,0.0,0.0,0.0,0.0,0.0,0.0,0.0,0.39414,0.41694,0.19267,0.499338,0.297928,0.266491,0.439394,0.264091,0.364448,0.28666,0.393431,0.403256,0.246144,0.264755,0.419272,0.314953,0.315572,0.291209
sub-0300507_ses-7_run-1_task-rest_bold_cleaned,300507,Awake,12.0,9.4,2500.0,0.03830555787,0.06513047127,0.0,0.0,0.0,0.0,0.0,0.0,0.0,0.0,1.0,0.0,1.0,0.0,0.0,0.0,0.0,0.0,0.0,0.0,0.0,0.395187,0.363173,0.240304,0.453158,0.267865,0.294182,0.418304,0.283519,0.324373,0.264002,0.369433,0.384638,0.2379,0.260739,0.421947,0.432523,0.271718,0.234617
sub-0300507_ses-7_run-2_task-rest_bold_cleaned,300507,Awake,12.0,9.4,2500.0,0.03830555787,0.06513047127,0.0,0.0,0.0,0.0,0.0,0.0,0.0,0.0,1.0,0.0,1.0,0.0,0.0,0.0,0.0,0.0,0.0,0.0,0.0,0.405437,0.421858,0.29269,0.445322,0.312211,0.233186,0.428398,0.238178,0.406437,0.34373,0.352278,0.370892,0.25946,0.310697,0.455278,0.259401,0.321289,0.240587
sub-0300507_ses-7_run-3_task-rest_bold_cleaned,300507,Awake,12.0,9.4,2500.0,0.03830555787,0.06513047127,0.0,0.0,0.0,0.0,0.0,0.0,0.0,0.0,1.0,0.0,1.0,0.0,0.0,0.0,0.0,0.0,0.0,0.0,0.0,0.329962,0.459133,0.263791,0.505604,0.217058,0.236468,0.481019,0.269488,0.374168,0.267919,0.356613,0.342485,0.242327,0.207617,0.300005,0.331766,0.311466,0.291083
sub-0300507_ses-7_run-4_task-rest_bold_cleaned,300507,Awake,12.0,9.4,2500.0,0.03830555787,0.06513047127,0.0,0.0,0.0,0.0,0.0,0.0,0.0,0.0,1.0,0.0,1.0,0.0,0.0,0.0,0.0,0.0,0.0,0.0,0.0,0.392646,0.408346,0.243148,0.510246,0.300375,0.27665,0.541406,0.24538,0.380015,0.254602,0.400522,0.356154,0.3098,0.246441,0.378827,0.311026,0.256709,0.311687
sub-0300508_ses-1_run-1_task-rest_bold_cleaned,300508,Awake,12.0,9.4,2500.0,0.06294039554,0.102653415,0.0,0.0,0.0,0.0,0.0,0.0,0.0,0.0,1.0,0.0,1.0,0.0,0.0,0.0,0.0,0.0,0.0,0.0,0.0,0.844477,0.72646,0.468056,0.69353,0.440982,0.590751,0.494877,0.452717,0.641716,0.4283,0.629204,0.757313,0.38061,0.382533,0.57982,0.49726,0.366606,0.754833
sub-0300508_ses-1_run-2_task-rest_bold_cleaned,300508,Awake,12.0,9.4,2500.0,0.06294039554,0.102653415,0.0,0.0,0.0,0.0,0.0,0.0,0.0,0.0,1.0,0.0,1.0,0.0,0.0,0.0,0.0,0.0,0.0,0.0,0.0,0.796582,0.676654,0.405442,0.681565,0.384384,0.476871,0.616319,0.338513,0.491416,0.252228,0.660528,0.532529,0.363811,0.262634,0.507116,0.507358,0.335853,0.372907
sub-0300508_ses-1_run-3_task-rest_bold_cleaned,300508,Awake,12.0,9.4,2500.0,0.06294039554,0.102653415,0.0,0.0,0.0,0.0,0.0,0.0,0.0,0.0,1.0,0.0,1.0,0.0,0.0,0.0,0.0,0.0,0.0,0.0,0.0,0.80901,0.758177,0.377095,0.567404,0.361914,0.405666,0.69853,0.375461,0.818215,0.406939,0.670897,0.519564,0.404261,0.333904,0.665355,0.563332,0.438554,0.471668
sub-0300508_ses-1_run-4_task-rest_bold_cleaned,300508,Awake,12.0,9.4,2500.0,0.06294039554,0.102653415,0.0,0.0,0.0,0.0,0.0,0.0,0.0,0.0,1.0,0.0,1.0,0.0,0.0,0.0,0.0,0.0,0.0,0.0,0.0,0.897372,0.830147,0.366718,0.90785,0.41824,0.629482,0.679955,0.336141,0.860073,0.385551,0.784952,0.545037,0.446418,0.4189,0.617262,0.806014,0.49515,0.498067
sub-0300508_ses-2_run-1_task-rest_bold_cleaned,300508,Awake,12.0,9.4,2500.0,0.03704468226,0.06913621419,0.0,0.0,0.0,0.0,0.0,0.0,0.0,0.0,1.0,0.0,1.0,0.0,0.0,0.0,0.0,0.0,0.0,0.0,0.0,0.448603,0.353952,0.322017,0.567134,0.290895,0.289357,0.376665,0.297339,0.409772,0.423265,0.383967,0.304386,0.301801,0.226205,0.368948,0.273457,0.413879,0.235312
sub-0300508_ses-2_run-2_task-rest_bold_cleaned,300508,Awake,12.0,9.4,2500.0,0.03704468226,0.06913621419,0.0,0.0,0.0,0.0,0.0,0.0,0.0,0.0,1.0,0.0,1.0,0.0,0.0,0.0,0.0,0.0,0.0,0.0,0.0,0.474338,0.585418,0.290362,0.537105,0.342544,0.290582,0.404427,0.280807,0.382208,0.373962,0.49172,0.335691,0.260432,0.225826,0.37657,0.341784,0.434986,0.469299
sub-0300508_ses-2_run-3_task-rest_bold_cleaned,300508,Awake,12.0,9.4,2500.0,0.03704468226,0.06913621419,0.0,0.0,0.0,0.0,0.0,0.0,0.0,0.0,1.0,0.0,1.0,0.0,0.0,0.0,0.0,0.0,0.0,0.0,0.0,0.616109,0.570879,0.294244,0.517578,0.321958,0.362263,0.560897,0.30829,0.518952,0.374919,0.485861,0.497394,0.256158,0.237966,0.582587,0.424667,0.358266,0.474741
sub-0300508_ses-2_run-4_task-rest_bold_cleaned,300508,Awake,12.0,9.4,2500.0,0.03704468226,0.06913621419,0.0,0.0,0.0,0.0,0.0,0.0,0.0,0.0,1.0,0.0,1.0,0.0,0.0,0.0,0.0,0.0,0.0,0.0,0.0,0.608728,0.439893,0.360217,0.56479,0.323832,0.300414,0.551321,0.342384,0.447364,0.324505,0.738096,0.441945,0.360006,0.308373,0.481898,0.486337,0.459461,0.52804
sub-0300508_ses-3_run-1_task-rest_bold_cleaned,300508,Awake,12.0,9.4,2500.0,0.0356503981,0.06021137513,0.0,0.0,0.0,0.0,0.0,0.0,0.0,0.0,1.0,0.0,1.0,0.0,0.0,0.0,0.0,0.0,0.0,0.0,0.0,0.574323,0.511554,0.365553,0.562533,0.346202,0.266579,0.384266,0.326707,0.381422,0.302877,0.492718,0.42667,0.310455,0.257886,0.547354,0.430992,0.270051,0.343725
sub-0300508_ses-3_run-2_task-rest_bold_cleaned,300508,Awake,12.0,9.4,2500.0,0.0356503981,0.06021137513,0.0,0.0,0.0,0.0,0.0,0.0,0.0,0.0,1.0,0.0,1.0,0.0,0.0,0.0,0.0,0.0,0.0,0.0,0.0,0.682188,0.50051,0.335662,0.603806,0.402471,0.262835,0.517279,0.325894,0.485433,0.308944,0.490658,0.431026,0.34965,0.341582,0.552031,0.443648,0.38575,0.353307
sub-0300508_ses-3_run-3_task-rest_bold_cleaned,300508,Awake,12.0,9.4,2500.0,0.0356503981,0.06021137513,0.0,0.0,0.0,0.0,0.0,0.0,0.0,0.0,1.0,0.0,1.0,0.0,0.0,0.0,0.0,0.0,0.0,0.0,0.0,0.815967,0.632375,0.310927,0.663792,0.329839,0.373386,0.603912,0.351807,0.783014,0.387388,0.408016,0.592968,0.367385,0.286407,0.428539,0.595549,0.453629,0.441729
sub-0300508_ses-3_run-4_task-rest_bold_cleaned,300508,Awake,12.0,9.4,2500.0,0.0356503981,0.06021137513,0.0,0.0,0.0,0.0,0.0,0.0,0.0,0.0,1.0,0.0,1.0,0.0,0.0,0.0,0.0,0.0,0.0,0.0,0.0,0.717109,0.590488,0.341941,0.789588,0.475268,0.486085,0.575599,0.339313,0.67761,0.409226,0.487205,0.524049,0.338529,0.304682,0.643842,0.502874,0.380079,0.506492
sub-0300508_ses-4_run-1_task-rest_bold_cleaned,300508,Awake,12.0,9.4,2500.0,0.03481997951,0.05818430963,0.0,0.0,0.0,0.0,0.0,0.0,0.0,0.0,1.0,0.0,1.0,0.0,0.0,0.0,0.0,0.0,0.0,0.0,0.0,0.632182,0.408813,0.265264,0.537335,0.330247,0.30901,0.50745,0.298156,0.47679,0.233936,0.377948,0.466325,0.290875,0.229018,0.43975,0.398014,0.4067,0.381729
sub-0300508_ses-4_run-2_task-rest_bold_cleaned,300508,Awake,12.0,9.4,2500.0,0.03481997951,0.05818430963,0.0,0.0,0.0,0.0,0.0,0.0,0.0,0.0,1.0,0.0,1.0,0.0,0.0,0.0,0.0,0.0,0.0,0.0,0.0,0.704166,0.526136,0.33344,0.473462,0.353026,0.304023,0.425717,0.30922,0.64371,0.246138,0.41184,0.415729,0.293647,0.282061,0.489776,0.608605,0.393129,0.524243
sub-0300508_ses-4_run-4_task-rest_bold_cleaned,300508,Awake,12.0,9.4,2500.0,0.03481997951,0.05818430963,0.0,0.0,0.0,0.0,0.0,0.0,0.0,0.0,1.0,0.0,1.0,0.0,0.0,0.0,0.0,0.0,0.0,0.0,0.0,0.747293,0.93203,0.337443,0.577254,0.469986,0.348258,0.578696,0.35573,0.719429,0.394684,0.475551,0.542663,0.324448,0.370399,0.5223,0.591066,0.450558,0.610202
sub-0300508_ses-5_run-1_task-rest_bold_cleaned,300508,Awake,12.0,9.4,2500.0,0.05394324294,0.09057053231,0.0,0.0,0.0,0.0,0.0,0.0,0.0,0.0,1.0,0.0,1.0,0.0,0.0,0.0,0.0,0.0,0.0,0.0,0.0,0.627868,0.495562,0.289031,0.381761,0.319601,0.190376,0.463987,0.253119,0.382736,0.2671,0.368209,0.376869,0.290344,0.234852,0.437722,0.316893,0.364362,0.29511
sub-0300508_ses-5_run-2_task-rest_bold_cleaned,300508,Awake,12.0,9.4,2500.0,0.05394324294,0.09057053231,0.0,0.0,0.0,0.0,0.0,0.0,0.0,0.0,1.0,0.0,1.0,0.0,0.0,0.0,0.0,0.0,0.0,0.0,0.0,0.54129,0.504782,0.297539,0.54117,0.34485,0.366471,0.496092,0.257988,0.416389,0.275598,0.3829,0.404711,0.308973,0.237561,0.352484,0.374087,0.429223,0.425313
sub-0300508_ses-5_run-3_task-rest_bold_cleaned,300508,Awake,12.0,9.4,2500.0,0.05394324294,0.09057053231,0.0,0.0,0.0,0.0,0.0,0.0,0.0,0.0,1.0,0.0,1.0,0.0,0.0,0.0,0.0,0.0,0.0,0.0,0.0,0.685603,0.592643,0.319883,0.569227,0.337513,0.339131,0.482996,0.30921,0.448837,0.289967,0.351438,0.405445,0.307418,0.291374,0.405656,0.424261,0.365555,0.533917
sub-0300508_ses-5_run-4_task-rest_bold_cleaned,300508,Awake,12.0,9.4,2500.0,0.05394324294,0.09057053231,0.0,0.0,0.0,0.0,0.0,0.0,0.0,0.0,1.0,0.0,1.0,0.0,0.0,0.0,0.0,0.0,0.0,0.0,0.0,0.720629,0.88203,0.345507,0.634468,0.492023,0.432394,0.613842,0.39557,0.640172,0.221702,0.493082,0.614439,0.364598,0.371345,0.461359,0.408044,0.368414,0.515377
sub-0300508_ses-6_run-1_task-rest_bold_cleaned,300508,Awake,12.0,9.4,2500.0,0.03728984535,0.06595662956,0.0,0.0,0.0,0.0,0.0,0.0,0.0,0.0,1.0,0.0,1.0,0.0,0.0,0.0,0.0,0.0,0.0,0.0,0.0,0.424681,0.304806,0.299674,0.394014,0.25896,0.258937,0.271031,0.284129,0.273646,0.269495,0.38992,0.400987,0.252354,0.24318,0.392059,0.421468,0.273094,0.216336
sub-0300508_ses-6_run-2_task-rest_bold_cleaned,300508,Awake,12.0,9.4,2500.0,0.03728984535,0.06595662956,0.0,0.0,0.0,0.0,0.0,0.0,0.0,0.0,1.0,0.0,1.0,0.0,0.0,0.0,0.0,0.0,0.0,0.0,0.0,0.633847,0.490058,0.339069,0.598286,0.322207,0.359801,0.578319,0.442357,0.486942,0.324611,0.580288,0.605049,0.311184,0.366314,0.463367,0.463163,0.405975,0.516087
sub-0300508_ses-6_run-3_task-rest_bold_cleaned,300508,Awake,12.0,9.4,2500.0,0.03728984535,0.06595662956,0.0,0.0,0.0,0.0,0.0,0.0,0.0,0.0,1.0,0.0,1.0,0.0,0.0,0.0,0.0,0.0,0.0,0.0,0.0,0.501623,0.382446,0.264423,0.43919,0.270634,0.249391,0.330239,0.284976,0.362278,0.299568,0.392247,0.34736,0.263937,0.259836,0.322143,0.476246,0.334389,0.334456
sub-0300508_ses-6_run-4_task-rest_bold_cleaned,300508,Awake,12.0,9.4,2500.0,0.03728984535,0.06595662956,0.0,0.0,0.0,0.0,0.0,0.0,0.0,0.0,1.0,0.0,1.0,0.0,0.0,0.0,0.0,0.0,0.0,0.0,0.0,0.561456,0.300554,0.266114,0.426679,0.265409,0.223956,0.416374,0.360935,0.396918,0.345218,0.361885,0.404639,0.269732,0.242094,0.463091,0.376507,0.300747,0.283757
sub-0300508_ses-7_run-1_task-rest_bold_cleaned,300508,Awake,12.0,9.4,2500.0,0.04312487925,0.07273366245,0.0,0.0,0.0,0.0,0.0,0.0,0.0,0.0,1.0,0.0,1.0,0.0,0.0,0.0,0.0,0.0,0.0,0.0,0.0,0.475521,0.411562,0.275193,0.688267,0.325137,0.367941,0.426326,0.252866,0.317152,0.373065,0.414684,0.394758,0.290328,0.244364,0.303648,0.337685,0.388688,0.284167
sub-0300508_ses-7_run-2_task-rest_bold_cleaned,300508,Awake,12.0,9.4,2500.0,0.04312487925,0.07273366245,0.0,0.0,0.0,0.0,0.0,0.0,0.0,0.0,1.0,0.0,1.0,0.0,0.0,0.0,0.0,0.0,0.0,0.0,0.0,0.608862,0.564956,0.286885,0.616056,0.365757,0.362327,0.453593,0.388068,0.553704,0.393061,0.638035,0.523089,0.365221,0.322653,0.542094,0.428391,0.441912,0.487719
sub-0300508_ses-7_run-3_task-rest_bold_cleaned,300508,Awake,12.0,9.4,2500.0,0.04312487925,0.07273366245,0.0,0.0,0.0,0.0,0.0,0.0,0.0,0.0,1.0,0.0,1.0,0.0,0.0,0.0,0.0,0.0,0.0,0.0,0.0,0.571152,0.479725,0.240832,0.674089,0.347275,0.35284,0.421149,0.356324,0.40751,0.351127,0.406535,0.555346,0.285112,0.309334,0.428523,0.471117,0.370896,0.255933
sub-0300508_ses-7_run-4_task-rest_bold_cleaned,300508,Awake,12.0,9.4,2500.0,0.04312487925,0.07273366245,0.0,0.0,0.0,0.0,0.0,0.0,0.0,0.0,1.0,0.0,1.0,0.0,0.0,0.0,0.0,0.0,0.0,0.0,0.0,0.829241,0.503751,0.292507,0.673352,0.406054,0.324662,0.387305,0.378913,0.728084,0.409649,0.478096,0.541728,0.418838,0.385148,0.503629,0.556886,0.417439,0.478654
sub-0300509_ses-1_run-1_task-rest_bold_cleaned,300509,Awake,12.0,9.4,2500.0,0.05478669613,0.09699039399,0.0,0.0,0.0,0.0,0.0,0.0,0.0,0.0,1.0,0.0,1.0,0.0,0.0,0.0,0.0,0.0,0.0,0.0,0.0,0.61711,0.508055,0.367894,0.704183,0.331593,0.350013,0.597719,0.299942,0.532867,0.491769,0.572192,0.398536,0.293232,0.24482,0.46483,0.485055,0.387456,0.404097
sub-0300509_ses-1_run-2_task-rest_bold_cleaned,300509,Awake,12.0,9.4,2500.0,0.05478669613,0.09699039399,0.0,0.0,0.0,0.0,0.0,0.0,0.0,0.0,1.0,0.0,1.0,0.0,0.0,0.0,0.0,0.0,0.0,0.0,0.0,0.686113,0.543113,0.307024,0.750148,0.424791,0.452317,0.820271,0.395126,0.687501,0.413381,0.766425,0.563777,0.343107,0.332403,0.490746,0.491163,0.643736,0.476378
sub-0300509_ses-1_run-3_task-rest_bold_cleaned,300509,Awake,12.0,9.4,2500.0,0.05478669613,0.09699039399,0.0,0.0,0.0,0.0,0.0,0.0,0.0,0.0,1.0,0.0,1.0,0.0,0.0,0.0,0.0,0.0,0.0,0.0,0.0,0.420854,0.508297,0.30584,0.820409,0.37031,0.404226,0.681219,0.371317,0.48596,0.41898,0.548442,0.455472,0.336579,0.225593,0.334301,0.378403,0.461955,0.395045
sub-0300509_ses-2_run-1_task-rest_bold_cleaned,300509,Awake,12.0,9.4,2500.0,0.03829399236,0.0686018299,0.0,0.0,0.0,0.0,0.0,0.0,0.0,0.0,1.0,0.0,1.0,0.0,0.0,0.0,0.0,0.0,0.0,0.0,0.0,0.540223,0.351386,0.241884,0.42215,0.308694,0.232252,0.374726,0.226266,0.417905,0.312359,0.344852,0.269493,0.229548,0.223852,0.362557,0.310062,0.291376,0.175713
sub-0300509_ses-2_run-2_task-rest_bold_cleaned,300509,Awake,12.0,9.4,2500.0,0.03829399236,0.0686018299,0.0,0.0,0.0,0.0,0.0,0.0,0.0,0.0,1.0,0.0,1.0,0.0,0.0,0.0,0.0,0.0,0.0,0.0,0.0,0.472612,0.471048,0.3211,0.459841,0.32335,0.326401,0.423284,0.267668,0.582431,0.320454,0.39184,0.356542,0.212154,0.26279,0.413025,0.376063,0.355224,0.334269
sub-0300509_ses-2_run-3_task-rest_bold_cleaned,300509,Awake,12.0,9.4,2500.0,0.03829399236,0.0686018299,0.0,0.0,0.0,0.0,0.0,0.0,0.0,0.0,1.0,0.0,1.0,0.0,0.0,0.0,0.0,0.0,0.0,0.0,0.0,0.39234,0.319586,0.247206,0.443936,0.290198,0.269254,0.378832,0.250916,0.359921,0.328431,0.340572,0.269933,0.224004,0.218428,0.379533,0.350165,0.30214,0.25879
sub-0300509_ses-2_run-4_task-rest_bold_cleaned,300509,Awake,12.0,9.4,2500.0,0.03829399236,0.0686018299,0.0,0.0,0.0,0.0,0.0,0.0,0.0,0.0,1.0,0.0,1.0,0.0,0.0,0.0,0.0,0.0,0.0,0.0,0.0,0.498193,0.333181,0.23335,0.519815,0.269452,0.191087,0.405824,0.254064,0.365156,0.408046,0.308456,0.303494,0.202151,0.249541,0.347534,0.500974,0.442435,0.230156
sub-0300509_ses-3_run-1_task-rest_bold_cleaned,300509,Awake,12.0,9.4,2500.0,0.033096222,0.0578463345,0.0,0.0,0.0,0.0,0.0,0.0,0.0,0.0,1.0,0.0,1.0,0.0,0.0,0.0,0.0,0.0,0.0,0.0,0.0,0.689487,0.341212,0.229998,0.311622,0.196016,0.219567,0.515657,0.308463,0.32555,0.206076,0.293667,0.297456,0.227077,0.188511,0.392196,0.393688,0.309208,0.288378
sub-0300509_ses-3_run-3_task-rest_bold_cleaned,300509,Awake,12.0,9.4,2500.0,0.033096222,0.0578463345,0.0,0.0,0.0,0.0,0.0,0.0,0.0,0.0,1.0,0.0,1.0,0.0,0.0,0.0,0.0,0.0,0.0,0.0,0.0,0.537847,0.219776,0.242645,0.24433,0.249864,0.161759,0.245661,0.224143,0.26,0.167635,0.278812,0.241117,0.202199,0.160071,0.394725,0.52353,0.260263,0.244715
sub-0300509_ses-3_run-4_task-rest_bold_cleaned,300509,Awake,12.0,9.4,2500.0,0.033096222,0.0578463345,0.0,0.0,0.0,0.0,0.0,0.0,0.0,0.0,1.0,0.0,1.0,0.0,0.0,0.0,0.0,0.0,0.0,0.0,0.0,0.440134,0.254505,0.183043,0.30895,0.238416,0.200923,0.354198,0.232138,0.3034,0.212718,0.306784,0.29502,0.237372,0.237438,0.300802,0.439519,0.288892,0.233875
sub-0300509_ses-4_run-1_task-rest_bold_cleaned,300509,Awake,12.0,9.4,2500.0,0.04990285509,0.07599731766,0.0,0.0,0.0,0.0,0.0,0.0,0.0,0.0,1.0,0.0,1.0,0.0,0.0,0.0,0.0,0.0,0.0,0.0,0.0,0.701477,0.495396,0.288047,0.447813,0.352837,0.214611,0.408554,0.209264,0.591228,0.1968,0.384602,0.431895,0.245185,0.270737,0.710847,0.379355,0.297733,0.430507
sub-0300509_ses-4_run-2_task-rest_bold_cleaned,300509,Awake,12.0,9.4,2500.0,0.04990285509,0.07599731766,0.0,0.0,0.0,0.0,0.0,0.0,0.0,0.0,1.0,0.0,1.0,0.0,0.0,0.0,0.0,0.0,0.0,0.0,0.0,0.749702,0.380662,0.23273,0.629999,0.273247,0.315543,0.453885,0.338036,0.472144,0.261592,0.36838,0.494906,0.207717,0.321918,0.476674,0.439513,0.380635,0.473421
sub-0300509_ses-4_run-3_task-rest_bold_cleaned,300509,Awake,12.0,9.4,2500.0,0.04990285509,0.07599731766,0.0,0.0,0.0,0.0,0.0,0.0,0.0,0.0,1.0,0.0,1.0,0.0,0.0,0.0,0.0,0.0,0.0,0.0,0.0,0.831061,0.387715,0.326326,0.53519,0.414469,0.308253,0.557607,0.418801,0.495743,0.276553,0.47871,0.698773,0.319739,0.405256,0.568534,0.398175,0.363359,0.541005
sub-0300509_ses-5_run-1_task-rest_bold_cleaned,300509,Awake,12.0,9.4,2500.0,0.06165677138,0.09201331584,0.0,0.0,0.0,0.0,0.0,0.0,0.0,0.0,1.0,0.0,1.0,0.0,0.0,0.0,0.0,0.0,0.0,0.0,0.0,0.580312,0.475922,0.277512,0.610338,0.371498,0.281866,0.435587,0.277609,0.505258,0.377844,0.54937,0.414313,0.269264,0.342862,0.538235,0.355761,0.321385,0.451244
sub-0300509_ses-5_run-3_task-rest_bold_cleaned,300509,Awake,12.0,9.4,2500.0,0.06165677138,0.09201331584,0.0,0.0,0.0,0.0,0.0,0.0,0.0,0.0,1.0,0.0,1.0,0.0,0.0,0.0,0.0,0.0,0.0,0.0,0.0,0.631353,0.83104,0.389129,0.992142,0.504123,0.472291,0.573133,0.423436,0.90685,0.538885,0.693706,0.443968,0.345614,0.528434,0.589107,0.721729,0.642374,0.787403
sub-0300509_ses-6_run-1_task-rest_bold_cleaned,300509,Awake,12.0,9.4,2500.0,0.03458609405,0.06286056916,0.0,0.0,0.0,0.0,0.0,0.0,0.0,0.0,1.0,0.0,1.0,0.0,0.0,0.0,0.0,0.0,0.0,0.0,0.0,0.399865,0.364409,0.29095,0.317546,0.283235,0.27034,0.253366,0.243452,0.331933,0.197146,0.253448,0.266615,0.254726,0.196745,0.288926,0.37722,0.29721,0.20844
sub-0300509_ses-6_run-2_task-rest_bold_cleaned,300509,Awake,12.0,9.4,2500.0,0.03458609405,0.06286056916,0.0,0.0,0.0,0.0,0.0,0.0,0.0,0.0,1.0,0.0,1.0,0.0,0.0,0.0,0.0,0.0,0.0,0.0,0.0,0.418615,0.286803,0.25812,0.360421,0.213028,0.235207,0.329603,0.223356,0.318974,0.187389,0.255615,0.289141,0.233114,0.220558,0.275963,0.405032,0.273438,0.198784
sub-0300509_ses-6_run-3_task-rest_bold_cleaned,300509,Awake,12.0,9.4,2500.0,0.03458609405,0.06286056916,0.0,0.0,0.0,0.0,0.0,0.0,0.0,0.0,1.0,0.0,1.0,0.0,0.0,0.0,0.0,0.0,0.0,0.0,0.0,0.404082,0.303458,0.25322,0.45753,0.307807,0.239917,0.578013,0.266963,0.404267,0.298455,0.386289,0.377757,0.330429,0.25551,0.345365,0.507132,0.323272,0.299418
sub-0300509_ses-6_run-4_task-rest_bold_cleaned,300509,Awake,12.0,9.4,2500.0,0.03458609405,0.06286056916,0.0,0.0,0.0,0.0,0.0,0.0,0.0,0.0,1.0,0.0,1.0,0.0,0.0,0.0,0.0,0.0,0.0,0.0,0.0,0.552212,0.387403,0.264038,0.545336,0.302434,0.271826,0.415955,0.234257,0.497222,0.27348,0.392038,0.361369,0.269036,0.262565,0.440897,0.428523,0.356822,0.354264
sub-0300509_ses-7_run-1_task-rest_bold_cleaned,300509,Awake,12.0,9.4,2500.0,0.02895466865,0.05197818334,0.0,0.0,0.0,0.0,0.0,0.0,0.0,0.0,1.0,0.0,1.0,0.0,0.0,0.0,0.0,0.0,0.0,0.0,0.0,0.367058,0.375813,0.289275,0.724056,0.320728,0.357157,0.540287,0.182309,0.369246,0.276033,0.447901,0.298491,0.208443,0.258334,0.36361,0.417026,0.311967,0.267277
sub-0300509_ses-7_run-2_task-rest_bold_cleaned,300509,Awake,12.0,9.4,2500.0,0.02895466865,0.05197818334,0.0,0.0,0.0,0.0,0.0,0.0,0.0,0.0,1.0,0.0,1.0,0.0,0.0,0.0,0.0,0.0,0.0,0.0,0.0,0.99507,0.562388,0.37209,0.865302,0.35785,0.38963,0.694567,0.341223,0.546088,0.473906,0.453955,0.481193,0.323192,0.289822,0.469792,0.62996,0.444112,0.346209
sub-0300509_ses-7_run-3_task-rest_bold_cleaned,300509,Awake,12.0,9.4,2500.0,0.02895466865,0.05197818334,0.0,0.0,0.0,0.0,0.0,0.0,0.0,0.0,1.0,0.0,1.0,0.0,0.0,0.0,0.0,0.0,0.0,0.0,0.0,0.769354,0.660206,0.245446,0.806461,0.417525,0.404715,0.672663,0.291839,0.475854,0.504402,0.571472,0.386694,0.310888,0.296694,0.449167,0.406782,0.466029,0.307334
sub-0300509_ses-7_run-4_task-rest_bold_cleaned,300509,Awake,12.0,9.4,2500.0,0.02895466865,0.05197818334,0.0,0.0,0.0,0.0,0.0,0.0,0.0,0.0,1.0,0.0,1.0,0.0,0.0,0.0,0.0,0.0,0.0,0.0,0.0,0.599976,0.645877,0.305292,0.844899,0.359005,0.343765,0.830047,0.329032,0.571015,0.572525,0.568928,0.427257,0.352191,0.230048,0.414009,0.496487,0.585478,0.440105
sub-0300510_ses-1_run-1_task-rest_bold_cleaned,300510,Awake,12.0,9.4,2500.0,0.06564736208,0.110658244,0.0,0.0,0.0,0.0,0.0,0.0,0.0,0.0,1.0,0.0,1.0,0.0,0.0,0.0,0.0,0.0,0.0,0.0,0.0,0.636297,0.38374,0.275485,0.454588,0.377518,0.247257,0.641531,0.320491,0.420086,0.217292,0.460891,0.412132,0.286659,0.198566,0.446197,0.443847,0.343432,0.288335
sub-0300510_ses-1_run-2_task-rest_bold_cleaned,300510,Awake,12.0,9.4,2500.0,0.06564736208,0.110658244,0.0,0.0,0.0,0.0,0.0,0.0,0.0,0.0,1.0,0.0,1.0,0.0,0.0,0.0,0.0,0.0,0.0,0.0,0.0,0.402552,0.329316,0.192392,0.426561,0.21962,0.199681,0.40521,0.258806,0.239392,0.239518,0.280022,0.321864,0.207108,0.13935,0.247776,0.339193,0.303986,0.155227
sub-0300510_ses-1_run-3_task-rest_bold_cleaned,300510,Awake,12.0,9.4,2500.0,0.06564736208,0.110658244,0.0,0.0,0.0,0.0,0.0,0.0,0.0,0.0,1.0,0.0,1.0,0.0,0.0,0.0,0.0,0.0,0.0,0.0,0.0,0.657444,0.329841,0.267944,0.618389,0.296122,0.211806,0.726112,0.395745,0.388068,0.306692,0.371409,0.514191,0.381666,0.132509,0.348474,0.334443,0.40799,0.180099
sub-0300510_ses-1_run-4_task-rest_bold_cleaned,300510,Awake,12.0,9.4,2500.0,0.06564736208,0.110658244,0.0,0.0,0.0,0.0,0.0,0.0,0.0,0.0,1.0,0.0,1.0,0.0,0.0,0.0,0.0,0.0,0.0,0.0,0.0,0.478252,0.31482,0.198614,0.539604,0.191067,0.231224,0.392479,0.289264,0.271517,0.277321,0.27155,0.401946,0.20987,0.194231,0.263733,0.464199,0.315775,0.246058
sub-0300510_ses-2_run-1_task-rest_bold_cleaned,300510,Awake,12.0,9.4,2500.0,0.02976022846,0.0545723581,0.0,0.0,0.0,0.0,0.0,0.0,0.0,0.0,1.0,0.0,1.0,0.0,0.0,0.0,0.0,0.0,0.0,0.0,0.0,0.305256,0.303826,0.171823,0.397464,0.239655,0.175115,0.408422,0.23338,0.227541,0.288802,0.278848,0.312861,0.191336,0.196329,0.299329,0.336533,0.278296,0.186533
sub-0300510_ses-2_run-2_task-rest_bold_cleaned,300510,Awake,12.0,9.4,2500.0,0.02976022846,0.0545723581,0.0,0.0,0.0,0.0,0.0,0.0,0.0,0.0,1.0,0.0,1.0,0.0,0.0,0.0,0.0,0.0,0.0,0.0,0.0,0.357313,0.311366,0.236535,0.400823,0.253682,0.201716,0.380406,0.241357,0.331291,0.272376,0.344169,0.382696,0.26842,0.189652,0.328617,0.231167,0.3243,0.218156
sub-0300510_ses-2_run-3_task-rest_bold_cleaned,300510,Awake,12.0,9.4,2500.0,0.02976022846,0.0545723581,0.0,0.0,0.0,0.0,0.0,0.0,0.0,0.0,1.0,0.0,1.0,0.0,0.0,0.0,0.0,0.0,0.0,0.0,0.0,0.434183,0.385523,0.228832,0.475884,0.233145,0.213996,0.488656,0.276089,0.291363,0.326522,0.362901,0.370411,0.191874,0.244499,0.300021,0.262706,0.291745,0.215763
sub-0300510_ses-2_run-4_task-rest_bold_cleaned,300510,Awake,12.0,9.4,2500.0,0.02976022846,0.0545723581,0.0,0.0,0.0,0.0,0.0,0.0,0.0,0.0,1.0,0.0,1.0,0.0,0.0,0.0,0.0,0.0,0.0,0.0,0.0,0.370511,0.376282,0.207741,0.572338,0.332672,0.266786,0.456968,0.323851,0.323135,0.394538,0.404197,0.399467,0.280883,0.194514,0.295047,0.250126,0.295048,0.210385
sub-0300510_ses-3_run-1_task-rest_bold_cleaned,300510,Awake,12.0,9.4,2500.0,0.0243017304,0.03969247962,0.0,0.0,0.0,0.0,0.0,0.0,0.0,0.0,1.0,0.0,1.0,0.0,0.0,0.0,0.0,0.0,0.0,0.0,0.0,0.313352,0.187497,0.197373,0.327708,0.196069,0.167012,0.218236,0.17985,0.226265,0.202058,0.297962,0.278242,0.171409,0.166215,0.239561,0.245857,0.215794,0.199637
sub-0300510_ses-3_run-2_task-rest_bold_cleaned,300510,Awake,12.0,9.4,2500.0,0.0243017304,0.03969247962,0.0,0.0,0.0,0.0,0.0,0.0,0.0,0.0,1.0,0.0,1.0,0.0,0.0,0.0,0.0,0.0,0.0,0.0,0.0,0.265887,0.204745,0.171094,0.27994,0.197936,0.146472,0.297434,0.161566,0.216899,0.167648,0.22237,0.265685,0.190883,0.182271,0.271737,0.224146,0.26266,0.167877
sub-0300510_ses-3_run-3_task-rest_bold_cleaned,300510,Awake,12.0,9.4,2500.0,0.0243017304,0.03969247962,0.0,0.0,0.0,0.0,0.0,0.0,0.0,0.0,1.0,0.0,1.0,0.0,0.0,0.0,0.0,0.0,0.0,0.0,0.0,0.251506,0.207304,0.170843,0.220549,0.21658,0.1837,0.305694,0.191812,0.243658,0.135252,0.226023,0.230967,0.20137,0.151496,0.276951,0.245121,0.19204,0.185271
sub-0300510_ses-3_run-4_task-rest_bold_cleaned,300510,Awake,12.0,9.4,2500.0,0.0243017304,0.03969247962,0.0,0.0,0.0,0.0,0.0,0.0,0.0,0.0,1.0,0.0,1.0,0.0,0.0,0.0,0.0,0.0,0.0,0.0,0.0,0.805836,0.331718,0.365331,0.488545,0.333115,0.251571,0.441484,0.322532,0.403636,0.240048,0.328221,0.453949,0.274953,0.234202,0.380858,0.400757,0.306928,0.432662
sub-0300510_ses-4_run-1_task-rest_bold_cleaned,300510,Awake,12.0,9.4,2500.0,0.05412879867,0.09229813302,0.0,0.0,0.0,0.0,0.0,0.0,0.0,0.0,1.0,0.0,1.0,0.0,0.0,0.0,0.0,0.0,0.0,0.0,0.0,0.571682,0.378563,0.263244,0.447618,0.292242,0.293716,0.553372,0.269183,0.505153,0.363431,0.440482,0.314273,0.282153,0.241818,0.412513,0.53825,0.295025,0.416669
sub-0300510_ses-4_run-2_task-rest_bold_cleaned,300510,Awake,12.0,9.4,2500.0,0.05412879867,0.09229813302,0.0,0.0,0.0,0.0,0.0,0.0,0.0,0.0,1.0,0.0,1.0,0.0,0.0,0.0,0.0,0.0,0.0,0.0,0.0,0.650352,0.367848,0.23197,0.496905,0.278004,0.255707,0.557357,0.350232,0.464763,0.318456,0.544253,0.378513,0.264186,0.238017,0.381058,0.5261,0.380502,0.435594
sub-0300510_ses-4_run-3_task-rest_bold_cleaned,300510,Awake,12.0,9.4,2500.0,0.05412879867,0.09229813302,0.0,0.0,0.0,0.0,0.0,0.0,0.0,0.0,1.0,0.0,1.0,0.0,0.0,0.0,0.0,0.0,0.0,0.0,0.0,0.671243,0.468592,0.37407,0.665179,0.379206,0.407177,0.751573,0.387348,0.533184,0.458304,0.502145,0.486805,0.322016,0.290181,0.488871,0.515077,0.460258,0.489081
sub-0300510_ses-4_run-4_task-rest_bold_cleaned,300510,Awake,12.0,9.4,2500.0,0.05412879867,0.09229813302,0.0,0.0,0.0,0.0,0.0,0.0,0.0,0.0,1.0,0.0,1.0,0.0,0.0,0.0,0.0,0.0,0.0,0.0,0.0,0.926623,0.613832,0.359545,0.930507,0.423605,0.360379,0.892457,0.408208,0.901671,0.481372,0.824311,0.429471,0.366382,0.373436,0.673658,0.677841,0.592345,0.754108
sub-0300510_ses-5_run-1_task-rest_bold_cleaned,300510,Awake,12.0,9.4,2500.0,0.06616675116,0.1077789979,0.0,0.0,0.0,0.0,0.0,0.0,0.0,0.0,1.0,0.0,1.0,0.0,0.0,0.0,0.0,0.0,0.0,0.0,0.0,0.631927,0.345148,0.230053,0.437604,0.315447,0.268905,0.477918,0.244588,0.460815,0.282159,0.390746,0.463706,0.261678,0.285542,0.453634,0.42118,0.346306,0.360171
sub-0300510_ses-5_run-2_task-rest_bold_cleaned,300510,Awake,12.0,9.4,2500.0,0.06616675116,0.1077789979,0.0,0.0,0.0,0.0,0.0,0.0,0.0,0.0,1.0,0.0,1.0,0.0,0.0,0.0,0.0,0.0,0.0,0.0,0.0,0.366048,0.286151,0.279394,0.423535,0.247028,0.215113,0.379337,0.244108,0.323665,0.253533,0.40806,0.245503,0.206329,0.178179,0.291487,0.314355,0.314733,0.289781
sub-0300510_ses-5_run-3_task-rest_bold_cleaned,300510,Awake,12.0,9.4,2500.0,0.06616675116,0.1077789979,0.0,0.0,0.0,0.0,0.0,0.0,0.0,0.0,1.0,0.0,1.0,0.0,0.0,0.0,0.0,0.0,0.0,0.0,0.0,0.636912,0.2935,0.23705,0.458198,0.325754,0.257721,0.47906,0.235358,0.412905,0.328759,0.428301,0.384756,0.249326,0.162717,0.347236,0.35306,0.290708,0.26484
sub-0300510_ses-5_run-4_task-rest_bold_cleaned,300510,Awake,12.0,9.4,2500.0,0.06616675116,0.1077789979,0.0,0.0,0.0,0.0,0.0,0.0,0.0,0.0,1.0,0.0,1.0,0.0,0.0,0.0,0.0,0.0,0.0,0.0,0.0,0.557688,0.356864,0.31627,0.454022,0.299557,0.366194,0.472929,0.263422,0.369027,0.302257,0.425831,0.333959,0.259906,0.188277,0.321756,0.379525,0.324675,0.263685
sub-0300511_ses-1_run-1_task-rest_bold_cleaned,300511,Awake,12.0,9.4,2500.0,0.04515315814,0.07644041919,0.0,0.0,0.0,0.0,0.0,0.0,0.0,0.0,1.0,0.0,1.0,0.0,0.0,0.0,0.0,0.0,0.0,0.0,0.0,0.446125,0.358178,0.197384,0.375076,0.253446,0.236295,0.421941,0.224174,0.370214,0.237365,0.415151,0.255689,0.271655,0.244372,0.377741,0.495137,0.43476,0.232612
sub-0300511_ses-1_run-2_task-rest_bold_cleaned,300511,Awake,12.0,9.4,2500.0,0.04515315814,0.07644041919,0.0,0.0,0.0,0.0,0.0,0.0,0.0,0.0,1.0,0.0,1.0,0.0,0.0,0.0,0.0,0.0,0.0,0.0,0.0,0.613625,0.377278,0.245207,0.45461,0.243313,0.20253,0.475479,0.222144,0.330432,0.272736,0.484354,0.295037,0.236832,0.209236,0.316427,0.411754,0.298952,0.258495
sub-0300511_ses-1_run-4_task-rest_bold_cleaned,300511,Awake,12.0,9.4,2500.0,0.04515315814,0.07644041919,0.0,0.0,0.0,0.0,0.0,0.0,0.0,0.0,1.0,0.0,1.0,0.0,0.0,0.0,0.0,0.0,0.0,0.0,0.0,0.846641,0.364648,0.254775,0.595719,0.201693,0.278345,0.579152,0.323264,0.538998,0.431469,0.460769,0.303986,0.352961,0.26211,0.348862,0.577404,0.409894,0.362599
sub-0300511_ses-2_run-1_task-rest_bold_cleaned,300511,Awake,12.0,9.4,2500.0,0.04930553244,0.08147319415,0.0,0.0,0.0,0.0,0.0,0.0,0.0,0.0,1.0,0.0,1.0,0.0,0.0,0.0,0.0,0.0,0.0,0.0,0.0,0.670508,0.544047,0.237369,0.466983,0.333236,0.263563,0.508106,0.221407,0.359891,0.327081,0.403799,0.298105,0.227516,0.217106,0.34751,0.389419,0.414235,0.193585
sub-0300511_ses-2_run-2_task-rest_bold_cleaned,300511,Awake,12.0,9.4,2500.0,0.04930553244,0.08147319415,0.0,0.0,0.0,0.0,0.0,0.0,0.0,0.0,1.0,0.0,1.0,0.0,0.0,0.0,0.0,0.0,0.0,0.0,0.0,0.50071,0.423497,0.288808,0.334394,0.235975,0.198616,0.377231,0.256279,0.277535,0.303333,0.435647,0.230145,0.210871,0.157608,0.307999,0.252368,0.294079,0.289663
sub-0300511_ses-2_run-3_task-rest_bold_cleaned,300511,Awake,12.0,9.4,2500.0,0.04930553244,0.08147319415,0.0,0.0,0.0,0.0,0.0,0.0,0.0,0.0,1.0,0.0,1.0,0.0,0.0,0.0,0.0,0.0,0.0,0.0,0.0,0.556677,0.421877,0.366519,0.521763,0.404261,0.222463,0.487004,0.287306,0.569602,0.459082,0.505732,0.278838,0.324546,0.2673,0.476983,0.382372,0.380813,0.385302
sub-0300511_ses-2_run-4_task-rest_bold_cleaned,300511,Awake,12.0,9.4,2500.0,0.04930553244,0.08147319415,0.0,0.0,0.0,0.0,0.0,0.0,0.0,0.0,1.0,0.0,1.0,0.0,0.0,0.0,0.0,0.0,0.0,0.0,0.0,0.665869,0.461724,0.36179,0.541082,0.335566,0.256802,0.629573,0.291146,0.580616,0.467476,0.421929,0.307987,0.356416,0.273282,0.547007,0.550988,0.34983,0.383962
sub-0300511_ses-3_run-1_task-rest_bold_cleaned,300511,Awake,12.0,9.4,2500.0,0.03099948168,0.05271332993,0.0,0.0,0.0,0.0,0.0,0.0,0.0,0.0,1.0,0.0,1.0,0.0,0.0,0.0,0.0,0.0,0.0,0.0,0.0,0.340256,0.41796,0.204907,0.461829,0.243393,0.348285,0.46245,0.252247,0.334122,0.341358,0.477607,0.289174,0.217668,0.224305,0.262539,0.359272,0.247082,0.189358
sub-0300511_ses-3_run-2_task-rest_bold_cleaned,300511,Awake,12.0,9.4,2500.0,0.03099948168,0.05271332993,0.0,0.0,0.0,0.0,0.0,0.0,0.0,0.0,1.0,0.0,1.0,0.0,0.0,0.0,0.0,0.0,0.0,0.0,0.0,0.338216,0.410548,0.269109,0.439844,0.269527,0.203805,0.356337,0.308827,0.368188,0.281133,0.636511,0.252778,0.183235,0.15208,0.258643,0.295835,0.302621,0.220784
sub-0300511_ses-3_run-3_task-rest_bold_cleaned,300511,Awake,12.0,9.4,2500.0,0.03099948168,0.05271332993,0.0,0.0,0.0,0.0,0.0,0.0,0.0,0.0,1.0,0.0,1.0,0.0,0.0,0.0,0.0,0.0,0.0,0.0,0.0,0.437477,0.471006,0.2433,0.488674,0.228453,0.206228,0.392449,0.249727,0.39048,0.321053,0.675946,0.259698,0.219823,0.189958,0.318643,0.198689,0.351294,0.258996
sub-0300511_ses-3_run-4_task-rest_bold_cleaned,300511,Awake,12.0,9.4,2500.0,0.03099948168,0.05271332993,0.0,0.0,0.0,0.0,0.0,0.0,0.0,0.0,1.0,0.0,1.0,0.0,0.0,0.0,0.0,0.0,0.0,0.0,0.0,0.386502,0.381571,0.212224,0.488277,0.278937,0.26595,0.288976,0.204234,0.329612,0.408609,0.566198,0.234454,0.197737,0.161082,0.268176,0.297407,0.324918,0.22597
sub-0300511_ses-4_run-1_task-rest_bold_cleaned,300511,Awake,12.0,9.4,2500.0,0.02993274839,0.0494599664,0.0,0.0,0.0,0.0,0.0,0.0,0.0,0.0,1.0,0.0,1.0,0.0,0.0,0.0,0.0,0.0,0.0,0.0,0.0,0.481403,0.307997,0.185904,0.282685,0.263244,0.201761,0.309569,0.219301,0.310163,0.153297,0.304836,0.260798,0.174695,0.153467,0.237547,0.294452,0.234674,0.21594
sub-0300511_ses-4_run-2_task-rest_bold_cleaned,300511,Awake,12.0,9.4,2500.0,0.02993274839,0.0494599664,0.0,0.0,0.0,0.0,0.0,0.0,0.0,0.0,1.0,0.0,1.0,0.0,0.0,0.0,0.0,0.0,0.0,0.0,0.0,0.606125,0.426085,0.26562,0.352685,0.241774,0.217348,0.387783,0.262404,0.468524,0.222543,0.351386,0.356003,0.220461,0.222789,0.311265,0.329702,0.27448,0.333227
sub-0300511_ses-4_run-3_task-rest_bold_cleaned,300511,Awake,12.0,9.4,2500.0,0.02993274839,0.0494599664,0.0,0.0,0.0,0.0,0.0,0.0,0.0,0.0,1.0,0.0,1.0,0.0,0.0,0.0,0.0,0.0,0.0,0.0,0.0,0.680483,0.413849,0.287739,0.332483,0.236719,0.236331,0.35908,0.249756,0.365477,0.227405,0.328432,0.347567,0.257896,0.188689,0.321193,0.50235,0.301584,0.378735
sub-0300511_ses-4_run-4_task-rest_bold_cleaned,300511,Awake,12.0,9.4,2500.0,0.02993274839,0.0494599664,0.0,0.0,0.0,0.0,0.0,0.0,0.0,0.0,1.0,0.0,1.0,0.0,0.0,0.0,0.0,0.0,0.0,0.0,0.0,0.513733,0.351966,0.224925,0.325476,0.278085,0.203059,0.369588,0.223927,0.375236,0.223098,0.281452,0.30713,0.230303,0.195657,0.243308,0.349,0.197389,0.380238
sub-0300511_ses-5_run-1_task-rest_bold_cleaned,300511,Awake,12.0,9.4,2500.0,0.04162762391,0.07407159953,0.0,0.0,0.0,0.0,0.0,0.0,0.0,0.0,1.0,0.0,1.0,0.0,0.0,0.0,0.0,0.0,0.0,0.0,0.0,0.612211,0.265569,0.416266,0.381847,0.296405,0.304553,0.558669,0.266402,0.43087,0.27919,0.481689,0.446447,0.293981,0.366413,0.513225,0.433446,0.365222,0.324175
sub-0300511_ses-5_run-4_task-rest_bold_cleaned,300511,Awake,12.0,9.4,2500.0,0.04162762391,0.07407159953,0.0,0.0,0.0,0.0,0.0,0.0,0.0,0.0,1.0,0.0,1.0,0.0,0.0,0.0,0.0,0.0,0.0,0.0,0.0,0.865059,0.53895,0.394155,0.53563,0.3831,0.282459,0.725931,0.318359,0.491849,0.423511,0.554517,0.467161,0.228951,0.289328,0.475534,0.500238,0.446979,0.552002
sub-0300511_ses-6_run-3_task-rest_bold_cleaned,300511,Awake,12.0,9.4,2500.0,0.02699715633,0.04617050724,0.0,0.0,0.0,0.0,0.0,0.0,0.0,0.0,1.0,0.0,1.0,0.0,0.0,0.0,0.0,0.0,0.0,0.0,0.0,0.418862,0.277056,0.266083,0.277342,0.244061,0.198369,0.387486,0.205517,0.348045,0.244611,0.446199,0.230812,0.186723,0.213815,0.378367,0.321481,0.343046,0.226379
sub-0300511_ses-6_run-4_task-rest_bold_cleaned,300511,Awake,12.0,9.4,2500.0,0.02699715633,0.04617050724,0.0,0.0,0.0,0.0,0.0,0.0,0.0,0.0,1.0,0.0,1.0,0.0,0.0,0.0,0.0,0.0,0.0,0.0,0.0,0.663424,0.417392,0.204552,0.421184,0.359798,0.247613,0.429226,0.282419,0.504385,0.281437,0.418465,0.361777,0.257811,0.293742,0.316217,0.456748,0.360699,0.33269
sub-0300512_ses-1_run-1_task-rest_bold_cleaned,300512,Awake,12.0,9.4,2500.0,0.06892519055,0.1218975859,0.0,0.0,0.0,0.0,0.0,0.0,0.0,0.0,1.0,0.0,1.0,0.0,0.0,0.0,0.0,0.0,0.0,0.0,0.0,0.820581,0.355969,0.289258,0.425546,0.304265,0.247459,0.621326,0.256077,0.431788,0.15272,0.269962,0.500977,0.220095,0.24327,0.673792,0.489657,0.372074,0.3092
sub-0300512_ses-1_run-2_task-rest_bold_cleaned,300512,Awake,12.0,9.4,2500.0,0.06892519055,0.1218975859,0.0,0.0,0.0,0.0,0.0,0.0,0.0,0.0,1.0,0.0,1.0,0.0,0.0,0.0,0.0,0.0,0.0,0.0,0.0,0.64791,0.349601,0.262677,0.365713,0.310127,0.257656,0.46096,0.257324,0.351603,0.236888,0.281887,0.376656,0.248208,0.239714,0.41658,0.549047,0.32343,0.311501
sub-0300512_ses-1_run-3_task-rest_bold_cleaned,300512,Awake,12.0,9.4,2500.0,0.06892519055,0.1218975859,0.0,0.0,0.0,0.0,0.0,0.0,0.0,0.0,1.0,0.0,1.0,0.0,0.0,0.0,0.0,0.0,0.0,0.0,0.0,0.584884,0.296456,0.27432,0.336542,0.257963,0.241514,0.467348,0.254467,0.340863,0.174939,0.305884,0.376917,0.26633,0.265897,0.443699,0.603982,0.339917,0.223529
sub-0300512_ses-2_run-1_task-rest_bold_cleaned,300512,Awake,12.0,9.4,2500.0,0.05498776963,0.1022352953,0.0,0.0,0.0,0.0,0.0,0.0,0.0,0.0,1.0,0.0,1.0,0.0,0.0,0.0,0.0,0.0,0.0,0.0,0.0,0.695483,0.327092,0.187596,0.255063,0.395218,0.22788,0.4941,0.374258,0.295719,0.147326,0.357082,0.395877,0.234578,0.266083,0.48752,0.529303,0.293557,0.229676
sub-0300512_ses-2_run-2_task-rest_bold_cleaned,300512,Awake,12.0,9.4,2500.0,0.05498776963,0.1022352953,0.0,0.0,0.0,0.0,0.0,0.0,0.0,0.0,1.0,0.0,1.0,0.0,0.0,0.0,0.0,0.0,0.0,0.0,0.0,0.765712,0.290416,0.263233,0.358224,0.248144,0.277063,0.583231,0.291454,0.337004,0.186238,0.269121,0.424236,0.290877,0.275274,0.41798,0.562724,0.261872,0.264294
sub-0300512_ses-2_run-3_task-rest_bold_cleaned,300512,Awake,12.0,9.4,2500.0,0.05498776963,0.1022352953,0.0,0.0,0.0,0.0,0.0,0.0,0.0,0.0,1.0,0.0,1.0,0.0,0.0,0.0,0.0,0.0,0.0,0.0,0.0,0.742569,0.295169,0.24861,0.328335,0.285295,0.197472,0.639998,0.312096,0.314298,0.171593,0.318495,0.38009,0.236807,0.210683,0.471589,0.463687,0.324722,0.186408
sub-0300512_ses-2_run-4_task-rest_bold_cleaned,300512,Awake,12.0,9.4,2500.0,0.05498776963,0.1022352953,0.0,0.0,0.0,0.0,0.0,0.0,0.0,0.0,1.0,0.0,1.0,0.0,0.0,0.0,0.0,0.0,0.0,0.0,0.0,0.742332,0.340532,0.25216,0.453062,0.264329,0.226514,0.560219,0.313719,0.329762,0.246643,0.289298,0.385599,0.268088,0.254393,0.359716,0.633574,0.257201,0.266925
sub-0300512_ses-3_run-1_task-rest_bold_cleaned,300512,Awake,12.0,9.4,2500.0,0.03207098557,0.0555174972,0.0,0.0,0.0,0.0,0.0,0.0,0.0,0.0,1.0,0.0,1.0,0.0,0.0,0.0,0.0,0.0,0.0,0.0,0.0,0.289976,0.218134,0.21439,0.198556,0.221319,0.173829,0.364697,0.220346,0.27346,0.174859,0.221434,0.235651,0.24117,0.191844,0.356887,0.304158,0.227959,0.164883
sub-0300512_ses-3_run-2_task-rest_bold_cleaned,300512,Awake,12.0,9.4,2500.0,0.03207098557,0.0555174972,0.0,0.0,0.0,0.0,0.0,0.0,0.0,0.0,1.0,0.0,1.0,0.0,0.0,0.0,0.0,0.0,0.0,0.0,0.0,0.341115,0.266968,0.224302,0.268096,0.19216,0.203936,0.280484,0.23806,0.243757,0.163596,0.227571,0.225027,0.20208,0.208989,0.37613,0.555299,0.266809,0.145232
sub-0300512_ses-3_run-4_task-rest_bold_cleaned,300512,Awake,12.0,9.4,2500.0,0.03207098557,0.0555174972,0.0,0.0,0.0,0.0,0.0,0.0,0.0,0.0,1.0,0.0,1.0,0.0,0.0,0.0,0.0,0.0,0.0,0.0,0.0,0.648007,0.229271,0.232905,0.243599,0.234827,0.182892,0.258008,0.261204,0.300612,0.173436,0.238087,0.243674,0.242539,0.20164,0.417235,0.455243,0.278219,0.199878
sub-0300512_ses-4_run-1_task-rest_bold_cleaned,300512,Awake,12.0,9.4,2500.0,0.05034673876,0.08614939051,0.0,0.0,0.0,0.0,0.0,0.0,0.0,0.0,1.0,0.0,1.0,0.0,0.0,0.0,0.0,0.0,0.0,0.0,0.0,0.318546,0.292318,0.315649,0.211976,0.236201,0.214901,0.320356,0.248409,0.416944,0.150762,0.242577,0.276785,0.256733,0.210407,0.372665,0.332096,0.274958,0.208337
sub-0300512_ses-4_run-2_task-rest_bold_cleaned,300512,Awake,12.0,9.4,2500.0,0.05034673876,0.08614939051,0.0,0.0,0.0,0.0,0.0,0.0,0.0,0.0,1.0,0.0,1.0,0.0,0.0,0.0,0.0,0.0,0.0,0.0,0.0,0.449333,0.163528,0.20371,0.19982,0.295277,0.166115,0.255103,0.241767,0.331608,0.147911,0.269583,0.23381,0.232909,0.15407,0.39175,0.582475,0.274108,0.183484
sub-0300512_ses-4_run-3_task-rest_bold_cleaned,300512,Awake,12.0,9.4,2500.0,0.05034673876,0.08614939051,0.0,0.0,0.0,0.0,0.0,0.0,0.0,0.0,1.0,0.0,1.0,0.0,0.0,0.0,0.0,0.0,0.0,0.0,0.0,0.672307,0.243825,0.214655,0.251637,0.236958,0.178254,0.359842,0.300776,0.367507,0.144454,0.27029,0.290892,0.272195,0.225229,0.405054,0.365406,0.229874,0.244896
sub-0300512_ses-4_run-4_task-rest_bold_cleaned,300512,Awake,12.0,9.4,2500.0,0.05034673876,0.08614939051,0.0,0.0,0.0,0.0,0.0,0.0,0.0,0.0,1.0,0.0,1.0,0.0,0.0,0.0,0.0,0.0,0.0,0.0,0.0,0.363059,0.207271,0.203041,0.229566,0.273682,0.217222,0.364386,0.240004,0.28807,0.127996,0.271299,0.250436,0.212589,0.230825,0.421084,0.663345,0.281545,0.236904
sub-0300512_ses-5_run-1_task-rest_bold_cleaned,300512,Awake,12.0,9.4,2500.0,0.05248972651,0.09498838643,0.0,0.0,0.0,0.0,0.0,0.0,0.0,0.0,1.0,0.0,1.0,0.0,0.0,0.0,0.0,0.0,0.0,0.0,0.0,0.508229,0.193278,0.170861,0.199995,0.231861,0.171924,0.236506,0.204546,0.321461,0.115954,0.181933,0.18721,0.170699,0.179639,0.4341,0.53722,0.206332,0.186811
sub-0300512_ses-5_run-2_task-rest_bold_cleaned,300512,Awake,12.0,9.4,2500.0,0.05248972651,0.09498838643,0.0,0.0,0.0,0.0,0.0,0.0,0.0,0.0,1.0,0.0,1.0,0.0,0.0,0.0,0.0,0.0,0.0,0.0,0.0,0.399854,0.212907,0.14417,0.187119,0.176915,0.145993,0.291172,0.215712,0.281254,0.143534,0.221752,0.215282,0.143613,0.174647,0.407103,0.471717,0.213071,0.21342
sub-0300512_ses-5_run-3_task-rest_bold_cleaned,300512,Awake,12.0,9.4,2500.0,0.05248972651,0.09498838643,0.0,0.0,0.0,0.0,0.0,0.0,0.0,0.0,1.0,0.0,1.0,0.0,0.0,0.0,0.0,0.0,0.0,0.0,0.0,0.460813,0.196381,0.172413,0.219245,0.265632,0.150191,0.209784,0.199933,0.33234,0.151526,0.222161,0.228381,0.196288,0.174211,0.494489,0.4213,0.238151,0.164475
sub-0300512_ses-5_run-4_task-rest_bold_cleaned,300512,Awake,12.0,9.4,2500.0,0.05248972651,0.09498838643,0.0,0.0,0.0,0.0,0.0,0.0,0.0,0.0,1.0,0.0,1.0,0.0,0.0,0.0,0.0,0.0,0.0,0.0,0.0,0.574266,0.196166,0.177061,0.256254,0.318038,0.094728,0.325916,0.260777,0.346815,0.144985,0.200892,0.26615,0.213311,0.241899,0.509609,0.45162,0.30673,0.201573
sub-0300512_ses-6_run-3_task-rest_bold_cleaned,300512,Awake,12.0,9.4,2500.0,0.04607268935,0.08071170961,0.0,0.0,0.0,0.0,0.0,0.0,0.0,0.0,1.0,0.0,1.0,0.0,0.0,0.0,0.0,0.0,0.0,0.0,0.0,0.393281,0.283252,0.228078,0.244553,0.229894,0.205067,0.237183,0.169471,0.290161,0.179615,0.260153,0.302151,0.226984,0.210183,0.330718,0.264825,0.238961,0.178141
sub-0300512_ses-6_run-4_task-rest_bold_cleaned,300512,Awake,12.0,9.4,2500.0,0.04607268935,0.08071170961,0.0,0.0,0.0,0.0,0.0,0.0,0.0,0.0,1.0,0.0,1.0,0.0,0.0,0.0,0.0,0.0,0.0,0.0,0.0,0.498791,0.368858,0.278999,0.334811,0.297954,0.219295,0.43776,0.284648,0.319975,0.200015,0.294787,0.293101,0.26219,0.179115,0.312254,0.378975,0.310211,0.264338
sub-MFC054_ses-1,sub-MFC054,Douglas,11.0,7.0,1000.0,0.006935861,0.012045684,0.0,0.0,0.0,0.0,0.0,1.0,0.0,0.0,1.0,0.0,0.0,0.0,0.0,0.0,1.0,0.0,0.0,0.0,0.0,0.036202,0.036481,0.044359,0.039668,0.032397,0.031085,0.047543,0.041372,0.042226,0.081251,0.058579,0.036835,0.032361,0.015511,0.048832,0.03159,0.050069,0.025308
sub-MFC055_ses-1,sub-MFC055,Douglas,11.0,7.0,1000.0,0.009679305,0.018222087,0.0,0.0,0.0,0.0,0.0,1.0,0.0,0.0,1.0,0.0,0.0,0.0,0.0,0.0,1.0,0.0,0.0,0.0,0.0,0.041925,0.039758,0.03989,0.042377,0.022394,0.025766,0.031514,0.031261,0.058575,0.017117,0.046134,0.032057,0.033018,0.029849,0.035396,0.032607,0.03769,0.038193
sub-MFC056_ses-1,sub-MFC056,Douglas,11.0,7.0,1000.0,0.009053884,0.017975139,0.0,0.0,0.0,0.0,0.0,1.0,0.0,0.0,1.0,0.0,0.0,0.0,0.0,0.0,1.0,0.0,0.0,0.0,0.0,0.033984,0.041916,0.026876,0.031459,0.025536,0.028899,0.022316,0.027691,0.031342,0.02922,0.055793,0.041116,0.033254,0.022812,0.033971,0.028044,0.033541,0.024863
sub-MFC057_ses-1,sub-MFC057,Douglas,11.0,7.0,1000.0,0.00516773,0.009135519,0.0,0.0,0.0,0.0,0.0,1.0,0.0,0.0,1.0,0.0,0.0,0.0,0.0,0.0,1.0,0.0,0.0,0.0,0.0,0.052597,0.047379,0.04678,0.044345,0.034852,0.034709,0.032592,0.036112,0.059525,0.050595,0.063263,0.060847,0.054706,0.049684,0.052726,0.042083,0.071639,0.050931
sub-MFC058_ses-1,sub-MFC058,Douglas,11.0,7.0,1000.0,0.006706873,0.012311601,0.0,0.0,0.0,0.0,0.0,1.0,0.0,0.0,1.0,0.0,0.0,0.0,0.0,0.0,1.0,0.0,0.0,0.0,0.0,0.040166,0.04833,0.036237,0.034351,0.028252,0.035357,0.064898,0.024988,0.056278,0.022294,0.049967,0.038433,0.03762,0.023596,0.045642,0.038756,0.039668,0.036593
sub-MFC059_ses-1,sub-MFC059,Douglas,11.0,7.0,1000.0,0.007550219,0.011494208,0.0,0.0,0.0,0.0,0.0,1.0,0.0,0.0,1.0,0.0,0.0,0.0,1.0,0.0,0.0,0.0,0.0,0.0,0.0,0.028431,0.03807,0.045092,0.049982,0.02676,0.026001,0.044467,0.027234,0.04269,0.064019,0.062158,0.041906,0.026835,0.025889,0.042469,0.027868,0.036149,0.030709
sub-MFC059_ses-2,sub-MFC059,Douglas,12.0,7.0,1000.0,0.014813764,0.023628136,0.0,0.0,0.0,0.0,0.0,1.0,0.0,0.0,1.0,0.0,0.0,0.0,1.0,0.0,0.0,0.0,0.0,0.0,0.0,0.074278,0.05007,0.035778,0.077184,0.04048,0.037415,0.077362,0.039687,0.052236,0.037562,0.051434,0.053114,0.034655,0.023691,0.0459,0.040505,0.053024,0.037674
sub-MFC060_ses-1,sub-MFC060,Douglas,11.0,7.0,1000.0,0.008599702,0.014203795,0.0,0.0,0.0,0.0,0.0,1.0,0.0,0.0,1.0,0.0,0.0,0.0,1.0,0.0,0.0,0.0,0.0,0.0,0.0,0.036528,0.036133,0.024529,0.042429,0.032698,0.026826,0.036449,0.028865,0.042856,0.023296,0.036958,0.026328,0.027065,0.018778,0.035507,0.020681,0.02728,0.029569
sub-MFC060_ses-2,sub-MFC060,Douglas,12.0,7.0,1000.0,0.005743059,0.00949074,0.0,0.0,0.0,0.0,0.0,1.0,0.0,0.0,1.0,0.0,0.0,0.0,1.0,0.0,0.0,0.0,0.0,0.0,0.0,0.042745,0.038783,0.024978,0.041315,0.034454,0.024223,0.045997,0.032871,0.041258,0.027216,0.041163,0.045462,0.030257,0.015728,0.032055,0.028417,0.038445,0.036245
sub-MFC061_ses-1,sub-MFC061,Douglas,11.0,7.0,1000.0,0.007050127,0.011173106,0.0,0.0,0.0,0.0,0.0,1.0,0.0,0.0,1.0,0.0,0.0,0.0,1.0,0.0,0.0,0.0,0.0,0.0,0.0,0.030273,0.032496,0.038332,0.038407,0.026301,0.035351,0.044033,0.033564,0.046362,0.032864,0.05452,0.03384,0.032382,0.025991,0.040124,0.038572,0.033219,0.039843
sub-MFC061_ses-2,sub-MFC061,Douglas,12.0,7.0,1000.0,0.010897299,0.018577841,0.0,0.0,0.0,0.0,0.0,1.0,0.0,0.0,1.0,0.0,0.0,0.0,1.0,0.0,0.0,0.0,0.0,0.0,0.0,0.029735,0.038871,0.034046,0.031623,0.03379,0.027794,0.063562,0.035814,0.04431,0.031369,0.047719,0.054484,0.034582,0.025908,0.036757,0.02693,0.043615,0.033134
sub-MFC062_ses-1,sub-MFC062,Douglas,11.0,7.0,1000.0,0.006934631,0.01185944,0.0,0.0,0.0,0.0,0.0,1.0,0.0,0.0,1.0,0.0,0.0,0.0,1.0,0.0,0.0,0.0,0.0,0.0,0.0,0.030525,0.034445,0.034707,0.030017,0.025184,0.025035,0.060823,0.025991,0.034917,0.025103,0.051116,0.028836,0.032298,0.023559,0.037473,0.028455,0.0386,0.033994
sub-MFC062_ses-2,sub-MFC062,Douglas,12.0,7.0,1000.0,0.007964868,0.012205034,0.0,0.0,0.0,0.0,0.0,1.0,0.0,0.0,1.0,0.0,0.0,0.0,1.0,0.0,0.0,0.0,0.0,0.0,0.0,0.057146,0.059921,0.047555,0.053348,0.040121,0.060885,0.063876,0.036062,0.069688,0.061686,0.081955,0.075335,0.04445,0.031442,0.024384,0.033563,0.047624,0.080749
sub-MFC063_ses-1,sub-MFC063,Douglas,11.0,7.0,1000.0,0.007085724,0.012310752,0.0,0.0,0.0,0.0,0.0,1.0,0.0,0.0,1.0,0.0,0.0,0.0,1.0,0.0,0.0,0.0,0.0,0.0,0.0,0.045297,0.040308,0.036256,0.040972,0.029447,0.036341,0.055861,0.032978,0.063465,0.030615,0.059727,0.054754,0.027955,0.038163,0.038691,0.031902,0.047095,0.059636
sub-MFC063_ses-2,sub-MFC063,Douglas,12.0,7.0,1000.0,0.017800124,0.032564897,0.0,0.0,0.0,0.0,0.0,1.0,0.0,0.0,1.0,0.0,0.0,0.0,1.0,0.0,0.0,0.0,0.0,0.0,0.0,0.055868,0.06579,0.042501,0.045675,0.042511,0.040843,0.071194,0.041436,0.069266,0.041458,0.060749,0.090416,0.042414,0.032909,0.040614,0.030467,0.062712,0.054175
sub-MFC064_ses-1,sub-MFC064,Douglas,12.0,7.0,1000.0,0.004956733,0.007841487,0.0,0.0,0.0,0.0,0.0,1.0,0.0,0.0,1.0,0.0,0.0,1.0,0.0,0.0,0.0,0.0,0.0,0.0,0.0,0.056784,0.059873,0.060024,0.067203,0.0389,0.055685,0.094196,0.06249,0.063759,0.049473,0.068317,0.076436,0.032124,0.034777,0.038557,0.050336,0.0499,0.052858
sub-MFC065_ses-1,sub-MFC065,Douglas,12.0,7.0,1000.0,0.006923743,0.011477206,0.0,0.0,0.0,0.0,0.0,1.0,0.0,0.0,1.0,0.0,0.0,1.0,0.0,0.0,0.0,0.0,0.0,0.0,0.0,0.041903,0.040423,0.037766,0.031015,0.032986,0.029736,0.025139,0.031002,0.064835,0.05177,0.043219,0.058148,0.032378,0.028123,0.03409,0.022813,0.037339,0.041518
sub-MFC066_ses-1,sub-MFC066,Douglas,12.0,7.0,1000.0,0.005045669,0.008712041,0.0,0.0,0.0,0.0,0.0,1.0,0.0,0.0,1.0,0.0,0.0,1.0,0.0,0.0,0.0,0.0,0.0,0.0,0.0,0.047731,0.061977,0.051817,0.040541,0.045214,0.051161,0.072347,0.053207,0.081892,0.099126,0.064607,0.058406,0.053167,0.034624,0.053582,0.04146,0.035405,0.052491
sub-MFC067_ses-1,sub-MFC067,Douglas,12.0,7.0,1000.0,0.012638673,0.019061865,0.0,0.0,0.0,0.0,0.0,1.0,0.0,0.0,1.0,0.0,0.0,1.0,0.0,0.0,0.0,0.0,0.0,0.0,0.0,0.033256,0.048217,0.047707,0.048438,0.028428,0.021487,0.048871,0.036381,0.067989,0.045493,0.048492,0.051297,0.049031,0.03637,0.04798,0.031916,0.037833,0.033038
sub-MFC068_ses-1,sub-MFC068,Douglas,12.0,7.0,1000.0,0.010916193,0.019438469,0.0,0.0,0.0,0.0,0.0,1.0,0.0,0.0,1.0,0.0,0.0,1.0,0.0,0.0,0.0,0.0,0.0,0.0,0.0,0.035523,0.032797,0.042602,0.052769,0.027654,0.040906,0.047777,0.033489,0.049346,0.037009,0.062637,0.074327,0.038608,0.027354,0.056184,0.039252,0.047582,0.042723
sub-23_task-rest,sub-23,Env_Enrichment,9.0,11.1,1500.0,0.00987059438,0.01720056284,0.0,0.0,0.0,0.0,0.0,0.0,0.0,0.0,1.0,0.0,1.0,0.0,1.0,0.0,0.0,0.0,0.0,0.0,0.0,0.126111,0.132673,0.077182,0.077374,0.072966,0.0549,0.092201,0.067173,0.095228,0.070689,0.103309,0.107394,0.072205,0.050809,0.10992,0.082249,0.090105,0.056431
sub-24_task-rest,sub-24,Env_Enrichment,9.0,11.1,1500.0,0.009460113219,0.01614933489,0.0,0.0,0.0,0.0,0.0,1.0,0.0,0.0,1.0,0.0,1.0,0.0,1.0,0.0,0.0,0.0,0.0,0.0,0.0,0.102208,0.093188,0.078167,0.064911,0.061962,0.068882,0.059931,0.07916,0.087973,0.067543,0.09864,0.091803,0.076322,0.06673,0.110638,0.087479,0.066936,0.043554
sub-25_task-rest,sub-25,Env_Enrichment,9.0,11.1,1500.0,0.01061891563,0.01886254598,0.0,0.0,0.0,0.0,0.0,0.0,0.0,0.0,1.0,0.0,1.0,0.0,1.0,0.0,0.0,0.0,0.0,0.0,0.0,0.108484,0.077409,0.074561,0.076998,0.083376,0.077969,0.065715,0.090711,0.10361,0.062206,0.123696,0.121983,0.079275,0.081578,0.10093,0.101179,0.075307,0.055016
sub-26_task-rest,sub-26,Env_Enrichment,9.0,11.1,1500.0,0.01038437736,0.01777997569,0.0,0.0,0.0,0.0,0.0,0.0,0.0,0.0,1.0,0.0,1.0,0.0,1.0,0.0,0.0,0.0,0.0,0.0,0.0,0.11375,0.089117,0.078371,0.071432,0.07331,0.063915,0.064465,0.072492,0.080299,0.055326,0.083508,0.103722,0.080341,0.068347,0.09568,0.068817,0.077001,0.051678
sub-27_task-rest,sub-27,Env_Enrichment,9.0,11.1,1500.0,0.01186271593,0.02124712094,0.0,0.0,0.0,0.0,0.0,1.0,0.0,0.0,1.0,0.0,1.0,0.0,1.0,0.0,0.0,0.0,0.0,0.0,0.0,0.111359,0.087589,0.089255,0.055968,0.08794,0.083471,0.087439,0.072317,0.096808,0.072942,0.092994,0.104675,0.079337,0.062924,0.08945,0.084087,0.086517,0.064838
sub-28_task-rest,sub-28,Env_Enrichment,9.0,11.1,1500.0,0.01018410795,0.01877219544,0.0,0.0,0.0,0.0,0.0,0.0,0.0,0.0,1.0,0.0,1.0,0.0,1.0,0.0,0.0,0.0,0.0,0.0,0.0,0.101753,0.073658,0.081693,0.09174,0.083284,0.066076,0.072392,0.064597,0.08018,0.070343,0.100078,0.096477,0.069709,0.068011,0.072449,0.065834,0.078452,0.074895
sub-29_task-rest,sub-29,Env_Enrichment,9.0,11.1,1500.0,0.009832440894,0.01679316137,0.0,0.0,0.0,0.0,0.0,1.0,0.0,0.0,1.0,0.0,1.0,0.0,1.0,0.0,0.0,0.0,0.0,0.0,0.0,0.102815,0.098935,0.064105,0.059878,0.077509,0.070544,0.072863,0.080332,0.104376,0.061864,0.091555,0.117656,0.068987,0.051478,0.095357,0.084977,0.098016,0.087851
sub-30_task-rest,sub-30,Env_Enrichment,9.0,11.1,1500.0,0.01044171749,0.01961545554,0.0,0.0,0.0,0.0,0.0,0.0,0.0,0.0,1.0,0.0,1.0,0.0,1.0,0.0,0.0,0.0,0.0,0.0,0.0,0.099466,0.074914,0.065947,0.060391,0.067235,0.077572,0.06838,0.066508,0.074666,0.051057,0.080726,0.085735,0.076373,0.064229,0.085192,0.073251,0.061035,0.057934
sub-31_task-rest,sub-31,Env_Enrichment,9.0,11.1,1500.0,0.0109089435,0.01910364789,0.0,0.0,0.0,0.0,0.0,0.0,0.0,0.0,1.0,0.0,1.0,0.0,1.0,0.0,0.0,0.0,0.0,0.0,0.0,0.108232,0.063203,0.082741,0.066949,0.064416,0.06069,0.073375,0.072832,0.063633,0.039205,0.10958,0.095757,0.064455,0.053072,0.08562,0.0829,0.077017,0.047047
sub-32_task-rest,sub-32,Env_Enrichment,9.0,11.1,1500.0,0.01030513214,0.01944916588,0.0,0.0,0.0,0.0,0.0,0.0,0.0,0.0,1.0,0.0,1.0,0.0,1.0,0.0,0.0,0.0,0.0,0.0,0.0,0.088939,0.076194,0.069199,0.059456,0.064438,0.060089,0.084783,0.072086,0.077953,0.04871,0.072345,0.083592,0.061682,0.061136,0.073035,0.066716,0.064964,0.057433
sub-33_task-rest,sub-33,Env_Enrichment,9.0,11.1,1500.0,0.008907889427,0.01524443259,0.0,0.0,0.0,0.0,0.0,0.0,0.0,0.0,1.0,0.0,1.0,0.0,1.0,0.0,0.0,0.0,0.0,0.0,0.0,0.141621,0.065937,0.058256,0.056648,0.075173,0.047458,0.13061,0.065738,0.072906,0.043414,0.065581,0.072873,0.054566,0.056222,0.070867,0.102466,0.07871,0.038927
sub-34_task-rest,sub-34,Env_Enrichment,9.0,11.1,1500.0,0.01214578727,0.02146229934,0.0,0.0,0.0,0.0,0.0,0.0,0.0,0.0,1.0,0.0,1.0,0.0,1.0,0.0,0.0,0.0,0.0,0.0,0.0,0.093737,0.080619,0.063963,0.081503,0.071806,0.061744,0.065706,0.065707,0.100174,0.047784,0.080041,0.072381,0.076168,0.052198,0.086336,0.058244,0.074009,0.042869
sub-35_task-rest,sub-35,Env_Enrichment,9.0,11.1,1500.0,0.01047077395,0.02003329337,0.0,0.0,0.0,0.0,0.0,0.0,0.0,0.0,1.0,0.0,1.0,0.0,1.0,0.0,0.0,0.0,0.0,0.0,0.0,0.064175,0.057902,0.053939,0.045999,0.054596,0.062677,0.067691,0.052505,0.061884,0.046903,0.078326,0.074237,0.060894,0.041171,0.062423,0.060643,0.073878,0.039626
sub-36_task-rest,sub-36,Env_Enrichment,9.0,11.1,1500.0,0.01042890963,0.02011092408,0.0,0.0,0.0,0.0,0.0,1.0,0.0,0.0,1.0,0.0,1.0,0.0,1.0,0.0,0.0,0.0,0.0,0.0,0.0,0.08097,0.074001,0.069001,0.065295,0.075484,0.069806,0.080363,0.054597,0.083344,0.061234,0.09025,0.086197,0.065128,0.055437,0.070234,0.06615,0.075746,0.040845
sub-37_task-rest,sub-37,Env_Enrichment,9.0,11.1,1500.0,0.01006649548,0.01807142472,0.0,0.0,0.0,0.0,0.0,1.0,0.0,0.0,1.0,0.0,1.0,0.0,1.0,0.0,0.0,0.0,0.0,0.0,0.0,0.081882,0.091879,0.076768,0.075451,0.095101,0.076477,0.066489,0.074855,0.086333,0.056525,0.077849,0.078079,0.072813,0.058838,0.097579,0.085236,0.072421,0.080769
sub-38_task-rest,sub-38,Env_Enrichment,9.0,11.1,1500.0,0.0108334349,0.01946258345,0.0,0.0,0.0,0.0,0.0,1.0,0.0,0.0,1.0,0.0,1.0,0.0,1.0,0.0,0.0,0.0,0.0,0.0,0.0,0.104898,0.079221,0.072313,0.066024,0.082783,0.083807,0.116467,0.076026,0.091163,0.06791,0.09083,0.111644,0.066418,0.056519,0.098313,0.080503,0.091803,0.042958
sub-39_task-rest,sub-39,Env_Enrichment,9.0,11.1,1500.0,0.01040998076,0.01857754983,0.0,0.0,0.0,0.0,0.0,1.0,0.0,0.0,1.0,0.0,1.0,0.0,1.0,0.0,0.0,0.0,0.0,0.0,0.0,0.102572,0.081056,0.064519,0.080899,0.074352,0.068453,0.104008,0.08057,0.084319,0.051145,0.079428,0.103646,0.066593,0.046091,0.066466,0.079985,0.06862,0.051821
sub-40_task-rest,sub-40,Env_Enrichment,9.0,11.1,1500.0,0.009388026301,0.01658897069,0.0,0.0,0.0,0.0,0.0,1.0,0.0,0.0,1.0,0.0,1.0,0.0,1.0,0.0,0.0,0.0,0.0,0.0,0.0,0.127781,0.082361,0.070583,0.061144,0.091644,0.07317,0.122176,0.082518,0.081236,0.065954,0.095737,0.126308,0.06755,0.059479,0.09804,0.0958,0.082068,0.061367
sub-41_task-rest,sub-41,Env_Enrichment,9.0,11.1,1500.0,0.01470448934,0.02666680961,0.0,0.0,0.0,0.0,0.0,0.0,0.0,0.0,1.0,0.0,1.0,0.0,1.0,0.0,0.0,0.0,0.0,0.0,0.0,0.103808,0.109148,0.11794,0.090987,0.087125,0.092487,0.094849,0.104505,0.103557,0.094941,0.124995,0.136743,0.105165,0.069508,0.108746,0.11478,0.126888,0.067511
sub-43_task-rest,sub-43,Env_Enrichment,9.0,11.1,1500.0,0.01766044047,0.03197699058,0.0,0.0,0.0,0.0,0.0,0.0,0.0,0.0,1.0,0.0,1.0,0.0,1.0,0.0,0.0,0.0,0.0,0.0,0.0,0.122837,0.101834,0.110883,0.127267,0.108981,0.105621,0.215291,0.150645,0.114377,0.113661,0.166952,0.227033,0.08631,0.073341,0.119432,0.090225,0.153273,0.061537
sub-44_task-rest,sub-44,Env_Enrichment,9.0,11.1,1500.0,0.01025987156,0.0186974128,0.0,0.0,0.0,0.0,0.0,0.0,0.0,0.0,1.0,0.0,1.0,0.0,1.0,0.0,0.0,0.0,0.0,0.0,0.0,0.088212,0.093818,0.071389,0.066175,0.075313,0.073783,0.07748,0.084147,0.077509,0.054774,0.098567,0.1409,0.0631,0.040124,0.062377,0.08151,0.064129,0.06994
sub-45_task-rest,sub-45,Env_Enrichment,9.0,11.1,1500.0,0.01626174406,0.0286670272,0.0,0.0,0.0,0.0,0.0,0.0,0.0,0.0,1.0,0.0,1.0,0.0,1.0,0.0,0.0,0.0,0.0,0.0,0.0,0.114899,0.146494,0.119108,0.126252,0.161027,0.10846,0.106869,0.117852,0.147345,0.08315,0.175642,0.240056,0.103878,0.108615,0.124986,0.105324,0.146518,0.071018
sub-46_task-rest,sub-46,Env_Enrichment,9.0,11.1,1500.0,0.01068277108,0.01860851484,0.0,0.0,0.0,0.0,0.0,0.0,0.0,0.0,1.0,0.0,1.0,0.0,1.0,0.0,0.0,0.0,0.0,0.0,0.0,0.175073,0.159325,0.089998,0.077894,0.098295,0.083656,0.101651,0.111053,0.114904,0.066816,0.15939,0.128391,0.097898,0.071293,0.109796,0.121013,0.121892,0.16327
sub-47_task-rest,sub-47,Env_Enrichment,9.0,11.1,1500.0,0.0146318292,0.02869494254,0.0,0.0,0.0,0.0,0.0,0.0,0.0,0.0,1.0,0.0,1.0,0.0,1.0,0.0,0.0,0.0,0.0,0.0,0.0,0.106532,0.076308,0.103766,0.057974,0.069302,0.072098,0.076967,0.071406,0.078244,0.068568,0.103623,0.086506,0.068458,0.056614,0.100015,0.06369,0.074412,0.059526
sub-48_task-rest,sub-48,Env_Enrichment,9.0,11.1,1500.0,0.01559419442,0.02702541068,0.0,0.0,0.0,0.0,0.0,0.0,0.0,0.0,1.0,0.0,1.0,0.0,1.0,0.0,0.0,0.0,0.0,0.0,0.0,0.14211,0.11084,0.098893,0.103401,0.163805,0.104878,0.15128,0.164798,0.132665,0.085742,0.220225,0.280623,0.104486,0.107507,0.146534,0.147951,0.14012,0.075669
sub-49_task-rest,sub-49,Env_Enrichment,9.0,11.1,1500.0,0.009318484709,0.01621436229,0.0,0.0,0.0,0.0,0.0,0.0,0.0,0.0,1.0,0.0,1.0,0.0,1.0,0.0,0.0,0.0,0.0,0.0,0.0,0.082181,0.070547,0.06114,0.049677,0.06092,0.05828,0.057023,0.060668,0.07663,0.04657,0.068406,0.083174,0.070999,0.044003,0.066784,0.067689,0.074565,0.03939
sub-50_task-rest,sub-50,Env_Enrichment,9.0,11.1,1500.0,0.01153194258,0.01972729247,0.0,0.0,0.0,0.0,0.0,1.0,0.0,0.0,1.0,0.0,1.0,0.0,1.0,0.0,0.0,0.0,0.0,0.0,0.0,0.185896,0.108747,0.11276,0.094571,0.079195,0.089166,0.102246,0.094508,0.112676,0.103869,0.125269,0.113234,0.083865,0.06229,0.103204,0.089622,0.095159,0.059527
sub-51_task-rest,sub-51,Env_Enrichment,9.0,11.1,1500.0,0.01276752284,0.0245148818,0.0,0.0,0.0,0.0,0.0,1.0,0.0,0.0,1.0,0.0,1.0,0.0,1.0,0.0,0.0,0.0,0.0,0.0,0.0,0.100346,0.110007,0.127627,0.082556,0.086146,0.09,0.093834,0.078511,0.09165,0.074,0.099571,0.137257,0.10024,0.061284,0.09047,0.068212,0.081152,0.064183
sub-52_task-rest,sub-52,Env_Enrichment,9.0,11.1,1500.0,0.01433451672,0.02670866597,0.0,0.0,0.0,0.0,0.0,1.0,0.0,0.0,1.0,0.0,1.0,0.0,1.0,0.0,0.0,0.0,0.0,0.0,0.0,0.107583,0.101662,0.110686,0.101708,0.093337,0.081875,0.171383,0.070547,0.091527,0.071782,0.164135,0.22164,0.094492,0.072496,0.096141,0.074529,0.093142,0.072001
sub-53_task-rest,sub-53,Env_Enrichment,9.0,11.1,1500.0,0.01175568438,0.02021176547,0.0,0.0,0.0,0.0,0.0,1.0,0.0,0.0,1.0,0.0,1.0,0.0,1.0,0.0,0.0,0.0,0.0,0.0,0.0,0.092003,0.109002,0.09079,0.073599,0.081315,0.075568,0.127845,0.089715,0.12922,0.074052,0.132754,0.168403,0.109722,0.067446,0.092635,0.072715,0.11746,0.051014
sub-54_task-rest,sub-54,Env_Enrichment,9.0,11.1,1500.0,0.01370248911,0.02573214519,0.0,0.0,0.0,0.0,0.0,1.0,0.0,0.0,1.0,0.0,1.0,0.0,1.0,0.0,0.0,0.0,0.0,0.0,0.0,0.090933,0.098409,0.076617,0.075387,0.070167,0.087966,0.182886,0.106936,0.093001,0.069321,0.120136,0.195468,0.082936,0.075845,0.082736,0.089108,0.101143,0.060642
sub-55_task-rest,sub-55,Env_Enrichment,9.0,11.1,1500.0,0.01335557853,0.02465196893,0.0,0.0,0.0,0.0,0.0,1.0,0.0,0.0,1.0,0.0,1.0,0.0,1.0,0.0,0.0,0.0,0.0,0.0,0.0,0.094703,0.099526,0.104838,0.103976,0.101725,0.088038,0.375934,0.113146,0.137517,0.077283,0.157148,0.229554,0.082935,0.067741,0.096672,0.085376,0.105996,0.063697
sub-56_task-rest,sub-56,Env_Enrichment,9.0,11.1,1500.0,0.00936814436,0.01555416098,0.0,0.0,0.0,0.0,0.0,1.0,0.0,0.0,1.0,0.0,1.0,0.0,1.0,0.0,0.0,0.0,0.0,0.0,0.0,0.091111,0.105047,0.075981,0.07531,0.072023,0.067284,0.072163,0.064072,0.115684,0.05103,0.089522,0.109315,0.071972,0.060115,0.100651,0.079565,0.077326,0.052997
sub-57_task-rest,sub-57,Env_Enrichment,9.0,11.1,1500.0,0.01018595359,0.01772384819,0.0,0.0,0.0,0.0,0.0,1.0,0.0,0.0,1.0,0.0,1.0,0.0,1.0,0.0,0.0,0.0,0.0,0.0,0.0,0.102535,0.078583,0.10554,0.090034,0.073874,0.073842,0.10587,0.098245,0.108884,0.070675,0.138647,0.170201,0.08511,0.084732,0.105145,0.081466,0.085858,0.05311
sub-62_task-rest,sub-62,Env_Enrichment,9.0,11.1,1500.0,0.009718834652,0.01782280583,0.0,0.0,0.0,0.0,0.0,0.0,0.0,0.0,1.0,0.0,1.0,0.0,1.0,0.0,0.0,0.0,0.0,0.0,0.0,0.079078,0.080903,0.069667,0.05306,0.056101,0.061935,0.063129,0.060432,0.088837,0.056228,0.071843,0.097837,0.073279,0.051999,0.069552,0.069439,0.063819,0.052622
sub-63_task-rest,sub-63,Env_Enrichment,9.0,11.1,1500.0,0.01028146022,0.0198809392,0.0,0.0,0.0,0.0,0.0,0.0,0.0,0.0,1.0,0.0,1.0,0.0,1.0,0.0,0.0,0.0,0.0,0.0,0.0,0.061973,0.061461,0.055351,0.054132,0.054381,0.051097,0.051714,0.052947,0.068303,0.047225,0.064482,0.072,0.060004,0.044956,0.062568,0.049375,0.055767,0.041975
sub-67_task-rest,sub-67,Env_Enrichment,9.0,11.1,1500.0,0.009846066257,0.01749967903,0.0,0.0,0.0,0.0,0.0,0.0,0.0,0.0,1.0,0.0,1.0,0.0,1.0,0.0,0.0,0.0,0.0,0.0,0.0,0.112415,0.075229,0.080155,0.069571,0.070662,0.082009,0.078851,0.070043,0.090803,0.053837,0.090699,0.077651,0.078765,0.047485,0.089965,0.074785,0.074258,0.051068
sub-68_task-rest,sub-68,Env_Enrichment,9.0,11.1,1500.0,0.008691328782,0.01480244783,0.0,0.0,0.0,0.0,0.0,0.0,0.0,0.0,1.0,0.0,1.0,0.0,1.0,0.0,0.0,0.0,0.0,0.0,0.0,0.105989,0.080591,0.068467,0.073843,0.068797,0.074721,0.083217,0.068554,0.08639,0.064538,0.105328,0.106488,0.074583,0.063771,0.097283,0.065891,0.085808,0.049463
sub-001_task-rest,sub-001,Florida,28.0,7.0,1500.0,0.005054012023,0.008570363753,0.0,0.0,0.0,0.0,0.0,1.0,0.0,0.0,1.0,0.0,1.0,0.0,0.0,0.0,1.0,0.0,0.0,0.0,0.0,0.038586,0.038664,0.04299,0.039362,0.03667,0.032734,0.037398,0.032204,0.046464,0.033317,0.07208,0.046246,0.051,0.026738,0.044852,0.038019,0.0485,0.031769
sub-002_task-rest,sub-002,Florida,28.0,7.0,1500.0,0.005294416042,0.009215761434,0.0,0.0,0.0,0.0,0.0,0.0,0.0,0.0,1.0,0.0,1.0,0.0,0.0,0.0,1.0,0.0,0.0,0.0,0.0,0.03288,0.034476,0.026633,0.026686,0.025511,0.023932,0.030092,0.022512,0.036513,0.020536,0.039485,0.04163,0.021491,0.023956,0.024963,0.024669,0.031044,0.016861
sub-003_task-rest,sub-003,Florida,28.0,7.0,1500.0,0.005689686879,0.009271274347,0.0,0.0,0.0,0.0,0.0,1.0,0.0,0.0,1.0,0.0,1.0,0.0,0.0,0.0,1.0,0.0,0.0,0.0,0.0,0.063177,0.060538,0.059543,0.030929,0.04509,0.057492,0.055284,0.047241,0.049273,0.035908,0.052905,0.05522,0.049636,0.022096,0.057662,0.037076,0.036982,0.033001
sub-004_task-rest,sub-004,Florida,28.0,7.0,1500.0,0.004051258344,0.006637363086,0.0,0.0,0.0,0.0,0.0,0.0,0.0,0.0,1.0,0.0,1.0,0.0,0.0,0.0,1.0,0.0,0.0,0.0,0.0,0.04017,0.062744,0.063127,0.035672,0.05066,0.0455,0.040386,0.031886,0.053921,0.034525,0.03857,0.045373,0.034474,0.021847,0.038041,0.027712,0.037375,0.028213
sub-008_task-rest,sub-008,Florida,28.0,7.0,1500.0,0.004737200593,0.007884912845,0.0,0.0,0.0,0.0,0.0,0.0,0.0,0.0,1.0,0.0,1.0,0.0,0.0,0.0,1.0,0.0,0.0,0.0,0.0,0.055747,0.048215,0.049796,0.036136,0.046187,0.042759,0.039827,0.036506,0.055623,0.03747,0.052788,0.04344,0.039825,0.035211,0.048222,0.038724,0.051145,0.034161
sub-015_task-rest,sub-015,Florida,28.0,7.0,1500.0,0.004770533968,0.007976828502,0.0,0.0,0.0,0.0,0.0,1.0,0.0,0.0,1.0,0.0,1.0,0.0,0.0,0.0,1.0,0.0,0.0,0.0,0.0,0.035296,0.02537,0.041537,0.031589,0.027199,0.027741,0.04058,0.033954,0.042326,0.019713,0.046262,0.042555,0.023493,0.018083,0.028057,0.033047,0.035844,0.034477
sub-016_task-rest,sub-016,Florida,28.0,7.0,1500.0,0.005252482533,0.008990177243,0.0,0.0,0.0,0.0,0.0,1.0,0.0,0.0,1.0,0.0,1.0,0.0,0.0,0.0,1.0,0.0,0.0,0.0,0.0,0.036124,0.072147,0.061864,0.047197,0.04586,0.043035,0.057538,0.038237,0.043927,0.035851,0.053161,0.055646,0.036854,0.026565,0.037396,0.032853,0.033547,0.028226
sub-019_task-rest,sub-019,Florida,28.0,7.0,1500.0,0.006497501845,0.01197330862,0.0,0.0,0.0,0.0,0.0,1.0,0.0,0.0,1.0,0.0,1.0,0.0,0.0,0.0,1.0,0.0,0.0,0.0,0.0,0.052767,0.062257,0.057137,0.057014,0.048519,0.054032,0.051201,0.048237,0.054217,0.030513,0.062228,0.062687,0.043361,0.029076,0.04783,0.03941,0.041846,0.025413
sub-020_task-rest,sub-020,Florida,28.0,7.0,1500.0,0.01641967858,0.02936319043,0.0,0.0,0.0,0.0,0.0,1.0,0.0,0.0,1.0,0.0,1.0,0.0,0.0,0.0,1.0,0.0,0.0,0.0,0.0,0.223532,0.213706,0.120296,0.202529,0.241261,0.268071,0.499887,0.209863,0.20718,0.161504,0.339673,0.366181,0.147578,0.163705,0.128034,0.297021,0.113454,0.106626
sub-021_task-rest,sub-021,Florida,28.0,7.0,1500.0,0.01502611941,0.02230353261,0.0,0.0,0.0,0.0,0.0,0.0,0.0,0.0,1.0,0.0,1.0,0.0,0.0,0.0,1.0,0.0,0.0,0.0,0.0,0.08403,0.127144,0.089999,0.10223,0.145807,0.106228,0.232953,0.100087,0.099448,0.058412,0.114914,0.099544,0.056078,0.056627,0.055087,0.07865,0.059714,0.154179
sub-022_task-rest,sub-022,Florida,28.0,7.0,1500.0,0.0128873474,0.0236736342,0.0,0.0,0.0,0.0,0.0,0.0,0.0,0.0,1.0,0.0,1.0,0.0,0.0,0.0,1.0,0.0,0.0,0.0,0.0,0.080523,0.058988,0.056045,0.053653,0.057248,0.042576,0.149222,0.085239,0.068766,0.041087,0.110276,0.124538,0.054211,0.028776,0.054135,0.041738,0.079333,0.0413
sub-023_task-rest,sub-023,Florida,28.0,7.0,1500.0,0.007124579376,0.01244014258,0.0,0.0,0.0,0.0,0.0,0.0,0.0,0.0,1.0,0.0,1.0,0.0,0.0,0.0,1.0,0.0,0.0,0.0,0.0,0.08351,0.112478,0.061855,0.071985,0.083171,0.067039,0.074951,0.04325,0.092391,0.046777,0.088766,0.071684,0.056508,0.049076,0.063297,0.049097,0.062752,0.053118
sub-COMR194c_ses-PND30,sub-COMR194c-PND30,Longitudinal,4.0,9.4,1000.0,0.006781644945,0.01045986286,0.0,0.0,0.0,0.0,0.0,1.0,0.0,0.0,1.0,0.0,0.0,0.0,0.0,0.0,0.0,0.0,1.0,0.0,0.0,0.086261,0.115286,0.152245,0.078873,0.070992,0.123877,0.054979,0.055159,0.074586,0.060903,0.069485,0.0728,0.081941,0.052857,0.065815,0.096309,0.057632,0.024689
sub-COMR194c_ses-PND90,sub-COMR194c-PND90,Longitudinal,12.0,9.4,1000.0,0.005912076804,0.008258959638,0.0,0.0,0.0,0.0,0.0,1.0,0.0,0.0,1.0,0.0,0.0,0.0,0.0,0.0,0.0,0.0,1.0,0.0,0.0,0.078932,0.092119,0.094893,0.054514,0.054277,0.080548,0.058353,0.055191,0.069589,0.050792,0.059145,0.080454,0.065694,0.044435,0.070377,0.048036,0.051839,0.028455
sub-COMR194f_ses-PND30,sub-COMR194f-PND30,Longitudinal,4.0,9.4,1000.0,0.006689003051,0.01124431599,0.0,0.0,0.0,0.0,0.0,0.0,0.0,0.0,1.0,0.0,0.0,0.0,0.0,0.0,0.0,0.0,1.0,0.0,0.0,0.065638,0.050895,0.056852,0.050619,0.040582,0.048832,0.048621,0.042304,0.054173,0.04395,0.060325,0.065547,0.047988,0.032211,0.061796,0.02881,0.055422,0.034298
sub-COMR194f_ses-PND90,sub-COMR194f-PND90,Longitudinal,12.0,9.4,1000.0,0.005662397096,0.008491416815,0.0,0.0,0.0,0.0,0.0,0.0,0.0,0.0,1.0,0.0,0.0,0.0,0.0,0.0,0.0,0.0,1.0,0.0,0.0,0.141769,0.151422,0.097678,0.080233,0.076716,0.090245,0.063003,0.069715,0.152119,0.078198,0.083812,0.120291,0.087281,0.065957,0.102735,0.084911,0.07741,0.03836
sub-COMR202d_ses-PND30,sub-COMR202d-PND30,Longitudinal,4.0,9.4,1000.0,0.006610692586,0.01136247689,0.0,0.0,0.0,0.0,0.0,0.0,0.0,0.0,1.0,0.0,0.0,0.0,0.0,0.0,0.0,0.0,1.0,0.0,0.0,0.062959,0.062101,0.056109,0.039398,0.040591,0.057228,0.03371,0.034609,0.065343,0.039337,0.050148,0.07086,0.046773,0.032626,0.059196,0.043593,0.060121,0.046578
sub-COMR202d_ses-PND90,sub-COMR202d-PND90,Longitudinal,12.0,9.4,1000.0,0.005027803051,0.007219245443,0.0,0.0,0.0,0.0,0.0,0.0,0.0,0.0,1.0,0.0,0.0,0.0,0.0,0.0,0.0,0.0,1.0,0.0,0.0,0.132174,0.176766,0.16759,0.095142,0.090231,0.138746,0.070588,0.058433,0.116154,0.059364,0.078153,0.081907,0.088267,0.090187,0.103465,0.086736,0.070757,0.071167
sub-COMR221c_ses-PND30,sub-COMR221c-PND30,Longitudinal,4.0,9.4,1000.0,0.006957535238,0.01234956292,0.0,0.0,0.0,0.0,0.0,1.0,0.0,0.0,1.0,0.0,0.0,0.0,0.0,0.0,0.0,0.0,1.0,0.0,0.0,0.101874,0.1201,0.122805,0.060404,0.106347,0.084883,0.054883,0.039875,0.084577,0.04699,0.069033,0.068059,0.07317,0.059665,0.070119,0.056966,0.06173,0.058152
sub-COMR221c_ses-PND90,sub-COMR221c-PND90,Longitudinal,12.0,9.4,1000.0,0.00539714751,0.007304642596,0.0,0.0,0.0,0.0,0.0,1.0,0.0,0.0,1.0,0.0,0.0,0.0,0.0,0.0,0.0,0.0,1.0,0.0,0.0,0.048863,0.065537,0.062931,0.047422,0.041235,0.040978,0.041059,0.049074,0.057098,0.046444,0.039794,0.042602,0.044133,0.033042,0.044001,0.040501,0.040318,0.015866
sub-COMR221f_ses-PND30,sub-COMR221f-PND30,Longitudinal,4.0,9.4,1000.0,0.006533582185,0.01103733963,0.0,0.0,0.0,0.0,0.0,0.0,0.0,0.0,1.0,0.0,0.0,0.0,0.0,0.0,0.0,0.0,1.0,0.0,0.0,0.093361,0.105412,0.117102,0.068928,0.089756,0.075702,0.061331,0.047227,0.072954,0.044698,0.067596,0.061816,0.080432,0.064119,0.093784,0.061638,0.065594,0.045147
sub-COMR221f_ses-PND90,sub-COMR221f-PND90,Longitudinal,12.0,9.4,1000.0,0.007405271613,0.01148441683,0.0,0.0,0.0,0.0,0.0,0.0,0.0,0.0,1.0,0.0,0.0,0.0,0.0,0.0,0.0,0.0,1.0,0.0,0.0,0.107599,0.171897,0.175282,0.201198,0.120367,0.143098,0.133022,0.07137,0.09282,0.118471,0.22776,0.147378,0.141914,0.16747,0.130068,0.138761,0.141287,0.041553
sub-COMR232a_ses-PND30,sub-COMR232a-PND30,Longitudinal,4.0,9.4,1000.0,0.006514585254,0.01148424684,0.0,0.0,0.0,0.0,0.0,1.0,0.0,0.0,1.0,0.0,0.0,0.0,0.0,0.0,0.0,0.0,1.0,0.0,0.0,0.041317,0.054408,0.046583,0.046222,0.038273,0.04297,0.039478,0.035903,0.052158,0.029866,0.047192,0.050912,0.039578,0.043817,0.0481,0.03808,0.044902,0.020387
sub-COMR232a_ses-PND90,sub-COMR232a-PND90,Longitudinal,12.0,9.4,1000.0,0.00730801025,0.01210899581,0.0,0.0,0.0,0.0,0.0,1.0,0.0,0.0,1.0,0.0,0.0,0.0,0.0,0.0,0.0,0.0,1.0,0.0,0.0,0.073908,0.089935,0.14228,0.068523,0.067961,0.074359,0.088115,0.059805,0.065768,0.043351,0.072857,0.084969,0.066448,0.063791,0.069624,0.066296,0.073888,0.038554
sub-COMR232b_ses-PND30,sub-COMR232b-PND30,Longitudinal,4.0,9.4,1000.0,0.00625340415,0.01094740197,0.0,0.0,0.0,0.0,0.0,0.0,0.0,0.0,1.0,0.0,0.0,0.0,0.0,0.0,0.0,0.0,1.0,0.0,0.0,0.059919,0.072479,0.074505,0.057886,0.058793,0.049631,0.03827,0.040276,0.046653,0.040582,0.053403,0.062683,0.04969,0.044108,0.060698,0.042352,0.048356,0.035091
sub-COMR232b_ses-PND90,sub-COMR232b-PND90,Longitudinal,12.0,9.4,1000.0,0.005586623699,0.008105802556,0.0,0.0,0.0,0.0,0.0,0.0,0.0,0.0,1.0,0.0,0.0,0.0,0.0,0.0,0.0,0.0,1.0,0.0,0.0,0.085893,0.196422,0.170192,0.077614,0.088744,0.091785,0.081652,0.062379,0.070095,0.073992,0.072533,0.072799,0.09876,0.089909,0.100974,0.071771,0.064563,0.024884
sub-COMR232f_ses-PND30,sub-COMR232f-PND30,Longitudinal,4.0,9.4,1000.0,0.006609371853,0.01192559386,0.0,0.0,0.0,0.0,0.0,0.0,0.0,0.0,1.0,0.0,0.0,0.0,0.0,0.0,0.0,0.0,1.0,0.0,0.0,0.073466,0.074902,0.049537,0.054285,0.05781,0.050176,0.051714,0.038116,0.064734,0.045762,0.066793,0.064396,0.05989,0.052164,0.086316,0.058133,0.073789,0.030778
sub-COMR232f_ses-PND90,sub-COMR232f-PND90,Longitudinal,12.0,9.4,1000.0,0.01588135941,0.02450982504,0.0,0.0,0.0,0.0,0.0,0.0,0.0,0.0,1.0,0.0,0.0,0.0,0.0,0.0,0.0,0.0,1.0,0.0,0.0,0.202268,0.159484,0.232769,0.104607,0.109132,0.111865,0.284839,0.120812,0.19519,0.078207,0.125303,0.155108,0.104764,0.081232,0.118793,0.101252,0.089832,0.061975
sub-COMR233a_ses-PND30,sub-COMR233a-PND30,Longitudinal,4.0,9.4,1000.0,0.006790735728,0.01131208539,0.0,0.0,0.0,0.0,0.0,0.0,0.0,0.0,1.0,0.0,0.0,0.0,0.0,0.0,0.0,0.0,1.0,0.0,0.0,0.075746,0.072942,0.074378,0.0759,0.07568,0.077335,0.066437,0.038405,0.061231,0.042042,0.066141,0.085117,0.051289,0.043903,0.084591,0.0618,0.073309,0.037427
sub-COMR233a_ses-PND90,sub-COMR233a-PND90,Longitudinal,12.0,9.4,1000.0,0.00495559382,0.007445689855,0.0,0.0,0.0,0.0,0.0,0.0,0.0,0.0,1.0,0.0,0.0,0.0,0.0,0.0,0.0,0.0,1.0,0.0,0.0,0.077279,0.104001,0.116164,0.059003,0.056748,0.075748,0.04339,0.061794,0.07949,0.044063,0.05478,0.075235,0.064663,0.051415,0.070182,0.082092,0.050959,0.035681
sub-COMR233f_ses-PND30,sub-COMR233f-PND30,Longitudinal,4.0,9.4,1000.0,0.006066126532,0.00915076444,0.0,0.0,0.0,0.0,0.0,1.0,0.0,0.0,1.0,0.0,0.0,0.0,0.0,0.0,0.0,0.0,1.0,0.0,0.0,0.062398,0.069263,0.06313,0.048607,0.04948,0.061237,0.047771,0.039003,0.070526,0.040521,0.062088,0.068235,0.052543,0.036585,0.065892,0.050885,0.073491,0.033714
sub-COMR233f_ses-PND90,sub-COMR233f-PND90,Longitudinal,12.0,9.4,1000.0,0.006184094202,0.009131706992,0.0,0.0,0.0,0.0,0.0,1.0,0.0,0.0,1.0,0.0,0.0,0.0,0.0,0.0,0.0,0.0,1.0,0.0,0.0,0.072149,0.090054,0.076156,0.0592,0.055496,0.067169,0.123339,0.063358,0.069882,0.055735,0.061318,0.071892,0.058348,0.056323,0.072623,0.066942,0.052615,0.037452
sub-COMR242d_ses-PND30,sub-COMR242d-PND30,Longitudinal,4.0,9.4,1000.0,0.007208143494,0.01295326493,0.0,0.0,0.0,0.0,0.0,1.0,0.0,0.0,1.0,0.0,0.0,0.0,0.0,0.0,0.0,0.0,1.0,0.0,0.0,0.03914,0.040898,0.02899,0.032461,0.026396,0.027979,0.03069,0.03657,0.04356,0.02902,0.038218,0.06787,0.036784,0.02136,0.043457,0.02791,0.039996,0.022757
sub-COMR242d_ses-PND90,sub-COMR242d-PND90,Longitudinal,12.0,9.4,1000.0,0.005411119114,0.00787074051,0.0,0.0,0.0,0.0,0.0,1.0,0.0,0.0,1.0,0.0,0.0,0.0,0.0,0.0,0.0,0.0,1.0,0.0,0.0,0.079626,0.082786,0.090753,0.062843,0.080659,0.066406,0.065494,0.055923,0.086563,0.050914,0.079474,0.08297,0.068596,0.048165,0.066642,0.070055,0.056247,0.043082
sub-COMR242i_ses-PND30,sub-COMR242i-PND30,Longitudinal,4.0,9.4,1000.0,0.01165833024,0.02276302441,0.0,0.0,0.0,0.0,0.0,0.0,0.0,0.0,1.0,0.0,0.0,0.0,0.0,0.0,0.0,0.0,1.0,0.0,0.0,0.071439,0.099811,0.093999,0.07265,0.076479,0.052908,0.058663,0.044234,0.0718,0.050949,0.07671,0.131294,0.073982,0.033255,0.088584,0.049369,0.068192,0.051849
sub-COMR291e_ses-PND30,sub-COMR291e-PND30,Longitudinal,4.0,9.4,1000.0,0.007028199342,0.01191076189,0.0,0.0,0.0,0.0,0.0,0.0,0.0,0.0,1.0,0.0,0.0,0.0,0.0,0.0,0.0,0.0,1.0,0.0,0.0,0.07325,0.112897,0.110761,0.056388,0.047824,0.062108,0.062113,0.050118,0.089631,0.035837,0.054638,0.073162,0.067437,0.051372,0.078357,0.049896,0.05829,0.03067
sub-COMR291e_ses-PND90,sub-COMR291e-PND90,Longitudinal,12.0,9.4,1000.0,0.009031700241,0.01441111041,0.0,0.0,0.0,0.0,0.0,0.0,0.0,0.0,1.0,0.0,0.0,0.0,0.0,0.0,0.0,0.0,1.0,0.0,0.0,0.078809,0.076431,0.046796,0.063207,0.0523,0.059027,0.061668,0.069222,0.06951,0.051285,0.071216,0.100788,0.062939,0.046327,0.072399,0.046928,0.054325,0.042106
sub-COMR291f_ses-PND30,sub-COMR291f-PND30,Longitudinal,4.0,9.4,1000.0,0.006650687115,0.01077592585,0.0,0.0,0.0,0.0,0.0,0.0,0.0,0.0,1.0,0.0,0.0,0.0,0.0,0.0,0.0,0.0,1.0,0.0,0.0,0.061904,0.082843,0.07404,0.04668,0.044553,0.055873,0.052684,0.043415,0.069117,0.039203,0.048544,0.048038,0.06448,0.04193,0.069786,0.047841,0.049048,0.036893
sub-COMR291f_ses-PND90,sub-COMR291f-PND90,Longitudinal,12.0,9.4,1000.0,0.005329959736,0.008332619761,0.0,0.0,0.0,0.0,0.0,0.0,0.0,0.0,1.0,0.0,0.0,0.0,0.0,0.0,0.0,0.0,1.0,0.0,0.0,0.087333,0.07953,0.064559,0.056795,0.058887,0.055915,0.045588,0.045538,0.091913,0.046992,0.055428,0.08874,0.073482,0.046046,0.070432,0.053778,0.05365,0.034309
sub-COMR291h_ses-PND30,sub-COMR291h-PND30,Longitudinal,4.0,9.4,1000.0,0.006466664459,0.01086708417,0.0,0.0,0.0,0.0,0.0,0.0,0.0,0.0,1.0,0.0,0.0,0.0,0.0,0.0,0.0,0.0,1.0,0.0,0.0,0.059031,0.061082,0.053261,0.061615,0.052118,0.052336,0.065051,0.058836,0.052008,0.040379,0.065793,0.079025,0.048746,0.035174,0.046698,0.037726,0.050174,0.040696
sub-COMR291h_ses-PND90,sub-COMR291h-PND90,Longitudinal,12.0,9.4,1000.0,0.00531176287,0.007826652955,0.0,0.0,0.0,0.0,0.0,0.0,0.0,0.0,1.0,0.0,0.0,0.0,0.0,0.0,0.0,0.0,1.0,0.0,0.0,0.075545,0.086492,0.064999,0.052407,0.043179,0.058522,0.053297,0.055698,0.089605,0.050373,0.06352,0.070496,0.059089,0.050346,0.074008,0.072453,0.054108,0.031895
sub-COMR301d_ses-PND30,sub-COMR301d-PND30,Longitudinal,4.0,9.4,1000.0,0.00699299565,0.01230016291,0.0,0.0,0.0,0.0,0.0,0.0,0.0,0.0,1.0,0.0,0.0,0.0,0.0,0.0,0.0,0.0,1.0,0.0,0.0,0.063653,0.107916,0.100458,0.057482,0.049809,0.075307,0.062304,0.060987,0.082586,0.05185,0.067782,0.068558,0.072655,0.05029,0.071466,0.055689,0.047521,0.018313
sub-COMR301d_ses-PND90,sub-COMR301d-PND90,Longitudinal,12.0,9.4,1000.0,0.005443385684,0.008259885892,0.0,0.0,0.0,0.0,0.0,0.0,0.0,0.0,1.0,0.0,0.0,0.0,0.0,0.0,0.0,0.0,1.0,0.0,0.0,0.064008,0.05321,0.083947,0.046194,0.037481,0.055485,0.048057,0.049446,0.077821,0.044072,0.051316,0.056255,0.060049,0.050864,0.066749,0.073963,0.051497,0.02106
sub-COMR301f_ses-PND30,sub-COMR301f-PND30,Longitudinal,4.0,9.4,1000.0,0.007266408663,0.0136034071,0.0,0.0,0.0,0.0,0.0,1.0,0.0,0.0,1.0,0.0,0.0,0.0,0.0,0.0,0.0,0.0,1.0,0.0,0.0,0.057653,0.068108,0.066004,0.041411,0.047222,0.05653,0.053565,0.042284,0.063557,0.031974,0.062173,0.053147,0.040423,0.050691,0.071987,0.04403,0.049518,0.047124
sub-COMR301f_ses-PND90,sub-COMR301f-PND90,Longitudinal,12.0,9.4,1000.0,0.005197976636,0.007541750601,0.0,0.0,0.0,0.0,0.0,1.0,0.0,0.0,1.0,0.0,0.0,0.0,0.0,0.0,0.0,0.0,1.0,0.0,0.0,0.083224,0.084925,0.088198,0.069529,0.059423,0.055886,0.073679,0.078356,0.10111,0.058055,0.085908,0.102376,0.079542,0.06248,0.067777,0.063594,0.081561,0.032843
sub-COMR321a_ses-PND30,sub-COMR321a-PND30,Longitudinal,4.0,9.4,1000.0,0.006293259638,0.01084044655,0.0,0.0,0.0,0.0,0.0,1.0,0.0,0.0,1.0,0.0,0.0,0.0,0.0,0.0,0.0,0.0,1.0,0.0,0.0,0.056721,0.057506,0.058138,0.040309,0.036513,0.042505,0.040287,0.045129,0.060147,0.039238,0.049411,0.067064,0.050479,0.035017,0.04897,0.046494,0.04584,0.035045
sub-COMR321a_ses-PND90,sub-COMR321a-PND90,Longitudinal,12.0,9.4,1000.0,0.01029000114,0.01779318002,0.0,0.0,0.0,0.0,0.0,1.0,0.0,0.0,1.0,0.0,0.0,0.0,0.0,0.0,0.0,0.0,1.0,0.0,0.0,0.130677,0.230363,0.25373,0.163563,0.112589,0.168566,0.139099,0.079633,0.116201,0.099369,0.081798,0.114182,0.110524,0.123201,0.090899,0.12851,0.083374,0.045652
sub-COMR331a_ses-PND30,sub-COMR331a-PND30,Longitudinal,4.0,9.4,1000.0,0.006467121616,0.01059784086,0.0,0.0,0.0,0.0,0.0,1.0,0.0,0.0,1.0,0.0,0.0,0.0,0.0,0.0,0.0,0.0,1.0,0.0,0.0,0.067071,0.059813,0.058697,0.046652,0.048755,0.057649,0.055199,0.037645,0.075479,0.034453,0.061266,0.067641,0.052183,0.039571,0.046667,0.038704,0.055839,0.040751
sub-COMR331a_ses-PND90,sub-COMR331a-PND90,Longitudinal,12.0,9.4,1000.0,0.00629170758,0.01010338842,0.0,0.0,0.0,0.0,0.0,1.0,0.0,0.0,1.0,0.0,0.0,0.0,0.0,0.0,0.0,0.0,1.0,0.0,0.0,0.053696,0.084214,0.073463,0.047519,0.045863,0.051589,0.058346,0.05649,0.048003,0.034948,0.077123,0.055601,0.068429,0.037838,0.057687,0.065509,0.042681,0.018307
sub-COMR331b_ses-PND30,sub-COMR331b-PND30,Longitudinal,4.0,9.4,1000.0,0.006226668865,0.01058852322,0.0,0.0,0.0,0.0,0.0,1.0,0.0,0.0,1.0,0.0,0.0,0.0,0.0,0.0,0.0,0.0,1.0,0.0,0.0,0.070637,0.094662,0.058473,0.081087,0.064385,0.065749,0.058253,0.052014,0.070409,0.040649,0.066015,0.089256,0.085469,0.065967,0.083836,0.077451,0.0701,0.043596
sub-COMR331b_ses-PND90,sub-COMR331b-PND90,Longitudinal,12.0,9.4,1000.0,0.00542792689,0.00866648249,0.0,0.0,0.0,0.0,0.0,1.0,0.0,0.0,1.0,0.0,0.0,0.0,0.0,0.0,0.0,0.0,1.0,0.0,0.0,0.075971,0.085371,0.115391,0.06387,0.054253,0.063992,0.060412,0.048982,0.084296,0.049591,0.072561,0.092632,0.071357,0.055113,0.074466,0.053706,0.055515,0.035523
sub-COMR331c_ses-PND30,sub-COMR331c-PND30,Longitudinal,4.0,9.4,1000.0,0.006336350346,0.01089696007,0.0,0.0,0.0,0.0,0.0,1.0,0.0,0.0,1.0,0.0,0.0,0.0,0.0,0.0,0.0,0.0,1.0,0.0,0.0,0.058012,0.054165,0.05596,0.044807,0.047449,0.050152,0.054638,0.036473,0.065938,0.039961,0.06671,0.070924,0.042053,0.046464,0.047733,0.04265,0.05567,0.038282
sub-COMR331c_ses-PND90,sub-COMR331c-PND90,Longitudinal,12.0,9.4,1000.0,0.006329979123,0.009953942743,0.0,0.0,0.0,0.0,0.0,1.0,0.0,0.0,1.0,0.0,0.0,0.0,0.0,0.0,0.0,0.0,1.0,0.0,0.0,0.071049,0.141091,0.170126,0.087514,0.08199,0.096312,0.104689,0.06106,0.076069,0.049124,0.096627,0.099136,0.100752,0.086402,0.075799,0.058779,0.089101,0.034958
sub-COMR331e_ses-PND30,sub-COMR331e-PND30,Longitudinal,4.0,9.4,1000.0,0.006642047789,0.01072006715,0.0,0.0,0.0,0.0,0.0,0.0,0.0,0.0,1.0,0.0,0.0,0.0,0.0,0.0,0.0,0.0,1.0,0.0,0.0,0.075884,0.103895,0.070188,0.046105,0.055282,0.061293,0.066664,0.050884,0.067853,0.051257,0.05622,0.099191,0.068813,0.042851,0.067964,0.045444,0.060758,0.031501
sub-COMR331e_ses-PND90,sub-COMR331e-PND90,Longitudinal,12.0,9.4,1000.0,0.005647157189,0.007619075833,0.0,0.0,0.0,0.0,0.0,0.0,0.0,0.0,1.0,0.0,0.0,0.0,0.0,0.0,0.0,0.0,1.0,0.0,0.0,0.084872,0.128568,0.162741,0.08028,0.07373,0.079031,0.065397,0.048868,0.103531,0.060832,0.073635,0.071822,0.072985,0.064137,0.078462,0.082015,0.056471,0.029543
sub-COMR332d_ses-PND30,sub-COMR332d-PND30,Longitudinal,4.0,9.4,1000.0,0.00553220869,0.008048521467,0.0,0.0,0.0,0.0,0.0,1.0,0.0,0.0,1.0,0.0,0.0,0.0,0.0,0.0,0.0,0.0,1.0,0.0,0.0,0.0697,0.063554,0.042582,0.051753,0.043205,0.046006,0.045178,0.04916,0.06967,0.042935,0.077699,0.068365,0.04826,0.040752,0.055155,0.043333,0.077595,0.033935
sub-COMR332d_ses-PND90,sub-COMR332d-PND90,Longitudinal,12.0,9.4,1000.0,0.0190391148,0.03045744918,0.0,0.0,0.0,0.0,0.0,1.0,0.0,0.0,1.0,0.0,0.0,0.0,0.0,0.0,0.0,0.0,1.0,0.0,0.0,0.182507,0.217527,0.160504,0.152939,0.140733,0.103304,0.171378,0.104117,0.178133,0.099632,0.125657,0.135817,0.088025,0.100266,0.140702,0.136557,0.113259,0.037991
sub-COMR332f_ses-PND30,sub-COMR332f-PND30,Longitudinal,4.0,9.4,1000.0,0.0165821076,0.03214168533,0.0,0.0,0.0,0.0,0.0,0.0,0.0,0.0,1.0,0.0,0.0,0.0,0.0,0.0,0.0,0.0,1.0,0.0,0.0,0.113092,0.071836,0.061385,0.085733,0.065629,0.08184,0.13373,0.058148,0.084157,0.041468,0.07739,0.102646,0.062309,0.051431,0.086596,0.06064,0.053141,0.027342
sub-COMR332f_ses-PND90,sub-COMR332f-PND90,Longitudinal,12.0,9.4,1000.0,0.006179281605,0.01049556659,0.0,0.0,0.0,0.0,0.0,0.0,0.0,0.0,1.0,0.0,0.0,0.0,0.0,0.0,0.0,0.0,1.0,0.0,0.0,0.138412,0.165609,0.202456,0.134341,0.110946,0.189918,0.087038,0.070958,0.137913,0.07607,0.056837,0.086411,0.092937,0.11907,0.139676,0.121213,0.081354,0.04575
sub-COMR341a_ses-PND30,sub-COMR341a-PND30,Longitudinal,4.0,9.4,1000.0,0.007328455548,0.0140908665,0.0,0.0,0.0,0.0,0.0,0.0,0.0,0.0,1.0,0.0,0.0,0.0,0.0,0.0,0.0,0.0,1.0,0.0,0.0,0.07155,0.057021,0.039538,0.077352,0.051725,0.061906,0.07194,0.051518,0.079948,0.058407,0.077336,0.096139,0.072571,0.048948,0.064272,0.069357,0.054073,0.040298
sub-COMR351b_ses-PND30,sub-COMR351b-PND30,Longitudinal,4.0,9.4,1000.0,0.008844874546,0.01618385277,0.0,0.0,0.0,0.0,0.0,1.0,0.0,0.0,1.0,0.0,0.0,0.0,0.0,0.0,0.0,0.0,1.0,0.0,0.0,0.077081,0.084466,0.052454,0.042512,0.052185,0.048956,0.063094,0.036501,0.05677,0.038764,0.053358,0.088002,0.054696,0.039168,0.052014,0.056607,0.062664,0.046846
sub-COMR351b_ses-PND90,sub-COMR351b-PND90,Longitudinal,12.0,9.4,1000.0,0.006488833054,0.01121144437,0.0,0.0,0.0,0.0,0.0,1.0,0.0,0.0,1.0,0.0,0.0,0.0,0.0,0.0,0.0,0.0,1.0,0.0,0.0,0.088384,0.225511,0.206961,0.103806,0.077019,0.111051,0.088752,0.051521,0.076287,0.039878,0.073268,0.082963,0.083537,0.088363,0.071901,0.089155,0.078751,0.040454
sub-COMR351i_ses-PND30,sub-COMR351i-PND30,Longitudinal,4.0,9.4,1000.0,0.006772109984,0.01222422083,0.0,0.0,0.0,0.0,0.0,0.0,0.0,0.0,1.0,0.0,0.0,0.0,0.0,0.0,0.0,0.0,1.0,0.0,0.0,0.093528,0.117432,0.087194,0.07205,0.077955,0.080719,0.067012,0.063552,0.095645,0.048453,0.07307,0.083912,0.073078,0.06461,0.111463,0.08043,0.063719,0.023369
sub-COMR351i_ses-PND90,sub-COMR351i-PND90,Longitudinal,12.0,9.4,1000.0,0.005687852899,0.008026803792,0.0,0.0,0.0,0.0,0.0,0.0,0.0,0.0,1.0,0.0,0.0,0.0,0.0,0.0,0.0,0.0,1.0,0.0,0.0,0.118622,0.104204,0.113843,0.072154,0.091119,0.091146,0.063178,0.049158,0.081559,0.044849,0.082164,0.080986,0.094216,0.092039,0.11441,0.074094,0.075478,0.068811
sub-COMR381a_ses-PND90,sub-COMR381a-PND90,Longitudinal,12.0,9.4,1000.0,0.005121743906,0.007819942765,0.0,0.0,0.0,0.0,0.0,1.0,0.0,0.0,1.0,0.0,0.0,0.0,0.0,0.0,0.0,0.0,1.0,0.0,0.0,0.06682,0.056113,0.079947,0.054502,0.041708,0.060913,0.048072,0.064968,0.070899,0.037339,0.060279,0.065176,0.052769,0.0355,0.060929,0.047554,0.042069,0.021079
sub-COMR381e_ses-PND30,sub-COMR381e-PND30,Longitudinal,4.0,9.4,1000.0,0.007108138437,0.01151155154,0.0,0.0,0.0,0.0,0.0,1.0,0.0,0.0,1.0,0.0,0.0,0.0,0.0,0.0,0.0,0.0,1.0,0.0,0.0,0.099945,0.079619,0.10074,0.052099,0.063872,0.051135,0.063308,0.038378,0.086531,0.051781,0.06931,0.073049,0.072339,0.061439,0.084358,0.067797,0.076357,0.047568
sub-COMR381e_ses-PND90,sub-COMR381e-PND90,Longitudinal,12.0,9.4,1000.0,0.005809468462,0.008460002805,0.0,0.0,0.0,0.0,0.0,1.0,0.0,0.0,1.0,0.0,0.0,0.0,0.0,0.0,0.0,0.0,1.0,0.0,0.0,0.097849,0.099883,0.102907,0.062364,0.060382,0.062587,0.06509,0.063277,0.111583,0.076563,0.083747,0.098097,0.077799,0.063429,0.084874,0.076396,0.080484,0.046068
sub-COMR381g_ses-PND30,sub-COMR381g-PND30,Longitudinal,4.0,9.4,1000.0,0.005804865877,0.008679664322,0.0,0.0,0.0,0.0,0.0,1.0,0.0,0.0,1.0,0.0,0.0,0.0,0.0,0.0,0.0,0.0,1.0,0.0,0.0,0.078748,0.069677,0.079526,0.04865,0.071345,0.053548,0.046194,0.04977,0.072417,0.050311,0.062824,0.066267,0.062923,0.04745,0.060208,0.063469,0.101568,0.05181
sub-COMR381g_ses-PND90,sub-COMR381g-PND90,Longitudinal,12.0,9.4,1000.0,0.006073004774,0.009837422719,0.0,0.0,0.0,0.0,0.0,1.0,0.0,0.0,1.0,0.0,0.0,0.0,0.0,0.0,0.0,0.0,1.0,0.0,0.0,0.077946,0.089506,0.105205,0.079431,0.061954,0.059411,0.056431,0.06541,0.094026,0.065828,0.08261,0.101894,0.096949,0.080533,0.079603,0.081443,0.075622,0.030713
sub-COMR391b_ses-PND30,sub-COMR391b-PND30,Longitudinal,4.0,9.4,1000.0,0.007075240353,0.0114813693,0.0,0.0,0.0,0.0,0.0,1.0,0.0,0.0,1.0,0.0,0.0,0.0,0.0,0.0,0.0,0.0,1.0,0.0,0.0,0.111572,0.086051,0.070922,0.05839,0.075462,0.092433,0.084425,0.056173,0.076591,0.036282,0.073986,0.056788,0.056003,0.057112,0.072195,0.06587,0.086675,0.047709
sub-COMR391b_ses-PND90,sub-COMR391b-PND90,Longitudinal,12.0,9.4,1000.0,0.005519084716,0.008404037783,0.0,0.0,0.0,0.0,0.0,1.0,0.0,0.0,1.0,0.0,0.0,0.0,0.0,0.0,0.0,0.0,1.0,0.0,0.0,0.05524,0.055233,0.066404,0.045635,0.042944,0.043192,0.041885,0.052103,0.061007,0.043059,0.064204,0.044064,0.043786,0.036512,0.050017,0.045994,0.039863,0.027309
sub-COMR421b_ses-PND30,sub-COMR421b-PND30,Longitudinal,4.0,9.4,1000.0,0.007473605779,0.0123083312,0.0,0.0,0.0,0.0,0.0,1.0,0.0,0.0,1.0,0.0,0.0,0.0,0.0,0.0,0.0,0.0,1.0,0.0,0.0,0.069642,0.065852,0.06206,0.036702,0.037209,0.0474,0.049689,0.046669,0.052579,0.037478,0.068845,0.043528,0.052768,0.040932,0.048134,0.057063,0.046176,0.032972
sub-COMR421b_ses-PND90,sub-COMR421b-PND90,Longitudinal,12.0,9.4,1000.0,0.008197130228,0.01259542892,0.0,0.0,0.0,0.0,0.0,1.0,0.0,0.0,1.0,0.0,0.0,0.0,0.0,0.0,0.0,0.0,1.0,0.0,0.0,0.090318,0.098046,0.089905,0.06901,0.068484,0.076117,0.109825,0.086522,0.109572,0.070214,0.111319,0.107259,0.081812,0.054356,0.065115,0.069053,0.106071,0.052378
sub-COMR421f_ses-PND30,sub-COMR421f-PND30,Longitudinal,4.0,9.4,1000.0,0.007109974847,0.01299713849,0.0,0.0,0.0,0.0,0.0,0.0,0.0,0.0,1.0,0.0,0.0,0.0,0.0,0.0,0.0,0.0,1.0,0.0,0.0,0.089208,0.075674,0.061114,0.053699,0.043803,0.056147,0.059207,0.046387,0.065723,0.04274,0.06455,0.068393,0.089283,0.061443,0.072864,0.062636,0.062698,0.026812
sub-COMR421f_ses-PND90,sub-COMR421f-PND90,Longitudinal,12.0,9.4,1000.0,0.004911227186,0.007102097003,0.0,0.0,0.0,0.0,0.0,0.0,0.0,0.0,1.0,0.0,0.0,0.0,0.0,0.0,0.0,0.0,1.0,0.0,0.0,0.047865,0.079152,0.061571,0.054401,0.044642,0.041844,0.051064,0.049584,0.057666,0.044811,0.0735,0.06014,0.055798,0.040595,0.057905,0.043044,0.051674,0.018891
sub-COMR431c_ses-PND30,sub-COMR431c-PND30,Longitudinal,4.0,9.4,1000.0,0.008106713008,0.01431838265,0.0,0.0,0.0,0.0,0.0,0.0,0.0,0.0,1.0,0.0,0.0,0.0,0.0,0.0,0.0,0.0,1.0,0.0,0.0,0.171061,0.096194,0.126986,0.108732,0.139409,0.11605,0.069174,0.048068,0.110836,0.066549,0.165617,0.157003,0.109471,0.089277,0.17251,0.089792,0.097625,0.06584
sub-COMR431c_ses-PND90,sub-COMR431c-PND90,Longitudinal,12.0,9.4,1000.0,0.006217238071,0.009072026555,0.0,0.0,0.0,0.0,0.0,0.0,0.0,0.0,1.0,0.0,0.0,0.0,0.0,0.0,0.0,0.0,1.0,0.0,0.0,0.083232,0.081477,0.076171,0.06623,0.060647,0.058574,0.064913,0.079012,0.10793,0.061236,0.085864,0.087816,0.082013,0.075261,0.099907,0.075387,0.080716,0.035938
sub-jgrADc3NT2_ses-1,,3xTG,19.5,11.75,1000.0,0.01275870241,0.026214232815000002,1.0,1.0,1.0,1.0,1.0,0.0,0.0,0.0,1.0,0.0,0.0,0.0,0.0,0.0,0.0,0.0,0.0,0.0,0.0,0.034176,0.028537,0.020529,0.028063,0.022301,0.02837,0.02607,0.017483,0.02406,0.027137,0.031536,0.022758,0.022596,0.019597,0.026202,0.019869,0.039633,0.013966
sub-jgrADc41L_ses-1,c41L,3xTG,13.0,11.75,1000.0,0.01419583408,0.02895582821,0.0,0.0,0.0,0.0,0.0,1.0,0.0,0.0,0.0,0.0,0.0,0.0,0.0,0.0,0.0,0.0,1.0,0.0,0.0,0.075112,0.082204,0.105974,0.073857,0.047173,0.047234,0.08378,0.055192,0.07226,0.056696,0.051011,0.049006,0.045647,0.052205,0.067123,0.051313,0.045848,0.037689
sub-jgrADc41L_ses-2,c41L,3xTG,26.0,11.75,1000.0,0.01439849296,0.02964451452,0.0,0.0,0.0,0.0,0.0,1.0,0.0,0.0,0.0,0.0,0.0,0.0,0.0,0.0,0.0,0.0,1.0,0.0,0.0,0.073799,0.059524,0.059568,0.06103,0.039751,0.045718,0.064371,0.071061,0.054082,0.039399,0.040905,0.054531,0.058099,0.049208,0.050704,0.032335,0.039005,0.035732
sub-jgrADc41R_ses-1,c41R,3xTG,13.0,11.75,1000.0,0.01187099016,0.02425592053,0.0,0.0,0.0,0.0,0.0,1.0,0.0,0.0,0.0,0.0,0.0,0.0,0.0,0.0,0.0,0.0,1.0,0.0,0.0,0.0742,0.088724,0.0886,0.057482,0.039827,0.047728,0.054884,0.057841,0.061516,0.043597,0.046683,0.045346,0.057442,0.067564,0.054424,0.049527,0.036896,0.038081
sub-jgrADc41R_ses-2,c41R,3xTG,26.0,11.75,1000.0,0.01383416691,0.02833375436,0.0,0.0,0.0,0.0,0.0,1.0,0.0,0.0,0.0,0.0,0.0,0.0,0.0,0.0,0.0,0.0,1.0,0.0,0.0,0.082977,0.065227,0.063021,0.066548,0.046082,0.042792,0.057278,0.058982,0.065395,0.04645,0.059343,0.058867,0.041382,0.047786,0.046065,0.052247,0.037485,0.039366
sub-jgrADc42L_ses-1,c42L,3xTG,13.0,11.75,1000.0,0.01317149748,0.02691620126,0.0,0.0,0.0,0.0,0.0,1.0,0.0,0.0,0.0,0.0,0.0,0.0,0.0,0.0,0.0,0.0,1.0,0.0,0.0,0.075878,0.099489,0.078813,0.057242,0.038114,0.056507,0.071091,0.065896,0.071864,0.058958,0.050504,0.044173,0.05252,0.054383,0.057152,0.036514,0.034251,0.037918
sub-jgrADc42L_ses-2,c42L,3xTG,26.0,11.75,1000.0,0.009351516861,0.01828143773,0.0,0.0,0.0,0.0,0.0,1.0,0.0,0.0,0.0,0.0,0.0,0.0,0.0,0.0,0.0,0.0,1.0,0.0,0.0,0.089022,0.062669,0.061218,0.05799,0.043772,0.04752,0.074711,0.097802,0.07371,0.046465,0.050759,0.058955,0.065573,0.060837,0.06706,0.047463,0.041904,0.044368
sub-jgrADc42R_ses-1,c42R,3xTG,13.0,11.75,1000.0,0.01406571165,0.0286141992,0.0,0.0,0.0,0.0,0.0,1.0,0.0,0.0,0.0,0.0,0.0,0.0,0.0,0.0,0.0,0.0,1.0,0.0,0.0,0.074061,0.091413,0.084187,0.06623,0.054433,0.064879,0.069087,0.07995,0.055903,0.049463,0.061848,0.054653,0.057613,0.051233,0.057393,0.0432,0.037609,0.036889
sub-jgrADc42R_ses-2,c42R,3xTG,26.0,11.75,1000.0,0.01156012978,0.02220032083,0.0,0.0,0.0,0.0,0.0,1.0,0.0,0.0,0.0,0.0,0.0,0.0,0.0,0.0,0.0,0.0,1.0,0.0,0.0,0.076771,0.063496,0.055432,0.055524,0.046703,0.051184,0.070503,0.082038,0.062598,0.049752,0.053013,0.055063,0.058234,0.039854,0.055133,0.04078,0.0423,0.036228
sub-jgrADc4NT_ses-1,,3xTG,19.5,11.75,1000.0,0.01275870241,0.026214232815000002,1.0,1.0,1.0,1.0,1.0,0.0,0.0,0.0,1.0,0.0,0.0,0.0,0.0,0.0,0.0,0.0,0.0,0.0,0.0,0.092556,0.116671,0.127022,0.078572,0.046199,0.063236,0.07377,0.098727,0.079203,0.057224,0.050238,0.059201,0.068254,0.076106,0.076497,0.06426,0.040578,0.038076
sub-jgrADc4NT_ses-2,,3xTG,19.5,11.75,1000.0,0.01275870241,0.026214232815000002,1.0,1.0,1.0,1.0,1.0,0.0,0.0,0.0,1.0,0.0,0.0,0.0,0.0,0.0,0.0,0.0,0.0,0.0,0.0,0.091051,0.100537,0.111655,0.078791,0.060022,0.078382,0.075603,0.108912,0.090675,0.074144,0.056032,0.068086,0.077334,0.061143,0.070184,0.047222,0.037407,0.03888
sub-jgrADc51L_ses-1,c51L,3xTG,13.0,11.75,1000.0,0.01105706619,0.02231625152,0.0,0.0,0.0,0.0,0.0,1.0,0.0,0.0,0.0,0.0,0.0,0.0,0.0,0.0,0.0,0.0,1.0,0.0,0.0,0.078878,0.094984,0.11058,0.086573,0.046497,0.062607,0.070622,0.066206,0.079292,0.071899,0.043382,0.056167,0.054472,0.050247,0.076802,0.05048,0.044521,0.043546
sub-jgrADc51L_ses-2,c51L,3xTG,26.0,11.75,1000.0,0.01045366105,0.02064219063,0.0,0.0,0.0,0.0,0.0,1.0,0.0,0.0,0.0,0.0,0.0,0.0,0.0,0.0,0.0,0.0,1.0,0.0,0.0,0.089268,0.108908,0.163196,0.110566,0.064775,0.079428,0.078611,0.074656,0.087659,0.063629,0.055733,0.061869,0.065775,0.064108,0.063613,0.044653,0.038584,0.03874
sub-jgrADc5NT_ses-1,,3xTG,19.5,11.75,1000.0,0.01275870241,0.026214232815000002,1.0,1.0,1.0,1.0,1.0,0.0,0.0,0.0,1.0,0.0,0.0,0.0,0.0,0.0,0.0,0.0,0.0,0.0,0.0,0.087134,0.091007,0.086414,0.080803,0.049717,0.052767,0.059846,0.081464,0.051526,0.049059,0.056663,0.063955,0.052049,0.060559,0.068711,0.050017,0.031876,0.031965
sub-jgrADc5NT_ses-2,,3xTG,19.5,11.75,1000.0,0.01275870241,0.026214232815000002,1.0,1.0,1.0,1.0,1.0,0.0,0.0,0.0,1.0,0.0,0.0,0.0,0.0,0.0,0.0,0.0,0.0,0.0,0.0,0.081891,0.083328,0.107498,0.079019,0.042924,0.051041,0.069445,0.068021,0.054238,0.047066,0.0514,0.052155,0.060698,0.047798,0.060261,0.039469,0.037871,0.036721
sub-jgrADc71L_ses-1,c71L,3xTG,13.0,11.75,1000.0,0.01253781389,0.02581378075,0.0,0.0,0.0,0.0,0.0,1.0,0.0,0.0,0.0,0.0,0.0,0.0,0.0,0.0,0.0,0.0,1.0,0.0,0.0,0.086967,0.084703,0.104413,0.052675,0.048147,0.050979,0.06635,0.064064,0.060628,0.046446,0.061596,0.050913,0.044967,0.050372,0.056001,0.045497,0.037377,0.03695
sub-jgrADc71L_ses-2,c71L,3xTG,26.0,11.75,1000.0,0.01351073701,0.02719278558,0.0,0.0,0.0,0.0,0.0,1.0,0.0,0.0,0.0,0.0,0.0,0.0,0.0,0.0,0.0,0.0,1.0,0.0,0.0,0.100497,0.081043,0.087509,0.060622,0.044215,0.056551,0.069551,0.106529,0.07328,0.059706,0.052952,0.062244,0.056724,0.052446,0.0529,0.049175,0.039802,0.041457
sub-jgrADc71R_ses-1,c71R,3xTG,13.0,11.75,1000.0,0.01297959093,0.02661468488,0.0,0.0,0.0,0.0,0.0,1.0,0.0,0.0,0.0,0.0,0.0,0.0,0.0,0.0,0.0,0.0,1.0,0.0,0.0,0.095069,0.088206,0.105418,0.057976,0.051405,0.057834,0.059047,0.056293,0.063694,0.050875,0.053437,0.056329,0.062001,0.061391,0.069936,0.054854,0.043962,0.04255
sub-jgrADc71R_ses-2,c71R,3xTG,26.0,11.75,1000.0,0.01250657996,0.02496207521,0.0,0.0,0.0,0.0,0.0,1.0,0.0,0.0,0.0,0.0,0.0,0.0,0.0,0.0,0.0,0.0,1.0,0.0,0.0,0.081174,0.08483,0.073549,0.071599,0.040561,0.055739,0.066528,0.068315,0.057483,0.047693,0.054671,0.049208,0.058931,0.049374,0.05876,0.049731,0.039082,0.035791
sub-jgrADc7NT_ses-1,,3xTG,19.5,11.75,1000.0,0.01275870241,0.026214232815000002,1.0,1.0,1.0,1.0,1.0,0.0,0.0,0.0,1.0,0.0,0.0,0.0,0.0,0.0,0.0,0.0,0.0,0.0,0.0,0.082182,0.079169,0.08546,0.05339,0.053139,0.056985,0.061594,0.083694,0.067299,0.042147,0.053166,0.055233,0.049961,0.055192,0.061922,0.045555,0.039289,0.04212
sub-jgrADc7NT_ses-2,,3xTG,19.5,11.75,1000.0,0.01275870241,0.026214232815000002,1.0,1.0,1.0,1.0,1.0,0.0,0.0,0.0,1.0,0.0,0.0,0.0,0.0,0.0,0.0,0.0,0.0,0.0,0.0,0.093253,0.068374,0.074717,0.064685,0.045678,0.055398,0.078685,0.070811,0.076661,0.04712,0.052248,0.048919,0.071838,0.062731,0.078857,0.048037,0.046105,0.031583
sub-jgrAesAWc11L_ses-1_run-1,,Awake_Rest,12.0,9.4,2000.0,0.02950568869,0.04959870291,1.0,1.0,1.0,1.0,1.0,0.0,0.0,0.0,1.0,0.0,0.0,0.0,0.0,0.0,0.0,0.0,0.0,0.0,0.0,0.200966,0.171221,0.353679,0.104698,0.140418,0.114467,0.16384,0.176372,0.132324,0.102499,0.125861,0.183067,0.087321,0.115983,0.080715,0.109762,0.092628,0.156017
sub-jgrAesAWc11L_ses-2_run-2,,Awake_Rest,12.0,9.4,2000.0,0.02950568869,0.04959870291,1.0,1.0,1.0,1.0,1.0,0.0,0.0,0.0,1.0,0.0,0.0,0.0,0.0,0.0,0.0,0.0,0.0,0.0,0.0,0.152062,0.116639,0.179322,0.11242,0.083019,0.087906,0.090123,0.081537,0.119621,0.077562,0.1198,0.11292,0.073481,0.115611,0.108512,0.133101,0.119657,0.076781
sub-jgrAesAWc11L_ses-2_run-3,,Awake_Rest,12.0,9.4,2000.0,0.02950568869,0.04959870291,1.0,1.0,1.0,1.0,1.0,0.0,0.0,0.0,1.0,0.0,0.0,0.0,0.0,0.0,0.0,0.0,0.0,0.0,0.0,0.288205,0.139704,0.264836,0.215406,0.063948,0.107051,0.182731,0.11213,0.266413,0.12664,0.184999,0.1383,0.076745,0.210789,0.147428,0.380665,0.118661,0.127089
sub-jgrAesAWc11R1L_ses-1_run-1,sub-jgrAesAWc11R1L_ses-1,Awake_Rest,12.0,9.4,2000.0,0.02950568869,0.04959870291,0.0,1.0,1.0,1.0,1.0,0.0,0.0,0.0,1.0,0.0,0.0,0.0,0.0,0.0,0.0,0.0,0.0,0.0,0.0,0.465973,0.25335,0.277163,0.181994,0.119373,0.139841,0.255646,0.231955,0.378684,0.100227,0.215763,0.240091,0.092508,0.264762,0.202889,0.230602,0.159217,0.30842
sub-jgrAesAWc11R1L_ses-1_run-2,sub-jgrAesAWc11R1L_ses-1,Awake_Rest,12.0,9.4,2000.0,0.02950568869,0.04959870291,0.0,1.0,1.0,1.0,1.0,0.0,0.0,0.0,1.0,0.0,0.0,0.0,0.0,0.0,0.0,0.0,0.0,0.0,0.0,0.448244,0.319943,0.399768,0.345258,0.157422,0.179173,0.238064,0.330649,0.48596,0.203632,0.332874,0.415643,0.20233,0.345503,0.199792,0.333617,0.154915,0.470169
sub-jgrAesAWc11R1L_ses-1_run-3,sub-jgrAesAWc11R1L_ses-1,Awake_Rest,12.0,9.4,2000.0,0.02950568869,0.04959870291,0.0,1.0,1.0,1.0,1.0,0.0,0.0,0.0,1.0,0.0,0.0,0.0,0.0,0.0,0.0,0.0,0.0,0.0,0.0,0.388072,0.259395,0.239526,0.202624,0.0758,0.13972,0.203751,0.173247,0.262528,0.078444,0.172506,0.240995,0.121328,0.300236,0.146765,0.221584,0.134651,0.239215
sub-jgrAesAWc11R1L_ses-2_run-1,sub-jgrAesAWc11R1L_ses-2,Awake_Rest,12.0,9.4,2000.0,0.02950568869,0.04959870291,0.0,1.0,1.0,1.0,1.0,0.0,0.0,0.0,1.0,0.0,0.0,0.0,0.0,0.0,0.0,0.0,0.0,0.0,0.0,0.166273,0.163304,0.215067,0.131883,0.110558,0.094969,0.087607,0.104446,0.141291,0.079951,0.084654,0.091548,0.048179,0.147025,0.073986,0.111339,0.103797,0.107038
sub-jgrAesAWc11R1L_ses-2_run-2,sub-jgrAesAWc11R1L_ses-2,Awake_Rest,12.0,9.4,2000.0,0.02950568869,0.04959870291,0.0,1.0,1.0,1.0,1.0,0.0,0.0,0.0,1.0,0.0,0.0,0.0,0.0,0.0,0.0,0.0,0.0,0.0,0.0,0.424746,0.150999,0.246108,0.220363,0.107545,0.117757,0.120168,0.256987,0.283178,0.150513,0.100446,0.125467,0.09013,0.308292,0.178782,0.217048,0.10799,0.242066
sub-jgrAesAWc11R1L_ses-2_run-3,sub-jgrAesAWc11R1L_ses-2,Awake_Rest,12.0,9.4,2000.0,0.02950568869,0.04959870291,0.0,1.0,1.0,1.0,1.0,0.0,0.0,0.0,1.0,0.0,0.0,0.0,0.0,0.0,0.0,0.0,0.0,0.0,0.0,0.412168,0.256942,0.221756,0.29286,0.143516,0.205168,0.344757,0.188419,0.450003,0.138568,0.249868,0.203901,0.120145,0.271548,0.155255,0.2698,0.153897,0.331799
sub-jgrAesAWc11R_ses-1_run-1,sub-jgrAesAWc11R_ses-1,Awake_Rest,12.0,9.4,2000.0,0.02950568869,0.04959870291,0.0,1.0,1.0,1.0,1.0,0.0,0.0,0.0,1.0,0.0,0.0,0.0,0.0,0.0,0.0,0.0,0.0,0.0,0.0,0.344285,0.322976,0.204929,0.347377,0.162834,0.189381,0.359677,0.380915,0.460374,0.187603,0.430799,0.295656,0.162293,0.250269,0.251252,0.245126,0.187828,0.183782
sub-jgrAesAWc11R_ses-1_run-2,sub-jgrAesAWc11R_ses-1,Awake_Rest,12.0,9.4,2000.0,0.02950568869,0.04959870291,0.0,1.0,1.0,1.0,1.0,0.0,0.0,0.0,1.0,0.0,0.0,0.0,0.0,0.0,0.0,0.0,0.0,0.0,0.0,0.495302,0.249791,0.219559,0.354926,0.19652,0.232448,0.135791,0.187263,0.348692,0.15702,0.260328,0.202328,0.091147,0.261813,0.178946,0.128933,0.060717,0.226563
sub-jgrAesAWc11R_ses-1_run-3,sub-jgrAesAWc11R_ses-1,Awake_Rest,12.0,9.4,2000.0,0.02950568869,0.04959870291,0.0,1.0,1.0,1.0,1.0,0.0,0.0,0.0,1.0,0.0,0.0,0.0,0.0,0.0,0.0,0.0,0.0,0.0,0.0,0.321798,0.201348,0.34504,0.267676,0.138205,0.17211,0.195162,0.272686,0.252125,0.254738,0.296165,0.210772,0.129888,0.337334,0.226531,0.179596,0.125297,0.385224
sub-jgrAesAWc11R_ses-2_run-1,sub-jgrAesAWc11R_ses-2,Awake_Rest,12.0,9.4,2000.0,0.02950568869,0.04959870291,0.0,1.0,1.0,1.0,1.0,0.0,0.0,0.0,1.0,0.0,0.0,0.0,0.0,0.0,0.0,0.0,0.0,0.0,0.0,0.233927,0.138103,0.180701,0.120263,0.090449,0.12246,0.243643,0.244113,0.175448,0.072843,0.252748,0.243767,0.132074,0.145031,0.109229,0.121121,0.11737,0.12208
sub-jgrAesAWc11R_ses-2_run-2,sub-jgrAesAWc11R_ses-2,Awake_Rest,12.0,9.4,2000.0,0.02950568869,0.04959870291,0.0,1.0,1.0,1.0,1.0,0.0,0.0,0.0,1.0,0.0,0.0,0.0,0.0,0.0,0.0,0.0,0.0,0.0,0.0,0.268735,0.197558,0.206328,0.233987,0.16108,0.37846,0.230897,0.343742,0.20515,0.086925,0.240773,0.202954,0.113471,0.135945,0.110381,0.128555,0.113248,0.134563
sub-jgrAesAWc11R_ses-2_run-3,sub-jgrAesAWc11R_ses-2,Awake_Rest,12.0,9.4,2000.0,0.02950568869,0.04959870291,0.0,1.0,1.0,1.0,1.0,0.0,0.0,0.0,1.0,0.0,0.0,0.0,0.0,0.0,0.0,0.0,0.0,0.0,0.0,0.224061,0.156629,0.258972,0.169106,0.074737,0.145625,0.271717,0.284975,0.182377,0.103473,0.257109,0.18966,0.130687,0.175299,0.159173,0.070788,0.163576,0.11072
sub-jgrAesAWc12R_ses-1_run-1,sub-jgrAesAWc12R_ses-1,Awake_Rest,12.0,9.4,2000.0,0.02950568869,0.04959870291,0.0,1.0,1.0,1.0,1.0,0.0,0.0,0.0,1.0,0.0,0.0,0.0,0.0,0.0,0.0,0.0,0.0,0.0,0.0,0.094237,0.198936,0.184866,0.101332,0.121223,0.161505,0.109013,0.138548,0.107336,0.091265,0.120256,0.131462,0.11411,0.096576,0.07624,0.078691,0.093533,0.075808
sub-jgrAesAWc12R_ses-1_run-2,sub-jgrAesAWc12R_ses-1,Awake_Rest,12.0,9.4,2000.0,0.02950568869,0.04959870291,0.0,1.0,1.0,1.0,1.0,0.0,0.0,0.0,1.0,0.0,0.0,0.0,0.0,0.0,0.0,0.0,0.0,0.0,0.0,0.216035,0.199813,0.199567,0.207357,0.170173,0.110484,0.306085,0.170749,0.192404,0.169419,0.245564,0.217321,0.098009,0.176504,0.123605,0.260487,0.204705,0.234048
sub-jgrAesAWc12R_ses-1_run-3,sub-jgrAesAWc12R_ses-1,Awake_Rest,12.0,9.4,2000.0,0.02950568869,0.04959870291,0.0,1.0,1.0,1.0,1.0,0.0,0.0,0.0,1.0,0.0,0.0,0.0,0.0,0.0,0.0,0.0,0.0,0.0,0.0,0.2354,0.184022,0.170062,0.306649,0.149096,0.197095,0.1997,0.295878,0.194945,0.202986,0.204699,0.258105,0.09729,0.132753,0.117128,0.244002,0.11853,0.204788
sub-jgrAesAWc12R_ses-2_run-1,sub-jgrAesAWc12R_ses-2,Awake_Rest,12.0,9.4,2000.0,0.02950568869,0.04959870291,0.0,1.0,1.0,1.0,1.0,0.0,0.0,0.0,1.0,0.0,0.0,0.0,0.0,0.0,0.0,0.0,0.0,0.0,0.0,0.189318,0.212964,0.260256,0.204807,0.108925,0.121449,0.131652,0.099874,0.199953,0.155897,0.19283,0.18234,0.135767,0.118744,0.155383,0.157606,0.153154,0.260032
sub-jgrAesAWc12R_ses-2_run-2,sub-jgrAesAWc12R_ses-2,Awake_Rest,12.0,9.4,2000.0,0.02950568869,0.04959870291,0.0,1.0,1.0,1.0,1.0,0.0,0.0,0.0,1.0,0.0,0.0,0.0,0.0,0.0,0.0,0.0,0.0,0.0,0.0,0.190076,0.290166,0.223945,0.218851,0.183631,0.195798,0.244813,0.317353,0.336761,0.124282,0.223379,0.246103,0.124426,0.235989,0.204001,0.194416,0.092839,0.185521
sub-jgrAesAWc12R_ses-2_run-3,sub-jgrAesAWc12R_ses-2,Awake_Rest,12.0,9.4,2000.0,0.02950568869,0.04959870291,0.0,1.0,1.0,1.0,1.0,0.0,0.0,0.0,1.0,0.0,0.0,0.0,0.0,0.0,0.0,0.0,0.0,0.0,0.0,0.200254,0.317077,0.278093,0.299927,0.132748,0.186848,0.211714,0.138301,0.310318,0.093879,0.227463,0.185548,0.125471,0.120167,0.138067,0.25097,0.095831,0.219409
sub-jgrAesAWc1NT_ses-1_run-1,sub-jgrAesAWc1NT_ses-1,Awake_Rest,12.0,9.4,2000.0,0.02950568869,0.04959870291,0.0,1.0,1.0,1.0,1.0,0.0,0.0,0.0,1.0,0.0,0.0,0.0,0.0,0.0,0.0,0.0,0.0,0.0,0.0,0.089809,0.166202,0.208477,0.127453,0.092414,0.167616,0.13303,0.077419,0.105872,0.090081,0.108832,0.097626,0.047498,0.067175,0.07902,0.088531,0.102269,0.035697
sub-jgrAesAWc1NT_ses-1_run-2,sub-jgrAesAWc1NT_ses-1,Awake_Rest,12.0,9.4,2000.0,0.02950568869,0.04959870291,0.0,1.0,1.0,1.0,1.0,0.0,0.0,0.0,1.0,0.0,0.0,0.0,0.0,0.0,0.0,0.0,0.0,0.0,0.0,0.115602,0.120449,0.141849,0.104711,0.09152,0.11191,0.148872,0.078187,0.124776,0.102504,0.118591,0.131305,0.0886,0.078953,0.087892,0.068993,0.086634,0.102531
sub-jgrAesAWc1NT_ses-1_run-3,sub-jgrAesAWc1NT_ses-1,Awake_Rest,12.0,9.4,2000.0,0.02950568869,0.04959870291,0.0,1.0,1.0,1.0,1.0,0.0,0.0,0.0,1.0,0.0,0.0,0.0,0.0,0.0,0.0,0.0,0.0,0.0,0.0,0.316161,0.25572,0.292706,0.245424,0.250066,0.288796,0.330593,0.452234,0.368015,0.217156,0.36586,0.448221,0.270222,0.388634,0.249314,0.379622,0.175117,0.401559
sub-jgrAesAWc1NT_ses-2_run-1,sub-jgrAesAWc1NT_ses-2,Awake_Rest,12.0,9.4,2000.0,0.02950568869,0.04959870291,0.0,1.0,1.0,1.0,1.0,0.0,0.0,0.0,1.0,0.0,0.0,0.0,0.0,0.0,0.0,0.0,0.0,0.0,0.0,0.249735,0.353073,0.428197,0.146937,0.191861,0.180805,0.2119,0.121787,0.142738,0.164869,0.263864,0.14912,0.100665,0.138909,0.125784,0.213707,0.099953,0.132008
sub-jgrAesAWc1NT_ses-2_run-2,sub-jgrAesAWc1NT_ses-2,Awake_Rest,12.0,9.4,2000.0,0.02950568869,0.04959870291,0.0,1.0,1.0,1.0,1.0,0.0,0.0,0.0,1.0,0.0,0.0,0.0,0.0,0.0,0.0,0.0,0.0,0.0,0.0,0.446417,0.284617,0.275409,0.301176,0.203845,0.232318,0.197739,0.139817,0.335135,0.150802,0.284797,0.28734,0.138833,0.177,0.131402,0.135645,0.11649,0.183819
sub-jgrAesAWc1NT_ses-2_run-3,sub-jgrAesAWc1NT_ses-2,Awake_Rest,12.0,9.4,2000.0,0.02950568869,0.04959870291,0.0,1.0,1.0,1.0,1.0,0.0,0.0,0.0,1.0,0.0,0.0,0.0,0.0,0.0,0.0,0.0,0.0,0.0,0.0,0.557174,0.281244,0.219235,0.230967,0.170184,0.126546,0.196939,0.234535,0.363994,0.104878,0.298311,0.272573,0.188887,0.179129,0.20462,0.153409,0.144952,0.258337
sub-jgrAesAWc21L_ses-1_run-1,sub-jgrAesAWc21L_ses-1,Awake_Rest,12.0,9.4,2000.0,0.02950568869,0.04959870291,0.0,1.0,1.0,1.0,1.0,0.0,0.0,0.0,1.0,0.0,0.0,0.0,0.0,0.0,0.0,0.0,0.0,0.0,0.0,0.079526,0.104378,0.09062,0.079492,0.059886,0.100828,0.063814,0.070938,0.10574,0.0554,0.12062,0.109578,0.044826,0.045978,0.063051,0.057393,0.068188,0.05743
sub-jgrAesAWc21L_ses-1_run-2,sub-jgrAesAWc21L_ses-1,Awake_Rest,12.0,9.4,2000.0,0.02950568869,0.04959870291,0.0,1.0,1.0,1.0,1.0,0.0,0.0,0.0,1.0,0.0,0.0,0.0,0.0,0.0,0.0,0.0,0.0,0.0,0.0,0.229538,0.171913,0.177213,0.140557,0.07198,0.102077,0.157583,0.100508,0.112872,0.086875,0.174672,0.11437,0.080864,0.120738,0.087306,0.116449,0.085285,0.183982
sub-jgrAesAWc21L_ses-1_run-3,sub-jgrAesAWc21L_ses-1,Awake_Rest,12.0,9.4,2000.0,0.02950568869,0.04959870291,0.0,1.0,1.0,1.0,1.0,0.0,0.0,0.0,1.0,0.0,0.0,0.0,0.0,0.0,0.0,0.0,0.0,0.0,0.0,0.324841,0.17382,0.279479,0.172245,0.091866,0.082838,0.285336,0.186024,0.214205,0.068858,0.181304,0.146118,0.064254,0.169565,0.133643,0.25105,0.112081,0.144593
sub-jgrAesAWc21L_ses-2_run-1,sub-jgrAesAWc21L_ses-2,Awake_Rest,12.0,9.4,2000.0,0.02950568869,0.04959870291,0.0,1.0,1.0,1.0,1.0,0.0,0.0,0.0,1.0,0.0,0.0,0.0,0.0,0.0,0.0,0.0,0.0,0.0,0.0,0.146476,0.145628,0.173622,0.184409,0.115589,0.153331,0.117316,0.163391,0.153073,0.112342,0.243523,0.179903,0.105763,0.164347,0.185667,0.194733,0.229294,0.086345
sub-jgrAesAWc21L_ses-2_run-2,sub-jgrAesAWc21L_ses-2,Awake_Rest,12.0,9.4,2000.0,0.02950568869,0.04959870291,0.0,1.0,1.0,1.0,1.0,0.0,0.0,0.0,1.0,0.0,0.0,0.0,0.0,0.0,0.0,0.0,0.0,0.0,0.0,0.078492,0.138171,0.188688,0.103645,0.134751,0.140517,0.112697,0.121646,0.065446,0.070233,0.122015,0.181743,0.051755,0.076264,0.087529,0.095254,0.088533,0.036891
sub-jgrAesAWc21L_ses-2_run-3,sub-jgrAesAWc21L_ses-2,Awake_Rest,12.0,9.4,2000.0,0.02950568869,0.04959870291,0.0,1.0,1.0,1.0,1.0,0.0,0.0,0.0,1.0,0.0,0.0,0.0,0.0,0.0,0.0,0.0,0.0,0.0,0.0,0.143141,0.143222,0.215943,0.10738,0.135439,0.119764,0.140383,0.144232,0.153319,0.063936,0.086128,0.118031,0.0472,0.083772,0.106408,0.161936,0.099391,0.141354
sub-jgrAesAWc21R1L_ses-1_run-1,sub-jgrAesAWc21R1L_ses-1,Awake_Rest,12.0,9.4,2000.0,0.02950568869,0.04959870291,0.0,1.0,1.0,1.0,1.0,0.0,0.0,0.0,1.0,0.0,0.0,0.0,0.0,0.0,0.0,0.0,0.0,0.0,0.0,0.286943,0.202389,0.272211,0.258552,0.100803,0.154475,0.209053,0.254362,0.314826,0.18289,0.163116,0.110448,0.116724,0.267628,0.150758,0.163901,0.072412,0.222066
sub-jgrAesAWc21R1L_ses-1_run-2,sub-jgrAesAWc21R1L_ses-1,Awake_Rest,12.0,9.4,2000.0,0.02950568869,0.04959870291,0.0,1.0,1.0,1.0,1.0,0.0,0.0,0.0,1.0,0.0,0.0,0.0,0.0,0.0,0.0,0.0,0.0,0.0,0.0,0.584747,0.384416,0.414162,0.749414,0.300752,0.376938,0.559818,0.457422,0.520204,0.138035,0.440555,0.473892,0.248471,0.435754,0.312951,0.330947,0.197603,0.40882
sub-jgrAesAWc21R1L_ses-1_run-3,sub-jgrAesAWc21R1L_ses-1,Awake_Rest,12.0,9.4,2000.0,0.02950568869,0.04959870291,0.0,1.0,1.0,1.0,1.0,0.0,0.0,0.0,1.0,0.0,0.0,0.0,0.0,0.0,0.0,0.0,0.0,0.0,0.0,0.510318,0.275516,0.293637,0.211687,0.147205,0.23084,0.148396,0.165203,0.356594,0.129801,0.160867,0.181672,0.145129,0.210722,0.309322,0.35967,0.144899,0.309223
sub-jgrAesAWc21R1L_ses-2_run-1,sub-jgrAesAWc21R1L_ses-2,Awake_Rest,12.0,9.4,2000.0,0.02950568869,0.04959870291,0.0,1.0,1.0,1.0,1.0,0.0,0.0,0.0,1.0,0.0,0.0,0.0,0.0,0.0,0.0,0.0,0.0,0.0,0.0,0.226461,0.145741,0.220107,0.127341,0.16461,0.117834,0.230198,0.260393,0.166104,0.090826,0.243449,0.148537,0.095842,0.146498,0.079855,0.157586,0.13385,0.08649
sub-jgrAesAWc21R1L_ses-2_run-2,sub-jgrAesAWc21R1L_ses-2,Awake_Rest,12.0,9.4,2000.0,0.02950568869,0.04959870291,0.0,1.0,1.0,1.0,1.0,0.0,0.0,0.0,1.0,0.0,0.0,0.0,0.0,0.0,0.0,0.0,0.0,0.0,0.0,0.466242,0.251999,0.227869,0.302806,0.124984,0.304739,0.23988,0.170836,0.172721,0.088907,0.183514,0.195398,0.190959,0.115427,0.094439,0.195814,0.152032,0.121667
sub-jgrAesAWc21R1L_ses-2_run-3,sub-jgrAesAWc21R1L_ses-2,Awake_Rest,12.0,9.4,2000.0,0.02950568869,0.04959870291,0.0,1.0,1.0,1.0,1.0,0.0,0.0,0.0,1.0,0.0,0.0,0.0,0.0,0.0,0.0,0.0,0.0,0.0,0.0,0.289915,0.22621,0.26586,0.140101,0.217085,0.167669,0.232884,0.458927,0.251079,0.182483,0.155866,0.276501,0.210443,0.176936,0.117892,0.255189,0.114451,0.092202
sub-jgrAesAWc21R_ses-1_run-1,sub-jgrAesAWc21R_ses-1,Awake_Rest,12.0,9.4,2000.0,0.02950568869,0.04959870291,0.0,1.0,1.0,1.0,1.0,0.0,0.0,0.0,1.0,0.0,0.0,0.0,0.0,0.0,0.0,0.0,0.0,0.0,0.0,0.126552,0.108301,0.148384,0.148704,0.072963,0.079246,0.161112,0.146898,0.152058,0.052671,0.157448,0.114245,0.079425,0.061537,0.100012,0.091154,0.118997,0.056414
sub-jgrAesAWc21R_ses-1_run-3,sub-jgrAesAWc21R_ses-1,Awake_Rest,12.0,9.4,2000.0,0.02950568869,0.04959870291,0.0,1.0,1.0,1.0,1.0,0.0,0.0,0.0,1.0,0.0,0.0,0.0,0.0,0.0,0.0,0.0,0.0,0.0,0.0,0.309546,0.116296,0.164386,0.175435,0.091451,0.117219,0.235682,0.241993,0.219593,0.092462,0.262075,0.16883,0.122801,0.131167,0.20926,0.195302,0.12867,0.128166
sub-jgrAesAWc21R_ses-2_run-1,sub-jgrAesAWc21R_ses-2,Awake_Rest,12.0,9.4,2000.0,0.02950568869,0.04959870291,0.0,1.0,1.0,1.0,1.0,0.0,0.0,0.0,1.0,0.0,0.0,0.0,0.0,0.0,0.0,0.0,0.0,0.0,0.0,0.089214,0.120371,0.21958,0.17559,0.120183,0.14308,0.159097,0.152065,0.11006,0.107858,0.136583,0.148207,0.105841,0.094318,0.093969,0.086943,0.098419,0.046723
sub-jgrAesAWc21R_ses-2_run-2,sub-jgrAesAWc21R_ses-2,Awake_Rest,12.0,9.4,2000.0,0.02950568869,0.04959870291,0.0,1.0,1.0,1.0,1.0,0.0,0.0,0.0,1.0,0.0,0.0,0.0,0.0,0.0,0.0,0.0,0.0,0.0,0.0,0.113651,0.120521,0.151348,0.115144,0.081693,0.08889,0.122468,0.097915,0.134713,0.085949,0.160987,0.114056,0.068717,0.091684,0.08137,0.162982,0.094413,0.058696
sub-jgrAesAWc21R_ses-2_run-3,sub-jgrAesAWc21R_ses-2,Awake_Rest,12.0,9.4,2000.0,0.02950568869,0.04959870291,0.0,1.0,1.0,1.0,1.0,0.0,0.0,0.0,1.0,0.0,0.0,0.0,0.0,0.0,0.0,0.0,0.0,0.0,0.0,0.18338,0.186732,0.207164,0.163015,0.105724,0.085117,0.219192,0.176723,0.159669,0.149646,0.187917,0.155229,0.117189,0.123719,0.194116,0.16302,0.109112,0.124228
sub-jgrAesAWc22R_ses-1_run-1,sub-jgrAesAWc22R_ses-1,Awake_Rest,12.0,9.4,2000.0,0.02950568869,0.04959870291,0.0,1.0,1.0,1.0,1.0,0.0,0.0,0.0,1.0,0.0,0.0,0.0,0.0,0.0,0.0,0.0,0.0,0.0,0.0,0.091247,0.144363,0.20265,0.102501,0.090417,0.099759,0.120241,0.100493,0.116767,0.070526,0.084238,0.109797,0.066657,0.089207,0.066748,0.079424,0.086415,0.081843
sub-jgrAesAWc22R_ses-1_run-2,sub-jgrAesAWc22R_ses-1,Awake_Rest,12.0,9.4,2000.0,0.02950568869,0.04959870291,0.0,1.0,1.0,1.0,1.0,0.0,0.0,0.0,1.0,0.0,0.0,0.0,0.0,0.0,0.0,0.0,0.0,0.0,0.0,0.250233,0.199176,0.300809,0.24619,0.141951,0.213948,0.130125,0.207848,0.322856,0.130488,0.141708,0.222933,0.157131,0.111662,0.108297,0.27486,0.11519,0.167947
sub-jgrAesAWc22R_ses-1_run-3,sub-jgrAesAWc22R_ses-1,Awake_Rest,12.0,9.4,2000.0,0.02950568869,0.04959870291,0.0,1.0,1.0,1.0,1.0,0.0,0.0,0.0,1.0,0.0,0.0,0.0,0.0,0.0,0.0,0.0,0.0,0.0,0.0,0.269197,0.230753,0.343931,0.239242,0.108651,0.208255,0.156386,0.20956,0.354464,0.121952,0.170253,0.265873,0.114103,0.112062,0.185842,0.209287,0.16466,0.195892
sub-jgrAesAWc22R_ses-2_run-1,sub-jgrAesAWc22R_ses-2,Awake_Rest,12.0,9.4,2000.0,0.02950568869,0.04959870291,0.0,1.0,1.0,1.0,1.0,0.0,0.0,0.0,1.0,0.0,0.0,0.0,0.0,0.0,0.0,0.0,0.0,0.0,0.0,0.119894,0.164238,0.262876,0.16691,0.111914,0.121241,0.123735,0.105995,0.15053,0.070553,0.11627,0.110974,0.088372,0.095402,0.106425,0.112605,0.140893,0.107206
sub-jgrAesAWc22R_ses-2_run-2,sub-jgrAesAWc22R_ses-2,Awake_Rest,12.0,9.4,2000.0,0.02950568869,0.04959870291,0.0,1.0,1.0,1.0,1.0,0.0,0.0,0.0,1.0,0.0,0.0,0.0,0.0,0.0,0.0,0.0,0.0,0.0,0.0,0.426414,0.179454,0.26032,0.270789,0.084617,0.183356,0.301766,0.260972,0.367978,0.166903,0.208728,0.231075,0.164161,0.26202,0.125406,0.277723,0.184457,0.315786
sub-jgrAesAWc22R_ses-2_run-3,sub-jgrAesAWc22R_ses-2,Awake_Rest,12.0,9.4,2000.0,0.02950568869,0.04959870291,0.0,1.0,1.0,1.0,1.0,0.0,0.0,0.0,1.0,0.0,0.0,0.0,0.0,0.0,0.0,0.0,0.0,0.0,0.0,0.216435,0.168856,0.196725,0.131207,0.094917,0.142733,0.124169,0.262986,0.281013,0.076892,0.232399,0.203267,0.106505,0.173404,0.114984,0.118569,0.110914,0.203318
sub-jgrAesISOc11L_ses-1_run-1,sub-jgrAesISOc11L_ses-1,Awake_Rest,12.0,9.4,2000.0,0.02950568869,0.04959870291,0.0,1.0,1.0,1.0,1.0,0.0,0.0,0.0,1.0,0.0,0.0,0.0,0.0,0.0,1.0,0.0,0.0,0.0,0.0,0.046204,0.104771,0.142681,0.081935,0.087972,0.094237,0.109428,0.05769,0.059211,0.044956,0.059275,0.059127,0.068871,0.046783,0.064465,0.063629,0.058743,0.02574
sub-jgrAesISOc11L_ses-1_run-2,sub-jgrAesISOc11L_ses-1,Awake_Rest,12.0,9.4,2000.0,0.02950568869,0.04959870291,0.0,1.0,1.0,1.0,1.0,0.0,0.0,0.0,1.0,0.0,0.0,0.0,0.0,0.0,1.0,0.0,0.0,0.0,0.0,0.061096,0.104094,0.119272,0.088125,0.114023,0.135055,0.094634,0.065981,0.054909,0.055283,0.089956,0.047603,0.081154,0.040248,0.079865,0.078281,0.058609,0.027429
sub-jgrAesISOc11L_ses-1_run-3,sub-jgrAesISOc11L_ses-1,Awake_Rest,12.0,9.4,2000.0,0.02950568869,0.04959870291,0.0,1.0,1.0,1.0,1.0,0.0,0.0,0.0,1.0,0.0,0.0,0.0,0.0,0.0,1.0,0.0,0.0,0.0,0.0,0.081007,0.077728,0.108675,0.088519,0.084621,0.053773,0.110087,0.069272,0.055894,0.077039,0.096283,0.0723,0.055751,0.056067,0.049769,0.052157,0.05006,0.035509
sub-jgrAesISOc11R1L_ses-1_run-1,sub-jgrAesISOc11R1L_ses-1,Awake_Rest,12.0,9.4,2000.0,0.02950568869,0.04959870291,0.0,1.0,1.0,1.0,1.0,0.0,0.0,0.0,1.0,0.0,0.0,0.0,0.0,0.0,1.0,0.0,0.0,0.0,0.0,0.066458,0.088811,0.083512,0.081497,0.099553,0.114426,0.104299,0.045705,0.070283,0.088467,0.081784,0.120365,0.071639,0.032099,0.039539,0.039204,0.061246,0.035809
sub-jgrAesISOc11R1L_ses-1_run-2,sub-jgrAesISOc11R1L_ses-1,Awake_Rest,12.0,9.4,2000.0,0.02950568869,0.04959870291,0.0,1.0,1.0,1.0,1.0,0.0,0.0,0.0,1.0,0.0,0.0,0.0,0.0,0.0,1.0,0.0,0.0,0.0,0.0,0.063169,0.061331,0.097759,0.076718,0.065275,0.100107,0.113195,0.046413,0.098804,0.096385,0.108224,0.108031,0.06443,0.049332,0.064764,0.056861,0.092228,0.030689
sub-jgrAesISOc11R1L_ses-1_run-3,sub-jgrAesISOc11R1L_ses-1,Awake_Rest,12.0,9.4,2000.0,0.02950568869,0.04959870291,0.0,1.0,1.0,1.0,1.0,0.0,0.0,0.0,1.0,0.0,0.0,0.0,0.0,0.0,1.0,0.0,0.0,0.0,0.0,0.051881,0.073648,0.052442,0.072623,0.042181,0.069156,0.082257,0.044435,0.07692,0.079638,0.082706,0.077073,0.040702,0.045578,0.055802,0.045442,0.065313,0.043739
sub-jgrAesISOc11R1L_ses-2_run-1,sub-jgrAesISOc11R1L_ses-2,Awake_Rest,12.0,9.4,2000.0,0.02950568869,0.04959870291,0.0,1.0,1.0,1.0,1.0,0.0,0.0,0.0,1.0,0.0,0.0,0.0,0.0,0.0,1.0,0.0,0.0,0.0,0.0,0.064346,0.110353,0.080745,0.082639,0.044454,0.071581,0.099134,0.079265,0.103762,0.095516,0.096697,0.087767,0.080349,0.074237,0.109685,0.049735,0.071126,0.033422
sub-jgrAesISOc11R1L_ses-2_run-2,sub-jgrAesISOc11R1L_ses-2,Awake_Rest,12.0,9.4,2000.0,0.02950568869,0.04959870291,0.0,1.0,1.0,1.0,1.0,0.0,0.0,0.0,1.0,0.0,0.0,0.0,0.0,0.0,1.0,0.0,0.0,0.0,0.0,0.040742,0.079044,0.07517,0.080508,0.056402,0.067196,0.130252,0.056401,0.088981,0.046997,0.089633,0.052301,0.064223,0.062527,0.073335,0.06859,0.053064,0.053472
sub-jgrAesISOc11R1L_ses-2_run-3,sub-jgrAesISOc11R1L_ses-2,Awake_Rest,12.0,9.4,2000.0,0.02950568869,0.04959870291,0.0,1.0,1.0,1.0,1.0,0.0,0.0,0.0,1.0,0.0,0.0,0.0,0.0,0.0,1.0,0.0,0.0,0.0,0.0,0.037137,0.11395,0.10162,0.076309,0.090095,0.112402,0.109725,0.042271,0.073949,0.061037,0.077661,0.072539,0.049456,0.056761,0.068577,0.05982,0.065392,0.028613
sub-jgrAesISOc11R_ses-1_run-1,sub-jgrAesISOc11R_ses-1,Awake_Rest,12.0,9.4,2000.0,0.02950568869,0.04959870291,0.0,1.0,1.0,1.0,1.0,0.0,0.0,0.0,1.0,0.0,0.0,0.0,0.0,0.0,1.0,0.0,0.0,0.0,0.0,0.054259,0.086697,0.087702,0.093919,0.066603,0.095574,0.038123,0.069022,0.07737,0.026224,0.071593,0.061136,0.060936,0.054576,0.053601,0.07117,0.043659,0.041998
sub-jgrAesISOc11R_ses-1_run-2,sub-jgrAesISOc11R_ses-1,Awake_Rest,12.0,9.4,2000.0,0.02950568869,0.04959870291,0.0,1.0,1.0,1.0,1.0,0.0,0.0,0.0,1.0,0.0,0.0,0.0,0.0,0.0,1.0,0.0,0.0,0.0,0.0,0.066071,0.061064,0.080204,0.088755,0.030716,0.071066,0.069674,0.038935,0.048323,0.07293,0.052521,0.046936,0.050858,0.046782,0.05444,0.038438,0.043938,0.039762
sub-jgrAesISOc11R_ses-1_run-3,sub-jgrAesISOc11R_ses-1,Awake_Rest,12.0,9.4,2000.0,0.02950568869,0.04959870291,0.0,1.0,1.0,1.0,1.0,0.0,0.0,0.0,1.0,0.0,0.0,0.0,0.0,0.0,1.0,0.0,0.0,0.0,0.0,0.033323,0.062792,0.064898,0.050127,0.055441,0.053923,0.044912,0.033361,0.041851,0.035353,0.032807,0.072575,0.042149,0.033673,0.041449,0.042133,0.047991,0.041395
sub-jgrAesISOc11R_ses-2_run-1,sub-jgrAesISOc11R_ses-2,Awake_Rest,12.0,9.4,2000.0,0.02950568869,0.04959870291,0.0,1.0,1.0,1.0,1.0,0.0,0.0,0.0,1.0,0.0,0.0,0.0,0.0,0.0,1.0,0.0,0.0,0.0,0.0,0.081951,0.05655,0.097641,0.069814,0.041994,0.069117,0.096301,0.061701,0.039846,0.073467,0.089805,0.073187,0.024991,0.029634,0.056761,0.073697,0.062388,0.027208
sub-jgrAesISOc11R_ses-2_run-2,sub-jgrAesISOc11R_ses-2,Awake_Rest,12.0,9.4,2000.0,0.02950568869,0.04959870291,0.0,1.0,1.0,1.0,1.0,0.0,0.0,0.0,1.0,0.0,0.0,0.0,0.0,0.0,1.0,0.0,0.0,0.0,0.0,0.040659,0.048578,0.063483,0.045661,0.040353,0.038929,0.084707,0.044693,0.054962,0.071723,0.078137,0.051425,0.053567,0.025883,0.026651,0.027887,0.043434,0.021933
sub-jgrAesISOc11R_ses-2_run-3,sub-jgrAesISOc11R_ses-2,Awake_Rest,12.0,9.4,2000.0,0.02950568869,0.04959870291,0.0,1.0,1.0,1.0,1.0,0.0,0.0,0.0,1.0,0.0,0.0,0.0,0.0,0.0,1.0,0.0,0.0,0.0,0.0,0.045196,0.043115,0.045391,0.03184,0.034805,0.032531,0.057971,0.037589,0.025593,0.024652,0.033255,0.040797,0.036055,0.018213,0.039968,0.034493,0.048846,0.022192
sub-jgrAesISOc12R_ses-1_run-1,sub-jgrAesISOc12R_ses-1,Awake_Rest,12.0,9.4,2000.0,0.02950568869,0.04959870291,0.0,1.0,1.0,1.0,1.0,0.0,0.0,0.0,1.0,0.0,0.0,0.0,0.0,0.0,1.0,0.0,0.0,0.0,0.0,0.048094,0.04422,0.078068,0.069833,0.053773,0.050605,0.075148,0.056325,0.035744,0.042911,0.046812,0.07163,0.044544,0.029874,0.03495,0.025422,0.037693,0.029802
sub-jgrAesISOc12R_ses-1_run-2,sub-jgrAesISOc12R_ses-1,Awake_Rest,12.0,9.4,2000.0,0.02950568869,0.04959870291,0.0,1.0,1.0,1.0,1.0,0.0,0.0,0.0,1.0,0.0,0.0,0.0,0.0,0.0,1.0,0.0,0.0,0.0,0.0,0.055673,0.040172,0.053568,0.042374,0.043937,0.0549,0.065345,0.044593,0.039,0.044213,0.059339,0.071403,0.036072,0.027502,0.031426,0.032954,0.04108,0.022529
sub-jgrAesISOc12R_ses-1_run-3,sub-jgrAesISOc12R_ses-1,Awake_Rest,12.0,9.4,2000.0,0.02950568869,0.04959870291,0.0,1.0,1.0,1.0,1.0,0.0,0.0,0.0,1.0,0.0,0.0,0.0,0.0,0.0,1.0,0.0,0.0,0.0,0.0,0.048623,0.062202,0.063559,0.054059,0.042595,0.067758,0.050893,0.042385,0.048197,0.02092,0.060533,0.037045,0.024093,0.036474,0.034203,0.028577,0.048691,0.033143
sub-jgrAesISOc12R_ses-2_run-1,sub-jgrAesISOc12R_ses-2,Awake_Rest,12.0,9.4,2000.0,0.02950568869,0.04959870291,0.0,1.0,1.0,1.0,1.0,0.0,0.0,0.0,1.0,0.0,0.0,0.0,0.0,0.0,1.0,0.0,0.0,0.0,0.0,0.042642,0.050104,0.095984,0.04829,0.063994,0.074989,0.043406,0.038695,0.043291,0.037601,0.032975,0.042401,0.034846,0.015556,0.037264,0.044454,0.037158,0.026777
sub-jgrAesISOc12R_ses-2_run-2,sub-jgrAesISOc12R_ses-2,Awake_Rest,12.0,9.4,2000.0,0.02950568869,0.04959870291,0.0,1.0,1.0,1.0,1.0,0.0,0.0,0.0,1.0,0.0,0.0,0.0,0.0,0.0,1.0,0.0,0.0,0.0,0.0,0.047412,0.058664,0.085178,0.036531,0.058569,0.070991,0.072428,0.035749,0.044827,0.024286,0.081383,0.046918,0.039994,0.043932,0.038816,0.054833,0.050405,0.046103
sub-jgrAesISOc12R_ses-2_run-3,sub-jgrAesISOc12R_ses-2,Awake_Rest,12.0,9.4,2000.0,0.02950568869,0.04959870291,0.0,1.0,1.0,1.0,1.0,0.0,0.0,0.0,1.0,0.0,0.0,0.0,0.0,0.0,1.0,0.0,0.0,0.0,0.0,0.04961,0.059657,0.03918,0.042654,0.050019,0.021883,0.04123,0.027719,0.039314,0.024143,0.048715,0.045315,0.036458,0.024078,0.033939,0.047428,0.047002,0.033669
sub-jgrAesISOc1NT_ses-1_run-1,sub-jgrAesISOc1NT_ses-1,Awake_Rest,12.0,9.4,2000.0,0.02950568869,0.04959870291,0.0,1.0,1.0,1.0,1.0,0.0,0.0,0.0,1.0,0.0,0.0,0.0,0.0,0.0,1.0,0.0,0.0,0.0,0.0,0.07072,0.138156,0.14296,0.125965,0.061122,0.082169,0.092533,0.084457,0.07247,0.065678,0.10061,0.112418,0.077842,0.065487,0.075862,0.088373,0.099727,0.068149
sub-jgrAesISOc1NT_ses-1_run-2,sub-jgrAesISOc1NT_ses-1,Awake_Rest,12.0,9.4,2000.0,0.02950568869,0.04959870291,0.0,1.0,1.0,1.0,1.0,0.0,0.0,0.0,1.0,0.0,0.0,0.0,0.0,0.0,1.0,0.0,0.0,0.0,0.0,0.064848,0.110054,0.121171,0.09863,0.087784,0.080803,0.101324,0.061544,0.090434,0.089594,0.11774,0.070743,0.063192,0.061487,0.057167,0.040525,0.079767,0.031425
sub-jgrAesISOc1NT_ses-1_run-3,sub-jgrAesISOc1NT_ses-1,Awake_Rest,12.0,9.4,2000.0,0.02950568869,0.04959870291,0.0,1.0,1.0,1.0,1.0,0.0,0.0,0.0,1.0,0.0,0.0,0.0,0.0,0.0,1.0,0.0,0.0,0.0,0.0,0.062204,0.152259,0.156987,0.11012,0.090162,0.123735,0.109097,0.036281,0.073654,0.092354,0.107297,0.065347,0.091512,0.105526,0.06906,0.074252,0.081881,0.065061
sub-jgrAesISOc1NT_ses-2_run-1,sub-jgrAesISOc1NT_ses-2,Awake_Rest,12.0,9.4,2000.0,0.02950568869,0.04959870291,0.0,1.0,1.0,1.0,1.0,0.0,0.0,0.0,1.0,0.0,0.0,0.0,0.0,0.0,1.0,0.0,0.0,0.0,0.0,0.042079,0.058212,0.042827,0.041976,0.039893,0.044142,0.082606,0.051463,0.062614,0.042879,0.055554,0.066803,0.048453,0.037095,0.051428,0.038642,0.046426,0.029037
sub-jgrAesISOc1NT_ses-2_run-2,sub-jgrAesISOc1NT_ses-2,Awake_Rest,12.0,9.4,2000.0,0.02950568869,0.04959870291,0.0,1.0,1.0,1.0,1.0,0.0,0.0,0.0,1.0,0.0,0.0,0.0,0.0,0.0,1.0,0.0,0.0,0.0,0.0,0.048965,0.037174,0.092083,0.056378,0.03888,0.054336,0.058974,0.027013,0.047518,0.021761,0.045576,0.066721,0.045737,0.043129,0.05947,0.03801,0.052218,0.048713
sub-jgrAesISOc1NT_ses-2_run-3,sub-jgrAesISOc1NT_ses-2,Awake_Rest,12.0,9.4,2000.0,0.02950568869,0.04959870291,0.0,1.0,1.0,1.0,1.0,0.0,0.0,0.0,1.0,0.0,0.0,0.0,0.0,0.0,1.0,0.0,0.0,0.0,0.0,0.041484,0.038633,0.063314,0.048212,0.059341,0.044103,0.069228,0.037835,0.05462,0.031597,0.041848,0.050693,0.03484,0.032269,0.053481,0.052312,0.033579,0.035024
sub-jgrAesISOc21L_ses-1_run-1,sub-jgrAesISOc21L_ses-1,Awake_Rest,12.0,9.4,2000.0,0.02950568869,0.04959870291,0.0,1.0,1.0,1.0,1.0,0.0,0.0,0.0,1.0,0.0,0.0,0.0,0.0,0.0,1.0,0.0,0.0,0.0,0.0,0.038126,0.047323,0.032676,0.065139,0.030914,0.036187,0.09836,0.043492,0.051985,0.054189,0.05504,0.060435,0.072441,0.026997,0.052058,0.031473,0.044456,0.032604
sub-jgrAesISOc21L_ses-1_run-2,sub-jgrAesISOc21L_ses-1,Awake_Rest,12.0,9.4,2000.0,0.02950568869,0.04959870291,0.0,1.0,1.0,1.0,1.0,0.0,0.0,0.0,1.0,0.0,0.0,0.0,0.0,0.0,1.0,0.0,0.0,0.0,0.0,0.037441,0.05406,0.044604,0.051888,0.036483,0.038087,0.086761,0.035426,0.053409,0.033835,0.044641,0.044989,0.054881,0.033448,0.06495,0.033714,0.039889,0.025013
sub-jgrAesISOc21L_ses-1_run-3,sub-jgrAesISOc21L_ses-1,Awake_Rest,12.0,9.4,2000.0,0.02950568869,0.04959870291,0.0,1.0,1.0,1.0,1.0,0.0,0.0,0.0,1.0,0.0,0.0,0.0,0.0,0.0,1.0,0.0,0.0,0.0,0.0,0.037577,0.048884,0.031064,0.044523,0.041083,0.034262,0.087579,0.037698,0.057088,0.046902,0.056509,0.051871,0.071285,0.030011,0.045677,0.035035,0.038921,0.021919
sub-jgrAesISOc21L_ses-2_run-1,sub-jgrAesISOc21L_ses-2,Awake_Rest,12.0,9.4,2000.0,0.02950568869,0.04959870291,0.0,1.0,1.0,1.0,1.0,0.0,0.0,0.0,1.0,0.0,0.0,0.0,0.0,0.0,1.0,0.0,0.0,0.0,0.0,0.074826,0.131974,0.204909,0.108228,0.102158,0.139188,0.142834,0.076465,0.146381,0.134917,0.187994,0.063931,0.103853,0.061613,0.103687,0.06767,0.118584,0.032639
sub-jgrAesISOc21L_ses-2_run-2,sub-jgrAesISOc21L_ses-2,Awake_Rest,12.0,9.4,2000.0,0.02950568869,0.04959870291,0.0,1.0,1.0,1.0,1.0,0.0,0.0,0.0,1.0,0.0,0.0,0.0,0.0,0.0,1.0,0.0,0.0,0.0,0.0,0.149581,0.152791,0.19845,0.090064,0.087567,0.108706,0.10603,0.096029,0.102687,0.100058,0.167765,0.082272,0.069119,0.074772,0.075344,0.085709,0.062705,0.060789
sub-jgrAesISOc21L_ses-2_run-3,sub-jgrAesISOc21L_ses-2,Awake_Rest,12.0,9.4,2000.0,0.02950568869,0.04959870291,0.0,1.0,1.0,1.0,1.0,0.0,0.0,0.0,1.0,0.0,0.0,0.0,0.0,0.0,1.0,0.0,0.0,0.0,0.0,0.070503,0.104729,0.121986,0.050058,0.077146,0.058665,0.085762,0.035306,0.056527,0.023597,0.091874,0.049109,0.049475,0.042889,0.046159,0.028708,0.060962,0.038841
sub-jgrAesISOc21R1L_ses-1_run-1,sub-jgrAesISOc21R1L_ses-1,Awake_Rest,12.0,9.4,2000.0,0.02950568869,0.04959870291,0.0,1.0,1.0,1.0,1.0,0.0,0.0,0.0,1.0,0.0,0.0,0.0,0.0,0.0,1.0,0.0,0.0,0.0,0.0,0.076599,0.1011,0.096219,0.087653,0.057782,0.115185,0.122815,0.068275,0.054884,0.098095,0.08263,0.071579,0.06652,0.044999,0.065489,0.070179,0.057526,0.034321
sub-jgrAesISOc21R1L_ses-1_run-2,sub-jgrAesISOc21R1L_ses-1,Awake_Rest,12.0,9.4,2000.0,0.02950568869,0.04959870291,0.0,1.0,1.0,1.0,1.0,0.0,0.0,0.0,1.0,0.0,0.0,0.0,0.0,0.0,1.0,0.0,0.0,0.0,0.0,0.061975,0.052094,0.086047,0.05119,0.06553,0.058675,0.096767,0.042951,0.064671,0.041941,0.056665,0.060287,0.058571,0.027156,0.047312,0.035777,0.048493,0.057472
sub-jgrAesISOc21R1L_ses-1_run-3,sub-jgrAesISOc21R1L_ses-1,Awake_Rest,12.0,9.4,2000.0,0.02950568869,0.04959870291,0.0,1.0,1.0,1.0,1.0,0.0,0.0,0.0,1.0,0.0,0.0,0.0,0.0,0.0,1.0,0.0,0.0,0.0,0.0,0.061815,0.06705,0.116549,0.061493,0.057962,0.066817,0.120356,0.040109,0.075664,0.061418,0.087374,0.056989,0.064158,0.028828,0.04922,0.060866,0.068372,0.027424
sub-jgrAesISOc21R1L_ses-2_run-1,sub-jgrAesISOc21R1L_ses-2,Awake_Rest,12.0,9.4,2000.0,0.02950568869,0.04959870291,0.0,1.0,1.0,1.0,1.0,0.0,0.0,0.0,1.0,0.0,0.0,0.0,0.0,0.0,1.0,0.0,0.0,0.0,0.0,0.063725,0.124291,0.136567,0.070563,0.080251,0.11199,0.045338,0.036653,0.059501,0.031761,0.051312,0.068653,0.039684,0.048998,0.078862,0.037808,0.046847,0.035339
sub-jgrAesISOc21R1L_ses-2_run-2,sub-jgrAesISOc21R1L_ses-2,Awake_Rest,12.0,9.4,2000.0,0.02950568869,0.04959870291,0.0,1.0,1.0,1.0,1.0,0.0,0.0,0.0,1.0,0.0,0.0,0.0,0.0,0.0,1.0,0.0,0.0,0.0,0.0,0.055255,0.071976,0.091258,0.041168,0.074913,0.084169,0.064262,0.050915,0.061707,0.037419,0.05064,0.058444,0.041644,0.027212,0.060515,0.038602,0.051298,0.032088
sub-jgrAesISOc21R1L_ses-2_run-3,sub-jgrAesISOc21R1L_ses-2,Awake_Rest,12.0,9.4,2000.0,0.02950568869,0.04959870291,0.0,1.0,1.0,1.0,1.0,0.0,0.0,0.0,1.0,0.0,0.0,0.0,0.0,0.0,1.0,0.0,0.0,0.0,0.0,0.030994,0.048113,0.079795,0.05653,0.053235,0.064177,0.059625,0.046433,0.047507,0.029397,0.056632,0.065788,0.043248,0.039649,0.06311,0.042517,0.059476,0.036319
sub-jgrAesISOc21R_ses-1_run-1,sub-jgrAesISOc21R_ses-1,Awake_Rest,12.0,9.4,2000.0,0.02950568869,0.04959870291,0.0,1.0,1.0,1.0,1.0,0.0,0.0,0.0,1.0,0.0,0.0,0.0,0.0,0.0,1.0,0.0,0.0,0.0,0.0,0.064237,0.051998,0.055428,0.03748,0.033463,0.028882,0.090579,0.060328,0.067338,0.027545,0.039656,0.074614,0.038787,0.036259,0.046757,0.048074,0.04873,0.044062
sub-jgrAesISOc21R_ses-1_run-2,sub-jgrAesISOc21R_ses-1,Awake_Rest,12.0,9.4,2000.0,0.02950568869,0.04959870291,0.0,1.0,1.0,1.0,1.0,0.0,0.0,0.0,1.0,0.0,0.0,0.0,0.0,0.0,1.0,0.0,0.0,0.0,0.0,0.04903,0.056149,0.101382,0.043169,0.048855,0.046587,0.061341,0.031459,0.045137,0.031261,0.041605,0.044859,0.051336,0.041046,0.045759,0.054835,0.049025,0.028028
sub-jgrAesISOc21R_ses-1_run-3,sub-jgrAesISOc21R_ses-1,Awake_Rest,12.0,9.4,2000.0,0.02950568869,0.04959870291,0.0,1.0,1.0,1.0,1.0,0.0,0.0,0.0,1.0,0.0,0.0,0.0,0.0,0.0,1.0,0.0,0.0,0.0,0.0,0.041685,0.029702,0.052123,0.046901,0.038343,0.052414,0.077069,0.036533,0.032554,0.038215,0.033386,0.031836,0.045219,0.024449,0.04434,0.041418,0.048198,0.026113
sub-jgrAesISOc21R_ses-2_run-1,sub-jgrAesISOc21R_ses-2,Awake_Rest,12.0,9.4,2000.0,0.02950568869,0.04959870291,0.0,1.0,1.0,1.0,1.0,0.0,0.0,0.0,1.0,0.0,0.0,0.0,0.0,0.0,1.0,0.0,0.0,0.0,0.0,0.056133,0.112959,0.13731,0.090828,0.091329,0.064555,0.123054,0.101101,0.082509,0.119137,0.065637,0.075818,0.072799,0.078498,0.091204,0.04801,0.056259,0.027262
sub-jgrAesISOc21R_ses-2_run-2,sub-jgrAesISOc21R_ses-2,Awake_Rest,12.0,9.4,2000.0,0.02950568869,0.04959870291,0.0,1.0,1.0,1.0,1.0,0.0,0.0,0.0,1.0,0.0,0.0,0.0,0.0,0.0,1.0,0.0,0.0,0.0,0.0,0.042097,0.081175,0.081246,0.086605,0.062772,0.066463,0.103417,0.084782,0.049007,0.085824,0.08075,0.068251,0.053461,0.037321,0.05596,0.044245,0.058437,0.029737
sub-jgrAesISOc21R_ses-2_run-3,sub-jgrAesISOc21R_ses-2,Awake_Rest,12.0,9.4,2000.0,0.02950568869,0.04959870291,0.0,1.0,1.0,1.0,1.0,0.0,0.0,0.0,1.0,0.0,0.0,0.0,0.0,0.0,1.0,0.0,0.0,0.0,0.0,0.052441,0.06584,0.100678,0.053803,0.079188,0.082764,0.117416,0.053128,0.061789,0.084986,0.068756,0.084508,0.069229,0.036916,0.035379,0.038948,0.055584,0.019207
sub-jgrAesISOc22R_ses-1_run-1,sub-jgrAesISOc22R_ses-1,Awake_Rest,12.0,9.4,2000.0,0.02950568869,0.04959870291,0.0,1.0,1.0,1.0,1.0,0.0,0.0,0.0,1.0,0.0,0.0,0.0,0.0,0.0,1.0,0.0,0.0,0.0,0.0,0.054609,0.03644,0.066701,0.057994,0.059159,0.06279,0.073551,0.055253,0.051294,0.040256,0.089952,0.055043,0.055517,0.041102,0.049752,0.041017,0.043359,0.03195
sub-jgrAesISOc22R_ses-1_run-2,sub-jgrAesISOc22R_ses-1,Awake_Rest,12.0,9.4,2000.0,0.02950568869,0.04959870291,0.0,1.0,1.0,1.0,1.0,0.0,0.0,0.0,1.0,0.0,0.0,0.0,0.0,0.0,1.0,0.0,0.0,0.0,0.0,0.047766,0.064347,0.101445,0.08013,0.116122,0.107419,0.100507,0.05548,0.067788,0.058533,0.086669,0.054096,0.047442,0.048916,0.05041,0.049946,0.057184,0.029836
sub-jgrAesISOc22R_ses-1_run-3,sub-jgrAesISOc22R_ses-1,Awake_Rest,12.0,9.4,2000.0,0.02950568869,0.04959870291,0.0,1.0,1.0,1.0,1.0,0.0,0.0,0.0,1.0,0.0,0.0,0.0,0.0,0.0,1.0,0.0,0.0,0.0,0.0,0.082616,0.037382,0.201944,0.099056,0.082207,0.116926,0.091625,0.043859,0.056454,0.04122,0.091223,0.056931,0.060723,0.076672,0.065058,0.033884,0.038959,0.029789
sub-jgrAesISOc22R_ses-2_run-1,sub-jgrAesISOc22R_ses-2,Awake_Rest,12.0,9.4,2000.0,0.02950568869,0.04959870291,0.0,1.0,1.0,1.0,1.0,0.0,0.0,0.0,1.0,0.0,0.0,0.0,0.0,0.0,1.0,0.0,0.0,0.0,0.0,0.134071,0.099884,0.139352,0.191436,0.073797,0.148787,0.237674,0.122793,0.100639,0.12305,0.235713,0.151943,0.106817,0.092047,0.071545,0.138472,0.078726,0.062798
sub-jgrAesISOc22R_ses-2_run-2,sub-jgrAesISOc22R_ses-2,Awake_Rest,12.0,9.4,2000.0,0.02950568869,0.04959870291,0.0,1.0,1.0,1.0,1.0,0.0,0.0,0.0,1.0,0.0,0.0,0.0,0.0,0.0,1.0,0.0,0.0,0.0,0.0,0.046757,0.05662,0.104652,0.038768,0.062073,0.069201,0.096951,0.034775,0.052703,0.034227,0.076561,0.048698,0.069227,0.03137,0.047991,0.048698,0.041866,0.049343
sub-jgrAesISOc22R_ses-2_run-3,sub-jgrAesISOc22R_ses-2,Awake_Rest,12.0,9.4,2000.0,0.02950568869,0.04959870291,0.0,1.0,1.0,1.0,1.0,0.0,0.0,0.0,1.0,0.0,0.0,0.0,0.0,0.0,1.0,0.0,0.0,0.0,0.0,0.055584,0.0507,0.06683,0.051588,0.046708,0.068215,0.102844,0.06788,0.053037,0.026232,0.066448,0.078323,0.043481,0.0341,0.046591,0.034704,0.052683,0.05383
sub-jgrAesISOc2NT_ses-1_run-1,sub-jgrAesISOc2NT_ses-1,Awake_Rest,12.0,9.4,2000.0,0.02950568869,0.04959870291,0.0,1.0,1.0,1.0,1.0,0.0,0.0,0.0,1.0,0.0,0.0,0.0,0.0,0.0,1.0,0.0,0.0,0.0,0.0,0.0804,0.081874,0.110741,0.1005,0.082967,0.096812,0.100425,0.122846,0.074615,0.11487,0.091731,0.125254,0.089092,0.050375,0.059733,0.0678,0.076072,0.0481
sub-jgrAesISOc2NT_ses-1_run-2,sub-jgrAesISOc2NT_ses-1,Awake_Rest,12.0,9.4,2000.0,0.02950568869,0.04959870291,0.0,1.0,1.0,1.0,1.0,0.0,0.0,0.0,1.0,0.0,0.0,0.0,0.0,0.0,1.0,0.0,0.0,0.0,0.0,0.061096,0.066107,0.137733,0.072306,0.062328,0.081626,0.10928,0.072755,0.093922,0.051482,0.065294,0.068689,0.083308,0.028916,0.051653,0.046356,0.056625,0.037188
sub-jgrAesISOc2NT_ses-1_run-3,sub-jgrAesISOc2NT_ses-1,Awake_Rest,12.0,9.4,2000.0,0.02950568869,0.04959870291,0.0,1.0,1.0,1.0,1.0,0.0,0.0,0.0,1.0,0.0,0.0,0.0,0.0,0.0,1.0,0.0,0.0,0.0,0.0,0.046613,0.051772,0.104183,0.054433,0.070455,0.054168,0.071956,0.064805,0.052115,0.051398,0.052765,0.035838,0.039226,0.04207,0.050884,0.04105,0.074123,0.039555
sub-jgrAesISOc2NT_ses-2_run-1,sub-jgrAesISOc2NT_ses-2,Awake_Rest,12.0,9.4,2000.0,0.02950568869,0.04959870291,0.0,1.0,1.0,1.0,1.0,0.0,0.0,0.0,1.0,0.0,0.0,0.0,0.0,0.0,1.0,0.0,0.0,0.0,0.0,0.183883,0.15001,0.403201,0.154655,0.145779,0.09338,0.105164,0.238762,0.223906,0.099677,0.149096,0.088207,0.107405,0.108034,0.124084,0.166511,0.148126,0.18679
sub-jgrAesISOc2NT_ses-2_run-2,sub-jgrAesISOc2NT_ses-2,Awake_Rest,12.0,9.4,2000.0,0.02950568869,0.04959870291,0.0,1.0,1.0,1.0,1.0,0.0,0.0,0.0,1.0,0.0,0.0,0.0,0.0,0.0,1.0,0.0,0.0,0.0,0.0,0.05423,0.05961,0.100853,0.052868,0.048567,0.077222,0.067766,0.038738,0.055782,0.031263,0.048473,0.054945,0.046869,0.060592,0.044388,0.045001,0.048601,0.042102
sub-jgrAesISOc2NT_ses-2_run-3,sub-jgrAesISOc2NT_ses-2,Awake_Rest,12.0,9.4,2000.0,0.02950568869,0.04959870291,0.0,1.0,1.0,1.0,1.0,0.0,0.0,0.0,1.0,0.0,0.0,0.0,0.0,0.0,1.0,0.0,0.0,0.0,0.0,0.054608,0.076873,0.12989,0.089194,0.047403,0.083516,0.110217,0.067244,0.050035,0.067783,0.062899,0.065935,0.048218,0.0497,0.062152,0.041513,0.064273,0.043505
sub-jgrAesMEDISOc11L_ses-1_run-2,sub-jgrAesMEDISOc11L_ses-1,Awake_Rest,12.0,9.4,2000.0,0.02950568869,0.04959870291,0.0,1.0,1.0,1.0,1.0,0.0,0.0,0.0,1.0,0.0,0.0,0.0,0.0,0.0,0.0,0.0,1.0,0.0,0.0,0.089251,0.075491,0.096094,0.061189,0.033271,0.04706,0.061465,0.084031,0.06495,0.045963,0.057737,0.051261,0.041195,0.034042,0.064841,0.060712,0.03395,0.031867
sub-jgrAesMEDISOc11L_ses-1_run-3,sub-jgrAesMEDISOc11L_ses-1,Awake_Rest,12.0,9.4,2000.0,0.02950568869,0.04959870291,0.0,1.0,1.0,1.0,1.0,0.0,0.0,0.0,1.0,0.0,0.0,0.0,0.0,0.0,0.0,0.0,1.0,0.0,0.0,0.053955,0.078934,0.085517,0.079265,0.040879,0.052731,0.075902,0.062092,0.055024,0.082318,0.0504,0.065617,0.040008,0.048018,0.033698,0.03765,0.038402,0.042322
sub-jgrAesMEDISOc11L_ses-2_run-1,sub-jgrAesMEDISOc11L_ses-2,Awake_Rest,12.0,9.4,2000.0,0.02950568869,0.04959870291,0.0,1.0,1.0,1.0,1.0,0.0,0.0,0.0,1.0,0.0,0.0,0.0,0.0,0.0,0.0,0.0,1.0,0.0,0.0,0.093884,0.102502,0.076059,0.070058,0.053584,0.058705,0.086222,0.058307,0.058844,0.047201,0.045153,0.040223,0.051256,0.053036,0.087314,0.047339,0.034175,0.040381
sub-jgrAesMEDISOc11L_ses-2_run-2,sub-jgrAesMEDISOc11L_ses-2,Awake_Rest,12.0,9.4,2000.0,0.02950568869,0.04959870291,0.0,1.0,1.0,1.0,1.0,0.0,0.0,0.0,1.0,0.0,0.0,0.0,0.0,0.0,0.0,0.0,1.0,0.0,0.0,0.094361,0.079305,0.083212,0.050615,0.037348,0.041774,0.059464,0.062402,0.030383,0.041293,0.027222,0.051201,0.056797,0.041995,0.055567,0.040378,0.037749,0.036665
sub-jgrAesMEDISOc11L_ses-2_run-3,sub-jgrAesMEDISOc11L_ses-2,Awake_Rest,12.0,9.4,2000.0,0.02950568869,0.04959870291,0.0,1.0,1.0,1.0,1.0,0.0,0.0,0.0,1.0,0.0,0.0,0.0,0.0,0.0,0.0,0.0,1.0,0.0,0.0,0.068606,0.077025,0.077187,0.046371,0.041179,0.036324,0.072049,0.074041,0.058334,0.039366,0.054681,0.053638,0.041,0.031018,0.046354,0.045239,0.03939,0.023819
sub-jgrAesMEDISOc11R1L_ses-1_run-1,sub-jgrAesMEDISOc11R1L_ses-1,Awake_Rest,12.0,9.4,2000.0,0.02950568869,0.04959870291,0.0,1.0,1.0,1.0,1.0,0.0,0.0,0.0,1.0,0.0,0.0,0.0,0.0,0.0,0.0,0.0,1.0,0.0,0.0,0.066386,0.080391,0.061726,0.041741,0.034769,0.053683,0.078276,0.066731,0.06261,0.041724,0.04284,0.049542,0.045866,0.044762,0.047925,0.03104,0.035202,0.030619
sub-jgrAesMEDISOc11R1L_ses-1_run-2,sub-jgrAesMEDISOc11R1L_ses-1,Awake_Rest,12.0,9.4,2000.0,0.02950568869,0.04959870291,0.0,1.0,1.0,1.0,1.0,0.0,0.0,0.0,1.0,0.0,0.0,0.0,0.0,0.0,0.0,0.0,1.0,0.0,0.0,0.08037,0.090018,0.079702,0.054864,0.046283,0.044277,0.072408,0.065213,0.04646,0.042505,0.05005,0.046784,0.043073,0.047048,0.04705,0.050251,0.026959,0.033625
sub-jgrAesMEDISOc11R1L_ses-1_run-3,sub-jgrAesMEDISOc11R1L_ses-1,Awake_Rest,12.0,9.4,2000.0,0.02950568869,0.04959870291,0.0,1.0,1.0,1.0,1.0,0.0,0.0,0.0,1.0,0.0,0.0,0.0,0.0,0.0,0.0,0.0,1.0,0.0,0.0,0.065416,0.0737,0.09942,0.05018,0.046173,0.045817,0.07447,0.065228,0.053057,0.042534,0.039936,0.046599,0.033467,0.04126,0.040155,0.032445,0.027941,0.027373
sub-jgrAesMEDISOc11R1L_ses-2_run-1,sub-jgrAesMEDISOc11R1L_ses-2,Awake_Rest,12.0,9.4,2000.0,0.02950568869,0.04959870291,0.0,1.0,1.0,1.0,1.0,0.0,0.0,0.0,1.0,0.0,0.0,0.0,0.0,0.0,0.0,0.0,1.0,0.0,0.0,0.077645,0.082783,0.052732,0.055253,0.040406,0.032531,0.059668,0.056514,0.046658,0.051335,0.039465,0.049145,0.036429,0.026799,0.050326,0.035024,0.02276,0.026636
sub-jgrAesMEDISOc11R1L_ses-2_run-2,sub-jgrAesMEDISOc11R1L_ses-2,Awake_Rest,12.0,9.4,2000.0,0.02950568869,0.04959870291,0.0,1.0,1.0,1.0,1.0,0.0,0.0,0.0,1.0,0.0,0.0,0.0,0.0,0.0,0.0,0.0,1.0,0.0,0.0,0.057948,0.06176,0.051321,0.044254,0.038524,0.041665,0.066248,0.053627,0.039039,0.034083,0.042601,0.05055,0.049352,0.038196,0.03929,0.030164,0.03856,0.030691
sub-jgrAesMEDISOc11R1L_ses-2_run-3,sub-jgrAesMEDISOc11R1L_ses-2,Awake_Rest,12.0,9.4,2000.0,0.02950568869,0.04959870291,0.0,1.0,1.0,1.0,1.0,0.0,0.0,0.0,1.0,0.0,0.0,0.0,0.0,0.0,0.0,0.0,1.0,0.0,0.0,0.061666,0.108274,0.067299,0.051032,0.031446,0.048153,0.086385,0.079039,0.064935,0.042838,0.038118,0.048274,0.051861,0.045181,0.047023,0.031649,0.037284,0.031746
sub-jgrAesMEDISOc11R_ses-1_run-1,sub-jgrAesMEDISOc11R_ses-1,Awake_Rest,12.0,9.4,2000.0,0.02950568869,0.04959870291,0.0,1.0,1.0,1.0,1.0,0.0,0.0,0.0,1.0,0.0,0.0,0.0,0.0,0.0,0.0,0.0,1.0,0.0,0.0,0.047309,0.13253,0.174471,0.07219,0.073612,0.083654,0.062027,0.044382,0.03862,0.054203,0.053025,0.048842,0.069601,0.057512,0.066976,0.0274,0.035614,0.024713
sub-jgrAesMEDISOc11R_ses-1_run-2,sub-jgrAesMEDISOc11R_ses-1,Awake_Rest,12.0,9.4,2000.0,0.02950568869,0.04959870291,0.0,1.0,1.0,1.0,1.0,0.0,0.0,0.0,1.0,0.0,0.0,0.0,0.0,0.0,0.0,0.0,1.0,0.0,0.0,0.156551,0.214565,0.144428,0.260328,0.159593,0.150386,0.306966,0.165367,0.167145,0.145635,0.158139,0.162971,0.10406,0.146138,0.139779,0.218581,0.176133,0.105182
sub-jgrAesMEDISOc11R_ses-1_run-3,sub-jgrAesMEDISOc11R_ses-1,Awake_Rest,12.0,9.4,2000.0,0.02950568869,0.04959870291,0.0,1.0,1.0,1.0,1.0,0.0,0.0,0.0,1.0,0.0,0.0,0.0,0.0,0.0,0.0,0.0,1.0,0.0,0.0,0.077505,0.161389,0.130192,0.067091,0.066919,0.065201,0.092716,0.040333,0.075941,0.054704,0.071378,0.056262,0.05208,0.03946,0.056964,0.051045,0.03557,0.03101
sub-jgrAesMEDISOc11R_ses-2_run-1,sub-jgrAesMEDISOc11R_ses-2,Awake_Rest,12.0,9.4,2000.0,0.02950568869,0.04959870291,0.0,1.0,1.0,1.0,1.0,0.0,0.0,0.0,1.0,0.0,0.0,0.0,0.0,0.0,0.0,0.0,1.0,0.0,0.0,0.045631,0.073478,0.069281,0.029862,0.020574,0.033177,0.064232,0.079875,0.043582,0.045765,0.045338,0.052283,0.044688,0.031075,0.046632,0.029671,0.026539,0.033918
sub-jgrAesMEDISOc11R_ses-2_run-2,sub-jgrAesMEDISOc11R_ses-2,Awake_Rest,12.0,9.4,2000.0,0.02950568869,0.04959870291,0.0,1.0,1.0,1.0,1.0,0.0,0.0,0.0,1.0,0.0,0.0,0.0,0.0,0.0,0.0,0.0,1.0,0.0,0.0,0.052017,0.087399,0.081498,0.056685,0.027648,0.034446,0.100535,0.074572,0.040269,0.049232,0.049459,0.04945,0.034597,0.049378,0.046872,0.034963,0.041833,0.019732
sub-jgrAesMEDISOc11R_ses-2_run-3,sub-jgrAesMEDISOc11R_ses-2,Awake_Rest,12.0,9.4,2000.0,0.02950568869,0.04959870291,0.0,1.0,1.0,1.0,1.0,0.0,0.0,0.0,1.0,0.0,0.0,0.0,0.0,0.0,0.0,0.0,1.0,0.0,0.0,0.049813,0.111239,0.08335,0.065422,0.028045,0.050882,0.062565,0.067841,0.053924,0.044516,0.054266,0.044253,0.036672,0.023427,0.04673,0.034361,0.034602,0.027272
sub-jgrAesMEDISOc12R_ses-1_run-1,sub-jgrAesMEDISOc12R_ses-1,Awake_Rest,12.0,9.4,2000.0,0.02950568869,0.04959870291,0.0,1.0,1.0,1.0,1.0,0.0,0.0,0.0,1.0,0.0,0.0,0.0,0.0,0.0,0.0,0.0,1.0,0.0,0.0,0.090812,0.082611,0.12204,0.081853,0.04417,0.069593,0.087502,0.062583,0.061947,0.055478,0.064077,0.062002,0.051263,0.027616,0.044211,0.067832,0.04079,0.029599
sub-jgrAesMEDISOc12R_ses-1_run-2,sub-jgrAesMEDISOc12R_ses-1,Awake_Rest,12.0,9.4,2000.0,0.02950568869,0.04959870291,0.0,1.0,1.0,1.0,1.0,0.0,0.0,0.0,1.0,0.0,0.0,0.0,0.0,0.0,0.0,0.0,1.0,0.0,0.0,0.099209,0.127154,0.11373,0.07502,0.061974,0.064735,0.076641,0.08392,0.065501,0.050168,0.052376,0.088269,0.038851,0.051948,0.06961,0.056423,0.043211,0.02877
sub-jgrAesMEDISOc12R_ses-1_run-3,sub-jgrAesMEDISOc12R_ses-1,Awake_Rest,12.0,9.4,2000.0,0.02950568869,0.04959870291,0.0,1.0,1.0,1.0,1.0,0.0,0.0,0.0,1.0,0.0,0.0,0.0,0.0,0.0,0.0,0.0,1.0,0.0,0.0,0.072737,0.081482,0.159798,0.080161,0.049661,0.059921,0.078784,0.07299,0.073278,0.063667,0.05235,0.096365,0.04673,0.066832,0.051261,0.03979,0.044573,0.030261
sub-jgrAesMEDISOc12R_ses-2_run-1,sub-jgrAesMEDISOc12R_ses-2,Awake_Rest,12.0,9.4,2000.0,0.02950568869,0.04959870291,0.0,1.0,1.0,1.0,1.0,0.0,0.0,0.0,1.0,0.0,0.0,0.0,0.0,0.0,0.0,0.0,1.0,0.0,0.0,0.042216,0.084785,0.079677,0.043139,0.061806,0.065002,0.071693,0.031765,0.043561,0.028788,0.037387,0.042274,0.034907,0.03321,0.059886,0.027031,0.02774,0.02949
sub-jgrAesMEDISOc12R_ses-2_run-2,sub-jgrAesMEDISOc12R_ses-2,Awake_Rest,12.0,9.4,2000.0,0.02950568869,0.04959870291,0.0,1.0,1.0,1.0,1.0,0.0,0.0,0.0,1.0,0.0,0.0,0.0,0.0,0.0,0.0,0.0,1.0,0.0,0.0,0.056619,0.078412,0.08154,0.037547,0.033334,0.062188,0.066377,0.021287,0.049253,0.036927,0.03857,0.049173,0.045684,0.03987,0.050141,0.02488,0.039391,0.02472
sub-jgrAesMEDISOc12R_ses-2_run-3,sub-jgrAesMEDISOc12R_ses-2,Awake_Rest,12.0,9.4,2000.0,0.02950568869,0.04959870291,0.0,1.0,1.0,1.0,1.0,0.0,0.0,0.0,1.0,0.0,0.0,0.0,0.0,0.0,0.0,0.0,1.0,0.0,0.0,0.05379,0.09245,0.097002,0.040069,0.032633,0.050729,0.042217,0.042511,0.043661,0.034253,0.040294,0.04378,0.053088,0.036378,0.052358,0.024821,0.033372,0.041519
sub-jgrAesMEDISOc1NT_ses-1_run-1,sub-jgrAesMEDISOc1NT_ses-1,Awake_Rest,12.0,9.4,2000.0,0.02950568869,0.04959870291,0.0,1.0,1.0,1.0,1.0,0.0,0.0,0.0,1.0,0.0,0.0,0.0,0.0,0.0,0.0,0.0,1.0,0.0,0.0,0.073118,0.06799,0.069954,0.049086,0.03216,0.038252,0.062954,0.079822,0.044075,0.055016,0.042037,0.052748,0.037019,0.039572,0.050639,0.037245,0.021894,0.024038
sub-jgrAesMEDISOc1NT_ses-1_run-2,sub-jgrAesMEDISOc1NT_ses-1,Awake_Rest,12.0,9.4,2000.0,0.02950568869,0.04959870291,0.0,1.0,1.0,1.0,1.0,0.0,0.0,0.0,1.0,0.0,0.0,0.0,0.0,0.0,0.0,0.0,1.0,0.0,0.0,0.068765,0.123296,0.069402,0.033711,0.041512,0.050133,0.076601,0.066711,0.055408,0.062418,0.044017,0.053826,0.04249,0.037138,0.045872,0.053645,0.044011,0.029991
sub-jgrAesMEDISOc1NT_ses-1_run-3,sub-jgrAesMEDISOc1NT_ses-1,Awake_Rest,12.0,9.4,2000.0,0.02950568869,0.04959870291,0.0,1.0,1.0,1.0,1.0,0.0,0.0,0.0,1.0,0.0,0.0,0.0,0.0,0.0,0.0,0.0,1.0,0.0,0.0,0.085733,0.061917,0.06939,0.075115,0.032173,0.045893,0.076017,0.051669,0.062539,0.056113,0.064644,0.061962,0.040922,0.031669,0.058594,0.042302,0.035146,0.035481
sub-jgrAesMEDISOc1NT_ses-2_run-1,sub-jgrAesMEDISOc1NT_ses-2,Awake_Rest,12.0,9.4,2000.0,0.02950568869,0.04959870291,0.0,1.0,1.0,1.0,1.0,0.0,0.0,0.0,1.0,0.0,0.0,0.0,0.0,0.0,0.0,0.0,1.0,0.0,0.0,0.100938,0.108258,0.063044,0.064028,0.036532,0.053,0.06216,0.051234,0.060551,0.04759,0.047643,0.077293,0.048964,0.03665,0.098672,0.070259,0.033425,0.026147
sub-jgrAesMEDISOc1NT_ses-2_run-2,sub-jgrAesMEDISOc1NT_ses-2,Awake_Rest,12.0,9.4,2000.0,0.02950568869,0.04959870291,0.0,1.0,1.0,1.0,1.0,0.0,0.0,0.0,1.0,0.0,0.0,0.0,0.0,0.0,0.0,0.0,1.0,0.0,0.0,0.084315,0.085739,0.091012,0.051866,0.045923,0.045863,0.08195,0.068912,0.055172,0.053041,0.029918,0.041947,0.0598,0.05217,0.057911,0.061071,0.040068,0.03866
sub-jgrAesMEDISOc1NT_ses-2_run-3,sub-jgrAesMEDISOc1NT_ses-2,Awake_Rest,12.0,9.4,2000.0,0.02950568869,0.04959870291,0.0,1.0,1.0,1.0,1.0,0.0,0.0,0.0,1.0,0.0,0.0,0.0,0.0,0.0,0.0,0.0,1.0,0.0,0.0,0.078666,0.111829,0.090026,0.050288,0.052006,0.050044,0.070146,0.07571,0.069928,0.058754,0.043046,0.044114,0.042785,0.036455,0.04852,0.034876,0.024772,0.039163
sub-jgrAesMEDISOc21L_ses-1_run-1,sub-jgrAesMEDISOc21L_ses-1,Awake_Rest,12.0,9.4,2000.0,0.02950568869,0.04959870291,0.0,1.0,1.0,1.0,1.0,0.0,0.0,0.0,1.0,0.0,0.0,0.0,0.0,0.0,0.0,0.0,1.0,0.0,0.0,0.105066,0.066627,0.081901,0.055203,0.032365,0.043612,0.059219,0.067515,0.048934,0.05147,0.046428,0.051402,0.046365,0.037836,0.045392,0.026612,0.025916,0.037036
sub-jgrAesMEDISOc21L_ses-1_run-2,sub-jgrAesMEDISOc21L_ses-1,Awake_Rest,12.0,9.4,2000.0,0.02950568869,0.04959870291,0.0,1.0,1.0,1.0,1.0,0.0,0.0,0.0,1.0,0.0,0.0,0.0,0.0,0.0,0.0,0.0,1.0,0.0,0.0,0.087829,0.071553,0.064978,0.040592,0.032036,0.059154,0.073517,0.08685,0.04391,0.0498,0.041594,0.064302,0.030866,0.039,0.059192,0.042177,0.026539,0.030578
sub-jgrAesMEDISOc21L_ses-1_run-3,sub-jgrAesMEDISOc21L_ses-1,Awake_Rest,12.0,9.4,2000.0,0.02950568869,0.04959870291,0.0,1.0,1.0,1.0,1.0,0.0,0.0,0.0,1.0,0.0,0.0,0.0,0.0,0.0,0.0,0.0,1.0,0.0,0.0,0.095343,0.070505,0.079998,0.079976,0.036285,0.064209,0.087831,0.046464,0.049509,0.052453,0.053338,0.049166,0.045864,0.034553,0.053996,0.049111,0.03448,0.033721
sub-jgrAesMEDISOc21L_ses-2_run-1,sub-jgrAesMEDISOc21L_ses-2,Awake_Rest,12.0,9.4,2000.0,0.02950568869,0.04959870291,0.0,1.0,1.0,1.0,1.0,0.0,0.0,0.0,1.0,0.0,0.0,0.0,0.0,0.0,0.0,0.0,1.0,0.0,0.0,0.08304,0.081302,0.122541,0.046921,0.054921,0.07561,0.062385,0.06717,0.052071,0.050036,0.050192,0.057825,0.033633,0.065453,0.059242,0.044779,0.035125,0.024385
sub-jgrAesMEDISOc21L_ses-2_run-2,sub-jgrAesMEDISOc21L_ses-2,Awake_Rest,12.0,9.4,2000.0,0.02950568869,0.04959870291,0.0,1.0,1.0,1.0,1.0,0.0,0.0,0.0,1.0,0.0,0.0,0.0,0.0,0.0,0.0,0.0,1.0,0.0,0.0,0.066712,0.062005,0.083925,0.045606,0.0366,0.071694,0.092964,0.093063,0.053996,0.042332,0.037893,0.053295,0.040867,0.03959,0.049072,0.047527,0.029635,0.031736
sub-jgrAesMEDISOc21L_ses-2_run-3,sub-jgrAesMEDISOc21L_ses-2,Awake_Rest,12.0,9.4,2000.0,0.02950568869,0.04959870291,0.0,1.0,1.0,1.0,1.0,0.0,0.0,0.0,1.0,0.0,0.0,0.0,0.0,0.0,0.0,0.0,1.0,0.0,0.0,0.08116,0.065128,0.083808,0.052742,0.034406,0.065017,0.073612,0.052848,0.04418,0.054164,0.04648,0.061671,0.04014,0.032743,0.030631,0.038798,0.045937,0.019639
sub-jgrAesMEDISOc21R1L_ses-1_run-1,sub-jgrAesMEDISOc21R1L_ses-1,Awake_Rest,12.0,9.4,2000.0,0.02950568869,0.04959870291,0.0,1.0,1.0,1.0,1.0,0.0,0.0,0.0,1.0,0.0,0.0,0.0,0.0,0.0,0.0,0.0,1.0,0.0,0.0,0.080748,0.136704,0.163893,0.093763,0.069775,0.111755,0.097577,0.09807,0.080407,0.092049,0.042494,0.080519,0.047506,0.04466,0.058857,0.041756,0.04199,0.031294
sub-jgrAesMEDISOc21R1L_ses-1_run-2,sub-jgrAesMEDISOc21R1L_ses-1,Awake_Rest,12.0,9.4,2000.0,0.02950568869,0.04959870291,0.0,1.0,1.0,1.0,1.0,0.0,0.0,0.0,1.0,0.0,0.0,0.0,0.0,0.0,0.0,0.0,1.0,0.0,0.0,0.044814,0.066875,0.074025,0.054036,0.058926,0.080586,0.047469,0.033655,0.041851,0.017296,0.029532,0.027301,0.039269,0.056648,0.051396,0.03246,0.039409,0.028092
sub-jgrAesMEDISOc21R1L_ses-1_run-3,sub-jgrAesMEDISOc21R1L_ses-1,Awake_Rest,12.0,9.4,2000.0,0.02950568869,0.04959870291,0.0,1.0,1.0,1.0,1.0,0.0,0.0,0.0,1.0,0.0,0.0,0.0,0.0,0.0,0.0,0.0,1.0,0.0,0.0,0.121115,0.148184,0.136216,0.119553,0.121914,0.131436,0.120378,0.078757,0.107719,0.077324,0.11278,0.124576,0.079711,0.068344,0.07435,0.08498,0.144738,0.037761
sub-jgrAesMEDISOc21R1L_ses-2_run-1,sub-jgrAesMEDISOc21R1L_ses-2,Awake_Rest,12.0,9.4,2000.0,0.02950568869,0.04959870291,0.0,1.0,1.0,1.0,1.0,0.0,0.0,0.0,1.0,0.0,0.0,0.0,0.0,0.0,0.0,0.0,1.0,0.0,0.0,0.045883,0.049964,0.066533,0.041621,0.042425,0.041243,0.06504,0.071925,0.047697,0.039601,0.03985,0.045399,0.041614,0.029364,0.043928,0.026346,0.029037,0.020663
sub-jgrAesMEDISOc21R1L_ses-2_run-2,sub-jgrAesMEDISOc21R1L_ses-2,Awake_Rest,12.0,9.4,2000.0,0.02950568869,0.04959870291,0.0,1.0,1.0,1.0,1.0,0.0,0.0,0.0,1.0,0.0,0.0,0.0,0.0,0.0,0.0,0.0,1.0,0.0,0.0,0.073542,0.053751,0.057186,0.052094,0.033308,0.041549,0.065017,0.066555,0.051639,0.04565,0.049741,0.046544,0.049258,0.031177,0.039706,0.028595,0.035175,0.030217
sub-jgrAesMEDISOc21R1L_ses-2_run-3,sub-jgrAesMEDISOc21R1L_ses-2,Awake_Rest,12.0,9.4,2000.0,0.02950568869,0.04959870291,0.0,1.0,1.0,1.0,1.0,0.0,0.0,0.0,1.0,0.0,0.0,0.0,0.0,0.0,0.0,0.0,1.0,0.0,0.0,0.058101,0.062614,0.070286,0.05898,0.050781,0.037039,0.06964,0.036359,0.042594,0.034712,0.039453,0.031317,0.046385,0.051489,0.047881,0.027569,0.029981,0.025276
sub-jgrAesMEDISOc21R_ses-1_run-1,sub-jgrAesMEDISOc21R_ses-1,Awake_Rest,12.0,9.4,2000.0,0.02950568869,0.04959870291,0.0,1.0,1.0,1.0,1.0,0.0,0.0,0.0,1.0,0.0,0.0,0.0,0.0,0.0,0.0,0.0,1.0,0.0,0.0,0.068624,0.054789,0.057553,0.051392,0.033386,0.049356,0.072375,0.048758,0.037804,0.040095,0.039401,0.040431,0.041938,0.035451,0.043712,0.027391,0.035796,0.025332
sub-jgrAesMEDISOc21R_ses-1_run-2,sub-jgrAesMEDISOc21R_ses-1,Awake_Rest,12.0,9.4,2000.0,0.02950568869,0.04959870291,0.0,1.0,1.0,1.0,1.0,0.0,0.0,0.0,1.0,0.0,0.0,0.0,0.0,0.0,0.0,0.0,1.0,0.0,0.0,0.047428,0.06174,0.088259,0.056978,0.072262,0.050886,0.051048,0.051483,0.030818,0.037215,0.035351,0.037089,0.043217,0.060845,0.036114,0.028061,0.032232,0.021406
sub-jgrAesMEDISOc21R_ses-1_run-3,sub-jgrAesMEDISOc21R_ses-1,Awake_Rest,12.0,9.4,2000.0,0.02950568869,0.04959870291,0.0,1.0,1.0,1.0,1.0,0.0,0.0,0.0,1.0,0.0,0.0,0.0,0.0,0.0,0.0,0.0,1.0,0.0,0.0,0.048609,0.053467,0.044189,0.063251,0.0493,0.038916,0.070878,0.040591,0.032885,0.053747,0.038263,0.043517,0.029951,0.035151,0.02987,0.029609,0.026919,0.0232
sub-jgrAesMEDISOc21R_ses-2_run-1,sub-jgrAesMEDISOc21R_ses-2,Awake_Rest,12.0,9.4,2000.0,0.02950568869,0.04959870291,0.0,1.0,1.0,1.0,1.0,0.0,0.0,0.0,1.0,0.0,0.0,0.0,0.0,0.0,0.0,0.0,1.0,0.0,0.0,0.065888,0.055816,0.064011,0.024839,0.031368,0.046432,0.04272,0.023718,0.032999,0.030895,0.038652,0.045701,0.047514,0.038682,0.051331,0.033089,0.027653,0.031428
sub-jgrAesMEDISOc21R_ses-2_run-2,sub-jgrAesMEDISOc21R_ses-2,Awake_Rest,12.0,9.4,2000.0,0.02950568869,0.04959870291,0.0,1.0,1.0,1.0,1.0,0.0,0.0,0.0,1.0,0.0,0.0,0.0,0.0,0.0,0.0,0.0,1.0,0.0,0.0,0.058278,0.081518,0.066928,0.030245,0.031583,0.037993,0.039672,0.035465,0.056709,0.047469,0.036113,0.039138,0.056929,0.062493,0.050443,0.029446,0.035004,0.023755
sub-jgrAesMEDISOc21R_ses-2_run-3,sub-jgrAesMEDISOc21R_ses-2,Awake_Rest,12.0,9.4,2000.0,0.02950568869,0.04959870291,0.0,1.0,1.0,1.0,1.0,0.0,0.0,0.0,1.0,0.0,0.0,0.0,0.0,0.0,0.0,0.0,1.0,0.0,0.0,0.048713,0.058031,0.065728,0.040846,0.029967,0.034755,0.043202,0.042156,0.037281,0.034128,0.035271,0.047548,0.044948,0.02632,0.032021,0.027001,0.03297,0.03396
sub-jgrAesMEDISOc22r_ses-1_run-1,sub-jgrAesMEDISOc22r_ses-1,Awake_Rest,12.0,9.4,2000.0,0.02950568869,0.04959870291,0.0,1.0,1.0,1.0,1.0,0.0,0.0,0.0,1.0,0.0,0.0,0.0,0.0,0.0,0.0,0.0,1.0,0.0,0.0,0.183592,0.231188,0.083695,0.079294,0.047159,0.079146,0.050661,0.101728,0.121245,0.081256,0.06307,0.08527,0.103938,0.038009,0.101475,0.094207,0.05487,0.058426
sub-jgrAesMEDISOc22r_ses-1_run-2,sub-jgrAesMEDISOc22r_ses-1,Awake_Rest,12.0,9.4,2000.0,0.02950568869,0.04959870291,0.0,1.0,1.0,1.0,1.0,0.0,0.0,0.0,1.0,0.0,0.0,0.0,0.0,0.0,0.0,0.0,1.0,0.0,0.0,0.091885,0.109816,0.122653,0.087062,0.094602,0.06178,0.071281,0.137238,0.093839,0.054208,0.049339,0.077693,0.080733,0.058462,0.077147,0.045553,0.0479,0.076493
sub-jgrAesMEDISOc22r_ses-1_run-3,sub-jgrAesMEDISOc22r_ses-1,Awake_Rest,12.0,9.4,2000.0,0.02950568869,0.04959870291,0.0,1.0,1.0,1.0,1.0,0.0,0.0,0.0,1.0,0.0,0.0,0.0,0.0,0.0,0.0,0.0,1.0,0.0,0.0,0.092443,0.114968,0.145359,0.083842,0.075409,0.148872,0.072742,0.101785,0.108984,0.101567,0.086378,0.086061,0.078079,0.054918,0.07936,0.057146,0.060248,0.066395
sub-jgrAesMEDISOc22r_ses-2_run-1,sub-jgrAesMEDISOc22r_ses-2,Awake_Rest,12.0,9.4,2000.0,0.02950568869,0.04959870291,0.0,1.0,1.0,1.0,1.0,0.0,0.0,0.0,1.0,0.0,0.0,0.0,0.0,0.0,0.0,0.0,1.0,0.0,0.0,0.043235,0.065536,0.068107,0.03928,0.034884,0.054733,0.067034,0.029454,0.035915,0.044422,0.041809,0.055657,0.044421,0.037299,0.039352,0.033023,0.037261,0.030687
sub-jgrAesMEDISOc22r_ses-2_run-2,sub-jgrAesMEDISOc22r_ses-2,Awake_Rest,12.0,9.4,2000.0,0.02950568869,0.04959870291,0.0,1.0,1.0,1.0,1.0,0.0,0.0,0.0,1.0,0.0,0.0,0.0,0.0,0.0,0.0,0.0,1.0,0.0,0.0,0.077236,0.094845,0.082217,0.053484,0.042103,0.05608,0.068755,0.060491,0.132194,0.075698,0.052165,0.058028,0.060438,0.034359,0.040994,0.027251,0.049031,0.074111
sub-jgrAesMEDISOc22r_ses-2_run-3,sub-jgrAesMEDISOc22r_ses-2,Awake_Rest,12.0,9.4,2000.0,0.02950568869,0.04959870291,0.0,1.0,1.0,1.0,1.0,0.0,0.0,0.0,1.0,0.0,0.0,0.0,0.0,0.0,0.0,0.0,1.0,0.0,0.0,0.04627,0.085171,0.050897,0.067105,0.046694,0.05551,0.069086,0.075009,0.060819,0.053588,0.055307,0.05456,0.045524,0.027189,0.050588,0.028508,0.039256,0.046757
sub-jgrAesMEDISOc2NT_ses-1_run-1,sub-jgrAesMEDISOc2NT_ses-1,Awake_Rest,12.0,9.4,2000.0,0.02950568869,0.04959870291,0.0,1.0,1.0,1.0,1.0,0.0,0.0,0.0,1.0,0.0,0.0,0.0,0.0,0.0,0.0,0.0,1.0,0.0,0.0,0.062138,0.071484,0.070736,0.057009,0.037822,0.042837,0.053967,0.063285,0.043861,0.047549,0.03856,0.032492,0.064749,0.067952,0.051381,0.035096,0.052412,0.022508
sub-jgrAesMEDISOc2NT_ses-1_run-2,sub-jgrAesMEDISOc2NT_ses-1,Awake_Rest,12.0,9.4,2000.0,0.02950568869,0.04959870291,0.0,1.0,1.0,1.0,1.0,0.0,0.0,0.0,1.0,0.0,0.0,0.0,0.0,0.0,0.0,0.0,1.0,0.0,0.0,0.053618,0.060086,0.059837,0.052462,0.04357,0.042561,0.069334,0.063203,0.04977,0.049411,0.040023,0.040426,0.040849,0.046111,0.052316,0.045867,0.035799,0.025732
sub-jgrAesMEDISOc2NT_ses-1_run-3,sub-jgrAesMEDISOc2NT_ses-1,Awake_Rest,12.0,9.4,2000.0,0.02950568869,0.04959870291,0.0,1.0,1.0,1.0,1.0,0.0,0.0,0.0,1.0,0.0,0.0,0.0,0.0,0.0,0.0,0.0,1.0,0.0,0.0,0.055249,0.082973,0.078463,0.055258,0.035761,0.056849,0.07912,0.079114,0.077734,0.04749,0.050454,0.064332,0.046341,0.043891,0.037574,0.038664,0.059536,0.049934
sub-jgrAesMEDISOc2NT_ses-2_run-1,sub-jgrAesMEDISOc2NT_ses-2,Awake_Rest,12.0,9.4,2000.0,0.02950568869,0.04959870291,0.0,1.0,1.0,1.0,1.0,0.0,0.0,0.0,1.0,0.0,0.0,0.0,0.0,0.0,0.0,0.0,1.0,0.0,0.0,0.065564,0.060205,0.068863,0.057513,0.040205,0.045543,0.071651,0.053439,0.055897,0.067519,0.052434,0.06879,0.035175,0.035071,0.033857,0.037686,0.029015,0.027333
sub-jgrAesMEDISOc2NT_ses-2_run-2,sub-jgrAesMEDISOc2NT_ses-2,Awake_Rest,12.0,9.4,2000.0,0.02950568869,0.04959870291,0.0,1.0,1.0,1.0,1.0,0.0,0.0,0.0,1.0,0.0,0.0,0.0,0.0,0.0,0.0,0.0,1.0,0.0,0.0,0.063228,0.084391,0.057441,0.056998,0.037208,0.041135,0.066087,0.048674,0.050403,0.050787,0.052095,0.052887,0.072173,0.047124,0.034983,0.028861,0.038425,0.026801
sub-jgrAesMEDISOc2NT_ses-2_run-3,sub-jgrAesMEDISOc2NT_ses-2,Awake_Rest,12.0,9.4,2000.0,0.02950568869,0.04959870291,0.0,1.0,1.0,1.0,1.0,0.0,0.0,0.0,1.0,0.0,0.0,0.0,0.0,0.0,0.0,0.0,1.0,0.0,0.0,0.071889,0.072274,0.085242,0.070683,0.043898,0.063889,0.064249,0.058601,0.045503,0.03372,0.040037,0.058151,0.027905,0.031041,0.05861,0.034307,0.031636,0.028339
sub-001_ses-1,sub-001,Multicenter,7.0,7.0,1000.0,0.00434073724,0.00841875561,0.0,0.0,0.0,0.0,0.0,1.0,0.0,0.0,0.0,0.0,0.0,0.0,0.0,0.0,0.0,0.0,1.0,0.0,1.0,0.063505,0.062486,0.078337,0.038199,0.033506,0.037822,0.03548,0.042569,0.055358,0.043093,0.040295,0.046994,0.041134,0.042676,0.059614,0.047151,0.032616,0.0293
sub-002_ses-1,sub-002,Multicenter,7.0,7.0,1000.0,0.006868971982,0.01446924905,0.0,0.0,0.0,0.0,0.0,1.0,0.0,0.0,0.0,0.0,0.0,0.0,0.0,0.0,0.0,0.0,1.0,0.0,1.0,0.059008,0.059461,0.063207,0.036244,0.038426,0.030924,0.036356,0.048056,0.061131,0.037075,0.034011,0.040164,0.045984,0.031456,0.046234,0.036898,0.045652,0.032065
sub-003_ses-1,sub-003,Multicenter,7.0,7.0,1000.0,0.004805405828,0.009413081244,0.0,0.0,0.0,0.0,0.0,1.0,0.0,0.0,0.0,0.0,0.0,0.0,0.0,0.0,0.0,0.0,1.0,0.0,1.0,0.062457,0.07224,0.076048,0.036153,0.031655,0.032534,0.046259,0.04693,0.047254,0.038524,0.041434,0.048048,0.035475,0.039512,0.05158,0.040669,0.036485,0.029822
sub-004_ses-1,sub-004,Multicenter,7.0,7.0,1000.0,0.004391320916,0.008151504712,0.0,0.0,0.0,0.0,0.0,1.0,0.0,0.0,0.0,0.0,0.0,0.0,0.0,0.0,0.0,0.0,1.0,0.0,1.0,0.06875,0.061508,0.051649,0.034478,0.031955,0.030292,0.046892,0.030415,0.043114,0.039478,0.034348,0.045019,0.038728,0.030639,0.062922,0.035174,0.035818,0.025313
sub-005_ses-1,sub-005,Multicenter,7.0,7.0,1000.0,0.004319339152,0.008383598712,0.0,0.0,0.0,0.0,0.0,1.0,0.0,0.0,0.0,0.0,0.0,0.0,0.0,0.0,0.0,0.0,1.0,0.0,1.0,0.072645,0.06712,0.086948,0.045166,0.032753,0.034036,0.042137,0.040591,0.058497,0.033755,0.036532,0.04481,0.039776,0.039865,0.055915,0.045969,0.036991,0.030885
sub-006_ses-1,sub-006,Multicenter,7.0,7.0,1000.0,0.004474733114,0.00825084776,0.0,0.0,0.0,0.0,0.0,1.0,0.0,0.0,0.0,0.0,0.0,0.0,0.0,0.0,0.0,0.0,1.0,0.0,1.0,0.06527,0.080295,0.089655,0.05463,0.034358,0.028048,0.044746,0.050315,0.048291,0.042202,0.040752,0.057365,0.040183,0.041311,0.063402,0.041108,0.035084,0.024107
sub-007_ses-1,sub-007,Multicenter,7.0,7.0,1000.0,0.004616573705,0.008885533926,0.0,0.0,0.0,0.0,0.0,1.0,0.0,0.0,0.0,0.0,0.0,0.0,0.0,0.0,0.0,0.0,1.0,0.0,1.0,0.058291,0.073834,0.085304,0.04974,0.041503,0.033488,0.052538,0.043515,0.046611,0.046097,0.036215,0.03763,0.040142,0.032731,0.052534,0.040973,0.036285,0.026888
sub-008_ses-1,sub-008,Multicenter,7.0,7.0,1000.0,0.003879020413,0.007040541544,0.0,0.0,0.0,0.0,0.0,1.0,0.0,0.0,0.0,0.0,0.0,0.0,0.0,0.0,0.0,0.0,1.0,0.0,1.0,0.068579,0.064371,0.059231,0.038491,0.035772,0.034875,0.040892,0.039157,0.039345,0.037966,0.038343,0.043088,0.044688,0.032966,0.058675,0.036013,0.035446,0.030448
sub-009_ses-1,sub-009,Multicenter,7.0,7.0,1000.0,0.004263006768,0.008161539954,0.0,0.0,0.0,0.0,0.0,0.0,0.0,0.0,0.0,0.0,0.0,0.0,0.0,0.0,0.0,0.0,1.0,0.0,1.0,0.058496,0.078591,0.096417,0.045966,0.034389,0.039615,0.04072,0.049062,0.04528,0.032605,0.035036,0.033268,0.040735,0.041168,0.050346,0.035796,0.029214,0.031078
sub-010_ses-1,sub-010,Multicenter,7.0,7.0,1000.0,0.003966624861,0.006564959649,0.0,0.0,0.0,0.0,0.0,0.0,0.0,0.0,0.0,0.0,0.0,0.0,0.0,0.0,0.0,0.0,1.0,0.0,1.0,0.076559,0.077257,0.10849,0.053632,0.043996,0.040117,0.042803,0.048032,0.067996,0.036375,0.044641,0.059628,0.040255,0.043535,0.084651,0.060638,0.055516,0.043856
sub-011_ses-1,sub-011,Multicenter,7.0,7.0,1000.0,0.003774979961,0.006684586702,0.0,0.0,0.0,0.0,0.0,0.0,0.0,0.0,0.0,0.0,0.0,0.0,0.0,0.0,0.0,0.0,1.0,0.0,1.0,0.053602,0.082743,0.102881,0.052333,0.031432,0.041748,0.039412,0.049335,0.061478,0.044841,0.048735,0.045313,0.038432,0.041323,0.04685,0.040467,0.039264,0.024777
sub-012_ses-1,sub-012,Multicenter,7.0,7.0,1000.0,0.003652074274,0.006066842537,0.0,0.0,0.0,0.0,0.0,0.0,0.0,0.0,0.0,0.0,0.0,0.0,0.0,0.0,0.0,0.0,1.0,0.0,1.0,0.047043,0.059897,0.079141,0.040898,0.035674,0.04204,0.030163,0.032306,0.049357,0.0377,0.044792,0.043951,0.039997,0.032979,0.040145,0.039219,0.037616,0.03405
sub-013_ses-1,sub-013,Multicenter,7.0,7.0,1000.0,0.003955947988,0.007306404623,0.0,0.0,0.0,0.0,0.0,0.0,0.0,0.0,0.0,0.0,0.0,0.0,0.0,0.0,0.0,0.0,1.0,0.0,1.0,0.06961,0.064778,0.090775,0.042486,0.036432,0.036041,0.035253,0.053472,0.06732,0.04248,0.05121,0.050845,0.03546,0.033249,0.056357,0.037491,0.036055,0.032038
sub-014_ses-1,sub-014,Multicenter,7.0,7.0,1000.0,0.005002680296,0.01011821595,0.0,0.0,0.0,0.0,0.0,1.0,0.0,0.0,0.0,0.0,0.0,0.0,0.0,0.0,0.0,0.0,1.0,0.0,1.0,0.055331,0.066341,0.088062,0.048499,0.039246,0.038328,0.041031,0.046047,0.050748,0.035709,0.039447,0.047377,0.046482,0.032727,0.042254,0.040218,0.036485,0.024945
sub-015_ses-1,sub-015,Multicenter,7.0,7.0,1000.0,0.004231607131,0.007158022422,0.0,0.0,0.0,0.0,0.0,1.0,0.0,0.0,0.0,0.0,0.0,0.0,0.0,0.0,0.0,0.0,1.0,0.0,1.0,0.051314,0.099195,0.146796,0.076942,0.048809,0.07333,0.048978,0.034671,0.04848,0.042582,0.043321,0.03914,0.054622,0.053995,0.049454,0.02856,0.028981,0.028209
sub-016_ses-1,sub-016,Multicenter,7.0,9.4,1000.0,0.007170263327,0.01105985256,0.0,0.0,0.0,0.0,0.0,1.0,0.0,0.0,0.0,0.0,0.0,0.0,0.0,0.0,0.0,0.0,1.0,0.0,1.0,0.047574,0.061348,0.047632,0.049514,0.048952,0.034651,0.042403,0.029158,0.035237,0.030104,0.043566,0.031308,0.044921,0.032176,0.037442,0.030964,0.025604,0.0134
sub-017_ses-1,sub-017,Multicenter,7.0,9.4,1000.0,0.006377216287,0.00945271478,0.0,0.0,0.0,0.0,0.0,1.0,0.0,0.0,0.0,0.0,0.0,0.0,0.0,0.0,0.0,0.0,1.0,0.0,1.0,0.040197,0.052257,0.061713,0.023479,0.024398,0.032831,0.027113,0.039629,0.034743,0.023771,0.03047,0.026815,0.035974,0.033453,0.029911,0.031252,0.032275,0.020318
sub-018_ses-1,sub-018,Multicenter,7.0,9.4,1000.0,0.006863532899,0.009820615866,0.0,0.0,0.0,0.0,0.0,1.0,0.0,0.0,0.0,0.0,0.0,0.0,0.0,0.0,0.0,0.0,1.0,0.0,1.0,0.033528,0.038211,0.036771,0.033515,0.015075,0.025506,0.027623,0.031067,0.024351,0.02618,0.031038,0.046856,0.022858,0.017237,0.024783,0.019176,0.025173,0.021439
sub-019_ses-1,sub-019,Multicenter,7.0,9.4,1000.0,0.00877567847,0.01364497643,0.0,0.0,0.0,0.0,0.0,1.0,0.0,0.0,0.0,0.0,0.0,0.0,0.0,0.0,0.0,0.0,1.0,0.0,1.0,0.034598,0.041778,0.039688,0.038669,0.019429,0.023791,0.027893,0.050149,0.025087,0.026881,0.038043,0.0306,0.029188,0.018671,0.035172,0.026641,0.028979,0.01814
sub-020_ses-1,sub-020,Multicenter,7.0,9.4,1000.0,0.007380476818,0.016570147,0.0,0.0,0.0,0.0,0.0,1.0,0.0,0.0,0.0,0.0,0.0,0.0,0.0,0.0,0.0,0.0,1.0,0.0,1.0,0.048016,0.064668,0.069209,0.055806,0.036413,0.043455,0.037987,0.0305,0.059984,0.049168,0.048694,0.056001,0.043956,0.032013,0.036024,0.029492,0.032327,0.025008
sub-021_ses-1,sub-021,Multicenter,7.0,9.4,1000.0,0.006242331578,0.009114502836,0.0,0.0,0.0,0.0,0.0,1.0,0.0,0.0,0.0,0.0,0.0,0.0,0.0,0.0,0.0,0.0,1.0,0.0,1.0,0.038652,0.02876,0.048921,0.017443,0.034414,0.039597,0.029142,0.021958,0.02547,0.017915,0.031722,0.022924,0.044638,0.027428,0.028858,0.033239,0.029038,0.008976
sub-022_ses-1,sub-022,Multicenter,7.0,9.4,1000.0,0.009013204967,0.0132493965,0.0,0.0,0.0,0.0,0.0,1.0,0.0,0.0,0.0,0.0,0.0,0.0,0.0,0.0,0.0,0.0,1.0,0.0,1.0,0.052047,0.051673,0.068915,0.036685,0.036655,0.034652,0.023211,0.025716,0.057478,0.039786,0.03423,0.039932,0.033024,0.021121,0.043393,0.042126,0.031338,0.017157
sub-023_ses-1,sub-023,Multicenter,7.0,9.4,1000.0,0.005953929397,0.009037392903,0.0,0.0,0.0,0.0,0.0,1.0,0.0,0.0,0.0,0.0,0.0,0.0,0.0,0.0,0.0,0.0,1.0,0.0,1.0,0.060164,0.050832,0.083054,0.03398,0.027789,0.032968,0.030892,0.031002,0.039397,0.040122,0.026801,0.033425,0.035438,0.029801,0.036587,0.032942,0.023703,0.024081
sub-024_ses-1,sub-024,Multicenter,7.0,9.4,1000.0,0.005791914149,0.009922982187,0.0,0.0,0.0,0.0,0.0,1.0,0.0,0.0,0.0,0.0,0.0,0.0,0.0,0.0,0.0,0.0,1.0,0.0,1.0,0.051315,0.060379,0.055608,0.029313,0.033985,0.029298,0.032654,0.049718,0.045404,0.02887,0.037038,0.046278,0.041744,0.028645,0.031724,0.020726,0.022548,0.033803
sub-025_ses-1,sub-025,Multicenter,7.0,9.4,1000.0,0.00657744669,0.01106215173,0.0,0.0,0.0,0.0,0.0,1.0,0.0,0.0,0.0,0.0,0.0,0.0,0.0,0.0,0.0,0.0,1.0,0.0,1.0,0.050255,0.030251,0.025926,0.040701,0.027533,0.033477,0.036593,0.02296,0.061764,0.025717,0.049773,0.027363,0.034314,0.027203,0.043158,0.031916,0.029271,0.011536
sub-026_ses-1,sub-026,Multicenter,7.0,9.4,1000.0,0.008829678227,0.01169556093,0.0,0.0,0.0,0.0,0.0,1.0,0.0,0.0,0.0,0.0,0.0,0.0,0.0,0.0,0.0,0.0,1.0,0.0,1.0,0.054611,0.050796,0.064345,0.027022,0.022281,0.033607,0.032516,0.025518,0.029331,0.035028,0.035125,0.03027,0.022729,0.02803,0.038093,0.028491,0.01958,0.019708
sub-027_ses-1,sub-027,Multicenter,7.0,9.4,1000.0,0.005972838767,0.008209046389,0.0,0.0,0.0,0.0,0.0,1.0,0.0,0.0,0.0,0.0,0.0,0.0,0.0,0.0,0.0,0.0,1.0,0.0,1.0,0.036272,0.040979,0.051134,0.023637,0.022719,0.028639,0.02644,0.033892,0.025588,0.021721,0.036055,0.023173,0.025627,0.024227,0.027555,0.023728,0.026005,0.018945
sub-028_ses-1,sub-028,Multicenter,7.0,9.4,1000.0,0.006768442893,0.01030220139,0.0,0.0,0.0,0.0,0.0,1.0,0.0,0.0,0.0,0.0,0.0,0.0,0.0,0.0,0.0,0.0,1.0,0.0,1.0,0.052438,0.041929,0.066992,0.030175,0.023218,0.031695,0.045412,0.042109,0.043769,0.03205,0.033363,0.03896,0.039951,0.034607,0.040707,0.04459,0.028344,0.015407
sub-029_ses-1,sub-029,Multicenter,7.0,9.4,1000.0,0.006159011932,0.009347239948,0.0,0.0,0.0,0.0,0.0,1.0,0.0,0.0,0.0,0.0,0.0,0.0,0.0,0.0,0.0,0.0,1.0,0.0,1.0,0.046601,0.062765,0.089207,0.043135,0.03127,0.034362,0.035568,0.053031,0.048116,0.033699,0.056482,0.053115,0.031777,0.022613,0.032594,0.026858,0.049938,0.02389
sub-030_ses-1,sub-030,Multicenter,7.0,9.4,1000.0,0.005006510027,0.007768139055,0.0,0.0,0.0,0.0,0.0,1.0,0.0,0.0,0.0,0.0,0.0,0.0,0.0,0.0,0.0,0.0,1.0,0.0,1.0,0.061509,0.068736,0.085448,0.02907,0.021977,0.033677,0.028266,0.036041,0.022956,0.032995,0.032404,0.026898,0.031638,0.027808,0.036906,0.030043,0.028288,0.020527
sub-032_ses-1,sub-032,Multicenter,7.0,7.0,1700.0,0.006875135439,0.01004240463,0.0,0.0,0.0,0.0,0.0,0.0,0.0,0.0,0.0,0.0,0.0,0.0,0.0,0.0,0.0,1.0,0.0,0.0,0.0,0.04603,0.03947,0.02919,0.028044,0.027343,0.026975,0.060923,0.027676,0.037459,0.023584,0.047779,0.061684,0.023076,0.0178,0.037372,0.022901,0.029907,0.022076
sub-034_ses-1,sub-034,Multicenter,7.0,7.0,1700.0,0.008164736046,0.01296967184,0.0,0.0,0.0,0.0,0.0,0.0,0.0,0.0,0.0,0.0,0.0,0.0,0.0,0.0,0.0,1.0,0.0,0.0,0.0,0.052503,0.031903,0.025975,0.027042,0.026889,0.020992,0.054231,0.051077,0.057233,0.026001,0.041625,0.06634,0.029141,0.022795,0.058954,0.034827,0.042672,0.023136
sub-036_ses-1,sub-036,Multicenter,7.0,7.0,1700.0,0.00784362785,0.01147391947,0.0,0.0,0.0,0.0,0.0,0.0,0.0,0.0,0.0,0.0,0.0,0.0,0.0,0.0,0.0,1.0,0.0,0.0,0.0,0.040825,0.034551,0.021171,0.0246,0.019176,0.020094,0.049416,0.021163,0.036085,0.026422,0.039331,0.04028,0.024361,0.019597,0.029932,0.031987,0.036014,0.021588
sub-037_ses-1,sub-037,Multicenter,7.0,7.0,1700.0,0.006611174716,0.00966198664,0.0,0.0,0.0,0.0,0.0,0.0,0.0,0.0,0.0,0.0,0.0,0.0,0.0,0.0,0.0,1.0,0.0,0.0,0.0,0.052502,0.035263,0.033375,0.034206,0.036739,0.02378,0.035604,0.03214,0.049556,0.027099,0.046719,0.054147,0.030963,0.025533,0.047122,0.04149,0.042298,0.026286
sub-038_ses-1,sub-038,Multicenter,7.0,7.0,1700.0,0.008469401014,0.01369331348,0.0,0.0,0.0,0.0,0.0,0.0,0.0,0.0,0.0,0.0,0.0,0.0,0.0,0.0,0.0,1.0,0.0,0.0,0.0,0.045173,0.02916,0.021007,0.025721,0.016921,0.022365,0.064891,0.019925,0.034902,0.027521,0.041742,0.065467,0.02047,0.019416,0.03425,0.027749,0.029298,0.017474
sub-039_ses-1,sub-039,Multicenter,7.0,7.0,1700.0,0.009040147342,0.01572161939,0.0,0.0,0.0,0.0,0.0,0.0,0.0,0.0,0.0,0.0,0.0,0.0,0.0,0.0,0.0,1.0,0.0,0.0,0.0,0.052109,0.043473,0.023357,0.036489,0.036428,0.031136,0.097934,0.031821,0.040577,0.034325,0.041387,0.056756,0.029956,0.018175,0.036454,0.031454,0.038195,0.026438
sub-040_ses-1,sub-040,Multicenter,7.0,7.0,1700.0,0.007464903831,0.01191360416,0.0,0.0,0.0,0.0,0.0,0.0,0.0,0.0,0.0,0.0,0.0,0.0,0.0,0.0,0.0,1.0,0.0,0.0,0.0,0.057703,0.075151,0.033983,0.023473,0.025028,0.025292,0.040036,0.028736,0.053669,0.03706,0.046022,0.051388,0.023927,0.026151,0.034145,0.035036,0.041534,0.016085
sub-041_ses-1,sub-041,Multicenter,7.0,7.0,1700.0,0.008492774778,0.01478095819,0.0,0.0,0.0,0.0,0.0,0.0,0.0,0.0,0.0,0.0,0.0,0.0,0.0,0.0,0.0,1.0,0.0,0.0,0.0,0.053477,0.036929,0.028956,0.02715,0.031453,0.026033,0.079861,0.024773,0.034243,0.027922,0.047246,0.055429,0.032547,0.02132,0.033252,0.032873,0.052446,0.017125
sub-042_ses-1,sub-042,Multicenter,7.0,7.0,1700.0,0.009907196383,0.01692225154,0.0,0.0,0.0,0.0,0.0,0.0,0.0,0.0,0.0,0.0,0.0,0.0,0.0,0.0,0.0,1.0,0.0,0.0,0.0,0.120006,0.059669,0.108355,0.045937,0.088402,0.066323,0.281059,0.155099,0.167528,0.065165,0.132446,0.283314,0.07184,0.079637,0.131843,0.093111,0.119958,0.059962
sub-043_ses-1,sub-043,Multicenter,7.0,7.0,1700.0,0.007748879101,0.01258316897,0.0,0.0,0.0,0.0,0.0,0.0,0.0,0.0,0.0,0.0,0.0,0.0,0.0,0.0,0.0,1.0,0.0,0.0,0.0,0.057505,0.038339,0.023702,0.026841,0.047245,0.029134,0.111601,0.068908,0.075303,0.043947,0.116835,0.229032,0.036566,0.03928,0.105108,0.04354,0.06264,0.035174
sub-044_ses-1,sub-044,Multicenter,7.0,7.0,1700.0,0.007622971152,0.01258431926,0.0,0.0,0.0,0.0,0.0,0.0,0.0,0.0,0.0,0.0,0.0,0.0,0.0,0.0,0.0,1.0,0.0,0.0,0.0,0.053759,0.029802,0.027335,0.020602,0.030685,0.028589,0.081962,0.03293,0.039383,0.038638,0.046036,0.084403,0.017579,0.023293,0.037525,0.021455,0.041759,0.027195
sub-045_ses-1,sub-045,Multicenter,7.0,7.0,1700.0,0.008466303309,0.0145366339,0.0,0.0,0.0,0.0,0.0,0.0,0.0,0.0,0.0,0.0,0.0,0.0,0.0,0.0,0.0,1.0,0.0,0.0,0.0,0.0513,0.029984,0.022828,0.040138,0.022609,0.026316,0.079096,0.04371,0.028572,0.039287,0.064443,0.100837,0.021019,0.01416,0.027598,0.043978,0.02984,0.019913
sub-046_ses-1,sub-046,Multicenter,7.0,7.0,1200.0,0.009932014555,0.02067078517,0.0,0.0,0.0,0.0,0.0,1.0,0.0,0.0,1.0,0.0,0.0,0.0,0.0,1.0,0.0,0.0,0.0,0.0,1.0,0.079927,0.13008,0.174561,0.084047,0.099898,0.133365,0.089338,0.072139,0.116265,0.079618,0.0938,0.081811,0.064539,0.054477,0.081282,0.064666,0.061012,0.04888
sub-047_ses-1,sub-047,Multicenter,7.0,7.0,1200.0,0.01735000582,0.03789148872,0.0,0.0,0.0,0.0,0.0,1.0,0.0,0.0,1.0,0.0,0.0,0.0,0.0,1.0,0.0,0.0,0.0,0.0,1.0,0.09309,0.171089,0.185132,0.10043,0.109585,0.127668,0.107503,0.081892,0.074194,0.066579,0.11452,0.081093,0.110251,0.051007,0.080834,0.072963,0.073289,0.03827
sub-048_ses-1,sub-048,Multicenter,7.0,7.0,1200.0,0.01232224451,0.02563897022,0.0,0.0,0.0,0.0,0.0,1.0,0.0,0.0,1.0,0.0,0.0,0.0,0.0,1.0,0.0,0.0,0.0,0.0,1.0,0.066572,0.088186,0.094142,0.107953,0.073432,0.119805,0.06502,0.066585,0.067866,0.056666,0.07939,0.075243,0.055633,0.049365,0.061806,0.039781,0.048787,0.048915
sub-049_ses-1,sub-049,Multicenter,7.0,7.0,1200.0,0.01043171327,0.02207619421,0.0,0.0,0.0,0.0,0.0,1.0,0.0,0.0,1.0,0.0,0.0,0.0,0.0,1.0,0.0,0.0,0.0,0.0,1.0,0.07293,0.115981,0.099106,0.085338,0.070026,0.086772,0.069215,0.06938,0.069146,0.060048,0.068674,0.063641,0.070917,0.043639,0.068251,0.049062,0.051416,0.047907
sub-050_ses-1,sub-050,Multicenter,7.0,7.0,1200.0,0.007567176635,0.01543061138,0.0,0.0,0.0,0.0,0.0,1.0,0.0,0.0,1.0,0.0,0.0,0.0,0.0,1.0,0.0,0.0,0.0,0.0,1.0,0.072917,0.131998,0.146777,0.076543,0.096631,0.109886,0.077895,0.081291,0.097646,0.061911,0.103534,0.108976,0.067457,0.057689,0.065247,0.058753,0.074961,0.04475
sub-051_ses-1,sub-051,Multicenter,7.0,7.0,1200.0,0.01536155801,0.02556109513,0.0,0.0,0.0,0.0,0.0,1.0,0.0,0.0,1.0,0.0,0.0,0.0,0.0,1.0,0.0,0.0,0.0,0.0,1.0,0.099051,0.130643,0.139564,0.11042,0.079453,0.116962,0.098068,0.063061,0.088874,0.080534,0.117314,0.147106,0.097576,0.058161,0.101935,0.052791,0.058317,0.053032
sub-052_ses-1,sub-052,Multicenter,7.0,7.0,1200.0,0.01112640318,0.02275062302,0.0,0.0,0.0,0.0,0.0,1.0,0.0,0.0,1.0,0.0,0.0,0.0,0.0,1.0,0.0,0.0,0.0,0.0,1.0,0.094413,0.137265,0.129228,0.065918,0.085104,0.118377,0.070228,0.077921,0.082059,0.07769,0.079181,0.085071,0.058665,0.051395,0.070453,0.051432,0.05953,0.048335
sub-053_ses-1,sub-053,Multicenter,7.0,7.0,1200.0,0.00556295171,0.0060840277,0.0,0.0,0.0,0.0,0.0,1.0,0.0,0.0,1.0,0.0,0.0,0.0,0.0,1.0,0.0,0.0,0.0,0.0,1.0,0.070775,0.07654,0.107008,0.090468,0.088383,0.110435,0.066055,0.061596,0.06081,0.05497,0.097742,0.069967,0.069555,0.028045,0.058099,0.046474,0.065561,0.041161
sub-054_ses-1,sub-054,Multicenter,7.0,7.0,1200.0,0.009773145901,0.0212095432,0.0,0.0,0.0,0.0,0.0,1.0,0.0,0.0,1.0,0.0,0.0,0.0,0.0,1.0,0.0,0.0,0.0,0.0,1.0,0.087755,0.110169,0.117764,0.067832,0.074625,0.092963,0.086279,0.066519,0.078397,0.057746,0.089246,0.087726,0.073919,0.062151,0.086993,0.060354,0.068394,0.052662
sub-055_ses-1,sub-055,Multicenter,7.0,7.0,1200.0,0.009037169794,0.01818195945,0.0,0.0,0.0,0.0,0.0,1.0,0.0,0.0,1.0,0.0,0.0,0.0,0.0,1.0,0.0,0.0,0.0,0.0,1.0,0.097478,0.124259,0.118757,0.09891,0.110201,0.121157,0.079178,0.069032,0.106831,0.101451,0.100203,0.096209,0.06759,0.054911,0.086285,0.065897,0.090662,0.060343
sub-056_ses-1,sub-056,Multicenter,7.0,7.0,1200.0,0.00990274876,0.01954825124,0.0,0.0,0.0,0.0,0.0,1.0,0.0,0.0,1.0,0.0,0.0,0.0,0.0,1.0,0.0,0.0,0.0,0.0,1.0,0.086696,0.099492,0.137397,0.105472,0.112865,0.116135,0.077673,0.073648,0.081384,0.060052,0.092962,0.124071,0.07279,0.060245,0.077551,0.05393,0.065435,0.068046
sub-057_ses-1,sub-057,Multicenter,7.0,7.0,1200.0,0.0142944734,0.03033350913,0.0,0.0,0.0,0.0,0.0,1.0,0.0,0.0,1.0,0.0,0.0,0.0,0.0,1.0,0.0,0.0,0.0,0.0,1.0,0.087481,0.131807,0.149365,0.092844,0.083992,0.125902,0.076411,0.067864,0.112107,0.089386,0.081235,0.125536,0.063735,0.046498,0.071976,0.051168,0.070732,0.053385
sub-058_ses-1,sub-058,Multicenter,7.0,7.0,1200.0,0.007250453845,0.01350475527,0.0,0.0,0.0,0.0,0.0,1.0,0.0,0.0,1.0,0.0,0.0,0.0,0.0,1.0,0.0,0.0,0.0,0.0,1.0,0.100189,0.130406,0.145997,0.08628,0.092315,0.106598,0.091164,0.065122,0.106035,0.077849,0.093031,0.098626,0.084614,0.066665,0.082493,0.072756,0.067664,0.053835
sub-059_ses-1,sub-059,Multicenter,7.0,7.0,1200.0,0.007154402852,0.01340317617,0.0,0.0,0.0,0.0,0.0,1.0,0.0,0.0,1.0,0.0,0.0,0.0,0.0,1.0,0.0,0.0,0.0,0.0,1.0,0.093882,0.119587,0.115635,0.096764,0.100463,0.135658,0.084686,0.088257,0.133797,0.071911,0.151564,0.119104,0.110317,0.060759,0.089058,0.047092,0.065992,0.075959
sub-060_ses-1,sub-060,Multicenter,7.0,7.0,1200.0,0.01657559629,0.03633753522,0.0,0.0,0.0,0.0,0.0,1.0,0.0,0.0,1.0,0.0,0.0,0.0,0.0,1.0,0.0,0.0,0.0,0.0,1.0,0.072127,0.094824,0.093101,0.094494,0.078879,0.096677,0.077428,0.065857,0.088156,0.07328,0.079039,0.075632,0.059322,0.057277,0.065967,0.053272,0.054685,0.058535
sub-061_ses-1,sub-061,Multicenter,7.0,9.4,1300.0,0.009903678327,0.01512429155,0.0,0.0,0.0,0.0,0.0,0.0,0.0,0.0,0.0,0.0,0.0,0.0,0.0,0.0,0.0,1.0,0.0,0.0,0.0,0.084367,0.087268,0.06199,0.046412,0.040282,0.037883,0.053152,0.059292,0.083464,0.056684,0.053771,0.064842,0.057324,0.043024,0.075611,0.058507,0.036155,0.04825
sub-062_ses-1,sub-062,Multicenter,7.0,9.4,1300.0,0.009004734169,0.01497945715,0.0,0.0,0.0,0.0,0.0,0.0,0.0,0.0,0.0,0.0,0.0,0.0,0.0,0.0,0.0,1.0,0.0,0.0,0.0,0.094913,0.098293,0.086205,0.053415,0.05918,0.043704,0.073147,0.069188,0.09321,0.091578,0.072266,0.098425,0.07408,0.036776,0.071168,0.052347,0.064035,0.072603
sub-063_ses-1,sub-063,Multicenter,7.0,9.4,1300.0,0.01195967599,0.0207217595,0.0,0.0,0.0,0.0,0.0,0.0,0.0,0.0,0.0,0.0,0.0,0.0,0.0,0.0,0.0,1.0,0.0,0.0,0.0,0.09579,0.087363,0.073072,0.05104,0.051926,0.050507,0.067894,0.083822,0.104549,0.067267,0.061507,0.088525,0.054462,0.035463,0.079004,0.046539,0.055872,0.064829
sub-064_ses-1,sub-064,Multicenter,7.0,9.4,1300.0,0.0108824826,0.01871805778,0.0,0.0,0.0,0.0,0.0,0.0,0.0,0.0,0.0,0.0,0.0,0.0,0.0,0.0,0.0,1.0,0.0,0.0,0.0,0.081242,0.082195,0.083845,0.053864,0.046925,0.045627,0.064434,0.06598,0.095393,0.068201,0.062607,0.088665,0.049512,0.034946,0.060042,0.052074,0.044255,0.065556
sub-065_ses-1,sub-065,Multicenter,7.0,9.4,1300.0,0.01417168053,0.02631535713,0.0,0.0,0.0,0.0,0.0,0.0,0.0,0.0,0.0,0.0,0.0,0.0,0.0,0.0,0.0,1.0,0.0,0.0,0.0,0.087205,0.134897,0.133002,0.071828,0.082745,0.059308,0.128978,0.076981,0.1211,0.066133,0.088623,0.131225,0.112553,0.070647,0.094648,0.053626,0.056251,0.127423
sub-066_ses-1,sub-066,Multicenter,7.0,9.4,1300.0,0.01047719812,0.01754661508,0.0,0.0,0.0,0.0,0.0,0.0,0.0,0.0,0.0,0.0,0.0,0.0,0.0,0.0,0.0,1.0,0.0,0.0,0.0,0.075632,0.087072,0.070004,0.062305,0.046301,0.047017,0.065217,0.062535,0.08937,0.068954,0.077992,0.095315,0.059902,0.04666,0.064504,0.052047,0.045757,0.059403
sub-067_ses-1,sub-067,Multicenter,7.0,9.4,1300.0,0.009576040858,0.0172923237,0.0,0.0,0.0,0.0,0.0,0.0,0.0,0.0,0.0,0.0,0.0,0.0,0.0,0.0,0.0,1.0,0.0,0.0,0.0,0.124673,0.113034,0.10312,0.064376,0.068211,0.06248,0.062516,0.081539,0.115484,0.082762,0.086272,0.127304,0.067175,0.054373,0.084707,0.044082,0.064527,0.096187
sub-068_ses-1,sub-068,Multicenter,7.0,9.4,1300.0,0.03922094987,0.07387236,0.0,0.0,0.0,0.0,0.0,0.0,0.0,0.0,0.0,0.0,0.0,0.0,0.0,0.0,0.0,1.0,0.0,0.0,0.0,0.09916,0.115541,0.085237,0.182489,0.100562,0.100469,0.18711,0.076052,0.148309,0.066357,0.077646,0.131572,0.086449,0.062925,0.132059,0.142023,0.161399,0.093391
sub-069_ses-1,sub-069,Multicenter,7.0,9.4,1300.0,0.01135869941,0.02071846484,0.0,0.0,0.0,0.0,0.0,0.0,0.0,0.0,0.0,0.0,0.0,0.0,0.0,0.0,0.0,1.0,0.0,0.0,0.0,0.089671,0.089541,0.074649,0.056387,0.05624,0.056681,0.05243,0.058697,0.089959,0.068305,0.07367,0.100726,0.07375,0.052469,0.077236,0.044616,0.051885,0.038619
sub-070_ses-1,sub-070,Multicenter,7.0,9.4,1300.0,0.01290784501,0.02219212864,0.0,0.0,0.0,0.0,0.0,0.0,0.0,0.0,0.0,0.0,0.0,0.0,0.0,0.0,0.0,1.0,0.0,0.0,0.0,0.125743,0.08436,0.11961,0.076379,0.073859,0.079123,0.056526,0.05439,0.114142,0.072974,0.093409,0.085088,0.077816,0.053408,0.084192,0.064144,0.086228,0.030411
sub-071_ses-1,sub-071,Multicenter,7.0,9.4,1300.0,0.009805735902,0.01705441345,0.0,0.0,0.0,0.0,0.0,0.0,0.0,0.0,0.0,0.0,0.0,0.0,0.0,0.0,0.0,1.0,0.0,0.0,0.0,0.103573,0.096368,0.098491,0.05829,0.045923,0.057091,0.075257,0.066186,0.118889,0.070292,0.071818,0.110939,0.082604,0.057908,0.069228,0.046427,0.072943,0.044612
sub-072_ses-1,sub-072,Multicenter,7.0,9.4,1300.0,0.01022399093,0.0160215198,0.0,0.0,0.0,0.0,0.0,0.0,0.0,0.0,0.0,0.0,0.0,0.0,0.0,0.0,0.0,1.0,0.0,0.0,0.0,0.119046,0.160201,0.134421,0.086299,0.070294,0.08081,0.067342,0.055901,0.139049,0.092641,0.100952,0.078318,0.086217,0.061098,0.095166,0.05775,0.075586,0.040225
sub-073_ses-1,sub-073,Multicenter,7.0,9.4,1300.0,0.01360410733,0.02582435869,0.0,0.0,0.0,0.0,0.0,0.0,0.0,0.0,0.0,0.0,0.0,0.0,0.0,0.0,0.0,1.0,0.0,0.0,0.0,0.097857,0.142796,0.110028,0.097126,0.068171,0.076658,0.095807,0.059533,0.154493,0.067029,0.065548,0.089565,0.123572,0.081777,0.107558,0.050457,0.08136,0.102668
sub-074_ses-1,sub-074,Multicenter,7.0,9.4,1300.0,0.009346487944,0.01667664347,0.0,0.0,0.0,0.0,0.0,0.0,0.0,0.0,0.0,0.0,0.0,0.0,0.0,0.0,0.0,1.0,0.0,0.0,0.0,0.127393,0.126369,0.087709,0.062865,0.050638,0.070514,0.10688,0.073477,0.142411,0.073014,0.086552,0.151512,0.083043,0.052551,0.099847,0.059321,0.073801,0.072252
sub-075_ses-1,sub-075,Multicenter,7.0,9.4,1300.0,0.01055867233,0.0193083265,0.0,0.0,0.0,0.0,0.0,0.0,0.0,0.0,0.0,0.0,0.0,0.0,0.0,0.0,0.0,1.0,0.0,0.0,0.0,0.090826,0.114182,0.087282,0.051419,0.051171,0.061087,0.08208,0.07315,0.098243,0.082556,0.070623,0.088234,0.090474,0.053161,0.087855,0.047007,0.044785,0.070117
sub-076_ses-1,sub-076,Multicenter,7.0,9.4,2000.0,0.007303835091,0.009634507568,0.0,0.0,0.0,0.0,0.0,0.0,0.0,0.0,1.0,0.0,0.0,0.0,0.0,0.0,0.0,0.0,1.0,0.0,0.0,0.074375,0.063585,0.0741,0.056527,0.059878,0.045704,0.053412,0.042177,0.075545,0.052781,0.064136,0.080682,0.060442,0.052108,0.061234,0.052775,0.052604,0.055245
sub-077_ses-1,sub-077,Multicenter,7.0,9.4,2000.0,0.007328303631,0.009618388662,0.0,0.0,0.0,0.0,0.0,0.0,0.0,0.0,1.0,0.0,0.0,0.0,0.0,0.0,0.0,0.0,1.0,0.0,0.0,0.087369,0.063203,0.077123,0.051553,0.060053,0.048665,0.070191,0.039797,0.066768,0.057497,0.077209,0.047886,0.055235,0.040265,0.066173,0.035592,0.059785,0.055836
sub-078_ses-1,sub-078,Multicenter,7.0,9.4,2000.0,0.00894360234,0.01085714825,0.0,0.0,0.0,0.0,0.0,0.0,0.0,0.0,1.0,0.0,0.0,0.0,0.0,0.0,0.0,0.0,1.0,0.0,0.0,0.075364,0.070122,0.072735,0.070984,0.063981,0.053466,0.065371,0.067108,0.082,0.068545,0.090111,0.068184,0.073804,0.034346,0.068533,0.050836,0.07971,0.048315
sub-079_ses-1,sub-079,Multicenter,7.0,9.4,2000.0,0.007859582267,0.009734652434,0.0,0.0,0.0,0.0,0.0,0.0,0.0,0.0,1.0,0.0,0.0,0.0,0.0,0.0,0.0,0.0,1.0,0.0,0.0,0.074763,0.067178,0.093439,0.057188,0.054602,0.039627,0.050935,0.058571,0.073416,0.044415,0.071234,0.073028,0.066557,0.048432,0.064155,0.065325,0.063295,0.050726
sub-080_ses-1,sub-080,Multicenter,7.0,9.4,2000.0,0.007597478503,0.009617290888,0.0,0.0,0.0,0.0,0.0,0.0,0.0,0.0,1.0,0.0,0.0,0.0,0.0,0.0,0.0,0.0,1.0,0.0,0.0,0.071326,0.061568,0.074055,0.063126,0.046119,0.042711,0.039183,0.046959,0.068729,0.07545,0.085575,0.075907,0.066962,0.051557,0.075,0.054599,0.063121,0.060544
sub-081_ses-1,sub-081,Multicenter,7.0,9.4,2000.0,0.007683568887,0.009818086906,0.0,0.0,0.0,0.0,0.0,0.0,0.0,0.0,1.0,0.0,0.0,0.0,0.0,0.0,0.0,0.0,1.0,0.0,0.0,0.069692,0.068811,0.098225,0.057897,0.062733,0.07057,0.068421,0.050185,0.09056,0.069006,0.091266,0.067936,0.06657,0.04552,0.085905,0.068307,0.064509,0.054981
sub-082_ses-1,sub-082,Multicenter,7.0,9.4,2000.0,0.008075832322,0.01022171377,0.0,0.0,0.0,0.0,0.0,0.0,0.0,0.0,1.0,0.0,0.0,0.0,0.0,0.0,0.0,0.0,1.0,0.0,0.0,0.080581,0.068981,0.086449,0.058094,0.04901,0.054028,0.057719,0.055372,0.096004,0.07828,0.074906,0.082456,0.073897,0.04409,0.055745,0.061255,0.051931,0.052936
sub-083_ses-1,sub-083,Multicenter,7.0,9.4,2000.0,0.008056606005,0.009810288206,0.0,0.0,0.0,0.0,0.0,0.0,0.0,0.0,1.0,0.0,0.0,0.0,0.0,0.0,0.0,0.0,1.0,0.0,0.0,0.06233,0.061805,0.076394,0.062782,0.055646,0.067468,0.051616,0.043192,0.065818,0.063815,0.077125,0.068598,0.051225,0.034586,0.069705,0.058362,0.110711,0.046109
sub-084_ses-1,sub-084,Multicenter,7.0,9.4,2000.0,0.00719206575,0.008817617921,0.0,0.0,0.0,0.0,0.0,0.0,0.0,0.0,1.0,0.0,0.0,0.0,0.0,0.0,0.0,0.0,1.0,0.0,0.0,0.07602,0.093931,0.049124,0.06807,0.07853,0.061477,0.054644,0.068738,0.080425,0.069553,0.10674,0.077666,0.081223,0.057306,0.074898,0.051843,0.085166,0.03687
sub-085_ses-1,sub-085,Multicenter,7.0,9.4,2000.0,0.00902701635,0.0112027542,0.0,0.0,0.0,0.0,0.0,0.0,0.0,0.0,1.0,0.0,0.0,0.0,0.0,0.0,0.0,0.0,1.0,0.0,0.0,0.073012,0.07172,0.061906,0.055558,0.095056,0.053575,0.106443,0.05783,0.087974,0.074359,0.071795,0.070365,0.06361,0.062584,0.081065,0.074713,0.062695,0.051788
sub-086_ses-1,sub-086,Multicenter,7.0,9.4,2000.0,0.008246565903,0.01082608672,0.0,0.0,0.0,0.0,0.0,0.0,0.0,0.0,1.0,0.0,0.0,0.0,0.0,0.0,0.0,0.0,1.0,0.0,0.0,0.08327,0.084973,0.081014,0.050446,0.052004,0.054345,0.097384,0.059552,0.113362,0.086832,0.092907,0.08347,0.073366,0.04718,0.072372,0.070034,0.073312,0.079524
sub-087_ses-1,sub-087,Multicenter,7.0,9.4,2000.0,0.008518133902,0.0110903349,0.0,0.0,0.0,0.0,0.0,0.0,0.0,0.0,1.0,0.0,0.0,0.0,0.0,0.0,0.0,0.0,1.0,0.0,0.0,0.066925,0.084211,0.114891,0.076444,0.045776,0.05396,0.068945,0.063465,0.073298,0.070091,0.078011,0.054799,0.058082,0.049442,0.070829,0.049241,0.062406,0.06306
sub-088_ses-1,sub-088,Multicenter,7.0,9.4,2000.0,0.007590389906,0.009883622894,0.0,0.0,0.0,0.0,0.0,0.0,0.0,0.0,1.0,0.0,0.0,0.0,0.0,0.0,0.0,0.0,1.0,0.0,0.0,0.059913,0.04805,0.062613,0.061823,0.057802,0.059909,0.06222,0.059837,0.062413,0.064423,0.083811,0.072307,0.059262,0.049158,0.059436,0.055351,0.06027,0.052763
sub-089_ses-1,sub-089,Multicenter,7.0,9.4,2000.0,0.008548999203,0.01142120322,0.0,0.0,0.0,0.0,0.0,0.0,0.0,0.0,1.0,0.0,0.0,0.0,0.0,0.0,0.0,0.0,1.0,0.0,0.0,0.067812,0.060269,0.056073,0.043724,0.04417,0.041592,0.056246,0.050608,0.073172,0.042709,0.100771,0.059247,0.065998,0.047233,0.072407,0.073059,0.062805,0.051231
sub-090_ses-1,sub-090,Multicenter,7.0,9.4,2000.0,0.007209486142,0.01077738817,0.0,0.0,0.0,0.0,0.0,0.0,0.0,0.0,1.0,0.0,0.0,0.0,0.0,0.0,0.0,0.0,1.0,0.0,0.0,0.065321,0.070352,0.073564,0.041269,0.047456,0.051832,0.068352,0.054031,0.056536,0.051744,0.093072,0.086379,0.055421,0.056042,0.067134,0.056737,0.046474,0.047698
sub-091_ses-1,sub-091,Multicenter,7.0,11.75,1000.0,0.01416493636,0.0291624151,0.0,0.0,0.0,0.0,0.0,0.0,0.0,0.0,0.0,0.0,0.0,0.0,0.0,0.0,0.0,0.0,1.0,0.0,1.0,0.072672,0.082051,0.086743,0.054795,0.039988,0.048858,0.058046,0.061975,0.059119,0.041851,0.04395,0.04752,0.058268,0.068338,0.052792,0.054487,0.035945,0.038444
sub-092_ses-1,sub-092,Multicenter,7.0,11.75,1000.0,0.01340295048,0.02794559311,0.0,0.0,0.0,0.0,0.0,0.0,0.0,0.0,0.0,0.0,0.0,0.0,0.0,0.0,0.0,0.0,1.0,0.0,1.0,0.0833,0.096384,0.081407,0.056241,0.04039,0.056992,0.068495,0.062966,0.065909,0.055086,0.051221,0.047788,0.053268,0.052017,0.057604,0.036227,0.037183,0.039695
sub-093_ses-1,sub-093,Multicenter,7.0,11.75,1000.0,0.01399244982,0.02848942391,0.0,0.0,0.0,0.0,0.0,0.0,0.0,0.0,0.0,0.0,0.0,0.0,0.0,0.0,0.0,0.0,1.0,0.0,1.0,0.072424,0.088788,0.081397,0.06916,0.049262,0.072164,0.086063,0.089036,0.059586,0.048085,0.057801,0.062827,0.057865,0.054822,0.061861,0.047243,0.038059,0.035293
sub-094_ses-1,sub-094,Multicenter,7.0,11.75,1000.0,0.01183373264,0.02395533392,0.0,0.0,0.0,0.0,0.0,0.0,0.0,0.0,0.0,0.0,0.0,0.0,0.0,0.0,0.0,0.0,1.0,0.0,1.0,0.086354,0.119831,0.13094,0.076545,0.042025,0.060725,0.081443,0.094139,0.080614,0.058558,0.052162,0.060455,0.069719,0.074671,0.072277,0.066336,0.042359,0.040096
sub-095_ses-1,sub-095,Multicenter,7.0,11.75,1000.0,0.01320490859,0.02703446765,0.0,0.0,0.0,0.0,0.0,0.0,0.0,0.0,0.0,0.0,0.0,0.0,0.0,0.0,0.0,0.0,1.0,0.0,1.0,0.073499,0.094866,0.111262,0.091943,0.047784,0.064468,0.076546,0.075335,0.085134,0.076807,0.047943,0.060943,0.054038,0.046507,0.075051,0.050491,0.043024,0.047437
sub-096_ses-1,sub-096,Multicenter,7.0,11.75,1000.0,0.01403551797,0.02932009205,0.0,0.0,0.0,0.0,0.0,0.0,0.0,0.0,0.0,0.0,0.0,0.0,0.0,0.0,0.0,0.0,1.0,0.0,1.0,0.083611,0.093593,0.08876,0.080477,0.042912,0.050522,0.072917,0.082128,0.049865,0.05098,0.053843,0.057508,0.049584,0.063829,0.06907,0.050085,0.032568,0.033331
sub-097_ses-1,sub-097,Multicenter,7.0,11.75,1000.0,0.01121933475,0.02242078391,0.0,0.0,0.0,0.0,0.0,0.0,0.0,0.0,0.0,0.0,0.0,0.0,0.0,0.0,0.0,0.0,1.0,0.0,1.0,0.092701,0.0839,0.09973,0.053987,0.05221,0.055828,0.077553,0.063599,0.065648,0.046248,0.063171,0.053647,0.041811,0.052008,0.05564,0.05187,0.039356,0.038242
sub-098_ses-1,sub-098,Multicenter,7.0,11.75,1000.0,0.01268920201,0.02608014396,0.0,0.0,0.0,0.0,0.0,0.0,0.0,0.0,0.0,0.0,0.0,0.0,0.0,0.0,0.0,0.0,1.0,0.0,1.0,0.104757,0.09117,0.104777,0.064428,0.047548,0.058015,0.062903,0.057226,0.07186,0.053043,0.054163,0.059483,0.067094,0.064436,0.060449,0.050608,0.042106,0.039612
sub-099_ses-1,sub-099,Multicenter,7.0,11.75,1000.0,0.01351789557,0.02768590296,0.0,0.0,0.0,0.0,0.0,0.0,0.0,0.0,0.0,0.0,0.0,0.0,0.0,0.0,0.0,0.0,1.0,0.0,1.0,0.084177,0.071223,0.086307,0.047975,0.052282,0.052959,0.063529,0.08482,0.065204,0.038956,0.059933,0.055486,0.050603,0.056259,0.060227,0.041068,0.040351,0.042433
sub-100_ses-1,sub-100,Multicenter,7.0,11.75,1000.0,0.01303797224,0.02711887064,0.0,0.0,0.0,0.0,0.0,0.0,0.0,0.0,0.0,0.0,0.0,0.0,0.0,0.0,0.0,0.0,1.0,0.0,1.0,0.080486,0.065108,0.060301,0.056964,0.043285,0.040281,0.061879,0.061601,0.061254,0.046216,0.061628,0.050286,0.042354,0.049733,0.046386,0.054161,0.035863,0.035379
sub-101_ses-1,sub-101,Multicenter,7.0,11.75,1000.0,0.0127444357,0.02581775694,0.0,0.0,0.0,0.0,0.0,0.0,0.0,0.0,0.0,0.0,0.0,0.0,0.0,0.0,0.0,0.0,1.0,0.0,1.0,0.08544,0.060229,0.062394,0.055764,0.042235,0.053007,0.07052,0.097489,0.08015,0.047323,0.048939,0.061782,0.063926,0.060033,0.070874,0.04705,0.039994,0.040631
sub-102_ses-1,sub-102,Multicenter,7.0,11.75,1000.0,0.01376682494,0.02787027233,0.0,0.0,0.0,0.0,0.0,0.0,0.0,0.0,0.0,0.0,0.0,0.0,0.0,0.0,0.0,0.0,1.0,0.0,1.0,0.071779,0.064115,0.054796,0.050251,0.044767,0.048835,0.068755,0.082385,0.062393,0.049005,0.05287,0.057926,0.053131,0.042054,0.055837,0.03641,0.049442,0.035251
sub-103_ses-1,sub-103,Multicenter,7.0,11.75,1000.0,0.009400235631,0.01852956492,0.0,0.0,0.0,0.0,0.0,0.0,0.0,0.0,0.0,0.0,0.0,0.0,0.0,0.0,0.0,0.0,1.0,0.0,1.0,0.084428,0.13904,0.165119,0.106133,0.068648,0.081507,0.068928,0.06943,0.086725,0.061734,0.053652,0.060314,0.066552,0.064793,0.06475,0.040013,0.03792,0.037461
sub-104_ses-1,sub-104,Multicenter,7.0,11.75,1000.0,0.01051073776,0.02054880855,0.0,0.0,0.0,0.0,0.0,0.0,0.0,0.0,0.0,0.0,0.0,0.0,0.0,0.0,0.0,0.0,1.0,0.0,1.0,0.102314,0.087742,0.096634,0.056659,0.046793,0.060468,0.067637,0.097761,0.077033,0.062798,0.057695,0.062139,0.060081,0.062581,0.061031,0.05038,0.041151,0.042727
sub-105_ses-1,sub-105,Multicenter,7.0,11.75,1000.0,0.01315931118,0.0262319743,0.0,0.0,0.0,0.0,0.0,0.0,0.0,0.0,0.0,0.0,0.0,0.0,0.0,0.0,0.0,0.0,1.0,0.0,1.0,0.084819,0.089559,0.083329,0.066184,0.046179,0.058785,0.057496,0.064142,0.061224,0.044818,0.053586,0.048307,0.059475,0.051187,0.062396,0.047084,0.041055,0.035163
sub-106_ses-1,sub-106,Multicenter,7.0,9.4,1500.0,0.004571183139,0.007421905092,0.0,0.0,0.0,0.0,0.0,0.0,0.0,0.0,1.0,0.0,0.0,0.0,0.0,0.0,1.0,0.0,0.0,0.0,1.0,0.036504,0.062167,0.096953,0.038952,0.053549,0.084056,0.039296,0.051225,0.056919,0.038311,0.062239,0.031527,0.050481,0.038899,0.04457,0.0419,0.038424,0.02483
sub-107_ses-1,sub-107,Multicenter,7.0,9.4,1500.0,0.004427552253,0.007434218139,0.0,0.0,0.0,0.0,0.0,0.0,0.0,0.0,1.0,0.0,0.0,0.0,0.0,0.0,1.0,0.0,0.0,0.0,1.0,0.03695,0.070305,0.070925,0.050586,0.046692,0.058128,0.043333,0.042888,0.042585,0.035121,0.040261,0.048214,0.044001,0.030257,0.036219,0.039788,0.046861,0.018541
sub-108_ses-1,sub-108,Multicenter,7.0,9.4,1500.0,0.004748089694,0.007561807685,0.0,0.0,0.0,0.0,0.0,0.0,0.0,0.0,1.0,0.0,0.0,0.0,0.0,0.0,1.0,0.0,0.0,0.0,1.0,0.045864,0.081329,0.119038,0.064713,0.058957,0.094727,0.058254,0.055409,0.04645,0.042429,0.058499,0.042603,0.059442,0.042291,0.045441,0.052527,0.064974,0.021899
sub-109_ses-1,sub-109,Multicenter,7.0,9.4,1500.0,0.004806171621,0.008394206638,0.0,0.0,0.0,0.0,0.0,0.0,0.0,0.0,1.0,0.0,0.0,0.0,0.0,0.0,1.0,0.0,0.0,0.0,1.0,0.039702,0.0951,0.077122,0.053818,0.054706,0.077905,0.039043,0.026647,0.052446,0.025006,0.043155,0.045694,0.034708,0.051389,0.042946,0.034109,0.056615,0.034156
sub-110_ses-1,sub-110,Multicenter,7.0,9.4,1500.0,0.005081502649,0.008507294607,0.0,0.0,0.0,0.0,0.0,0.0,0.0,0.0,1.0,0.0,0.0,0.0,0.0,0.0,1.0,0.0,0.0,0.0,1.0,0.045397,0.117466,0.099129,0.072656,0.066886,0.114942,0.053202,0.031687,0.043389,0.037077,0.055829,0.033188,0.044668,0.031187,0.036077,0.057095,0.041746,0.028103
sub-111_ses-1,sub-111,Multicenter,7.0,9.4,1500.0,0.00597806243,0.009360077202,0.0,0.0,0.0,0.0,0.0,0.0,0.0,0.0,1.0,0.0,0.0,0.0,0.0,0.0,1.0,0.0,0.0,0.0,1.0,0.044937,0.08546,0.0891,0.057664,0.056951,0.073443,0.033761,0.03584,0.039193,0.029134,0.039126,0.04389,0.035757,0.029332,0.033002,0.04601,0.04076,0.02714
sub-112_ses-1,sub-112,Multicenter,7.0,9.4,1500.0,0.004750784846,0.007881874923,0.0,0.0,0.0,0.0,0.0,0.0,0.0,0.0,1.0,0.0,0.0,0.0,0.0,0.0,1.0,0.0,0.0,0.0,1.0,0.039637,0.083343,0.103881,0.043697,0.073511,0.096087,0.040389,0.031846,0.036831,0.031541,0.047231,0.042227,0.041678,0.037281,0.04559,0.029824,0.045949,0.026804
sub-113_ses-1,sub-113,Multicenter,7.0,9.4,1500.0,0.004934136987,0.008902339036,0.0,0.0,0.0,0.0,0.0,0.0,0.0,0.0,1.0,0.0,0.0,0.0,0.0,0.0,1.0,0.0,0.0,0.0,1.0,0.042932,0.053427,0.081092,0.040865,0.048813,0.063091,0.038807,0.034761,0.042244,0.026388,0.039314,0.045235,0.040514,0.028297,0.046597,0.028183,0.05227,0.043276
sub-114_ses-1,sub-114,Multicenter,7.0,9.4,1500.0,0.004470264841,0.007883865647,0.0,0.0,0.0,0.0,0.0,0.0,0.0,0.0,1.0,0.0,0.0,0.0,0.0,0.0,1.0,0.0,0.0,0.0,1.0,0.033641,0.030588,0.029264,0.023497,0.028246,0.023796,0.028146,0.024206,0.035234,0.019777,0.052684,0.039254,0.033469,0.023142,0.028045,0.029977,0.072315,0.024301
sub-115_ses-1,sub-115,Multicenter,7.0,9.4,1500.0,0.00501325881,0.00854398695,0.0,0.0,0.0,0.0,0.0,0.0,0.0,0.0,1.0,0.0,0.0,0.0,0.0,0.0,1.0,0.0,0.0,0.0,1.0,0.033622,0.040185,0.044951,0.031824,0.040696,0.058229,0.027198,0.029553,0.034251,0.021727,0.035658,0.029804,0.032173,0.021164,0.032396,0.026583,0.030603,0.02373
sub-116_ses-1,sub-116,Multicenter,7.0,9.4,1500.0,0.004864918565,0.008603983209,0.0,0.0,0.0,0.0,0.0,0.0,0.0,0.0,1.0,0.0,0.0,0.0,0.0,0.0,1.0,0.0,0.0,0.0,1.0,0.054228,0.053476,0.060667,0.036487,0.044622,0.052691,0.042452,0.041238,0.05549,0.029633,0.049743,0.043466,0.03683,0.034481,0.043347,0.033304,0.054054,0.026951
sub-117_ses-1,sub-117,Multicenter,7.0,9.4,1500.0,0.004678864785,0.007880429048,0.0,0.0,0.0,0.0,0.0,0.0,0.0,0.0,1.0,0.0,0.0,0.0,0.0,0.0,1.0,0.0,0.0,0.0,1.0,0.053939,0.081294,0.122329,0.100383,0.077037,0.08226,0.058854,0.05941,0.045735,0.052032,0.080647,0.06705,0.050013,0.036164,0.070399,0.048949,0.057716,0.029103
sub-118_ses-1,sub-118,Multicenter,7.0,9.4,1500.0,0.005731171327,0.01021097435,0.0,0.0,0.0,0.0,0.0,0.0,0.0,0.0,1.0,0.0,0.0,0.0,0.0,0.0,1.0,0.0,0.0,0.0,1.0,0.051644,0.100762,0.105943,0.067446,0.063336,0.094544,0.100756,0.070542,0.066548,0.039429,0.070358,0.048203,0.042812,0.035103,0.053499,0.04249,0.053129,0.035032
sub-119_ses-1,sub-119,Multicenter,7.0,9.4,1500.0,0.004793390664,0.007715315412,0.0,0.0,0.0,0.0,0.0,0.0,0.0,0.0,1.0,0.0,0.0,0.0,0.0,0.0,1.0,0.0,0.0,0.0,1.0,0.036816,0.049594,0.056121,0.061239,0.036488,0.047424,0.064683,0.040224,0.04842,0.045326,0.069986,0.046096,0.049757,0.033193,0.051435,0.03921,0.042742,0.023385
sub-120_ses-1,sub-120,Multicenter,7.0,9.4,1500.0,0.005706020007,0.008917823893,0.0,0.0,0.0,0.0,0.0,0.0,0.0,0.0,1.0,0.0,0.0,0.0,0.0,0.0,1.0,0.0,0.0,0.0,1.0,0.062498,0.10783,0.098671,0.082877,0.081006,0.076834,0.090086,0.083122,0.063857,0.07015,0.088139,0.06311,0.057645,0.044285,0.071178,0.04483,0.077605,0.035619
sub-121_ses-1,sub-121,Multicenter,7.0,4.7,2000.0,0.006448448823,0.01156412576,0.0,0.0,0.0,0.0,0.0,0.0,0.0,0.0,1.0,0.0,0.0,0.0,0.0,0.0,1.0,0.0,0.0,0.0,0.0,0.059872,0.063313,0.056854,0.083161,0.055624,0.067845,0.095892,0.071614,0.05619,0.068022,0.157974,0.123295,0.065005,0.042724,0.066247,0.048653,0.09397,0.058865
sub-122_ses-1,sub-122,Multicenter,7.0,4.7,2000.0,0.005538228853,0.008309936503,0.0,0.0,0.0,0.0,0.0,0.0,0.0,0.0,1.0,0.0,0.0,0.0,0.0,0.0,1.0,0.0,0.0,0.0,0.0,0.06426,0.07334,0.072061,0.049126,0.0654,0.052199,0.072427,0.063473,0.065862,0.042567,0.077444,0.095889,0.068892,0.051517,0.059217,0.048212,0.064483,0.05053
sub-123_ses-1,sub-123,Multicenter,7.0,4.7,2000.0,0.005205512961,0.008009074691,0.0,0.0,0.0,0.0,0.0,0.0,0.0,0.0,1.0,0.0,0.0,0.0,0.0,0.0,1.0,0.0,0.0,0.0,0.0,0.06209,0.074005,0.070264,0.058047,0.055379,0.057734,0.06835,0.059439,0.075812,0.05476,0.068675,0.098691,0.065282,0.042335,0.070733,0.058022,0.0576,0.048076
sub-124_ses-1,sub-124,Multicenter,7.0,4.7,2000.0,0.00577599488,0.009439171297,0.0,0.0,0.0,0.0,0.0,0.0,0.0,0.0,1.0,0.0,0.0,0.0,0.0,0.0,1.0,0.0,0.0,0.0,0.0,0.062337,0.058174,0.051368,0.045125,0.052237,0.04528,0.060298,0.051028,0.066358,0.039036,0.067201,0.05575,0.062325,0.043987,0.057667,0.056715,0.051506,0.04905
sub-125_ses-1,sub-125,Multicenter,7.0,4.7,2000.0,0.005259943951,0.008689595323,0.0,0.0,0.0,0.0,0.0,0.0,0.0,0.0,1.0,0.0,0.0,0.0,0.0,0.0,1.0,0.0,0.0,0.0,0.0,0.063397,0.07812,0.084201,0.055738,0.066814,0.060567,0.046611,0.052681,0.064288,0.043283,0.075639,0.063913,0.06385,0.046716,0.062403,0.049169,0.062361,0.041295
sub-126_ses-1,sub-126,Multicenter,7.0,4.7,2000.0,0.006266431213,0.009656436533,0.0,0.0,0.0,0.0,0.0,0.0,0.0,0.0,1.0,0.0,0.0,0.0,0.0,0.0,1.0,0.0,0.0,0.0,0.0,0.117143,0.139983,0.085299,0.090216,0.116392,0.087551,0.08114,0.08914,0.152175,0.095643,0.119573,0.142174,0.091268,0.072799,0.130354,0.106771,0.141367,0.143758
sub-127_ses-1,sub-127,Multicenter,7.0,4.7,2000.0,0.008562485841,0.01424547409,0.0,0.0,0.0,0.0,0.0,0.0,0.0,0.0,1.0,0.0,0.0,0.0,0.0,0.0,1.0,0.0,0.0,0.0,0.0,0.069064,0.074423,0.079183,0.081924,0.075489,0.066839,0.084908,0.062867,0.090098,0.066638,0.084425,0.127718,0.071717,0.055018,0.049662,0.063387,0.075172,0.061394
sub-128_ses-1,sub-128,Multicenter,7.0,4.7,2000.0,0.008054041938,0.01255816342,0.0,0.0,0.0,0.0,0.0,0.0,0.0,0.0,1.0,0.0,0.0,0.0,0.0,0.0,1.0,0.0,0.0,0.0,0.0,0.080117,0.072273,0.054044,0.058587,0.058576,0.071946,0.08823,0.056685,0.05732,0.070195,0.09601,0.12146,0.071093,0.043532,0.055741,0.07507,0.090362,0.045086
sub-129_ses-1,sub-129,Multicenter,7.0,4.7,2000.0,0.004986881999,0.007018941569,0.0,0.0,0.0,0.0,0.0,0.0,0.0,0.0,1.0,0.0,0.0,0.0,0.0,0.0,1.0,0.0,0.0,0.0,0.0,0.056727,0.0606,0.051455,0.051507,0.047561,0.047029,0.048373,0.054269,0.073912,0.070193,0.068138,0.087022,0.054954,0.047669,0.058282,0.067552,0.081442,0.052023
sub-130_ses-1,sub-130,Multicenter,7.0,4.7,2000.0,0.005679726101,0.008742345056,0.0,0.0,0.0,0.0,0.0,0.0,0.0,0.0,1.0,0.0,0.0,0.0,0.0,0.0,1.0,0.0,0.0,0.0,0.0,0.076871,0.066824,0.061396,0.062558,0.051192,0.043642,0.063632,0.057134,0.076201,0.05982,0.077688,0.079686,0.059079,0.048772,0.061903,0.062137,0.093954,0.046131
sub-131_ses-1,sub-131,Multicenter,7.0,4.7,2000.0,0.004931463214,0.00729976945,0.0,0.0,0.0,0.0,0.0,0.0,0.0,0.0,1.0,0.0,0.0,0.0,0.0,0.0,1.0,0.0,0.0,0.0,0.0,0.060982,0.072071,0.052585,0.051835,0.051551,0.054089,0.051236,0.056364,0.08322,0.0478,0.068543,0.062337,0.056016,0.046582,0.069613,0.05854,0.069874,0.04127
sub-133_ses-1,sub-133,Multicenter,7.0,4.7,2000.0,0.004818277697,0.007466766064,0.0,0.0,0.0,0.0,0.0,0.0,0.0,0.0,1.0,0.0,0.0,0.0,0.0,0.0,1.0,0.0,0.0,0.0,0.0,0.076281,0.069311,0.055878,0.044174,0.057078,0.042995,0.053176,0.063914,0.06343,0.04992,0.068364,0.084949,0.066226,0.041622,0.072396,0.069424,0.070659,0.038822
sub-134_ses-1,sub-134,Multicenter,7.0,4.7,2000.0,0.006141278197,0.01017890661,0.0,0.0,0.0,0.0,0.0,0.0,0.0,0.0,1.0,0.0,0.0,0.0,0.0,0.0,1.0,0.0,0.0,0.0,0.0,0.069276,0.06813,0.083966,0.05412,0.06345,0.059959,0.062211,0.049121,0.074289,0.054922,0.098808,0.076838,0.073446,0.043572,0.069197,0.075001,0.086608,0.057125
sub-135_ses-1,sub-135,Multicenter,7.0,4.7,2000.0,0.006447641418,0.01027815993,0.0,0.0,0.0,0.0,0.0,0.0,0.0,0.0,1.0,0.0,0.0,0.0,0.0,0.0,1.0,0.0,0.0,0.0,0.0,0.07805,0.080305,0.063688,0.100869,0.076794,0.076764,0.074232,0.068317,0.088729,0.071186,0.134374,0.106337,0.075414,0.057015,0.071415,0.046624,0.09051,0.033955
sub-136_ses-1,sub-136,Multicenter,7.0,9.4,1000.0,0.009726266021,0.01422283837,0.0,0.0,0.0,0.0,0.0,1.0,0.0,0.0,1.0,0.0,0.0,0.0,0.0,0.0,0.0,0.0,1.0,0.0,0.0,0.070249,0.149115,0.144201,0.083136,0.100603,0.113281,0.097685,0.08133,0.069033,0.051985,0.094236,0.095162,0.085798,0.065834,0.083026,0.051678,0.077287,0.05028
sub-137_ses-1,sub-137,Multicenter,7.0,9.4,1000.0,0.009960928341,0.01510466231,0.0,0.0,0.0,0.0,0.0,1.0,0.0,0.0,1.0,0.0,0.0,0.0,0.0,0.0,0.0,0.0,1.0,0.0,0.0,0.06353,0.039115,0.049796,0.029632,0.036568,0.040327,0.078598,0.047754,0.031089,0.023474,0.047362,0.100371,0.039089,0.031238,0.044645,0.039665,0.052844,0.046425
sub-138_ses-1,sub-138,Multicenter,7.0,9.4,1000.0,0.009223233873,0.01296421364,0.0,0.0,0.0,0.0,0.0,1.0,0.0,0.0,1.0,0.0,0.0,0.0,0.0,0.0,0.0,0.0,1.0,0.0,0.0,0.072079,0.111773,0.115468,0.080926,0.08126,0.084528,0.077546,0.071239,0.065545,0.048038,0.06301,0.059986,0.075381,0.067798,0.073749,0.036953,0.057649,0.0343
sub-139_ses-1,sub-139,Multicenter,7.0,9.4,1000.0,0.008816622153,0.01332639087,0.0,0.0,0.0,0.0,0.0,1.0,0.0,0.0,1.0,0.0,0.0,0.0,0.0,0.0,0.0,0.0,1.0,0.0,0.0,0.095236,0.077553,0.070187,0.059769,0.054775,0.07307,0.083599,0.095974,0.070801,0.058434,0.088363,0.116689,0.053063,0.043271,0.058535,0.046068,0.043078,0.050677
sub-140_ses-1,sub-140,Multicenter,7.0,9.4,1000.0,0.008093498796,0.01239694387,0.0,0.0,0.0,0.0,0.0,1.0,0.0,0.0,1.0,0.0,0.0,0.0,0.0,0.0,0.0,0.0,1.0,0.0,0.0,0.095957,0.105451,0.072317,0.06158,0.05003,0.065002,0.092633,0.088919,0.070441,0.069212,0.077221,0.103841,0.073443,0.053469,0.063466,0.050754,0.076538,0.043061
sub-141_ses-1,sub-141,Multicenter,7.0,9.4,1000.0,0.008697758023,0.01351819538,0.0,0.0,0.0,0.0,0.0,1.0,0.0,0.0,1.0,0.0,0.0,0.0,0.0,0.0,0.0,0.0,1.0,0.0,0.0,0.079848,0.11609,0.094484,0.070534,0.071291,0.076501,0.109906,0.112676,0.069247,0.069026,0.097721,0.107321,0.073663,0.044909,0.075302,0.047208,0.070659,0.033957
sub-142_ses-1,sub-142,Multicenter,7.0,9.4,1000.0,0.01049524495,0.01589968891,0.0,0.0,0.0,0.0,0.0,1.0,0.0,0.0,1.0,0.0,0.0,0.0,0.0,0.0,0.0,0.0,1.0,0.0,0.0,0.088862,0.096228,0.094102,0.082179,0.066476,0.077935,0.121043,0.096771,0.082604,0.061301,0.065874,0.141212,0.053248,0.058405,0.059031,0.055777,0.066899,0.063091
sub-143_ses-1,sub-143,Multicenter,7.0,9.4,1000.0,0.009272132693,0.01356490663,0.0,0.0,0.0,0.0,0.0,1.0,0.0,0.0,1.0,0.0,0.0,0.0,0.0,0.0,0.0,0.0,1.0,0.0,0.0,0.047717,0.074198,0.064452,0.062131,0.047242,0.052982,0.077163,0.053269,0.051636,0.03679,0.048912,0.069551,0.060217,0.041875,0.045497,0.033983,0.048941,0.043155
sub-144_ses-1,sub-144,Multicenter,7.0,9.4,1000.0,0.01207533324,0.01923186611,0.0,0.0,0.0,0.0,0.0,1.0,0.0,0.0,1.0,0.0,0.0,0.0,0.0,0.0,0.0,0.0,1.0,0.0,0.0,0.102961,0.138704,0.135171,0.126244,0.068287,0.119456,0.15539,0.068431,0.08283,0.081803,0.153944,0.122195,0.099776,0.072228,0.079004,0.069071,0.117533,0.093425
sub-145_ses-1,sub-145,Multicenter,7.0,9.4,1000.0,0.01069795698,0.01567041037,0.0,0.0,0.0,0.0,0.0,1.0,0.0,0.0,1.0,0.0,0.0,0.0,0.0,0.0,0.0,0.0,1.0,0.0,0.0,0.086621,0.051068,0.10352,0.052333,0.148128,0.10045,0.061837,0.062735,0.101317,0.04445,0.074672,0.067302,0.075816,0.046271,0.060473,0.060637,0.052706,0.028796
sub-146_ses-1,sub-146,Multicenter,7.0,9.4,1000.0,0.01160949885,0.01734910561,0.0,0.0,0.0,0.0,0.0,1.0,0.0,0.0,1.0,0.0,0.0,0.0,0.0,0.0,0.0,0.0,1.0,0.0,0.0,0.089734,0.158375,0.145872,0.125968,0.095773,0.127573,0.131199,0.104186,0.101256,0.083051,0.159478,0.099763,0.090277,0.110376,0.084951,0.058602,0.138055,0.05568
sub-147_ses-1,sub-147,Multicenter,7.0,9.4,1000.0,0.009131988807,0.01368243015,0.0,0.0,0.0,0.0,0.0,1.0,0.0,0.0,1.0,0.0,0.0,0.0,0.0,0.0,0.0,0.0,1.0,0.0,0.0,0.057908,0.129201,0.118762,0.077513,0.05689,0.08006,0.097523,0.062589,0.071655,0.050124,0.057914,0.076177,0.072731,0.04964,0.063603,0.047743,0.061994,0.054664
sub-148_ses-1,sub-148,Multicenter,7.0,9.4,1000.0,0.006075429317,0.009416010917,0.0,0.0,0.0,0.0,0.0,1.0,0.0,0.0,1.0,0.0,0.0,0.0,0.0,0.0,0.0,0.0,1.0,0.0,0.0,0.038776,0.041977,0.041237,0.033593,0.032775,0.033086,0.052777,0.048203,0.043546,0.027622,0.049208,0.061662,0.043737,0.023154,0.046045,0.04113,0.041414,0.035254
sub-149_ses-1,sub-149,Multicenter,7.0,9.4,1000.0,0.01039641856,0.01565954754,0.0,0.0,0.0,0.0,0.0,1.0,0.0,0.0,1.0,0.0,0.0,0.0,0.0,0.0,0.0,0.0,1.0,0.0,0.0,0.042942,0.041893,0.056306,0.051944,0.052561,0.04688,0.045968,0.052605,0.046486,0.033045,0.11366,0.098378,0.041967,0.03319,0.039846,0.040597,0.053984,0.043976
sub-150_ses-1,sub-150,Multicenter,7.0,9.4,1000.0,0.008445185715,0.01211958517,0.0,0.0,0.0,0.0,0.0,1.0,0.0,0.0,1.0,0.0,0.0,0.0,0.0,0.0,0.0,0.0,1.0,0.0,0.0,0.061254,0.061765,0.038716,0.045655,0.046396,0.040847,0.072537,0.072045,0.048428,0.038605,0.052274,0.074772,0.042025,0.030055,0.04785,0.042541,0.05093,0.029088
sub-151_ses-1,sub-151,Multicenter,7.0,9.4,1000.0,0.006030336162,0.009969512832,0.0,0.0,0.0,0.0,0.0,0.0,0.0,0.0,0.0,0.0,0.0,0.0,0.0,0.0,1.0,0.0,0.0,0.0,0.0,0.138988,0.125494,0.190974,0.118633,0.114105,0.13753,0.073852,0.052431,0.072908,0.047255,0.092451,0.065335,0.041552,0.030462,0.047894,0.049438,0.056008,0.062638
sub-152_ses-1,sub-152,Multicenter,7.0,9.4,1000.0,0.01495133855,0.02023299761,0.0,0.0,0.0,0.0,0.0,0.0,0.0,0.0,0.0,0.0,0.0,0.0,0.0,0.0,1.0,0.0,0.0,0.0,0.0,0.26753,0.236724,0.139945,0.166107,0.121577,0.135939,0.112018,0.091555,0.1986,0.101848,0.284238,0.150345,0.108908,0.075789,0.095953,0.078426,0.083501,0.035428
sub-153_ses-1,sub-153,Multicenter,7.0,9.4,1000.0,0.02944095404,0.05451888004,0.0,0.0,0.0,0.0,0.0,0.0,0.0,0.0,0.0,0.0,0.0,0.0,0.0,0.0,1.0,0.0,0.0,0.0,0.0,0.086931,0.20035,0.150182,0.136366,0.104623,0.119634,0.062077,0.072307,0.123013,0.07715,0.109382,0.08404,0.048414,0.043666,0.049753,0.038649,0.089109,0.054769
sub-154_ses-1,sub-154,Multicenter,7.0,9.4,1000.0,0.02295683217,0.02991504332,0.0,0.0,0.0,0.0,0.0,0.0,0.0,0.0,0.0,0.0,0.0,0.0,0.0,0.0,1.0,0.0,0.0,0.0,0.0,0.279655,0.250823,0.087538,0.142909,0.280765,0.227221,0.20899,0.183567,0.30149,0.099093,0.323754,0.322052,0.086798,0.105426,0.09744,0.128616,0.110104,0.128165
sub-155_ses-1,sub-155,Multicenter,7.0,9.4,1000.0,0.008120845893,0.01335105451,0.0,0.0,0.0,0.0,0.0,0.0,0.0,0.0,0.0,0.0,0.0,0.0,0.0,0.0,1.0,0.0,0.0,0.0,0.0,0.067479,0.119361,0.115031,0.097345,0.084759,0.078334,0.041463,0.058416,0.090938,0.090175,0.090371,0.06871,0.055627,0.057026,0.091005,0.048174,0.077663,0.05591
sub-156_ses-1,sub-156,Multicenter,7.0,9.4,1000.0,0.01282439175,0.01960123224,0.0,0.0,0.0,0.0,0.0,0.0,0.0,0.0,0.0,0.0,0.0,0.0,0.0,0.0,1.0,0.0,0.0,0.0,0.0,0.191442,0.235477,0.125298,0.206027,0.125222,0.091514,0.131111,0.105473,0.196512,0.178379,0.20695,0.170582,0.097826,0.067692,0.116897,0.068792,0.069891,0.066954
sub-157_ses-1,sub-157,Multicenter,7.0,9.4,1000.0,0.005607561743,0.009487282431,0.0,0.0,0.0,0.0,0.0,0.0,0.0,0.0,0.0,0.0,0.0,0.0,0.0,0.0,1.0,0.0,0.0,0.0,0.0,0.10467,0.067991,0.083485,0.062165,0.066565,0.105674,0.076848,0.050414,0.089213,0.04354,0.07273,0.05274,0.052454,0.041263,0.045061,0.038172,0.041482,0.030257
sub-158_ses-1,sub-158,Multicenter,7.0,9.4,1000.0,0.01089928828,0.01799171598,0.0,0.0,0.0,0.0,0.0,0.0,0.0,0.0,0.0,0.0,0.0,0.0,0.0,0.0,1.0,0.0,0.0,0.0,0.0,0.057233,0.085607,0.034459,0.074974,0.038685,0.047729,0.043631,0.048128,0.085971,0.054701,0.083832,0.0825,0.036461,0.028944,0.029224,0.042551,0.038834,0.06358
sub-159_ses-1,sub-159,Multicenter,7.0,9.4,1000.0,0.005784708082,0.008867755674,0.0,0.0,0.0,0.0,0.0,0.0,0.0,0.0,0.0,0.0,0.0,0.0,0.0,0.0,1.0,0.0,0.0,0.0,0.0,0.032286,0.07245,0.069575,0.080939,0.055657,0.065864,0.046303,0.031019,0.04296,0.029161,0.046035,0.063722,0.027638,0.025449,0.032051,0.024054,0.041533,0.033385
sub-160_ses-1,sub-160,Multicenter,7.0,9.4,1000.0,0.009418595854,0.01370373638,0.0,0.0,0.0,0.0,0.0,0.0,0.0,0.0,0.0,0.0,0.0,0.0,0.0,0.0,1.0,0.0,0.0,0.0,0.0,0.105727,0.078828,0.08219,0.063834,0.049842,0.043216,0.075494,0.043407,0.095822,0.04888,0.121938,0.101607,0.044323,0.0407,0.085478,0.038267,0.079579,0.020948
sub-161_ses-1,sub-161,Multicenter,7.0,9.4,1000.0,0.01930646498,0.03122592146,0.0,0.0,0.0,0.0,0.0,0.0,0.0,0.0,0.0,0.0,0.0,0.0,0.0,0.0,1.0,0.0,0.0,0.0,0.0,0.08821,0.105201,0.066451,0.122349,0.077651,0.095298,0.189573,0.100648,0.168872,0.106026,0.160661,0.145277,0.051214,0.042447,0.089933,0.068364,0.073427,0.087113
sub-162_ses-1,sub-162,Multicenter,7.0,9.4,1000.0,0.006082297989,0.01008480425,0.0,0.0,0.0,0.0,0.0,0.0,0.0,0.0,0.0,0.0,0.0,0.0,0.0,0.0,1.0,0.0,0.0,0.0,0.0,0.034006,0.031955,0.028319,0.031396,0.027992,0.024545,0.029774,0.020972,0.036317,0.025461,0.053428,0.03748,0.024748,0.030043,0.032227,0.027491,0.037803,0.013125
sub-163_ses-1,sub-163,Multicenter,7.0,9.4,1000.0,0.006264652116,0.0109074268,0.0,0.0,0.0,0.0,0.0,0.0,0.0,0.0,0.0,0.0,0.0,0.0,0.0,0.0,1.0,0.0,0.0,0.0,0.0,0.101763,0.066457,0.10997,0.048501,0.076793,0.097061,0.055102,0.032086,0.065537,0.036097,0.053594,0.042313,0.030982,0.029321,0.052697,0.026038,0.039233,0.051427
sub-164_ses-1,sub-164,Multicenter,7.0,9.4,1000.0,0.007278216398,0.01195230826,0.0,0.0,0.0,0.0,0.0,0.0,0.0,0.0,0.0,0.0,0.0,0.0,0.0,0.0,1.0,0.0,0.0,0.0,0.0,0.062831,0.051226,0.034404,0.039394,0.0347,0.027348,0.036098,0.02486,0.049401,0.03308,0.074175,0.050762,0.03479,0.023239,0.039299,0.049701,0.046771,0.042564
sub-165_ses-1,sub-165,Multicenter,7.0,9.4,1000.0,0.0133404761,0.01906287473,0.0,0.0,0.0,0.0,0.0,0.0,0.0,0.0,0.0,0.0,0.0,0.0,0.0,0.0,1.0,0.0,0.0,0.0,0.0,0.254714,0.15725,0.075583,0.15746,0.127206,0.169311,0.159366,0.093731,0.14707,0.089274,0.177575,0.149937,0.102487,0.087687,0.078847,0.079154,0.094922,0.0542
sub-166_ses-1,sub-166,Multicenter,7.0,7.0,2000.0,0.01244142492,0.02086447109,0.0,0.0,0.0,0.0,0.0,0.0,0.0,0.0,1.0,0.0,0.0,0.0,0.0,0.0,1.0,0.0,0.0,0.0,0.0,0.19138,0.194488,0.156319,0.169478,0.13162,0.141602,0.169951,0.130898,0.150923,0.091964,0.172301,0.157713,0.155248,0.079264,0.198839,0.144769,0.182526,0.098402
sub-167_ses-1,sub-167,Multicenter,7.0,7.0,2000.0,0.01266853571,0.02024178111,0.0,0.0,0.0,0.0,0.0,0.0,0.0,0.0,1.0,0.0,0.0,0.0,0.0,0.0,1.0,0.0,0.0,0.0,0.0,0.154648,0.229737,0.120024,0.140442,0.162499,0.176009,0.120048,0.116939,0.21396,0.195273,0.152031,0.1594,0.139404,0.10699,0.149448,0.13525,0.150671,0.088253
sub-168_ses-1,sub-168,Multicenter,7.0,7.0,2000.0,0.01309739321,0.02089017139,0.0,0.0,0.0,0.0,0.0,0.0,0.0,0.0,1.0,0.0,0.0,0.0,0.0,0.0,1.0,0.0,0.0,0.0,0.0,0.140375,0.147628,0.172179,0.1496,0.15533,0.120969,0.113252,0.20012,0.130424,0.141709,0.169471,0.155417,0.130611,0.130466,0.196201,0.129892,0.160851,0.136049
sub-169_ses-1,sub-169,Multicenter,7.0,7.0,2000.0,0.01201652021,0.01982854784,0.0,0.0,0.0,0.0,0.0,0.0,0.0,0.0,1.0,0.0,0.0,0.0,0.0,0.0,1.0,0.0,0.0,0.0,0.0,0.158356,0.143194,0.168765,0.121849,0.14645,0.148994,0.111408,0.141797,0.213808,0.112924,0.20115,0.154606,0.175266,0.121398,0.172947,0.136684,0.176167,0.14834
sub-171_ses-1,sub-171,Multicenter,7.0,7.0,2000.0,0.008946686541,0.01544136748,0.0,0.0,0.0,0.0,0.0,0.0,0.0,0.0,1.0,0.0,0.0,0.0,0.0,0.0,1.0,0.0,0.0,0.0,0.0,0.163332,0.149787,0.142285,0.15187,0.11529,0.145782,0.09153,0.116635,0.14592,0.09998,0.167099,0.139135,0.159666,0.104188,0.132148,0.12483,0.147465,0.089345
sub-172_ses-1,sub-172,Multicenter,7.0,7.0,2000.0,0.01323948092,0.0215873483,0.0,0.0,0.0,0.0,0.0,0.0,0.0,0.0,1.0,0.0,0.0,0.0,0.0,0.0,1.0,0.0,0.0,0.0,0.0,0.127669,0.16106,0.137811,0.137294,0.118675,0.155878,0.110084,0.131228,0.166245,0.076941,0.135612,0.143836,0.091714,0.105668,0.139978,0.121207,0.135003,0.102997
sub-174_ses-1,sub-174,Multicenter,7.0,7.0,2000.0,0.01073229645,0.01741274644,0.0,0.0,0.0,0.0,0.0,0.0,0.0,0.0,1.0,0.0,0.0,0.0,0.0,0.0,1.0,0.0,0.0,0.0,0.0,0.169338,0.153629,0.162198,0.128657,0.129066,0.09101,0.088761,0.175187,0.159161,0.087095,0.158645,0.139099,0.149789,0.092478,0.132348,0.130125,0.18495,0.123129
sub-175_ses-1,sub-175,Multicenter,7.0,7.0,2000.0,0.0100005041,0.01682429638,0.0,0.0,0.0,0.0,0.0,0.0,0.0,0.0,1.0,0.0,0.0,0.0,0.0,0.0,1.0,0.0,0.0,0.0,0.0,0.156951,0.137373,0.12994,0.107316,0.096826,0.114493,0.086791,0.135872,0.108874,0.097546,0.143423,0.135541,0.131906,0.094802,0.150549,0.09308,0.13207,0.101673
sub-176_ses-1,sub-176,Multicenter,7.0,7.0,2000.0,0.01206326781,0.01972432054,0.0,0.0,0.0,0.0,0.0,0.0,0.0,0.0,1.0,0.0,0.0,0.0,0.0,0.0,1.0,0.0,0.0,0.0,0.0,0.15957,0.120899,0.146349,0.07484,0.113265,0.11758,0.145005,0.113109,0.159805,0.115824,0.188993,0.138939,0.123809,0.108222,0.143815,0.121419,0.175925,0.107335
sub-177_ses-1,sub-177,Multicenter,7.0,7.0,2000.0,0.01310296057,0.0228389097,0.0,0.0,0.0,0.0,0.0,0.0,0.0,0.0,1.0,0.0,0.0,0.0,0.0,0.0,1.0,0.0,0.0,0.0,0.0,0.160782,0.191758,0.144438,0.122677,0.153837,0.163523,0.126391,0.124979,0.157989,0.106567,0.245941,0.196873,0.121717,0.111554,0.153401,0.111301,0.175538,0.066663
sub-178_ses-1,sub-178,Multicenter,7.0,7.0,2000.0,0.01237949072,0.02102495376,0.0,0.0,0.0,0.0,0.0,0.0,0.0,0.0,1.0,0.0,0.0,0.0,0.0,0.0,1.0,0.0,0.0,0.0,0.0,0.169968,0.143131,0.140964,0.135248,0.146317,0.124952,0.12929,0.108539,0.179891,0.107447,0.149009,0.112085,0.131184,0.110765,0.126311,0.137578,0.123033,0.092587
sub-180_ses-1,sub-180,Multicenter,7.0,7.0,2000.0,0.01318489559,0.02095021984,0.0,0.0,0.0,0.0,0.0,0.0,0.0,0.0,1.0,0.0,0.0,0.0,0.0,0.0,1.0,0.0,0.0,0.0,0.0,-0.0,0.013157,0.006208,0.009701,0.037361,0.007313,0.074707,0.111927,0.005439,0.12017,0.256189,0.372568,0.061765,0.088152,-0.0,-0.013381,0.317688,0.109319
sub-181_ses-1,sub-181,Multicenter,7.0,7.0,2000.0,0.006667760431,0.0116533435,0.0,0.0,0.0,0.0,0.0,0.0,0.0,0.0,0.0,0.0,0.0,0.0,0.0,0.0,0.0,1.0,0.0,0.0,0.0,0.030094,0.030661,0.021394,0.02783,0.025974,0.022229,0.044658,0.027464,0.032139,0.02969,0.048118,0.041584,0.023896,0.017701,0.036421,0.025036,0.031943,0.021544
sub-182_ses-1,sub-182,Multicenter,7.0,7.0,2000.0,0.007281787245,0.01358005862,0.0,0.0,0.0,0.0,0.0,0.0,0.0,0.0,0.0,0.0,0.0,0.0,0.0,0.0,0.0,1.0,0.0,0.0,0.0,0.030224,0.042687,0.032373,0.049339,0.027149,0.032602,0.063508,0.027673,0.038359,0.030144,0.054834,0.052053,0.025768,0.018763,0.030609,0.027152,0.050614,0.020027
sub-183_ses-1,sub-183,Multicenter,7.0,7.0,2000.0,0.006985088689,0.01191006864,0.0,0.0,0.0,0.0,0.0,0.0,0.0,0.0,0.0,0.0,0.0,0.0,0.0,0.0,0.0,1.0,0.0,0.0,0.0,0.059624,0.055243,0.031716,0.058825,0.031425,0.041036,0.054484,0.036318,0.064438,0.039999,0.061819,0.045389,0.035672,0.020934,0.037749,0.037941,0.0574,0.027089
sub-184_ses-1,sub-184,Multicenter,7.0,7.0,2000.0,0.006788486652,0.01154230841,0.0,0.0,0.0,0.0,0.0,0.0,0.0,0.0,0.0,0.0,0.0,0.0,0.0,0.0,0.0,1.0,0.0,0.0,0.0,0.029107,0.03644,0.028789,0.031798,0.019424,0.030795,0.038932,0.025344,0.035443,0.020762,0.042142,0.037184,0.028849,0.016203,0.027528,0.025929,0.042997,0.019827
sub-185_ses-1,sub-185,Multicenter,7.0,7.0,2000.0,0.006177457812,0.01083194114,0.0,0.0,0.0,0.0,0.0,0.0,0.0,0.0,0.0,0.0,0.0,0.0,0.0,0.0,0.0,1.0,0.0,0.0,0.0,0.037178,0.040113,0.022434,0.039356,0.022763,0.025572,0.050738,0.024596,0.028308,0.027568,0.047722,0.02672,0.022187,0.017236,0.034935,0.025768,0.041798,0.019594
sub-186_ses-1,sub-186,Multicenter,7.0,7.0,2000.0,0.006604289711,0.01054751716,0.0,0.0,0.0,0.0,0.0,0.0,0.0,0.0,0.0,0.0,0.0,0.0,0.0,0.0,0.0,1.0,0.0,0.0,0.0,0.037042,0.030986,0.029673,0.030265,0.022631,0.022946,0.047005,0.040047,0.025055,0.033538,0.037724,0.052653,0.026442,0.018138,0.034907,0.028344,0.027632,0.01742
sub-187_ses-1,sub-187,Multicenter,7.0,7.0,2000.0,0.006386896974,0.01050598935,0.0,0.0,0.0,0.0,0.0,0.0,0.0,0.0,0.0,0.0,0.0,0.0,0.0,0.0,0.0,1.0,0.0,0.0,0.0,0.040262,0.034649,0.035032,0.041785,0.025681,0.03261,0.040505,0.042638,0.043015,0.031067,0.036605,0.035561,0.029695,0.025698,0.033764,0.02728,0.038514,0.021739
sub-188_ses-1,sub-188,Multicenter,7.0,7.0,2000.0,0.006768898686,0.01125702174,0.0,0.0,0.0,0.0,0.0,0.0,0.0,0.0,0.0,0.0,0.0,0.0,0.0,0.0,0.0,1.0,0.0,0.0,0.0,0.031579,0.029806,0.023215,0.034696,0.026036,0.027212,0.049491,0.029097,0.029595,0.031689,0.051111,0.047199,0.022592,0.017632,0.033107,0.023454,0.032024,0.016318
sub-189_ses-1,sub-189,Multicenter,7.0,7.0,2000.0,0.006813143833,0.01126159183,0.0,0.0,0.0,0.0,0.0,0.0,0.0,0.0,0.0,0.0,0.0,0.0,0.0,0.0,0.0,1.0,0.0,0.0,0.0,0.025053,0.032873,0.026626,0.032467,0.029179,0.036143,0.064775,0.031216,0.033196,0.036219,0.046965,0.043095,0.032736,0.019566,0.028049,0.026211,0.040511,0.018058
sub-190_ses-1,sub-190,Multicenter,7.0,7.0,2000.0,0.005834757357,0.009575048884,0.0,0.0,0.0,0.0,0.0,0.0,0.0,0.0,0.0,0.0,0.0,0.0,0.0,0.0,0.0,1.0,0.0,0.0,0.0,0.042829,0.043665,0.035067,0.039329,0.03515,0.03791,0.044021,0.043588,0.042531,0.038357,0.062109,0.047273,0.032658,0.026656,0.030091,0.029186,0.049669,0.029203
sub-191_ses-1,sub-191,Multicenter,7.0,7.0,2000.0,0.007199792896,0.01176488106,0.0,0.0,0.0,0.0,0.0,0.0,0.0,0.0,0.0,0.0,0.0,0.0,0.0,0.0,0.0,1.0,0.0,0.0,0.0,0.033123,0.031592,0.0316,0.031891,0.025473,0.021997,0.031454,0.028029,0.035069,0.028019,0.034188,0.028384,0.023744,0.020749,0.027246,0.023141,0.034201,0.020399
sub-192_ses-1,sub-192,Multicenter,7.0,7.0,2000.0,0.006594742688,0.01106676484,0.0,0.0,0.0,0.0,0.0,0.0,0.0,0.0,0.0,0.0,0.0,0.0,0.0,0.0,0.0,1.0,0.0,0.0,0.0,0.037408,0.040411,0.033489,0.037537,0.039616,0.037472,0.038004,0.040944,0.041156,0.032926,0.041782,0.045027,0.036334,0.024795,0.032288,0.033016,0.043217,0.025239
sub-193_ses-1,sub-193,Multicenter,7.0,7.0,2000.0,0.006412119162,0.01082524531,0.0,0.0,0.0,0.0,0.0,0.0,0.0,0.0,0.0,0.0,0.0,0.0,0.0,0.0,0.0,1.0,0.0,0.0,0.0,0.036974,0.029902,0.040364,0.040705,0.031889,0.029132,0.064199,0.03959,0.040213,0.038684,0.071144,0.090103,0.030004,0.023544,0.034303,0.027968,0.035876,0.019523
sub-194_ses-1,sub-194,Multicenter,7.0,7.0,2000.0,0.007522976753,0.01202299698,0.0,0.0,0.0,0.0,0.0,0.0,0.0,0.0,0.0,0.0,0.0,0.0,0.0,0.0,0.0,1.0,0.0,0.0,0.0,0.045748,0.045024,0.031248,0.04733,0.032451,0.034167,0.05205,0.034023,0.050885,0.042803,0.05242,0.03563,0.029472,0.02296,0.041262,0.025326,0.041322,0.021599
sub-195_ses-1,sub-195,Multicenter,7.0,7.0,2000.0,0.006254056584,0.01073228047,0.0,0.0,0.0,0.0,0.0,0.0,0.0,0.0,0.0,0.0,0.0,0.0,0.0,0.0,0.0,1.0,0.0,0.0,0.0,0.037776,0.036885,0.027458,0.035852,0.026933,0.030602,0.046502,0.031319,0.032197,0.035759,0.053068,0.041246,0.030896,0.020948,0.033332,0.026118,0.038991,0.019753
sub-196_ses-1,sub-196,Multicenter,7.0,7.0,1500.0,0.01850020026,0.03037390652,0.0,0.0,0.0,0.0,0.0,0.0,0.0,0.0,0.0,0.0,0.0,0.0,0.0,0.0,0.0,0.0,0.0,0.0,0.0,0.214728,0.131301,0.203909,0.115056,0.119231,0.160772,0.120392,0.175684,0.1426,0.089792,0.149792,0.178495,0.112379,0.182108,0.146466,0.128072,0.143338,0.191392
sub-197_ses-1,sub-197,Multicenter,7.0,7.0,1500.0,0.01667770279,0.02842045792,0.0,0.0,0.0,0.0,0.0,0.0,0.0,0.0,0.0,0.0,0.0,0.0,0.0,0.0,0.0,0.0,0.0,0.0,0.0,0.183403,0.134454,0.219953,0.142197,0.139609,0.169318,0.121254,0.166589,0.104071,0.076645,0.171723,0.216738,0.115233,0.164359,0.143674,0.138599,0.165903,0.089063
sub-198_ses-1,sub-198,Multicenter,7.0,7.0,1500.0,0.01249751695,0.02170377214,0.0,0.0,0.0,0.0,0.0,0.0,0.0,0.0,0.0,0.0,0.0,0.0,0.0,0.0,0.0,0.0,0.0,0.0,0.0,0.122248,0.136929,0.178627,0.144316,0.1052,0.142358,0.147548,0.260357,0.136786,0.087807,0.179822,0.165318,0.115867,0.111895,0.158031,0.15065,0.188263,0.106052
sub-199_ses-1,sub-199,Multicenter,7.0,7.0,1500.0,0.01548085368,0.02649852869,0.0,0.0,0.0,0.0,0.0,0.0,0.0,0.0,0.0,0.0,0.0,0.0,0.0,0.0,0.0,0.0,0.0,0.0,0.0,0.195939,0.172501,0.179224,0.111716,0.128571,0.179733,0.158166,0.285479,0.179606,0.103568,0.195455,0.208238,0.116586,0.14432,0.210544,0.138628,0.20858,0.162757
sub-200_ses-1,sub-200,Multicenter,7.0,7.0,1500.0,0.018338619,0.03133574514,0.0,0.0,0.0,0.0,0.0,0.0,0.0,0.0,0.0,0.0,0.0,0.0,0.0,0.0,0.0,0.0,0.0,0.0,0.0,0.214801,0.149721,0.186387,0.133806,0.136652,0.140714,0.170133,0.155302,0.182879,0.094999,0.268082,0.205075,0.09332,0.155577,0.231084,0.202572,0.183258,0.192948
sub-201_ses-1,sub-201,Multicenter,7.0,7.0,1500.0,0.01354015442,0.02264010902,0.0,0.0,0.0,0.0,0.0,0.0,0.0,0.0,0.0,0.0,0.0,0.0,0.0,0.0,0.0,0.0,0.0,0.0,0.0,0.238314,0.160475,0.210239,0.119363,0.108948,0.160114,0.150837,0.140292,0.135574,0.09181,0.188567,0.149757,0.096522,0.104425,0.140405,0.193741,0.178532,0.058393
sub-202_ses-1,sub-202,Multicenter,7.0,7.0,1500.0,0.01195617793,0.02039470837,0.0,0.0,0.0,0.0,0.0,0.0,0.0,0.0,0.0,0.0,0.0,0.0,0.0,0.0,0.0,0.0,0.0,0.0,0.0,0.214427,0.183089,0.248273,0.147657,0.150097,0.191468,0.133712,0.155543,0.190591,0.098548,0.191574,0.179492,0.127742,0.138322,0.114854,0.176489,0.150401,0.125005
sub-205_ses-1,sub-205,Multicenter,7.0,7.0,1500.0,0.01340179629,0.02417862101,0.0,0.0,0.0,0.0,0.0,0.0,0.0,0.0,0.0,0.0,0.0,0.0,0.0,0.0,0.0,0.0,0.0,0.0,0.0,0.15328,0.140778,0.116361,0.097444,0.114064,0.110234,0.254153,0.245638,0.160127,0.126158,0.160794,0.176569,0.079793,0.063816,0.126937,0.212366,0.1393,0.138107
sub-206_ses-1,sub-206,Multicenter,7.0,7.0,1500.0,0.01145137439,0.01877394165,0.0,0.0,0.0,0.0,0.0,0.0,0.0,0.0,0.0,0.0,0.0,0.0,0.0,0.0,0.0,0.0,0.0,0.0,0.0,0.136938,0.133805,0.140375,0.117396,0.097912,0.117738,0.103042,0.095252,0.113232,0.091391,0.16625,0.145729,0.073571,0.093632,0.139416,0.085944,0.129503,0.082679
sub-207_ses-1,sub-207,Multicenter,7.0,7.0,1500.0,0.02541070162,0.04956298727,0.0,0.0,0.0,0.0,0.0,0.0,0.0,0.0,0.0,0.0,0.0,0.0,0.0,0.0,0.0,0.0,0.0,0.0,0.0,0.251927,0.151715,0.152251,0.156101,0.165334,0.15439,0.328419,0.367931,0.239365,0.168651,0.310606,0.474035,0.125412,0.171498,0.204901,0.189194,0.2505,0.127785
sub-208_ses-1,sub-208,Multicenter,7.0,7.0,1500.0,0.01126843224,0.01985968192,0.0,0.0,0.0,0.0,0.0,0.0,0.0,0.0,0.0,0.0,0.0,0.0,0.0,0.0,0.0,0.0,0.0,0.0,0.0,0.148689,0.099872,0.116955,0.106632,0.101017,0.085224,0.139208,0.109516,0.177231,0.080963,0.143701,0.178964,0.079217,0.110171,0.123781,0.091584,0.134784,0.089924
sub-209_ses-1,sub-209,Multicenter,7.0,7.0,1500.0,0.01336836845,0.02433541462,0.0,0.0,0.0,0.0,0.0,0.0,0.0,0.0,0.0,0.0,0.0,0.0,0.0,0.0,0.0,0.0,0.0,0.0,0.0,0.120914,0.1417,0.110082,0.125103,0.11892,0.101632,0.149823,0.14586,0.151558,0.104768,0.131841,0.150538,0.083335,0.123926,0.14147,0.099237,0.109147,0.067107
sub-210_ses-1,sub-210,Multicenter,7.0,7.0,1500.0,0.01252030008,0.02249692952,0.0,0.0,0.0,0.0,0.0,0.0,0.0,0.0,0.0,0.0,0.0,0.0,0.0,0.0,0.0,0.0,0.0,0.0,0.0,0.12509,0.129928,0.138661,0.101573,0.103105,0.090196,0.130693,0.129871,0.143781,0.078207,0.126337,0.158958,0.06724,0.114922,0.119306,0.09191,0.120558,0.065295
sub-211_ses-1,sub-211,Multicenter,7.0,7.0,1700.0,0.008154337525,0.01263586657,0.0,0.0,0.0,0.0,0.0,0.0,0.0,0.0,0.0,0.0,0.0,0.0,0.0,0.0,0.0,1.0,0.0,0.0,0.0,0.058971,0.081875,0.068394,0.057879,0.051303,0.071167,0.111869,0.051114,0.062398,0.055074,0.106535,0.132369,0.057675,0.047176,0.058735,0.063359,0.06022,0.037846
sub-212_ses-1,sub-212,Multicenter,7.0,7.0,1700.0,0.008717058942,0.01372111884,0.0,0.0,0.0,0.0,0.0,0.0,0.0,0.0,0.0,0.0,0.0,0.0,0.0,0.0,0.0,1.0,0.0,0.0,0.0,0.055955,0.069671,0.071128,0.047201,0.041564,0.046055,0.053273,0.044179,0.057761,0.041285,0.066087,0.049664,0.050557,0.038136,0.059275,0.050628,0.052529,0.049191
sub-213_ses-1,sub-213,Multicenter,7.0,7.0,1700.0,0.0081225293,0.0119416923,0.0,0.0,0.0,0.0,0.0,0.0,0.0,0.0,0.0,0.0,0.0,0.0,0.0,0.0,0.0,1.0,0.0,0.0,0.0,0.051437,0.046608,0.049492,0.043695,0.043709,0.040447,0.050678,0.046554,0.055024,0.040167,0.060791,0.061156,0.041932,0.033908,0.048278,0.045763,0.056278,0.032538
sub-214_ses-1,sub-214,Multicenter,7.0,7.0,1700.0,0.00837632661,0.01344295942,0.0,0.0,0.0,0.0,0.0,0.0,0.0,0.0,0.0,0.0,0.0,0.0,0.0,0.0,0.0,1.0,0.0,0.0,0.0,0.050327,0.046011,0.045928,0.047643,0.043281,0.040738,0.063094,0.040829,0.05347,0.039207,0.064203,0.072813,0.043301,0.034981,0.047289,0.046853,0.046953,0.038989
sub-215_ses-1,sub-215,Multicenter,7.0,7.0,1700.0,0.007144557472,0.01073984033,0.0,0.0,0.0,0.0,0.0,0.0,0.0,0.0,0.0,0.0,0.0,0.0,0.0,0.0,0.0,1.0,0.0,0.0,0.0,0.042678,0.044285,0.039225,0.036249,0.03867,0.031744,0.04366,0.035814,0.050694,0.038971,0.053497,0.048445,0.041885,0.02817,0.055337,0.038114,0.05051,0.029593
sub-216_ses-1,sub-216,Multicenter,7.0,7.0,1700.0,0.008444517041,0.01302994034,0.0,0.0,0.0,0.0,0.0,0.0,0.0,0.0,0.0,0.0,0.0,0.0,0.0,0.0,0.0,1.0,0.0,0.0,0.0,0.048928,0.054871,0.045642,0.033301,0.042348,0.037937,0.058543,0.045856,0.048741,0.038765,0.057942,0.062558,0.043401,0.023332,0.045098,0.044164,0.067179,0.029306
sub-217_ses-1,sub-217,Multicenter,7.0,7.0,1700.0,0.008323197458,0.01265942017,0.0,0.0,0.0,0.0,0.0,0.0,0.0,0.0,0.0,0.0,0.0,0.0,0.0,0.0,0.0,1.0,0.0,0.0,0.0,0.043051,0.057673,0.05315,0.048382,0.040469,0.044684,0.084031,0.062177,0.05305,0.060015,0.079867,0.074976,0.04965,0.037105,0.046589,0.046046,0.04275,0.034137
sub-218_ses-1,sub-218,Multicenter,7.0,7.0,1700.0,0.009140667888,0.01351380418,0.0,0.0,0.0,0.0,0.0,0.0,0.0,0.0,0.0,0.0,0.0,0.0,0.0,0.0,0.0,1.0,0.0,0.0,0.0,0.067179,0.066861,0.046439,0.058467,0.051418,0.050174,0.101166,0.047303,0.056045,0.056059,0.080792,0.099102,0.047237,0.038153,0.053095,0.060993,0.060202,0.036886
sub-219_ses-1,sub-219,Multicenter,7.0,7.0,1700.0,0.008998665104,0.01443081795,0.0,0.0,0.0,0.0,0.0,0.0,0.0,0.0,0.0,0.0,0.0,0.0,0.0,0.0,0.0,1.0,0.0,0.0,0.0,0.060906,0.077516,0.059631,0.056976,0.057843,0.057598,0.115254,0.050994,0.083214,0.049673,0.115837,0.081134,0.061585,0.043185,0.051884,0.080446,0.059536,0.049745
sub-220_ses-1,sub-220,Multicenter,7.0,7.0,1700.0,0.007378096906,0.01120341224,0.0,0.0,0.0,0.0,0.0,0.0,0.0,0.0,0.0,0.0,0.0,0.0,0.0,0.0,0.0,1.0,0.0,0.0,0.0,0.065145,0.067481,0.04563,0.054156,0.045978,0.060482,0.092142,0.052314,0.051624,0.053311,0.096347,0.081434,0.054745,0.043771,0.046009,0.05702,0.061974,0.025387
sub-221_ses-1,sub-221,Multicenter,7.0,7.0,1700.0,0.00859171001,0.01177184954,0.0,0.0,0.0,0.0,0.0,0.0,0.0,0.0,0.0,0.0,0.0,0.0,0.0,0.0,0.0,1.0,0.0,0.0,0.0,0.051215,0.059743,0.049917,0.04803,0.050253,0.047404,0.073697,0.067334,0.070332,0.053718,0.07859,0.07094,0.047657,0.03416,0.051622,0.059642,0.050145,0.032999
sub-223_ses-1,sub-223,Multicenter,7.0,7.0,1700.0,0.009456060322,0.01482168701,0.0,0.0,0.0,0.0,0.0,0.0,0.0,0.0,0.0,0.0,0.0,0.0,0.0,0.0,0.0,1.0,0.0,0.0,0.0,0.076085,0.076473,0.073691,0.069036,0.052142,0.056265,0.105913,0.076991,0.086683,0.068539,0.080628,0.087044,0.065492,0.041557,0.073848,0.058456,0.057804,0.053694
sub-224_ses-1,sub-224,Multicenter,7.0,7.0,1700.0,0.01001314748,0.01585807036,0.0,0.0,0.0,0.0,0.0,0.0,0.0,0.0,0.0,0.0,0.0,0.0,0.0,0.0,0.0,1.0,0.0,0.0,0.0,0.065087,0.100164,0.061788,0.082337,0.063712,0.050459,0.146884,0.071674,0.092896,0.077121,0.143054,0.095338,0.073273,0.055947,0.064356,0.076665,0.075979,0.06788
sub-225_ses-1,sub-225,Multicenter,7.0,7.0,1700.0,0.009743518897,0.01426750153,0.0,0.0,0.0,0.0,0.0,0.0,0.0,0.0,0.0,0.0,0.0,0.0,0.0,0.0,0.0,1.0,0.0,0.0,0.0,0.051711,0.049061,0.038935,0.03758,0.040838,0.038862,0.071713,0.03582,0.051621,0.036346,0.064131,0.0589,0.05008,0.029956,0.053007,0.050329,0.053374,0.029928
sub-226_ses-1,sub-226,Multicenter,7.0,11.75,1000.0,0.007510676038,0.01284698574,0.0,0.0,0.0,0.0,0.0,1.0,0.0,0.0,0.0,0.0,0.0,0.0,0.0,0.0,1.0,0.0,0.0,0.0,0.0,0.052866,0.150773,0.075672,0.091933,0.134724,0.088206,0.083501,0.072752,0.0857,0.112843,0.191364,0.07494,0.073461,0.052266,0.073204,0.065066,0.067891,0.023153
sub-227_ses-1,sub-227,Multicenter,7.0,11.75,1000.0,0.01963257406,0.03384795447,0.0,0.0,0.0,0.0,0.0,1.0,0.0,0.0,0.0,0.0,0.0,0.0,0.0,0.0,1.0,0.0,0.0,0.0,0.0,0.067096,0.082875,0.050028,0.052116,0.05475,0.042725,0.066942,0.049127,0.086807,0.069157,0.099657,0.091916,0.058062,0.036063,0.077058,0.064789,0.055493,0.060942
sub-228_ses-1,sub-228,Multicenter,7.0,11.75,1000.0,0.01024675758,0.01687089806,0.0,0.0,0.0,0.0,0.0,1.0,0.0,0.0,0.0,0.0,0.0,0.0,0.0,0.0,1.0,0.0,0.0,0.0,0.0,0.076873,0.063112,0.050433,0.04796,0.05891,0.050967,0.059639,0.057093,0.072182,0.03889,0.059387,0.092642,0.04769,0.029764,0.063802,0.06549,0.058809,0.038808
sub-229_ses-1,sub-229,Multicenter,7.0,11.75,1000.0,0.007635879271,0.01192960706,0.0,0.0,0.0,0.0,0.0,1.0,0.0,0.0,0.0,0.0,0.0,0.0,0.0,0.0,1.0,0.0,0.0,0.0,0.0,0.061644,0.060329,0.038285,0.063682,0.051848,0.032466,0.065343,0.030721,0.074407,0.035058,0.06217,0.056572,0.042673,0.031402,0.05961,0.086952,0.061387,0.035435
sub-230_ses-1,sub-230,Multicenter,7.0,11.75,1000.0,0.01933771855,0.02877373935,0.0,0.0,0.0,0.0,0.0,1.0,0.0,0.0,0.0,0.0,0.0,0.0,0.0,0.0,1.0,0.0,0.0,0.0,0.0,0.05218,0.096839,0.076554,0.086952,0.065239,0.074631,0.066197,0.056181,0.062087,0.068094,0.099646,0.067261,0.051342,0.039632,0.092249,0.054854,0.073337,0.033827
sub-233_ses-1,sub-233,Multicenter,7.0,11.75,1000.0,0.01064803733,0.01569490469,0.0,0.0,0.0,0.0,0.0,1.0,0.0,0.0,0.0,0.0,0.0,0.0,0.0,0.0,1.0,0.0,0.0,0.0,0.0,0.065962,0.066428,0.047721,0.057611,0.053626,0.062001,0.079808,0.089827,0.07265,0.061926,0.091505,0.099895,0.060721,0.046768,0.065054,0.070441,0.100669,0.044343
sub-235_ses-1,sub-235,Multicenter,7.0,11.75,1000.0,0.007130786886,0.01076879391,0.0,0.0,0.0,0.0,0.0,1.0,0.0,0.0,0.0,0.0,0.0,0.0,0.0,0.0,1.0,0.0,0.0,0.0,0.0,0.067805,0.050635,0.054128,0.047833,0.041156,0.033398,0.057727,0.040663,0.060563,0.04133,0.075734,0.080549,0.061504,0.032301,0.057539,0.045811,0.079417,0.02932
sub-236_ses-1,sub-236,Multicenter,7.0,11.75,1000.0,0.007166754727,0.0109460142,0.0,0.0,0.0,0.0,0.0,1.0,0.0,0.0,0.0,0.0,0.0,0.0,0.0,0.0,1.0,0.0,0.0,0.0,0.0,0.051745,0.052162,0.042502,0.039225,0.055465,0.045951,0.04679,0.027938,0.041408,0.032727,0.062564,0.048645,0.045376,0.031361,0.069003,0.024632,0.058183,0.022612
sub-237_ses-1,sub-237,Multicenter,7.0,11.75,1000.0,0.007538455045,0.01333469532,0.0,0.0,0.0,0.0,0.0,1.0,0.0,0.0,0.0,0.0,0.0,0.0,0.0,0.0,1.0,0.0,0.0,0.0,0.0,0.049024,0.051623,0.040884,0.036889,0.028982,0.035525,0.044841,0.030113,0.051021,0.035042,0.069611,0.077471,0.03602,0.040266,0.05742,0.04135,0.053294,0.035324
sub-238_ses-1,sub-238,Multicenter,7.0,11.75,1000.0,0.01327056857,0.02230392011,0.0,0.0,0.0,0.0,0.0,1.0,0.0,0.0,0.0,0.0,0.0,0.0,0.0,0.0,1.0,0.0,0.0,0.0,0.0,0.100557,0.088854,0.056942,0.068047,0.065075,0.053588,0.076695,0.061938,0.073759,0.060235,0.130549,0.124551,0.060335,0.045061,0.080009,0.10795,0.111759,0.062129
sub-239_ses-1,sub-239,Multicenter,7.0,11.75,1000.0,0.007674103051,0.01243918776,0.0,0.0,0.0,0.0,0.0,1.0,0.0,0.0,0.0,0.0,0.0,0.0,0.0,0.0,1.0,0.0,0.0,0.0,0.0,0.059597,0.049571,0.038143,0.042365,0.051111,0.041061,0.068986,0.027625,0.060133,0.063486,0.077696,0.052431,0.0544,0.035059,0.077143,0.049948,0.060169,0.023628
sub-240_ses-1,sub-240,Multicenter,7.0,11.75,1000.0,0.005410671878,0.008414737079,0.0,0.0,0.0,0.0,0.0,1.0,0.0,0.0,0.0,0.0,0.0,0.0,0.0,0.0,1.0,0.0,0.0,0.0,0.0,0.066432,0.065844,0.078121,0.038805,0.070426,0.044645,0.050735,0.035438,0.06242,0.038791,0.089178,0.052766,0.039982,0.028552,0.043775,0.041647,0.060909,0.027931
sub-241_ses-1,sub-241,Multicenter,7.0,7.0,2000.0,0.01081852659,0.01798448504,0.0,0.0,0.0,0.0,0.0,0.0,0.0,0.0,1.0,0.0,0.0,0.0,0.0,0.0,0.0,1.0,0.0,0.0,0.0,0.234941,0.256283,0.214556,0.179574,0.167296,0.169704,0.186251,0.203933,0.2785,0.159732,0.280103,0.244335,0.233255,0.143948,0.215046,0.220911,0.243233,0.141006
sub-242_ses-1,sub-242,Multicenter,7.0,7.0,2000.0,0.01088026791,0.01811000607,0.0,0.0,0.0,0.0,0.0,0.0,0.0,0.0,1.0,0.0,0.0,0.0,0.0,0.0,0.0,1.0,0.0,0.0,0.0,0.230238,0.233928,0.221099,0.195524,0.195444,0.193443,0.177828,0.188677,0.244507,0.156125,0.24865,0.234519,0.201959,0.150334,0.223857,0.180597,0.24911,0.178893
sub-243_ses-1,sub-243,Multicenter,7.0,7.0,2000.0,0.01201908558,0.02145887282,0.0,0.0,0.0,0.0,0.0,0.0,0.0,0.0,1.0,0.0,0.0,0.0,0.0,0.0,0.0,1.0,0.0,0.0,0.0,0.246177,0.252814,0.234543,0.221061,0.196157,0.218717,0.200597,0.174598,0.282436,0.174182,0.234873,0.219766,0.221783,0.172188,0.242818,0.217518,0.245228,0.181923
sub-244_ses-1,sub-244,Multicenter,7.0,7.0,2000.0,0.01027015087,0.01673096946,0.0,0.0,0.0,0.0,0.0,0.0,0.0,0.0,1.0,0.0,0.0,0.0,0.0,0.0,0.0,1.0,0.0,0.0,0.0,0.230828,0.195127,0.205742,0.183998,0.192476,0.166708,0.182851,0.192631,0.249767,0.123455,0.224662,0.245453,0.197833,0.129426,0.191939,0.176482,0.226013,0.150823
sub-245_ses-1,sub-245,Multicenter,7.0,7.0,2000.0,0.009714580137,0.01631827828,0.0,0.0,0.0,0.0,0.0,0.0,0.0,0.0,1.0,0.0,0.0,0.0,0.0,0.0,0.0,1.0,0.0,0.0,0.0,0.18325,0.187736,0.162743,0.148665,0.17777,0.17651,0.164102,0.169045,0.258412,0.152077,0.23319,0.244553,0.194861,0.148702,0.189677,0.1839,0.205841,0.163489
sub-246_ses-1,sub-246,Multicenter,7.0,7.0,2000.0,0.01039516809,0.0168404414,0.0,0.0,0.0,0.0,0.0,0.0,0.0,0.0,1.0,0.0,0.0,0.0,0.0,0.0,0.0,1.0,0.0,0.0,0.0,0.180209,0.205209,0.214924,0.160449,0.180251,0.192235,0.198662,0.168175,0.225523,0.185007,0.243764,0.29292,0.204414,0.131445,0.245582,0.185588,0.204738,0.165387
sub-247_ses-1,sub-247,Multicenter,7.0,7.0,2000.0,0.008695836799,0.01388805545,0.0,0.0,0.0,0.0,0.0,0.0,0.0,0.0,1.0,0.0,0.0,0.0,0.0,0.0,0.0,1.0,0.0,0.0,0.0,0.185615,0.177393,0.160015,0.15791,0.161562,0.165826,0.128,0.159817,0.195183,0.137778,0.209666,0.193634,0.174683,0.14216,0.165132,0.144504,0.167807,0.142299
sub-248_ses-1,sub-248,Multicenter,7.0,7.0,2000.0,0.01143573697,0.01965438225,0.0,0.0,0.0,0.0,0.0,0.0,0.0,0.0,1.0,0.0,0.0,0.0,0.0,0.0,0.0,1.0,0.0,0.0,0.0,0.216948,0.201695,0.175339,0.185989,0.172489,0.133463,0.15765,0.206689,0.23366,0.127879,0.233224,0.215981,0.177673,0.141437,0.196691,0.187561,0.194696,0.142001
sub-249_ses-1,sub-249,Multicenter,7.0,7.0,2000.0,0.01018983235,0.01670047921,0.0,0.0,0.0,0.0,0.0,0.0,0.0,0.0,1.0,0.0,0.0,0.0,0.0,0.0,0.0,1.0,0.0,0.0,0.0,0.20501,0.213226,0.213969,0.168659,0.193545,0.169285,0.205381,0.20755,0.230699,0.15105,0.22782,0.236113,0.205968,0.132846,0.194011,0.162973,0.212411,0.133267
sub-250_ses-1,sub-250,Multicenter,7.0,7.0,2000.0,0.008691236904,0.01386446376,0.0,0.0,0.0,0.0,0.0,0.0,0.0,0.0,1.0,0.0,0.0,0.0,0.0,0.0,0.0,1.0,0.0,0.0,0.0,0.18906,0.183151,0.188041,0.176618,0.145084,0.166037,0.141443,0.184855,0.187079,0.142328,0.194795,0.212299,0.169356,0.140388,0.181282,0.168017,0.158489,0.126293
sub-251_ses-1,sub-251,Multicenter,7.0,7.0,2000.0,0.01054120966,0.01772088027,0.0,0.0,0.0,0.0,0.0,0.0,0.0,0.0,1.0,0.0,0.0,0.0,0.0,0.0,0.0,1.0,0.0,0.0,0.0,0.192822,0.176066,0.165459,0.180853,0.174699,0.156424,0.149625,0.196241,0.200457,0.149458,0.208452,0.20285,0.178179,0.141449,0.181463,0.172281,0.194941,0.136692
sub-252_ses-1,sub-252,Multicenter,7.0,7.0,2000.0,0.01089032416,0.01698780141,0.0,0.0,0.0,0.0,0.0,0.0,0.0,0.0,1.0,0.0,0.0,0.0,0.0,0.0,0.0,1.0,0.0,0.0,0.0,0.218647,0.189655,0.194444,0.189599,0.197046,0.199389,0.169916,0.192916,0.238724,0.176015,0.263391,0.221862,0.202523,0.161728,0.242923,0.176734,0.202674,0.159644
sub-253_ses-1,sub-253,Multicenter,7.0,7.0,2000.0,0.01158649163,0.01916893125,0.0,0.0,0.0,0.0,0.0,0.0,0.0,0.0,1.0,0.0,0.0,0.0,0.0,0.0,0.0,1.0,0.0,0.0,0.0,0.191207,0.217921,0.195119,0.173888,0.191207,0.196071,0.209099,0.222556,0.268687,0.133705,0.264987,0.306629,0.194508,0.156375,0.224963,0.218882,0.255582,0.170535
sub-254_ses-1,sub-254,Multicenter,7.0,7.0,2000.0,0.01051807848,0.01832842948,0.0,0.0,0.0,0.0,0.0,0.0,0.0,0.0,1.0,0.0,0.0,0.0,0.0,0.0,0.0,1.0,0.0,0.0,0.0,0.181346,0.225396,0.189062,0.189108,0.175053,0.188692,0.153047,0.179313,0.231639,0.168923,0.232973,0.205674,0.204842,0.156537,0.20667,0.177258,0.206939,0.164977
sub-255_ses-1,sub-255,Multicenter,7.0,7.0,2000.0,0.01193504672,0.02052508587,0.0,0.0,0.0,0.0,0.0,0.0,0.0,0.0,1.0,0.0,0.0,0.0,0.0,0.0,0.0,1.0,0.0,0.0,0.0,0.195572,0.191927,0.163395,0.187751,0.168149,0.151664,0.136304,0.167805,0.215182,0.137641,0.200037,0.204069,0.161422,0.128028,0.181493,0.186645,0.18795,0.139393
sub-001_ses-1,sub-001,Psilocybin,7.0,9.4,1700.0,0.006490166215,0.01040957829,0.0,0.0,0.0,0.0,0.0,1.0,0.0,0.0,0.0,1.0,0.0,0.0,0.0,0.0,0.0,0.0,1.0,0.0,1.0,0.047618,0.059571,0.083855,0.045091,0.029153,0.028136,0.042826,0.031863,0.045893,0.032517,0.039125,0.031675,0.034518,0.040511,0.054186,0.037611,0.042539,0.022722
sub-006_ses-1,sub-006,Psilocybin,7.0,9.4,1700.0,0.006002583896,0.009490114266,0.0,0.0,0.0,0.0,0.0,1.0,0.0,0.0,0.0,1.0,0.0,0.0,0.0,0.0,0.0,0.0,1.0,0.0,1.0,0.062092,0.048005,0.058187,0.034316,0.034046,0.036271,0.035685,0.035113,0.038614,0.028703,0.043884,0.036428,0.032989,0.0391,0.057187,0.03315,0.050066,0.026407
sub-009_ses-1,sub-009,Psilocybin,7.0,9.4,1700.0,0.005947452137,0.009676696204,0.0,0.0,0.0,0.0,0.0,1.0,0.0,0.0,0.0,1.0,0.0,0.0,0.0,0.0,0.0,0.0,1.0,0.0,1.0,0.047336,0.077566,0.106269,0.043307,0.045328,0.055701,0.044933,0.027688,0.043237,0.030335,0.0485,0.037429,0.041217,0.038337,0.054214,0.046894,0.060586,0.027416
sub-011_ses-1,sub-011,Psilocybin,7.0,9.4,1700.0,0.005960785234,0.009329271062,0.0,0.0,0.0,0.0,0.0,1.0,0.0,0.0,0.0,1.0,0.0,0.0,0.0,0.0,0.0,0.0,1.0,0.0,1.0,0.038592,0.042822,0.04454,0.033732,0.034999,0.031239,0.029366,0.028602,0.037911,0.030147,0.036932,0.030554,0.031411,0.025262,0.044573,0.034043,0.044792,0.018279
sub-014_ses-1,sub-014,Psilocybin,7.0,9.4,1700.0,0.006397980904,0.01012273479,0.0,0.0,0.0,0.0,0.0,1.0,0.0,0.0,0.0,1.0,0.0,0.0,0.0,0.0,0.0,0.0,1.0,0.0,1.0,0.040544,0.037023,0.034353,0.025887,0.029372,0.029399,0.033761,0.027512,0.035942,0.021665,0.039656,0.034383,0.028523,0.034046,0.045552,0.027493,0.038751,0.021938
sub-016_ses-1,sub-016,Psilocybin,7.0,9.4,1700.0,0.005988781573,0.009532249648,0.0,0.0,0.0,0.0,0.0,1.0,0.0,0.0,0.0,1.0,0.0,0.0,0.0,0.0,0.0,0.0,1.0,0.0,1.0,0.058447,0.076287,0.096531,0.040012,0.034845,0.038928,0.043468,0.043556,0.045923,0.034443,0.044528,0.041942,0.041441,0.045992,0.05789,0.031294,0.047541,0.025346
sub-019_ses-1,sub-019,Psilocybin,7.0,9.4,1700.0,0.006122839093,0.009767857211,0.0,0.0,0.0,0.0,0.0,1.0,0.0,0.0,0.0,1.0,0.0,0.0,0.0,0.0,0.0,0.0,1.0,0.0,1.0,0.043559,0.049454,0.051644,0.035991,0.031621,0.031394,0.037312,0.03269,0.041761,0.032837,0.04454,0.033883,0.035533,0.037386,0.045499,0.036105,0.046479,0.020263
sub-022_ses-1,sub-022,Psilocybin,7.0,9.4,1700.0,0.00618881837,0.009468098829,0.0,0.0,0.0,0.0,0.0,1.0,0.0,0.0,0.0,1.0,0.0,0.0,0.0,0.0,0.0,0.0,1.0,0.0,1.0,0.070282,0.071747,0.085393,0.057336,0.037504,0.040236,0.051109,0.052531,0.070499,0.047446,0.045732,0.059354,0.042377,0.039,0.072671,0.035513,0.059898,0.047358
sub-025_ses-1,sub-025,Psilocybin,7.0,9.4,1700.0,0.00658865355,0.01036172845,0.0,0.0,0.0,0.0,0.0,1.0,0.0,0.0,0.0,1.0,0.0,0.0,0.0,0.0,0.0,0.0,1.0,0.0,1.0,0.07059,0.093936,0.121694,0.068317,0.05223,0.058947,0.066056,0.055841,0.080813,0.04373,0.054788,0.053752,0.049655,0.056362,0.075097,0.047275,0.050801,0.043977
sub-028_ses-1,sub-028,Psilocybin,7.0,9.4,1700.0,0.006476246712,0.01011098534,0.0,0.0,0.0,0.0,0.0,1.0,0.0,0.0,0.0,1.0,0.0,0.0,0.0,0.0,0.0,0.0,1.0,0.0,1.0,0.073623,0.066096,0.088559,0.051889,0.048418,0.046351,0.059293,0.044332,0.069573,0.045082,0.056528,0.057499,0.048341,0.042281,0.064542,0.052217,0.059219,0.021174
sub-031_ses-1,sub-031,Psilocybin,7.0,9.4,1700.0,0.007046452825,0.0115487633,0.0,0.0,0.0,0.0,0.0,1.0,0.0,0.0,0.0,1.0,0.0,0.0,0.0,0.0,0.0,0.0,1.0,0.0,1.0,0.063894,0.065979,0.08045,0.051551,0.048226,0.048904,0.061641,0.056864,0.067911,0.039381,0.0465,0.050919,0.051013,0.044141,0.064607,0.040568,0.054748,0.040593
sub-034_ses-1,sub-034,Psilocybin,7.0,9.4,1700.0,0.006469004034,0.01065777114,0.0,0.0,0.0,0.0,0.0,1.0,0.0,0.0,0.0,1.0,0.0,0.0,0.0,0.0,0.0,0.0,1.0,0.0,1.0,0.057606,0.073072,0.111696,0.056874,0.046206,0.057029,0.057273,0.044272,0.07276,0.039991,0.051308,0.040952,0.043456,0.050656,0.072646,0.041851,0.058529,0.040971
sub-037_ses-1,sub-037,Psilocybin,7.0,9.4,1700.0,0.006327387056,0.01002387202,0.0,0.0,0.0,0.0,0.0,1.0,0.0,0.0,0.0,1.0,0.0,0.0,0.0,0.0,0.0,0.0,1.0,0.0,1.0,0.071859,0.067282,0.078928,0.044573,0.039498,0.041076,0.045815,0.051072,0.069261,0.034574,0.050854,0.049048,0.052137,0.049213,0.063422,0.043007,0.059035,0.047811
sub-039_ses-1,sub-039,Psilocybin,7.0,9.4,1700.0,0.006546584611,0.01049911973,0.0,0.0,0.0,0.0,0.0,1.0,0.0,0.0,0.0,1.0,0.0,0.0,0.0,0.0,0.0,0.0,1.0,0.0,1.0,0.074019,0.093954,0.119496,0.05975,0.041861,0.051901,0.074762,0.042497,0.080467,0.05199,0.058054,0.047592,0.054213,0.057402,0.087802,0.039823,0.062247,0.051926
sub-040_ses-1,sub-040,Psilocybin,7.0,9.4,1700.0,0.006395093436,0.01014936804,0.0,0.0,0.0,0.0,0.0,1.0,0.0,0.0,0.0,1.0,0.0,0.0,0.0,0.0,0.0,0.0,1.0,0.0,1.0,0.077992,0.099424,0.137583,0.061079,0.045033,0.048533,0.066156,0.051437,0.075733,0.048652,0.059227,0.052722,0.047901,0.056532,0.069112,0.06346,0.054852,0.025286
sub-001_ses-1,sub-001,Psilocybin_Pilot,7.0,9.4,1700.0,0.005793383224,0.009182312042,0.0,0.0,0.0,0.0,0.0,1.0,0.0,0.0,0.0,1.0,0.0,0.0,0.0,0.0,0.0,0.0,1.0,0.0,1.0,0.056554,0.047264,0.051008,0.035224,0.030763,0.035587,0.036761,0.036719,0.041566,0.032716,0.042713,0.03585,0.028844,0.03186,0.057268,0.040903,0.052799,0.02353
sub-002_ses-1,sub-002,Psilocybin_Pilot,7.0,9.4,1700.0,0.00608100836,0.009895280575,0.0,0.0,0.0,0.0,0.0,1.0,0.0,0.0,0.0,1.0,0.0,0.0,0.0,0.0,0.0,0.0,1.0,0.0,1.0,0.057336,0.071431,0.074436,0.039362,0.033709,0.037318,0.047336,0.058479,0.047531,0.034429,0.053361,0.044384,0.041449,0.039402,0.059508,0.032626,0.059739,0.03494
sub-003_ses-1,sub-003,Psilocybin_Pilot,7.0,9.4,1700.0,0.005578698343,0.008877609909,0.0,0.0,0.0,0.0,0.0,1.0,0.0,0.0,0.0,1.0,0.0,0.0,0.0,0.0,0.0,0.0,1.0,0.0,1.0,0.05488,0.056348,0.071101,0.037134,0.036201,0.033533,0.044032,0.046091,0.041345,0.037086,0.049545,0.042777,0.040077,0.032843,0.049719,0.037274,0.051816,0.025925
sub-004_ses-1,sub-004,Psilocybin_Pilot,7.0,9.4,1700.0,0.005806955077,0.009209655399,0.0,0.0,0.0,0.0,0.0,1.0,0.0,0.0,0.0,1.0,0.0,0.0,0.0,0.0,0.0,0.0,1.0,0.0,1.0,0.060129,0.064446,0.061481,0.038038,0.040005,0.037847,0.041351,0.054634,0.050954,0.041967,0.040979,0.046085,0.043493,0.036707,0.059997,0.038121,0.056644,0.024821
sub-006_ses-1,sub-006,Psilocybin_Pilot,7.0,9.4,1700.0,0.006275128813,0.01080930451,0.0,0.0,0.0,0.0,0.0,1.0,0.0,0.0,0.0,1.0,0.0,0.0,0.0,0.0,0.0,0.0,1.0,0.0,1.0,0.058522,0.071911,0.062841,0.03649,0.036395,0.033546,0.053303,0.046185,0.037382,0.040079,0.046006,0.044053,0.047018,0.030874,0.055585,0.031602,0.06103,0.034084
sub-007_ses-1,sub-007,Psilocybin_Pilot,7.0,9.4,1700.0,0.005685279342,0.009381865859,0.0,0.0,0.0,0.0,0.0,1.0,0.0,0.0,0.0,1.0,0.0,0.0,0.0,0.0,0.0,0.0,1.0,0.0,1.0,0.057967,0.06736,0.074841,0.049268,0.042946,0.03358,0.056344,0.046305,0.051001,0.041282,0.043836,0.036669,0.045764,0.027134,0.051876,0.042724,0.049847,0.02657
sub-008_ses-1,sub-008,Psilocybin_Pilot,7.0,9.4,1700.0,0.005719973464,0.009434385664,0.0,0.0,0.0,0.0,0.0,1.0,0.0,0.0,0.0,1.0,0.0,0.0,0.0,0.0,0.0,0.0,1.0,0.0,1.0,0.052536,0.039352,0.036931,0.031189,0.035132,0.035895,0.042315,0.032332,0.039959,0.030478,0.032008,0.036415,0.043135,0.035216,0.048723,0.036999,0.069027,0.02409
sub-009_ses-1,sub-009,Psilocybin_Pilot,7.0,9.4,1700.0,0.00624182643,0.01036531735,0.0,0.0,0.0,0.0,0.0,1.0,0.0,0.0,0.0,1.0,0.0,0.0,0.0,0.0,0.0,0.0,1.0,0.0,1.0,0.064302,0.051407,0.048085,0.032337,0.036936,0.031949,0.045256,0.033896,0.035849,0.029923,0.042403,0.043308,0.042267,0.035103,0.051257,0.030478,0.051152,0.028061
sub-010_ses-1,sub-010,Psilocybin_Pilot,7.0,9.4,1700.0,0.005836900684,0.009581703257,0.0,0.0,0.0,0.0,0.0,1.0,0.0,0.0,0.0,1.0,0.0,0.0,0.0,0.0,0.0,0.0,1.0,0.0,1.0,0.050226,0.063834,0.064183,0.044245,0.036804,0.036894,0.046405,0.03606,0.04167,0.033531,0.065012,0.052672,0.047722,0.04414,0.057535,0.035891,0.056918,0.030523
sub-011_ses-1,sub-011,Psilocybin_Pilot,7.0,9.4,1700.0,0.006203395787,0.009892802331,0.0,0.0,0.0,0.0,0.0,1.0,0.0,0.0,0.0,1.0,0.0,0.0,0.0,0.0,0.0,0.0,1.0,0.0,1.0,0.054614,0.057972,0.045768,0.038204,0.029258,0.030747,0.04226,0.03828,0.037202,0.027344,0.038417,0.03629,0.037594,0.027497,0.057191,0.034456,0.046067,0.026295
sub-012_ses-1,sub-012,Psilocybin_Pilot,7.0,9.4,1700.0,0.006181522107,0.00992755041,0.0,0.0,0.0,0.0,0.0,1.0,0.0,0.0,0.0,1.0,0.0,0.0,0.0,0.0,0.0,0.0,1.0,0.0,1.0,0.05837,0.053226,0.061806,0.033312,0.032126,0.033058,0.04808,0.055469,0.036195,0.028917,0.035171,0.038431,0.040318,0.028504,0.055577,0.043124,0.056067,0.024559
sub-013_ses-1,sub-013,Psilocybin_Pilot,7.0,9.4,1700.0,0.005636468265,0.008970671561,0.0,0.0,0.0,0.0,0.0,1.0,0.0,0.0,0.0,1.0,0.0,0.0,0.0,0.0,0.0,0.0,1.0,0.0,1.0,0.054852,0.064087,0.081387,0.039228,0.043076,0.028949,0.050594,0.042952,0.04613,0.036794,0.043684,0.038188,0.046503,0.03263,0.047597,0.0375,0.068779,0.026189
sub-014_ses-1,sub-014,Psilocybin_Pilot,7.0,9.4,1700.0,0.006940992466,0.01143645953,0.0,0.0,0.0,0.0,0.0,1.0,0.0,0.0,0.0,1.0,0.0,0.0,0.0,0.0,0.0,0.0,1.0,0.0,1.0,0.067641,0.040189,0.042529,0.029374,0.034407,0.025457,0.037686,0.043749,0.035643,0.02814,0.039291,0.043573,0.041183,0.034603,0.042641,0.038947,0.054925,0.027531
sub-015_ses-1,sub-015,Psilocybin_Pilot,7.0,9.4,1700.0,0.00582110548,0.009596015296,0.0,0.0,0.0,0.0,0.0,1.0,0.0,0.0,0.0,1.0,0.0,0.0,0.0,0.0,0.0,0.0,1.0,0.0,1.0,0.077849,0.063135,0.067237,0.04725,0.033392,0.038685,0.044474,0.033067,0.049787,0.029513,0.052392,0.031189,0.047893,0.036007,0.05726,0.035011,0.050034,0.032207
sub-016_ses-1,sub-016,Psilocybin_Pilot,7.0,9.4,1700.0,0.00622774102,0.01028541463,0.0,0.0,0.0,0.0,0.0,1.0,0.0,0.0,0.0,1.0,0.0,0.0,0.0,0.0,0.0,0.0,1.0,0.0,1.0,0.050091,0.060475,0.046161,0.040087,0.034843,0.034078,0.038396,0.036707,0.0526,0.040804,0.04637,0.03986,0.035266,0.028877,0.045923,0.032257,0.051945,0.030547
sub-017_ses-1,sub-017,Psilocybin_Pilot,7.0,9.4,1700.0,0.006228567347,0.01015386733,0.0,0.0,0.0,0.0,0.0,1.0,0.0,0.0,0.0,1.0,0.0,0.0,0.0,0.0,0.0,0.0,1.0,0.0,1.0,0.047452,0.045002,0.061659,0.036018,0.034005,0.038336,0.053968,0.042972,0.043762,0.04207,0.038486,0.048723,0.044985,0.029331,0.050053,0.035873,0.050654,0.02755
sub-018_ses-1,sub-018,Psilocybin_Pilot,7.0,9.4,1700.0,0.005633201676,0.009705226167,0.0,0.0,0.0,0.0,0.0,1.0,0.0,0.0,0.0,1.0,0.0,0.0,0.0,0.0,0.0,0.0,1.0,0.0,1.0,0.053117,0.055117,0.060046,0.043222,0.04117,0.038555,0.052892,0.040996,0.051577,0.041933,0.05278,0.053296,0.052014,0.034489,0.041711,0.045262,0.054524,0.021008
sub-019_ses-1,sub-019,Psilocybin_Pilot,7.0,9.4,1700.0,0.005938211285,0.009420862489,0.0,0.0,0.0,0.0,0.0,1.0,0.0,0.0,0.0,1.0,0.0,0.0,0.0,0.0,0.0,0.0,1.0,0.0,1.0,0.051114,0.061229,0.057772,0.029624,0.038252,0.040727,0.051692,0.037637,0.037655,0.035236,0.032349,0.035141,0.031915,0.031231,0.060452,0.038276,0.060779,0.031518
sub-020_ses-1,sub-020,Psilocybin_Pilot,7.0,9.4,1700.0,0.006191791204,0.01003108801,0.0,0.0,0.0,0.0,0.0,1.0,0.0,0.0,0.0,1.0,0.0,0.0,0.0,0.0,0.0,0.0,1.0,0.0,1.0,0.061566,0.066101,0.080635,0.052228,0.049269,0.042571,0.038204,0.030634,0.038678,0.032125,0.037253,0.032768,0.040566,0.035348,0.052728,0.048827,0.049955,0.034653
sub-021_ses-1,sub-021,Psilocybin_Pilot,7.0,9.4,1700.0,0.00644459997,0.0109433275,0.0,0.0,0.0,0.0,0.0,1.0,0.0,0.0,0.0,1.0,0.0,0.0,0.0,0.0,0.0,0.0,1.0,0.0,1.0,0.052156,0.049151,0.044791,0.031258,0.034439,0.030436,0.048167,0.031298,0.051765,0.03234,0.039216,0.040812,0.038543,0.033922,0.046506,0.034091,0.048956,0.025304
sub-022_ses-1,sub-022,Psilocybin_Pilot,7.0,9.4,1700.0,0.006415512733,0.01033558681,0.0,0.0,0.0,0.0,0.0,1.0,0.0,0.0,0.0,1.0,0.0,0.0,0.0,0.0,0.0,0.0,1.0,0.0,1.0,0.076699,0.055647,0.056477,0.038582,0.031022,0.025989,0.051337,0.039833,0.043647,0.040585,0.042755,0.045182,0.045077,0.036394,0.055815,0.039552,0.055463,0.029865
sub-023_ses-1,sub-023,Psilocybin_Pilot,7.0,9.4,1700.0,0.005562611464,0.009310067988,0.0,0.0,0.0,0.0,0.0,1.0,0.0,0.0,0.0,1.0,0.0,0.0,0.0,0.0,0.0,0.0,1.0,0.0,1.0,0.04594,0.049958,0.071791,0.029413,0.040151,0.037596,0.05714,0.046833,0.041832,0.039656,0.051887,0.046679,0.036509,0.032022,0.036236,0.035128,0.047196,0.026125
sub-024_ses-1,sub-024,Psilocybin_Pilot,7.0,9.4,1700.0,0.005843529818,0.008773633876,0.0,0.0,0.0,0.0,0.0,1.0,0.0,0.0,0.0,1.0,0.0,0.0,0.0,0.0,0.0,0.0,1.0,0.0,1.0,0.049299,0.076709,0.063271,0.033589,0.035932,0.038985,0.046121,0.051685,0.0478,0.034076,0.041204,0.047069,0.051075,0.034298,0.049181,0.038093,0.060151,0.028484
sub-025_ses-1,sub-025,Psilocybin_Pilot,7.0,9.4,1700.0,0.005794225338,0.00927456107,0.0,0.0,0.0,0.0,0.0,1.0,0.0,0.0,0.0,1.0,0.0,0.0,0.0,0.0,0.0,0.0,1.0,0.0,1.0,0.041449,0.059593,0.063475,0.031146,0.031745,0.030856,0.049157,0.035131,0.044706,0.034312,0.044585,0.035079,0.045408,0.031452,0.045031,0.035304,0.048404,0.02282
sub-419087_ses-1,sub-419087,MPTP,21.0,11.75,1000.0,0.01073073123,0.01980636279,0.0,0.0,0.0,0.0,0.0,1.0,0.0,0.0,1.0,0.0,0.0,0.0,0.0,0.0,1.0,0.0,0.0,0.0,0.0,0.067693,0.080261,0.048962,0.045254,0.052257,0.052677,0.081088,0.042976,0.082212,0.042047,0.085678,0.076905,0.056951,0.045407,0.094697,0.101813,0.127946,0.033698
sub-420112_ses-1,sub-420112,MPTP,21.0,11.75,1000.0,0.009114278653,0.0164235638,0.0,0.0,0.0,0.0,0.0,1.0,0.0,0.0,1.0,0.0,0.0,0.0,0.0,0.0,1.0,0.0,0.0,0.0,0.0,0.070137,0.102825,0.07569,0.049828,0.052544,0.043232,0.087726,0.029178,0.11569,0.037034,0.090985,0.057307,0.054971,0.041936,0.087915,0.040741,0.091599,0.049217
sub-420115_ses-1,sub-420115,MPTP,21.0,11.75,1000.0,0.009397763664,0.01771934004,0.0,0.0,0.0,0.0,0.0,1.0,0.0,0.0,1.0,0.0,0.0,0.0,0.0,0.0,1.0,0.0,0.0,0.0,0.0,0.1175,0.057756,0.075349,0.04624,0.038249,0.045891,0.06338,0.040006,0.067961,0.049372,0.055995,0.055886,0.07031,0.058946,0.102821,0.074063,0.067666,0.047805
sub-420122_ses-1,sub-420122,MPTP,21.0,11.75,1000.0,0.008446025228,0.01464629034,0.0,0.0,0.0,0.0,0.0,1.0,0.0,0.0,1.0,0.0,0.0,0.0,0.0,0.0,1.0,0.0,0.0,0.0,0.0,0.046824,0.090271,0.055485,0.046492,0.049559,0.034848,0.041815,0.03464,0.065294,0.052127,0.055876,0.055047,0.044894,0.043236,0.096281,0.046468,0.047387,0.032283
sub-420124_ses-1,sub-420124,MPTP,21.0,11.75,1000.0,0.009785092252,0.01971147495,0.0,0.0,0.0,0.0,0.0,1.0,0.0,0.0,1.0,0.0,0.0,0.0,0.0,0.0,1.0,0.0,0.0,0.0,0.0,0.107866,0.077338,0.084722,0.065755,0.049514,0.047213,0.065988,0.028792,0.099333,0.056902,0.059761,0.047805,0.077988,0.048577,0.095534,0.048934,0.063515,0.060719
sub-421521_ses-1,sub-421521,MPTP,21.0,11.75,1000.0,0.00988308219,0.01874686905,0.0,0.0,0.0,0.0,0.0,1.0,0.0,0.0,1.0,0.0,0.0,0.0,0.0,0.0,1.0,0.0,0.0,0.0,0.0,0.09673,0.092927,0.05367,0.044155,0.037596,0.03937,0.063129,0.051622,0.078213,0.050505,0.064262,0.059016,0.070155,0.048276,0.072222,0.047345,0.037272,0.044813
sub-421524_ses-1,sub-421524,MPTP,21.0,11.75,1000.0,0.01061200597,0.02049256421,0.0,0.0,0.0,0.0,0.0,1.0,0.0,0.0,1.0,0.0,0.0,0.0,0.0,0.0,1.0,0.0,0.0,0.0,0.0,0.076923,0.068727,0.048034,0.051688,0.042914,0.03474,0.066469,0.042302,0.073844,0.034412,0.049897,0.047411,0.064076,0.042148,0.099545,0.048434,0.048905,0.031655
sub-421533_ses-1,sub-421533,MPTP,21.0,11.75,1000.0,0.009434774427,0.01734741417,0.0,0.0,0.0,0.0,0.0,1.0,0.0,0.0,1.0,0.0,0.0,0.0,0.0,0.0,1.0,0.0,0.0,0.0,0.0,0.064028,0.050674,0.053794,0.045329,0.035928,0.042343,0.054841,0.04629,0.057824,0.074184,0.097316,0.049147,0.075754,0.040429,0.064793,0.054516,0.087254,0.035503
sub-422721_ses-1,sub-422721,MPTP,21.0,11.75,1000.0,0.01332890441,0.02755487586,0.0,0.0,0.0,0.0,0.0,1.0,0.0,0.0,1.0,0.0,0.0,0.0,0.0,0.0,1.0,0.0,0.0,0.0,0.0,0.068176,0.061232,0.057247,0.049812,0.047449,0.043817,0.058763,0.048609,0.058105,0.074423,0.076268,0.080611,0.068161,0.040523,0.087971,0.062659,0.079871,0.044813
sub-C01S015_ses-1,sub-C01S015,Sexdifference,16.0,7.0,1000.0,0.003812673848,0.006201216364,0.0,0.0,0.0,0.0,0.0,0.0,0.0,0.0,1.0,0.0,0.0,0.0,1.0,0.0,0.0,0.0,0.0,0.0,0.0,0.059303,0.126982,0.182376,0.067614,0.06847,0.084221,0.039541,0.044694,0.0593,0.032734,0.072452,0.056298,0.073794,0.059695,0.064609,0.03939,0.048692,0.031498
sub-C01S016_ses-1,sub-C01S016,Sexdifference,16.0,7.0,1000.0,0.004827251763,0.00856944699,0.0,0.0,0.0,0.0,0.0,0.0,0.0,0.0,1.0,0.0,0.0,0.0,1.0,0.0,0.0,0.0,0.0,0.0,0.0,0.042485,0.046308,0.039812,0.036842,0.040826,0.034964,0.031612,0.030278,0.056334,0.034067,0.061904,0.051637,0.048112,0.024104,0.039128,0.030549,0.049747,0.043508
sub-C01S017_ses-1,sub-C01S017,Sexdifference,16.0,7.0,1000.0,0.00522413522,0.009362307601,0.0,0.0,0.0,0.0,0.0,0.0,0.0,0.0,1.0,0.0,0.0,0.0,1.0,0.0,0.0,0.0,0.0,0.0,0.0,0.03769,0.032581,0.036939,0.03194,0.030652,0.0266,0.025345,0.028211,0.039345,0.029385,0.045151,0.05266,0.030229,0.021918,0.035709,0.03018,0.046475,0.033801
sub-C01S018_ses-1,sub-C01S018,Sexdifference,16.0,7.0,1000.0,0.004556718144,0.008213619305,0.0,0.0,0.0,0.0,0.0,0.0,0.0,0.0,1.0,0.0,0.0,0.0,1.0,0.0,0.0,0.0,0.0,0.0,0.0,0.046037,0.083725,0.13901,0.051804,0.063414,0.059916,0.034109,0.037969,0.043918,0.031003,0.081554,0.038617,0.047072,0.046834,0.049413,0.033194,0.042657,0.037528
sub-C01S019_ses-1,sub-C01S019,Sexdifference,16.0,7.0,1000.0,0.006036713508,0.01125228645,0.0,0.0,0.0,0.0,0.0,0.0,0.0,0.0,1.0,0.0,0.0,0.0,1.0,0.0,0.0,0.0,0.0,0.0,0.0,0.041042,0.039124,0.050585,0.022933,0.031429,0.03466,0.032373,0.026856,0.035006,0.028707,0.053258,0.053861,0.034285,0.027704,0.040565,0.027555,0.039037,0.024848
sub-C02S006_ses-1,sub-C02S006,Sexdifference,16.0,7.0,1000.0,0.01065723564,0.01851137805,0.0,0.0,0.0,0.0,0.0,0.0,0.0,0.0,1.0,0.0,0.0,0.0,1.0,0.0,0.0,0.0,0.0,0.0,0.0,0.07373,0.109021,0.179946,0.07526,0.08567,0.079395,0.076023,0.062806,0.090473,0.046134,0.088864,0.06332,0.065374,0.055497,0.067353,0.042633,0.069666,0.044365
sub-C02S007_ses-1,sub-C02S007,Sexdifference,16.0,7.0,1000.0,0.004123689061,0.006650905159,0.0,0.0,0.0,0.0,0.0,0.0,0.0,0.0,1.0,0.0,0.0,0.0,1.0,0.0,0.0,0.0,0.0,0.0,0.0,0.059452,0.140847,0.172666,0.062105,0.084685,0.095578,0.045327,0.042927,0.058532,0.030649,0.083069,0.039757,0.06456,0.057969,0.060426,0.033944,0.060954,0.040027
sub-C02S008_ses-1,sub-C02S008,Sexdifference,16.0,7.0,1000.0,0.004885911072,0.007391612337,0.0,0.0,0.0,0.0,0.0,0.0,0.0,0.0,1.0,0.0,0.0,0.0,1.0,0.0,0.0,0.0,0.0,0.0,0.0,0.076941,0.079646,0.063047,0.055603,0.059033,0.072456,0.035621,0.061711,0.084349,0.066924,0.084616,0.10827,0.062091,0.03836,0.074323,0.054505,0.083388,0.054766
sub-C02S009_ses-1,sub-C02S009,Sexdifference,16.0,7.0,1000.0,0.004465477622,0.008024837567,0.0,0.0,0.0,0.0,0.0,0.0,0.0,0.0,1.0,0.0,0.0,0.0,1.0,0.0,0.0,0.0,0.0,0.0,0.0,0.049969,0.037284,0.040036,0.044705,0.03463,0.037153,0.026442,0.032058,0.040306,0.034268,0.043633,0.070384,0.029039,0.02443,0.054106,0.04122,0.043847,0.025026
sub-C02S010_ses-1,sub-C02S010,Sexdifference,16.0,7.0,1000.0,0.00624177302,0.01218392329,0.0,0.0,0.0,0.0,0.0,0.0,0.0,0.0,1.0,0.0,0.0,0.0,1.0,0.0,0.0,0.0,0.0,0.0,0.0,0.065861,0.067582,0.078962,0.048326,0.053316,0.049301,0.033795,0.052905,0.087453,0.045232,0.071668,0.072834,0.036611,0.026226,0.066297,0.054089,0.058336,0.052337
sub-C03S020_ses-1,sub-C03S020,Sexdifference,16.0,7.0,1000.0,0.006382580913,0.01166763242,0.0,0.0,0.0,0.0,0.0,0.0,0.0,0.0,1.0,0.0,0.0,0.0,1.0,0.0,0.0,0.0,0.0,0.0,0.0,0.053315,0.055019,0.064803,0.054563,0.040899,0.049002,0.041831,0.045585,0.049972,0.034558,0.053423,0.062541,0.040147,0.028718,0.0542,0.045706,0.064666,0.038579
sub-C03S021_ses-1,sub-C03S021,Sexdifference,16.0,7.0,1000.0,0.005125903192,0.008416991516,0.0,0.0,0.0,0.0,0.0,0.0,0.0,0.0,1.0,0.0,0.0,0.0,1.0,0.0,0.0,0.0,0.0,0.0,0.0,0.053745,0.056579,0.099898,0.043649,0.048163,0.059265,0.037919,0.039203,0.055025,0.036845,0.07425,0.054884,0.065993,0.040733,0.057369,0.040722,0.058906,0.034534
sub-C03S022_ses-1,sub-C03S022,Sexdifference,16.0,7.0,1000.0,0.004280116085,0.007315266317,0.0,0.0,0.0,0.0,0.0,0.0,0.0,0.0,1.0,0.0,0.0,0.0,1.0,0.0,0.0,0.0,0.0,0.0,0.0,0.0674,0.102791,0.131412,0.083929,0.102735,0.123779,0.049261,0.073501,0.108314,0.043318,0.072191,0.073161,0.080607,0.045388,0.045327,0.050236,0.060159,0.04568
sub-C03S023_ses-1,sub-C03S023,Sexdifference,16.0,7.0,1000.0,0.005012374457,0.01001619178,0.0,0.0,0.0,0.0,0.0,0.0,0.0,0.0,1.0,0.0,0.0,0.0,1.0,0.0,0.0,0.0,0.0,0.0,0.0,0.053403,0.098386,0.169755,0.065962,0.06863,0.099799,0.03126,0.05431,0.054634,0.037595,0.074923,0.070817,0.063581,0.048008,0.056824,0.039455,0.069542,0.035979
sub-C03S024_ses-1,sub-C03S024,Sexdifference,16.0,7.0,1000.0,0.004055975365,0.006833569738,0.0,0.0,0.0,0.0,0.0,0.0,0.0,0.0,1.0,0.0,0.0,0.0,1.0,0.0,0.0,0.0,0.0,0.0,0.0,0.049366,0.066085,0.093587,0.046371,0.03995,0.055859,0.033007,0.037399,0.052168,0.034691,0.041067,0.046897,0.054559,0.033672,0.056242,0.026032,0.043742,0.036864
sub-C04S025_ses-1,sub-C04S025,Sexdifference,16.0,7.0,1000.0,0.003551669005,0.005730417691,0.0,0.0,0.0,0.0,0.0,0.0,0.0,0.0,1.0,0.0,0.0,0.0,1.0,0.0,0.0,0.0,0.0,0.0,0.0,0.041192,0.038176,0.037386,0.035463,0.03389,0.032774,0.043447,0.033106,0.044984,0.023976,0.044373,0.069051,0.036937,0.028537,0.043687,0.038939,0.049409,0.038217
sub-C04S026_ses-1,sub-C04S026,Sexdifference,16.0,7.0,1000.0,0.003909741707,0.00640096641,0.0,0.0,0.0,0.0,0.0,0.0,0.0,0.0,1.0,0.0,0.0,0.0,1.0,0.0,0.0,0.0,0.0,0.0,0.0,0.049078,0.09667,0.142253,0.04482,0.052205,0.046232,0.036214,0.032238,0.04057,0.030663,0.052028,0.048717,0.043238,0.04063,0.047254,0.033376,0.041908,0.027387
sub-C04S027_ses-1,sub-C04S027,Sexdifference,16.0,7.0,1000.0,0.004298373705,0.007664623015,0.0,0.0,0.0,0.0,0.0,0.0,0.0,0.0,1.0,0.0,0.0,0.0,1.0,0.0,0.0,0.0,0.0,0.0,0.0,0.063324,0.132981,0.148562,0.053597,0.053396,0.077242,0.039412,0.033356,0.063061,0.041795,0.060072,0.056482,0.063165,0.047586,0.053522,0.039125,0.049385,0.032193
sub-C04S028_ses-1,sub-C04S028,Sexdifference,16.0,7.0,1000.0,0.004730235675,0.008958093516,0.0,0.0,0.0,0.0,0.0,0.0,0.0,0.0,1.0,0.0,0.0,0.0,1.0,0.0,0.0,0.0,0.0,0.0,0.0,0.047782,0.090337,0.101794,0.058251,0.06709,0.091543,0.043409,0.048456,0.076086,0.042311,0.072585,0.066269,0.077712,0.049873,0.061886,0.046342,0.061074,0.032813
sub-C04S029_ses-1,sub-C04S029,Sexdifference,16.0,7.0,1000.0,0.00792398091,0.01547038946,0.0,0.0,0.0,0.0,0.0,0.0,0.0,0.0,1.0,0.0,0.0,0.0,1.0,0.0,0.0,0.0,0.0,0.0,0.0,0.073399,0.104848,0.061909,0.05086,0.07785,0.060085,0.059777,0.043002,0.06565,0.052802,0.102018,0.053319,0.060283,0.038714,0.031694,0.033934,0.103898,0.037889
sub-C05S030_ses-1,sub-C05S030,Sexdifference,16.0,7.0,1000.0,0.004686039396,0.008462008125,0.0,0.0,0.0,0.0,0.0,1.0,0.0,0.0,1.0,0.0,0.0,0.0,1.0,0.0,0.0,0.0,0.0,0.0,0.0,0.034331,0.066924,0.055988,0.047496,0.038751,0.045595,0.043272,0.05025,0.0469,0.046991,0.05599,0.085153,0.037997,0.026245,0.03464,0.034243,0.049331,0.033238
sub-C05S031_ses-1,sub-C05S031,Sexdifference,16.0,7.0,1000.0,0.004227628127,0.007495346155,0.0,0.0,0.0,0.0,0.0,1.0,0.0,0.0,1.0,0.0,0.0,0.0,1.0,0.0,0.0,0.0,0.0,0.0,0.0,0.041962,0.043381,0.061466,0.046239,0.051611,0.040923,0.037895,0.037326,0.053896,0.036901,0.077297,0.058245,0.030564,0.021776,0.034434,0.03023,0.050417,0.023903
sub-C05S032_ses-1,sub-C05S032,Sexdifference,16.0,7.0,1000.0,0.004736668315,0.007816433886,0.0,0.0,0.0,0.0,0.0,1.0,0.0,0.0,1.0,0.0,0.0,0.0,1.0,0.0,0.0,0.0,0.0,0.0,0.0,0.034939,0.046495,0.034902,0.033715,0.0356,0.032042,0.046181,0.027571,0.058435,0.030796,0.056542,0.039306,0.044142,0.024055,0.039276,0.030697,0.042726,0.024592
sub-C06S033_ses-1,sub-C06S033,Sexdifference,16.0,7.0,1000.0,0.005047326034,0.009095221924,0.0,0.0,0.0,0.0,0.0,1.0,0.0,0.0,1.0,0.0,0.0,0.0,1.0,0.0,0.0,0.0,0.0,0.0,0.0,0.054944,0.069015,0.077212,0.037712,0.037153,0.042615,0.039389,0.033203,0.072941,0.046614,0.05922,0.058113,0.051773,0.032874,0.043873,0.029934,0.042706,0.035657
sub-C06S034_ses-1,sub-C06S034,Sexdifference,16.0,7.0,1000.0,0.003676532164,0.006099765504,0.0,0.0,0.0,0.0,0.0,1.0,0.0,0.0,1.0,0.0,0.0,0.0,1.0,0.0,0.0,0.0,0.0,0.0,0.0,0.053327,0.050437,0.048697,0.035157,0.044199,0.062161,0.032236,0.037239,0.049336,0.033288,0.0504,0.069188,0.033257,0.032454,0.049191,0.026702,0.047368,0.05031
sub-C06S035_ses-1,sub-C06S035,Sexdifference,16.0,7.0,1000.0,0.004111523257,0.007499952301,0.0,0.0,0.0,0.0,0.0,1.0,0.0,0.0,1.0,0.0,0.0,0.0,1.0,0.0,0.0,0.0,0.0,0.0,0.0,0.047249,0.04348,0.03909,0.040203,0.029995,0.036157,0.030387,0.031213,0.045215,0.028045,0.04405,0.051542,0.030308,0.032055,0.046778,0.031271,0.043598,0.03375
sub-C06S036_ses-1,sub-C06S036,Sexdifference,16.0,7.0,1000.0,0.00389253727,0.006704814922,0.0,0.0,0.0,0.0,0.0,1.0,0.0,0.0,1.0,0.0,0.0,0.0,1.0,0.0,0.0,0.0,0.0,0.0,0.0,0.05411,0.042013,0.051544,0.029429,0.031677,0.040482,0.025656,0.027175,0.049956,0.030738,0.052984,0.053067,0.029144,0.02674,0.042545,0.033955,0.041507,0.039473
sub-C07S037_ses-1,sub-C07S037,Sexdifference,16.0,7.0,1000.0,0.007292783002,0.01461086855,0.0,0.0,0.0,0.0,0.0,1.0,0.0,0.0,1.0,0.0,0.0,0.0,1.0,0.0,0.0,0.0,0.0,0.0,0.0,0.062915,0.06413,0.075392,0.053165,0.040203,0.051384,0.038415,0.044926,0.086986,0.045111,0.070798,0.059854,0.046472,0.034513,0.058107,0.028971,0.054388,0.039844
sub-C07S038_ses-1,sub-C07S038,Sexdifference,16.0,7.0,1000.0,0.003891607582,0.006439425715,0.0,0.0,0.0,0.0,0.0,1.0,0.0,0.0,1.0,0.0,0.0,0.0,1.0,0.0,0.0,0.0,0.0,0.0,0.0,0.106322,0.095992,0.150818,0.066244,0.054157,0.054341,0.060798,0.104046,0.156867,0.044333,0.101777,0.062887,0.067886,0.035917,0.087323,0.049175,0.09043,0.092828
sub-C07S039_ses-1,sub-C07S039,Sexdifference,16.0,7.0,1000.0,0.003687655292,0.006116623337,0.0,0.0,0.0,0.0,0.0,1.0,0.0,0.0,1.0,0.0,0.0,0.0,1.0,0.0,0.0,0.0,0.0,0.0,0.0,0.06177,0.0521,0.080408,0.046123,0.039402,0.045555,0.041837,0.042479,0.051636,0.04182,0.05499,0.071986,0.050278,0.028019,0.043905,0.037152,0.052324,0.032538
sub-C07S040_ses-1,sub-C07S040,Sexdifference,16.0,7.0,1000.0,0.004217822802,0.007578573128,0.0,0.0,0.0,0.0,0.0,1.0,0.0,0.0,1.0,0.0,0.0,0.0,1.0,0.0,0.0,0.0,0.0,0.0,0.0,0.052167,0.060209,0.052033,0.044015,0.034263,0.049276,0.037372,0.038748,0.081102,0.041479,0.062953,0.056233,0.052091,0.027975,0.03947,0.04605,0.051546,0.041213
sub-C08S011_ses-1,sub-C08S011,Sexdifference,16.0,7.0,1000.0,0.004862162139,0.009100203261,0.0,0.0,0.0,0.0,0.0,1.0,0.0,0.0,1.0,0.0,0.0,0.0,1.0,0.0,0.0,0.0,0.0,0.0,0.0,0.063765,0.068089,0.091575,0.042731,0.05624,0.047369,0.033991,0.052321,0.069911,0.041855,0.05596,0.055495,0.04684,0.038741,0.049042,0.036763,0.046356,0.030027
sub-C08S012_ses-1,sub-C08S012,Sexdifference,16.0,7.0,1000.0,0.005660573741,0.01029606447,0.0,0.0,0.0,0.0,0.0,1.0,0.0,0.0,1.0,0.0,0.0,0.0,1.0,0.0,0.0,0.0,0.0,0.0,0.0,0.051076,0.045217,0.049053,0.031288,0.027728,0.039613,0.029592,0.025914,0.043583,0.027817,0.053556,0.060746,0.032843,0.020808,0.04346,0.027539,0.04935,0.029803
sub-C08S013_ses-1,sub-C08S013,Sexdifference,16.0,7.0,1000.0,0.005183015363,0.009574065568,0.0,0.0,0.0,0.0,0.0,1.0,0.0,0.0,1.0,0.0,0.0,0.0,1.0,0.0,0.0,0.0,0.0,0.0,0.0,0.089507,0.049973,0.092132,0.068253,0.040037,0.081248,0.042986,0.043672,0.07605,0.069597,0.087265,0.098233,0.050225,0.030175,0.045688,0.047118,0.058999,0.05154
sub-C08S014_ses-1,sub-C08S014,Sexdifference,16.0,7.0,1000.0,0.004604188915,0.007682471124,0.0,0.0,0.0,0.0,0.0,1.0,0.0,0.0,1.0,0.0,0.0,0.0,1.0,0.0,0.0,0.0,0.0,0.0,0.0,0.055294,0.092633,0.13761,0.061193,0.059984,0.068524,0.03331,0.036692,0.050122,0.038429,0.048582,0.051061,0.05407,0.039669,0.058338,0.03667,0.040087,0.034797
sub-C09S001_ses-1,sub-C09S001,Sexdifference,16.0,7.0,1000.0,0.00455423189,0.00800266219,0.0,0.0,0.0,0.0,0.0,1.0,0.0,0.0,1.0,0.0,0.0,0.0,1.0,0.0,0.0,0.0,0.0,0.0,0.0,0.040318,0.058488,0.075917,0.039948,0.035355,0.04092,0.0305,0.035296,0.039428,0.028094,0.047181,0.043957,0.030499,0.024029,0.03269,0.028688,0.050142,0.027952
sub-C09S002_ses-1,sub-C09S002,Sexdifference,16.0,7.0,1000.0,0.004348607829,0.007144027213,0.0,0.0,0.0,0.0,0.0,1.0,0.0,0.0,1.0,0.0,0.0,0.0,1.0,0.0,0.0,0.0,0.0,0.0,0.0,0.066169,0.06351,0.06184,0.05317,0.043964,0.044746,0.06724,0.045348,0.070182,0.04865,0.062075,0.090657,0.052034,0.02997,0.058927,0.054208,0.064884,0.047777
sub-C09S003_ses-1,sub-C09S003,Sexdifference,16.0,7.0,1000.0,0.003781597913,0.006066778987,0.0,0.0,0.0,0.0,0.0,1.0,0.0,0.0,1.0,0.0,0.0,0.0,1.0,0.0,0.0,0.0,0.0,0.0,0.0,0.06879,0.077791,0.125638,0.055151,0.062019,0.076341,0.043508,0.049673,0.071333,0.044955,0.080206,0.067949,0.050924,0.039298,0.048832,0.033489,0.078955,0.04363
sub-C09S004_ses-1,sub-C09S004,Sexdifference,16.0,7.0,1000.0,0.004555624655,0.007817628917,0.0,0.0,0.0,0.0,0.0,1.0,0.0,0.0,1.0,0.0,0.0,0.0,1.0,0.0,0.0,0.0,0.0,0.0,0.0,0.031818,0.041158,0.036943,0.030261,0.033196,0.036621,0.029423,0.028187,0.039076,0.029747,0.056957,0.044436,0.037397,0.026703,0.036274,0.02875,0.036846,0.024474
sub-C09S005_ses-1,sub-C09S005,Sexdifference,16.0,7.0,1000.0,0.00486862042,0.009373934774,0.0,0.0,0.0,0.0,0.0,1.0,0.0,0.0,1.0,0.0,0.0,0.0,1.0,0.0,0.0,0.0,0.0,0.0,0.0,0.05998,0.047967,0.056395,0.059422,0.035657,0.056431,0.062111,0.050527,0.058903,0.041961,0.058245,0.074558,0.048826,0.037219,0.04314,0.037959,0.05874,0.036845
sub-C10S041_ses-2,sub-C10S041,Sexdifference,16.0,7.0,1000.0,0.01190445694,0.0197127711,0.0,0.0,0.0,0.0,0.0,1.0,0.0,0.0,1.0,0.0,0.0,0.0,1.0,0.0,0.0,0.0,0.0,0.0,0.0,0.134257,0.247156,0.198437,0.133781,0.132804,0.103449,0.134597,0.062357,0.190089,0.104784,0.151148,0.132326,0.08523,0.080336,0.078939,0.064653,0.121953,0.077234
sub-C10S046_ses-2,sub-C10S046,Sexdifference,16.0,7.0,1000.0,0.006243617003,0.009790021893,0.0,0.0,0.0,0.0,0.0,0.0,0.0,0.0,1.0,0.0,0.0,0.0,1.0,0.0,0.0,0.0,0.0,0.0,0.0,0.18658,0.37694,0.321914,0.301128,0.236182,0.279239,0.3464,0.176551,0.222281,0.127077,0.274357,0.191394,0.093161,0.09705,0.158226,0.111407,0.191742,0.0904
sub-C10S047_ses-2,sub-C10S047,Sexdifference,16.0,7.0,1000.0,0.004168895047,0.006769365265,0.0,0.0,0.0,0.0,0.0,0.0,0.0,0.0,1.0,0.0,0.0,0.0,1.0,0.0,0.0,0.0,0.0,0.0,0.0,0.076919,0.113551,0.129482,0.100116,0.083249,0.103072,0.048092,0.086811,0.093814,0.095054,0.059996,0.080707,0.089666,0.077057,0.073073,0.056533,0.065134,0.043634
sub-C10S048_ses-2,sub-C10S048,Sexdifference,16.0,7.0,1000.0,0.004244284265,0.006856650756,0.0,0.0,0.0,0.0,0.0,0.0,0.0,0.0,1.0,0.0,0.0,0.0,1.0,0.0,0.0,0.0,0.0,0.0,0.0,0.070168,0.121364,0.139189,0.075556,0.080929,0.104324,0.077823,0.059542,0.109737,0.083249,0.074183,0.082908,0.082175,0.078404,0.078704,0.051729,0.085697,0.044477
sub-C10S049_ses-2,sub-C10S049,Sexdifference,16.0,7.0,1000.0,0.01031348761,0.0169137196,0.0,0.0,0.0,0.0,0.0,0.0,0.0,0.0,1.0,0.0,0.0,0.0,1.0,0.0,0.0,0.0,0.0,0.0,0.0,0.103542,0.188929,0.205734,0.118696,0.16972,0.178221,0.09553,0.047724,0.117137,0.057568,0.098023,0.08205,0.072401,0.049722,0.068319,0.045241,0.080884,0.05457
sub-C10S050_ses-2,sub-C10S050,Sexdifference,16.0,7.0,1000.0,0.00396964625,0.006319023014,0.0,0.0,0.0,0.0,0.0,0.0,0.0,0.0,1.0,0.0,0.0,0.0,1.0,0.0,0.0,0.0,0.0,0.0,0.0,0.093247,0.095995,0.152886,0.095468,0.111184,0.14204,0.057346,0.078139,0.144541,0.086768,0.061955,0.097068,0.090366,0.058359,0.069261,0.048979,0.084887,0.050761
sub-C11S042_ses-2,sub-C11S042,Sexdifference,16.0,7.0,1000.0,0.02931768049,0.05011654887,0.0,0.0,0.0,0.0,0.0,1.0,0.0,0.0,1.0,0.0,0.0,0.0,1.0,0.0,0.0,0.0,0.0,0.0,0.0,0.070088,0.068875,0.09171,0.058359,0.044134,0.072403,0.037799,0.04069,0.068933,0.035415,0.089299,0.073901,0.048499,0.036877,0.056904,0.043302,0.049115,0.044694
sub-C11S043_ses-2,sub-C11S043,Sexdifference,16.0,7.0,1000.0,0.006400215008,0.01194746085,0.0,0.0,0.0,0.0,0.0,1.0,0.0,0.0,1.0,0.0,0.0,0.0,1.0,0.0,0.0,0.0,0.0,0.0,0.0,0.04761,0.06416,0.095195,0.041978,0.044275,0.046646,0.048403,0.043361,0.05434,0.029485,0.042985,0.053102,0.0489,0.036012,0.05563,0.034854,0.043422,0.037233
sub-C11S044_ses-2,sub-C11S044,Sexdifference,16.0,7.0,1000.0,0.006679923316,0.01179746009,0.0,0.0,0.0,0.0,0.0,1.0,0.0,0.0,1.0,0.0,0.0,0.0,1.0,0.0,0.0,0.0,0.0,0.0,0.0,0.105587,0.07912,0.113568,0.070927,0.06843,0.081817,0.07612,0.054989,0.11076,0.048058,0.111326,0.080804,0.067317,0.046032,0.061771,0.04907,0.050774,0.057153
sub-C11S045_ses-2,sub-C11S045,Sexdifference,16.0,7.0,1000.0,0.006880586181,0.01177854562,0.0,0.0,0.0,0.0,0.0,1.0,0.0,0.0,1.0,0.0,0.0,0.0,1.0,0.0,0.0,0.0,0.0,0.0,0.0,0.06037,0.088534,0.111212,0.081074,0.053849,0.08309,0.044834,0.062726,0.08203,0.04578,0.084404,0.068106,0.071011,0.03411,0.062817,0.036394,0.047792,0.043442
sub-C12S056_ses-2,sub-C12S056,Sexdifference,16.0,7.0,1000.0,0.01141135476,0.0202293693,0.0,0.0,0.0,0.0,0.0,1.0,0.0,0.0,1.0,0.0,0.0,0.0,1.0,0.0,0.0,0.0,0.0,0.0,0.0,0.069469,0.151983,0.181815,0.072208,0.067373,0.084746,0.056279,0.06793,0.095686,0.059732,0.060845,0.055968,0.055415,0.047846,0.062773,0.046472,0.061075,0.038572
sub-C12S057_ses-2,sub-C12S057,Sexdifference,16.0,7.0,1000.0,0.03666148801,0.06421548025,0.0,0.0,0.0,0.0,0.0,1.0,0.0,0.0,1.0,0.0,0.0,0.0,1.0,0.0,0.0,0.0,0.0,0.0,0.0,0.090545,0.123722,0.157739,0.094859,0.094296,0.1211,0.048283,0.08242,0.111425,0.059487,0.067434,0.068321,0.099796,0.054459,0.069505,0.045247,0.054565,0.052368
sub-C12S058_ses-2,sub-C12S058,Sexdifference,16.0,7.0,1000.0,0.006638317296,0.01230238542,0.0,0.0,0.0,0.0,0.0,1.0,0.0,0.0,1.0,0.0,0.0,0.0,1.0,0.0,0.0,0.0,0.0,0.0,0.0,0.090326,0.106639,0.154968,0.087399,0.077038,0.101633,0.071501,0.057029,0.097756,0.068195,0.071477,0.058855,0.083775,0.053624,0.076366,0.04546,0.060459,0.051178
sub-C12S059_ses-2,sub-C12S059,Sexdifference,16.0,7.0,1000.0,0.004340618215,0.006527519306,0.0,0.0,0.0,0.0,0.0,1.0,0.0,0.0,1.0,0.0,0.0,0.0,1.0,0.0,0.0,0.0,0.0,0.0,0.0,0.081314,0.113024,0.164473,0.108392,0.089892,0.101164,0.070468,0.075665,0.123255,0.083209,0.068186,0.088153,0.083277,0.065039,0.087637,0.069509,0.062817,0.054184
sub-C12S060_ses-2,sub-C12S060,Sexdifference,16.0,7.0,1000.0,0.008740039768,0.01420601789,0.0,0.0,0.0,0.0,0.0,1.0,0.0,0.0,1.0,0.0,0.0,0.0,1.0,0.0,0.0,0.0,0.0,0.0,0.0,0.096783,0.106857,0.153045,0.10219,0.103905,0.115835,0.055864,0.06951,0.097647,0.060853,0.072142,0.089804,0.116261,0.059659,0.070534,0.046662,0.056962,0.042203
sub-C13S051_ses-2,sub-C13S051,Sexdifference,16.0,7.0,1000.0,0.004587622082,0.007957145997,0.0,0.0,0.0,0.0,0.0,0.0,0.0,0.0,1.0,0.0,0.0,0.0,1.0,0.0,0.0,0.0,0.0,0.0,0.0,0.099273,0.134461,0.166675,0.110509,0.081312,0.147547,0.073505,0.061207,0.088584,0.067989,0.05735,0.083949,0.088333,0.052967,0.073542,0.070629,0.05255,0.048845
sub-C13S052_ses-2,sub-C13S052,Sexdifference,16.0,7.0,1000.0,0.003900909295,0.006135027287,0.0,0.0,0.0,0.0,0.0,0.0,0.0,0.0,1.0,0.0,0.0,0.0,1.0,0.0,0.0,0.0,0.0,0.0,0.0,0.140418,0.15349,0.162841,0.253655,0.134901,0.24634,0.26331,0.208221,0.177673,0.125399,0.23991,0.150638,0.099315,0.127804,0.095125,0.150991,0.146382,0.150782
sub-C13S053_ses-2,sub-C13S053,Sexdifference,16.0,7.0,1000.0,0.007174884736,0.01227936153,0.0,0.0,0.0,0.0,0.0,0.0,0.0,0.0,1.0,0.0,0.0,0.0,1.0,0.0,0.0,0.0,0.0,0.0,0.0,0.065142,0.120228,0.161846,0.073552,0.11381,0.107743,0.130977,0.064732,0.080692,0.039673,0.075628,0.052675,0.085032,0.059807,0.071659,0.044781,0.057697,0.049434
sub-C13S054_ses-2,sub-C13S054,Sexdifference,16.0,7.0,1000.0,0.007859420468,0.01460975049,0.0,0.0,0.0,0.0,0.0,0.0,0.0,0.0,1.0,0.0,0.0,0.0,1.0,0.0,0.0,0.0,0.0,0.0,0.0,0.083588,0.095799,0.137429,0.077161,0.099657,0.124726,0.064047,0.06853,0.078571,0.051292,0.064739,0.083169,0.087627,0.049274,0.06065,0.038369,0.064356,0.046516
sub-C13S055_ses-2,sub-C13S055,Sexdifference,16.0,7.0,1000.0,0.00395402871,0.006085978567,0.0,0.0,0.0,0.0,0.0,0.0,0.0,0.0,1.0,0.0,0.0,0.0,1.0,0.0,0.0,0.0,0.0,0.0,0.0,0.088106,0.142068,0.175157,0.129535,0.09045,0.148354,0.0982,0.076014,0.109473,0.090477,0.086666,0.098477,0.081573,0.060904,0.094846,0.047225,0.084493,0.054001
sub-399235_ses-1,sub-399235,NDUFS4,21.0,11.75,1000.0,0.02950568869,0.04959870291,0.0,0.0,0.0,1.0,1.0,0.0,0.0,0.0,1.0,0.0,0.0,0.0,0.0,0.0,1.0,0.0,0.0,0.0,0.0,0.066762,0.110019,0.054858,0.044109,0.053218,0.046332,0.080345,0.054512,0.059571,0.045103,0.066527,0.073144,0.071995,0.035807,0.055252,0.048663,0.11084,0.039309
sub-399434_ses-1,sub-399434,NDUFS4,21.0,11.75,1000.0,0.02950568869,0.04959870291,0.0,0.0,0.0,1.0,1.0,0.0,0.0,0.0,1.0,0.0,0.0,0.0,0.0,0.0,1.0,0.0,0.0,0.0,0.0,0.039111,0.043,0.029455,0.043424,0.028395,0.028503,0.026739,0.034838,0.047651,0.044485,0.072113,0.069475,0.029237,0.027147,0.040525,0.037254,0.042185,0.029264
sub-399455_ses-1,sub-399455,NDUFS4,21.0,11.75,1000.0,0.02950568869,0.04959870291,0.0,0.0,0.0,1.0,1.0,0.0,0.0,0.0,1.0,0.0,0.0,0.0,0.0,0.0,1.0,0.0,0.0,0.0,0.0,0.076378,0.055843,0.04955,0.045248,0.028824,0.065911,0.060485,0.052875,0.071789,0.043642,0.088867,0.079069,0.052256,0.041984,0.063029,0.046601,0.072714,0.041942
sub-399456_ses-1,sub-399456,NDUFS4,21.0,11.75,1000.0,0.02950568869,0.04959870291,0.0,0.0,0.0,1.0,1.0,0.0,0.0,0.0,1.0,0.0,0.0,0.0,0.0,0.0,1.0,0.0,0.0,0.0,0.0,0.042658,0.038593,0.054987,0.069388,0.05211,0.057079,0.063421,0.040697,0.052048,0.038173,0.08855,0.063568,0.04275,0.025068,0.060583,0.045727,0.05189,0.022087
sub-401593_ses-1,sub-401593,NDUFS4,21.0,11.75,1000.0,0.02950568869,0.04959870291,0.0,0.0,0.0,1.0,1.0,0.0,0.0,0.0,1.0,0.0,0.0,0.0,0.0,0.0,1.0,0.0,0.0,0.0,0.0,0.028825,0.037215,0.030212,0.03194,0.031101,0.031418,0.032983,0.031479,0.036343,0.028115,0.070182,0.039741,0.031119,0.020585,0.03218,0.029965,0.050222,0.022313
sub-401594_ses-1,sub-401594,NDUFS4,21.0,11.75,1000.0,0.02950568869,0.04959870291,0.0,0.0,0.0,1.0,1.0,0.0,0.0,0.0,1.0,0.0,0.0,0.0,0.0,0.0,1.0,0.0,0.0,0.0,0.0,0.049429,0.056914,0.042183,0.046765,0.03454,0.037826,0.05933,0.032857,0.039195,0.031944,0.073729,0.060665,0.048667,0.034801,0.044623,0.031726,0.046631,0.03334
sub-401627_ses-1,sub-401627,NDUFS4,21.0,11.75,1000.0,0.02950568869,0.04959870291,0.0,0.0,0.0,1.0,1.0,0.0,0.0,0.0,1.0,0.0,0.0,0.0,0.0,0.0,1.0,0.0,0.0,0.0,0.0,0.04117,0.049399,0.033229,0.047775,0.036797,0.039242,0.035327,0.035955,0.045647,0.028077,0.061166,0.051708,0.038994,0.022452,0.043573,0.043875,0.053957,0.040279
sub-401635_ses-1,sub-401635,NDUFS4,27.0,11.75,1000.0,0.02950568869,0.04959870291,0.0,0.0,0.0,1.0,1.0,0.0,0.0,0.0,1.0,0.0,0.0,0.0,0.0,0.0,1.0,0.0,0.0,0.0,0.0,0.048273,0.046162,0.043361,0.033111,0.03066,0.049805,0.039706,0.039077,0.11384,0.047381,0.064899,0.048039,0.048625,0.036939,0.042721,0.037459,0.051262,0.042345
sub-405024_ses-1,sub-405024,NDUFS4,27.0,11.75,1000.0,0.02950568869,0.04959870291,0.0,0.0,0.0,1.0,1.0,0.0,0.0,0.0,1.0,0.0,0.0,0.0,0.0,0.0,1.0,0.0,0.0,0.0,0.0,0.056125,0.066842,0.050872,0.052109,0.046751,0.050914,0.052836,0.056197,0.09108,0.052644,0.078024,0.06355,0.056152,0.045955,0.051846,0.068314,0.06565,0.027286
sub-405034_ses-1,sub-405034,NDUFS4,27.0,11.75,1000.0,0.02950568869,0.04959870291,0.0,0.0,0.0,1.0,1.0,0.0,0.0,0.0,1.0,0.0,0.0,0.0,0.0,0.0,1.0,0.0,0.0,0.0,0.0,0.054416,0.064051,0.057467,0.051286,0.04544,0.04682,0.036486,0.044814,0.061767,0.054144,0.080942,0.053483,0.061687,0.032627,0.053726,0.053915,0.070618,0.032831
sub-405057_ses-1,sub-405057,NDUFS4,27.0,11.75,1000.0,0.02950568869,0.04959870291,0.0,0.0,0.0,1.0,1.0,0.0,0.0,0.0,1.0,0.0,0.0,0.0,0.0,0.0,1.0,0.0,0.0,0.0,0.0,0.12714,0.17695,0.071433,0.093765,0.088494,0.076593,0.117193,0.077571,0.103527,0.063155,0.11756,0.099656,0.080705,0.058596,0.082835,0.110173,0.078363,0.105311
sub-405060_ses-1,sub-405060,NDUFS4,27.0,11.75,1000.0,0.02950568869,0.04959870291,0.0,0.0,0.0,1.0,1.0,0.0,0.0,0.0,1.0,0.0,0.0,0.0,0.0,0.0,1.0,0.0,0.0,0.0,0.0,0.051752,0.100986,0.045956,0.054162,0.046288,0.049177,0.057402,0.047675,0.077238,0.049234,0.084763,0.057837,0.062418,0.037105,0.071708,0.054005,0.085532,0.061172
sub-405224_ses-1,sub-405224,NDUFS4,27.0,11.75,1000.0,0.02950568869,0.04959870291,0.0,0.0,0.0,1.0,1.0,0.0,0.0,0.0,1.0,0.0,0.0,0.0,0.0,0.0,1.0,0.0,0.0,0.0,0.0,0.072362,0.09883,0.083017,0.07558,0.076742,0.072063,0.090218,0.091623,0.094194,0.060792,0.109758,0.082339,0.120664,0.049661,0.095793,0.131393,0.085136,0.063516
sub-406780_ses-1,sub-406780,NDUFS4,27.0,11.75,1000.0,0.02950568869,0.04959870291,0.0,0.0,0.0,1.0,1.0,0.0,0.0,0.0,1.0,0.0,0.0,0.0,0.0,0.0,1.0,0.0,0.0,0.0,0.0,0.061909,0.053685,0.038986,0.056668,0.038203,0.03479,0.045928,0.035185,0.052832,0.032308,0.050638,0.056228,0.046771,0.035523,0.052096,0.041414,0.075888,0.037709
sub-406786_ses-1,sub-406786,NDUFS4,27.0,11.75,1000.0,0.02950568869,0.04959870291,0.0,0.0,0.0,1.0,1.0,0.0,0.0,0.0,1.0,0.0,0.0,0.0,0.0,0.0,1.0,0.0,0.0,0.0,0.0,0.057429,0.050429,0.050083,0.039847,0.050792,0.041693,0.03719,0.041381,0.063857,0.03828,0.085742,0.117664,0.058095,0.038722,0.053404,0.039697,0.066027,0.021026
sub-406789_ses-1,sub-406789,NDUFS4,27.0,11.75,1000.0,0.02950568869,0.04959870291,0.0,0.0,0.0,1.0,1.0,0.0,0.0,0.0,1.0,0.0,0.0,0.0,0.0,0.0,1.0,0.0,0.0,0.0,0.0,0.165263,0.130121,0.090241,0.089153,0.133739,0.092362,0.203877,0.097336,0.101364,0.067713,0.120846,0.182106,0.071745,0.054672,0.152135,0.091911,0.144095,0.073576
sub-406794_ses-1,sub-406794,NDUFS4,39.0,11.75,1000.0,0.02950568869,0.04959870291,0.0,0.0,0.0,1.0,1.0,0.0,0.0,0.0,1.0,0.0,0.0,0.0,0.0,0.0,1.0,0.0,0.0,0.0,0.0,0.086418,0.083397,0.059315,0.052952,0.06256,0.062391,0.064745,0.057535,0.11378,0.068008,0.108549,0.070123,0.092269,0.063489,0.098071,0.078783,0.137265,0.067242
sub-406809_ses-1,sub-406809,NDUFS4,39.0,11.75,1000.0,0.02950568869,0.04959870291,0.0,0.0,0.0,1.0,1.0,0.0,0.0,0.0,1.0,0.0,0.0,0.0,0.0,0.0,1.0,0.0,0.0,0.0,0.0,0.072246,0.072495,0.056878,0.048604,0.048474,0.041795,0.045219,0.046849,0.077363,0.043029,0.142812,0.067244,0.065532,0.037321,0.072301,0.058111,0.162524,0.030233
sub-407025_ses-1,sub-407025,NDUFS4,21.0,11.75,1000.0,0.02950568869,0.04959870291,0.0,0.0,0.0,1.0,1.0,0.0,0.0,0.0,1.0,0.0,0.0,0.0,0.0,0.0,1.0,0.0,0.0,0.0,0.0,0.072736,0.06756,0.056625,0.069191,0.06169,0.055506,0.063385,0.041363,0.100262,0.044911,0.074476,0.065315,0.073972,0.05193,0.085844,0.057054,0.100272,0.054705
sub-407037_ses-1,sub-407037,NDUFS4,27.0,11.75,1000.0,0.02950568869,0.04959870291,0.0,0.0,0.0,1.0,1.0,0.0,0.0,0.0,1.0,0.0,0.0,0.0,0.0,0.0,1.0,0.0,0.0,0.0,0.0,0.080504,0.066578,0.070208,0.05438,0.062053,0.047073,0.049267,0.053063,0.073051,0.041879,0.124505,0.066617,0.057618,0.045132,0.06856,0.05737,0.121534,0.033626
sub-407260_ses-1,sub-407260,NDUFS4,39.0,11.75,1000.0,0.02950568869,0.04959870291,0.0,0.0,0.0,1.0,1.0,0.0,0.0,0.0,1.0,0.0,0.0,0.0,0.0,0.0,1.0,0.0,0.0,0.0,0.0,0.044514,0.040006,0.038427,0.036853,0.046675,0.034347,0.04932,0.036825,0.056637,0.046476,0.096764,0.059075,0.04093,0.04597,0.057761,0.046494,0.095974,0.029982
sub-407263_ses-1,sub-407263,NDUFS4,39.0,11.75,1000.0,0.02950568869,0.04959870291,0.0,0.0,0.0,1.0,1.0,0.0,0.0,0.0,1.0,0.0,0.0,0.0,0.0,0.0,1.0,0.0,0.0,0.0,0.0,0.059601,0.059177,0.074293,0.044764,0.051079,0.053718,0.042137,0.048972,0.054973,0.040578,0.060963,0.056135,0.058764,0.039808,0.067213,0.054547,0.117638,0.028775
sub-407340_ses-1,sub-407340,NDUFS4,39.0,11.75,1000.0,0.02950568869,0.04959870291,0.0,0.0,0.0,1.0,1.0,0.0,0.0,0.0,1.0,0.0,0.0,0.0,0.0,0.0,1.0,0.0,0.0,0.0,0.0,0.071199,0.067905,0.055531,0.058315,0.051285,0.064138,0.073606,0.056292,0.092299,0.045757,0.084781,0.062612,0.073268,0.043688,0.062489,0.078871,0.050076,0.044768
sub-407395_ses-1,sub-407395,NDUFS4,39.0,11.75,1000.0,0.02950568869,0.04959870291,0.0,0.0,0.0,1.0,1.0,0.0,0.0,0.0,1.0,0.0,0.0,0.0,0.0,0.0,1.0,0.0,0.0,0.0,0.0,0.043801,0.038158,0.034144,0.03517,0.046304,0.037474,0.039766,0.033508,0.056971,0.028042,0.083619,0.043765,0.040506,0.027744,0.040986,0.034796,0.056237,0.027126
sub-410610_ses-1,sub-410610,NDUFS4,39.0,11.75,1000.0,0.02950568869,0.04959870291,0.0,0.0,0.0,1.0,1.0,0.0,0.0,0.0,1.0,0.0,0.0,0.0,0.0,0.0,1.0,0.0,0.0,0.0,0.0,0.060094,0.095828,0.060728,0.056153,0.063717,0.043793,0.061272,0.043199,0.079462,0.050114,0.123853,0.076034,0.05766,0.036847,0.084885,0.051861,0.084422,0.048942
sub-410612_ses-1,sub-410612,NDUFS4,39.0,11.75,1000.0,0.02950568869,0.04959870291,0.0,0.0,0.0,1.0,1.0,0.0,0.0,0.0,1.0,0.0,0.0,0.0,0.0,0.0,1.0,0.0,0.0,0.0,0.0,0.069934,0.102433,0.075179,0.05751,0.146316,0.072277,0.109378,0.045212,0.071334,0.071025,0.11066,0.097141,0.06463,0.051296,0.106713,0.059349,0.127664,0.076468
sub-410876_ses-1,sub-410876,NDUFS4,39.0,11.75,1000.0,0.02950568869,0.04959870291,0.0,0.0,0.0,1.0,1.0,0.0,0.0,0.0,1.0,0.0,0.0,0.0,0.0,0.0,1.0,0.0,0.0,0.0,0.0,0.050403,0.040737,0.03984,0.040237,0.036755,0.032875,0.04898,0.061382,0.056223,0.034853,0.092768,0.059198,0.03547,0.034394,0.064021,0.05887,0.054602,0.035191
sub-411101_ses-1,sub-411101,NDUFS4,39.0,11.75,1000.0,0.02950568869,0.04959870291,0.0,0.0,0.0,1.0,1.0,0.0,0.0,0.0,1.0,0.0,0.0,0.0,0.0,0.0,1.0,0.0,0.0,0.0,0.0,0.046873,0.048227,0.037654,0.031832,0.029439,0.034892,0.038495,0.035077,0.061946,0.029881,0.072459,0.05121,0.038744,0.033279,0.071324,0.059444,0.101055,0.031741
sub-02_task-rest,sub-02,Propofol,12.0,9.4,2000.0,0.01575884442,0.03012737777,1.0,0.0,0.0,0.0,0.0,0.0,0.0,0.0,1.0,0.0,0.0,0.0,0.0,0.0,0.0,0.0,0.0,1.0,0.0,0.235296,0.191507,0.168634,0.183548,0.159932,0.165966,0.216338,0.224744,0.190177,0.169101,0.257484,0.315424,0.155593,0.099358,0.208051,0.140669,0.209915,0.117607
sub-07_task-rest,sub-07,Propofol,12.0,9.4,2000.0,0.01469539836,0.02666691239,1.0,0.0,0.0,0.0,0.0,0.0,0.0,0.0,1.0,0.0,0.0,0.0,0.0,0.0,0.0,0.0,0.0,1.0,0.0,0.160263,0.181053,0.195754,0.160642,0.160583,0.212631,0.408145,0.23878,0.204812,0.149063,0.309318,0.333788,0.162195,0.12035,0.166618,0.150605,0.185216,0.142821
sub-08_task-rest,sub-08,Propofol,12.0,9.4,2000.0,0.02042759419,0.03625944326,1.0,0.0,0.0,0.0,0.0,0.0,0.0,0.0,1.0,0.0,0.0,0.0,0.0,0.0,0.0,0.0,0.0,1.0,0.0,0.176152,0.199688,0.194614,0.153911,0.144837,0.16998,0.234278,0.205774,0.193523,0.139005,0.215876,0.25558,0.191189,0.123681,0.180314,0.130481,0.238978,0.123734
sub-10_task-rest,sub-10,Propofol,12.0,9.4,2000.0,0.01472907944,0.02559961732,1.0,0.0,0.0,0.0,0.0,0.0,0.0,0.0,1.0,0.0,0.0,0.0,0.0,0.0,0.0,0.0,0.0,1.0,0.0,0.197521,0.225343,0.209548,0.219376,0.191486,0.218625,0.238926,0.231826,0.219883,0.170443,0.27673,0.296148,0.205293,0.143156,0.204566,0.211434,0.231124,0.149175
sub-06_task-rest,sub-06,Alvino,12.0,7.0,1000.0,0.01042837781,0.02194789415,0.0,0.0,0.0,0.0,0.0,1.0,0.0,0.0,1.0,0.0,0.0,0.0,0.0,1.0,0.0,0.0,0.0,0.0,1.0,0.071803,0.079395,0.075269,0.074322,0.063903,0.077764,0.072339,0.096592,0.081297,0.053031,0.091193,0.095153,0.069933,0.051844,0.070738,0.059074,0.076166,0.057306
sub-07_task-rest,sub-07,Alvino,12.0,7.0,1000.0,0.01075919526,0.02273853084,0.0,0.0,0.0,0.0,0.0,1.0,0.0,0.0,1.0,0.0,0.0,0.0,0.0,1.0,0.0,0.0,0.0,0.0,1.0,0.066915,0.076084,0.074986,0.060355,0.063144,0.072038,0.060395,0.073444,0.074538,0.046624,0.08341,0.083248,0.060952,0.047699,0.065172,0.048191,0.070223,0.049394
sub-08_task-rest,sub-08,Alvino,12.0,7.0,1000.0,0.01015683363,0.02044985644,0.0,0.0,0.0,0.0,0.0,0.0,0.0,0.0,1.0,0.0,0.0,0.0,0.0,1.0,0.0,0.0,0.0,0.0,1.0,0.102768,0.097826,0.08244,0.075937,0.063862,0.093433,0.051675,0.061425,0.102623,0.057026,0.08376,0.067392,0.064506,0.051819,0.087848,0.053649,0.063991,0.071309
sub-09_task-rest,sub-09,Alvino,12.0,7.0,1000.0,0.009435752021,0.02002973551,0.0,0.0,0.0,0.0,0.0,0.0,0.0,0.0,1.0,0.0,0.0,0.0,0.0,1.0,0.0,0.0,0.0,0.0,1.0,0.06141,0.057724,0.061791,0.051729,0.055171,0.05305,0.045041,0.044132,0.067709,0.037989,0.065414,0.058037,0.055161,0.038336,0.060272,0.044538,0.059548,0.041339
sub-14_task-rest,sub-14,Alvino,12.0,7.0,1000.0,0.01112574182,0.02175328937,0.0,0.0,0.0,0.0,0.0,0.0,0.0,0.0,1.0,0.0,0.0,0.0,0.0,1.0,0.0,0.0,0.0,0.0,1.0,0.052873,0.075264,0.063348,0.060683,0.054006,0.06922,0.050332,0.04979,0.074497,0.04623,0.057693,0.062693,0.053186,0.03977,0.054749,0.044514,0.052789,0.043918
sub-15_task-rest,sub-15,Alvino,12.0,7.0,1000.0,0.01119487044,0.02333786427,0.0,0.0,0.0,0.0,0.0,0.0,0.0,0.0,1.0,0.0,0.0,0.0,0.0,1.0,0.0,0.0,0.0,0.0,1.0,0.055706,0.068031,0.059534,0.057609,0.057906,0.051376,0.060377,0.058465,0.073104,0.042679,0.068376,0.084822,0.05597,0.044136,0.065222,0.04558,0.060972,0.0457
sub-16_task-rest,sub-16,Alvino,12.0,7.0,1000.0,0.008874049048,0.01792473211,0.0,0.0,0.0,0.0,0.0,0.0,0.0,0.0,1.0,0.0,0.0,0.0,0.0,1.0,0.0,0.0,0.0,0.0,1.0,0.05215,0.06401,0.054478,0.05182,0.056833,0.059941,0.044644,0.046979,0.065251,0.044528,0.070824,0.059926,0.054576,0.040375,0.056075,0.04383,0.057867,0.040305
sub-17_task-rest,sub-17,Alvino,12.0,7.0,1000.0,0.03886550218,0.06610672386,0.0,0.0,0.0,0.0,0.0,1.0,0.0,0.0,1.0,0.0,0.0,0.0,0.0,1.0,0.0,0.0,0.0,0.0,1.0,0.236731,0.207038,0.198947,0.240645,0.155576,0.253777,0.367418,0.212775,0.214846,0.165685,0.302432,0.261758,0.134883,0.113639,0.144871,0.154003,0.13756,0.130057
sub-18_task-rest,sub-18,Alvino,12.0,7.0,1000.0,0.00870493779,0.01795428175,0.0,0.0,0.0,0.0,0.0,1.0,0.0,0.0,1.0,0.0,0.0,0.0,0.0,1.0,0.0,0.0,0.0,0.0,1.0,0.061508,0.064625,0.060252,0.053263,0.051858,0.054415,0.050229,0.059469,0.070928,0.039048,0.065722,0.059826,0.058852,0.044675,0.056311,0.052833,0.061823,0.045619
sub-19_task-rest,sub-19,Alvino,12.0,7.0,1000.0,0.01802769196,0.03417952035,0.0,0.0,0.0,0.0,0.0,1.0,0.0,0.0,1.0,0.0,0.0,0.0,0.0,1.0,0.0,0.0,0.0,0.0,1.0,0.139825,0.112626,0.103131,0.127973,0.089965,0.111544,0.192444,0.089795,0.155543,0.071483,0.120458,0.144686,0.080686,0.066105,0.092413,0.088846,0.089244,0.094162
sub-33_task-rest,sub-33,Alvino,12.0,7.0,1000.0,0.01165985911,0.02543689408,0.0,0.0,0.0,0.0,0.0,1.0,0.0,0.0,1.0,0.0,0.0,0.0,0.0,1.0,0.0,0.0,0.0,0.0,1.0,0.077653,0.072156,0.07768,0.063912,0.063626,0.073334,0.04699,0.051539,0.064786,0.045414,0.070779,0.059288,0.058271,0.042582,0.068666,0.057998,0.065923,0.050681
sub-37_task-rest,sub-37,Alvino,12.0,7.0,1000.0,0.03045184712,0.05392973911,0.0,0.0,0.0,0.0,0.0,1.0,0.0,0.0,1.0,0.0,0.0,0.0,0.0,1.0,0.0,0.0,0.0,0.0,1.0,0.172728,0.227667,0.167762,0.15509,0.138978,0.15033,0.219672,0.150788,0.223213,0.103093,0.218692,0.182396,0.120512,0.125536,0.140914,0.125622,0.103228,0.154334
sub-49_task-rest,sub-49,Alvino,12.0,7.0,1000.0,0.01482927452,0.03061146656,0.0,0.0,0.0,0.0,0.0,1.0,0.0,0.0,1.0,0.0,0.0,0.0,0.0,1.0,0.0,0.0,0.0,0.0,1.0,0.064881,0.08163,0.090275,0.071046,0.075765,0.102109,0.064127,0.056347,0.066709,0.051363,0.075521,0.072592,0.059416,0.040582,0.0584,0.050511,0.063276,0.047339
sub-51_task-rest,sub-51,Alvino,12.0,7.0,1000.0,0.01136644799,0.02333443335,0.0,0.0,0.0,0.0,0.0,1.0,0.0,0.0,1.0,0.0,0.0,0.0,0.0,1.0,0.0,0.0,0.0,0.0,1.0,0.055963,0.073612,0.065073,0.065171,0.063676,0.075013,0.042709,0.05089,0.064055,0.043579,0.071734,0.064171,0.05315,0.039732,0.058216,0.045496,0.065265,0.042662
sub-54_task-rest,sub-54,Alvino,12.0,7.0,1000.0,0.01433318918,0.02866474663,0.0,0.0,0.0,0.0,0.0,0.0,0.0,0.0,1.0,0.0,0.0,0.0,0.0,1.0,0.0,0.0,0.0,0.0,1.0,0.060863,0.075784,0.073,0.059349,0.068036,0.077649,0.119551,0.054957,0.064096,0.043626,0.06767,0.065827,0.05276,0.037147,0.057499,0.048011,0.056058,0.039863
sub-59_task-rest,sub-59,Alvino,12.0,7.0,1000.0,0.01569036889,0.03555196104,0.0,0.0,0.0,0.0,0.0,1.0,0.0,0.0,1.0,0.0,0.0,0.0,0.0,1.0,0.0,0.0,0.0,0.0,1.0,0.060538,0.067509,0.052543,0.066839,0.060076,0.065399,0.050254,0.051259,0.082514,0.046226,0.080837,0.064133,0.069061,0.042867,0.058351,0.048235,0.059206,0.040863
sub-71_task-rest,sub-71,Alvino,12.0,7.0,1000.0,0.0138956367,0.02831483707,0.0,0.0,0.0,0.0,0.0,1.0,0.0,0.0,1.0,0.0,0.0,0.0,0.0,1.0,0.0,0.0,0.0,0.0,1.0,0.052439,0.07114,0.068123,0.070477,0.068191,0.069658,0.062596,0.071117,0.065648,0.04599,0.081632,0.114056,0.052716,0.040452,0.056156,0.048435,0.061312,0.045754
sub-73_task-rest,sub-73,Alvino,12.0,7.0,1000.0,0.01229509391,0.02521322895,0.0,0.0,0.0,0.0,0.0,1.0,0.0,0.0,1.0,0.0,0.0,0.0,0.0,1.0,0.0,0.0,0.0,0.0,1.0,0.071163,0.108313,0.0771,0.07154,0.099631,0.094464,0.076297,0.066143,0.117588,0.058514,0.208666,0.096554,0.085341,0.055989,0.071691,0.051742,0.103214,0.062266
sub-81_task-rest,sub-81,Alvino,12.0,7.0,1000.0,0.01222212445,0.0250991257,0.0,0.0,0.0,0.0,0.0,1.0,0.0,0.0,1.0,0.0,0.0,0.0,0.0,1.0,0.0,0.0,0.0,0.0,1.0,0.059796,0.073887,0.070211,0.059032,0.060115,0.067766,0.057002,0.059195,0.068016,0.046388,0.073519,0.071232,0.060759,0.043461,0.061938,0.047081,0.061255,0.049181
sub-82_task-rest,sub-82,Alvino,12.0,7.0,1000.0,0.01289735747,0.02763273058,0.0,0.0,0.0,0.0,0.0,1.0,0.0,0.0,1.0,0.0,0.0,0.0,0.0,1.0,0.0,0.0,0.0,0.0,1.0,0.058841,0.068778,0.069343,0.055188,0.057248,0.063476,0.055913,0.052628,0.067159,0.043632,0.079291,0.079276,0.049497,0.038724,0.057697,0.047395,0.060348,0.048884
sub-83_task-rest,sub-83,Alvino,12.0,7.0,1000.0,0.01030692416,0.02146759915,0.0,0.0,0.0,0.0,0.0,0.0,0.0,0.0,1.0,0.0,0.0,0.0,0.0,1.0,0.0,0.0,0.0,0.0,1.0,0.065035,0.068632,0.07305,0.062191,0.058392,0.06159,0.050194,0.059134,0.086605,0.059775,0.072717,0.074148,0.061479,0.043953,0.068703,0.048965,0.065439,0.050004
sub-84_task-rest,sub-84,Alvino,12.0,7.0,1000.0,0.01086747227,0.0228175791,0.0,0.0,0.0,0.0,0.0,0.0,0.0,0.0,1.0,0.0,0.0,0.0,0.0,1.0,0.0,0.0,0.0,0.0,1.0,0.07388,0.069366,0.065034,0.062983,0.052957,0.06794,0.054847,0.054703,0.084149,0.052197,0.094529,0.075759,0.064301,0.037138,0.064847,0.043856,0.063935,0.055617
