observations,subject_ids,comp1,comp10,comp11,comp12,comp13,comp14,comp15,comp16,comp17,comp18,comp2,comp3,comp4,comp5,comp6,comp7,comp8,comp9
0,0,-0.3989455219015526,-1.8984976466168118,-1.839245635105732,-2.4082109283397357,-0.8480773828186061,-2.332443312477158,-0.4061450802098009,-2.407110227538255,-0.1005009002785473,-2.490267807608633,-0.8656278799439732,-1.322868350075089,-0.897061273260439,-1.8265165812568953,-2.1463887801898895,-0.9560891462246335,-2.6688005948515063,-2.277295247789916
2,2,-0.4033611401549133,-0.1797447962398211,-0.7019429110444915,-1.240853793596169,-0.7302208178461813,-2.4848908342683496,0.02819427034396202,-1.8278478817055204,0.07178103484665,-2.402937293916538,-0.6235294082610953,-1.2233610727653557,-0.6526126587654056,-1.4318255811583818,-1.201714463816737,-0.7933682798061231,-2.630780134639253,-1.83537049862821
3,3,-0.5422340658283298,-1.5690238419876572,-1.032654597196764,-2.6120131386761716,-0.36698908570431055,-1.9371237819827578,-1.4084465840477236,-2.356346333867445,-0.15479816480756226,-2.0320098639523945,0.20925895390258395,-0.6615639715980375,-1.0425449155169857,-0.9175300426857327,-0.8555567094653285,-0.5777348055714382,-3.092705318450248,-1.7530827290104485
4,4,-0.5077463360049832,-2.494277573589365,-1.8007327869957632,-1.5465356147332543,-0.6973721396184277,-0.33456877373577965,-4.048577926678451,-0.3550766100544827,-1.6768615695241325,-0.8740418963228298,-0.3716824648476262,-3.925409786067818,-0.9216014111590123,-0.6113762022896454,-1.8810705346914036,-4.176129384272001,-2.5461566602601162,-0.7054097028560031
5,5,-0.13389897463334113,-0.22074493070067525,-0.8203803253465276,-0.8166828792026871,-0.5268839967785766,-0.6023314612692972,-0.4877438673194131,-0.24039115919186846,-1.498953246025506,-0.6886980812653613,-1.2413910904911383,-1.0256819079285333,-0.6284669824794893,-0.623141974355335,-0.8410382386166915,-1.7518339508190555,-2.5287534301560863,-0.6120420186037278
6,6,0.09937889885965934,-0.5050232664248638,-0.9923837148354789,-0.720180044315633,-0.7463648260777203,-0.582754097902848,0.19480489538522894,-0.24339486231913837,-0.35209935441451745,-6.174572822540217,-0.14173382176030347,-1.3002508347646908,-0.59135365905293,-0.5979778367647158,-1.1935092995601169,-1.1893156591060354,-1.1832838065770692,-0.6069296850457823
7,7,-3.476911259144321,-1.899524711756634,-3.266442545068187,-7.058046781054246,-1.4846216489762611,-1.2809770934707974,-3.124071090807144,-0.4024435487184973,-0.6907008471621505,-0.9892237508530426,-0.4472056435795444,-2.770497968463592,-0.5022371207645114,-0.8721324653638101,-7.158849361046914,-7.139458117484342,-4.457044762649751,-0.7898883837438199
9,9,-0.3821361707861683,-0.35436076388471927,-5.022408497720006,-10.436996702535566,-0.7043143891749566,-0.3041613224485687,-0.5525255329624094,-0.3880845085337361,-0.8164611011304912,-1.2020395986855226,-0.4112358971204253,-1.0400420407686592,-0.46557521467664675,-0.918194178250832,-1.4315735943849177,-4.134740861960687,-2.493210920691992,-1.0293852009232498
10,10,0.22130024425975442,0.15993335979231252,-0.4927704797581367,-0.5248932054606948,-1.0668163536258035,-0.5937227842235547,0.2100787149672521,-0.5145450513926482,-0.011616353454217462,-0.470772258676563,-0.23422657823181575,-1.4099527117854347,-0.4545213994015883,-0.23857020206616408,-1.027417207555917,-1.6685915209814244,-1.5657017371464972,-1.3210917785733571
11,11,-0.09091569086257734,0.18659071798453494,-0.9509621710468434,-0.3215888917590295,-1.0395334938725649,-1.3398966681858422,-0.049837986035004,-0.28621933526998034,0.021295459139501864,-1.355264984271431,-0.2864832124956679,-1.775735637812177,-0.35333508890835214,-0.15920187355770032,-1.386879775481131,-2.116441667443469,-1.6151156271518263,-1.3170521882207036
12,12,-0.1480657099192546,0.3075887704603366,-0.6907024712539673,-0.3249220791801976,-1.2243421956858909,-1.092710061398242,0.18242356615112726,-0.4300416734830244,-0.022850057369597408,-1.0910580094598097,-0.12116118009202365,-1.685567787925779,-0.18328649352400006,0.1144794293340219,-1.2180041584157832,-1.89619327375189,-1.6610181433209745,-1.739094152687635
15,15,0.43069576851486774,0.15629040370111444,-0.47404264982438904,-0.37300055134379423,-1.0484905854407298,-0.7006393560556157,0.4186028247079262,-0.13784962291223013,-0.2361659155907449,-0.9370492808578695,-0.4887231609935563,-1.5022656925073399,-0.3065450847091143,0.05643467851604238,-0.8184733485837977,-1.5090544077498964,-1.2581921355487269,-1.402760985143816
18,18,0.3922665121054303,-0.3460867132921146,-0.42857729122418425,-0.321665285090853,-0.9697460881662664,-1.0426665269559936,0.465398872740053,-0.5680969144335897,-0.048594052593707124,-1.6160927794040192,-0.29003394716039155,-1.6463745554052789,-0.4517833482518708,-0.29462987726357937,-0.8780350973623728,-1.5210866013858144,-1.5273577359750514,-1.7138782156991224
19,19,-0.5873320575835741,0.32760082641657073,-0.3067313092795061,-0.38556889388863863,-0.7419661147064766,-0.440899669657012,0.4088424896232134,-0.30579517426659886,-0.4659749951806474,-1.3527376795047372,-0.09719772499240459,-1.5696700937166987,-0.06648129989477955,0.026518033448706277,-0.76522109418637,-1.3983893974967423,-1.24434836518199,-1.5059206984963116
20,20,0.45094845937856887,0.38615720660031894,-0.4275866075154501,-0.36762476153612156,-0.8606998782414705,-0.7073292603098447,0.4530158935465642,-0.3170493050985419,-0.22032787275145385,-0.7889405169832402,-0.7323095355868555,-1.464693989098166,-0.6447660484145091,-0.278180126181808,-0.9298625884665893,-1.4185945483356641,-1.518440507221126,-1.398848914643251
21,21,-2.0573692930211114,-1.4663681175138275,-3.5148430433074402,-3.1291053607128885,-2.0398450977024667,-1.5186898043130868,-2.0133070259811947,-1.9961405314825462,-2.543996006843985,-1.876069834465397,-1.8816142601807897,-2.0081562757283518,-1.6181141477104748,-1.3937063807485726,-3.203225978751594,-3.769419820793426,-2.84668210356231,-1.3184660253413167
22,22,-2.0232753009373075,-1.401332698312808,-2.8239235020943134,-2.578839465510426,-2.028693828122714,-1.3280135283755743,-2.0067548506470216,-1.6021014747074271,-2.182020458849526,-1.5341934478487933,-1.528409248554102,-1.7596491757043362,-1.424200259490741,-0.9935550991554185,-2.637911907490382,-3.289768603032169,-2.0350332400155247,-1.0737363989313138
23,23,-2.3572524244429376,-1.1089861993821204,-2.814569182301642,-2.4052021476580787,-1.6204340201291503,-1.3290916602521532,-1.9737265506113666,-1.6080524509351293,-2.140415511386463,-1.550568071396488,-1.633313266009412,-1.7607684860353834,-1.119824993657054,-1.0671688181377343,-2.6663276534915386,-3.292519975400278,-2.119632393461086,-1.0419335199685391
24,24,-2.1751507440412974,-1.157342815842512,-2.8216086002172815,-2.397148612355604,-1.8963086181744322,-1.3278129783795056,-2.292323360540842,-1.6023012005811732,-2.221965460004226,-1.5717084029209412,-1.4904172638409274,-1.8488339866672647,-1.341003768495699,-0.9991121561233814,-2.6281589816179296,-3.2451654384312727,-1.991227645559546,-1.0347067460428798
25,25,-2.1803424808814142,-1.698196091656173,-3.5940489963366016,-3.122227348302126,-1.8272454410621406,-1.564756826467328,-2.452422979435489,-2.002389283828222,-2.6596798237954573,-2.0177400333184274,-1.8377573245517909,-1.9796562506006894,-1.6229366098293003,-1.5418821864189847,-3.3115307751992566,-3.979756277076282,-2.699754601789187,-1.337133083812866
27,27,-2.7965754135105483,-1.7165336313078445,-3.3078790869475223,-3.0771699194001805,-1.7807667129587794,-1.4642454284399944,-2.5028888949802295,-1.8463641506745012,-2.6178873768104642,-1.824345841338294,-1.6041812817107297,-1.9106257804491853,-1.5257756148744965,-1.2283977082916169,-3.0946256553765092,-3.767702995472081,-2.517752231708001,-1.2641691166393318
28,28,-2.711867657744326,-1.9900161448092133,-3.3088499310357014,-2.983010856346605,-1.92880015868663,-1.496967348069338,-2.811268939367928,-1.838615042885156,-2.6115115838091825,-1.9638107529045254,-1.8333477708418124,-1.9208168917952593,-1.72382941485235,-1.2270874363850446,-3.0784146822803216,-3.766710291260134,-2.5365786232354415,-1.2197897994898192
29,29,-5.979671807161365,-3.1490880524049683,-3.089525551017035,-2.6940218227532817,-1.365606449700606,-1.6322283737929169,-4.41779302402813,-1.676473020814033,-2.618661026054289,-1.8501569586076672,-2.2581339396773332,-1.8998208043138678,-2.3748602064462414,-1.1111512349630377,-2.983540932252148,-3.928370762260996,-2.209621360499134,-1.092775195053322
30,30,-2.192962277073697,-1.787093332502923,-4.110731209772017,-3.6406053635643705,-2.5504401335590496,-1.6470177707432734,-2.331869448160135,-2.305453877807426,-3.14878581905144,-2.160770290529794,-2.106889555054853,-2.186753555509933,-2.015493638500605,-1.7993752190217613,-3.6567782312060446,-4.217490324830374,-2.9725739289234716,-1.5871050092399186
31,31,-2.2307845292648847,-1.7941538082972646,-4.110825961271418,-3.5917976738771564,-2.754236256494326,-1.7675318558790547,-2.4010401700964423,-2.3156874537018868,-3.1483818664787413,-2.1627089894879035,-2.1464191377138175,-2.185352428498132,-2.0170325679880228,-1.7972571425829278,-3.651698325402905,-4.2177915481236035,-2.804534340705826,-1.58693372360269
32,32,-2.2124755785377475,-1.7881397272134267,-4.108148488516748,-3.6061997361447973,-2.805958027272172,-1.6989440053395415,-2.4059428476484386,-2.29123660345099,-3.212005708324581,-2.1600925470044454,-2.1590557089486753,-2.213825504239545,-2.0260089622050317,-1.8461321183143258,-3.6560367412267096,-4.217999530736146,-2.9309140298279712,-1.581240323610914
33,33,-3.273971831801954,-2.71607604979631,-2.7475697895134163,-2.316165298049807,-1.2655835295181093,-1.330642120038312,-2.969121111174667,-1.5474447994121792,-2.1609572329852726,-1.567758828817821,-1.4798574585910649,-1.7287027859962765,-1.6550935847144166,-1.0354947707257158,-2.6354804723355967,-3.4283387561433782,-1.928004748473587,-0.9853002958753677
36,36,-2.8301464470325097,-2.16723611047944,-4.615526755990302,-3.9881215147311546,-2.508677027967435,-1.8384325748570391,-2.9446329376963516,-2.538920912345733,-3.719395534350766,-2.561508989107579,-2.403966452191246,-2.3386841028378935,-2.3865029545477956,-2.037530168677906,-4.140606914113967,-4.756454303081557,-3.154249831209575,-1.9058243684692044
38,38,-1.9624481800274782,-1.187753554236298,-2.604202477620035,-2.1614422009540064,-1.7849712418802814,-1.2873033100284463,-1.84432649878307,-1.503024184610951,-1.9767334616368923,-1.379802888742143,-1.3614493208501137,-1.8131512333379745,-1.0644028182943337,-0.8862639797792145,-2.440791238189786,-3.1150905784672704,-1.8343303426721351,-1.051206981086052
39,39,-2.130821879625742,-1.7397866858338056,-4.0363706215574915,-3.5178134016635307,-2.50776156877858,-1.7218911537098744,-2.2901289177604327,-2.264413443318031,-3.055505629117687,-2.184528861749995,-2.0357163440583816,-2.155654367995317,-1.9606228045356586,-1.7798392000044811,-3.597603718979706,-4.159329446934079,-2.8146232878505617,-1.5727042079467946
41,41,-2.165313340323467,-1.7399243393204071,-4.035912348729075,-3.507289113541946,-2.576433316684243,-1.7372156782758084,-2.342541121015958,-2.239744988486303,-3.1108232404334175,-2.117625567227919,-2.1081634892060483,-2.18480717930647,-1.9631826632085234,-1.761948612655662,-3.598149017542467,-4.156901656550451,-2.849175899921893,-1.548602578434597
42,42,-1.5465277800070152,-2.131527763614523,-1.5452145408236568,-1.166786510874464,-10.545782773431322,-2.09329010622608,-9.746408519861365,-1.6667875406496027,-3.215537689929837,-0.7834578522726494,-9.936883412123748,-3.8783921508180375,-0.24294304129386665,-0.8761014459027067,-0.6628747096221201,-1.0975228016906386,-2.1809119477743737,-2.336992114247244
43,43,-0.47668261426799313,-2.8991136492379876,-2.540981386162412,-0.9888808508620668,-0.933963542460462,-0.8512702734028449,-0.5828170365286343,-0.665388000334549,-1.256774552676208,-0.8908961922014861,-0.29244778793021114,-0.7478547353045923,-0.09187506242969139,-0.2424606917663668,-1.8609645516977662,-2.488211755343252,-0.7983423496356199,-0.26549438786813684
44,44,-0.4613049829932694,0.28772411844803975,-0.4159903464564976,-0.10200575526937897,-0.23154075589315398,-0.48196525617348274,-0.8089581638397336,0.6602504744692402,-0.23463614446516545,0.4201322942918117,-0.12519518897200882,-0.593471206781274,0.7215900612989986,0.4785765097370529,-0.6909645290120124,-1.4248048314763984,-0.17636955268726906,0.3525581171331147
45,45,-0.34834174663552187,0.06895909057901917,-0.4608067870155982,-0.1093766953519868,-0.23112860890146375,-0.4330195774035277,-0.8152931280676939,0.6183288428828848,-0.29845415468928255,0.356055955492217,0.1973106792359498,-0.5563426184637287,0.39182927745565654,0.5196857742647977,-0.6730326246743934,-1.4097152153161898,-0.12776815966693422,0.36250583520312574
46,46,-0.3957599218208029,0.4435948310862676,-0.5815560954164931,-0.0805869929741149,-0.2651346840529464,-0.4086934486440202,-0.6068253572495987,0.6021157459406155,-0.20458667330934416,0.4252360167586885,0.277659214086396,-0.6682110853413121,0.7760147836956999,0.5158709165680342,-0.7361740844658927,-1.4603089738808088,-0.1225531488335784,0.3606693559136969
47,47,-0.36468484480416685,0.31118431366693944,-0.47951784554297483,-0.06850458722612801,-0.28535430275309265,-0.4971409852262728,-0.6938766202568177,0.6439221221007404,-0.2060915294894898,0.42327122908434345,0.0053013701592175,-0.6041242829164383,0.6915302108354034,0.43040933425450795,-0.6778055117343579,-1.443317682717894,-0.12349908410424244,0.3396245558705186
48,48,-0.3812382128091524,0.3376575847657295,-0.4464604114416078,-0.05909200181254283,-0.21904954451644548,-0.4829259231901586,-0.7347994238839606,0.6243986021446594,-0.2512607644286625,0.39147612934461773,-0.05825845360084897,-0.5340998125044859,0.5581662838630204,0.26275820061809185,-0.6882223052391004,-1.434774314893961,-0.14012064611710787,0.3600041163253632
49,49,-0.3383640782088324,0.2879155591828914,-0.4563852499679973,-0.06803338350721293,-0.3226182874588942,-0.4374315573670665,-0.7597357177949106,0.6566940467751321,-0.26623803134372254,0.4162948676713531,0.2021771814410782,-0.573817612339083,0.60996530714519,0.48211721317941075,-0.6910617592071159,-1.429263497848471,-0.1302093988954949,0.36022463657665876
50,50,-0.41918870207907366,0.4169755479326646,-0.3792078113760466,-0.05964906761531666,-0.2571735412512308,-0.45890604174910943,-0.6732563361215649,0.628202344921425,-0.2502473759913966,0.33005752912278574,0.1750480899304559,-0.5648719026699852,0.6524963763088508,0.5275787937392185,-0.6772002470360503,-1.4287187058928108,-0.12789368919490313,0.3611675901428526
51,51,-0.40543139904474135,-0.048788536285718664,-0.4906067131859968,-0.08311515784247454,-0.3866556573367369,-0.5047693475720647,-0.7628020147370503,0.5610361992143825,-0.22573053365148646,0.42019326427408665,0.1080679900988917,-0.5318780248350947,0.7470402916365778,0.5093068886452007,-0.7216746854131159,-1.458401221114123,-0.17669252526727508,0.29978793368607115
52,52,-0.356452923232789,0.0016349755667764976,-0.49396791151317665,-0.06158007516772418,-0.2218313779330569,-0.44673590811846514,-0.7516299191900864,0.5755462466084954,-0.245861599694899,0.42020845564856985,0.23951277617372257,-0.5956922017253761,0.12677485616703144,0.49133810828836205,-0.7824616931669415,-1.4339171843938494,-0.21021715624901416,0.3502018370833276
54,54,-0.041627095786736346,0.4532524865282757,-0.4433976198401271,-0.05916871500298529,-0.2431034290000035,-0.44869671017520435,-0.7764445555447161,0.5269833246702612,-0.2634361363344551,-0.08322120189326654,0.29282487913597793,-0.6883020613856015,0.736249697905073,0.23208204859658632,-0.876878201513063,-1.4895726044917093,-0.12239642251231843,0.20116973423611084
55,55,-0.44336719203247443,0.3768208577445634,-0.4060417964006962,-0.06482338708221602,-0.38020914663943267,-0.4820203817201726,-0.8530590755600544,0.592366096252244,-0.31436710259581735,0.40424015694631277,0.14017886959872256,-0.5874527839400312,0.45512325166395134,0.5108989217973682,-0.6850131715839025,-1.4240396420788906,-0.1221373306898152,0.31199872014742164
56,56,-0.42087172241513904,0.36606851404308427,-0.44855106321808047,-0.06914995668670204,-0.2864576114635171,-0.47131879064665977,-0.6199686111112868,0.624528311923952,-0.24998001398777683,0.3831689712403903,0.2559464220706496,-0.5844416798783529,0.6277319806760111,0.5123413195727426,-0.6979357295147102,-1.4405141333533933,-0.12209526630194106,0.35851118952625255
57,57,-0.5192390919957751,0.27852167698712305,-0.47879498456852065,-0.06100817173514812,-0.24792575349400958,-0.49120891861181704,-0.7312118628455762,0.550621264523005,-0.2139671002529257,0.3432624901519893,0.275116789828889,-0.627054174761763,0.6461014155701852,0.414355428856391,-0.6382060972824556,-1.4407738333037083,-0.1472673311635118,0.3530036028513632
58,58,-0.4966647090393824,0.43984319233863506,-0.45097109074297925,-0.09060336102545583,-0.22351759265134746,-0.49346446918730474,-0.6456565756225889,0.6643919782521245,-0.23878456806021525,0.3939067810884986,0.1676602272430538,-0.5943791780707709,0.5099620933980035,0.35538534741865063,-0.7506067363431499,-1.4361422592994237,-0.12936273441613805,0.3261077228267084
59,59,-0.3854798378972917,0.38236790851993996,-0.5126079891572435,-0.06946244193734503,-0.2467986375336627,-0.47550935715562015,-0.7924905845148794,0.5992004407850906,-0.23007347149782284,0.3983242239589756,0.23944585867719995,-0.5818427838259409,0.5443449442079284,0.4914486463160661,-0.7214742468629904,-1.4302133185191177,-0.12351530617657093,0.3608842386275838
60,60,-0.2886972347774554,0.43162978499186544,-0.49178434723352193,-0.05928502061763513,-0.40936399807709944,-0.48695017613852964,-0.9298877709414892,0.6022007872953699,-0.2005774207152506,-0.03685697335870258,0.290804416291289,-0.5938955109695734,0.8109991994299257,0.3388605326414512,-0.855881101166579,-1.4979929642345446,-0.13112000485881803,0.3390950349631042
61,61,-0.4844623021654759,0.11128073848287906,-0.4035909824098794,-0.06188064382934266,-0.2995575627901936,-0.4459596436149686,-0.7800229090816247,0.6321427873246513,-0.31362805587192655,0.4258437360337736,-0.10975810062072061,-0.5865220548619033,0.5350297316379153,0.4713090828434328,-0.6588677732180367,-1.4291915657846395,-0.1233495648864087,0.35616950423370636
62,62,-0.4862577774596244,0.20230594012559988,-0.4241966090290754,-0.0679116984360514,-0.4275384872355982,-0.46298473781301863,-0.6418094773849364,0.623592992929513,-0.29325056384817944,0.3943533491040062,0.08974925222650618,-0.5875025074360598,0.3469822634399588,0.527968375697009,-0.6630034883853382,-1.4454683471921967,-0.17014616654480633,0.3576872275726795
63,63,-0.39248930955692307,0.4289465316624481,-0.431418045464118,-0.06793680714143081,-0.3027452885763787,-0.4574802883533733,-0.7201949938029462,0.6427868797214482,-0.22835241449048163,0.42337679777301174,0.09483622744725542,-0.5311755484866644,0.21203326298444036,0.4379909962800969,-0.6545975998660285,-1.4291805001388531,-0.12603072660635717,0.36130667328875915
65,65,-0.38106128062465394,0.32895794338505524,-0.5415350861236594,-0.09737922766606555,-0.2391398999891073,-0.4446156708953457,-0.70001087911229,0.6362893798797956,-0.2251781332208496,0.42439533659853845,0.10021497448694733,-0.6376884253936961,0.7802211850488946,0.5291573264393081,-0.7895511139122376,-1.4526039117352982,-0.12583182156237105,0.36075337725884127
66,66,-0.5101863043597927,0.31108525170235657,-0.42425072237576833,-0.07461990647679595,-0.3283926788523867,-0.5936808876056366,-0.9111472113347332,0.6261738102624546,-0.3061493543300104,0.37912542717740566,-0.11645439502619132,-0.5707027411755748,0.5850831579932034,0.39224005880828783,-0.66992432981871,-1.4183389293805773,-0.12820057918905356,0.3534014486772675
67,67,-0.46483795246967685,0.2916173248081871,-0.429854705132379,-0.062070827969218915,-0.339644759961476,-0.45649394532578264,-0.7615854782025149,0.653588745068434,-0.21894504965435208,0.29884392191886233,-0.022787078934307925,-0.5739389291585844,0.5678770405103104,0.5171021029719435,-0.7134004597865488,-1.4541873979453017,-0.12339982076977805,0.3625068507797095
68,68,-0.365510833865923,-0.3878211647926004,-1.4555360170103255,-1.631054060067475,-0.8703722349152083,-0.6460952042744279,-0.4288192999139369,-0.700223329407122,-0.5406034768532472,-0.6213522207405977,-0.878616607200331,-0.42831837319132904,0.1586657088016014,-0.04326271853457239,-0.9984519315787457,-3.131883764938917,-1.716840446622458,-0.15718031297672178
69,69,-0.3830992568245897,-0.3294654499982995,-2.1812497056949525,-2.1635708748097606,-0.270708577493955,-0.6617454926146323,-0.3546211553704975,-1.1233197744008652,-1.3980231579146694,-1.1463276034260765,0.18071625160427482,-0.3223781968883599,0.129661216442979,-0.4200931137690386,-2.040881957202289,-4.114445234504188,-1.9985529095753267,-0.5593135534340711
70,70,-2.7022443872584354,-4.369770873909734,-1.0392058424077677,-1.3458241442442551,-0.614324085592927,-0.9677855320711541,-3.9472079882345894,-0.39825099377779144,-1.54078774540208,-1.2677381357459239,-1.2164337241928458,-0.86868422497671,-0.8510198632877276,-6.106115242596771,-0.8581761617129551,-2.099083090025869,-1.3033872410344445,-0.45387160464210896
71,71,-0.3059034142668987,0.19494990227002656,-0.5214076988005582,-0.22558563661417214,0.5876007119652926,-0.7143236980107519,0.2890447034391247,-0.22941965308680579,0.10155373804971943,-0.38373175556813116,-0.7652623641751387,-1.2740033791171248,-0.6329769839288761,-0.3171445720041236,-0.6183384732502314,-1.121675915483705,-0.9739642388685938,-1.054167337561133
72,72,-0.33983046099023484,-0.1866250668558188,-0.5403362408516553,-0.3996429511605908,0.5267133923481395,-0.48434702579778727,0.2827268010140067,-0.19543264145267758,0.1956814731203529,-0.41914499439918573,-0.4060379961438982,-0.7861245366607554,-0.5109426430456813,-0.2925490836893694,-0.6597226248121442,-1.1230400172393002,-0.9638480458429823,-1.1835265478678614
73,73,-0.40413867272555914,0.431140247067776,-0.5348195426340425,-0.4342586725762833,0.5849926646733723,-0.58500570234571,0.05952210595539445,-0.5439340679205581,0.11493273312721111,-0.38388262531343875,-0.40501968725021764,-1.2970902735853678,-0.2522156891425188,-0.13768824834918023,-0.7096782242507538,-1.1227033647082354,-0.5887599716093526,-1.2335099092213313
74,74,-0.3461429439592454,0.450726254465439,-0.519258101243578,-0.34472925646149655,0.42318554354192367,-0.671858106652367,0.14627273405391522,-0.31411044675394706,-0.12499584010250042,-0.3518862893222292,-0.5011816019714633,-0.7311938790018988,-0.16421731278405483,-0.42335216013464516,-0.6173736742634308,-1.1178472276026363,-0.9645420948787968,-1.0400863911437306
75,75,-0.47995472391947724,0.35482005175899484,-0.5186196327307732,-0.4079328265474318,0.403225366399677,-0.5839724437278229,0.20060870798803423,-0.44320160692824073,0.1059315664508799,-0.3158673012898955,-0.6012587900736976,-0.8659301227601245,-0.2563775927477938,-0.090329038974857,-0.6286051690945456,-1.1246860904310674,-0.7229446462435289,-0.963410619374478
76,76,-0.3831163235680104,0.12708322455388416,-0.5193162873761952,-0.2420668101102495,0.545547621637837,-0.6227410546826979,0.058314920475212695,-0.099882286783599,0.20342988605681736,-0.1932466207540177,-0.2520120377231248,-0.9535847542036824,-0.14645296910334715,0.04521530769926271,-0.6954686495565211,-1.1245983670623616,-0.7474794690000088,-1.0635379994283944
77,77,-0.30111012500066997,0.5631134802587707,-0.5218547421516253,-0.2551292399118365,0.5918523212047939,-0.5195491128391302,0.2637642243747162,-0.20854808729583701,0.20472739247742036,-0.35094064517982787,-0.6903123386408082,-0.9329656103260888,-0.4955927394065571,-0.22064912753375726,-0.6848902468716703,-1.1249473104838423,-0.6843985589879483,-1.4549967335606229
78,78,-0.4450277939429491,0.34887156401474406,-0.5363553902720467,-0.2049797251570165,0.5872848368757355,-0.7799392110391016,0.21693273670404606,-0.222876677329869,0.23011328380128432,-0.5810401442136827,-0.5756398159443488,-0.7322122065723837,-0.40857674969458735,-0.43816169463673005,-0.6482356852984137,-1.1138520246931654,-0.8645620473269849,-1.2729279126696722
79,79,-0.21901446104074385,-0.09098837476002442,-0.5185624178667436,-0.24587049206567935,0.41819495392384454,-0.729630238061719,0.12491588753671914,-0.36922273933616345,0.3004156439024559,-0.47165303220197197,-0.40259280418805765,-1.3017714594697392,-0.5855926138550135,-0.22768415432105954,-0.6169411151499329,-1.1157995392782512,-0.7443775482520928,-1.1153869107740406
80,80,-0.5817841716426221,-0.3855336516451555,-0.5208374394113463,-0.3147375923013734,0.4324786880587813,-0.815796479925851,0.16638796737517347,-0.32667788982456025,0.10085291485354564,-0.3115263200749294,-0.31308922458467464,-0.6687559233366285,-0.5171914662265236,-0.03918493482716087,-0.6376728865063375,-1.124753630983934,-0.7542456771740756,-1.0402583123123614
81,81,-0.37600917392946176,0.27276282735271346,-0.5453261685972132,-0.3006731743298261,0.23146483815040003,-0.7302699296471207,0.1496836321210181,-0.10918645600795951,-0.08146572521297529,-0.18713680412840844,-0.4074382442803445,-0.7835322232476446,-0.3295758975183929,-0.018487565249028115,-0.6164824640399891,-1.1169714429157993,-1.220753629509752,-1.3467385872657287
82,82,-0.15190321667920148,0.27681740298951824,-0.5186875257954126,-0.3436093411076483,0.5938335286729488,-0.49223936940515606,0.3071496994508765,0.11479578481032218,0.12005634368499088,-0.30310675690530986,-0.056071453225192955,-0.9289414904750475,-0.49034071767843934,-0.2051308081052619,-0.6064804276102655,-1.1209233956363571,-0.5274304312253794,-1.3294578838832813
83,83,-0.2658964337226805,0.06505801506107067,-0.5339004920296432,-0.24238166921151635,0.5437843025533786,-0.80654612505713,0.20332995388259936,-0.12719112323542298,0.1909456743738954,-0.517456725369674,-0.3514173876092426,-0.765402654512768,-0.6845741316203469,-0.16915468056883165,-0.6117386299497986,-1.1133976489391284,-0.8508327622019017,-1.202340281128539
84,84,-0.2721868091801095,0.20957213004341307,-0.5191401740446372,-0.2839703896130227,0.5721864429456344,-0.6737370044683145,0.30676154121079385,0.0036301976795859447,0.30682360030087946,-0.3234027118834265,-0.28122099976157194,-1.2718933688774934,-0.4478642415360363,-0.12560656981240279,-0.611064551493654,-1.116104555951632,-0.835760255439544,-1.4659113978887057
85,85,-0.23477792206231723,0.16357296340829497,-0.5344318627545597,-0.21133137460555984,0.5129854228690762,-0.6759377677816305,0.2850356524566624,0.09546337726677523,0.14935675753315827,-0.5486476782532246,-0.265003934875886,-0.7359325745164661,-0.26619324476064077,-0.6564627507948431,-0.6077257257974895,-1.1292728023805159,-0.8781065391676862,-1.0902253639323845
86,86,-0.47595020044120573,0.23547777053217805,-0.5190277197350556,-0.23327329474085606,0.568925394947827,-0.6403136667796037,0.276969647277825,-0.2136363973718266,0.21240825808295166,-0.4271891428169263,-0.49738919795648995,-0.8074605518347365,0.1480845243175896,-0.7778795598623567,-0.6465914837574583,-1.130049578597329,-1.2450666045975634,-1.3451661286894852
87,87,-0.38299886511585324,0.5767112544023767,-0.5296382863683857,-0.26697322118403344,0.594003216131402,-1.004463501212526,0.2248939397234589,-0.4473804722751261,0.2279682979269636,-0.3884657039460196,-0.7442502664297621,-0.921972241557731,-0.07868620657789477,-0.025080359738303665,-0.6888019185441836,-1.118787648981641,-0.9271095687602642,-1.477460926469123
88,88,-0.3289494958507266,0.5763234447907708,-0.5192428999902968,-0.3474862224019426,0.5532195939842988,-0.8615135930876445,0.26541171480778214,-0.01881663248277421,0.12167492384149409,-0.5237334371394494,-0.23053899085622737,-0.9061478446165179,-0.3043398036256505,-0.019598928952152844,-0.6397281206978609,-1.1239909009783553,-1.0468348456615015,-1.1486691383279037
89,89,-0.49308375375130054,0.22323422752882366,-0.5711531158266061,-0.28833262273501803,0.46965618998788594,-0.8589026898176331,0.15501923921052255,-0.3663479686881912,0.17430332395594786,-0.48945061995838335,-0.7058708085727821,-1.0868527147948026,-0.25487599394607585,-0.3758428567125946,-0.6715508541276003,-1.1168918787021755,-1.3072908121463656,-1.298719118072582
90,90,-0.3861628384043241,0.5735191216683663,-0.5232203361405717,-0.26104165904633414,0.2507049861779087,-0.6492763908373367,0.2686957491619269,-0.21439575608660055,0.0474051062845976,-0.3206623632461453,-0.5316536894697492,-1.098558740804987,-0.49551795287735056,-0.42595081111098776,-0.713161210475463,-1.1260620343863756,-0.9228837728856768,-1.447765996963899
92,92,-0.44158934205518774,0.5081769352635526,-0.5257203463666756,-0.24706562852903508,0.5940584964105301,-0.8482643510730341,0.07801546937643919,-0.4623078807546327,0.2972445137936875,-0.43804978491461155,-0.41561086460104396,-1.0064134050083133,-0.12767576866990343,-0.24239920873415183,-0.7453562603438898,-1.1151382390196174,-0.9827412052521692,-1.2866726799894161
93,93,-0.46973288629794585,0.3624013056772842,-0.5224160059869877,-0.3095427643629107,0.5415019624578558,-0.7194207621620763,0.26667785997326965,-0.5292395732815688,0.002649054475859114,-0.2898107971838636,-0.8095788563138703,-0.9484406354715551,-0.3795098979021829,-0.24155671412348378,-0.8312057579874291,-1.117763661651027,-0.8925919983425545,-1.0827617738935813
94,94,-0.43145424860396153,0.3754660522259873,-0.5232194324120369,-0.21186939608636457,0.580011631523095,-0.9066301446054773,0.23860606925888211,-0.24735000070428192,0.17966004824482062,-0.2710318891625295,-0.4380170722685965,-1.2414499411025723,-0.38392024641038347,-0.5835686248081344,-0.7290265168209209,-1.1228931412257828,-1.1466747703130902,-1.1058026557322616
96,96,-2.249238030110596,-0.5547056680005039,-3.8885336595330346,-3.0310873795795903,-0.002498464594184683,-1.615282087846344,-2.4731826780084303,-0.7972574562608019,-3.825910853639578,-1.6773341829341415,-1.222280414108102,-2.7498661882857696,-0.5953737713870307,-0.9505878561121377,-3.71497003918473,-4.83481414599285,-1.5647936652189065,-0.8357447566284427
97,97,-1.2454836098368998,-0.21295387429329105,-4.049706517280928,-3.2412933441649674,0.012684810609083528,-1.567817652575356,-1.5817859748457868,-1.4114952166702732,-3.548026410802121,-1.9209130412452728,-0.5897670632906192,-2.1696520876180836,-0.522311539246745,-1.6237801148399393,-4.498058518982521,-4.900241993568541,-2.1580594991825293,-1.1043172314460747
99,99,-2.897666288712463,-0.47873266768941125,-4.039590208599689,-3.105628040876364,0.013964613114305531,-1.6394987987774567,-2.601163934045249,-1.0598558025288234,-3.4536277633017227,-1.7711569581418194,-0.8742079790849029,-2.2655075526792436,-0.5991579823820807,-0.5145087343804328,-4.323494253667581,-4.78155119408273,-1.5552064021213408,-0.92137867497329
100,100,-1.746972804775217,-0.572635330192134,-4.031693824209503,-3.124934792088868,0.009037197660965796,-1.4139180474898017,-2.041140860771357,-1.2599728989271033,-3.337116921297821,-1.6351360213565962,-0.71924776985018,-2.5103522595720267,-0.4929653585501203,-0.673338451774854,-4.5728454030874435,-4.866530371003272,-1.6766834621788673,-0.9957342417822614
101,101,-1.8186908346110382,-0.37394570641615965,-3.9321767616758074,-3.4788596172730237,-0.028597148044300226,-1.518871776011354,-1.789294536120748,-1.2576959851621186,-3.0274760961704534,-1.690384925767205,-0.7542745726313426,-2.025711508633444,-0.6184112561965156,-0.7192328589465804,-4.054417004935452,-4.777801875672457,-1.7978292230695234,-1.0042003813214142
102,102,-1.7058979506053022,-0.2180491125162624,-3.8446340416589493,-3.22874974428721,-0.26977789461489887,-1.5814974598331004,-1.9445536189839685,-1.0514291966450882,-3.380015771017846,-1.8695247346860144,-0.6412801297698312,-1.995414425218035,-0.6033907596546115,-1.3484349386853083,-4.429492954077743,-5.056426759456538,-1.7454503753313042,-1.0287927078694679
104,104,-1.9846929741929653,-0.7720023044116413,-3.9433672218345217,-3.6961306834640473,-0.10559264580976625,-1.5715721020025346,-2.1043006357168768,-1.1815678519680521,-3.4429132676649403,-1.6131588381378745,-0.9684836367803177,-3.271156733153008,-0.521130043082081,-0.619112220074754,-3.7199260870706645,-4.833366661463694,-1.5389651467867935,-0.9091875241445523
105,105,-2.3089879497859847,0.05651236488515959,-3.9904476086041654,-3.36529511361754,-0.13253170883662824,-1.4182228340997973,-2.3098305813037148,-1.1225029867227625,-3.6978334260832617,-1.5422744450488903,-1.4900906894414414,-1.9734667621870028,-0.35852686265353784,-0.6434930825024543,-3.9719959542847367,-4.918012556606516,-2.529837831234932,-0.9471237419838747
106,106,-2.353818664144522,-0.576123357311909,-3.7457758841480544,-3.43707111186023,0.013132084218623087,-1.3482663651296445,-1.9856706522533327,-0.8723115003177287,-3.2153506947040236,-1.6211553941539525,-1.0096007934410065,-2.7310105187208213,-0.4425213191226369,-0.7581199754545311,-3.714876326069332,-4.944289357573746,-1.5851368753341424,-0.9536406231110306
107,107,-1.9611361973838948,-0.25631386494740127,-3.8692682802618115,-3.1506102264699614,0.01844015084262992,-1.7542864851363076,-2.255578174876919,-1.0961085251832994,-3.518886644174537,-1.709194772662948,-1.0873466462405865,-1.5803044208296293,-0.5755236398358389,-1.0385574785546527,-3.966656363711078,-4.816568922411488,-1.4238802917731557,-0.8959249651433124
108,108,-1.4907811483639786,0.056090873916007505,-3.8703637642731152,-3.1818402324454347,0.01903002730887027,-1.7234375965209148,-1.9986005739076118,-0.9379226866812778,-3.311936226149397,-1.5889031902821558,-0.7270618045739043,-2.709636960710622,-0.5444701539838637,-1.2392778369652775,-3.8063496668255588,-4.980338747884661,-2.0601261371687642,-1.268650830193053
109,109,-1.8093699279788864,-0.06921128086531317,-3.9070165730146984,-3.4949616435554294,-0.07676803062296926,-2.0452911409105337,-2.2163525848863648,-0.9728697433388539,-3.780584238561166,-1.3714500622244075,-0.894028425039655,-2.1365589581301934,-0.6025872398790888,-0.7565202105296442,-3.9736595226533518,-4.985214857684632,-1.8200254142011896,-1.106423272583319
110,110,-1.2152862640960016,-0.05536389408974607,-4.0997332494590015,-3.6611998485626494,0.018111740808324676,-1.5777967537890603,-1.3394402159259209,-1.4485440625284516,-3.249148898185331,-1.856822817850837,-0.6311375727948818,-3.270744542829965,-0.40895690117446054,-1.2694172391363208,-4.178212486413618,-5.0206238649271215,-2.6905087298092285,-1.1500546704799945
111,111,-1.9518364978989102,0.008777767375988586,-4.088976236295288,-3.235437689596366,0.016604203563131335,-1.555561501046457,-2.475319662063378,-1.5490492161183158,-3.2502205735545475,-1.651535558063072,-1.2599407662079847,-1.7786397675383685,-0.4461774886939547,-1.770900523731496,-4.581962034997738,-4.937984757716254,-1.6854669847109598,-1.487036604648071
113,113,-1.48198473112652,-0.2659138914178673,-3.9823582287348573,-3.1447187404646595,-0.07834233541422686,-2.5664027999668537,-1.9347550755398006,-1.5515559524440403,-3.1403511153646817,-1.6740956100179396,-0.5104561681582576,-3.220993644600553,-0.4383868709010468,-1.002780330807876,-4.548934597315594,-4.936982551025081,-2.2098620061523357,-1.1092491988255728
114,114,-1.6556474200424325,0.025138510561467903,-4.026650537922714,-3.150925640278416,-0.2815163352949268,-2.0926466851472725,-1.5485001962086047,-1.2938297188279726,-4.0427844864648055,-1.7690233717733994,-0.5434632122303119,-5.097729388727879,-0.3093663886994211,-0.9784229205419159,-4.45717234034066,-4.911735865705058,-2.686663079837598,-1.420832380676445
115,115,-1.7941952869984088,0.053277686957770035,-3.7575169172806153,-2.8643248376880877,-0.08725196044025389,-1.921224129765082,-1.855200984334712,-0.9922610106226822,-3.375148305084279,-1.7267504455612368,-0.5703673023837661,-3.6362763205763575,-0.3455538651886034,-1.3684007053551845,-4.597676505775981,-4.954111134914744,-1.598880219425833,-1.3768782583851569
116,116,-1.5246810532188404,-0.15952884271094322,-4.472165558418261,-3.2964633839950137,-0.4126558231572135,-2.021571573783279,-2.068178178027873,-1.2788695820208464,-3.4562932816334886,-2.117521442245542,-0.5428464393531923,-4.322547360456913,-0.5445995388615248,-1.4313674501757592,-4.597002023261169,-4.987742973895208,-2.098218519232069,-1.174239657751082
117,117,-2.185904147574927,-0.14829861851378287,-4.325999225208036,-2.940477209990557,-0.3633188649263687,-1.7052229017835043,-2.424562972644119,-0.6270794103233555,-3.15826654447625,-1.8942208999172305,-0.5126236322774246,-3.7361959621660366,-0.441667540220576,-1.3671301917749867,-3.9077646178952175,-4.839170571405047,-1.6459773730233938,-1.4101915665888556
118,118,-2.1145854417599805,-0.8381076575508782,-4.003375484848084,-3.1211746906018876,-0.5367769850968853,-1.8589672349842268,-1.8987881336555392,-1.0517782397354725,-3.900317949082549,-2.195940187672658,-0.5931145443359639,-2.1656329636389824,-0.56148677527659,-0.6383598064070295,-3.864635765096136,-4.915561544690444,-1.7462518194557863,-0.9359342660106211
119,119,0.12913486614574965,-0.23165247063123662,-0.5464930124214953,-0.2283609783597083,0.13356719134020756,-1.1738675559353697,0.2551275689025359,0.18323782157980958,0.14875095574077932,-0.6075454457456745,-0.17075334596931638,-1.1862600453976566,0.02938841600662573,-0.2474771061090688,-0.6267471848242084,-1.142170177652592,-0.4256107573105281,-1.1616965391663001
120,120,0.14069393286215015,0.21066176445498747,-0.5652560198320427,-0.23000809184490037,0.49528124783745126,-0.7276497527621203,0.2693585564176717,0.12282024325491364,0.029307625882372623,-0.546708594415033,-0.2657920008030284,-1.4881721086845894,0.2597683393514515,0.03901141383745539,-0.6371702113631142,-1.142517209928625,-1.012625697714161,-1.2024229880061705
121,121,0.14654478233753898,0.3530175277872425,-0.5947206266816695,-0.22514289674484472,0.5568562366296461,-0.9448986908275895,0.2867555680837813,0.06400519824303941,0.23286421606460905,-0.9851422588887857,-0.17708338739358995,-1.450745856048178,0.3199709247548329,-0.4425622104576473,-0.620774090127424,-1.14376503670547,-0.4648258584421867,-1.1032833197433098
123,123,0.13570650126061246,0.42393871772751734,-0.5564041152767174,-0.2326790946787436,0.5509428576441738,-0.8213852619730423,0.2882109292928764,0.07681188564764665,-0.30470379095589073,-0.7977197953762538,-0.046133287322707855,-1.0306219595319375,0.25574083433319733,0.07746374683185905,-0.6158990496689281,-1.1422450469496448,-0.8197451815184393,-1.2629503627137533
124,124,0.153779554666841,0.431861980695952,-0.5629677269974909,-0.22943145374878535,0.4025072191579838,-1.0273546319936582,0.254853455125582,0.09937890489760076,0.13257566541732527,-0.6290206375798987,-0.09263468046029781,-0.6203506984800387,0.2698262544650405,0.05580876075660958,-0.6353290780815716,-1.1416644252982784,-0.44069888555218434,-1.1567101549968564
125,125,0.15781863924499756,-0.8987869882642281,-0.654215906944463,-0.23192046333566876,0.3873084783948723,-0.8047267436808727,0.23371354600998007,-0.010885306180693277,0.07593821996995223,-0.7149360383493218,-0.12261845964601226,-0.8852285537528255,0.3258842444005602,0.08721349259323817,-0.6171757698535372,-1.1446745340729831,-0.5016215513716609,-1.1645864854109071
126,126,0.1384526278209076,0.47417987031322645,-0.6128104963835707,-0.24981386148122806,0.45279883679436916,-0.9607884812826657,0.26740823826858734,0.16017191637398376,-0.3359883801020188,-0.7119228099628234,-0.10878602079548463,-0.7052772964640238,0.2675156762640419,0.032454450434641624,-0.632809440499444,-1.1416289116646592,-0.7883923510245013,-1.0501308799675755
128,128,0.13340099947544615,-0.7074768990119904,-0.5744498838342608,-0.22507304097090025,0.16574333114949263,-0.9305459133433173,0.18212454449267007,0.08481635101717808,-0.1658445136336339,-0.534768327148391,-0.030293425602956094,-0.6028470119460159,0.3333498567225699,0.06980456644361185,-0.6205755342592251,-1.141626834960675,-0.44797935617691365,-1.181758739196084
129,129,0.07062397888066596,-1.0539542018873131,-0.5454059558136641,-0.22648595271878594,0.2504834758160074,-0.8405964856592812,0.28950150144587383,-0.004959127562703225,-0.23212721923467672,-1.1246753421629019,-0.1848845438703727,-0.6511782726747575,0.3274808409864811,-0.0488169331201562,-0.6941512377292303,-1.1432055144178357,-0.5774415147501128,-1.226429986842693
130,130,0.13988081417061865,0.2169403605194583,-0.5443325102693248,-0.27933576465584026,0.5215570437755673,-0.8810816398108399,0.28674734668024715,0.0134848449975144,0.1241371358800806,-0.6532311827659928,0.0014079298394942456,-0.571617448113469,0.30809334373683195,0.0579473404551529,-0.6445671784907232,-1.1418537078447117,-0.53477073695503,-1.1672985561040177
131,131,0.14933141418277585,0.43013118835948405,-0.5662447966277154,-0.27749257858102416,0.555806565418431,-0.47798473214875703,0.29068186926242684,-0.08880167719267279,-0.1826503189428595,-0.8053772475510304,0.0013073535837606106,-0.5188920554337944,0.2716398635073065,0.08376592903521322,-0.6461586192860912,-1.141734846424695,-0.5264365286293301,-0.7900829617830516
132,132,0.09826537813073494,0.27316831379800505,-0.6038775679126465,-0.25704251570666004,0.5504541951377689,-0.8579803465121505,0.29080751995417614,0.09238737932792493,0.1357984003620129,-0.6665686376828444,-0.011301168032845602,-0.5193743187407027,0.3264180389187841,0.021530766941181875,-0.6748149974180114,-1.141696937817735,-0.6291870357638301,-1.3468980582155097
133,133,0.14639701224291773,-0.10734181072239757,-0.5522025311522887,-0.29297344033437456,0.5061144550213695,-0.6262165587106359,0.2768399378438873,0.14638169378844168,0.23909909311559452,-0.7652417101428886,0.0009909076681726319,-0.5227302054423463,0.32247534651916443,0.09463974060878824,-0.6433709706473919,-1.1417425571419952,-0.7782967540568773,-1.1326124311549362
135,135,0.06350170742921685,0.42176683023675776,-0.572958487333477,-0.2561028800397258,0.5112100780330033,-0.7641856030993048,0.286920269553488,0.041247424697934715,0.2329369992596063,-0.9349114320517455,-0.011066867139829942,-0.5858932312148991,0.22881077418736645,0.09525351575484733,-0.6186889887178455,-1.1440360347520333,-0.5858249037981504,-0.9980862950483784
136,136,0.028656474118690323,-1.1317032428429377,-0.5623372512269277,-0.5490244262970752,0.26400871097484896,-1.2445711740102383,-0.23374509763298634,0.06112285308282808,-0.05330751892235858,-0.12631359171742318,-0.1920087596676265,-0.7355988165961264,0.310333798648355,0.06834787244779664,-0.6201495060624508,-1.1418498718006813,-0.39229193071148105,-0.41302282812992147
137,137,0.11589741338284718,-0.25076709851184464,-0.55064678019269,-0.3442103467816625,0.3706372207039784,-0.6042218415849363,0.14898930365264343,-0.01045615814511841,-0.30892968973820334,-0.2018732261370677,-0.03611338052345316,-0.7524544741494567,0.1960537624377396,0.044673702796801294,-0.618057359174888,-1.143710016209234,-0.5131973593230398,-0.5118108815319407
138,138,0.15322477169260562,0.22261572395309315,-0.5866355430323978,-0.22624196882186326,0.5090405925352656,-0.8843839329857758,0.29058916609894736,-0.1497207583367794,-0.2030690561403437,-0.8087360547881443,-0.29041234554156864,-1.0548961590098207,0.1791416611229946,-0.03436430620515163,-0.6156093925752425,-1.1447212172235635,-0.6558118437696078,-1.2681361254039194
139,139,0.09168332597059417,0.029711841267809125,-0.6047380133238034,-0.27486024143133847,0.30723614566355384,-0.656417519628695,0.2647619761803053,-0.014661692152233285,0.041394595861279054,-0.9064494128709447,-0.1877633544926465,-1.50824591231692,0.19470875068183882,-0.03710355946438251,-0.6166165831523038,-1.142145343679943,-0.7367641816492524,-1.1342257735380656
140,140,0.06394164422533553,0.004278905398728661,-0.6058142105124148,-0.22663906252900404,-0.7443874872275289,-0.9162683146206688,0.2579220517327071,0.1936417473113442,0.11094446612007469,-0.7781942244975537,-0.3622246543075571,-1.0478966786397457,0.27702956302492504,0.08986799568873899,-0.6409766370102292,-1.142344759171373,-0.40300654930348845,-1.2427235473402423
141,141,-0.1450463363119815,0.1765575167195818,-0.614151578507759,-0.23860487860826016,0.5314398468836712,-1.0756712558754886,0.28351605406607594,0.18642032678660614,-0.03042667824860973,-0.8461052236687326,-0.09845808529377183,-1.3672453432219198,0.21282468750281913,-0.05058374194479007,-0.619168602834013,-1.141849351564755,-0.5933811315079847,-0.9891563175013488
142,142,0.12756969937213777,0.4750054333903819,-0.5931113492187307,-0.22931348454957076,0.49125258401898,-0.8976442724881752,0.2904351358050724,0.11468377652314232,-0.035421460760331314,-0.6636806999059178,-0.1780204412621219,-1.3579292267777134,0.055387828426352315,0.09190042713792816,-0.6178532060069029,-1.141640769957336,-0.5215403738142248,-0.886282079687121
144,144,-0.813214182679763,-0.6074959753074253,-2.5848414129009267,-2.5341656599089135,-2.594609128807303,-1.3151435088586505,-1.1463123970329445,-1.0830683472942741,-2.1509899538832333,-1.0177478719748887,-1.7157929379043,-1.7995488897079044,-0.450037702020076,-0.6296429481065677,-2.198056760677483,-2.9243171174822136,-1.8562828914157743,-0.8685469984725067
145,145,-1.4748319991089844,-0.802525486085555,-3.061360945531823,-2.9436241127032368,-2.517911473663788,-1.132471615865838,-1.7261845141224401,-1.4993791199886723,-2.810478047584691,-1.3579642030603911,-1.7230035954222545,-1.896099121305101,-0.7971060829933231,-1.138248832661401,-2.801189222368868,-3.543453840130957,-2.275394890826391,-0.9228456882137747
147,147,-2.3750441687364665,-1.3576985386353044,-4.027643456241452,-3.633917034297061,-2.1763320670686612,-4.447233459190604,-2.5735010741820994,-4.291386617888797,-3.9344583624815717,-2.6953827960819536,-2.273803770469411,-3.2919877832229547,-1.3911668052574533,-2.341946438310866,-3.681305397427472,-4.475019036111297,-2.9408722850045526,-2.430565711509174
148,148,-0.672904654199423,-0.27011942335748373,-3.61717176942894,-2.410365752892438,-0.5048781456208036,-0.5638528522560717,-0.7598126165462428,-2.713307139879997,-2.1222273011436745,-0.9182745347664921,-1.0856120663512758,-1.1340826102870685,-0.456927662418462,-0.9401564338830809,-2.4232507932863765,-3.8126178428112234,-1.4187305001562114,-2.977994755788369
149,149,-1.4355586240641336,-0.637608742527127,-4.632222884917876,-3.8316557895453305,-0.6185502083330688,-1.4090913816073098,-2.001134584306337,-2.3457434300278113,-2.1899337084686534,-1.8129931400861183,-1.6727641868315246,-1.3814719285415935,-0.22256027377872556,-1.0397966265837235,-3.234559679926793,-4.9811668553253,-2.8318331252361184,-3.0850922513927705
153,153,-1.7154372460201537,-2.9019181792510853,-3.629285360590424,-3.3970977664860595,-2.546471812677309,-1.7488514656083989,-1.8742993623086315,-2.026094586091566,-3.1921350266682724,-1.4946260652127052,-1.4093060190131685,-1.6357918339055342,-1.8919164714843064,-3.5787441126699004,-2.9845311062223514,-3.6863623287393894,-2.544716977581279,-1.6584722166319814
155,155,-1.0395411462139412,-0.5339736508656028,-3.813320220771848,-2.7655411391396867,-2.386045585603509,-0.5968251868857013,-1.2810152440258573,-1.9946609111445197,-2.4895307938534383,-1.2147389471608818,-1.2054308450033506,-1.1360682169542722,-0.2211250089499973,-1.4333648551230023,-2.5921408247417883,-3.743377184386552,-2.388327892602444,-2.1827421512433802
156,156,-2.4319121201703378,-1.6282141400180332,-4.096181775899388,-3.9079218843241854,-1.8768869230948908,-5.048293180592067,-2.569023952497201,-2.5527202605696178,-4.091647252347994,-2.7691237329195966,-1.6394283207485765,-3.239532292414263,-1.6565006051278242,-2.7502843842108042,-3.8211342090676266,-4.461472380565673,-3.5841050947307433,-2.5705720416954105
158,158,-2.0595008242960517,-1.3399990370986181,-3.4210137485742824,-3.3335482911808803,-2.048482251550556,-0.9408749524543027,-2.1416412264503846,-1.7628243760848439,-2.9922635518375915,-2.0901354657529634,-1.3904639521352502,-1.84131092865909,-1.027190935820763,-2.600117731066206,-3.4231308445882953,-4.051234840133262,-2.790674659921965,-1.4253394630567213
159,159,-2.105680805745792,-0.8753994993515348,-3.4938835288364998,-3.309187636151748,-2.5932378077372307,-0.8914080015886128,-2.3152668666724976,-1.633994018688996,-3.054346834689251,-1.8347231291949555,-1.9026154994820352,-1.7817302735789877,-0.8823174197345259,-2.0075410232998996,-3.35618687536527,-3.974858118703738,-2.5480789398689008,-1.3414949090813537
162,162,0.10823431084746298,-0.7471850005978922,-1.2922323172573291,-1.1469941775849182,0.12188248458002048,-0.7227140525314666,0.16935687907598307,-0.514559376215932,-0.33304021930758376,-0.9089126077592202,0.3876812435836685,-0.9100836606041459,0.03484448004089802,-0.05229335882105442,-0.879795358985139,-1.0797804000262214,-1.6609321939615076,-1.0129537529476917
163,163,0.015996571488834516,-0.4475070476891865,-1.2536001553995206,-0.8466639854681038,-0.10444236125939063,-0.3827210976167005,0.14925875702533398,-0.21645068732004652,-0.38348324654678445,-0.9865635273846308,0.3367198954214838,-0.7589171400400516,0.23065870967911634,-0.21732966685883687,-0.8837073519793808,-1.0933729624937014,-0.7363174391177391,-0.8471236392923553
164,164,0.11227854142536528,0.26966293460063995,-0.9518667663626975,-0.9132455129841518,0.05799565469110123,-0.21621618426650235,0.010699659810713844,-0.11564487020992335,-0.39509056033046525,-0.45056220849720924,0.2645409730820395,-0.9803640220652172,0.04782912515929261,-0.08357056723599361,-0.8557756295709303,-1.1108051298116588,-0.528967783734518,-0.30914247020774954
165,165,-0.07324453914360089,-0.34827618830147944,-0.923476936203945,-0.8276725345418259,-0.07413044955338832,-0.22374638941842742,-0.19734721396873917,-0.17521807864321542,-0.5984352038874924,-0.36754023645199796,0.09262109325473286,-0.8277839671153983,-0.3170347138812868,-0.16090964941132185,-1.040756799373718,-1.618946763641699,-0.681088335004091,-0.2943818210943505
167,167,-0.2324611134049192,-1.2808169213854037,-1.4865110999164985,-1.2685936559472182,-0.7131877555826754,-0.5615816785261116,-0.16071522484800263,-0.7481762026668156,-0.7609521866301452,-0.6478830605784339,-0.02025280948058114,-1.2398886384887629,-0.08874775308115929,-0.266552818589345,-1.4750026876946976,-1.9619544351247298,-1.2791741890423716,-0.41328308800836744
168,168,-0.20406699681808024,-5.389647749993855,-2.008823408075646,-2.3390554901740934,-0.8709975551694011,-0.6561824450185356,-0.4106107665343514,-2.9348242482756843,-4.3214817403503245,-0.8948539835783145,-0.451297432411812,-1.3920972888746335,-16.66553033310653,-0.5627572346261798,-1.7065877664648175,-2.1227239179437434,-1.464255931878173,-0.4144985774156037
169,169,-2.6344283780656754,-0.404602145049394,-1.5021572903827192,-1.3920051031773382,-2.148722932397905,-0.5637047024726448,-1.493672044863753,-2.7946807334385673,-1.0505337385477536,-0.793468209310266,-0.04453487368447252,-2.3026514250640777,-0.2605664161452494,-2.5329949526176145,-1.4711948139875206,-1.9604655259089143,-1.23993049248622,-0.530580743121134
170,170,-0.04196970608114293,-1.344202138936957,-1.4205086865312462,-1.3882749538544914,-0.7687892072785356,-0.5578872296823096,-0.30288019946096656,-1.7371749757772539,-2.390506070059326,-0.6034063102660371,-0.14679380035932446,-1.2467116625852859,-4.260722272438195,-0.5457579208713679,-1.5786309493843669,-2.034683964422579,-1.3608930546826152,-0.4659602202714716
171,171,-1.9575039330919883,-1.5322436303238358,-3.6539842820076283,-3.440179633404491,-2.149533331819016,-1.394709245634572,-2.0623203292014214,-2.1066414810931695,-3.425988300454846,-3.0606951559062354,-1.573779706219212,-2.0812722948025657,-1.504832221199408,-2.3915253467395097,-3.5062630240945722,-4.1468506431871095,-2.839298044434154,-1.675266490794582
172,172,-2.127663312698309,-1.3124398285015069,-3.644825236956694,-3.4285950113188166,-2.3794127218830625,-1.0961174381341265,-2.21501316319267,-1.9595994996800075,-3.45276074891987,-2.2711347539199798,-1.917818491149228,-1.8850761282230335,-1.4731032179934824,-2.064819907190291,-3.4674256130011276,-4.109312397808868,-2.7912398799052216,-1.5271603057777774
173,173,-2.070981219170905,-1.279159345138157,-3.646344863840267,-3.43141117937261,-2.3102562805737197,-1.4024669601613529,-2.1474922157313796,-1.8980782710640152,-3.4392105825075796,-2.390904389751798,-1.6942611199914959,-2.212800268144981,-1.4716143224306655,-2.1152895622204726,-3.441550303577403,-4.130481071429574,-2.706801749471828,-1.5536042910604555
174,174,-2.053603640711406,-1.527724757906894,-3.6916043328419974,-3.491090872262403,-2.2097887289348943,-1.5261798768912982,-2.1232520741225756,-1.9262027748992525,-3.4105618024435262,-2.819438858955343,-1.5518414339067281,-2.221554272152646,-1.478298934935359,-3.024307232775345,-3.509155081468449,-4.131406025322184,-3.0682805441342986,-1.912031954275705
175,175,-0.49944379099995223,-0.39516308170057807,-2.4991364484962206,-1.8757288749560783,-0.407078165758964,-0.45055715099099364,-0.7937475726323995,-1.2093835685607512,-1.5783147832798199,-0.7982179814705758,-0.29037001817458075,-2.410540241191404,-0.16957768989551672,-3.5100392679100456,-2.9935786221155776,-3.2963621937954963,-1.2135245445097116,-0.6766443773700901
176,176,-0.7106046340757366,-0.22810536127954767,-2.378058854577194,-2.033445822432318,-0.6061679967202834,-0.42571108875066016,-0.5861919476874815,-0.8325404188948933,-1.6666707289699583,-0.9969969677210053,-0.3913299283201254,-0.924757267456278,-0.06685139651088355,-1.1695045690912043,-2.104489718721532,-3.184170535643225,-1.2102999282676157,-0.46142494807051154
177,177,-0.48118916624415736,-2.333357164930505,-2.6418819249647987,-2.1818302373435143,-1.1301512317342923,-0.5077076950585039,-1.5045241405163627,-1.7088710264134943,-1.3997132470745988,-1.3020747044311167,-2.928725444733472,-3.5229164054609976,-1.1876168407873173,-4.006850415352501,-3.1632193814513556,-3.248937343665518,-1.4277818459945308,-0.9580318414277309
178,178,-0.6236157343031483,-0.06761828210605844,-2.644776502799067,-2.0137990949540048,-0.58528368357251,-0.38668125127020564,-0.8277311520954951,-1.2630353434472927,-1.3089152581831451,-0.9062448513781982,-0.08799951445486744,-1.2315111630020337,-0.01892992922005763,-1.7949181400686958,-2.4016205078549246,-3.2682747733816626,-1.3501157196193074,-0.5173936229895361
179,179,-0.7178650693856236,-0.1984076964321692,-2.292829805111524,-2.2253507128821344,-0.7536704222733934,-0.7325833287309758,-1.194064889873814,-0.9708445731777655,-1.6192504190267496,-0.8366662662929294,-0.20130061095864757,-1.3170655384098817,-0.1843348746534217,-1.74589650872994,-2.271955484100648,-3.6269150034909887,-1.574322681937465,-0.6180577199836034
181,181,-0.4862451013020811,-0.2935723351149477,-2.44340446481237,-2.3144841820517614,-0.7676890732571519,-0.6947000274396034,-0.6622168975041005,-1.7930709676702707,-1.7641362368810851,-1.02558872959405,-0.3042775010404752,-1.2893640330334886,-0.664013712206068,-1.655726509521048,-2.5859726289896305,-3.4490590741498983,-1.3931466349716768,-0.5994476289570592
182,182,-0.5567410184834838,-0.6047066976159494,-2.8686908388626953,-2.9913253564986224,-0.7215884207845429,-0.7082630043996164,-0.6377315781637631,-0.9029598465544342,-1.5915571940632025,-1.0360227299406932,-0.3007369168728481,-1.4017300228203562,-2.9332162650052123,-1.7789529189199382,-2.968728909616832,-3.3884734495433824,-1.8110366082149132,-0.8331031147150585
183,183,-1.1707306299398947,-0.18646296376993793,-1.9223422280560276,-1.8353853208239799,-0.4058603212927861,-0.3055896706694556,-1.0384132934891361,-2.374395709074713,-1.0574270033009578,-0.6494506168058655,-0.07420784739353703,-1.1775820212204786,0.03791877862861481,-1.120235857678109,-1.8445385809919181,-2.6305207187703648,-1.2026158096423953,-0.40168484384621117
184,184,-0.49128382310198804,-0.12120114860036771,-2.1776724329530026,-2.0309619329860817,-0.2422228680363024,-0.9923095290846294,-0.8627410820438062,-1.8533604869172255,-1.0580029780649491,-0.6295332802210046,0.012325787893634796,-0.8137345055894021,0.11716791182789221,-2.9165023344619945,-1.97452707577424,-2.565846503882056,-1.0355973383819679,-0.3803167105871127
185,185,-0.9485658955266942,-0.019143530613390608,-1.8442690719378494,-1.9053566714493986,-0.3664576335942783,-0.3711571721640526,-0.9721855759162471,-1.199642280608828,-1.1673832767375993,-0.7344297789609225,0.03569816687685747,-0.8894203552187412,0.12581952078362466,-0.8814770194359465,-1.9264295578200097,-2.575834082871773,-1.0232467510444168,-0.629289346345536
188,188,-0.3387762015996537,-0.9095043167507997,-1.692171937785288,-1.9228337668749393,-0.9161417370935984,-0.8994717588820758,-0.46635927181032105,-0.6520418621389712,-1.2153225213599776,-0.6886956395899819,-0.16846430582434246,-1.6179084919854043,-0.0633456423930158,-0.4990984596164021,-1.4816287442436709,-2.0135167425274223,-1.2777314420589159,-0.5896347688537918
191,191,-0.9087584348761081,0.14886589845278925,-1.603025438780239,-1.4401893522364804,-0.12217839372271941,-0.2518360077189567,-0.49959788402400834,-0.28944184747799045,-0.8569305295802061,-0.4862924558043416,-0.32749765745336645,-0.8888816972655217,0.07155457630904094,-0.39925820298402903,-1.9414160398265687,-3.176521214289377,-0.8477926958051916,-0.3873630905935963
192,192,-0.6788253994201122,-0.21085086041538442,-1.698333185433471,-1.428444358724378,-0.4458817907116239,-0.3698232164834683,-0.2184675905755144,-0.2737890369678775,-0.8578555016533074,-0.522159300000006,-1.2464193077556263,-0.7100207293064519,0.265454391061054,-0.4866820078944484,-1.5994225499230077,-2.9465436812045036,-0.9485815640814377,-0.5131521298301782
193,193,-0.48496926959887166,0.05649672117663174,-1.5015754017535565,-1.3764841127559833,-2.2901801280538017,-0.2932875385637664,-0.20664430756868032,-0.3103756911122556,-0.9708690490103302,-0.5563518573193189,-1.0924170469291363,-1.406213747917434,0.10841950823178767,-0.4088685895293399,-1.5596305403876172,-3.115815085242919,-0.7607953147146695,-0.5156892582865261
194,194,-1.1645935464016675,0.06070488439841357,-1.7823276498990452,-1.524606126367415,-0.1496389230804729,-0.25682079631173343,-0.1855871216298694,-0.2693631162520977,-0.8639223819763746,-0.49871392685425675,-0.2021982600372137,-0.7276396996518436,0.0311323577376455,-0.3204974236130915,-1.6071874750020758,-2.8200607031618734,-0.7312594958942888,-0.5961875622139576
195,195,0.111407357161038,0.1507073119826834,-1.101001543882834,-0.8490692075938263,-0.4718581078586142,-0.4481606386676117,-0.7225006065768441,-0.4454044776480517,-0.4726232682104616,-0.6669063737250565,-0.31302011311894645,-1.0719512766456532,0.1615530387024293,-0.4186252531721014,-1.0950066522848567,-1.5029511756944878,-1.2017386735076094,-0.5691728670376923
196,196,-0.16954148586055634,-0.24083593108937268,-0.9595248493221096,-0.8829426455324182,-0.47603813905201875,-0.8056403426487881,0.0043802686849663194,-0.512612984639885,-0.8303198486206682,-0.6906471077890735,0.11949785173122374,-1.3619322067773396,0.10805871298696643,-0.10502930351524922,-1.0971000294752575,-1.497261691535116,-1.1858684751416362,-0.6353201469308517
198,198,-0.3823917151696167,0.17058485975885776,-0.9578695528716805,-1.136057711051635,-0.4730328218051294,-0.4463383279598531,-0.9834591728117065,-0.5271560547418924,-1.3244666806411953,-0.46835117351858846,-0.5175273091609157,-1.1936893017623,-0.08401847899605153,-0.1000164465334904,-1.4379464854624882,-1.5097060563660711,-1.0946637527202492,-0.30189652286152613
199,199,-0.3090789958095914,-0.44911036208976074,-1.8511202256215147,-2.097028432618464,-0.457407654063433,-0.9085011211667519,-0.4826296813780171,-1.083078656684343,-1.0777675742429458,-1.1532930866852091,-0.594620113136231,-4.547474131415821,-0.22608094004117568,-5.315031681565952,-1.9563586262120043,-2.7340156088209393,-1.1728543936345819,-0.8170169832693459
203,203,-0.12150867638655254,-0.15193653285238456,-1.5827489970797863,-0.2843794490205853,-0.42092350187923067,-0.5666572008745522,-0.3288368181902403,-0.42638999761114615,-2.032877009613554,-0.632666090213081,-1.1220503144952767,-0.8821496347781838,0.13559946220400348,0.051567475622821324,-1.0260638580420791,-1.3751723766769692,-1.057202537636265,-1.004548691948523
204,204,-0.22447719962419946,-0.15320077170594976,-1.7129917356025453,-0.2904509775750552,0.20832790741085455,-0.6487097001090318,-0.42469712370732227,-0.5124917978634089,-0.934655933009541,-0.5209780471782148,-1.404073173537532,-0.8519791615724207,0.19719591721457042,-0.3367475960844289,-1.3016604756337613,-1.4032307731930702,-1.7774779388642994,-0.3002595941989343
208,208,-1.581720608848777,-0.3387516117066332,-0.7438032665123836,-0.37922297199462734,-1.2667390719670442,-0.6926221193794545,-1.2687109744870888,-0.8422786478556805,-0.8047233616489851,-0.6554553564070356,-0.6872839037191848,-1.010751135168158,-0.1745612765974892,-0.5915539768051634,-1.0109789923490877,-1.634811192282975,-0.6425744090044815,-0.35899793002440117
209,209,-0.1488749715880518,-0.28146029382602084,-0.5838729900152787,-0.23372440146198012,-0.38890913417630857,-0.6257444032814258,-1.3015208038922137,-0.8010109656885649,-0.9382678009148426,-0.6492999282666087,-0.7870486188258623,-1.0515077817036769,0.10889407604623645,-0.09421047044874895,-0.8259765954610405,-1.1165288510561273,-0.6029408772529002,-0.30436131465635424
210,210,-0.13632107597239002,-0.3126473476658419,-0.580010227796939,-0.21617855888242724,0.17303657195771774,-0.60603373791507,-0.5461629761511595,-0.49477445753107774,-0.7467068371067278,-0.5845618740977637,-0.63072252194537,-1.1272949288715741,-0.06320987427195646,-1.0018755859132427,-0.6636447744827315,-1.1143790347539229,-0.4904164693577423,-0.3188824133371011
211,211,-0.22579298972756118,-0.19186816259086342,-0.7394753892906866,-0.21616117448272232,-0.15181861579634698,-0.5870553313613786,-1.0964734169342911,-0.8614015231043122,-0.8462247903310973,-0.5788908717080617,-0.5999245819427287,-1.243914363731772,0.10867261402499251,-0.4155248987617145,-0.6646565072377115,-1.1204610089932925,-0.612945107237994,-0.5502782328810926
212,212,-0.07247644623370098,-0.0782613203354727,-1.8511239184877137,-1.0246718414899445,0.2533716298383208,-1.2102387299236128,-0.2583596518736264,-0.865541098774927,-0.8676619752254455,-0.6563519116615137,-0.43443096880038773,-1.3444376736137231,0.017197309246972436,-0.33356258192150323,-1.1209740090035765,-1.691129526162248,-1.0571397002499814,-0.40349876928687367
213,213,-0.31347493543136584,-0.057203281519377175,-1.3752749327857698,-0.6520619940267479,-0.20642382208053922,-0.49496537629408455,-0.40508422931752175,-0.738314738116213,-1.4940604757525655,-0.7697373328852881,-0.4636780863896048,-0.9622950840053639,0.08319129070973832,-0.15431607157714722,-0.8769418829614324,-1.6550760473655581,-1.907689871649207,-0.45595039998151554
214,214,-0.049084449090274374,-0.07668770538426678,-1.6367245674066282,-0.5010327136078112,0.07343001056145071,-0.46422042022660975,-0.26455104387987427,-0.7386714104583658,-0.9529499940819897,-0.5256774171176182,-0.5254596633316125,-1.1145263076902214,0.2691210182391494,0.06527508249982865,-1.1676733922936873,-1.6754951299458098,-0.2979962815089039,-0.5655224263276653
215,215,-0.05127776619002099,-0.2796708116151915,-1.6685223948302286,-0.43409339464858687,-0.1465795099609778,-0.9948291062476114,-0.46975876323827936,-1.1985925524697056,-1.10254444982178,-0.9286388178329645,-0.6825297848781711,-1.1619414748843666,0.2589487522237259,-0.6812019636365824,-1.0964452490647454,-1.5372436450338671,-2.218257977184316,-1.3876966634752423
217,217,-0.05121545770291564,-0.14620284137822304,-1.8116822614524355,-0.7540922696311765,0.24909541939412738,-0.8968509845576536,-0.42310766795328003,-0.5028127964116845,-0.901756519762889,-0.4825207534468993,-0.4930102529483595,-0.9129934062892092,0.2649458910398471,-1.3841809774467466,-1.7899526965247574,-1.2879140879629336,-0.8282093905066472,-0.21884195262355075
218,218,-1.139214743536363,-0.26591714833686536,-0.5251951337990355,-0.12481963781497173,0.3016888159105989,-0.7046886109642236,-2.681969874973325,-0.44028266777920594,-2.5657355662353796,-1.4703438421496204,-1.3283124509951996,-1.4144698566591343,-0.09611940285438958,-0.509016557660158,-0.6577764040626504,-1.0307093540797851,-0.2832844026984908,-0.26796418761978635
220,220,-1.496185477583548,-0.2668493445976114,-0.8063845829211178,-0.398053503406838,-0.14489622426121296,-0.5203070722511022,-3.944978425668476,-0.37035368614613623,-2.819469290376195,-0.8170803197322096,-1.762366397296372,-1.0595590680084597,0.2113644317572055,-0.1355134758291956,-0.7663398201668643,-1.1111212825969696,-0.2836278117325186,-0.22003115966533798
221,221,-0.06935473000528776,-0.18719281752420244,-0.6804979001882177,-0.04431615227420554,-0.07354100395256824,-0.659075748269506,-1.2384958597452806,-0.8907678005881297,-1.8382119503833292,-0.657683870794268,-0.5301395038590136,-0.555098113623299,-0.1901513042759594,-1.6990763920338707,-0.5201121634226742,-0.9248226484967694,-0.27586094275064177,-0.5601232842508646
222,222,-0.20398455121475023,-0.037919204683906124,-1.0130722143325497,-1.3511967792092294,0.3718753157294381,-0.6958385418841871,-0.4147124949786687,-1.084012051414422,-0.5909833323738886,-0.6560417907361813,-1.2300241063303616,-0.8106641055712023,-0.16645134266669315,-0.7883481169270306,-0.6006556728377358,-0.9771448150043511,-0.3703530930074742,-1.302764482485053
223,223,-0.3499182867735709,-0.37017602445625797,-1.14991837238097,-0.05380475207504134,-3.6132259595176315,-0.9029293784421336,-0.3987395170671978,-0.23189715163552538,-2.859351076240591,-1.610238356427942,-0.7314953346878061,-1.5237229881743453,0.11066218271884987,-0.7672559813477913,-0.5967428607462502,-0.8236357680332875,-1.651462175785057,-0.13974256011982958
224,224,-0.15083971468092688,-0.13998781161435445,-0.4788138532055776,-0.15851131279869635,0.5280310748766261,-0.40292787661613766,-0.7062529377490916,-0.4247983714908796,-0.7405436381388695,-0.47936461044238915,-0.5995475286889671,-0.7141140401918864,0.13071043310540378,-0.6375536878827696,-0.5267839402364906,-0.9843385606907791,-0.17594943747114197,-0.16322088609667493
226,226,-0.8083782796969451,-0.09631541404347062,-0.711228594584256,-0.14442038308954094,0.11966076182918645,-0.8580609139396116,-1.6755306145219926,-0.25461363809856147,-0.8920809851615875,-0.7560195197596669,-0.6531182286900072,-0.6264279769073318,0.290803782155281,-0.549779728536114,-0.4906469957883937,-0.9215314154554396,-0.15875497832862911,-0.2012273580077636
227,227,-0.08073903860579539,-0.39669965746453134,-0.9554296209733792,-0.3821912195469053,0.17789423558113254,-0.6319242239408072,-0.3794648269508527,-0.7525733848579407,-0.5894693510373328,-0.4574515320940438,-0.671617514913293,-0.7435072314884098,0.3529749280867291,-0.004615634344636181,-0.44471085516359515,-1.0747239226641436,-0.10708654628073735,-0.17546084540141638
228,228,-0.1339280420820928,-0.04990583708467822,-0.5263976649480664,-0.524662951821586,0.46249868692502427,-0.8819282787269137,-0.4320250706062064,-1.2100096825691904,-0.6847380153432951,-0.470961959621298,-1.48015029001581,-0.7807950428754908,0.29431183387063853,-0.8829672323907133,-0.7834075679196928,-0.988543855761791,-0.12358551199150457,-0.589720446711459
231,231,-0.24503219305022356,-0.07742300406285686,-0.5956324294294713,-0.1596568056257093,0.5130074824076406,-0.6975308781771514,-0.439779707689449,-1.0086266383820157,-0.5032308037295526,-0.4946631215981122,-0.491050626465988,-0.5995388940926273,-1.1005227569667837,-0.010663759905791397,-0.4617731333763563,-0.9018577271261053,-0.30875457268774453,-0.2076791307608586
232,232,-0.1970701040359038,-0.07392103481415215,-0.789699090496409,-0.2541151372939098,0.1888180355312557,-0.4460325999751078,-0.3570353401523316,-0.8776960684820593,-0.5626550568656464,-0.46868837228298355,-1.1923478532718617,-0.6706214398613366,0.3048711666744881,-0.09222178855271954,-0.4668531085051839,-0.9003468627638762,-0.1486891128222179,-0.47773767241786663
233,233,-0.09414459262295624,-0.5302128026318216,-0.7631954727133543,-0.5351074806783702,0.35919299178226693,-0.5345755953966204,-0.31753590608118565,-0.9498033058836352,-1.3612551956793486,-0.8095877053676157,-2.4043167570633077,-0.5787664009562979,0.28656193526153884,-0.020058200103088127,-0.5543302861922383,-1.2421898984740936,-0.4582117941070374,-0.1803437178532698
234,234,-0.31018523600817166,-0.16312156758647156,-0.4170545149041387,-0.19407720898468261,0.547266836513692,-0.4623358199582233,-0.43107168795831885,-0.6440579289847925,-0.8003404290417945,-0.6008208932162153,-1.9279999553095148,-0.9183858132840951,0.09926845616185273,-1.5168896333238813,-0.7183070996055942,-1.2447084529883463,-0.13431359478209196,-0.3454013026370797
235,235,-0.09580317470713087,-0.4900893879849655,-0.41414747936981117,-0.5600923529513706,0.5457827046808664,-0.524316090068327,-0.44258418283225687,-1.00711096736941,-1.4759115360111188,-0.4494258544499009,-0.4764815961955905,-0.6715408353546077,-0.42257372398565207,-0.03887935444993239,-0.8825773762611859,-1.2404308647278244,-0.14198468134629844,-0.16516390863339708
236,236,-0.3393376596931728,-0.13075085858760238,-1.0796892979831396,-0.24970509869997423,0.36405025176339556,-0.5017009089402275,-0.3415386954193035,-0.6632054047594258,-0.8735553896797319,-0.8435428353136709,-0.47123617240453847,-1.0767798159544966,0.2568034477178091,-0.37253896289556276,-1.2793127842005498,-1.3401080410809563,-0.5322851907688851,-1.2893875073859253
237,237,-0.08780884836777259,-0.33144663694059256,-0.9980472264512323,-0.2518320799454672,0.02595735207050459,-0.4579058641953051,-0.5331494328566233,-0.7342736277584136,-2.6832352831158564,-0.6297113993616213,-0.6099728815458525,-0.742131136292407,-0.012292189533370246,-0.5701370624497208,-0.9479125815980065,-1.3303070610486072,-1.6536548484449525,-0.37877568373947285
238,238,-0.05797956246027912,-0.10701417887626223,-2.161133462766232,-0.07676513104307141,-0.7490056932640285,-0.45124943847660776,-0.2894323959870385,-0.6764594263399275,-4.34048732923179,-0.4832888789637472,-0.796352519868099,-1.5845055042500595,-1.1346309520099769,-0.33759123367598376,-1.118041897942775,-1.3981196095523818,-0.43771762735034964,-0.15531574740545878
239,239,-0.03212119661196911,-0.2989687293811745,-1.6514644411157378,-1.0355731682268834,-0.02687415080909561,-1.3300027100652643,-0.4863996502435366,-0.734782088722894,-0.7436822004332584,-0.6030146208423617,-0.609582250413388,-1.03144992508573,0.28715537553932236,0.01569841174930016,-2.189018549684019,-1.4998647875932454,-1.1555600581648608,-0.39795389072653864
240,240,-0.08381697516022779,-0.1342906242311524,-1.0892300050878658,-0.6004178637665094,0.0722894928253901,-0.46329712104962695,-0.3246736948177078,-0.5151259559138089,-0.9320270304591389,-0.514375114211285,-1.4407641762369843,-0.6999540816850994,0.11134244339499816,0.02630529908642227,-0.851159566060798,-1.3614594825586472,-0.40678166147189243,-0.4183805311501268
242,242,-0.9538674389939316,-0.33160610339731095,-0.6016169034787967,-0.7494420492472222,-0.37640451376145956,-0.5887483483996688,-2.4485660564108365,-0.4245215024681437,-1.8950527988616168,-0.6600302130321269,-2.81126024846637,-0.7518064199332288,-0.7680804061002945,-1.1713060975962448,-0.7765739580132233,-1.0507405635828966,-0.3436892910642589,-0.6192173479352628
243,243,-0.5706052329894539,-1.1943096800382453,-0.6240029060533406,-0.2533842351389086,-0.07459342379298795,-0.8248441138946697,-4.331108514665704,-0.41765218316846353,-1.3834167765970107,-0.5644378225132584,-2.0278756284821826,-0.9655383860634105,-0.35611410509383434,-0.5009031730747087,-0.6431704293448104,-1.0678281266960354,-0.3771746895157821,-0.24608068192341095
244,244,-1.3572437806867201,-1.270016501457679,-0.896471457054368,-0.5916244107949864,-0.9952183500690359,-0.5046748397120002,-2.032514990152364,-0.38520759880351096,-1.4714371063671425,-0.5964521073409008,-1.6285200754713811,-0.7476354451196139,-2.0938687946445196,-1.5847041389450744,-0.7693425646766203,-1.1100691140251548,-0.4385884561085055,-1.3855298844926582
247,247,-0.2885463004010982,-0.15152861365966103,-0.5196838835468485,-0.31619764030274,0.08208095784619007,-0.6532204528069603,-0.4100673826389388,-0.8287864055024288,-0.5473981898851555,-0.8573696110843015,-0.5104105257125325,-0.7175180275441613,0.2115842437318495,-0.015834096801483778,-0.8543477141820115,-0.9993918117593106,-0.40040401988222674,-0.5077508653249312
248,248,-0.09688574419788362,-1.1471659670932999,-0.5602122944001867,-0.13334400062141116,0.1482309435289719,-0.7428729037847293,-0.4460963720078256,-0.7886270045888764,-0.9174645225185449,-0.5529837696469403,-2.694469997514529,-0.716433866381571,-0.02413754295596282,-0.41658130268508875,-0.5838296041072114,-1.0540157191219157,-0.42075652641168726,-0.4703558239616756
249,249,-0.09888579344652633,-1.9042728706645735,-0.6954308830196005,-0.2297113287779545,0.08849818629378581,-0.4905764488047909,-0.5081607374204062,-0.6556696826728281,-1.1167718343800375,-1.284518970482766,-2.06819912619748,-0.7739826079764943,-0.3876426741533475,-1.6107302793970346,-0.5893395008832903,-0.9570097276578096,-0.519167223084358,-1.510894568916973
250,250,-0.10254753364751121,-4.323760605166064,-0.6888062402407172,-0.4583699164473531,0.08635422370675211,-0.5379872238920503,-0.6838303689074615,-0.32178980915216226,-1.0600128646300793,-0.7580926993641722,-1.8123179355140207,-0.8872703640192265,-1.0140689246938595,-0.042679439618180895,-0.6095260494278174,-0.9850089693584573,-0.8494522586214267,-0.2157967807891411
251,251,-0.6900010218018497,-0.11209782740253091,-0.6455258010698749,-0.9931147561185719,0.3425030889453555,-0.5771256281629242,-0.8818596938958267,-1.28498665652061,-1.8212269058738433,-0.5278936038752682,-3.078344612786676,-0.8696924468866924,-0.08798144583776935,0.02581899815517238,-0.8646226477573224,-1.2079820611006564,-0.4997310275004712,-0.18822488380457245
254,254,-0.5442536765984936,-1.9859266240024274,-4.079700217662703,-3.711700764577709,-0.8452201154964412,-2.931270671587699,-0.2704293060325013,-2.3253239946782736,-0.49315623883923476,-3.4148980989282562,-1.6663464628856919,-4.840682836851402,-1.4631907677730438,-3.848661889633388,-3.9488034072912566,-3.233435952022126,-3.843884673577116,-3.0458242777607927
255,255,-0.5871492047670775,-1.708762225200371,-3.1363213291034366,-2.4993393400709083,-2.711039320375566,-3.515009846227406,0.007099766068049254,-1.7808524795556329,-0.828056131846418,-2.831253321682711,-1.2598753990654106,-4.35929729807222,-1.077689288041973,-2.688873369459426,-3.343441611336062,-2.1632999438846627,-2.3308103677009484,-2.630752506823459
256,256,-0.5206241343349158,-1.7616934015453087,-2.583638754709061,-1.4702948292616411,-4.001407285848023,-3.2734376357740658,-0.48481336667025654,-1.53100910381475,-1.123702402696221,-2.219179591974113,-2.2458931938647666,-4.661891771134787,-1.3442005974434137,-3.015490935330443,-2.9695925995722066,-2.0505171901739137,-2.390436380856012,-2.7851925344497652
257,257,-0.6905417904200585,-1.8113306306400427,-3.4929278619616224,-3.702760893343752,-3.3669057128604734,-3.7235881452531454,-0.84741780609729,-2.0371985088771822,-0.5310443406432134,-3.306083221378067,-1.5907879383670573,-4.997250000976823,-1.6461255940398836,-3.1941974468233267,-3.6271443372357046,-3.062839257088698,-3.863418677945,-2.8211758643305735
258,258,-1.1111087033129605,-2.429876293834924,-2.3637473611923694,-2.315419255504379,-3.543805714687242,-3.3429318676323634,-1.909660764446966,-2.016976959453969,-2.365592889201654,-2.4807006926143025,-1.964227043781447,-4.835372611580045,-1.427184702919579,-2.9971685767130203,-2.9295709564300467,-1.8143620707673047,-2.758176481238221,-2.6250905480371056
259,259,-0.6247455281434385,-1.4406390787237415,-2.3695123802772438,-1.1007712817713735,-2.8877628156650346,-2.8831688136710305,-0.49622192334651416,-1.4241459572047495,-0.5908169696371827,-2.287856526557192,-1.52347893448158,-3.769824303054934,-1.3451284390767748,-2.417550779600109,-2.5588836972955153,-1.850660565981595,-2.160313474420552,-2.1591997153080484
260,260,-0.5213264362464012,-1.1827792766797365,-2.1424757346287167,-1.9426560699131012,-3.249782184821229,-3.210951554664552,-1.1019742714763847,-1.6029264235111922,-1.0828069847365596,-2.7267058963346065,-1.3066700394713218,-3.430398244438906,-1.0917064708747457,-2.163561011926428,-2.525328608515265,-1.8933520156145458,-2.222254596229047,-2.5737548247472852
261,261,-1.2520873517892936,-1.2357631775100288,-1.4426039959125425,-1.0927545818004254,-4.995603243331099,-2.6493354193834717,-1.5915986836599143,-0.9201866241670015,-3.254114581055922,-1.5193629025165425,-1.85477268043474,-3.3149466961943372,-1.1215658706498264,-1.3708641554843204,-1.4292126210305003,-1.6095983179513846,-1.1454057607876245,-1.747617657811421
263,263,-1.247016950737393,-0.8425261396234259,-1.9446275152032408,-1.8778557753319718,-2.7206654443061127,-1.949375721511362,-1.0529201839522193,-0.9457049013179825,-2.013001608685881,-1.2491399184843281,-1.262890452128507,-1.7148214124639367,-1.0345068159077757,-0.8442871085175474,-1.6964580789502344,-2.1874889551191385,-1.4709767671454748,-1.2853081769698038
264,264,-1.0201711410730374,-0.9532221629289693,-2.5056479474307465,-2.5185861671237864,-2.9244607904864064,-1.443402981378536,-1.0443638020272834,-1.1622189047328666,-2.9624174623708424,-1.531295992751799,-1.7083102436558009,-1.7310478819846928,-1.3591349115853886,-1.1022267276722542,-2.1444171954078586,-2.887805427555627,-1.708015034345724,-1.2852653346736078
265,265,-0.3552702828605965,-0.6101794530425674,-1.4726313816357455,-1.0877149950313132,-1.902726950570695,-2.116040882223295,-0.7282704123313144,-0.7095193923754676,-1.827080788401898,-1.0567272083541073,-0.7223265547682314,-1.196078274974987,-0.790203291573182,-0.5663424105002874,-1.3652884506294487,-1.8040835464530722,-0.9981437747443124,-1.3389131349882206
266,266,-0.5548998310282958,-0.5948159350228668,-1.6688197217937892,-1.430202517531147,-3.602410182175418,-2.748247484562894,-0.7440695115356375,-0.8653523678669526,-2.445493514776294,-1.3355823064748622,-1.6814411238864886,-3.0656738692222354,-0.9400234596970144,-0.8414211167155793,-1.6080233116356004,-1.9729555936171566,-1.1531265448344152,-1.704454301552526
267,267,-0.3058432878207874,-1.0895447262999591,-2.9060914470179573,-2.6353220268717035,-1.3769153569499006,-2.3946411265044727,-0.3642334410129395,-1.4938337358127016,0.013988167435389692,-2.487707757750721,-1.3648364998474132,-2.7729124453265106,-1.170795779236149,-1.7720068639131297,-2.946214473853856,-2.436656667063575,-2.5596592008638424,-2.371685687736717
268,268,-0.9079083988943428,-0.6940221335892152,-1.6028146866827033,-1.2975245580904573,-2.3969572432434623,-1.9167181089149188,-1.1416924139195515,-0.8115601938077177,-1.8289991494986289,-1.2352245068488295,-1.6036733888642287,-2.591541111322858,-1.0746664302526892,-0.9347805384645098,-1.474467654091999,-1.9761572971418018,-1.1300331205287508,-1.5834900195604222
270,270,-0.708234617350475,-0.6750349002042895,-1.649282496538273,-1.340737003745768,-4.56078512444291,-3.3547476664985822,-0.5533795936316124,-0.7609637640281315,-2.022257115748129,-1.4873503795315914,-1.2467237535428364,-3.022310877800293,-0.8481978657314697,-0.7167487048709916,-1.751956831755577,-1.9942180245938874,-1.1077528086829878,-1.4952334014114075
271,271,-0.9218311054144483,-1.1944819227284178,-1.7658339738176725,-1.217934037460378,-1.1857814915800984,-1.580702488553083,-0.7290548870425814,-1.2301045429836717,-0.5174857181769363,-1.559154468083881,-1.0465279617951393,-2.19109315548006,-1.1293327771890553,-2.037018496657657,-1.9109134353012829,-1.969943406580727,-1.7932881089151214,-1.8782028738047931
272,272,-0.14844343229119933,-0.8737345941669663,-1.822754843933457,-1.5724663484918306,-1.1813497607529357,-1.9822163853888113,-0.23646676980884263,-1.280841284965712,0.05569396163228158,-1.7718816331435452,-1.0582717462186906,-2.34407013146317,-0.9773295827125336,-1.7043762832116984,-2.001478108441953,-2.039271277515864,-1.8196171893733257,-2.0226193955599525
273,273,-0.023236532152573,-0.6024633920056697,-1.8166160358704226,-0.9961306169226807,-1.5623013010162534,-1.8935856324208027,-0.047879596493812356,-1.2687942283562847,-0.19502613565732346,-1.7078207425688074,-1.1622674714866983,-2.4952921581457526,-1.0227561769670994,-1.8614858169758892,-2.0637366033477456,-2.113280361909145,-1.540294709671259,-1.895489719908676
274,274,-2.8353658659265326,-1.6746309283964054,-1.4438259006084484,-1.0227714996645052,-1.1810331395561096,-1.1694018256422236,-1.9164014657423696,-0.9690001033334615,-0.9650700666601641,-0.9195719878813776,-1.3683240734187168,-1.7034687616043314,-1.4422443676936054,-1.1091175401373208,-1.4719191403221736,-2.091151944916957,-1.3973558450377688,-1.308829012998019
275,275,-0.2807859691280724,-0.7159196671550039,-1.728243487964456,-1.089721767232666,-1.3148711265976738,-1.589663232296865,-0.44053473143834126,-0.9821246633001666,-0.401920211158438,-0.9774556095097242,-1.0320350003690049,-1.905048889222825,-0.9706632306157704,-1.0830814459146838,-1.6025884708219884,-1.9295586942697216,-1.485972965185768,-1.8164043235719478
276,276,-0.28166202016672365,-0.8805728881199674,-2.247179802580588,-1.4554294825776803,-1.200427291845569,-1.8877849527052057,-0.8231001558799527,-1.3745393293377228,-0.09028941358978504,-1.5411489430046903,-0.8413209091285239,-2.1651790930838843,-0.9721102526757414,-1.9150729882118647,-2.2047772242314565,-2.169649570872075,-1.8667619640873379,-1.726573049298791
277,277,-0.235335746916156,-1.0175359685908725,-2.029444911501519,-1.3637900058776447,-1.0178114192151204,-1.6211774664126146,-0.5279471333146044,-1.2936762336924335,-0.21442403863740367,-1.6581430716822556,-0.9396498064357225,-2.167324059121486,-1.1006570987833741,-1.687954583898631,-1.9260089246343206,-2.110076166718973,-1.59934209592502,-1.8108252800513451
278,278,-0.7246938174706288,0.10622357801751879,-1.8988325010768614,-1.8883488908695973,0.05506389111539306,-0.7972221642877417,-0.26750176112543,-0.4983676853113002,-0.6100318860722492,-1.0668595426478216,0.14680291053984312,-0.7276964842225991,-0.173210635203227,-1.218598247629957,-1.7361075719687442,-2.2501018692711443,-1.7587757078758441,-1.3397949066893364
280,280,-0.8417406234498986,-0.10840085104288646,-1.9920510806008107,-2.529455610019018,0.2267361190694438,-0.667058976600827,-0.054237059076931986,-1.0692980425061749,-0.3581430787347563,-1.82104961559188,-0.6734376506403872,-0.9946779936870094,0.28525462163196813,-0.8261444948094734,-1.8407135875565865,-2.266995042100422,-3.675299282255123,-1.7891394269739929
281,281,-0.7551752352693561,0.10596647284297332,-2.2087566127059888,-3.0267755923280717,-0.9725750163068547,-1.5679197061694545,-0.13007068594069393,-0.7027416216404496,-0.4302245494159659,-0.9608768554057304,0.1186051926677965,-0.7323437960160741,-0.48620122746806393,-0.3792551330333,-2.0630036525987867,-2.2854852267245276,-2.510913124504038,-0.828654239235842
282,282,-2.133531727215462,-0.12167881744672168,-2.695413259853766,-1.6311304716520616,-1.5645870688291834,-1.522640750879439,-1.420987142555035,-1.1982822315127493,-0.6644849273882076,-1.7567248343680812,0.015282717518149691,-0.9883638842438061,0.14492211354373116,-0.7126768928048809,-2.598742916461868,-2.764661659541516,-1.1868047268088635,-0.9126980096029262
284,284,-1.5383086596534508,0.007988248470880616,-3.0979676513551304,-2.6100508500984247,-0.7702655429913403,-2.674031249318402,-1.1166864812747037,-1.0962386144428853,-0.38076962189286573,-2.0654743271457914,0.034494939909818625,-2.3894462068945854,-0.9104232850391212,-1.0356678779970183,-2.739503366180566,-2.7187831355552925,-2.7289829061060358,-1.8056317572146412
285,285,-2.243904794606839,-0.0058471249341058296,-2.871941573387173,-1.969723875383957,-2.70823547270713,-3.7908981481680226,-1.3397250341735432,-0.7870236015485137,-0.4746101198889971,-1.6458010815055888,-0.7256685531060594,-2.9418998396686096,0.2085280836274443,-1.2230564697154023,-3.1822422554205145,-2.7532749806123586,-1.6066802120053847,-3.3431110368089123
286,286,-0.07448731810822985,-0.49244278516174766,-1.225871618294723,-1.212882379428856,0.34599830126317305,-0.4503236058493894,-0.4470633921991195,-0.36498598137681876,-0.13979226338871067,-0.5778763035390814,0.055214402260295475,-0.6009154252368687,-0.3885078264943821,-0.1872091667231494,-1.2248702030282606,-1.8958336011833417,-0.9903501345280558,-0.3563902639107045
287,287,-0.16524277836849618,-2.4286870195528745,-1.4257370464218,-1.5318759467925276,0.374325041112474,-0.6715836890011999,-1.0096863754377767,-0.4394857609797128,-0.24612049094533536,-0.6441497257851125,0.22760043563200077,-0.6123741100695025,-1.0021552101546056,-0.9102062743374171,-1.3939438888494653,-1.895034361964516,-0.9238175752582298,-0.40084951298468874
289,289,-0.6092731532294243,-1.3516644816985948,-1.4610528639736284,-1.2924399843031464,0.13589605438228808,-0.5632234192217299,-0.7057674582360202,-0.37460169001222987,-0.20535371404211855,-0.5988266786127784,-0.1385550602100934,-0.5648799272934831,-0.8450238199591387,-0.2857005001420014,-1.2250931060468715,-1.8977360976017015,-1.900193654189929,-0.3072106987780834
290,290,-1.2044837737591902,-0.7881112239789602,-3.003404614377582,-2.5326119596540986,0.1691376601793397,-1.3575713006266934,-1.8162031449199485,-1.3508556909370697,-1.9394426963730387,-3.820453558806272,-0.34495391686058213,-4.787672348956721,0.07910488861306712,-0.8281761045332665,-2.642776417103012,-2.997174994083932,-2.609790906958656,-3.0717506662912775
291,291,-1.3803492924297602,-0.06217198027877253,-2.7872522857587194,-4.076686676703864,0.0414933129833473,-1.4122185497337727,-1.7242468393300003,-1.6342753699005657,-1.8463884412418132,-1.7546568702432772,-0.05635301596290972,-2.980647275468524,0.019717137773273205,-0.6055401191309765,-2.68378701874908,-3.31356756161175,-4.6232544223213035,-1.8374135857970797
292,292,-1.3049449983356651,-0.38426601404734145,-2.885123198495508,-3.680271983358174,0.08268890473720364,-1.8711999487966162,-1.6508671224979348,-0.9741049843088356,-1.9592686303723565,-2.031482822993766,-0.036263631991632836,-1.7805749029383082,0.11973463550019631,-0.3838132723060975,-2.5392225351072746,-3.0632755548555837,-3.933927928150849,-2.852884412156735
294,294,-0.1536617781678809,0.13747830939633254,-1.6889979439806564,-1.5036011062768515,0.04984465558425505,-1.1107437167419056,-0.00897758951283318,-0.46918241965561613,-0.5324398256848345,-0.6933505623834846,0.11809542443914033,-1.0662936221479296,0.2722944899902101,-0.11081517537284268,-1.5190559904943697,-2.1393669623612337,-0.9754061345127981,-0.6315887613823877
296,296,-0.17883055162744815,-0.3121856719290924,-1.8191992437390945,-1.3342903093087721,0.3243291033992387,-0.7296094693975663,-0.24750522822043866,-0.45724417603089423,-0.21529752215698947,-1.4400951564363247,0.10894514094370622,-1.3930805148038625,0.24098801541812614,-0.9077335006963043,-1.5671193110004114,-2.140968772858611,-0.9934115060908654,-1.2837586118586393
297,297,-0.1424357617096571,0.009527628456111381,-1.9470954089784347,-1.4275314871058495,0.3380634800960197,-0.6352315519108961,-0.03200471319606503,-0.57288916731884,-0.20954359405315767,-1.1610437493701644,0.14858793287816874,-0.8570453833126384,0.18576942899509616,-0.21387748614146512,-1.5489259207977646,-2.1484896408575067,-0.9836195245547823,-1.1944865358600394
298,298,-0.9413257658758029,0.04268273456184846,-2.3683795830581045,-1.6731185266072854,0.2580897252444459,-0.512774790259836,-0.3385539575512509,-0.6140423859623146,-0.5636598059527829,-0.7541096333883286,0.05524663194815631,-0.590645374171193,0.2698690218224493,-0.15862083734349292,-1.9330122421056304,-2.2933718188829637,-1.3516270377023667,-0.5364055706995327
299,299,-0.8234724031741883,0.08857296403157791,-2.2471749586958394,-1.5080684321008926,0.005060741942528479,-0.8549093048979579,-0.7210264053771035,-0.5815378390490908,-0.6053391408519286,-1.0511821949584856,-0.10078318503720593,-0.7333153729180405,-0.0457353381895641,-0.7985352522793018,-1.7479548640675273,-2.251363645358223,-1.318166334381557,-0.6087291185505376
300,300,-0.8829766323722361,-0.11695222315511133,-2.5176506416045936,-1.4702403413057186,0.15181374765974173,-0.7249129804081524,-0.07378246826510444,-1.1446626081129394,-0.6534871632345093,-1.259531481738155,0.04143225211097644,-0.6913502680695071,0.27786973453528874,-0.8298619614132713,-1.9509098237096023,-2.3386783634557022,-2.0213304659605695,-0.7002643028403659
302,302,-1.620423625567575,0.1253222811567831,-1.782319309057002,-1.1410449078775435,0.3447012140569959,-0.7025676975876076,-0.7162655368314428,-0.39728828677612693,-1.249339549559024,-0.7108319419270334,0.15235520288744542,-1.1321705113141056,0.2313024910267929,-0.14987289172101692,-1.7220564980153634,-2.2154806257120376,-0.9084861133070221,-0.5273890826210335
303,303,-0.3221145260630631,0.1348842272769729,-1.9767566181407847,-1.2993898300562248,-0.3545960485060713,-1.5462082594924444,-0.023752069052101636,-0.5732633667107834,-0.4774647341753162,-0.9705232937120343,0.03489659216926161,-0.661518313714157,0.3199025022816236,-1.230631762639549,-1.7483884073851206,-2.2505838757292054,-1.2635720992540564,-1.3251562969145412
304,304,-1.0913401404925618,-0.2254450617830172,-2.033138431829882,-1.4042816494475223,-0.10527488154199466,-0.9022952365864682,-0.3916030549236519,-0.45623902528617155,-0.663009153931795,-0.7252338120389392,0.16150004620718272,-0.5771032765887656,0.17885545316640375,-0.5256802234180807,-1.7005891627818972,-2.27478346965935,-1.3355159280196112,-0.5727381828366735
305,305,-0.7187959103614276,0.13615134502213133,-1.8904756661228,-1.2712754079594615,0.3345000534115743,-1.5455660502906243,-0.08187688157352094,-1.1896800002096073,-0.24014790341497141,-1.3387779834500453,0.174735226730282,-0.8614674493952668,0.1665057034230264,-0.28941916977215726,-1.6674240731600767,-2.213218415354545,-1.9780658681256558,-0.5943098884251565
306,306,-0.04970407206648687,-0.2046365812756244,-1.3982105871120853,-0.9479418325505321,0.42989439635331816,-0.4543351790950179,-0.17503297956121344,-0.3392183968147048,-0.07630127657046414,-0.5728433320599998,0.24909484636857432,-0.6165618133984064,0.3785674989667173,-0.06280155943133792,-1.2091580126384136,-1.8592702284492852,-0.8651423041432527,-0.2938125333121975
307,307,-0.04729511936433355,0.15258263332677616,-1.2476559558467877,-1.045584450575152,0.10804518818468228,-0.47342851180540735,-0.16311218069019479,-0.3333539249285515,-0.10363256190293273,-0.5706575085969071,0.1142657762776357,-0.6529088627416539,0.33123808163577967,-0.18588371828734132,-1.220405912547932,-1.859199045912506,-0.8748411187421681,-0.31850250190406226
308,308,-0.4092507185836753,0.12225131177309344,-1.4520729716053622,-0.9787429056235527,0.30320111280365336,-0.4348880811726029,-0.2185648451471111,-0.39792495242342657,-0.07769488534013919,-0.7283941760224857,0.2036005196039951,-0.5372364357831722,0.1732259942430765,-0.05141345733724008,-1.2269469480190962,-1.8592570117115532,-0.8341644741721576,-0.3443548950676513
309,309,-0.05069851879302062,0.20201570955793718,-1.2647853349935665,-0.9237039484314763,0.42186331296783575,-0.44078965723186847,-0.1833796367510977,-0.33335160835572386,-0.07850793806499257,-0.6097331818392179,0.22569986469210582,-0.560457879181456,0.4018964335568868,-0.5812689723810497,-1.2372609366054428,-1.8591803615606728,-0.9796622354744092,-0.29498975834901214
310,310,1.3211578905217225,0.9896575016164191,-0.6831917264610652,-0.9554616728720242,0.05233789463575772,-1.558010466139386,1.0121105745501593,-0.11972311899505354,-0.8727414653766337,-0.337789445382244,-0.05648132915481047,-2.292807566707299,-0.36326013089699544,-0.019105987432949223,-0.8324257989532591,-1.2146306026550417,-0.6699182854351737,-0.7761584650240804
311,311,0.7871320074910183,0.928211706610004,-0.5600780083689236,-0.9278001450187453,0.1563843547912573,-1.5811374388044956,0.8414786168681316,-0.12015794218269898,-0.9976925436358163,-0.29863402236756065,-0.36014004567183444,-2.3238748419607465,-0.4389215230187151,0.2807665876001286,-0.543429406724442,-1.08648475576437,-0.5348358700880352,-0.7445543864401497
312,312,1.20414489661312,0.8557322810051673,-0.5347790280473199,-0.9335684325586227,0.19199977069553179,-1.5717914594646982,0.8103823988722796,-0.08117059685922508,-0.9968138344804592,-0.3533300058602096,-1.1289566210046837,-2.3291604258535457,-0.4285823341530116,0.08625082558455952,-0.5235956998776935,-1.0807387130860455,-0.5456623170372574,-0.7414373226900376
313,313,1.1558271250838958,0.6894704067902689,-0.7033260921893729,-0.9963337596337846,0.1286962903753857,-1.5674544241097161,0.9372901530585649,-0.07266819828629482,-0.9604901641389302,-0.26832582950165207,0.16673868099561429,-2.311415211436508,-0.4603560347436116,0.24527108883212473,-0.6256057830262097,-1.0156895005823845,-0.672092363491358,-0.7892356905077692
314,314,-4.202591578742221,-6.202331059889379,-1.4645510401447432,-5.242722966444676,-1.402716717244115,-1.6277610466899262,-3.4937995624157665,-1.2846013435420338,-1.5866408003922534,-1.5462604387154797,-1.2618462367657841,-1.1041633988444917,-1.7297105689400865,-1.0055610456991213,-0.9674657431442142,-2.1772089196626068,-4.4425182363453946,-1.064104315480019
316,316,-0.31389445738403227,-1.6579777976299581,-1.346162957953887,-2.7422897781429727,-0.7349460097574287,-1.5700430990269965,-0.3803608707657441,-2.302379075776261,0.1102998705976004,-1.9373723391340385,-0.13060270353395864,-1.932471172763607,-1.1678668318186958,-1.842564710156485,-1.6151859921477802,-1.9824359505667712,-3.319380332969734,-2.096635774452431
318,318,-0.24133279794523446,-1.0102873908352827,-1.3431520579196712,-1.8895923107847663,-0.44621258491325855,-1.5241277569292353,-0.8259331868993869,-1.9991372984727809,0.1384703987082924,-1.8811741964047606,0.5812302423611996,-0.31533770514698584,-0.382504992104053,-1.5782135662218613,-1.0919621213533754,-1.8720361347669234,-2.7176413962296033,-2.2613417716293593
319,319,-0.7575487631453477,0.01702558623977246,-0.17695479679372095,-0.5975336395786999,0.6854249571622677,-0.6419301836861423,0.2503698194654469,-1.1184899067046783,-0.24708540445540067,-1.7527087265247914,0.10714339717298549,-6.628781499396985,0.5256782208251081,-0.9712147196460823,-1.4587557087555196,-1.1517301907942634,-1.5600846372330979,-0.7439564472555499
320,320,-0.17317339719495758,-1.029644471555962,-1.347110635230383,-2.2710832274976065,0.10673436146738224,-1.1129031072895275,0.017969424650999766,-1.466712537248684,0.1079129081085086,-1.8388698226995703,-1.0738109959642987,-1.63996525360165,0.06092552613442448,-2.060800298503601,-1.5326082144148483,-2.4306578981013716,-1.5234088809641888,-1.6568276340457402
321,321,-0.46385753335951196,0.23643608071453412,-0.6464417612518113,-0.8082848687043735,0.5967066918733761,-0.5305459157304427,0.26742462224399355,-0.8410228446353463,-1.4940974901971753,-0.8481588330901889,0.6913750097497922,-0.9230314769266743,0.48562231268610084,-1.159360072866967,-1.1025265011521868,-1.3804164762857885,-0.96884606025311,-1.231253618018715
322,322,-0.33568788424312296,-0.7811543266121257,-1.008648833984259,-1.702489206018364,-1.6083748528474011,-1.8900620105587564,-0.5494888491038755,-1.643392978894432,0.048372995179967564,-1.4904269153181633,-1.3140742241559258,-1.8166563017482378,-0.7337133321344211,-1.1000885301847094,-1.873395516379623,-2.020143392626398,-1.8456517191337674,-2.350426086588332
323,323,-0.2180865174062127,-0.17267623100796653,-0.5576241517042135,-1.3468000854896083,-0.33118246866479706,-1.1490101833875683,0.1076956478384309,-0.40283917997926966,-0.08409256975016083,-1.371706817919522,0.27640588165347824,-1.3426069961008986,0.30128472140356766,-1.7877146588078494,-1.2423130952109402,-1.6357668063723065,-2.2041003664305525,-1.4618641694613996
324,324,-0.22917539683273505,-0.2669704127261819,-0.2644524653088925,-1.0143684488076863,0.2632973208233967,-1.2595366819259275,0.2093867449304648,-0.7321670804975903,-0.0219234716389516,-1.0721338282523423,0.49229764159185835,-1.061409064267902,0.4816141756828514,-1.0067704507382869,-0.8451160258798133,-1.6108385664380418,-1.4011846916682935,-1.631457492146992
325,325,-0.2313197078283854,-0.35954526400836195,-0.46101462230665496,-0.9638234433668755,-0.15351920873124802,-0.7947713979491117,0.19212161057076127,-0.6454732744267335,-0.23617658564607596,-0.9250829552105693,0.6312606796241714,-0.8745333749698988,0.3724271035442161,-0.8335568071348528,-1.0574672490273849,-1.5605375291830506,-1.5417872423214334,-1.4318968048285199
326,326,-0.3015850057304703,0.009546373996867558,-0.28198718591156025,-1.390810797365989,0.3501301664734302,-0.9449647604541761,-0.9826693764691548,-0.3750880149811643,-0.018182458192250714,-1.4285769023241834,-0.11237094656634805,-1.1868743097961394,-1.1147202688360018,-1.7684733272223512,-0.5534858612762104,-1.1736215984493374,-1.5899430462512059,-1.6825034253887932
327,327,-0.2554956105421951,0.06108664262149524,-0.7941210753410171,-1.0198219986792907,0.5577813860890689,-0.661072529603492,-0.29696769409529605,-0.3699203056247676,-0.3514225168864111,-1.3457668344512341,0.5372315963377293,-0.3971230659307933,0.3583387593127416,-0.32729716420497945,-0.464955465167956,-1.1036557166386225,-1.2468023794300676,-1.2647493926587754
328,328,-0.29833965769149845,0.07884251130212168,-0.4664302717741369,-0.6792293990139217,-0.55787736797026,-0.3854187334496403,0.18799406388977574,-0.3091378942770391,-0.18183162156729904,-1.2302690931735887,0.47989325682882206,-0.6347820708347693,0.415801705358741,-0.15952216249211973,-0.823213041422068,-1.103890356458356,-2.460829054253397,-0.7318865584713754
329,329,-0.4715927086733984,0.05255935699998279,-0.42810046810737057,-0.7313191421688773,-2.3870229923352744,-0.46750438169783526,0.20224871618148255,-0.2789426792838195,-0.5833544592265179,-1.4043742214297148,0.6017609010663679,-0.38905210043744437,0.42601141284846955,-0.3210787612782111,-1.7502929482639817,-1.1055494308218012,-6.141292924979145,-0.6597152606489672
330,330,-0.17971319755572668,-1.9615501723945425,-1.9305221961278125,-2.91679980962284,-0.6726839551270065,-1.3813729078884247,-0.5732877527909165,-1.1801411317694606,0.18613298784283377,-2.1446203738566982,-2.1668308209667924,-1.5345286795325435,-1.522015597126601,-1.600906867585902,-2.724210012930921,-2.360074789665621,-1.1594454355740798,-1.770382281072989
331,331,-0.5203813532151389,-0.20789657844174436,-0.7883930662828462,-2.3037293860984875,0.6505385309172622,-0.6387402489815852,0.301159766649754,-1.1171290208483544,-1.0053530685473775,-1.809430163182566,0.06237142901462778,-0.8303259003102312,0.3182807060037328,-0.8559416151248441,-1.1262817288311031,-1.6966318391143318,-2.1531466893237265,-1.381432998937476
332,332,-0.4386413418802353,0.18345586234289452,-0.6230548561988639,-1.1985407405666195,0.6470249030560484,-0.6955924097584893,0.26867485026605764,-0.32777595171056395,-5.999468202011379,-1.8166656661033065,0.13973892744968408,-0.7432971495879961,0.5283738790870641,-0.10386037232507662,-0.35469332084162186,-1.3964126139775217,-2.997475697155288,-1.0708110110505524
333,333,-0.5953391815863511,-0.5242841091169734,-0.5079924260939528,-1.0482964514346431,0.649922144612832,-0.23245682752690966,-1.042200193983639,-3.347363543129251,-9.955348273945505,-1.4885012672535927,0.5995479831986001,-0.5017957938365984,0.33214760193719667,-0.02270779079887661,-0.31746260138288457,-1.0519850466277614,-3.5281299119850535,-0.896395615617806
334,334,-0.39013696503441553,0.13769951414421178,-0.8237512608818766,-1.1907539902339765,-0.6020026400885097,-1.1586472813848503,-0.02244462914424125,-1.2645570111094582,0.031315338997618715,-1.8072478499709534,0.5262543495740465,-1.0358635991385454,0.4341353079738705,-0.20969640342428375,-1.1448884777009993,-1.925379014054804,-1.0985110452492786,-1.850508304576109
335,335,-0.7851321468515632,0.14740111171054127,-0.4214111247933521,-1.2352546626641794,-1.0980443257689334,-0.329349769526918,-0.26692017052055717,-0.6636542683966855,-0.08615179454480365,-1.7458026952301604,0.41599209758219385,-0.7495933983991248,0.4530503686627829,-0.8068815592283989,-1.0187721148929878,-1.8332364219727335,-1.123077592181786,-1.2165638356294892
336,336,-0.458594826195722,-0.8235461216414101,-0.23235043067430822,-1.076394578707255,0.380503715008472,-0.7267780154580366,-2.0763943710481874,-0.23299057432532802,-1.12646554600235,-1.4309418124550088,0.025334793760747543,-0.586337574878216,-0.0008989712098268487,-0.26413480303107006,-0.49032390604871473,-1.4633038686858013,-1.1038850348643428,-1.257157774780272
338,338,-0.1273403969417183,-0.8357638933188976,-2.671597500910109,-2.948282420067307,-0.626465426091223,-2.0569122250577596,0.22102461944552118,-2.3904131997028735,0.06003077919424432,-2.1405261917508147,-0.21442144116574824,-2.25431885453127,-0.10059054354453012,-1.426589203117574,-4.255428950229588,-3.9398151120497658,-2.6202757894863344,-2.677857881288866
339,339,-0.12974263374143857,-0.2513786968063043,-2.556981683126713,-2.8302066030143713,-0.7980877995262647,-2.1435726952173084,0.3101004465702411,-2.234584741301667,0.09279278335169605,-2.2922139134885104,0.1738510465328177,-1.686227567069186,0.2953054605703126,-0.7515702753759095,-2.554907611486961,-3.6016782153441933,-2.512807327622454,-2.701564425756165
340,340,-0.16605716217476957,0.24174774698847148,-1.3103253269410722,-0.8983911434889609,0.27431857391538106,-1.5578421791685901,0.31693874345637085,-2.1309345140336955,-0.19333852344538222,-2.134414659221322,0.5776046764312432,-1.5273034385927686,0.3828471650978156,-0.07513479868472273,-1.1211472251335612,-3.376305858685285,-1.25893120312121,-2.6202586174543576
341,341,-0.24162883335676877,0.11357946863198787,-0.4417715632868666,-1.172565930597564,-0.5559463306369643,-1.1685157715178933,0.257936326271276,-2.1123372395515627,-0.6348778576328887,-1.8474879059323852,-0.12103185038193776,-1.705192136987494,0.4726423845629238,-0.523087074584495,-0.45918372483457015,-3.064921985007072,-1.1645738327047466,-1.870664641611659
342,342,-0.291440486268313,-1.3847478991207751,-0.7222897339975787,-1.0686484359603188,-1.222115329326116,-0.47607508955013333,-0.9712433734490941,-0.37706103599553065,-2.0223422737478707,-0.6908666203562224,-0.4424722174162869,-0.744111213170896,-0.48741158568439147,-0.6718518657011743,-1.4152509495374843,-1.5539986289901988,-0.7402673812648817,-0.27405035175588577
343,343,-0.5865153905316468,-1.5186771606978584,-1.184492429952204,-0.9869083456101222,-1.2863189030744238,-1.0532133482389148,-1.2901784979181352,-0.7347300095792589,-2.0311615063116824,-0.8326167296181062,-0.9750807737407591,-1.2518445960539148,-1.0525113527828402,-0.8240576730858494,-1.8164373665341516,-1.7484856900178887,-1.3097417304638124,-0.5887022582413388
344,344,-0.22875645386377472,-1.2723259287187958,-0.7737463816475728,-0.9731859611047067,-1.242432415282913,-0.475697246665094,-0.7758162897408046,-0.6185396895950809,-1.873938173455027,-0.60352373123792,-0.18763868315038087,-0.4093466298479905,-0.17133703139528922,-0.5077367272379338,-1.0993091164151358,-1.618152877189027,-1.513414578066173,-0.2801884875365186
346,346,-0.39375786620709907,-1.4304530094051602,-1.118475941738396,-1.1131633195787345,-1.6106148777479605,-1.5170814387065907,-0.9345862347491201,-0.40287833731560574,-1.8128802269722817,-1.433304463505646,-0.5758117509768286,-1.3555308848200973,-0.09832294755190782,-1.0189462624114012,-1.5150180380843996,-1.9675245958671725,-1.4254542814119202,0.03820162024157622
347,347,-0.294751746939262,-1.277580146838932,-1.307865375057121,-1.1462737760260464,-1.5496761396249132,-1.285214676967056,-1.1765737243374101,-0.8699436344531264,-2.222773017981626,-0.9683902865826832,-0.6135966679146199,-1.156360185108888,-0.5738315918530954,-1.396386524590813,-1.641437721536947,-1.9256913549967625,-1.2119886624980718,-1.0900153364889018
348,348,-0.37722059039972966,-1.0671521817716967,-0.8224015545903175,-1.1311244408757466,-1.1699327797299612,-0.8288359205522466,-0.895404911272957,-0.732422579803697,-2.0074279742353984,-0.9943850447324765,-0.45292207772219706,-0.9079574113797351,-0.6337491551247872,-0.36355348051822195,-1.7469337389633202,-1.8766498534494545,-1.5105144964735344,-0.1478507503971227
349,349,-0.28199885855795764,-1.2364253121837747,-1.3495972713993272,-1.242642003572061,-1.4109710438122474,-1.542317387307103,-1.1310805489891558,-0.7191193949103991,-1.9209294152911554,-1.626504706457277,-0.45352524066735184,-2.083353085547348,-0.13927920751408066,-0.40930588938312906,-2.1648100233307193,-1.9431715562021608,-1.794941766602822,-0.24796782993936195
350,350,-0.2125577420457015,-0.9791955697557182,-1.9465793047514504,-1.2168768846827924,-1.276274203278652,-2.4953649618727827,-0.9290764855004864,-1.1505722514688648,-1.9308023246118857,-0.8970579898133993,-0.18981985238062277,-0.40438989309576223,-0.37323957393490664,-0.7117680145529404,-0.9851013785388867,-2.914192017948123,-1.3872327837926282,-0.5798234333159841
351,351,-0.46501769681478566,-1.0456547467333928,-2.035564700565533,-1.251554736353362,-1.6381394479700224,-2.0366789069710802,-0.895597165947091,-1.0828059713846825,-1.6733611883570925,-0.84424499140933,-0.2871925307452775,-1.5182210087836205,-0.23157463358804167,-0.8853350186894334,-1.9706646593687758,-2.6669711512707357,-2.181123361631874,-1.4708466855658562
352,352,-0.21924788592864047,-0.9881010475519441,-1.3546068034107517,-1.2147197413788584,-1.4982724109452765,-0.7123141236627726,-1.019620176511801,-0.5298363303991,-1.7122977716661694,-1.5837015730607389,-0.6266400338870421,-0.7626625843104424,-0.19074665409153702,-0.4387971956303942,-3.021317649423058,-2.3878444993354044,-1.7871720522038896,-1.611885790616637
353,353,-0.3369318445600592,-0.9968954983832836,-1.5812439821880853,-1.1313175662154276,-1.5492189400567966,-1.3246564861428352,-0.8744330837970968,-0.9770397224604653,-1.836545398238933,-1.7391145619490485,-0.3909668266501469,-1.8760964047992252,-0.1424428191337922,-0.6899977170304774,-2.5442028292360943,-2.7612665086313073,-1.2307373784428965,-1.468193788095508
354,354,-1.468492625311935,-1.2708306781351129,-0.9855620486837341,-1.0094164099678757,-1.213888686413341,-0.6390192630420679,-1.4679964925040216,-0.5203665971698362,-2.2821767921206186,-0.6809714629484693,-1.1494505187209452,-0.6569901743205218,-0.3569937662268249,-1.0399392260511084,-0.9602954513630384,-1.6647382562167041,-0.8435091636827028,-0.28110531832681296
355,355,-1.8842832623217103,-1.7530258019195983,-0.9857282125520124,-1.0112647652353979,-1.4674521550003334,-0.6587053920992663,-1.9828459896868948,-0.7462499903456614,-2.4040710518034327,-0.633239397073244,-0.9407101034498638,-0.5125703192973008,-1.22252768980856,-1.371005579129222,-0.9630091762732872,-1.7165178165283828,-0.9430585900668508,-0.38602202984703005
356,356,-1.3309452539417406,-1.2554162215523708,-0.9995248606729101,-1.018475116607425,-1.4530778929426238,-0.503209446726761,-1.5382433712485226,-0.6272755738823536,-2.2173661725836236,-0.6077544430758653,-0.5645544629421054,-0.5353577193175063,-1.404276830184852,-1.2423493531823602,-0.962164017582666,-1.6842127268157707,-1.0064267542146161,-0.3787481156132075
357,357,-1.3209292461092053,-1.7226575238571706,-0.9936626515776531,-1.0094309542371975,-1.4537419908782736,-0.5000508805219428,-1.8953583786227097,-0.6205338274740597,-2.4222840439044893,-0.5325436707474295,-1.4087735432590636,-0.4976249850664751,-0.8366099941633183,-0.7633677929232456,-0.9599537288795736,-1.715917291147567,-0.9428078358813818,0.07312980704945168
358,358,-1.5953366336098924,-2.392030604552846,-2.0121473612994305,-2.0886354822953277,-0.9240915925841703,-0.41088004303649844,-1.3541429906698572,-0.8556726670738488,-1.8214000614341894,-1.4023768851922038,-0.6714480598574819,-0.4709149301001897,-2.4321177197202926,-1.81809918499222,-1.3504169695154464,-1.5230013738450603,-1.3947041894448349,-0.6758558363469301
359,359,-1.537026008119417,-2.3332230656086383,-2.094164984618437,-2.10152512087734,-1.044445551334912,-0.4493349288573655,-1.8971919881822128,-0.9426300538695256,-1.740692040209551,-1.0776970617032797,-0.20158719120059726,-0.43656597640657413,-3.1877330784974247,-3.252964803585855,-1.4759821852863908,-1.587972716115102,-2.005793757398089,-0.6540221455633691
360,360,-0.8429442318128635,-1.9797286777804104,-1.676577006606646,-0.9892698623736338,-0.9884719904054515,-0.40574254126675974,-1.9891064356896713,-0.6550599785988189,-1.7996659048112726,-0.7487176413702885,-0.5644259191876135,-0.4548849527834643,-1.6480705810608058,-1.0912156709270215,-0.9331812847361068,-1.5416230452620239,-1.8790906849711209,-0.5580081272695254
361,361,-1.7588712078018163,-2.4679294781831462,-2.607555948330072,-2.585449282685826,-0.9601226624251556,-0.43582072901241664,-1.7373646280321628,-0.7116023403167819,-1.8294959919781535,-0.4813114802107224,-0.6487117256338678,-0.35856807270493085,-1.6308033535124427,-0.6657003598376803,-0.7089102265915038,-1.4864377223764595,-1.3237561593347065,-0.30108445058538713
362,362,-1.211805865890827,-1.5475200395351976,-2.3836217614318924,-2.1551598841906388,-2.424463082161613,-0.9857516807687845,-1.8159574826795661,-0.8824190482189128,-2.743859700132595,-1.0564989443187658,-1.099176581458809,-0.7279172113711492,-0.9372466039068922,-0.9252471343330668,-1.928460711902583,-2.568965564138907,-1.406753484198096,-0.26946427943374
363,363,-1.2482556179335884,-1.5465300815650636,-2.2426621388812484,-2.100296761044139,-2.229619110690975,-1.350132994341159,-1.8064367650841706,-0.8165096535055607,-2.79830603669317,-0.9474276949016095,-1.4992128572676309,-0.8490672130024823,-0.85520391032283,-0.8931121466916497,-1.7664113070327376,-2.553172705847548,-1.2508046300348656,-0.2889167376009302
364,364,-1.1968782901377346,-1.5107945104533935,-2.2263167602754317,-2.107607284030361,-2.230418936022852,-1.1214786137954587,-1.7283675590860634,-0.8179889009158067,-2.723310784337059,-0.9482703236922592,-1.390043791228907,-1.1767511967205357,-0.8315662486976465,-0.9143756163254712,-1.7258294405418906,-2.6127027323035303,-1.3251356443741784,-0.6857081236747644
365,365,-1.1887297644319492,-1.5322107538307936,-2.942653563541432,-2.263677414851837,-2.010187025294487,-0.8080427799837275,-1.7194780117027235,-0.8183124287314716,-2.7972734741735628,-1.1147009537716128,-0.9205238720989409,-0.8081545257897951,-0.8098325294251572,-1.2440163808399793,-2.237219066780834,-2.68138082121512,-1.389375902020217,-0.3107404464815149
366,366,-0.5398168132039354,-1.4180098516342412,-1.1086510623630819,-1.1188429208137174,-1.7390156700272716,-0.7432193057891339,-1.353278719101878,-0.7317444818528381,-1.956738281547302,-0.7077092560424306,-0.6565586353172903,-0.6387820408127788,-0.35724298609272387,-0.8668402853287573,-1.0376599053777225,-1.7074862300958182,-0.7954151983924382,0.027878778762419423
367,367,-0.535164546267137,-1.244106504208978,-1.2508016073259869,-1.118603670372047,-1.7234007445170751,-0.5280752261360657,-1.5870805835425572,-0.5598105262959282,-2.084798637298321,-0.7326068296306629,-0.4727654679879727,-0.9160205288179115,-0.9085877082122795,-0.625302709780959,-1.0695135488378122,-1.7081033871888929,-0.8066374339227994,-1.3435430063523024
368,368,-0.5527381672673142,-1.1592060223433385,-1.1299108958903534,-1.1445693845728278,-1.396412470036823,-0.5919949002898766,-1.2168605838311823,-0.4863514252339613,-2.230018153862828,-0.7046259794970446,-1.0613271531370168,-0.5664991113427424,-0.413546555030175,-0.9055262664439938,-1.0574918855613904,-1.7314697950464273,-0.8402596450170902,-0.2747642728036423
369,369,-0.5764804830009037,-1.2482109285632346,-1.0864425480947957,-1.629990711868629,-1.844342475833256,-0.815512483793593,-1.1028140303511302,-1.7628286117946734,-2.296301975730432,-0.7071249586468327,-0.40078153380686365,-0.8201465068320235,-1.1062921061825741,-1.2199342913426667,-1.0552065207856827,-1.886442615865463,-1.4028574878143454,-0.3592446589084101
370,370,-0.5486568045539479,-1.434008494264722,-0.9734486315200778,-1.0025550312939921,-1.4682785990955485,-0.881252040917482,-1.2499967557121838,-0.5189322067476124,-2.2624314967038432,-0.809088239787257,-0.7764718468799248,-0.9583953504978422,-0.7262819449463052,-1.1489248644093328,-1.0474904014598523,-1.6391952149630349,-0.7295520512997383,-0.25858159187980795
371,371,-0.5280633239435562,-1.3629390656408709,-0.9972945196501511,-1.0027050429261435,-1.502808501246577,-1.2413114760345831,-1.402879499705613,-0.8219586548098402,-2.2087253358276793,-1.0189319715693939,-0.5735846880288936,-0.488502912356998,-0.2739994732398833,-1.0688008839861336,-1.237449346362644,-1.6229252400498702,-0.7514187839954385,-0.4785443380113188
372,372,-0.48266337065302006,-1.4849166352625318,-0.9639092952452872,-1.0206672150694047,-1.2412975046423085,-0.5086436083535535,-1.423529738336807,-0.6137778121620204,-1.9549800272448492,-0.6975906173906841,-0.26667130602322325,-0.9363846771215713,-0.2457312359147176,-0.7001081676596852,-0.9441548187616691,-1.644059616628207,-0.8404724210665822,-0.9532694949390499
373,373,-0.5606093707212502,-1.145566641584691,-1.0164379317751682,-1.002054091682961,-1.499204475445866,-1.388733305816926,-1.1898875327726874,-0.6788565378850704,-2.1936541104651273,-1.1302414562741814,-0.7481185164679901,-0.9508000593708859,-0.49771626975575184,-0.6530476859763442,-1.0941849441246196,-1.6790123007370263,-1.0859285533672172,-0.903866440643619
374,374,-1.0357230194128744,-1.7514110969301955,-0.844391355085629,-1.2454421996735787,-1.258509056871684,-0.7069507909778339,-1.351062059383867,-0.7353927898101218,-2.2637060279831105,-0.5086407309861728,-0.3351881869637948,-0.6116461872130039,-1.319314977162454,-0.6523008789675736,-1.1115607278867865,-1.5175976623358625,-1.1309052164386117,0.03846257762845423
375,375,-0.7415789001581059,-1.7011266306678738,-0.7886226487026756,-1.2192304511000405,-1.2269413089168182,-0.5404788257184513,-1.67123108332487,-0.6801514315105119,-1.9457771215521278,-0.8380466727624007,-0.779500720169675,-0.5042106315108674,-1.0975162481311975,-1.1187549250851645,-1.3019759246419635,-1.5486926943063055,-1.6072816014450884,-0.7340101353870154
376,376,-0.8644973406187247,-1.7700929153316718,-1.1743811135451834,-1.073363709731475,-1.3664563417116635,-0.46714395016675664,-1.0044126982857835,-0.3214092214295046,-1.966750847377593,-0.6490003855330656,-0.24282438901178888,-0.46441728144250166,-0.12365496562164216,-0.6332042589383613,-0.8405192081892976,-1.4260077875558805,-0.8249417694155083,0.16743028694855572
377,377,-0.9607127932980385,-1.5743382310140746,-0.7868856978551992,-1.2706244770278965,-1.1950841433256207,-0.591685805642155,-1.4043133210423389,-0.6908141760170048,-1.9171393299348973,-0.8725401715713448,-0.1266801590726461,-0.7267144823978602,-1.1372563768049826,-1.327215938827097,-1.1978597291836999,-1.4986570044259662,-1.4474892765625647,-0.06653107707198336
380,380,-0.30708655510788296,-1.2045188772182975,-1.1486338441615092,-1.1081224086789334,-1.6980278123368637,-1.517415007289593,-1.1775213946150078,-0.3559221277830146,-1.9687926957541553,-1.2268671568904121,-0.5177467642181501,-0.9224174127063319,-0.6947398750578493,-1.698350603039645,-1.4546358772630799,-1.997475766065752,-1.3737323499928729,-1.4850303410020878
381,381,-0.3043681796791025,-1.1633463933453192,-0.9872046941991621,-1.1161781889322515,-1.4590050439926232,-1.8293402348395331,-1.0195102963935518,-0.8146381635470219,-2.1436094867975366,-0.8801995587322484,-0.47798316113678957,-2.415929896107892,-0.3377000715929114,-1.151038431476402,-1.95723176715582,-1.786623126595582,-1.3461695619162157,-0.01846950098295866
382,382,-0.6160844359784876,-1.1995471469890395,-1.197778096837514,-1.2787169830341611,-2.0169186498860308,-0.5688742258714068,-1.193880912824119,-0.538149382985154,-2.3349844890495355,-0.6312346403801841,-1.1007562223891092,-1.5805892351426816,-0.42090852090023523,-0.6660273905087148,-1.1990878377235155,-1.7693976846568555,-0.9265977797856862,-0.5008674456206541
383,383,-0.6052381967266508,-1.289004248756433,-1.218654520915968,-1.248592635269817,-1.899624343475486,-1.3126165416321336,-1.3102781322111172,-0.6429198382277049,-2.3086497972513125,-0.7742562034266767,-0.6143861377585111,-1.6513413576837093,-0.5665560785570786,-0.7003935914256998,-1.130652719264586,-1.768867327201793,-0.8520800021898421,-0.41705549693160265
385,385,-1.195559035423957,-1.2134925174308386,-1.2762411338514112,-1.3350165058263814,-1.5618297917098232,-0.5561858703605567,-1.1577672673509856,-0.6784577032566693,-2.276084110800158,-0.6275514798353251,-0.42178519141968923,-0.5619058279868191,-0.40502665680821304,-0.5715150536279366,-1.1104114040071087,-1.8457354179225238,-0.8755826816412768,-0.10274504091166493
386,386,-0.8575156472533858,-1.700388677496735,-1.2637624112268229,-1.183550465873505,-1.64854185337603,-0.6077285148588792,-1.1343783068726874,-0.5013430155073221,-2.444469479136679,-5.258064225806626,-0.3642137666422272,-0.6700565145661846,-0.5603352833097538,-0.599275991167024,-1.4172548657638164,-2.1173673062348177,-0.8048876245259199,-1.4182290888986788
388,388,-1.2406668923737731,-1.7201642030408704,-1.2796346742128755,-1.2647767689247815,-1.5035635904955968,-0.5326240169984396,-1.7971317790935104,-0.5235037588564951,-2.1938304528507517,-0.5954137569823224,-1.636526827026766,-0.6854461919257028,-1.254221075982205,-0.8273834846286714,-1.1311167273586027,-2.055614238216756,-0.8729832174989801,-0.2513849119127156
389,389,-1.5411606849109962,-1.3614333288805682,-1.5213884240822668,-1.139694856567323,-1.3662738401292753,-0.6973216456808575,-1.6169420158661574,-0.4957618704973558,-2.2534111493932887,-0.6891422621054194,-0.4686601833012614,-1.787334292921267,-0.8114794945250241,-0.5109601779854991,-1.6337306046355469,-2.0535384747797036,-0.8529562507551026,-0.09622269389310711
390,390,-2.086042106388187,-1.6610243820085109,-2.3501697790637923,-1.7493494786578847,-1.926490801739319,-0.6297241995976955,-1.8804129276793298,-0.9908982483928469,-2.621631085707837,-1.1541817188501278,-1.2808677692009245,-0.7945654056998883,-0.6960957012397679,-0.8022487566685209,-2.137669185451698,-3.2463396964497626,-1.1871736770886703,-0.3209684943902864
393,393,-1.6672812669917076,-1.4228115224581854,-2.2649647067187173,-2.142800927915481,-1.7991105161086214,-0.6282657329946668,-2.078632010326463,-0.712082305982184,-2.6079437497619122,-1.109854070483791,-1.3694122009872898,-0.699061238078868,-0.7595525025964095,-0.8505377297311942,-2.1267109439898304,-3.1448966637277644,-1.2077637225946882,-0.2500596353331631
394,394,-1.4988448786508237,-1.4489165108010638,-2.1330609125153495,-2.0161764285033823,-1.9149228701018912,-0.7252943048726245,-1.8520776538347277,-0.8383337398927425,-2.7340037377170097,-0.9244726621390343,-1.8206817939287117,-0.7103481195758344,-0.8371166263908901,-0.910385091434324,-1.946842553511154,-2.9153530196247304,-1.699957292622845,-0.24141712955581904
395,395,-1.5209239960640624,-1.5101200743786116,-2.3239164319492325,-2.052401125413149,-2.0958420420619803,-0.8797905397358012,-1.9344371099672293,-0.7691655963745496,-2.7928801126594016,-0.9137935364460826,-1.6080618602526067,-0.820740190881524,-0.7969735460142834,-0.8274748697094154,-2.1039332562640958,-2.8378244774892285,-1.185663543816996,-0.2105107928102804
396,396,-1.2736982892540378,-1.4536275365060458,-2.3243257678839795,-2.0550420509890475,-2.091224291852882,-0.714757469750293,-1.6953606309996796,-0.8195135807830908,-2.7130660478376427,-2.318786897362194,-1.1351492007778559,-0.7905841115766189,-0.8047673524998797,-1.1407903123466987,-2.1906305495637453,-2.955770532741014,-1.272478688104133,-1.2353312699129155
398,398,-1.042845383948632,-1.4530908231043174,-1.560804434378246,-1.4597832786975724,-1.6810352865739042,-0.6920797439950401,-1.7222554311086393,-0.5733973481292344,-2.2871221284475323,-0.6716142244352215,-1.2432187632217002,-0.6795989508876108,-0.9246820288718096,-0.818155334688844,-1.309685562849027,-2.140032096596719,-0.9095283527252428,-0.15059222777537504
399,399,-0.8755015613501078,-1.4116182865146294,-1.723696355402931,-1.501168048000941,-1.7015397555157383,-0.6618609937557078,-1.8623435521157066,-0.5859584720725981,-2.478461398213014,-0.7155151382212607,-1.3441523299323728,-0.5769351795979518,-0.837873570908087,-0.6421454284667643,-1.3250620258590853,-2.1777781885727774,-1.2885807207224145,-0.5464884686139785
404,404,-1.9273149085327739,-1.6744460078368268,-1.7007766692725,-1.4019514739661734,-1.6529987728111273,-0.6846292872303191,-1.8262099559823266,-0.5570494191239195,-2.3594479856606863,-0.677445858307099,-1.4715129412301118,-0.6101741654727544,-1.2209716659553091,-0.6121890850835879,-1.6565389353048148,-2.4752535069278663,-0.878222749156824,-0.22736563139704305
405,405,-0.6571633877824854,-1.5924435810069777,-1.8526998984811307,-2.010138562278067,-1.7009690646650084,-0.9253431985040457,-1.6884876805834377,-0.5598419000804443,-2.122026252425635,-1.0881997697995005,-0.6227989498980906,-0.5839561544161119,-0.6079541098426908,-0.6769937321096358,-2.7212048841135097,-2.692734820412084,-1.3471631971324225,-0.1414812208047426
408,408,-1.2633788292900985,-1.8304560773194447,-2.5332615291639877,-2.1783782899123754,-1.5754548343609185,-1.1220558103972411,-1.72571008572241,-0.6979205308635463,-2.549461524315861,-0.9386233078684816,-1.081911582925201,-0.6296671190265164,-0.8268037080137894,-0.8572606856293811,-3.2755982912032127,-2.975511600676427,-1.0484359941603716,-0.11789030117021432
409,409,-1.8012048180179012,-1.501990367776976,-2.003977177765369,-1.7776416615794826,-1.7332439995333293,-0.6362753832559394,-2.3796147267728083,-0.666915143866202,-2.6641027231052012,-0.9207948649868154,-1.5761497987926938,-0.7760988747392809,-1.0028320908536719,-0.6948649864409944,-2.607110156827856,-3.181542506766716,-1.1235294232929907,-0.6548763927057935
410,410,-0.9819904674577715,-1.3853291082577202,-1.5174380381236143,-1.3820799477423182,-1.8599894890954243,-1.6690618485986382,-1.6356929261162687,-0.687643818615667,-2.3991059118609903,-0.6874453591299797,-1.1327967751796835,-0.9070816537790244,-0.504015458936931,-0.7862135778607432,-1.2694881167633536,-1.9774289395487974,-0.9331231074081714,-0.32246026592701077
411,411,-0.9254881429843336,-1.4286124245115654,-1.5357871009602688,-1.4568622779327693,-1.8321932618217578,-1.1695987005131878,-1.6069583181721048,-0.7143718219224259,-2.5295960875638275,-0.7164654837627337,-1.1344570098176239,-0.7306320562270102,-0.6413261481391108,-0.6279905319030238,-1.2160837847816126,-1.9863910058836982,-0.9178870299536942,-0.1627965074826089
412,412,-0.9146763365025736,-1.3097875974623543,-1.5006754517877843,-1.4504803682722316,-2.09457695651834,-1.2764891362152562,-1.7158127405701973,-0.6278138517610832,-2.5357155487138043,-0.7315540866402449,-1.474066509237327,-0.932846668914985,-0.7154945531459211,-0.6849510821566172,-1.2127235744924674,-2.009265306480678,-0.9457247407491739,-0.26343604084072403
413,413,-0.808295816207581,-1.3746176178570604,-1.4570616482957428,-1.4708440499285886,-1.8101583589000128,-1.4213543229641061,-1.6253945101730767,-0.5930180311524602,-2.3902470214078813,-0.6849144871300844,-1.0651832568602315,-0.6023976549702091,-0.48209301551980427,-0.6796960084462331,-1.2890483561859447,-2.014090316937342,-0.9339058329514436,-0.08783589154373772
414,414,-0.8315179320708953,-1.2523549690220248,-1.5918433529142935,-1.4712146461705164,-2.0226052948596855,-1.4672548514098667,-1.3623494405908934,-0.6104855201421964,-2.4442367384002193,-0.7016192061403926,-0.5311504566001106,-1.0476763987794977,-0.5510641424000031,-0.6761953383357691,-1.2556230207566619,-1.9807572713611996,-0.9451993935912425,-0.08601611925574762
415,415,-0.8640200901015316,-1.3456874541007562,-1.4835085798995022,-1.494749375820112,-1.8288132655810494,-1.5470148975548785,-1.4721546096872458,-0.6482936144694246,-2.4386947668507677,-0.8204888473930725,-1.2268503270100375,-1.0486032981356697,-0.5157436340082937,-0.6533357382420947,-1.2238422228162724,-1.9300733055320085,-0.9308251393435588,-0.597494679674484
416,416,-0.7206835703735616,-1.354253316330817,-1.452628378819922,-1.5311162137776309,-1.7330415019513454,-1.042227897161511,-1.48632083664584,-0.6818394489655721,-2.446162776143368,-0.7181274083962323,-1.0063667916417358,-1.150145962955449,-0.49977117343260347,-0.7017704133534725,-1.2248920067789053,-1.9382750173252177,-0.9337221699022417,-0.0853122005364295
417,417,-0.8789054172450004,-1.3100179124536333,-1.4824761570322234,-1.4526759204659723,-2.1779959180628095,-1.1645891134174469,-1.4143017061873373,-0.6820882263045728,-2.5035670496468327,-0.7487003488767343,-1.4389169035166849,-1.4037239764603902,-0.5201996664527109,-0.6436156513840191,-1.223385202637968,-1.9183024284035797,-0.9590192380193371,-0.09711352881967289
419,419,-1.9759881348640143,-1.700632396771248,-2.3363444140046306,-1.5606547267076345,-1.7883021380525879,-0.942730962551088,-1.9175532644011146,-0.6028395116007472,-2.471999622945786,-0.7761448960787147,-0.9990480732133562,-0.743448791288684,-1.3066798931321864,-0.6495017324047915,-1.7870270638520402,-2.677224037389567,-0.9909955667755439,-0.19208702234570602
420,420,-1.7495732808525437,-1.5339744456408326,-1.9294878213002398,-1.6093177523538365,-1.6983345841694517,-0.6320265706449796,-2.2609712982753694,-0.6320116812551992,-2.5878991341202147,-0.925001565473668,-1.2659749294150813,-0.6063411263754923,-0.7561157717489093,-0.6438348566426378,-1.931437175769323,-2.775520557761092,-0.9401071377541269,-0.08963737615502441
421,421,-1.7188622446052013,-1.4308777724814299,-1.9668170841375203,-1.4678402886339892,-1.700479524351465,-0.651762938817805,-2.124491821813775,-0.6141749560092079,-2.5312460792175457,-1.3454079232724987,-1.0377092020113017,-0.9460274498630743,-0.8087298684921442,-0.6445122444944622,-1.7141272439741184,-2.5963080604725985,-0.9356144395106402,-0.2084359383907969
422,422,-1.2608242229890285,-1.4241128716134204,-2.0676329477204973,-1.8442904361924564,-2.161833752318848,-0.7378822360257612,-2.0742133970536685,-0.715538105739109,-2.6507776898366986,-0.8331809473246229,-1.513821527742536,-0.6617960561626974,-0.6622518894700489,-0.8204486770116663,-1.6873256824244947,-2.6234538101228626,-1.2108192918550227,-0.19386763726083148
423,423,-1.0760933653318898,-1.393834120457875,-2.1945343511255757,-2.009042596518505,-1.8646326607020103,-1.2946488399718035,-1.700864716272317,-0.9549688508365821,-2.579046910166311,-0.9565687369974099,-0.6413947684684652,-1.1858183934477027,-0.669624482510947,-1.9804424569191437,-2.337995084445731,-2.631994880561237,-1.2152356840454264,-0.2065668343930725
424,424,-1.432448400936523,-1.4550049939560747,-2.1991681790445323,-1.8115096448490131,-1.966042703767727,-0.7334707941138685,-2.065720274336255,-0.7318139674822267,-2.695850187815969,-0.850567143469084,-1.1653957444718541,-0.7123332974371034,-0.7796734760894454,-0.8215972363339088,-1.8883831485486537,-2.6715984951587144,-1.070516319053357,-0.29582981484363063
425,425,-1.458598503628903,-1.3820957043931419,-2.2484246189527086,-1.896426032504145,-1.6844624605599723,-0.6325136137416384,-2.0109701896493233,-0.7484915389287295,-2.6185482452309317,-0.8779920501108821,-1.2679371928640575,-0.9259600272945193,-0.6916924496958581,-0.8875355830840955,-2.1971029299368947,-2.810935416186476,-1.1417654657345002,-0.20465875735754116
426,426,-1.4846134689050567,-1.5215634375238216,-2.575681293982851,-2.215800190587822,-2.1584413750223934,-1.1299257059119414,-1.9167840722570813,-0.8007374271135518,-2.8047683044277822,-1.0127229584465454,-1.4906875929696546,-0.7156942768544471,-0.8902476340203085,-0.8669775851855386,-1.8281414001288272,-2.6717424668970797,-1.5822972773003483,-0.2569826126804181
427,427,-1.3727920819739394,-1.5045760963346826,-2.215438647706651,-2.040468860511985,-2.1759165032342054,-0.797814872112826,-1.9646231764534445,-0.8731833514527363,-2.7667177086975534,-0.9314079349959227,-1.2698978349070709,-0.7076810534782968,-0.7863079055689647,-0.8621110530817806,-2.1929607998781613,-2.718130448287426,-1.2220266777113817,-0.23496439154894347
428,428,-1.5030382842380576,-1.5728528460283147,-2.264752778231916,-2.1023414181318705,-2.2466922573643133,-0.9951248319992141,-1.8636830662218924,-0.808077456340167,-2.7752338888608987,-0.8896698852679408,-1.5902484879929388,-0.8015011135351228,-0.8243893810904416,-0.8772445944558953,-1.8021155509569131,-2.690631061886611,-1.3035958256804698,-0.23434792650396538
429,429,-1.1762773408962086,-1.5494707023484637,-2.684145457403618,-2.070161164421749,-2.0994769652752368,-1.517939369359416,-1.647528729525725,-0.8545302183261195,-2.819334529366068,-1.0597374490463247,-1.2717772320410607,-0.7398122141191249,-0.887091881365565,-0.8689895143988188,-2.0754652143437524,-2.7810017619949807,-1.3144164129792075,-1.264595724621421
430,430,-1.780015048830129,-1.2518797374867359,-1.312522579643187,-1.1774569447608005,-1.6368591237079846,-0.8448770575302347,-1.618311049723983,-0.5300851867976609,-2.3785201088561383,-0.6073741349349316,-1.4313399327895742,-0.5784284566231938,-0.7959814441208364,-0.5218073990883582,-1.2365158527165976,-2.1272077990051472,-0.8924556229949455,-0.20736737447414422
431,431,-1.6290366010534556,-1.6960291715472455,-1.4329093385626968,-1.212290893794721,-1.638307177631171,-0.9867507812933489,-2.0508088745281197,-0.5162743182201863,-2.327459880340786,-0.6352376644327644,-0.6557484266013892,-0.7078374689267968,-1.0571605745652854,-0.5226472975164752,-1.4628728433671614,-2.0649876747140303,-0.9079327234180421,-0.09843776910627099
432,432,-1.9187296303040189,-1.5111595553140207,-1.5336570508006382,-1.1752162004849118,-1.8494876079248754,-0.5550251379868055,-2.0398308194729817,-0.5114534556872575,-2.4011521984177286,-0.6079300624060506,-0.5595643603745872,-0.6448690846742274,-1.1814118655022945,-0.8055203418861997,-1.2140080920119454,-2.1512941971918687,-0.940690281755203,-0.11755732619962711
433,433,-1.4546168265334605,-1.2905556921946788,-1.6167376560175748,-1.2432550660332717,-1.5237316412617585,-0.672327768168157,-2.163933465170712,-0.5143237883794383,-2.093493348332385,-0.642129031632217,-0.36309633925728024,-0.538164003472988,-0.36269598302248796,-0.7467587302451691,-1.6099213215815706,-2.255937195396688,-0.8259163189630108,-0.14193971930582863
434,434,-0.5637935945190441,-1.2218121274893836,-0.9416014973848742,-0.9792492670325964,-1.5301812542193294,-1.0000114332246577,-1.3935109209986882,-0.5285753888878366,-2.033052403990209,-0.5373032998701691,-0.31288153985445055,-1.1113333470305802,-0.32398950113811814,-0.8474613904487928,-0.9250461252432126,-1.58180945516335,-0.9176655970991232,-0.40799001287276093
435,435,-0.8499624072548584,-1.158606977847228,-0.9486402461307777,-1.0297096821492757,-1.8277407297426818,-1.0319439960267243,-1.4776235383457375,-0.5454583551945285,-2.158825036891192,-0.5931118514051774,-0.31480888471815954,-0.5186404137699292,-0.49556435622626727,-0.5068040039216603,-1.0001097691068763,-1.5888377647681522,-0.958341861323996,-0.1754348712675758
436,436,-0.5842089314075828,-1.378943474399603,-0.9687564069900592,-0.9853710758157458,-1.544735137285399,-0.6574029872088831,-1.343846269187305,-0.5375838513923971,-2.164019491938718,-0.6685060589918713,-0.27056838299979563,-0.48097364244229357,-0.2275413446812242,-0.4270894786908959,-1.101567975108636,-1.5711295831967536,-1.0670164447198542,0.06742970481780067
438,438,-1.4900461200576567,-1.574394908309568,-1.14514710715993,-1.1518156580143988,-1.472669920416469,-0.9023431671277431,-1.8377870546841382,-0.49300934242035815,-2.4690995222988374,-0.6586465252659387,-1.1406376886503469,-0.5955067342255992,-0.35944383669961083,-1.6142785910853727,-1.0943373926436508,-1.784020374229168,-0.7872692335556826,-0.002615817339393506
439,439,-1.0829336997004226,-1.2839414633008297,-1.2612393294035358,-1.108453422034941,-1.6375992285034309,-0.5380438165830923,-1.4744836186481434,-0.5763107952658547,-2.3505326954457915,-0.5965947772394593,-0.619483337031203,-0.8481744839841268,-0.32601229301606033,-0.7548940075391098,-1.3577868070494896,-1.8252386286046323,-0.7963298103483064,0.01992644275629666
440,440,-0.8388753850615326,-1.4500242512469763,-1.260664921715838,-1.1071416540631946,-1.6340225255429583,-0.7031949577513477,-1.8542842938099913,-0.608660566931214,-2.312679365602805,-0.58587217240339,-1.4270979459911164,-0.7063521157862857,-0.990108811172174,-1.0114522065799103,-1.0651463554869467,-1.8006940979720247,-0.7870429654083784,-0.0895276867170389
442,442,-1.2316063472692846,-1.4844485052094303,-2.044711600139159,-1.5608473079935739,-1.655944561028605,-0.8239616408090632,-1.860414049365947,-0.6250567648589694,-2.5301506575764403,-0.7795787453377577,-0.7528004362005101,-0.6054048604457634,-0.8750902238148882,-0.6596186717984563,-1.632816819901581,-2.297267247585226,-1.1038821589575276,-0.6495958354988453
443,443,-1.426352273979286,-1.2804902334844994,-1.9947294145931413,-1.5235750008142674,-1.9007074932708332,-1.7828685608957202,-1.6662170916708035,-0.6254716942422575,-2.381409017546133,-0.7149731135780429,-0.6682544064467147,-0.6282523458079068,-0.5927375631273959,-0.7790963132926011,-1.6031314451653185,-2.4042489651565804,-0.9641039124982357,-0.08756720813115833
444,444,-1.2362874718585237,-1.390820636639574,-1.8147157690624955,-1.6797126888800848,-1.8370144997185407,-0.6577770201629711,-2.077478485323808,-0.7894717093284641,-2.468989837641267,-1.1171109265174468,-0.5566321828129568,-0.7445147172880954,-0.7318717248587774,-0.6683721825904959,-1.6467879112200652,-2.46627963686237,-1.0554491946680742,-0.6491882735255196
445,445,-1.1269230843817004,-1.3684496280163974,-1.8748411802380416,-1.5653077068918073,-1.9425294871155838,-0.6885798135866539,-1.7842485679468438,-0.6524748260441711,-2.4908887628183276,-0.7142069067221806,-0.9645276799806022,-0.6088890847758982,-1.0315517409761812,-0.6793687429844154,-1.4371696268297565,-2.3141788595669714,-1.0605056538151938,-0.13775325867659755
446,446,-1.4612930573943839,-1.4571262359104387,-1.8454695870215234,-1.82795651685666,-1.7059395713817407,-0.7133683817550965,-1.8850917747465519,-0.6416064728957409,-2.583414345972369,-0.8085821722328586,-0.5175808729526608,-0.767391193000064,-0.5473822167644047,-0.6719491321895252,-1.5237836530971034,-2.54153102715164,-1.05432496844521,-0.10793110025087878
447,447,-1.5383820692360999,-1.3411582225908774,-1.8364661344697268,-1.6604499533189079,-1.6981899101342135,-0.627236166355693,-1.5854697075041266,-0.6627703010187119,-2.472543487354975,-0.8924849919337884,-1.1707901206012932,-0.6278419254901343,-0.5448191858333797,-0.6717531026679378,-1.8005919386689122,-2.4541819500720097,-0.9753829224979242,-0.09967026287921786
448,448,-1.155861018697752,-1.3016384641843153,-1.9425486732017618,-1.95483266184777,-1.782750367388608,-0.6824178089700413,-1.9050551464634502,-0.6408516977760617,-2.4420857183907656,-1.6384561523278056,-0.9151496168646481,-0.7093852785354526,-0.5551878090094882,-0.672349490476108,-1.8466340823182312,-2.4854989085560693,-0.9731140096846936,-0.10594988915743207
449,449,-1.4696297210212137,-1.5819689136442878,-1.9281607211326954,-1.8160935299953893,-1.8157191557236927,-0.8490626555636422,-1.9822632586144262,-0.6476485650429039,-2.6240337272118244,-0.7997434950654689,-0.9363547689286056,-0.6217798550065162,-0.7076182854256122,-0.6746398934409589,-1.7861230041224307,-2.529714258837303,-0.9999423184713235,-0.11297308202102939
450,450,-2.4739005202582107,-1.7273742635805132,-0.9812708531178662,-0.97024313250998,-1.3396126039613216,-0.48847857371048087,-1.82215406235408,-0.4317764503628116,-2.094892186145393,-0.5666865338325585,-1.1664274352460995,-0.47535221571614555,-1.3174038023808494,-0.5346376974871669,-0.9797485337278984,-1.8436031712126275,-0.9680335586400225,0.10041864967343625
451,451,-2.012427535486749,-1.9817346240049993,-0.9922052624752081,-1.004165463299201,-1.205821020483815,-1.3391454412215467,-2.0900507294992203,-0.4038732722533709,-2.2874406416324917,-0.5225873067545833,-1.344489704687337,-0.5019117603253586,-1.3656155562216967,-0.4225689124304123,-1.0492117010040818,-1.8251374853257616,-0.8921156355098954,-0.13777446235810623
453,453,-1.8156325314652078,-2.1129514284955255,-0.9532625275024316,-0.9683223168132279,-1.3904280812050487,-0.5608004709970442,-2.4438362406426637,-0.4389632292921635,-2.4444642775850625,-0.5438914705890333,-1.4186385954050527,-1.4530048119410632,-0.8462776478162526,-0.682151753350924,-1.1256497660662437,-1.826450558676818,-0.774281607949692,-0.04071668335224446
454,454,-3.6325942823903947,0.16173670117457983,-1.727540675793183,-1.5077356895111222,-0.518355099738837,-0.5259498289070285,-3.805537681088976,-0.7284979281657258,-1.5605716480122225,-0.5183488501110037,-1.4865035317597983,-0.9439683891929177,-1.1137464287450713,-0.5572054021947865,-1.509699581268821,-3.138622741251542,-1.4536875847113975,-0.8104820479528946
456,456,0.0651832893187964,0.1368262771249973,-1.4896725813331082,-1.6021621540543562,-0.6140859438913318,-0.6351802535496102,-0.5380097436688748,-1.8952115462960872,-1.0414600181685074,-0.37496620494921307,-0.5493476803274137,-1.184355620405274,-0.23579580473276354,-0.19748462586279156,-1.6928220519003632,-1.8914403191830098,-1.2254043336243994,-0.8997376720817876
457,457,-0.677413806412199,-0.15819445105879598,-1.0959448423664317,-1.1203436910671418,-0.7757802485403577,-0.613690260320357,-1.3195408631118302,-0.45180296823873156,-0.3840282904941611,-0.36224391453451654,-1.2276815692825749,-1.019434669131669,-0.21308507240160907,-0.18781495696517964,-1.3462070646761206,-1.8283076728989724,-1.0761538530104728,-0.7765731144621628
458,458,0.07933407669748888,0.04727660485046081,-0.8117790497910663,-0.5707006501846483,-0.39051396545304085,-1.0447803240305857,0.2303065345931152,-0.8858991489573063,0.1537019971247585,-0.8560774767493913,-0.275139466716665,-1.8519298564334883,-0.12788344509286614,-0.827401514066579,-1.0119123634535485,-1.5120396637850302,-0.7474202377830673,-0.8186787365376832
460,460,-0.8276495995148654,0.1700153496007505,-1.4890260457320386,-0.8007058964792532,-0.381424703874691,-0.554626210088237,-0.7546160909674636,-2.0041461196993025,-0.5159393072458283,-3.304285055286203,-0.5208500601807297,-1.0881110068153648,-0.601290782488112,-0.23686446418697144,-2.034241820689874,-2.421163493486333,-1.3644892247856024,-0.7851263949561507
461,461,-0.012404855255225306,-0.328659758246846,-1.1031968479775869,-0.5966908313953763,-1.0044645747228675,-1.823318420234259,-0.14339160875250562,-0.17926961022250232,0.20123860044320552,-0.5213944585076591,-0.36218073074448465,-2.320940680452797,-0.18944970049849624,-0.19501806767239138,-1.1934830810744694,-1.6485825069900895,-0.8160712580879276,-1.1747001486951316
462,462,-0.3783404702023474,0.06411815383584135,-4.462686388761881,-1.3548377892278798,-1.1440138619574034,-0.6097194461091123,0.10974097204376293,-1.5260382482805563,-0.24837827952694685,-0.4631585580472919,-0.41274627492775534,-1.4293525475947118,-0.38743691019977244,-0.7846830378125232,-1.3183354597653327,-2.028156536796327,-1.455637586578313,-0.9116799885674954
464,464,-1.7587285052543076,-0.3405482827195609,-0.8977901006832647,-0.9107606073926698,-0.9999278924984109,-1.0080338538664395,-0.354453183235631,-1.9188595536164788,-0.5258445736363784,-1.5001475651531635,-0.3478548227966584,-1.9535274085034586,-0.5679604354066875,-0.8690795498957355,-1.9714216769337432,-1.6039777935334807,-0.36651045161659923,-1.6447412144157185
465,465,-1.0372852361548786,-0.35396661000781254,-1.2574972759888319,-1.27852044443646,-0.7010615114872664,-0.49019555013659466,-0.1343734245122385,-0.5091196891459528,-0.5950070167162481,-0.8626851825575002,-0.3749054421344588,-1.418275366130487,-1.2887729026286907,-0.3293407167888021,-1.2856109423915845,-1.339881891022769,-0.4105950356089711,-1.0738833676270576
466,466,-2.8236776520883735,-0.38891896660897257,-1.013354707686224,-0.790365492626922,-0.4368690060966429,-0.8266246562569977,-0.17285752291430917,-2.213830320799405,-0.4764857987593722,-1.47908979679461,-0.7182420832311502,-0.49209497220882176,-0.28718520183088836,-0.8092396603237415,-0.8931303067816319,-1.447448671229256,-0.853078808951188,-0.5789096981390939
467,467,-0.4144404660968795,-0.6728308165653303,-0.8195202474016561,-0.8755737656852484,-0.6103486243144526,-0.45942743057979296,-0.8335349467678689,-0.5262209213739465,-0.68509306766545,-0.3289465839529776,-0.496363789780198,-0.6894248881999305,-0.2666364601773724,-0.33343829856712964,-2.1226741872261163,-1.4465234408520777,-0.3843972487409491,-0.34268843992693954
468,468,-3.0449021511255374,-0.2638863860604641,-1.1249723056105094,-1.3396157819687282,-0.28567039452870513,-0.4406303963512913,-0.21503472243096985,-1.268944194516393,-0.39415524088807685,-0.7427298726314232,-0.865898954080162,-0.3741903496990401,-0.15734527092420336,-0.25468913432171714,-1.1501506357229467,-1.941669762244504,-0.25407652260154445,-0.11231127052974436
470,470,-0.8888395660851554,-0.34966854819612814,-1.4670845336681873,-1.5645407219655787,-0.33868921543920716,-0.4538895608393315,-0.1850992851682519,-0.41742671243241913,-0.404398553403172,-9.020867571299519,-0.24732035719473797,-0.4411261433495973,-0.4178208587816895,-0.22335113987344124,-0.7688998321345544,-1.7534790107413996,-0.25927079979883444,-0.21205423887021702
471,471,-1.4190277100842796,-0.6180671409161065,-1.3785105136053875,-1.2076236472074529,-2.837700073877242,-0.6261699081264389,-0.23708075944011692,-1.099384457802801,-0.5293020321209091,-1.79838614031604,-0.2967422643167631,-0.5672170648683644,-0.8235357837698951,-0.6081815333606622,-1.133176035475981,-2.4099880004025964,-0.33216480840039564,-0.11142810151832534
473,473,-0.39881465776906916,-0.4238283372189436,-1.5450981259165864,-0.7393429719800093,-0.3833635149840545,-0.4612287707783947,-0.3187037919589678,-0.5675461542346469,-0.47913518465640353,-1.5424221216534437,-0.3156752797695937,-2.5254096291265427,-0.3955368218750878,-0.2932677515586553,-1.5326795967502764,-2.908981037918602,-0.35079863664747574,-0.29315158792845986
474,474,-0.49268958773113064,-0.3203809707408763,-1.110539856377585,-1.2422444136454205,-0.36247573771195696,-0.5663842291688785,-1.1634190732462137,-0.5112578541197539,-0.42071226755828767,-1.4057031284951322,-0.36547826778442855,-0.6094686712780097,-0.20977043536308193,-0.40843980253635426,-1.150769550648591,-2.4732277472568813,-0.7318946314854995,-0.47531291617479493
475,475,-1.5038014413622194,-0.3140864848296255,-1.7361931333489626,-0.8190695048055672,-0.4037102417823935,-0.55810851977463,-1.9202835629244035,-0.5483915088849213,-0.92929874066611,-1.702499345625041,-0.34612516154808487,-0.47901592808938137,-0.2737432684622265,-0.8690148293290668,-1.5391378091261987,-2.2255856037039825,-0.3563907352125732,-0.29053797579497753
477,477,-0.9757921899645815,-0.7086545362973223,-1.6929118636427467,-2.3867871218315377,-1.1779218870278096,-0.8537086104594859,-0.606516526413698,-1.0945249684914797,-1.5349472867889125,-1.2181532056006386,-0.6854286020022682,-0.5776636332509675,-0.6318323474691074,-0.6255780651194235,-1.3616779418264837,-1.9350149681392481,-1.068916207556407,-0.4119760581286363
478,478,-1.0191059387453199,-0.6681819940750775,-2.0278702540126865,-1.7467713931358506,-0.8386559145462558,-0.6629526497243377,-0.6713453561923062,-1.7780157494918751,-1.3023293611548858,-0.7754557335449357,-0.7292862776862965,-0.9086601680014137,-0.6168023822401674,-0.6267651943184415,-1.2267352252196178,-1.9961053268122293,-1.8188859611027586,-0.45087506784667686
479,479,-0.3923096477750316,-0.42431430561399736,-1.79387667310507,-1.3199007683486348,-1.2020174721191246,-3.089426769197201,-1.264155096119696,-2.258791816610983,-0.47263032847635206,-4.342102752558407,-0.362941500482783,-4.825410277457356,-0.2344184770850762,-0.3362539061979244,-4.34514313567413,-6.538250022246412,-1.5620038103798213,-3.20463331695015
480,480,-1.0193506625727804,-0.6752677926827431,-2.308551750236177,-0.7883922797271101,-1.0571635613844923,-4.426459891267969,-1.2548041390514366,-1.1922932646217712,-0.5205348671747864,-2.6154371417296884,-0.37271204031439553,-2.334989730375038,-0.23061880721442185,-0.3189888249429268,-3.8254441832820523,-5.674418383688241,-1.144697284976037,-2.2340192079802836
481,481,-1.1028079427466895,-1.2920379128618076,-2.5335434728253987,-0.9192547578842449,-1.01322719468017,-3.6577075722625763,-1.0379899032337292,-1.9406320211517127,-0.4423502115586749,-2.7944911581226575,-0.38129084329162055,-4.541192596073485,-0.3500399046752249,-0.30816585943735164,-3.8496661010588373,-6.076164285529712,-0.5488573409391315,-0.7405441444428893
482,482,-0.40078250254383063,-0.5351170359479646,-2.4952827011630943,-1.239250942954717,-2.4066436530578486,-5.379063772300123,-0.8662006537116874,-2.3200399271809276,-0.4486611346630495,-2.594008634618335,-0.4144616362888214,-3.6079919960498277,-0.43959749523900093,-0.9561078627481157,-3.23529776186886,-5.515851536483773,-0.9711981112305077,-1.3659027755804292
483,483,-1.256649196002936,-0.40297936259406875,-1.3232707433750992,-0.9585947604822471,-1.3212235473965257,-0.8581150712781523,-0.32556230637573497,-1.2676013667756407,-0.5921120682393028,-1.908448513780594,-0.4958026964123563,-1.2011063933054116,-0.5041134564085233,-0.8721602919793625,-1.3018717898113745,-1.6555334172152547,-0.3620437528253666,-0.5480809476606051
485,485,-0.8906344521560025,-0.3630948679174391,-1.0719014156745792,-0.8514306099376779,-0.730324121605681,-0.8830620497267547,-0.41949825429920534,-1.0380068863594802,-0.602829302955901,-1.8215675722908888,-0.5757221001083354,-0.6497013434432071,-0.26831396856760525,-0.3239512201695363,-1.5877956609493928,-1.9091469023342393,-0.36417317749240236,-0.49644982953535277
486,486,-1.1438649033525596,-5.241420925211238,-1.0808090318363663,-0.866477102794961,-0.3778074803491872,-0.6488557208550565,-1.1454453271994607,-1.1634582250626069,-0.6447730457826525,-0.30647476274415525,-6.663200695017884,-0.4080546386758131,-0.2701318486450147,-7.756205665128999,-0.8529291852966944,-1.78258156762754,-0.6610665482989979,-0.3066397322665925
487,487,-0.7390194446422043,-0.8411992177239291,-2.3799932772742936,-1.2961759251284635,-1.7679225272793115,-2.8266601164072847,-0.929386503442919,-1.299323867852547,-0.49432083733300947,-2.4474289141513346,-0.8728631408726296,-5.36654716373739,-0.283338009838188,-0.8931406739489047,-3.493196760547341,-4.203789414758326,-1.4329688789364625,-1.562937949872779
490,490,-2.650481176866424,-2.8587645050541557,-1.4312196686326604,-0.8581409435983383,-0.8338968076066184,-0.8790641274289743,-1.470941054064609,-0.5179862540770067,-0.838438452540369,-1.8972868633345081,-0.5993511422517896,-2.104434333978517,-0.4557514226106697,-0.49423676826323815,-1.0534455040264752,-3.4893562872577735,-0.6066511682389322,-0.25845224488407087
491,491,-0.7338088141298645,-0.5528610408806114,-1.4862613628700854,-1.1517993700281604,-1.3558456085277988,-0.6990752035496313,-0.43860488206667025,-4.866352764250313,-1.2967964292241922,-0.6767790006388475,-0.9210095861984081,-0.4951990189465323,-0.6103359287189274,-0.8918888839316783,-1.0836057452743135,-2.0341938358902563,-0.7977681105362489,-0.43599683782939136
493,493,-1.2665653253027327,-1.0062071065606386,-1.555791336200627,-1.2053250754950096,-0.5833750498526767,-0.6760073382807898,-0.8061478268254885,-0.6997695163040444,-1.5223012031774772,-0.9046922483820321,-0.6261004941601188,-0.5133980037765737,-0.843038865175392,-0.8510785440330967,-1.0787320331072237,-1.7939439232841887,-0.6030103595683046,-0.490098465771586
494,494,-0.7686058153127653,-1.02546440555036,-1.490795763552854,-1.1975195322710959,-0.58336710866922,-0.5620547371652599,-0.4948838187710945,-1.023647662362753,-1.4880485762498674,-0.9995710986237943,-0.6961279256475458,-0.8271105722003891,-0.4871320646364414,-0.5814077464082852,-1.3327011203280161,-2.0001455029520514,-0.5946134093560181,-0.3386955295521401
495,495,-0.5274342181201452,-0.5226503933921797,-0.995376179804128,-1.2314234528685568,-0.45138089800696096,-0.4758268772174213,-0.43063276966570424,-0.5619563696604384,-0.5260865925424478,-0.4902316450373465,-0.527747687094274,-1.3441064240243774,-0.4722590621780775,-0.5460833554704259,-1.8692071354556148,-1.6435295207328486,-0.9932214048954427,-0.4060875445810861
497,497,-0.749992981686642,-0.3641836421591666,-1.010836069870697,-0.8715873861677073,-0.8436447771116034,-0.9829726388268774,-0.1551615667182788,-0.8526630728131758,-0.5098219322547449,-0.3068589171656699,-0.47092080133276915,-0.7421358279608776,-0.2755538661978853,-0.3247124095549974,-1.755371110049181,-2.1103863060557675,-1.1928251919807966,-0.3994695601325325
498,498,-2.6329484146069166,-0.42745980121209826,-0.8903962483259177,-0.8778338725191913,-2.5199714016565635,-2.442350281636384,-0.9871115771612566,-3.0945489762471294,-1.1283123593221867,-1.0519037504113022,-1.0222886421586495,-0.47266908680943337,-0.2563075862093955,-0.455854622103405,-1.431217527691271,-1.568539903425516,-0.4226010912953296,-0.5996057821187138
499,499,-0.23472889495646884,-0.8029883106923157,-2.4633654110889376,-1.5054228384522599,-0.20646841858576415,-0.7899470802597339,-0.04541209283792218,-0.9092740591478267,-0.6932631668334712,-1.567912762024989,-0.23023699880758705,-0.5530878505254934,-1.2529278085665627,-2.803951566454306,-3.1397598649876755,-4.130046229768169,-0.6379197524865093,-0.09960001463961313
500,500,-3.2917602279928637,-0.32220651019541385,-1.1313968626270614,-1.4245744389159951,-0.99193484373963,-1.8493945296616174,-3.9480124786708632,-1.0800160839935475,-1.640204773915493,-0.35462894355752145,-0.6626900299619061,-0.31024653204220576,-0.08694807882469022,-0.17306216437195787,-3.572284000093887,-2.469282263011128,-1.988006624814927,-0.23297389993090162
501,501,-0.7820786097627621,-0.21459373276984386,-2.4469007950720743,-1.3641433040205206,-1.425606231474458,-0.7307273406646477,-0.04348628620669018,-0.5968495499715947,-0.8436173729509235,-1.267519266666691,-0.2080447829808817,-0.31139532710639795,-0.21523236012077135,-0.6520683127981213,-3.280486880127626,-3.622272224331108,-1.1288259190062289,-0.12368116813150422
503,503,-0.6480989154355754,-2.7034742157971396,-1.227789175696396,-2.9068695685450026,-0.2129249515123301,-0.6008164578723398,0.04185122297949848,-0.5849914595394491,-0.5220583882754628,-0.6634322524665055,-0.24201968003666308,-0.37049968694956265,-1.1824859605945919,-1.1186790881096567,-1.4932331470799611,-1.6649653071645778,-0.9210936792899082,-1.256088990222205
504,504,-1.8406439464081825,-0.21273859291063682,-0.6460460020498339,-1.4443285580908243,-0.4790076744525318,-0.5835462143274837,-1.376416271079564,-1.163238456686864,-0.8385903643632309,-0.644158375719939,-0.6552029090433449,-1.1548540883943672,-0.29327005418198526,-0.2894081301756719,-0.8447176465516242,-1.3230794594031043,-1.3265409325906143,-0.1784425845754245
505,505,-1.100601217159915,-1.0144127949218018,-1.2505839299461787,-2.1514119117965613,-0.3606937400294704,-0.6617410548119662,-0.25125010472384673,-1.2556784512465466,-1.1110765231293798,-0.24987395166104318,-0.30634030139996427,-0.372248701084043,-1.1637258433615505,-1.4093692989437638,-0.9989562806045289,-1.8441643141202737,-1.0156943917040286,-2.4458702518033837
506,506,-0.4173078890325869,-0.3409636586692335,-0.9383178783696805,-0.7890015569815678,-0.3604265676729992,-0.49073445562523393,-0.13925557352700366,-1.907870924796028,-0.47912927169382175,-0.3173547385651913,-0.3624736977040528,-0.7388598222810887,-0.3681387462917176,-0.38669130113976685,-0.7955933106584618,-1.4889082954231945,-0.5079366531020343,-0.2063461805355285
507,507,-0.4852654895919768,-0.7858492947024909,-1.0818391126147566,-0.8104683815012453,-0.3635343757470619,-0.49255673720288906,-0.1592638270085665,-0.5052054845881906,-0.4860359469949904,-0.7205736288176317,-0.4038297307448422,-0.38378874887051917,-0.3175126571197047,-0.33764454111845055,-1.1551652905447716,-1.6540827641173514,-1.2351145631695113,-0.3082692441455416
510,510,-1.092057195686361,-0.6975843105046398,-1.3807087477268054,-1.176697959934757,-0.6089460670083631,-0.603319902129954,-0.497669380294234,-0.8358253553613554,-1.765810370229311,-0.9807168034980219,-0.5978072083378119,-0.5123129005936713,-0.5124399978422302,-0.5319172139939893,-1.103389663244047,-1.8113553046770954,-0.5871740339231378,-0.4143410282117411
511,511,-0.915751093548505,-0.7972348872370142,-1.3471768116971354,-1.2600589077027509,-0.6869052210850854,-0.5713189612085691,-0.6044752702850452,-0.7766149998741599,-1.4029437925904742,-0.48987529040973443,-0.6096019458712326,-0.5407358061587556,-0.9274555868167819,-0.9892664497751082,-1.1072577449098693,-1.8572946103273964,-0.586441936138264,-0.4743877745774193
512,512,-0.7738630123255095,-0.7469198772687315,-1.237051006618204,-1.233597982376697,-1.4741441026676216,-0.9368959487385244,-0.7238156640811677,-0.7310894140315742,-2.2532564037916556,-0.4908923926108418,-0.663996404012542,-0.5002037620588576,-0.7039849927212054,-0.7453487955861393,-1.1010084617257023,-1.8285552203512203,-0.5965856997345304,-0.847956229392365
513,513,-0.8599504383599967,-0.6591039522051872,-1.2405766246339662,-1.2699087872793118,-1.004739414476028,-0.9087205803591116,-0.788058712849605,-0.7944954689300465,-1.6205781894203222,-1.5496983504495934,-0.8323475154325843,-1.19949802743567,-1.089030316314818,-0.715832973571613,-1.1383528575414898,-1.933850419184414,-0.8347411242243441,-1.0031211407833576
514,514,-1.868206306972845,-3.1841959671512052,-1.0536792009677076,-2.012693213025097,-0.33931318081290934,-0.898569225103207,-0.6158810582714407,-0.8448305794244678,-0.38739777457460944,-0.44911492006961806,-0.5852280581517664,-0.40913253602204014,-2.0276520477461637,-2.164797608558073,-1.3887805708936942,-1.2873284217144967,-1.5387606775212959,-1.1921228794415613
515,515,-1.003234383866967,-3.178465100844163,-1.2554634591329825,-1.4951778444792685,-0.37355593726122865,-0.46372169327777746,-0.9633402098842693,-0.4407267409343284,-0.3783232521400807,-0.7672604516916753,-1.0301529671547984,-0.35632389389233327,-0.3721730385312836,-2.72378464177518,-1.1571256630322082,-1.2381968087676742,-1.778642163037004,-0.48293840394758725
516,516,-0.48213513823217014,-1.5528958015000773,-0.8618276374935262,-1.9963260497447846,-0.3747189479226833,-0.8425066526881618,-0.09073020930809635,-0.6779291920103626,-0.33057097376362166,-0.26238772927252946,-0.31367126851655014,-0.5757646830453047,-0.14980295863455487,-1.7126423718906323,-0.702355181427846,-1.2321538353597314,-1.2091953064491339,-1.3407195046748286
518,518,-0.8080413547900975,-1.098568763732224,-1.0273337489619854,-0.9959796399774665,-0.5234648741906611,-0.7096445198217384,-0.3305808782969889,-0.6989126579828362,-0.9456259102444909,-0.9599969069670151,-0.6653965593543462,-0.47503188664076124,-0.387032018051966,-0.4293487817399671,-1.1389637968258706,-1.5201419486674224,-0.6216747492065477,-0.3397199773340062
519,519,-0.5966419689519676,-0.5438083432036542,-1.0840757947938287,-0.9868069837185051,-0.5140066301316552,-0.5070392150924768,-0.39370593355698724,-2.5173256499404064,-1.3801042953854468,-3.5306027527869324,-0.4921962681963821,-0.594061125545462,-0.4853803802429736,-0.777528171197599,-1.0645731079618954,-1.520316326299054,-0.4982886503049978,-0.4644933628882465
521,521,-0.8587445242421899,-0.7396559595580882,-1.1235968167613204,-1.101269415922761,-1.7355085055738206,-2.2447775477396954,-0.4236271666148076,-1.565632981193108,-1.0744070312396614,-0.5366730308510064,-0.569278006160688,-1.1202641947644618,-0.5149822314379972,-0.4935002026869194,-1.0198611074571042,-1.6772405078834756,-0.5375941929976842,-0.31382660397699097
522,522,-2.647948214781283,-0.6547149500251367,-1.1693983867930737,-1.1414205645458837,-1.2058630887299222,-1.0896521201489842,-0.5683523590879397,-0.841737037789722,-0.8827498970045149,-1.6544082260686486,-0.5298668976049892,-0.4706566160331615,-0.5055310994325952,-0.5937144971735506,-1.0261856866020438,-1.6122060215272525,-0.9042008650175134,-0.3303140078649233
523,523,-1.935027995962035,-1.5954294442974666,-1.2125749027536938,-1.1166291788977112,-1.5247390993480423,-0.7283767493386795,-0.6676011084653968,-0.6730806455454219,-1.730664424401248,-0.6373414790772506,-1.2774375665741156,-0.6526103519578215,-1.4333697321394927,-0.5639019247699641,-1.0903127971891158,-1.7161399698886322,-0.5815902690976308,-0.3293789173466806
525,525,-1.8447328249826371,-0.9690466508259781,-1.182757005139612,-1.117274154688217,-1.416069236353004,-0.756528156052481,-2.0680852771199647,-0.9322980148891623,-1.4677994276828739,-0.6472412109013371,-1.3883967439482707,-1.2656816698007483,-1.0480152927216055,-0.9666630923249411,-1.064987262514013,-1.6957920555457069,-0.5570878723259355,-0.6204675900634784
526,526,-0.8021583607618606,-0.5527037525710485,-1.2319602477519365,-1.1209427893352888,-1.3307539744010253,-0.5392962453465605,-0.42208217552671945,-0.7453666844036152,-1.4126771517258363,-2.17936834048561,-0.5511235909589974,-0.8753143716372398,-0.5594901003925785,-0.6919145915124436,-1.146225844884598,-1.7754694296248983,-1.030265727326166,-0.3270275226717924
527,527,-1.6830255167974213,-1.0601865705551974,-1.1618574021340293,-1.1171093122160314,-1.8365517847155903,-1.0535010056169138,-1.5369545846989268,-0.7343582607173322,-1.949300342137333,-0.4407642098261103,-1.0355216613593874,-1.1600492468429016,-1.1858329019933693,-0.693796032883437,-1.082079401862849,-1.6239744635148698,-0.6468169290573341,-0.7789637409699478
528,528,-1.172816978557413,-0.5377212027994533,-1.2210040960734045,-1.0856682256779626,-0.7846592544898903,-0.6357573543402663,-0.3911252214891312,-0.6727227980530391,-1.401034476076211,-1.4192876877286122,-0.63399792187046,-0.4774779972426845,-0.6913028472891861,-0.5758191298930108,-1.2728629245186749,-1.8269079947799336,-0.6541278864606302,-0.7670619991425784
529,529,-1.613132760758174,-0.528235779084296,-1.2219099556190496,-1.1207204906018737,-0.5601113103730211,-0.5611634062451976,-0.5644424489075083,-0.6858641628951457,-1.6078987344545204,-0.799483083402688,-0.8100652147148701,-0.8256507179534593,-0.4541967214534378,-0.5243585803212731,-1.0651059757452133,-1.7130513188349947,-0.5473170214822778,-0.7891171824040482
530,530,-1.8543113199110837,-0.9867418509426046,-1.2244192422811335,-1.6015055167291166,-0.6572275079076573,-1.133074891637431,-0.2516191454233409,-1.6028565998374316,-0.6625702887069064,-1.278271578178658,-0.8995677538989915,-1.9425012443139902,-1.113646445412047,-1.1234934911491525,-1.5127111571045806,-1.7256149930094078,-0.6076711383012314,-1.167793359737861
531,531,-1.7696920357384343,-0.9148614281069428,-1.0417150022297859,-1.2460845363067439,-1.0702849962970788,-0.9692386177988891,-0.39901834558421284,-1.91292378164337,-0.8037704896168484,-0.4299003757096097,-0.8032785684357387,-0.81425676648561,-1.0624262005177472,-0.579217522544468,-1.6522507405085596,-1.8032655077911537,-0.9306748814806878,-1.6685647239534207
532,532,-0.482760052968211,-0.3885034234732431,-0.8791576344199469,-0.8345927098968186,-0.4151025215233222,-0.4782788207507123,-0.19857130647419705,-0.7660160522023212,-0.5926970404638657,-0.40445008768002333,-0.38759622408576533,-0.5068578577850364,-0.725142965232105,-0.417073792311438,-0.8858883296931804,-2.044469889674266,-0.5061602694197896,-0.5659216915201863
533,533,-1.7839637590720812,-0.3951338699051832,-0.9769611852952775,-0.9595149857810291,-0.46697048008451125,-0.7098524771689232,-0.45986482549606517,-0.5340283407888106,-0.5317073453902724,-0.6122129331655308,-0.4394707695139077,-0.5584009101814801,-0.26897058014297465,-0.5065508493057542,-0.9422881984903012,-1.513234928507011,-0.38606774102063623,-0.7684228420767283
534,534,-0.62998181013491,-0.45646892480811424,-1.0721158086466267,-1.100154263335983,-0.9152910990712296,-0.5634069480346053,-0.8477968202264795,-0.9908650561378147,-0.5986941699967202,-0.5684502017724381,-0.6344870016225872,-0.595930838879805,-1.909875709244868,-0.6094943600315772,-1.2489170228036188,-1.6342696012097857,-0.8339929328865434,-0.27561616390781574
535,535,-2.000552570504628,-1.3164944995503676,-1.1676258348959143,-0.8429852697031865,-0.7282979474586622,-1.5005837089710738,-0.4268019162612658,-0.9250347483301974,-0.6330518202137458,-0.6347080872167132,-0.500206118422431,-0.5508000108524338,-1.5736329127332775,-1.0309124354171484,-0.9133280337862931,-1.393638746098993,-0.6028149848901789,-1.0008830584513093
536,536,-0.4869952369191177,-0.50570751856525,-1.0432391040945923,-0.9886035682858536,-0.9695891749149467,-1.121642866533568,-0.4791905074549496,-1.7606200655686632,-0.8898949841202006,-0.43939885388445715,-0.8613459100670586,-0.4668708675545493,-0.7553662051157746,-0.4776832414955262,-0.8981161888178976,-1.413822279507825,-0.928250740500404,-1.1096297542706666
538,538,-0.9441444683635201,-0.9395529061989626,-3.8558384858234507,-3.9166737568085974,-0.4887816964688875,-2.4587193367838687,-0.2426424836107754,-1.9923810227960086,-0.7535521042853929,-3.1709039676599593,-0.4189760576622882,-2.3558192373437583,-2.0612429866401714,-2.3559291117140666,-4.937460644029582,-6.219794126830022,-2.346222877812548,-2.4615894233639204
539,539,-0.20906697261636273,-0.4321472565930865,-3.236796983088788,-1.6346967201992302,-0.5285327406622956,-2.4660910738246367,-0.254179309631525,-0.8758787671129092,-1.3402682165992292,-1.5671058010258745,-0.25005469627155646,-1.1725997582292653,-0.7786762297318127,-0.18558637100225814,-1.9447289485881036,-4.9893622385038965,-2.4439999539232553,-1.916106037510228
541,541,-0.4889951556808479,-0.48903178590621327,-2.733698928186193,-4.044323432138391,-0.8759619143833416,-2.812001706183395,-0.13451438022422324,-1.444447515258573,-0.17495085375097374,-2.337300850248739,-0.8336099750823762,-2.219265374329239,-1.1508873299058657,-0.9870489056490337,-5.613145138780443,-4.801349027781341,-1.6997279729119994,-1.6576338030474873
542,542,-0.8310861588425231,-0.44164656916614187,-0.9632572764554781,-1.0111300752964951,-0.6455245741406388,-1.0029497649127475,-0.24621679054956921,-1.5653937169269008,-0.6751179448394996,-0.7265100116461332,-0.6280780340473063,-0.4328779050034241,-0.754514701396515,-0.5228898516854446,-1.0733329255599084,-1.5054423717450478,-0.48570091901580975,-0.24168734640920167
543,543,-1.7538461943239965,-2.1596466835247434,-1.1918531964158576,-5.926016343500797,-0.7640708256906887,-0.531392371689237,-0.7468580931903094,-0.600675777030989,-1.2072814825370783,-1.0659090442376997,-2.1437270203725287,-2.694649951426855,-1.6701344054434248,-0.5898456782301083,-0.9668013591526627,-1.6157465003701041,-0.9649972265114611,-0.7736727875337782
544,544,-0.779234712531639,-0.4235923601584113,-1.0310626939697214,-1.085932937381481,-0.46288689226598234,-1.3178713219384839,-0.27789099383664023,-0.5704139518118704,-0.6754224179148279,-0.5027137806487023,-0.46162984813024216,-0.5563949002709974,-0.4933663597334853,-0.48654691580601955,-0.9571050731269973,-1.4562419288920698,-0.733887116369431,-0.5865141067816648
545,545,-0.5727892580593731,-0.4629638696552235,-0.9795544107022093,-1.0464155145571272,-0.5540352026666906,-0.4834473316326783,-1.0338798537485459,-0.6740172563445614,-0.8855473187717007,-0.38220570675511367,-0.6768210865148013,-0.5101991585432819,-0.32882838103615497,-0.43282888855296037,-0.889927534315174,-1.658109680169462,-0.43649871918688044,-0.2904932166891131
547,547,-0.9922137058615362,-0.7249605788261649,-1.6219263231504017,-1.9586962173305311,-1.2408799307614944,-0.5919225170275715,-0.6222335216732996,-1.678025419253219,-1.25158336927192,-3.7970396982356887,-0.7112867229308641,-0.8343382316185375,-0.6714843790729398,-0.8841188299103221,-1.433392684786073,-2.6023183864806545,-2.0777664266806957,-0.5520928892704586
548,548,-0.9162143592184894,-0.7530912846729142,-1.7213646335715305,-2.3719393472720744,-0.858693865868463,-0.6187149350946785,-0.6699606114582959,-0.962156920847744,-1.6321587617036724,-0.5971989126669761,-1.154833485684506,-0.7382103987629274,-0.803422875254741,-0.729846628689084,-1.3471555921902831,-1.9206148171082378,-1.1459775079867036,-0.4342679938347721
549,549,-0.9003572707308076,-0.8452535923336861,-1.8998947194070739,-2.348940271641037,-0.7540793742199277,-0.5990951886081627,-0.6208459667357188,-3.9729863770570897,-1.2202390121903433,-0.5771260904687696,-0.9031343384492111,-0.8588102173043572,-0.659227783255481,-0.7350952407015475,-2.105242847393392,-2.3506317367985634,-1.4114015443856527,-0.6774287383713824
551,551,-0.5689086649089116,-1.0409037205679124,-1.1597339012219572,-0.9791265648879127,-0.565352457989414,-0.608496136042182,-2.63145988700489,-0.6210473092976849,-0.7822607192044353,-0.38392895811413447,-0.5314650770728325,-0.49518613471549766,-0.730964981755068,-0.6625585654838819,-1.0562340873432958,-1.8355647441849896,-0.6891123741981542,-0.2674765256256033
552,552,-0.977623853540208,-0.7750573642959648,-1.2313819143614881,-1.1711449608546975,-0.5012729593897807,-0.5749518836482438,-1.0471904146950446,-1.0107447231268107,-1.0321492670481056,-0.777675885016728,-0.4854823935183697,-0.7272137299794144,-0.42478923326088824,-0.4771220008200685,-1.6177233737778431,-1.7423057028678113,-1.1537123893010826,-0.26307046995787964
553,553,-2.649205305819086,-0.870818578240119,-1.0560005259119356,-0.9697037948022054,-0.5872638887901003,-0.5713102289253793,-1.3299067500980821,-0.6015690052443661,-1.1105891274865773,-0.3936647508158572,-1.1671143800941912,-1.9795752601466143,-0.667166815204768,-0.587008684361565,-0.9495286914853266,-1.6328470708919707,-0.488799044794234,-0.280267940508831
554,554,-1.3113158252121724,-1.7711149013139504,-1.6740575978301566,-1.312103250285181,-0.6314474257513271,-0.9419306295696304,-1.97235820519446,-0.8573265168481112,-1.5232066125634587,-0.5714623402131314,-0.643062728637161,-0.6522342524578524,-1.0404534425616307,-0.5311034672171144,-2.4141385307274117,-2.8693824671038657,-0.6516046389332301,-0.38122145266852525
555,555,-0.7403198929066681,-1.1011500763410518,-1.829589560245593,-1.2491565747076725,-0.6089826954423977,-0.5482165797137676,-1.8191841389681362,-0.7086058476558135,-1.586983669223943,-1.0343439478655387,-1.0186579927583774,-2.7098917440784707,-0.9583887563250906,-0.6271968732569836,-1.6785236911305264,-2.4645968023678204,-0.9989329503753752,-0.3845247389766022
557,557,-1.6705845079608275,-0.8302824356853239,-1.5274828487893743,-1.3805886386971367,-0.6480676273409391,-0.9157353787229268,-2.390172276153808,-0.8072505808877254,-1.3733291812098796,-1.8749977742560904,-0.6028314858537529,-0.5126003106174977,-1.435228680296979,-0.6359859193784133,-1.8249593604585814,-2.8552636184625166,-1.062454368543204,-0.659986554714511
558,558,-0.6963932696829954,-0.6261644654943678,-1.23467236226152,-1.120481368052697,-0.7419490476749833,-0.6380836039808997,-0.5101730696715863,-0.8580464223136635,-1.2875627965174856,-0.4920316857218989,-0.7038122927624537,-0.6236444042049838,-0.6270381124826231,-0.5469984394525828,-1.179961587718752,-1.9031845847965443,-0.8787651780514358,-0.3676309032353673
559,559,-0.8758272230209441,-1.0669933196087247,-1.2346434030187254,-1.14775490428763,-0.5971325838373609,-0.541085933751556,-1.4878171148653867,-0.7066727045873538,-1.2303070626616885,-0.46539482532601945,-0.9342215672886842,-0.4874843928992952,-0.92725017177658,-0.5312434629513891,-1.2248708758081215,-1.766181911711708,-0.5672637691700968,-0.4416778732450833
560,560,-0.6979286045864279,-0.6476720319220567,-1.3564039454753793,-1.1294315982166017,-0.6867478270454448,-0.6269103700554594,-0.7147435300644889,-0.7832903317677965,-1.2580426984739281,-0.849680216087378,-0.5547278639441879,-0.48794870015585334,-0.7230215971408397,-0.6956984255916042,-1.2784849456844531,-1.8040968952232703,-0.563224659993663,-0.3791451764940326
561,561,-0.723945781598573,-0.565060375042433,-1.2469100065123508,-1.1438690959098106,-1.002836006017791,-0.5510927280501796,-0.42819593694907865,-0.9637945994327267,-1.1366009940864472,-1.4906976937584584,-0.6863045506373084,-0.48841643115362965,-0.4926501172456117,-0.5867842024558149,-1.376176119002595,-1.822983388409203,-0.9528907658561472,-0.45960877037772585
566,566,-0.7370271933761873,-0.7288019447733927,-1.9577038740997168,-1.7958818429154002,-0.6112664814814024,-0.6795513701800362,-3.235584320290541,-0.8938501435234993,-1.3840011854541987,-0.9439435697075754,-0.5996007142891556,-0.693453368601522,-0.5901978533607567,-0.5284232033046914,-2.469902898683165,-3.640470920287434,-1.2664377000629479,-0.6990946318482156
567,567,-0.7413130492774528,-0.5789335265685951,-1.5757070914907325,-1.5761485313837085,-0.60481355160136,-1.335950207251798,-1.5525035006960608,-0.7011379678902592,-1.3542964809900695,-0.6705948633470002,-0.6726017607912933,-1.3134188098483217,-0.5491003556256348,-0.5490600850849284,-2.7301283127968454,-2.400823629173734,-0.9004447572814978,-0.3951801132566913
568,568,-1.8817761498074128,-1.0394195856762798,-1.6318003914843464,-1.7103965581996552,-0.6043623379329862,-1.132847861057106,-2.9861264937843224,-0.8497450045039169,-1.2522144380046787,-0.4799270558365502,-1.559781868208946,-0.8605265583813406,-0.9280137574677539,-0.7235918509522309,-1.826821865323732,-3.0130042156107923,-1.1955466442557183,-0.4515714781673671
570,570,-1.4488524397660367,-0.9557740385343281,-2.4527371043681305,-2.1660147235451115,-1.5775615296589685,-0.7088704002943118,-1.6003046970082129,-1.0120819193939357,-2.407431672966562,-0.8507156475470777,-1.1142882945286483,-0.7188128368945096,-1.1735359766532483,-0.9009097500904335,-2.047059030551201,-2.97939293667736,-1.1904474790784474,-0.6113075681427589
571,571,-1.1075269677193034,-0.5889400263035588,-1.6616254645056787,-1.780166749987297,-0.6518089285162463,-0.581029539354671,-0.6547134960040017,-0.7244906776671036,-1.724601829788072,-0.4961200160620001,-0.6938236575835479,-0.6249220440839655,-0.5240484563174974,-0.5540280495691026,-1.347429330605428,-1.8154182924974491,-0.7390555795114735,-0.5099727495394734
572,572,-0.7508802297024322,-0.5899992788960609,-1.5083198368253994,-1.5915550507125757,-0.621908458816296,-0.5402567755184547,-0.47363351245483454,-0.7126925118328549,-1.1263295627097087,-0.6066178667008502,-1.0257852754216297,-0.5079290183590656,-1.1751006683191143,-0.6552739081634662,-1.3010103011008414,-1.9293685147320565,-0.7823689428212628,-0.40478446470697715
573,573,-1.4714375578287935,-0.6092006775581651,-1.5227649783617967,-2.1058956895876197,-0.9858634120994876,-1.022653950965075,-0.5469916472717022,-1.0568663293951306,-0.988039734812345,-0.5124962220041394,-0.6903055124586068,-0.9952585581264766,-1.060774493943475,-0.7303446716271578,-1.5540625550154963,-1.9145696867132784,-1.5105665049515618,-0.6114348754688212
574,574,-1.6223032508249555,-1.248281725869469,-1.6415528610647838,-1.5981256545968028,-0.8777068844302778,-0.5499901137782393,-0.5825217426454056,-0.8871789281470439,-1.0452095051196206,-0.6959495565425389,-0.9183478095512548,-0.5151994619666936,-0.5252421730635579,-0.5532324139898865,-1.7221733424928585,-2.07749540028501,-0.7063777643569887,-0.5887598335014881
575,575,-0.7267634609959434,-1.203917005510636,-1.0990391062344387,-0.9823258936345027,-0.3692065128583137,-0.5329099118529261,-0.722751887609308,-1.3268633414747708,-0.5708519012598359,-0.7315948833562196,-0.7310137541942512,-0.5516567503894086,-0.517237207359307,-0.6203182853946517,-0.9495861042050617,-1.4902596372953163,-0.48000466722600643,-1.3016028989794772
576,576,-0.9567462171364093,-0.3811892097513077,-0.8632826333154288,-0.9474951887342679,-1.2738319443960215,-0.9620076946564011,-1.2070969560040443,-0.5670289294551445,-1.0753401436069379,-0.356598814761428,-0.6772610204452226,-1.2675212278006467,-0.3519316702797012,-0.32560679004041154,-1.1710419749768284,-1.3563676689738713,-1.1246483107520242,-0.6374994422061763
578,578,-0.9052342941971,-0.5446902560684997,-0.8960823009421192,-0.8615723504605385,-0.4854133753123174,-0.45612068300795805,-0.7142916249407879,-0.7906934460234274,-0.7172324497453278,-0.3208207453590588,-0.5884703584249362,-1.0264642873101844,-0.5706872312945204,-0.4849161051805396,-0.809976038804449,-1.3553094723639083,-0.5995242193143389,-0.20340820448071448
579,579,-1.0930839509492136,-0.7633135416437422,-2.242339300616221,-1.6928062793725176,-1.1694464996651348,-0.6075370578948226,-0.5470816127801262,-3.2550639786126863,-1.2578567071431586,-0.5294227203949523,-0.683709508386951,-0.7243714171642449,-0.6378591646893363,-0.7542287716278042,-1.24892018798303,-1.8622717616093962,-1.9992534833090112,-0.44545330064173744
580,580,-0.8520864928900836,-0.762691597526129,-2.1850492141462072,-1.4538974683670989,-0.9387472386496216,-1.4269015780227718,-0.717953067474231,-1.1862531869443518,-1.488826362245427,-0.6151627360441225,-0.8743281243243116,-0.7108071743003684,-0.7399047585820564,-0.6080880340426753,-1.2134446258169782,-1.78418520558865,-1.5569750396158453,-0.3998376111828511
581,581,-1.1921123217788994,-1.6411832507142106,-1.953010236306659,-2.4287270449946696,-0.6870761634623739,-0.6273476535579596,-0.7031440840882702,-1.4576181314264232,-1.2541516904324017,-0.8936686469868897,-0.6973783636846028,-1.3536205437952442,-0.6452488731364128,-0.6392577642557647,-1.4378495959796516,-1.9767604991314665,-2.061777234107942,-0.5716417496236421
582,582,-1.2877568855744004,-0.7562536224661816,-1.2593399696702496,-1.316069560183149,-1.1082519675146711,-0.550761353761701,-0.4914125750446454,-1.0744253874910312,-1.4300795164768723,-0.5329417225669708,-1.0606580950687805,-0.70934238515592,-0.8234431030898492,-0.6285604895291972,-1.111036388703653,-1.7259766260852025,-0.6973916855437362,-0.43920957039288666
583,583,-0.735259400005139,-0.6098740146193992,-1.4784139955072746,-1.1951079813450005,-0.6956109188834394,-0.5826083139308966,-0.6094918199308634,-0.6943122988761418,-0.9883376176526639,-0.7817365881175471,-0.589506300273166,-0.6332659668057699,-0.6035181972346337,-1.2525690969281533,-1.2477427812132547,-2.022925321424248,-0.5939869902608088,-0.5761261783483447
584,584,-0.7889340342669315,-0.6018224028725915,-1.965428377635399,-1.5607872198965247,-0.9525440642910994,-0.7143516721585034,-0.7388968864629679,-1.1260882237730554,-1.4336704032531296,-0.6098070490480436,-0.8694580647808026,-0.6736839038896679,-0.5102902334885565,-0.5674806136534236,-1.2966878148910486,-1.9614772951683033,-0.6333255386770758,-0.37000432580251197
585,585,-1.293781798026495,-0.7434976326365521,-1.3245198967680727,-1.173678497405052,-0.8850965578053043,-0.6840999875951252,-0.8395469136606002,-0.9199353980335696,-1.5851211320264882,-0.4756223821686762,-0.7157121406634379,-0.5513625492700366,-0.7383889209528416,-0.722657881189205,-1.1276717324258496,-1.7297466709976788,-0.6025526682201862,-0.3948994997417888
587,587,-2.021524259922699,-0.8489545013755486,-1.2926843313230054,-1.160436316847962,-0.7190101435550054,-0.44258317767641403,-0.08879771448555515,-1.3388889321577102,-0.6157426554879613,-0.5310953536277228,-0.24471574245137565,-0.5547748636122294,-0.14934275400929256,-0.19266062729253164,-1.2830743511307787,-1.7112651425219005,-3.5508500872486026,-0.13122570527280522
588,588,-0.3677743482914631,-0.22072045059696974,-0.6866490273646731,-0.6046709055799264,-1.681071837786893,-0.8597244785005622,-0.2712911987595998,-0.6999655793525372,-1.3127582547808818,-0.28723249469497686,-0.2813683365004406,-3.4661647574694197,-0.1257712572336759,-1.0948674370306293,-0.7070589047457531,-1.3737926667724774,-0.8366923382292171,-3.3523454732231923
589,589,-1.1120398516481491,-0.9309272001345115,-0.8247039829986,-1.209876866588265,-1.5213898376832176,-0.6894763979162091,-0.35380525956525327,-1.087305861136504,-0.7649436613546813,-0.2099513955696114,-0.24056448038244266,-0.3754467010161818,-0.13886580797056666,-0.19586046969735374,-0.6680141255025109,-1.3373860047439572,-1.5023446664694033,-0.1513638543505012
590,590,-1.4309472605977844,-0.5706508140109354,-1.5368999907281375,-1.366894781383101,-0.6535838961862236,-0.9207461295542795,-0.46517715248101027,-0.69040400875548,-1.2926547140229967,-0.4703352663581439,-0.9724769131857939,-0.653322365051515,-0.9851703199688588,-0.52831188026343,-1.3229312217496387,-1.902576273894516,-0.878707628889572,-0.34189183415023094
591,591,-0.864195494488666,-0.9084999017091886,-1.5987846234035814,-1.1845922785612848,-0.6712753942471279,-0.9480781169901289,-0.6189559238020991,-0.7938299662004017,-1.426294001114493,-0.5517571714205987,-0.8730487190318836,-0.5156846896921524,-0.6009989124284632,-0.9687248122543393,-1.2055886413576233,-1.8273157144655565,-0.6166677985933052,-0.40577487715530214
593,593,-1.7026344539484504,-0.5915636002001585,-1.4998336617324406,-1.3946018843580004,-0.9345782498266383,-1.9692964363749563,-0.7160200728964351,-0.9229333491679703,-1.0410006078764686,-0.9705915156899739,-0.7391853536483558,-0.7387558271564728,-0.6935552200359943,-0.5398221942548823,-2.472775641117839,-1.9795158668211053,-0.5775837397818586,-0.7332607447660762
594,594,-1.0425862179259142,-0.534975339822972,-0.7673003714910657,-0.8229903617430635,-0.34899554914364417,-0.5229759584512408,-0.3298345708599847,-1.9086163282171404,-0.41477723840929165,-0.2996823015686748,-0.7115813191457241,-0.5586871300333718,-0.19961768768661153,-0.29694655621467986,-1.1169932190144123,-1.546827791534723,-1.366810045365192,-0.1769515733569373
595,595,-0.7973222642262221,-0.31496009490148297,-0.7695033396467086,-0.7650513933023747,-1.056711539665204,-0.44564910547417796,-0.11189129094105008,-0.4779635741513597,-0.41430990158935466,-0.563780137086285,-0.6716002645010011,-0.6231837255020843,-0.32769944441462373,-0.45363004388039685,-1.0304899961842287,-1.2860473440210218,-0.3331772467013543,-0.17942446374408919
596,596,-0.5642150375590647,-0.444434058369772,-0.7946612881423535,-0.8071357212237809,-3.790174751754365,-5.068849549837316,-0.30485419387939294,-0.4792740057317306,-0.7120912475038266,-0.2930121468916592,-0.8982652841503801,-0.40233441656228514,-5.321717424700981,-2.92589796458732,-0.7448641162703062,-1.3323452452321607,-0.8878074731211668,-1.8125051471442837
597,597,-0.4640522776886947,-0.5239392327658003,-0.8786394289382508,-1.0525901081514135,-1.9994143304065133,-1.3562482687812856,-0.09342860151787888,-0.866740383470355,-0.6006932857110809,-1.3764085695936594,-0.6804284948766363,-0.6759530423798358,-0.8967565438015197,-2.1242562750670846,-0.7602579533481804,-1.3305206463500663,-0.3503330973114271,-0.24404867916551243
598,598,-0.4461902364120961,-0.42975439508698743,-0.8473049738217393,-0.8212508634986675,-0.9855480289817663,-0.7879426056497438,-1.1380346089383968,-0.5921685393985932,-0.4850691381236201,-0.3137673010799086,-0.3688326297335103,-0.5625674326710218,-0.23586409071947492,-0.5938377384355448,-0.8214667809689654,-1.3472931330013747,-0.828998103334369,-0.18569433231265475
599,599,-0.5474361139693396,-0.45935117972507905,-0.9892092413592086,-0.94921473699105,-0.45915253357855546,-1.66761724610206,-0.252015193945586,-0.7294043956101662,-0.611541676523744,-0.4210074906917245,-0.3877275998035735,-1.4848578433074489,-0.372408161221211,-0.30753796593975136,-0.8127110454150532,-1.3519525201720135,-0.7298767380970912,-0.46557452227382046
601,601,-1.4259300878225694,-0.33979613677664505,-1.2370684727670969,-2.224783073875818,-3.383725204302054,-4.982249631002849,-0.6178555036974643,-7.976792732422135,-0.9927448478399075,-0.9487796355627748,-1.3517839617812837,-1.2273399533059302,-4.139600976900479,-0.5033173117054444,-1.22747170945195,-1.5533261578378659,-1.5589345952828912,-1.2672860352882394
602,602,-1.29726977847931,-0.7223856414680075,-0.8077893521131231,-0.9066607628819598,-1.852551667663569,-0.4956346813807481,-0.15099477968792474,-0.5210451451435971,-0.41227574419098056,-0.36014759284373465,-0.3867043088747178,-1.8411769595555245,-1.0313648249547374,-0.3341701580647624,-0.858981718462413,-1.2790598337140748,-0.8714818380126393,-0.6709908696194683
603,603,-0.5210997492196968,-0.3190792815590145,-0.7658984002808249,-1.0665904998010145,-1.506623245127087,-1.8626463349662672,-0.153123411637887,-0.4802463070210041,-0.3847727703675478,-0.7694606989486501,-1.6535897397605122,-1.0854217604457372,-0.47484140350365045,-0.8296595622551074,-0.7326930607198517,-1.2778075690457704,-1.704790421194644,-1.5161084344573164
604,604,-0.3564723808916832,-0.5496719738542631,-1.1255364865445836,-2.3910895939553725,-2.5013957541863427,-3.1014423276420624,-0.27462046572965465,-1.8895262656869392,-2.256756172043323,-1.3449760455234694,-0.6639327829288502,-4.280814059718976,-0.3494297290863933,-1.7591598648867914,-1.9205158458035088,-1.5820268609516863,-0.4311665984608678,-0.8736360229133139
605,605,-0.6922418353074123,-0.9661741575425599,-1.3342730959108815,-1.2425207775868063,-1.3122897653535646,-0.569138386678474,-0.4214409492574469,-1.1203999266973497,-1.5874833502522514,-0.4571247941676266,-0.6839438117434216,-0.5049073676332779,-0.5100424249303979,-0.5544602154138799,-1.2776741102317835,-2.0567101438835964,-0.5628711827719889,-0.4736892157410797
607,607,-1.3161963773308465,-0.7213294643198289,-2.5270663054669216,-2.2393834518507525,-0.5902182662022085,-0.6264861871763344,-1.3376885777518173,-1.4435200828855126,-1.0303892591739372,-0.5088118207973418,-0.5648434542520937,-0.7270064791650043,-0.6358035427169914,-0.5057469540171236,-1.3115668416531343,-2.3704587295447217,-0.6000449435013971,-0.7081636957450673
609,609,-1.2622926410930926,-2.698443267531268,-2.2162386867459927,-2.045139872609659,-1.292536698507225,-0.6608255783964003,-1.0190902460532836,-1.02517720608492,-2.1779636362433274,-0.7278724946506341,-1.1696440281039084,-0.6557825541767806,-1.7893007392157045,-0.8815190809879867,-1.9450510530191614,-2.506843803959667,-1.2760074327501392,-0.6954731503983477
610,610,-1.1678812711512903,-1.331874863947276,-2.544710495159294,-3.205488635184847,-1.947390676947772,-0.7586956481915371,-0.8864522646597326,-0.9604273963718972,-1.772895855691643,-0.8190620887951865,-0.8917901298451542,-0.7131682943997187,-1.435909726685427,-1.1692862541155777,-1.7706037055817454,-2.539200033958244,-1.4275297881782283,-0.7142596097051875
611,611,-1.3028923427913004,-2.8909988690565007,-2.8667220304708305,-3.004249908413085,-1.3355845925805387,-0.6689611055496442,-1.0295912862068235,-2.5267309843280295,-1.5623621956574982,-1.144280006434437,-0.9321253110359616,-0.7304556229747589,-3.285626265734673,-2.4922911173577678,-2.0066261630721076,-2.733868687771446,-2.3115290349607718,-3.774647215958662
613,613,-4.14226819337019,-2.0438707373004865,-3.6670730816402646,-4.068123801061477,-0.38988061820880476,-0.40956765394525857,-0.5489619884804229,-1.300629812789745,-1.4152121904815516,-2.7634009592214683,-0.16847951945597583,-1.073192766704949,-3.6952493063367067,-1.615008255521965,-3.5319393753925348,-3.418411361707548,-5.1952493127490875,-0.447008569833381
614,614,-0.09007163203371663,-0.3129397592858483,-4.280534340205491,-5.7075249230567,-1.1364593130445577,-0.5741785683636349,0.21444089375898231,-0.9113985649278691,-1.1980530346820406,-0.874213163150282,-0.6280634363050304,-0.34921921860742966,0.004860681277841922,-0.18934108728597154,-2.399278737116759,-3.105408011245078,-5.65667184108883,-0.04927431694082095
615,615,-2.3585878791036534,-0.6971878403040457,-3.584370649005221,-5.586535955331198,-0.4914591816624955,-0.5918807374905135,-0.05224672043647455,-1.530748651560816,-7.1654881070831,-0.7100670691205234,-1.5404284545470222,-0.260752109987904,0.0508018677980209,-3.6313132079245425,-2.4753829079612735,-2.440341002464557,-3.2775667003204036,-0.07205975934099622
616,616,-0.08678212177361264,-0.318360521196843,-3.539657343885764,-2.9093981024774704,-3.9236056537383224,-3.34439849257712,0.21696128120885394,-0.3130269968915619,-3.002408999279483,-0.1595483567904784,-1.0547326714935754,-0.6530551895846376,-1.7098506579067765,-0.08930629570927101,-0.8574399503558101,-2.1777179582539694,-4.298659280874099,-1.2206822018938737
617,617,-0.7211538855503655,-0.25520740383602003,-1.341635053957771,-0.6718921467487856,-2.4968142487709146,-0.4225103809938316,-0.19172139219352033,-0.7330192668353097,-0.5451826438764781,-0.3697219941909327,-0.33087573782369323,-0.3564687739619571,-0.16878267814334535,-0.9141115659154837,-0.8658910798996369,-1.8867563370186817,-0.9911073791920906,-0.13602056880973287
618,618,-0.30161481874773594,-0.3394877795120541,-0.8396552330261345,-1.0485454416033857,-0.6007778002630519,-0.41755500541296076,-0.39285592541285147,-0.47501190240555574,-0.31620488518769335,-0.47313317780237973,-3.1178009532602227,-0.34988833526115715,-1.1407622032010463,-0.5680438701937218,-0.8069077440078152,-1.275975633951817,-2.356442614498648,-0.12623148975730053
619,619,-0.78127574889607,-4.64356324349127,-1.8303016702031023,-3.7008397556902954,-6.342351592320437,-1.9274694148643003,-4.796742910610195,-0.5079321726379811,-3.8570215328086714,-0.6041466722935445,-2.5044856977581085,-0.7804966983928575,-1.7948436598149349,-2.2811592053831156,-0.8327113870714302,-1.2115652391851273,-1.0881848505179172,-2.3481397129916535
620,620,-1.3213229900645156,-0.6530042621179908,-2.3217545071391825,-2.3617438917749825,-0.2370457178815119,-0.4411162666941894,-0.09753251201904067,-1.9008098085054366,-0.6180939957320916,-0.6592551301866831,-0.4843192558931818,-0.3230248340898146,-0.6839000643815507,-1.3445955208195413,-2.1756537052397813,-3.9342288954634865,-2.138029616559192,-0.1841242900135609
621,621,-1.5374605170779554,-1.2974283837002498,-1.3805449707397224,-2.9477047212735465,-0.276006275662434,-0.6820362781411495,-0.07391878447813434,-1.7340797838398683,-2.534599094684765,-0.49021219212387124,-0.5997538216918151,-0.39479987361443,-0.1110208715662638,-1.021071413562453,-1.7231856611446603,-3.1605575029387163,-0.8078418191643716,-0.4432081422213653
622,622,-0.41192152827774875,-3.87930044901588,-1.5487288163648043,-0.6368389783774571,-0.7317251202305496,-0.40714757148264247,-3.9050597013073167,-0.8716218592059304,-1.2267654786050661,-3.097454373685415,-6.411469713524349,-1.9247630734379086,-2.057557874537525,-0.685390606122596,-0.6481519074894684,-2.10101342508306,-0.5380679979154882,-4.485029559865094
624,624,-4.846236010135942,-3.9599310958620446,-0.9664122808748152,-1.3167363084746775,-0.4746201011343133,-0.5046807982603295,-1.7380109881820869,-0.5995481664564203,-0.6440849132596267,-0.5632895903804201,-1.1924877586449059,-0.5000424154327362,-2.078944024829103,-0.5722036473240014,-1.7010472798998073,-1.8564505102457503,-0.44338733327890256,-2.7262958895047222
626,626,-4.209666642169172,-6.765438170169784,-1.6019567386461255,-1.8804678973666458,-0.8367834627828883,-2.44424642095751,-7.3698948964489,-0.7753932866174872,-1.213125386678763,-1.3599251473909102,-0.4818023489270345,-0.5750171887900751,-11.89104159032608,-0.4050400467965533,-0.9287145084884448,-1.4806002407444936,-1.434487076759802,-2.313374568061294
628,628,-1.0231334248044253,-1.6021530617047293,-0.8949671446730157,-1.0056823656253742,-1.6325451165876608,-1.1766112912486149,-0.7056251262608789,-1.2747583089865524,-0.5475575533300487,-2.7916292368156905,-2.9110387934503206,-1.2816127830990904,-2.684275288280821,-0.38346430395166353,-3.3465565241333715,-1.6021543242931149,-0.8342665236826002,-5.4471475981529585
629,629,-1.2178633299574515,-0.48779660008997683,-1.4981585667920256,-2.221955067504113,-0.6108838695882806,-0.6111861379780972,-3.051583886296781,-1.1570246184249933,-0.8879135539298765,-0.3504966538029619,-0.7372390229868089,-0.3904917913382277,-0.334016824525132,-0.5593602507512221,-0.8181898532006294,-1.361894604749669,-0.49575728653858814,-5.258818740869776
630,630,-1.3730126633615316,-0.7063213005406767,-2.5878310986827966,-3.14733726218682,-0.9050046075721041,-0.585376775967803,-1.2271536862806007,-0.9876305714285178,-1.4877964815865907,-0.7625814306843378,-0.8722622260084318,-0.6484297989243006,-0.6599375338260658,-0.9928920128847836,-1.3919720304465433,-2.0262419420603437,-1.3841826158109931,-0.5326308346073574
631,631,-0.8964676624882907,-1.0975184996234892,-1.9841296346693333,-3.119766429185135,-0.980913642153605,-0.6297221849543613,-1.1075031371188566,-0.8132169949149239,-1.568733888568424,-0.5989641272253186,-0.7024703294664352,-0.586528885286924,-0.6681171190360365,-0.6877513435548877,-1.7196398041581127,-2.1464346778779158,-1.7400709369832985,-0.44478201970474207
633,633,-1.134944531811464,-0.7091314824325533,-2.2184223916304537,-3.156986827988663,-0.889148074636499,-0.6177583278273816,-0.9175974655418844,-0.8254978075924368,-1.362777806500259,-1.3278098519761552,-0.7510837778736538,-0.8823770186844073,-0.8591173146400489,-0.8592353203264966,-1.7144673271151998,-2.0186260368361517,-2.2068831382463543,-0.8421827161067256
634,634,-0.7336719502515519,-0.9515498062073804,-1.0986451879681414,-1.238441718609736,-0.5774368719950274,-0.7399345434324557,-0.5454362201404608,-0.6586551558184937,-0.8785563361852908,-0.4386077049831644,-0.5300825697859253,-0.508683041792678,-0.9490130971131688,-0.8273709375472595,-1.1227912387998755,-1.5902067625068417,-0.5726693154667106,-0.4473389063511315
635,635,-1.1852396380582177,-0.8994235103947752,-1.3285182032474274,-1.5800335916885264,-0.612642721223578,-0.5438799941312185,-0.5141606161245921,-0.6391788713493072,-0.8582174919106961,-2.471813707051772,-0.5672182000142759,-0.598993901962736,-1.436106584366981,-0.4713603866152888,-2.7360915496559732,-1.6742440883808802,-3.1591152083179743,-0.877966290666449
636,636,-1.604931641856236,-1.087614525665727,-1.5064846700051366,-1.1790781717790382,-0.5336215272322916,-0.573101707853621,-0.7334630103180424,-0.6559062880721989,-1.146676510152426,-0.5849791341081803,-1.4872023839368373,-0.48214084877111985,-1.209672492067293,-0.8077231724730792,-1.27951691011765,-1.5795264411426044,-1.4346127664242498,-1.5388412487156318
637,637,-1.0762236902143567,-0.5561137683779656,-1.6312683940624688,-1.4297346387786338,-0.6238911238881595,-3.171635647690402,-1.3403159334544308,-0.8479826233685285,-0.8323882734567174,-0.9467400059588236,-0.5323023126712872,-0.486859498145492,-1.9761098021443122,-0.8173709311969515,-1.006370248351437,-1.7321049234801495,-0.650711448305895,-0.30595271228531595
638,638,-0.6051152070490594,-0.5755288674999602,-1.227363663625277,-1.1264655838643514,-0.5568810127231169,-0.5209758597182137,-0.41848644220331166,-0.6517360561117704,-1.1475385230692607,-0.40594601567866095,-0.7107767672852071,-0.49926097654016544,-0.40104415570447993,-0.9508086971879675,-0.980412043425307,-1.7796799669463985,-0.9792865624212352,-0.2996835609392071
643,643,-0.3410605915379382,-0.9299019387338411,-0.8127188478965437,-1.6636704547361056,-0.39929087721632,-0.5118265059162301,-0.41848090637739543,-0.6059789143847031,-1.140393462647427,-2.2011240189887906,-0.3072653498925944,-0.5101842164945511,-0.997468729105544,-0.32900898633612063,-0.834400619835092,-1.2956073206194072,-0.5311081940837908,-0.3187782639930955
644,644,-0.6688265339452604,-0.7889901433846944,-1.2903951897106871,-1.0812396197213825,-0.2917301579249169,-1.3436819992438611,-0.7704609584025754,-1.1740424336010926,-0.6479021213026824,-0.24862156954500966,-2.8897474148225313,-0.9529117862516752,-1.2336253637333814,-0.2742430964675633,-0.7313906113285863,-1.361237015732986,-1.113029355290697,-0.17070700806593692
646,646,-0.6139532574974313,-0.4263566696468385,-1.1059456079535472,-1.0029184099258415,-0.40020550473497,-0.4660098321307048,-0.7221617456221555,-0.5749595538778327,-0.5583567465552113,-0.40365596454988584,-0.5903878192033942,-0.6898267375927005,-0.3431300187811173,-0.3484405633647155,-0.8780514323360111,-1.6925954385004465,-0.39539696721984396,-0.3128345402000938
649,649,-1.694639166709364,-1.1004484021349308,-0.9709437145284878,-1.0915490616811108,-0.24819476777540753,-0.7106807946989064,-0.04958594125380514,-0.6962429509977142,-0.3490367583711842,-0.4618486454903408,-0.24835470535713156,-0.4934338806544147,-1.6331007236955832,-1.163201976432657,-0.6574438733756547,-1.4586798343861311,-0.9362845270522393,-0.2543318425555907
650,650,-0.33809606369029377,-0.5045383254481479,-0.6393346362769063,-1.0491069763757657,-1.1976043281911837,-0.47961449027677083,0.011667755373532221,-1.4567385893764193,-1.1233735899831876,-0.2541765124862954,-0.2382106864887152,-1.69762991805215,-0.3419783538689104,-0.34894714568604357,-0.6517380745840113,-1.4907830839146738,-0.28172553006902407,-0.1151386364485689
651,651,-0.9977641626420731,-0.7258868493742932,-1.184862654270486,-1.553523162093062,-1.871034658496451,-0.9926490908432272,-0.058774746204812836,-0.4924402802824064,-0.38029373137299094,-1.267358492080814,-0.26305562965428286,-0.3304344886319684,-0.11093632943495069,-0.33024870177559584,-1.2242513118876037,-1.180010826832908,-1.071060412961527,-0.10609280894629187
652,652,-0.3578161094265388,-0.22391735303397162,-0.7064338095012297,-0.9993828007817025,-3.3243144050225384,-0.7825253622678958,-0.18231428318067966,-0.6144747828287991,-0.7818376863897538,-0.31944483784871025,-0.8783741217388921,-0.6319440027778073,-0.13344304767315443,-0.305907485732561,-0.6414151903092262,-1.2110653171462804,-0.5084181008388511,-0.1057379662663217
653,653,-1.7348528561361083,-0.2355753456898909,-2.397560763964485,-3.1042964293736937,-0.3257283166771715,-0.5215398107622766,-1.2345551045083405,-0.5817469177771377,-0.6285211378175948,-0.5095383553072181,-0.3606761090103816,-0.7978681892855065,-0.092868395031473,-0.8318507756297995,-0.6237612559309111,-2.0573778579141813,-1.9492508841066758,-0.23944320116613835
654,654,-0.30116402321015523,-0.22210477494214162,-0.8748031697172901,-2.088231735609498,-1.3699696550362597,-2.9962536440544087,-0.014173685493506595,-0.8437359416846453,-0.8386790759278123,-0.22147019617021788,-2.3364329165816313,-0.3996241092069707,-0.11241527979691653,-0.18795319973556837,-1.4886686870550139,-1.5807981102743986,-1.973120780968409,-1.5969024114415493
655,655,-1.1750552068797968,-0.7183478410477951,-0.7344557196254096,-1.4706933210231168,-2.2388938357917296,-0.4106080921094,-1.2182110635987047,-0.42089025349265513,-0.6487215201703589,-1.4151412725953074,-0.2749958086651713,-0.3663294990149871,-3.3547399658541472,-1.6037187633400676,-0.7969584701092154,-1.3024454564504304,-0.44273474367064863,-0.16447077968852028
656,656,-0.2784969566463662,-0.24880182168288367,-0.6549077035021708,-1.0752969014934002,-2.165867399748115,-1.4244718757973098,-0.5447670394648645,-0.40072996107582803,-0.8431384075011754,-1.8943656722915074,-0.47997470607751896,-2.000694385988754,-0.139221432960631,-0.2981134975516637,-1.094637953592895,-1.246675384492105,-0.5010159495346911,-1.0376258520464088
657,657,-0.9549581251763525,-0.3640529866986791,-0.775573137526393,-1.346326412066897,-1.2512914747232406,-0.44426281918818233,-0.11924308437090639,-1.1614949315905418,-0.8578258052073872,-0.33216678999832233,-0.3459566444443719,-0.4574554426496664,-0.23759156616136431,-0.2738463953317238,-1.4611006441515766,-1.3043671260059326,-0.7431464648896985,-0.18782760809620286
660,660,-0.43687214164590027,-0.3690430003056777,-0.8418557214137331,-0.8626810062395602,-1.921708652776445,-1.726893369421021,-0.21602017131632872,-0.5215596820364068,-0.5850699065560422,-2.5441269014169823,-0.36752325059033564,-0.6389535970041769,-0.5384881944456686,-0.4900825713554092,-0.8666776214671692,-1.297380491919531,-0.3238264905444562,-0.16930715864416407
661,661,-0.8242918036861281,-0.814594585084443,-1.468149691042833,-1.2043741477330185,-0.6057082439953846,-0.7324235291045735,-0.4570947753824277,-0.706842430062802,-1.3359488962198243,-0.4782420470912456,-0.5790340346822951,-0.5006516357381231,-0.5483522164596729,-0.9530455746452262,-1.1519254640854304,-2.1906830092936973,-0.6747578506894253,-1.8863449675633852
662,662,-0.7445793092596317,-0.5735069863100147,-1.3662593165270558,-1.42575610738669,-0.954597810602055,-0.569652614861855,-0.6644457237522341,-0.7086048100084825,-1.2327989479268646,-0.859294649064436,-2.6362839466728953,-1.928416597504175,-0.7947308980903575,-1.5433445684310527,-1.4548892812409406,-2.443036874250668,-0.7671986685062678,-0.4808383878069861
664,664,-0.7497035699358721,-0.5799605071798749,-1.4029237624260107,-1.418624190534605,-0.6426108799040489,-0.6549543456170251,-0.4773606961723118,-0.7921488947170914,-1.8311623698082,-0.7699101754431237,-1.1947776203846598,-1.630858070439499,-0.6393128490554493,-3.345361710304334,-1.5116170844515167,-2.2893652582699535,-0.5897640339541804,-0.36417050674610674
665,665,-2.0338395041588284,-0.7314961925682059,-1.15096774218965,-1.763898030383999,-0.29564761144045776,-0.6216894733565141,-0.2595989521685282,-0.836618599053491,-0.3446518992704279,-0.24250629265939008,-0.5603093423575309,-0.38945818346891553,-0.6520103927470743,-0.2342151170046863,-0.9634140652666987,-1.4454703918821,-0.9777583310662564,-0.3852976477324726
666,666,-2.195908002208387,-0.4635535374187762,-0.8660090047201752,-1.01265231654343,-2.548942506779583,-0.6189887923293335,-0.40095294127699566,-0.580470499902806,-0.794401617469384,-2.653781994851337,-0.7381919336127936,-1.0243656752582708,-0.11138248514793982,-0.46849072510196377,-0.6588599811491205,-1.302926840011679,-0.9642220698969766,-0.17982245647427625
667,667,-1.2556380775423626,-0.2740252797794626,-0.7842294456530299,-1.3440603272039242,-1.136791181875827,-0.4543026438441052,-0.017688267034160193,-0.45761773313413556,-0.4127841201028923,-0.45618453270866755,-0.4015349116979215,-0.4364003970309024,-0.27319333239181465,-1.3093881587211593,-0.8045432451276919,-1.1984458347134994,-1.735181666072062,-0.14403312606783508
668,668,-0.37966967838034665,-0.8507338935036127,-0.7701988145577605,-1.3292056065549258,-3.2390514981227123,-1.869858888500284,-0.4116307087728777,-0.9066553681052593,-2.3817695440122706,-0.7907781218031608,-8.897653373444117,-3.493520563878006,-1.9291014596355636,-0.8699649443446906,-0.7037811873910086,-1.228953935558345,-0.29720731401053896,-5.0561038628770785
669,669,-0.6465473841056074,-0.5311943760175053,-1.0330535549035489,-0.9806961429945056,-0.4937028517618358,-0.4936631171813511,-0.2901866622192172,-0.5959576482440649,-0.7088699524557686,-0.38312663664531005,-0.4730239166655561,-0.8040765043238118,-0.8566450364350342,-0.42679232954657603,-0.93286459208848,-1.5582074670751962,-0.607366589787021,-0.4049956750284779
670,670,-0.5642369236274176,-0.5316587312948808,-1.604540516067683,-1.0869778926586986,-0.527952897497383,-0.6559491837754529,-0.30682066669323727,-0.6041858106263578,-0.6943508081465971,-0.46833082774192164,-0.46103603795658227,-0.5211674946390841,-0.564550883988397,-0.6194159470372189,-0.9464410575191814,-1.7054586051755898,-0.4677174969028303,-2.5415702686049153
671,671,-0.6545137526599921,-0.6029451522639916,-1.0146853157699582,-1.116598660039953,-1.5071884504565207,-0.8187086140464264,-0.6999299593861761,-0.6687673558886674,-0.9218535896978857,-0.515886851657498,-0.6451341565211943,-0.8982900797089255,-3.294731017960478,-0.6797024675567833,-0.958098347200666,-1.4997770262699779,-0.4838446828464475,-1.1538479098115872
672,672,-0.6480296198042436,-0.995437663318611,-1.6693894442830135,-1.1676862903732896,-0.6137543823581441,-0.8207134681468432,-2.5275847060394394,-0.9991558967049567,-3.2381782118883775,-7.175236700268434,-0.9625926682572705,-0.9464398080409775,-0.6644811745219383,-0.7616556531530387,-1.6813943119086296,-1.586596441185606,-0.6108530213254141,-0.3340225653861355
673,673,-0.8432182986638371,-0.7324562372568951,-1.366079819131388,-2.3234656031417322,-0.6657043077751069,-0.7908886243376173,-1.4307780764572335,-3.356114533342555,-1.1790311705318341,-0.5225350708305584,-0.6477812005034944,-0.7057014471730615,-0.5799394156827309,-0.6533722068890861,-1.302842812431377,-1.94480005198274,-0.9598358325570124,-0.4061893283376205
674,674,-0.7991968407716282,-0.7944029262351471,-1.4137906832749296,-1.4767842734222145,-0.8462337682107758,-1.118085242115701,-0.5482389192585075,-0.7519866995533517,-1.0462974227194637,-0.5191337700786225,-0.9289615305228744,-1.3175149891399274,-0.6440690308128694,-0.5922460232908945,-1.1872112158911654,-1.7719141967338738,-0.7752516768356307,-0.4408928810296405
675,675,-0.8100903946452804,-0.8844577770931987,-1.5230659179840886,-1.546075860255639,-1.573640388180677,-1.0923148606219035,-0.5300247288853671,-0.8432124609431525,-1.8216523968264018,-0.7526109099848782,-0.9114145816498748,-1.2134380758026746,-0.7221363511810386,-0.7328517035252344,-1.207578607595401,-1.7626078386889679,-0.6950280644440895,-0.9486894475664893
676,676,-1.6360828292716703,-1.0307678323014955,-1.5238993303501762,-1.542101526923362,-0.8949375313972204,-0.6280769397753605,-1.2569001886019922,-1.7469683169813786,-1.428259424927636,-0.6463614110068179,-0.7005295343704803,-0.5716390054091741,-1.3912915228116773,-1.1278954943590749,-1.3324313779435275,-1.8312422588395143,-0.8751626196272326,-0.8821519829731999
677,677,-0.9266155969145569,-0.6388881013379852,-1.9245275036272405,-1.5686436582997303,-0.7842125459224941,-0.6396494027049054,-0.8279240460707394,-0.7377743102575132,-1.1734196891067634,-0.83592736197334,-0.7078386383474418,-0.5429638684042721,-0.9583794128667191,-0.7043390327601813,-1.3727766429453376,-1.9706051962023756,-0.6954845658040616,-0.4444203014663818
678,678,-0.9582639201280579,-0.9219033396079432,-2.086785530770972,-1.505701140623634,-0.7071346151242358,-0.8239837454227155,-0.5541711510286016,-0.752618296611893,-1.1946697511563482,-0.7202597127617179,-0.6309281411672226,-0.7831152335484888,-0.5626674685110934,-2.2648679228018,-1.6311470013440033,-2.6669196972927347,-1.0552087805086572,-2.2312105529517456
679,679,-0.7890142973652475,-0.8809671448852261,-1.6043754893981448,-1.81066207615702,-0.6825855736710668,-0.6131241966960961,-0.5907223640174438,-0.8834446402655671,-1.1448839823749861,-0.8590803664937042,-0.6265465230039865,-0.5333110965948292,-0.6210467816264422,-1.3236386724935973,-1.4046905837592698,-2.3993025359674958,-1.3074030487230415,-0.5400742815749657
680,680,-0.8475247401417717,-0.6226744503567143,-2.308706828866285,-1.4918139974611615,-0.6828219699867554,-0.6407340321015147,-0.5795020805807191,-0.7834055040979593,-1.2840102958107198,-1.189740135978643,-0.6309576711573164,-1.2314594097745588,-0.5621692740831808,-1.0131055120853025,-2.0571532667239496,-2.2266527074069917,-1.4296683062396944,-1.4484739824714545
682,682,-1.9928028152647181,-3.4378233507062985,-1.4582099254763612,-1.2848992026755721,-0.5997214058545405,-0.6367155586081898,-1.2245295157354892,-0.6795323646467255,-0.9264858814411673,-0.8007859335433025,-1.2691625987015367,-0.48881722034697256,-0.9793186262697484,-1.4925063477611613,-1.1161859039359032,-1.6638212653351792,-1.5166256385725134,-3.037711143630442
684,684,-2.897368167603978,-1.433366193286185,-1.5982541214343664,-1.2504056545612203,-1.1498458426529559,-0.5599349885315537,-3.596193982630723,-0.6803050687716402,-0.9261552992989731,-0.8034224648548048,-3.087769729502941,-0.5156968617913186,-0.9853438688392335,-0.60259906179196,-1.316235976246785,-1.6769586474577884,-0.5836853372928216,-1.7810519802422133
686,686,-0.8694459804782014,-1.6460843547504282,-3.540556473133808,-2.5676899475896153,-0.7698223608067536,-4.693858377646569,-1.2486814279896128,-0.8147433361000365,-1.4152463659387444,-0.8620661222832249,-3.0430145101647983,-5.127683168476569,-1.1461763640416698,-8.750045810353896,-1.4831747649936453,-2.5774500416333366,-2.968218981235751,-3.485947539459729
688,688,-1.3669437156950621,-0.9121000833341317,-2.654779082946538,-5.063385285977618,-0.7407127898242363,-1.4332619775247741,-3.1832446704892408,-0.8608886285864823,-1.1985793396249516,-2.699586242007107,-1.7774477254984364,-1.5022272541121513,-0.8730255661597657,-1.492719947535058,-2.327950269805261,-2.071527445939451,-5.4686495756589615,-1.0817044768204913
689,689,-0.9926853883476477,-1.6219278416524745,-2.2831620295753385,-2.1668975247694036,-0.7651000509397872,-1.3146371758522697,-1.4576925875131055,-0.997379717876177,-1.2824212284467216,-4.69077923797718,-1.254887624713552,-1.691839625106232,-1.1579397093670956,-2.509359390365832,-2.167822021823495,-2.1113105517683253,-1.4156343065469532,-1.9779243578677583
690,690,-0.9926581100082278,-0.7824811055635065,-2.1363905145000586,-2.6577633539537344,-1.071501446692695,-0.9508258558399685,-1.2961912301353398,-0.9640067621978851,-1.3934249800309138,-0.7228824357073679,-0.9207556479292229,-1.290966328385466,-1.0629297641460544,-1.84416498227393,-1.9970219143474464,-2.222491872718615,-3.825304511070736,-1.4880308297149818
691,691,-0.4201385166495458,-0.4107510994954833,-0.9148219551418254,-0.9426130580857783,-0.35157842166467523,-0.5667480236172467,-0.7230536325079389,-0.6146151523268262,-0.6412717721804743,-0.5060556680966579,-0.3440216140243239,-0.4737626655535036,-0.3786962138683949,-0.41595346382248427,-0.823989062558014,-1.3235819533329938,-0.3668959932990961,-0.4021668918592985
692,692,-1.211302182970039,-2.7346966538462096,-0.8523465362751598,-1.067144713627291,-0.362752855271869,-0.49798609631022184,-0.6864823679263832,-0.7040168015819885,-1.3543831332840812,-1.1114192412334485,-0.46016099357491863,-0.748688815749071,-0.2249362099074905,-0.3512678475454763,-0.7738655131737685,-1.3635771165425679,-1.5659392706009259,-0.22894685282118324
693,693,-0.40728500060268835,-0.34252543000098123,-0.839998942208031,-0.8083089593155808,-0.41395614000872627,-0.5969233309130646,-0.32389696172808424,-1.1728245400378334,-1.2742422867855294,-0.41193186205281984,-0.34952274080593543,-0.7125141532881021,-0.523794414211558,-0.393562296468077,-0.8086875760527515,-1.5486572164245016,-0.4161707020857995,-0.21678517151032348
694,694,-2.3193188993888842,-1.5173956248085896,-0.8122510973138696,-1.5367817746468926,-0.35126010788999057,-1.2754727942049766,-1.4752097965308004,-1.0613845071862225,-0.7679733362054229,-0.5839012387699117,-0.74802546649902,-1.2704133735231244,-1.9468531902256139,-0.8968676206290463,-1.2051023146864206,-1.555089998678578,-0.9098411828640622,-0.2953113706862763
695,695,-0.7189929088791945,-1.1599865563352523,-1.1146585182983373,-1.0581491246914494,-1.0823013314686927,-0.8616706652413947,-0.453614483494059,-0.8680551061743988,-0.822161726392725,-1.0644654041135597,-0.5304346004194157,-0.7705016727024905,-0.5005846654196976,-0.7273824367451851,-1.3614087287764118,-1.5181176293861645,-0.6312671568255142,-1.3419931007456114
696,696,-0.6441460292807656,-11.703889535650742,-4.699080484507459,-3.691499482430318,-2.176006586754487,-1.2644690692876321,-2.3654935671427486,-1.0144261352902761,-6.852026077505371,-0.465773413442335,-1.1090976574440428,-0.5041293108608735,-3.1031955024119515,-3.0695685246824307,-1.0918416703288776,-1.7956903543364322,-2.365506072571881,-0.36271401924258284
697,697,-1.367804965867431,-1.7289167169845026,-1.0524312390010262,-1.0084448955880694,-0.9713003016240171,-1.2657711235040021,-0.3234286641438284,-1.1662899173010437,-0.8845874577451108,-0.6607490341489017,-0.49818934861647446,-2.3378328092521565,-0.5412102931731411,-0.5716207713891628,-1.1886858083646992,-1.5229193253436606,-0.4914675100919889,-0.8709940984934973
700,700,-0.7625170364395447,-0.741734010403156,-1.2801184495282596,-1.1806696607089529,-0.6650246950925949,-1.3841788444404832,-0.46365481583158785,-0.9116428823592493,-1.5164686358246946,-0.7000765012410346,-0.8265163143312907,-1.2998759208296828,-0.5618449170544991,-0.5758793317561677,-1.1235074135543852,-1.7368342591585306,-0.5942609052852283,-0.5568063788043568
701,701,-1.040437069686722,-0.6902418197339607,-1.471771179056814,-1.7288632144896605,-2.029146570263202,-0.5776367021485771,-0.4632726150122991,-0.9322157758976342,-0.9964888905652137,-0.5532424405170348,-1.0121777282260969,-0.8378355147199827,-0.5756481649341354,-0.6154621127093934,-1.181339758691244,-1.747842551492086,-0.6656188901535609,-0.3553985330371947
703,703,-0.6718251523961034,-0.5043590654265453,-1.1708177391887533,-1.0469625740481912,-0.6927898801873417,-0.5970746073903999,-0.5631555783925627,-1.1147060515311176,-1.7482829933739543,-0.5966132702671062,-0.5381961281425336,-0.6593473460718298,-0.5832715605568948,-0.5547454473766419,-1.0225336940844614,-1.7427035358025398,-0.5781301511919575,-0.41741689020042394
704,704,-0.7665704774493195,-0.6984285235602263,-1.121321757576398,-1.049707157112621,-0.6620782319523717,-0.6734852197164692,-0.5630953663387892,-0.7444907996769521,-1.083631403723389,-0.7858615670452384,-0.5646634719622203,-0.5132198798288368,-0.855953074780282,-0.7713093420728081,-1.1179598186085538,-2.0413298300710436,-0.60490611918832,-0.33745907203796616
705,705,-1.3059668254342183,-0.8078744641360769,-1.1746201028470724,-1.075721063684084,-1.0655864136887327,-1.0102248195415413,-0.4913870114880924,-1.5241166085508706,-0.8494080717361774,-0.5514973436737389,-0.9409613836288233,-1.1713783866299399,-0.568336418208706,-0.7015571285933535,-1.2203762284762525,-2.046349666012702,-0.5426819575649974,-0.31028874139787077
706,706,-1.0161599150177296,-0.5022098591219539,-1.1121844585213478,-1.599842318592402,-0.5795364359070352,-0.5439444892030653,-0.40190913800345146,-0.7210050639892163,-1.2557960004941235,-0.5827264203807493,-0.7212153096211844,-0.8163194492005266,-0.4377801764133537,-0.4628740143395088,-1.5168195803080176,-1.9962861589864636,-0.6373541829111046,-0.3602373200961358
707,707,-0.760261485137459,-0.4885742461152377,-1.0151029166160668,-0.9616534266367154,-0.4252154480940543,-0.5564866829750735,-0.45362929088176673,-1.9906348669724034,-1.0937652071538422,-0.6187956527800257,-0.617336456116297,-0.9606938795386375,-0.4453494995317636,-0.8198846759126159,-1.2175838829316454,-1.6235602907047486,-0.4765211198038024,-0.5265898513555296
708,708,-0.5040964750208561,-0.3945508277387968,-0.9052317208500148,-0.8988801531616109,-0.4110272779814669,-0.6895332213106016,-0.25981584950491465,-1.7452749953578894,-0.5761168323964818,-0.9286861250304613,-0.4202889507836395,-0.4147778488451717,-0.3387878551935537,-0.9423474386334645,-1.13548606938385,-1.4151515554401906,-0.412444690829342,-0.9537060323925954
710,710,-0.7392315272841941,-0.6971263344292624,-0.9008422369354847,-0.9210535493794172,-0.47813581337038474,-0.9598347871608601,-0.21178564129778085,-0.9830913025089719,-0.658914242204049,-0.8726072468929528,-2.0325275221174515,-0.5800429048471434,-0.33872262970950606,-0.48444121992234435,-0.8534748013230747,-1.401068648093899,-0.40425326991320454,-0.21894117923502013
711,711,-1.3264360622026676,-0.6666861545989342,-1.0628612754400542,-0.9491418758227391,-0.560367639461816,-0.7208847910152004,-0.2803430156344603,-1.1659423733862648,-0.8221018497173767,-0.9578947105270151,-0.9498496414579645,-0.5246193215564371,-0.8254766714541497,-0.6565005160021287,-0.9597877975785476,-1.4849631175452522,-0.45197129475637293,-0.3336572548205258
712,712,-1.2723052747347974,-0.8096281481984023,-1.2246962329725941,-1.1204029453769804,-1.1526517831264331,-0.5314842907696606,-1.0388692818591463,-0.8069810428173809,-1.1760278463587104,-0.4687830480209787,-0.6528077119392416,-1.0311055145524057,-0.7929812431160876,-0.5182873328756248,-1.4335856447896789,-2.0622840747615574,-0.5765273104622477,-0.45507587801901694
713,713,-0.6913723711036799,-0.5479481652065564,-1.437932693547977,-1.1918904979666096,-0.6199896770702683,-0.5259970190504113,-0.6114894922171223,-0.6723259974923453,-0.8928125905269787,-0.4756434114954593,-0.5533739798992289,-0.5828404311202756,-0.5276179646957073,-0.5211066621597393,-1.4700670376041973,-2.279056409118187,-0.5589454546316858,-0.4579326302435547
714,714,-1.219668126480009,-0.543040947097812,-1.5434055074334563,-1.4748863662620602,-0.6616977450097832,-0.5252632452272403,-0.41973929304126273,-0.6783454143494417,-0.8951785161637987,-0.4696638576736155,-0.632940789404785,-0.6892827767325147,-0.6178653502442566,-0.5047712582971386,-1.1531020081117154,-2.237271560985392,-0.8807562772574202,-0.5433373901950391
715,715,-0.6904314720975319,-0.5430278057965684,-1.433042801716189,-1.2415253339909313,-0.5733020966087219,-0.5261694883669378,-0.764566439217608,-0.6722519519245987,-0.9710797669314486,-0.47124504369612896,-0.5557488828807587,-1.0183165005450037,-0.5071966410341798,-0.503862380947058,-1.1265524341027982,-2.5919139179868163,-0.6665491958174337,-0.3679622370758572
716,716,-0.955470267903205,-0.7843675198876238,-2.301562459690883,-1.6127235291164936,-1.2706422865083382,-0.6151749919100761,-0.9337681164593425,-1.0480550247370126,-1.4123005754923503,-0.6035237338121449,-0.789869000535758,-0.5784283837295354,-0.7276857502925478,-1.1544888504018762,-1.40862911308426,-2.2556707804035914,-0.8573576640091524,-0.511910797366601
717,717,-1.0049173440105905,-1.203634162804054,-2.3566682505693843,-1.6304972293160642,-1.438094066833165,-1.1356439784367862,-0.7268456690785128,-0.9104378630076431,-1.4442630114993804,-0.8872198818678834,-0.8676873087396004,-0.9478377482466467,-0.8722508215918963,-0.8192999759941662,-1.9186874640638618,-2.5975692913227597,-1.2176712842769166,-0.5325452098724427
718,718,-0.9231636284805711,-0.6854574022007365,-1.9291143560009236,-1.4467408593027313,-0.876552868167896,-0.5733447330076744,-0.9128655067602566,-1.57150449362336,-1.768293998092426,-0.5519891905562818,-1.0297409826659323,-0.9077463449910241,-0.6573975840280439,-0.6728129956140825,-1.5399226227070293,-2.630149159562317,-0.761403082843382,-0.6414730001786422
720,720,-1.2866168669388756,-0.7456851898278556,-2.4636341784980402,-1.811314134212499,-1.2089651851707117,-0.6911296908858121,-0.5921685648030093,-1.0465583456666148,-1.2341277696420772,-1.3760999310400934,-0.6904385146935016,-1.8774811194907124,-1.7202150002909087,-1.9509458087106462,-2.9058800099212467,-3.1240985825964795,-0.9524634315976683,-0.5595633489833588
721,721,-0.5035840061119657,-0.5847815201830042,-0.9298458090716226,-0.8116211352611142,-0.7333356084776037,-0.45814419444323534,-0.18228491859507162,-0.8001477224835107,-0.7111995674703349,-0.3313574423933742,-0.7722932017704704,-0.5385953073782457,-1.1188839219264115,-0.8840585113510857,-0.9264347210058651,-1.364429818165919,-1.2112470438842973,-0.21614676389501133
722,722,-0.6556482362628614,-0.43711841745059554,-0.9015038380674508,-0.8148567811069903,-0.40601696329909354,-0.5341108127291379,-0.5626907839802411,-0.5158556521192641,-0.5734982442525114,-0.4148165424076049,-0.45740122550278334,-0.39996462622193596,-0.30234537104566483,-0.3214219068921162,-0.8034400107991401,-1.5423128201464753,-0.5235491569997195,-0.3531786029217722
723,723,-0.8281747682832983,-0.3545947810161123,-1.8291732394683953,-0.8727827487265035,-0.5396132258657489,-0.4527680142550158,-0.3085419798464436,-0.5420647211355303,-1.2660975488736075,-0.35496140252536823,-0.36269430308750655,-0.5002402890797245,-0.2488219924182619,-0.494923743227137,-0.8475012219253277,-1.3966195938237245,-0.9049380562135058,-0.5952883706779628
724,724,-2.2521143369999574,-0.5602145055959596,-1.187617728629251,-1.0999636587018229,-1.1671615535489062,-0.6413609333819323,-0.3386556075366942,-1.605523969745816,-0.5069579562116979,-0.3079374362681873,-0.5699064427817638,-0.4003246376679833,-0.4858919497818873,-0.420944699547782,-0.8461949093085182,-1.5821308382234458,-0.40514132617501336,-0.8996272030967127
726,726,-1.0919509525608149,-1.4612846413346352,-2.550938286465884,-2.4537932482310993,-0.8764336723897692,-0.8398124538902747,-0.8851599804850336,-1.1979346484629645,-1.7239542370427885,-1.5602347937704044,-0.8332592563154142,-1.7764078164906423,-1.1963032838598182,-0.8348768099389408,-2.334948484283918,-3.1763256911729134,-2.814474901977475,-0.5272172544078539
727,727,-1.2239509717866275,-1.2384464976925673,-2.583048656939846,-3.2219085631010995,-2.2139616121060404,-1.2536684124760042,-1.3073776134475934,-1.8861819896893937,-1.753528623584795,-4.433559067182673,-1.007237778366807,-7.018886098073121,-1.940432168930469,-2.1459856320404453,-3.6399608156405416,-3.3330785334347794,-3.7448645057940224,-1.9589387354065515
728,728,-1.1689483515172352,-1.2063869920283512,-2.7541242220178312,-2.7592223363388904,-0.8842504771730365,-2.7620537690490403,-0.8175198704948959,-1.621084998395216,-2.0163979965665257,-1.490771413410858,-0.8526719597122757,-1.409943422335311,-0.8633557800961903,-1.0682874990345153,-2.1892094586081785,-3.351530875369055,-2.426657560455722,-1.7693000850168001
730,730,-0.6396083616002616,-0.38150753817029315,-1.525245332951547,-0.9033926453909826,-0.9024781817593421,-0.5175147783404285,-1.0536031901804237,-0.6041902717886023,-0.5668302196544661,-0.366627689626279,-0.3934644072658197,-0.6728222696322443,-0.6413774606975688,-0.7817351483667001,-0.98671146041887,-2.2329579598499505,-0.7624900359594977,-0.5789177107542287
731,731,-1.1835247840348528,-1.3567381476260159,-1.4966628695154116,-1.1316506184516657,-0.4039354326748302,-0.5411657691255582,-0.2541351277780975,-0.5421712664480707,-0.5697990801133892,-0.41581278190774557,-0.5239448665110024,-0.7939432893043853,-0.5278920914280192,-0.3714777598660641,-0.8577138615115574,-1.4758280332094085,-0.46501159493679095,-0.21603566070378297
732,732,-0.5147197719578465,-0.3878985785832887,-1.2157181906535517,-0.8600843850939209,-0.4339817657319869,-0.521233085500872,-0.34144815314529053,-0.6032942911438285,-0.5711519991063295,-0.7120525127279125,-0.4052766628724704,-0.46798543826688277,-0.3211213237706352,-0.477773931829237,-0.8731807865652462,-1.7197580547759888,-0.6329474973923996,-1.0389919277403843
733,733,-1.0956549882840567,-0.8770936668900019,-1.801782200512187,-1.8611857340407814,-2.8625634049569,-0.873515711352711,-0.7874697588578684,-0.979869473971002,-2.234028701212375,-0.7599200075822654,-1.4000589565061534,-1.1528897347350342,-0.7857037304809209,-0.9309803171861954,-1.4967996548878666,-2.2592452624675112,-1.1529698694060724,-0.5526742129615827
734,734,-1.0649488047275752,-0.8303655633788043,-2.1321840511907117,-1.9500463891948732,-2.503720998873804,-1.650204786549646,-0.895676422153924,-1.0671291218691326,-2.1177515963571953,-0.6534173618348935,-1.1173593460919582,-0.8146049224805256,-0.8710908392027985,-0.7592276350044833,-1.4088519128551555,-2.146047385791545,-1.083250078966459,-0.9029954129168616
735,735,-1.2178265745583943,-0.8557200390430213,-1.9020546932041977,-1.8251429019272392,-2.148742053843816,-1.3548858733062799,-0.7989346357113083,-1.150798851098286,-2.277147392835586,-0.6910787107986834,-1.0707732981379343,-1.2960504828700032,-0.7999371652167488,-0.8018906168430314,-1.4030581867182832,-2.247772372956764,-1.0151671963130844,-0.7311022634190285
736,736,-1.029135638010936,-0.9858260903958527,-2.0277066955266285,-1.71163510393603,-1.8998722103832106,-0.6751218796756727,-0.7787192056016147,-1.545642933892299,-1.797724578294428,-0.6522492499218763,-0.8808668285890937,-1.4895608651481531,-1.2283076384493556,-0.8410297629736274,-1.4541015745937769,-2.2924536818152013,-0.8555654461849942,-0.5531516405747491
737,737,-0.9913554504683436,-0.820563990265119,-2.4369438086101605,-1.7510843078864076,-2.3383942127424127,-0.6937302687520803,-0.7262836499088413,-0.8881000805476679,-1.5890742857875297,-0.6350373148466256,-1.3455934449939524,-1.079478009668493,-0.7507409557565775,-0.865579339445805,-1.383481272614006,-2.2554707199636272,-1.008696673403876,-0.5781018870858695
738,738,-1.0003789335911444,-0.9339532547130937,-2.1531833710878585,-1.7429861005761789,-1.6938980093937186,-0.8012504975350295,-0.7878359136194212,-0.8671392746048632,-1.9129876542505486,-0.7456149002333324,-1.6739136194485937,-1.1902252876905235,-0.8239307601205946,-0.7452812604040129,-1.5128241230742545,-2.1676466060793174,-0.8423600092068966,-0.5055246823135977
739,739,-1.144397819314031,-1.0799410071457884,-1.9752789706378497,-2.1099709339876873,-1.0377670562649182,-0.7511329815739536,-0.8330692471312421,-1.2569749471217364,-2.0719041681844406,-1.3326432328655295,-0.9956014693393875,-0.60681710967891,-0.984883171041025,-1.0707028486790449,-1.5213981721246492,-2.405975514999929,-1.3293727727498719,-0.5673244119418566
740,740,-1.0814823606527464,-1.0106981633457721,-1.828233570589715,-1.9121820044112268,-1.5776157500441041,-0.6691032647429288,-0.7753218047775509,-1.1866923214975857,-1.7809898587525446,-1.4358540019921544,-1.8240811509219859,-0.8248270672170852,-1.3908279111049011,-0.8549046450295414,-1.620247417331401,-2.4220879833741624,-1.1334549855201672,-0.508707227893199
741,741,-0.9977843746598202,-0.7174634673555595,-0.848885352451755,-1.3549209120243368,-0.3402450174059555,-0.46203192273257576,-1.585632974750688,-0.5399786523548514,-0.6521064568387853,-0.34813755167302957,-0.7743670166092086,-0.4271795123816191,-1.5823303587858362,-1.8532507461338148,-1.188112348069207,-1.3348104970351282,-0.542402770079706,-0.33105233067402523
743,743,-0.4015589534638367,-0.8479995366892308,-0.8003515729023465,-0.9450623333990456,-0.4258432025563506,-0.778912102437119,-0.13111247070777265,-0.5530465491991363,-0.44730420061302334,-0.2840477503398519,-0.4121976919342625,-0.9547139465414992,-1.7200833882323505,-0.28774788162229875,-0.9773578377974818,-1.3304737502819384,-0.3582257673960756,-0.18818530039078454
744,744,-0.412493785194128,-0.8995304245855325,-0.8175821949348477,-0.9257357650978901,-0.877181866616221,-0.5773588440739241,-0.27699379833326687,-0.7320953251049831,-0.44796265429575916,-0.296935629314524,-0.3463442467364575,-0.7839032303934645,-0.6150407283150443,-0.7735945526321312,-0.8635522325533672,-1.4295410762651735,-0.3503250359074947,-0.3606094613753049
745,745,-0.42297787285504196,-0.6700038596628706,-1.4470737797972328,-0.8877352693671796,-0.9066458407982937,-0.6449263360758367,-0.28993705866784336,-0.6607971670309831,-0.5000300937199511,-0.9508287759247835,-0.5238603886667105,-1.437195990704752,-1.0782346664644538,-0.8548174670938397,-1.993395117651743,-2.574507685267779,-0.4184049890280237,-0.4717821095025315
746,746,-2.507635667256151,-0.6106288729342413,-1.2025511349252336,-0.7967837065001503,-0.4051039575719459,-0.7446756456322363,-0.2635269459481536,-0.5101943214258118,-1.1798728640547553,-1.32210389656538,-0.35046458642228007,-0.4365874808705126,-0.38812293605317205,-0.32714342245233174,-1.7814085452153163,-2.2472975122062087,-0.8361532142019539,-0.23233403588792753
747,747,-0.5041250461511019,-0.7084851186609488,-1.0867139083055382,-1.6851532398472298,-0.7692076973160633,-0.5938022473168492,-0.13739973104874403,-0.5765304774377717,-0.4749637105878286,-0.7798320102631329,-0.6002782884463629,-1.0445983404121395,-0.6142085476353409,-0.3137611795188489,-1.5243326208232484,-2.345847709672754,-1.1115990347007583,-0.3290192776927934
750,750,-1.391627625083092,-0.7989744791400089,-1.4859333189867048,-1.3186804487833577,-1.016217759799051,-0.7651283892415727,-0.7012918478810948,-0.9088746028485237,-1.3564442312175595,-0.5227211905180669,-1.371909594316619,-0.6941437081198587,-0.8673566752316164,-0.6890883560286903,-1.2343446594446152,-1.7857619886405365,-0.7676234210489733,-0.5540225907021605
752,752,-0.8834333485854253,-0.7223359098167471,-1.4944473523162969,-1.4245274698776322,-0.714444069272667,-0.6989769514050356,-0.5762294790487106,-0.7354356775759562,-1.5230154111616305,-0.7923010591181592,-0.7376440970042974,-0.5556475611898806,-0.7992206347807171,-0.5976325864402364,-1.1711933884942167,-1.8807088130129357,-0.894749957810723,-0.38088713228896814
753,753,-2.2265843013409485,-3.179734628899466,-2.8909022966872366,-3.3949408260011342,-2.3831225058219236,-1.4394983760459574,-1.5014934735824688,-1.399384031269429,-2.2117019035458236,-0.8983305043239144,-1.093096262078107,-1.190634432883557,-2.736157570026309,-2.2451718701311716,-1.9963967057090803,-2.6011960191400108,-1.8713448320664419,-1.5281474549812102
754,754,-1.9855068545430947,-1.6082338507016214,-2.4844910034672196,-3.0944992168094974,-2.684130098786275,-3.710541576567204,-1.3681024514480435,-1.1441260254389323,-2.315057789140621,-0.9354919596302036,-1.486207141257602,-1.3233756974237738,-1.310421667809818,-1.2192555827638785,-1.869177322470867,-2.540249913420424,-2.0957105654537727,-0.7662010546399984
755,755,-2.031059655694583,-3.886573406073812,-2.558500456860059,-2.5809015232842647,-2.042202603672927,-2.6129420328556474,-1.2222729656849782,-1.2434466736357899,-2.278568888116197,-0.8869723321738663,-1.2186622485388328,-1.2219619041316054,-1.3797518402301223,-1.7560806641811175,-1.8940435156599496,-2.556894447086069,-2.1678176058037755,-0.7326604437568324
756,756,-1.6968560956655647,-2.348901869632476,-2.3920726803682717,-2.7570326663117974,-1.7289113168844037,-2.0488857626678962,-1.5084197424080465,-1.399470665749619,-2.398472411088009,-0.8869518957411008,-1.2647869963410463,-1.0180729328449871,-1.254350604809887,-1.7842013290027645,-1.8646651580971383,-2.5267366272424097,-1.5419367519272273,-0.9053429899776231
757,757,-1.3640065741346306,-1.0788884770943445,-1.8828602690277143,-1.777306962202471,-0.8022692193053526,-0.6208899964098099,-1.980830661807771,-1.2690940401325332,-1.7051352392778578,-0.6649089757607293,-1.0336659708079834,-0.6334389966691126,-0.7982973305677376,-1.3578323111171453,-1.543389254401013,-2.055515108140799,-1.066659937861049,-0.5272222663648565
759,759,-0.97608313894312,-1.4338646272739242,-2.0294830068332517,-1.9060673818080702,-1.175894752764715,-0.6053968162040746,-0.8191391365707055,-0.872698452994392,-1.7331905664201732,-0.88539833558635,-0.767913513626049,-0.8105436558147697,-0.7791039548390165,-1.0064623171233946,-1.4211389721830336,-1.9924026691721315,-1.1752106408750205,-0.5341236180084613
760,760,-0.4401274728542404,-0.34132450063751685,-1.5474707159043275,-1.091720623991705,-0.30332141868787893,-0.5631968361063527,-0.8332873180435884,-0.6885866870433602,-0.42233401772931767,-0.9152976888984155,-0.30349235560905147,-0.743001547684934,-0.1687480929513967,-0.6450561350308943,-1.5193635394058616,-1.481502866980557,-0.5735525987128418,-0.6682835750344777
761,761,-0.5895401631753814,-0.3045583525631636,-1.6868348677614633,-1.0496651046066223,-0.48258690764164314,-0.6657772376138498,-0.07762730150353492,-1.769690258037652,-0.4644242759415251,-1.3956911991458938,-0.3208406405535065,-0.5725147438592958,-0.20167581630173306,-0.6280777198684759,-1.2473871080328038,-1.8133842103712676,-0.29888481087255037,-0.9792732373352766
762,762,-0.41029225163083743,-0.6611819213038315,-1.566543365250212,-0.693568159733588,-0.3778355481638696,-0.5743009078246297,-0.21410996327124007,-1.0137805694716597,-0.514103399491763,-0.6958913058244174,-0.2830203438249282,-0.3606154029670138,-0.20563774586394729,-1.6832801170076244,-0.9786728837608965,-1.931349337495827,-0.3063432920944123,-0.2675545522861118
764,764,-0.5548804652266291,-0.4097824194733712,-0.9772126012256968,-0.9046654882774827,-4.478080651727321,-0.475447014038506,-2.778249509502961,-1.1026563777680465,-1.011502235732392,-0.35192019613031006,-0.43002568010104586,-0.5875752409376848,-0.6592511303650029,-0.5948818936793882,-1.3377532618957597,-2.1316423954763106,-0.4418623046709599,-0.3364945393877662
765,765,-0.523526464744598,-0.40583881624697343,-0.9574842925314464,-0.8999529096317306,-0.44126363445658734,-0.6374474907502646,-2.05956129830145,-1.0258007038708707,-0.7783696892934153,-0.37938638506546984,-0.5129010602757538,-0.46853053889931046,-0.7084623255994276,-0.4881479724681475,-1.0245886756717624,-1.534680331034105,-0.529921703069672,-0.36188570272070153
767,767,-0.5189205166161814,-0.9293716827689603,-0.943643030844712,-0.9096453955059315,-0.4391249649133327,-0.49677646497898675,-2.1040863827994842,-0.9535662205405926,-0.7076149298248039,-0.36414321969513713,-0.448159682177944,-0.43356358265392175,-0.71027753244633,-0.3724787965982593,-0.9704777791552343,-1.883320627063558,-0.48031822810731134,-1.0138876049850316
768,768,-0.5777272002589375,-1.3024430652839971,-0.9893338459174362,-0.9689432180852009,-0.8361084774341678,-0.9545026703088673,-1.1027467580204617,-1.3440729969764225,-0.6155003297565493,-0.5194567994731065,-0.561252074979272,-0.42301482148816155,-0.6833390190257025,-1.1322269844429145,-0.9092542972071078,-1.4517868152080349,-0.6012916579075848,-0.5282688649856297
769,769,-1.220162730601232,-0.4559438749153769,-0.9404812927340356,-0.946216402084679,-0.44027439138296104,-0.4931809922461633,-0.23548501147453396,-0.5618144554627175,-0.6366875528144997,-0.38491666580090894,-0.525737054502921,-1.3094356887398542,-0.370115989632308,-0.6814715896272364,-1.3777562959726875,-1.660677820508449,-1.0911049334051526,-0.932735141336664
770,770,-0.5102674469801817,-0.4131789274223201,-0.9469504977074896,-0.9880686580496636,-0.5821703112529844,-0.6873392576324328,-0.3610831874783119,-0.5650958673574127,-0.6172335216675543,-0.3540411538046154,-0.44256440987982415,-0.49072195858672857,-0.3272548659990018,-0.7795667636907702,-0.895141498333847,-1.4754269196151548,-0.43734420589456413,-0.4699525862861791
771,771,-1.602747831932454,-0.5039088550573797,-0.9492855207145754,-1.1941514239902227,-0.43170625483330416,-0.6017598172506148,-0.2754534258274681,-0.767040768837236,-0.6204026711197697,-0.3695674178678143,-0.5867224284172425,-0.8256239830839709,-0.3187753364179149,-0.5367633334535695,-0.9048871807196823,-1.551088388323557,-0.8849201089812836,-0.6526963986754353
772,772,-0.756068277318151,-0.4559326572367782,-0.9930907243039715,-1.1036254045631697,-0.665761133200833,-0.49998108063627894,-0.6791864583966254,-1.2638522760104034,-0.7046858781601978,-0.49377912084576425,-0.5971194572528732,-0.4769364379845906,-0.5129231680220576,-0.9042061215495456,-1.0474031171756883,-1.522231861487953,-0.5209214633947363,-0.746572538160295
773,773,-0.9610012603039062,-0.6276158777984611,-0.9969342122959288,-1.3365727617969938,-0.6075226843990895,-0.5969755741661955,-0.27873412715131207,-0.6240070289610349,-0.6757035370167409,-0.47663771986747905,-0.9281079687933069,-0.5457024652782754,-0.5588436705294777,-0.4792816827167373,-1.1523297677247546,-1.8444434054959868,-2.4489827612326787,-0.4464559489287187
774,774,-0.7242336297060351,-0.46926432078699515,-1.0488881854105268,-1.6365165219858575,-0.696282637864595,-0.48548997470573185,-0.42557793643767894,-1.0303975979340878,-0.9512309897914997,-0.3843641901172289,-0.6719914877170751,-0.4629154975458429,-0.6082483504194458,-0.7123927401665853,-1.3075670736913765,-1.6829421923611174,-0.5507203511431389,-0.25802536835023226
777,777,-1.135886736270775,-0.8490330507018858,-1.387442364879067,-1.7396240677219155,-2.3026213605725223,-1.9302740109967216,-0.5697908158595067,-0.8646580941841284,-1.7587132758274948,-0.5582395844908765,-0.7011234861995148,-1.4153420758339763,-0.655012432221528,-1.6421879794847396,-1.407196245706133,-1.8118689813866071,-1.2084795445946237,-0.5205870355827346
778,778,-1.6635968131030552,-1.5109286924032754,-1.5839192214461344,-1.7188821745676717,-1.0017808285243794,-0.6237607965524703,-0.8237044518851712,-1.2644463640315742,-1.3054271723045772,-0.6869534519456031,-0.7485797166228998,-1.5899798309142308,-1.043286511753947,-1.6300999876154116,-1.5402304050488453,-1.8217215141282845,-1.86624225502052,-0.41490713270134943
780,780,-0.9885537969526473,-1.1975031491537584,-0.8797107675420598,-0.8624870905750637,-0.39610834907420794,-0.6389200203927071,-0.5989280675901979,-0.8193773440420971,-0.5275219711419091,-0.3312929750016107,-0.9937096945776911,-0.4957522763322483,-0.8641662708480504,-0.7428660885453836,-0.9318366571463039,-1.405582183578892,-1.1767307233396522,-0.726375456191281
781,781,-0.46880189714605974,-0.5378508650156789,-0.9939113867384686,-0.8375378180184109,-0.4289152667862363,-0.7382582465154954,-0.5043548313019057,-0.6444830640005903,-0.6500364285647614,-0.5926616925110093,-0.5394883573042519,-0.4065775524782228,-0.42013571794142923,-0.3667742877578784,-0.826465612260004,-1.5661004696170084,-1.2178286568403314,-0.32129938799383734
782,782,-0.45207276073148994,-0.9796522251355558,-0.9277675591952167,-1.0639910226302758,-0.44870542315305945,-0.585492469028233,-0.6579842450207427,-0.5791359182067272,-0.5302126856322096,-0.7727594007347232,-0.5769261051692771,-0.5100173431143012,-1.1003003761694217,-0.7583589043621595,-0.8266649827340612,-1.3872286751101435,-0.3991893527242121,-0.38488075701134983
783,783,-1.5138713793843712,-0.5306797459922572,-0.9429130788876283,-1.048210870416022,-0.5462357447376649,-2.233944379109805,-0.30567027874020647,-0.6016189862462658,-2.7483049696338666,-0.4015729452777641,-0.38723806542017786,-0.591552104547221,-0.3356918808935229,-0.4178251283244926,-1.1727189251068861,-1.5181789971922057,-1.8327111581562425,-0.307483367611119
785,785,-0.9840292352689985,-0.5915988110305535,-1.447636316096635,-1.0392795995119033,-0.29294138131527864,-1.2525677434563287,-0.35332900370866416,-1.1539937722690976,-0.5698278588048307,-0.9310256278408722,-0.6402083372990399,-0.7544763372914979,-0.7884861699485928,-0.6729000614568128,-0.7994967320762651,-1.4250573428460498,-0.46491004723849,-0.2454883104189053
786,786,-2.2058840155986985,-0.28065949780798616,-1.3304639673306897,-0.7169981731111177,-0.3127300441677361,-0.49292514838190876,-0.2608770006725809,-0.4552205759080011,-0.7362363001566992,-0.6711432470014463,-0.3822477404621081,-0.3499064286519613,-0.2686425293498087,-0.7296624028549291,-0.7133105723953521,-1.5435623771872249,-0.33076294581670795,-0.14775695039895187
787,787,-1.0107874394545757,-0.6950932920958218,-1.0994045909162355,-0.7615447628036366,-0.2873760952545987,-0.5130448535466942,-0.4249712203445401,-0.928899427843541,-0.5663366210333969,-0.744881932584392,-1.3234312998470092,-0.3666910871749443,-0.17310294579531024,-0.2442748493675466,-0.7203837473296764,-1.3189036304221138,-0.3302529614682814,-0.45029287423572156
788,788,-1.0854880826676667,-0.8900780858596973,-2.162714775894947,-1.8587526353616908,-2.117607634657324,-0.6428781385180714,-1.2107824331682777,-0.916893757592953,-1.938628086067897,-0.8269791514231404,-1.2547891977465966,-0.6965531264730818,-0.9504342889892143,-0.7937206546331572,-1.6940061489685916,-2.6079207715334065,-1.0978266944350183,-0.5766307619999382
789,789,-1.0928348267550385,-0.9906193705269095,-1.9565947296004544,-1.895497291496712,-2.244903138920216,-0.7141836514740093,-1.2177820140005537,-0.9170927280606186,-2.3279222483057547,-0.8654020625242405,-1.2951185336257067,-0.8013942397323806,-1.2005149015245071,-0.7880091247755285,-1.6756852470891372,-2.785364457605965,-1.3582215034715563,-0.8638636695954058
790,790,-1.3820136589082854,-0.897047738460486,-1.9810962398722773,-1.7533666987794665,-2.3567159689401262,-1.0177994377879238,-1.3809912457331905,-0.918545407839445,-2.2532542896934307,-0.7049096701418224,-1.181237946880299,-1.0982180363368026,-1.086350749276958,-0.8826131855413797,-1.8567800026248336,-2.638816907018668,-1.296548460229465,-0.6195875306384202
792,792,-3.0096873140562628,-1.9324488314335655,-1.0178369683463926,-1.1191490819469452,-0.8146563091171701,-0.6960296141041014,-2.1109054867928663,-1.1689498754943788,-1.525485334891962,-0.7358700593816312,-1.699108911649591,-0.8366962423897235,-2.3304046105151093,-1.5127634737938163,-0.9900543737191023,-1.5882878213823497,-1.2725798417861234,-1.2161603607188978
793,793,-1.18510569128145,-1.9049156906879003,-1.017868644656004,-1.0709574733078258,-1.34027878090639,-0.50112530554126,-1.2431567686804754,-0.7842654914788187,-1.272099946382545,-0.5256049921908528,-1.4023379888173344,-0.504229872544745,-1.7924791135341074,-1.3322954269001968,-1.002022668938915,-1.9549599386889875,-0.46997063498489366,-0.7711979628939561
796,796,-2.6014677020309267,-2.223547459605826,-0.9977126280909423,-1.2712186250320756,-0.4703321170924657,-0.4980626336670267,-1.7221853537833538,-1.5703755114358082,-0.5295051267708184,-0.6396061995430192,-0.7655613646749744,-0.40115784809192523,-1.492023081363941,-1.9101866272156829,-1.31128623994573,-1.3906828329989906,-1.0645885415094363,-1.4369175228264268
798,798,-0.5782959775212437,-1.6037098937262377,-1.1654608834316451,-0.9427116418811231,-0.3788481289639934,-0.4963258450643547,-1.152546534948681,-1.206045792733432,-0.6150338207663462,-0.5256228970124424,-0.4445972822815888,-0.42044909160369426,-1.1416758325395207,-0.6994101332556188,-0.8519245755239625,-1.4045799192824866,-1.2228559741615923,-0.7021922207745637
799,799,-1.2803883450546598,-0.7526964629329619,-0.8763575511610037,-0.8004313399455173,-0.8141676602335508,-0.5283854582683467,-0.6562168748402445,-0.5592019830269321,-0.7140859289070131,-0.3253090744266101,-0.6331818802074652,-0.43925087994709566,-0.7533915689600905,-0.5257191912558663,-0.8710795637453983,-1.4058239741274812,-0.5270135835433981,-0.20750680618498923
801,801,-2.114361441008372,-3.8858102955114155,-2.071776216940313,-2.1805975294291464,-0.37010224964935223,-0.5055915514807736,-0.7434551225357937,-1.3509705562652279,-0.2843211320827108,-0.3651493305154363,-0.38251619926675984,-0.35597779847905137,-0.8780810966980968,-0.5832026170345945,-0.911971266018085,-1.3968004143139945,-1.5500412188329102,-1.555767992569817
802,802,-0.8014592639469226,-1.4553858743850359,-1.0738934623415342,-1.4356419167030132,-2.457249879986936,-0.513099317447824,-0.5494367231480035,-0.4574251270768565,-0.4446110295517127,-1.1886472156026424,-0.2514172225024986,-0.34881752555328527,-0.8606374751272404,-0.72691227237668,-1.0680318331492282,-1.2009949419043584,-0.4666195190494903,-0.9047395175416257
803,803,-1.3189972058430564,-1.5824870066111327,-0.6761236478427598,-1.5605016440833763,-2.50437643038423,-0.49133103308842657,-0.6633740001163463,-0.794318249028718,-0.8520270901042325,-0.3539216009057539,-0.25536193506801286,-0.4239180586959733,-0.44910572884682715,-0.3970791867163202,-0.8165576542825852,-1.2833769206159649,-0.510281415496578,-1.5055936109427632
805,805,-0.642936114938893,-0.6424055374744881,-1.1174004357634881,-1.1094349905469711,-0.8720959897032641,-0.5153286395569209,-0.456312609484399,-0.6775472652289883,-1.7003248478099187,-0.4746241166837361,-0.716247617418001,-0.5364345640061453,-1.1541715395069119,-0.48823785690288896,-1.0126402867959898,-1.6397225227299839,-0.544908000497225,-0.3049753695661821
806,806,-0.6440668454452605,-0.7379041573532482,-1.1160437019091733,-1.0755182476640732,-0.6951846671509202,-0.5175816934231696,-0.40362648089876385,-1.111211936130619,-1.223402435475546,-0.4507091776805875,-0.5901791505149285,-0.6330558324839772,-0.8239961068840524,-0.4885624036966314,-1.0353229701531521,-1.8487501122171017,-0.5363487763334474,-0.5713694105046279
807,807,-0.6488422085154311,-0.5738139039857906,-1.2196192992096169,-1.0914566423308738,-0.6941789027498149,-0.9708105436533295,-0.8423862578496445,-0.8260133500357392,-1.5859370274922606,-0.6977335045815121,-1.0296859897912394,-0.46899739198207324,-0.7910837735199228,-0.49237547082078864,-1.1082948081343948,-1.670430656831091,-0.5245154198937215,-0.49115160255710166
808,808,-1.0726557603479623,-0.7584145618735274,-1.5237494109782814,-1.417751198585749,-1.777571361267364,-0.6817835648745733,-1.1707903636436443,-1.193573506120981,-1.7637494656597963,-0.5702105711847878,-1.0639374732761806,-1.1313998683453328,-0.9853329924316647,-0.7177118729999228,-1.2731137560959669,-2.029784690621452,-0.8077350321188049,-1.139145060147827
809,809,-1.3314397005774747,-0.8317710108698337,-1.5701181587961848,-1.7264875083120068,-2.021390673176879,-1.2945962807036375,-1.0028151922201958,-1.108604923207491,-2.0963684406806813,-0.616805401743089,-1.0508519510505074,-0.8689360596345528,-0.9978290705468631,-0.7129728433062895,-1.2631659394728652,-2.072092184389594,-0.8734794505412207,-0.5338470817627035
810,810,-1.1534298509291054,-0.7045771808038837,-1.7627541549975392,-1.4610767101900954,-0.7473340313021778,-0.6155875091006001,-0.7763693761907149,-0.8690568715132819,-1.1394762431237333,-0.599750773558879,-0.6843599055219585,-3.1310578385964023,-0.6492012420597207,-1.3100235411533248,-1.3325920563505664,-2.067098622309224,-0.9309345474520265,-4.695677063479293
811,811,-1.1577743889409284,-0.7784073047482939,-1.6058491733856648,-1.6294617962412865,-1.609787149291217,-0.7841117884342689,-1.1768263901068272,-0.880095246430423,-1.8590356205635716,-0.6139815884928583,-0.9336440483975637,-1.1709850714710648,-1.0124584848847529,-0.6614064355632983,-1.2709250745962197,-2.1391063820362155,-0.7046755345309013,-0.5107107373792745
812,812,-0.8218248837577349,-0.6578447711762866,-1.76381090735779,-1.364289210947315,-1.2997115889984459,-0.5948193282300109,-0.7846879776298893,-1.0396321019104704,-1.7033126073442957,-0.5907313126789577,-1.4869390941019685,-0.5467721699192091,-0.6361986846726484,-0.6199649247611042,-1.5601460518016121,-2.2733133400268892,-0.7268541938829243,-0.4113308963058071
813,813,-0.9495925853878948,-1.0072923610528282,-1.4662389201408796,-1.3263466425767017,-2.3494045105720107,-0.9136706628690725,-1.2354968232158299,-0.7531434406722919,-1.6347701662543463,-0.5324510295561516,-0.9477278700247189,-0.5868239761127291,-0.7614075828766718,-0.7674579318327068,-1.4154667265612304,-2.3291981185740753,-0.6744748952535009,-0.6735450228689168
814,814,-0.9970347049630394,-1.5306875212083575,-2.332867849521741,-1.9841342046259478,-1.580187112509475,-0.6267308239888153,-0.7208526842696662,-0.9414268927152919,-1.6774937543435047,-0.5948447473208146,-0.8461146663040533,-1.1017734171518008,-0.8562911507429379,-0.7493814893012736,-1.924574081742671,-2.151970823712925,-1.0967770514677404,-0.5897855190979562
816,816,-1.4422935685883753,-0.8888929342738208,-1.9519251195892726,-2.517645469396136,-1.25847525632297,-0.7613178063758957,-0.6872553482399585,-0.9080385020681587,-1.3496017073528164,-0.6997522027756032,-0.9215737901215384,-0.5857518656315024,-0.8771715752016738,-0.6993492347734835,-1.7923094921733682,-2.467320840722841,-1.1527771181404716,-0.9582750088855123
817,817,-1.2415309298118742,-0.741245505265907,-2.0285906784583294,-2.269032669769223,-1.2934570969217467,-0.7895597830247384,-0.6809653327091237,-1.1604052310609452,-1.2312135236255342,-0.6079647607284457,-0.792821997542198,-0.5766640902337902,-1.1412051713727562,-0.785087407116891,-2.137167600377111,-2.164619083060277,-1.1308225741280098,-1.0522880833162263
818,818,-0.7287204589447625,-0.5154765020649003,-1.2515032670538602,-1.0899598397457708,-0.5930209364938531,-0.5151446646710511,-0.41128497571665984,-0.6665378531062806,-0.8146525478208015,-0.5181147063186177,-0.6170859586100059,-0.5959752184387761,-0.4449881620004947,-0.47765062654017193,-1.034339559728857,-1.8167684683493304,-0.5745158432386741,-0.41014614223609475
819,819,-0.6513258142549663,-1.073052323216955,-1.474980324498301,-1.4399616573848064,-1.1128457701685723,-0.5921393498916159,-0.7996045309647495,-1.0079530526529132,-1.1029148590230993,-0.4801857021146815,-0.5429297340576318,-0.9276197503709291,-1.979592137185087,-0.48881856613558605,-1.0886325984601546,-2.507682486867516,-0.5280934072794498,-0.440976806360566
820,820,-0.6855423612007118,-0.8539423292711278,-1.4431468921584913,-1.2872509464744535,-0.7399958928705431,-0.6391211062472413,-0.38082263891205087,-1.6276995642098282,-0.8749529789158932,-0.6893862885969365,-0.5279148550350161,-0.503444943933279,-0.6244146231642995,-0.6450441993821091,-1.034040125518222,-1.684340070469449,-0.5271765208379071,-0.33759831349143665
822,822,-1.9274404847955844,-0.6154478624364413,-1.0365059818731064,-0.9826543969639456,-0.6987488693898721,-0.5553107348775935,-1.8402066905809504,-1.0101209651600371,-0.9655678484799304,-0.6099322003885607,-0.5579097549575691,-0.4653608416971738,-1.298555127787619,-0.9049187455532361,-1.0557162874582966,-1.8758626844154596,-0.5011651586046338,-0.44712640471511805
823,823,-1.0232918006497393,-0.45104496653867565,-1.0481569498406016,-0.9791177348345196,-0.48252037880543375,-0.49233970759530143,-0.8013259559445464,-0.6094416207854296,-1.564816045977572,-0.4813689068972539,-0.8798524929419538,-0.5185679407634916,-0.576767878200247,-0.5216053338737142,-1.7821775393965273,-2.311631206972708,-0.5571117825177213,-0.2797565516575066
824,824,-1.954737423008945,-1.8529201764050778,-1.0216667942195807,-0.9815137264264884,-0.7709890681939323,-0.9177858213238229,-2.055386301981089,-0.7085781237141567,-1.3535155781313972,-0.4514690281125853,-0.838311781643159,-0.538183317364451,-0.5610017403734028,-0.8489594831314433,-1.0985917011504234,-2.09130054009802,-0.5114837342287801,-0.5364505404194635
825,825,-0.7717373844019504,-0.5235884274563473,-1.3118328905139547,-0.9718917238650943,-0.9048604029179683,-0.8679337389182922,-2.248640094194352,-0.7748708563281037,-0.8547213264976479,-0.39670537662064365,-0.7304872612662063,-0.633238372573374,-0.3922400498333115,-0.6070556246257134,-1.176886598457635,-2.030353808553449,-0.48389320951532017,-0.300196032301565
826,826,-0.9034419638781799,-0.7512830174019642,-1.6981572565184901,-1.547851310491067,-2.0778779911897356,-0.6043987234740035,-0.6213592561714055,-0.8371004264447681,-1.419086116303048,-0.6904989809621416,-1.0362422626110819,-0.89646306472416,-0.645997771297242,-0.6614446486162415,-1.234483077713388,-1.8456891439597811,-1.133208766348794,-0.42440617326573776
828,828,-0.9954497408317395,-0.7030726274785754,-1.9368453954031368,-1.8923612624872848,-2.016384250660099,-0.9495413550135856,-0.6279318093043793,-0.7907615363492705,-1.2723291732902124,-0.7036377189199547,-0.7930277000259327,-0.6146378522132566,-0.8644118466360461,-0.6457337712432099,-1.2359646379583196,-1.9256357884824185,-1.3413867855060793,-0.44467522747921573
829,829,-1.2376764711849648,-0.8630508254041004,-1.726828332153729,-1.7021999312345018,-1.841041656707813,-1.0410264688593678,-0.8111149321987215,-0.8202190139204388,-1.70078050680258,-0.6834945550082365,-0.68065837869536,-0.7689107280803802,-1.7608640980609,-0.6525305466517904,-1.2674554594798533,-2.068702921938501,-0.9470651789114102,-0.45330348165286455
830,830,-1.1256155027770376,-0.7916424851771877,-1.931434590017811,-1.4092749956485997,-0.6414194261293167,-1.3837748445087983,-1.201642522231904,-0.7933642587664347,-1.4705745965015637,-0.6096775885675261,-0.9652241731799343,-0.8790617136539436,-0.5905665581476581,-0.6493238346411568,-1.154314320399621,-1.968452939291566,-0.6077351996394257,-0.3564730001872478
831,831,-0.7795918748902252,-0.5947144834696994,-1.6443998061977865,-1.4586912701944765,-1.0328815003225276,-0.7574440416101027,-0.543494144955324,-0.815936910000626,-1.2249827663259734,-0.6729339324034372,-0.7459945145072482,-0.5150114709316149,-0.7708469328319657,-0.543569298420322,-1.3556411087909102,-1.8956642931720693,-0.6542717965653732,-0.35634091319547717
832,832,-0.7405333547363288,-0.6276900927586639,-2.0517110789796305,-1.501679266867118,-0.7180998645999015,-1.0205830887967264,-0.48017614710948847,-1.0019691973026335,-1.5821070267867001,-0.5880545320367926,-0.5961971031152123,-0.9572096906110906,-0.92028154465796,-0.6357282866453464,-2.0096616177094484,-1.9631257791122176,-0.7405054645281701,-0.42750385020890397
833,833,-0.7792381623873559,-0.8851187738367987,-1.8931544567075584,-2.16014396038716,-1.2560414513248541,-0.6245957383434819,-0.7319998583934237,-1.540785309828069,-1.3649691163194482,-0.4869496478590453,-0.647883924012512,-0.5053534261081405,-0.5426711684655782,-0.5927941806007151,-1.3483086183306148,-1.9421865816712167,-0.6295578301916371,-0.5321439020616093
834,834,-0.6959529544158403,-0.5495843922826018,-1.134248177569739,-1.0407720860343919,-0.5571003820835481,-0.6327107062794964,-0.47822616234095616,-1.1326774053855337,-0.9940050328594545,-0.7957322249566888,-0.6254571227875882,-0.5183317025006717,-0.5706939247210552,-0.9571984235039959,-0.9942573434525338,-1.6316740241268346,-0.5982801444090059,-0.6649828229754845
836,836,-1.5502251976635848,-0.5258324337431249,-1.2329543301508696,-1.1106868608186298,-0.6594888595336567,-0.5236688242489053,-0.35095531657812346,-0.7649253206695521,-1.0102464939103957,-0.42830282286132276,-0.506863363247572,-0.6679679151040608,-1.0418441500028868,-0.47314099037545215,-1.3791903009255715,-1.6707035323227883,-0.5935716118927518,-0.3516252022511833
837,837,-1.6194747084943297,-1.533367835131969,-2.3774233603913446,-1.582136293571942,-0.9595732928333904,-0.6014442454335819,-1.9557515442611533,-1.0755614927057424,-1.8596983744609652,-0.6618848037283636,-1.555140838447576,-1.1093098308001448,-1.2602811517585528,-0.7474981148470516,-2.4222246511633365,-3.0872880603734045,-0.9599715591095314,-0.6260231740572197
838,838,-1.5093149837643138,-0.9943002155900975,-2.071984515779408,-1.469269228444149,-0.7611492203290104,-0.8866483097795178,-1.1439769292147997,-0.8150266092226137,-2.227585357191768,-1.1611047619583457,-0.8074077575091176,-1.5019198612256601,-0.8761013225113581,-0.9365542816949857,-2.201426226763838,-3.2722949157624925,-1.880082713193227,-0.9160125328316993
839,839,-1.158418398063298,-0.8982557034646411,-2.2066100580475223,-1.6627437555571731,-0.8891605980715123,-2.4331351053024632,-2.0729344512760397,-0.8634339271017325,-1.682862959191409,-0.8716198452216107,-1.1636518807896856,-0.7957850051949695,-0.674004230896158,-0.6901769648194175,-2.6324913181961147,-3.5692966277057483,-1.1416285373128774,-0.510875276974934
841,841,-0.9789454140905391,-0.468474929324211,-0.9712636414370316,-1.5478883826538492,-1.5231041909787684,-1.3988720343318328,-1.2890739945272356,-0.5532731461739397,-0.5387343912703393,-0.5482855849571102,-0.6912740438620901,-1.929570837296147,-0.5792165355849117,-0.9193356692705926,-0.8422142383622732,-1.4249568672613353,-0.3878375614077812,-0.32562850840985136
842,842,-0.48612328141638916,-0.5933917181121686,-0.8865352612999916,-1.07326233091745,-0.42505517123070957,-0.48606260761704684,-0.4478923349197144,-0.5694986596986403,-0.6090230455901314,-0.5502427675181921,-2.086761446461011,-0.8549482844561249,-0.27804641690491855,-0.6535504217449897,-1.3314329797346,-1.7842178652717675,-0.9152506053284031,-0.4817018358549058
843,843,-0.45903866506079194,-0.4275294804416137,-1.8647718881494146,-3.55507154585133,-2.5430437470015588,-1.5030846606312902,-0.7983402767250347,-0.826657080046979,-1.20004761908991,-0.4035627128578337,-0.43689804687133954,-1.6115391089585418,-0.4251847642150733,-0.5963392203050353,-1.661202168368241,-1.959381168531837,-1.3238171654649182,-0.5312424478766269
844,844,-0.5265658491155061,-0.6611076780427165,-1.4203203121966554,-1.5676876031783151,-0.8976149653005762,-0.5908695000021057,-0.4096063058141362,-0.5845625761666858,-1.4717421140069722,-0.3358879121219098,-0.7223456776981425,-0.6534437448113628,-0.3250801862102741,-0.7081667259266562,-0.9492563877182411,-1.5590168533866597,-0.5037384980885649,-1.3257543716201436
845,845,-0.7961274485672036,-0.45226684874916284,-0.9081105005052525,-0.8945070241558364,-0.4576346609894755,-0.5115604584396353,-0.2897386141912468,-0.5836588465365558,-0.6103212996578274,-0.44575239917868253,-0.41846315070298346,-0.6714676054729193,-0.3280535633850642,-0.7758665586111808,-0.8511808622965837,-1.4406240887698845,-1.0882156583603961,-0.3421620348145019
846,846,-0.8056907266742515,-1.761014254448794,-0.882062326805081,-0.8723228734610402,-1.7087463378588938,-0.560852588462215,-0.6168758265240498,-1.3672449486142533,-0.5991305484295659,-0.3674605190351028,-1.0828796338749815,-0.4030610406917384,-2.274383788912888,-0.5403664374258568,-0.858010914983898,-1.384553672711111,-0.4946332291306126,-0.2731788980993771
847,847,-2.0925690394008036,-4.318696144902604,-0.9289443777986451,-0.8797579904157847,-1.2385654958148553,-0.6630133485106138,-0.4157792038628988,-0.6892610154067681,-0.5674581484521364,-0.6909795457264836,-2.487420521892856,-0.5270125452800825,-5.69345390378535,-2.590237985171141,-0.8965385694088558,-1.3805322547858634,-0.40331937330737716,-0.5749471681318159
848,848,-0.5757296615463565,-0.50676492683256,-0.9407456613875308,-0.8999993050494205,-0.7431653638882552,-0.45861829881809774,-0.19268214865584155,-0.5994110653856638,-0.5441276487721093,-0.5350798382620985,-0.4758627101437845,-0.4240320463121686,-0.27452277095158767,-0.43694866445367536,-0.8230403717364481,-1.3794807412221435,-0.6494782988512633,-0.4539193325844072
849,849,-0.8351725723890732,-0.969122145097522,-1.7918927165790177,-1.5042364830855268,-1.05363194330384,-0.6391951123979223,-0.847662163219214,-1.0259277099849313,-1.5271344929094943,-0.5406685201993211,-0.8489549428120821,-0.5438660510380502,-2.617316177987946,-0.6700456927910623,-1.929875795568558,-2.5178036966770163,-0.951096943906478,-0.44040290692851464
850,850,-0.866095942813836,-0.6549871236113016,-1.8908506860672616,-1.6205159834299525,-1.6223887261126548,-0.6297809266682848,-0.5685329064402851,-1.0222599136654833,-1.2312755616536752,-1.081153459811822,-0.6670259514532382,-0.546177025927454,-0.6711696543275633,-0.7468496830610757,-1.8143478922036418,-2.8677150528567914,-1.1409977920160228,-0.4873629435331007
851,851,-1.3339436824388824,-0.686167823131136,-1.6250604630633454,-1.636075657773758,-0.9325851134281724,-0.9286723803522061,-1.3955114830649626,-0.7644349266490611,-1.3082656084299205,-0.6786782655869854,-0.8374321580080126,-0.6380414760270716,-1.0216496830692716,-0.6333306621730302,-1.5961052701232683,-2.4209065097368505,-1.1743477666609596,-0.4103413268586663
852,852,-0.8472069289298243,-0.9654569367531418,-1.844350645289292,-1.534941247115655,-0.7707900698474912,-1.9463290114434315,-0.6404105243824496,-1.5646146390633355,-1.2005061829800583,-0.8417213066169005,-0.7242626137332454,-0.5863845860508528,-0.8338718985255951,-0.662762469224663,-1.5624008091844668,-2.773951180054798,-0.741925413644392,-0.492541667175204
855,855,-0.9162273667957513,-1.6385567214045822,-0.8697823675068945,-0.858049689047985,-0.38483620716853717,-0.7313085427368002,-0.34020231513452814,-0.5534677151562049,-0.854978665671038,-0.43810677379333185,-0.5498522258688476,-0.55000663636693,-0.9768522371362666,-2.8643687756536984,-0.8243214041280426,-1.470047450780863,-0.8081381585726901,-0.25387683961921476
856,856,-0.9513470180780391,-3.666582280287838,-1.0291049163069215,-0.9048365400436793,-1.1771817113613032,-0.754893423261132,-0.21592222290344373,-1.5205699648848185,-0.5946243461023947,-0.33332811174192584,-0.8008707477590912,-0.4187544683783456,-1.59380522372239,-0.3360608548347878,-0.8165228204018977,-1.673830672487509,-0.42335831002260604,-0.2852441434220121
857,857,-0.8819456492533126,-1.2834056932601492,-1.6328121060419312,-1.4888932370727253,-1.5611735455092646,-0.8431592227105298,-0.613003539189818,-0.8002608951557074,-1.740699021811657,-0.9529181591531259,-0.8770136226943366,-0.8780910835108893,-1.2178559580213228,-0.701674145551271,-1.3278536772220613,-2.0090209428230184,-0.8495898942669493,-0.45968506228284045
858,858,-0.8989171851803114,-1.4070737461355842,-1.486586513807328,-1.5616287916687273,-1.8530409002467745,-0.7132177012964623,-0.8276937770012488,-1.1169864006422974,-1.4866431183882707,-0.8046461872870794,-0.9639560709806565,-2.000423579390538,-0.6902218749833725,-0.6705038431137735,-1.2651192856407532,-1.8737223094606865,-1.0498422332965935,-0.4851101776351343
859,859,-0.8813367106305072,-1.3804960586124408,-1.6606727140135427,-1.782498056380433,-1.3171648169602848,-0.623500392378762,-0.6107874205723361,-0.7941080858926942,-1.4695667838391007,-0.6106505331817373,-0.6915433972781014,-0.7643536373741936,-0.6775142035182543,-0.8822388017343932,-1.2510122372371282,-1.900808871783876,-1.0072689380079316,-0.45952813323480535
860,860,-0.8871484318281461,-3.41657915072954,-2.0443515833306756,-1.475347532096774,-0.7810548797907497,-0.6473195408316839,-0.62620142788693,-1.0050590371519479,-1.4105185119340988,-0.7037380221015752,-0.7722016223939637,-1.2579334643500095,-5.041804889926681,-0.7201323737323342,-1.515103515611069,-2.3614904113303057,-0.8219281833985552,-0.45129814890278197
861,861,-0.6021750814001647,-1.2589193811616801,-0.8352674545387986,-0.978861498177773,-0.3838775077721541,-0.4378157460807348,-0.19314833718510294,-0.681141344732272,-0.4410366600441292,-0.28027663151849036,-0.3814329034008966,-0.41509355339975784,-0.4171280473301813,-0.32149441805607376,-0.7571069553089833,-1.31774644047235,-0.3360751313574861,-0.4954327964268919
862,862,-0.402648126939094,-0.4607222194202458,-0.8304362682129104,-0.8480360092626563,-0.34287954002188137,-1.3291893136130035,-1.423607012872619,-0.829388219055274,-0.4403589990014014,-0.29269250225040255,-0.6133786783957631,-0.4677904955852166,-0.26900765405343335,-0.936805434986915,-0.7711651814548147,-1.3144109694487836,-2.2442789799077554,-0.41335379740961364
864,864,-1.0619281211831766,-1.1872722400497648,-2.038344777459908,-2.0132564200619356,-0.8731320261185815,-0.6664205622728426,-0.7573052601875756,-1.1631739661584755,-1.8363186222564778,-0.6492805827128677,-0.9273154764671263,-0.6532972834342496,-1.4123831411383716,-1.6921683972103687,-2.181239731743189,-2.46348860907806,-0.8661591779084383,-0.6195711415813728
865,865,-1.5653577367079232,-0.8191518203683429,-1.9599073917609107,-2.0885702776363244,-1.451168752827307,-0.849210943556663,-0.7493883570882919,-5.524692870820102,-1.6473498046022155,-0.6916370124924905,-0.8009553098926964,-0.6039167434564433,-0.9659942368079699,-2.849171835846385,-2.0746254893244096,-2.2769034441563623,-1.9064516875753204,-0.6683731682282297
866,866,-1.150703339391297,-3.407608835933114,-2.292330106734924,-1.9845496736608008,-0.8640098748249851,-0.9779587037757989,-0.8196218324372357,-3.927078878863455,-1.7555837686501654,-0.7140253442033261,-0.828463385343969,-0.6589908269949893,-1.0553814538181165,-0.9398125465920166,-1.648153942178842,-2.551469560179494,-1.0610621700634553,-0.5894368008095978
867,867,-1.2283691818365456,-1.0177493262296746,-2.659132433077957,-1.860271616850955,-0.9098893118313537,-1.5263986482498253,-0.9217977447940802,-2.4177671972348724,-1.8276627360079634,-0.8003554551763266,-0.791841369439419,-0.9143322884980322,-1.3445022715863617,-1.3759156151987169,-1.7483016529293962,-2.548928220969708,-1.7223615297370798,-0.8377200005462848
868,868,-1.415060522879622,-0.5678531692440493,-1.3066586566314577,-1.0895219809744143,-1.0076652770750631,-0.8196106705033349,-0.6729438928954921,-0.693489542407446,-1.2994351184743922,-0.6993002007809046,-1.4585926163659564,-0.49126259164851427,-0.5006641958155053,-0.5026546616568355,-1.1424695162120422,-1.7134100005341821,-0.5516210431181572,-0.35905404845847044
869,869,-0.8296957297278659,-0.5297036076124262,-1.2225699807318593,-1.1163545261060237,-1.1149297525546538,-0.8646260921690971,-0.6802897311784617,-1.1265939619456113,-1.4547533518586304,-0.5608890737116111,-1.4062404094575305,-0.5961089214105392,-0.45487352672577025,-0.5000631732180048,-1.28227657140022,-1.9189587810856277,-0.5733901290896507,-0.7410243292686103
872,872,-0.6298112619382316,-1.018956742970036,-1.3382543491734853,-1.1789139926945003,-0.9290867203083152,-0.5094425937713938,-0.7040245487473542,-0.7818895919453132,-0.8066383594904153,-1.1691657617076623,-0.8556315301197785,-0.478753924268496,-0.47326990233503213,-0.5410437682229803,-0.994435705621402,-1.5736830061331355,-1.3778794024512218,-0.3019452909861573
873,873,-1.1675436135518842,-0.802875981167271,-1.1567386149626195,-1.1570305248254393,-0.5465134097059382,-0.5908104281949563,-1.004306324414109,-1.0563079188808282,-0.7847857752073929,-0.430126598124418,-0.514922073717401,-0.4692240727797101,-0.4888808255085673,-1.571540086460002,-1.193428050149023,-1.61691282457976,-0.549945027291182,-0.41750787935936373
874,874,-0.7707464335756379,-0.9294064698874892,-1.2510167243474088,-1.1737189035052973,-0.5281354097534243,-0.5426551519944502,-1.0390260416721553,-2.0649249616468817,-0.8558712365693598,-0.4808448115850078,-0.5061982226214395,-0.601477273107849,-0.7716683584465933,-0.6033233290427091,-1.0256606411594924,-1.5902453492796351,-0.5332369566071085,-0.7351377209990219
875,875,-1.962075093637244,-0.8210342294088021,-1.1046509816478807,-1.0541916047164213,-0.5800301844283646,-0.5509392158068662,-0.5220585401118412,-0.6529120422159365,-0.7847919802427638,-0.4191800286209779,-0.5610840077314386,-0.5773415761003889,-0.8831991450604644,-0.9112103295837287,-0.9938294976916605,-1.5817773206880439,-0.528757391496936,-0.3560188863835387
876,876,-1.7101855280575602,-0.9991967265272221,-2.744520104226704,-2.194322135614548,-1.4947773987695014,-0.8285531272837159,-2.0227581784569737,-1.1515134602656907,-2.2440852201082047,-0.939040828705975,-1.1730236079018888,-1.2842303785571696,-1.0347929805233216,-1.0365983638557057,-2.798836655960697,-3.441166053371014,-1.6895581640868405,-0.9030539546375709
879,879,-1.859388069966859,-1.002932171491206,-2.7227577915109427,-2.325595217123347,-1.2241115266172373,-0.9890353898725792,-1.3537598284519266,-1.5185262312120336,-2.2078592598692635,-1.0261981125083623,-1.3353964358273642,-1.290858095895835,-1.0121372669001363,-1.3495270399190726,-2.769382011265067,-3.350258116705514,-1.6634267044119317,-0.646124760769294
881,881,-0.9501460519848323,-1.0475815054102136,-1.5404680564878117,-1.680121450348544,-0.9170537513976958,-1.309701274735195,-0.7098580153617895,-0.813946422907518,-1.6440301085409723,-0.5628091078125494,-0.8270886372028596,-0.5702530751445818,-0.6662180431137041,-0.6516896819478643,-1.5134919858541735,-2.135507213725189,-0.748099629768473,-0.426113907055078
882,882,-0.9501116669100192,-0.9500572331754848,-1.495797482552935,-1.4933071925912504,-1.3279415409653077,-0.6814204135305431,-0.6446904934181908,-1.1703114926886118,-1.8701853091889618,-0.8250127781015264,-0.7281844950757487,-0.6607275005748516,-0.9297621457448224,-0.6416483906066902,-1.4237073031116114,-1.997074859403473,-0.6982034496199833,-0.4470645089037914
884,884,-1.109985486709329,-0.8451945678297504,-2.4969509090759585,-2.032886095177802,-0.8832093356353923,-0.9499663888757022,-0.9981119637929886,-0.9002879174061845,-1.6957732929112557,-0.7426209719833432,-1.0720183582986604,-1.1203639780377586,-0.7928712623070834,-1.2507878480761911,-2.3877698742776667,-3.0129951919809654,-0.9593619074930457,-0.8046336273230439
885,885,-1.0493781080642048,-0.8166595092377376,-2.1020214845416483,-2.005425947939539,-0.9401053358923458,-0.9612185896529623,-0.8673701818531943,-1.7192368561813285,-1.6272620000159124,-0.8751803567178175,-0.9261237638006428,-0.9161360824962224,-0.8115674442795116,-1.0458554492308532,-2.3558019363736795,-2.8402911046833634,-1.8076114166303983,-0.8676645543168136
886,886,-1.0692141933744277,-1.0233135793981245,-2.205959093450431,-1.9765974458701567,-0.9835117442074608,-0.9979803039251689,-0.938623328222132,-1.5001089974228359,-1.774025704605821,-0.6716004676885289,-0.9862654447624982,-0.801841009923444,-0.8122282210011361,-1.023325405733424,-2.3358872525508025,-2.8743745220886447,-1.3079923479710882,-0.8334060807304016
887,887,-0.9693393196828565,-0.671388942213565,-1.556238310410408,-1.3934114521051233,-1.604692645013106,-1.3617307704833546,-0.9889203890946149,-1.148850837241559,-2.037800829309822,-0.5474228540022857,-1.1494515646723695,-0.6242468319681126,-0.6707872581323273,-0.6344773594183745,-1.2588109832918675,-2.1728741065258017,-0.781204648697589,-0.5945647538778165
888,888,-0.8552817593643836,-0.7672344401777083,-1.8451733306428277,-1.449130891358857,-1.782040983435749,-0.5833521613611586,-0.6853936574517872,-0.7721418619689019,-1.6313084162414389,-0.551367505653381,-0.9049276112330409,-0.7375911947349355,-0.6185843592366016,-0.6253803777570468,-1.2761741252244532,-2.1077678830137265,-0.6763669971406118,-1.1312594972589622
889,889,-1.3199162078961666,-0.8285816327987633,-1.5707317550230901,-1.3480264227361975,-1.0502100704301485,-1.0706372219410478,-0.9004321170990346,-0.8085615274712709,-1.7677999427918176,-0.5496415692342808,-0.9932831146460669,-1.095983794685976,-0.6378522743840014,-0.8032173506916036,-1.2692589813673065,-2.118069181690768,-0.7077378058454922,-0.7122704461670804
890,890,-0.8461342243679328,-0.7237812337387766,-1.8325277766531392,-1.4747889645326515,-1.3643825652861488,-0.6031588057181196,-0.8954033638335814,-0.7715869574091556,-1.5594796549206293,-0.7394955854290438,-0.7089615415337059,-0.6012942378839324,-0.6584403111658687,-0.6461195151720289,-1.7569966459168893,-2.347078855629026,-0.7159695449075821,-0.42599388957178025
892,892,-1.3293095582780063,-1.0153460612804586,-2.2725412398798635,-2.346806665902129,-1.1790543509496907,-0.7224743120132336,-1.30002933209616,-1.3730788352283347,-2.3890105394008176,-0.8963542239150826,-1.365830218529766,-0.7751749975873827,-1.0226200664140093,-0.9626914989366835,-1.9749238735911785,-2.9955091334961166,-1.4806602614748987,-0.6483617505426968
893,893,-1.274186489740277,-1.0221119127045095,-2.5446283405701347,-2.3809823253879037,-2.0069327129956918,-0.73576480929179,-1.5861986086869306,-1.2578206931911051,-2.1759400985208166,-0.97009363941758,-1.2598922484802046,-0.8526289768501933,-1.214712315129813,-0.9327016206250329,-2.4936056800637725,-2.821228744900556,-2.303352744248296,-0.7014716343944776
894,894,-1.3243436384427452,-1.0449287220642207,-2.4918755235571464,-2.552600278639253,-1.7311692929611853,-0.7989746927350444,-1.4254471822604828,-1.176425113589623,-2.2842000710902997,-1.614167808048136,-1.2362254619275166,-0.7675164872332084,-1.1000664294964846,-1.0244502778831248,-2.123426577135182,-3.1939604550415908,-2.4624717240531453,-0.6601438068969414
895,895,-1.0949325429016015,-0.8672595392673093,-2.03807546812994,-1.919344045151656,-1.0887706021152301,-0.72173876964073,-1.3356423865706757,-0.8570712179158408,-1.5741790981176842,-1.2595417596228815,-0.8385604844497422,-0.9812032304443628,-0.7325064559997388,-0.7140399830714117,-1.887236855045903,-2.7371428241855154,-0.999958153931334,-0.8700247757037791
898,898,-1.1287912353176452,-0.8088952511928607,-2.041115684501472,-1.891862938104397,-0.9850244714144855,-0.6086886862992229,-1.6578842455120144,-0.9592349129958512,-1.7994861461116856,-0.6431108176815034,-1.0971115700932286,-0.595948673707975,-0.7338053570055855,-0.8898913271696954,-1.8745447291545263,-2.585799365021794,-1.6811648903722236,-0.5665117036854537
899,899,-1.6019025629019357,-1.7056545884065373,-1.6549021099797316,-1.0506248755313423,-0.5214955033321681,-0.6257258538514974,-1.7004759262628348,-0.6863063208777284,-0.9821110538238482,-0.6957295643614956,-0.7725897957832943,-0.8691772885880864,-0.6392805579917684,-0.506955585429844,-2.5144495421558353,-3.8471620156817243,-0.5247813020557407,-0.29559476388449424
900,900,-0.6262896476600822,-0.5092430047721799,-1.354101233776482,-1.2407120225153438,-1.0237915859331532,-0.8546960355254567,-2.697653199816319,-0.9560296511365635,-0.963150206314247,-2.258386570772722,-0.545894281739606,-1.2544905523022793,-0.5486609815961837,-0.5534399075559328,-3.261177648114283,-4.561047898591921,-0.7259672578588241,-0.6569528720835955
901,901,-1.0009168842873437,-0.6777568002270805,-1.356483507612894,-1.0401552496933142,-0.5933787636896877,-1.1371117719486046,-2.7112530512911244,-0.6659964661814219,-1.222994531986941,-1.402362973704697,-0.5650195075007006,-2.048323739076684,-0.4143778411489757,-0.6622932268580879,-2.2078794598969624,-3.6846966389563356,-1.2605294548410702,-0.7712469856806827
903,903,-0.6896169254189468,-0.5278977845167991,-1.1712322558081452,-1.1084391779280456,-0.7016535797505026,-0.6941477638907785,-0.38351634237729926,-0.6996744840556175,-1.0470869774747222,-1.22014711293874,-0.653615686547665,-0.8320707286511362,-0.5746516960101143,-0.4959134446959354,-1.037662586034134,-1.6089248306235149,-0.5370575534979485,-0.34108834800281385
904,904,-1.214840064828731,-0.9043075486416423,-1.2352054830334747,-1.299836431965352,-0.8876536695487649,-0.5938851842147205,-0.46862120457661427,-1.1678766380132752,-1.0658515664621462,-0.4396774673847151,-1.0463854305780527,-0.9019254562815644,-1.2397980686553107,-0.49255825851343393,-1.044594590016148,-1.7549798046741878,-0.6141304334671374,-0.822332845530643
905,905,-1.2594577763557515,-0.7419226650549541,-1.1550031559643898,-1.3150414681425664,-0.849284470537595,-0.5262017489989408,-0.40112158769008494,-0.6906931703903417,-1.0586466221210293,-0.7331620222348644,-0.7885513480267243,-1.2304578837838354,-2.3610074560678087,-0.5052854977656602,-1.0692681489581026,-1.7389678073347574,-0.5423295431383541,-0.3239620763840501
906,906,-1.1664272006489602,-0.8171770440796469,-1.2459704644031075,-1.3629243311288768,-0.5815288352312153,-0.8178417063944193,-0.38152651651450953,-0.7635846756007852,-0.9556003046384802,-0.6356865261437481,-0.6806713197954903,-0.8874807469054438,-0.496429376507446,-0.6370918618375613,-1.0235710973274452,-2.049594388421626,-0.5560158473835273,-0.8647700874001903
907,907,-1.2678414918937677,-1.5809250774430788,-1.967373446623799,-2.00454326144149,-1.0599994080735309,-0.6436740642249101,-0.8422455365058542,-1.0556087622700414,-1.8567827341217116,-0.795752155531042,-0.9253031097887716,-1.397407528803678,-1.18101624347224,-1.0508528919059572,-1.5056514787154933,-2.2542795241057907,-1.3642808375685949,-0.7401399538321948
908,908,-1.1343789416242867,-0.8930124874441951,-2.0146743213241347,-2.000250452309557,-1.9830045972848929,-1.5839342106780405,-0.8441880283320794,-0.9462193319254149,-2.0562279504414733,-0.7612600194812441,-1.0894462157500622,-1.1020185207613602,-0.8817228894981226,-0.8774337547757656,-1.4767237256365597,-2.190333845139301,-1.2997898848804303,-0.6468358156117286
909,909,-1.253917732305229,-1.261821810603807,-2.0881168797802783,-2.2098107107747262,-1.9815197115749337,-0.859198141151288,-0.8504195843759849,-0.9318231879743781,-1.6511197088355059,-0.6913122941066067,-1.323730290444795,-0.8833510576984125,-0.9200857549478711,-0.8283310772779401,-1.5238586738473754,-2.22520960326985,-1.3545330057549292,-1.03172366692742
910,910,-0.9780860308330036,-0.6405666193054126,-1.3717765963466597,-1.8519294114471658,-0.5233423551745665,-1.3053223428828873,-1.1961437131643589,-0.3429509987574655,-1.0646218717286344,-0.9583398634856324,-0.5224024059250952,-2.950325773633046,-0.29512999501274273,-0.6692649007072698,-1.2736951892517716,-1.940151296735597,-1.5819693480032815,-0.412867063033418
911,911,-0.9814730204677063,-0.6650881271884611,-1.4153453329415258,-1.615188826503309,-0.5747266508970733,-1.308516051696623,-1.1711552102826088,-0.2543836971984772,-1.1162053889427446,-0.7222655721395297,-0.42481935959246553,-1.6772264426700556,-0.31238748094616814,-0.42268380467101657,-1.156030545657511,-1.8239043252453568,-1.7246580509071734,-0.48232201642562555
912,912,-1.3006542824434704,-0.6690083174153574,-1.6857699880948733,-2.1058363513517717,-0.7087070599409369,-1.4531364200514991,-1.2513119390280119,-0.7318869851626336,-0.8599172255886997,-1.4285952953220287,-0.3502888072933138,-1.3168448779812756,-2.9411400421619716,-0.8129701126406299,-1.2112837597534243,-2.084319233123586,-1.8024878449054131,-0.5606157429002451
914,914,-0.9440227300897185,-0.6203242250844102,-1.1872552679965034,-1.2570953473830768,-0.4330449834154389,-1.325187946703599,-1.1420589194003876,-0.30983127171639885,-0.84558963483524,-0.703115209997672,-0.36206135836540393,-1.1282832328900536,-0.26401454371849664,-0.2621881742834045,-1.1561501101151639,-1.877656188990218,-1.1164012727839419,-0.3814083955299831
915,915,-1.2701745232179191,-0.6529026989846124,-1.2256582189965506,-1.6286917318221317,-0.5320883084180865,-4.1952690256472085,-1.2703552114601337,-4.251099508713098,-0.7787826960994616,-1.984063858530389,-0.3294708747174639,-2.1977232827503532,-0.6692100405920329,-0.29483725713258413,-1.2674557457160187,-2.0800670039377547,-2.6399704883231436,-1.3543430053694765
916,916,-2.67504769704077,-3.7891319531123435,-3.092646014803244,-3.5533061059391384,-1.649201288708141,-1.4250465579618277,-2.147497189862274,-1.7027581252553523,-1.982698722179066,-1.2926246377244253,-1.1915334609923698,-1.271290986923045,-3.52323214470483,-3.120448969874315,-2.0140170213047317,-2.4043064873652744,-3.528380306769936,-1.841969868297011
917,917,-2.4112786558839954,-4.1861494289851855,-2.676372310676885,-2.9996711305964228,-3.0665115146005784,-1.3767852867432966,-2.1199369660973715,-2.183173496805552,-2.257715898906872,-1.2668272934065221,-0.9271244234869549,-1.1623947559744687,-5.227209935605199,-2.4954787202842574,-2.0197082573527783,-2.3027706581543907,-2.4403592694742695,-2.0412238938258094
918,918,-2.156382149682527,-3.607161421413323,-2.753177388071966,-2.9713606125797085,-2.8691437327918843,-1.4672154014363583,-2.1173306663864944,-2.2246691357856125,-2.081848784467743,-2.155033862193619,-0.90012852322167,-1.2083729207055267,-2.827682667323325,-1.8935104736896577,-1.7639265598679679,-2.2928959258948045,-2.6939761237678495,-1.3826016722522292
919,919,-1.5302526949466932,-1.1918163793087202,-1.9493807323537897,-2.483503843052932,-0.8554006639158973,-1.2626180966986422,-1.431255410394185,-1.0174674857432828,-1.274435925547762,-0.8449324625568362,-0.4861368658596168,-1.055650698775344,-0.7638862986344243,-0.5491000841853839,-1.1257609435832776,-1.7225756301900952,-2.937882902022448,-0.8326575844080253
921,921,-1.5086691224529027,-1.1892723314122273,-1.871993963358265,-2.2487743812554273,-0.876451111527446,-1.1063822877921345,-1.5878106935269556,-0.39345803953859254,-1.072984320474304,-0.8000547284135756,-0.6018116501386639,-0.993871253336488,-0.9175229415679267,-0.6404612406625076,-1.212490255858025,-1.7210228419145412,-3.554160369629292,-0.49918533312724395
922,922,-2.1194356879714706,-1.8365241069115035,-2.4286403039388897,-2.9457197817716017,-2.3164161740471525,-1.2569625140431147,-1.9414418521776853,-1.9106175895500974,-1.9558283105981662,-1.8504723741156177,-0.9118791026403866,-1.150931728897955,-1.5320921173595137,-1.3624827314602088,-1.8369089870699842,-2.3968632579250015,-2.8431491994954667,-2.6115677589147994
923,923,-2.326990116635462,-2.8581130779693122,-2.727200654706161,-3.832865273398671,-1.0173559767136855,-2.5870902462026337,-1.992949229562571,-3.609032569639242,-1.8687512457674382,-4.46937177138641,-1.5163625495403248,-2.863608986178483,-3.7419448744588655,-3.045286731715139,-2.0569093294598386,-2.3167341966932984,-3.479254003018499,-5.209859325070366
924,924,-2.0124772901240426,-2.0331006098938715,-2.2879117387290977,-2.7586428972557338,-1.98144606884689,-2.180053949430717,-1.916089465839007,-2.7427008329022433,-1.9103609528505259,-2.224241502405583,-0.9032141527364371,-1.2210255030182582,-1.8696374195524719,-1.1588651053651788,-1.682335213743604,-2.295702791741448,-2.053417035791863,-1.6742534813842733
925,925,-0.8054734652439148,-0.47944097088113463,-0.9010232701555941,-0.8421089132379622,-0.3018579603986339,-1.256627789986402,-0.9383489481797018,-0.12961677388783624,-0.5077358520895973,-0.5884101139230169,-0.3593736681731635,-1.4241600882855971,-0.09782303916578013,-0.14505033068383605,-0.7524536092292753,-1.2619978894369754,-0.9966974793181586,-0.28246489333023317
926,926,-1.5005882112963633,-0.4743555264651588,-0.865199257806886,-0.843594086580474,-0.5007552609966152,-3.3485198059641754,-1.038596734954579,-0.19252429347916597,-0.5514249293382696,-1.667740407679426,-0.3343068849512838,-1.3729447955941234,-0.7233066481530644,-0.13046614713186694,-0.7576008250594827,-1.2595169963269732,-2.4709913557551326,-0.977046636936003
930,930,-1.3989579481499597,-1.5316833424555467,-2.211233350205257,-2.6516191627121097,-0.990442207783326,-1.2951351504702753,-1.4861639552404675,-2.04881660886425,-1.4131412545040531,-1.3038630020156265,-0.5640549341994519,-1.0488685887343498,-4.398698039160032,-1.192422126163839,-2.075605808652991,-1.9535850074313672,-2.4107489290056177,-0.578449202605016
931,931,-1.0195138816465807,-1.5265380768778594,-1.6057088821089809,-1.5675268183148567,-0.7203694815853554,-1.4022626843141397,-1.222865744010631,-2.7919836360749746,-0.8906253716523814,-2.5624237482337042,-0.7416921406988701,-3.4794032939182644,-0.643012032057672,-0.5788186861142639,-1.6098890605205658,-2.152902505369437,-1.8097365146682836,-0.8320492836663034
932,932,-1.0222156397459374,-0.8160789406048699,-1.8118721788923269,-2.2372225605066873,-0.8291590341277678,-2.4658534113647304,-1.2050255778564674,-2.2348612336133122,-1.1998347133165257,-1.9755042037913588,-1.9430169952071052,-2.175233804755121,-0.5961863342121185,-0.7457283576423959,-2.88479594681659,-2.17413094059314,-2.129055624836642,-2.2346296906112153
933,933,-1.0250595773985978,-0.6685557077809794,-1.8110967748546443,-1.9686133559364387,-0.5483943699496283,-1.2662496040714968,-1.2077600332040546,-1.3484310270183666,-1.2607448471834761,-2.573460199272194,-3.008878558949373,-2.1752016493920134,-1.5828702512494197,-0.7964801091858699,-2.4050703113261944,-2.282787181620939,-1.333624972517594,-2.710341042331596
934,934,-0.7206542052764338,-0.4904538320598218,-0.896057726391807,-0.7716056080444802,-0.2544262401227288,-0.9402758991520158,-0.9232042614530357,-0.22043680980553193,-0.5913117202333581,-0.6119775596995964,-0.48738331684583225,-1.1454445138960336,-0.058474572162580396,-0.10977583084068276,-0.8826795984013671,-1.2287320546724059,-0.9024670940951243,-0.3157958492810641
935,935,-0.7308559755949099,-0.4494356972733567,-0.7999938794334976,-0.799421769328165,-0.5351817994404596,-0.9917469360386566,-0.9091911962770052,-0.22475731005724497,-0.472049638677381,-0.572990132030263,-0.24803243904855204,-0.8228865461860957,-0.18859147789525846,-0.14775000907059466,-0.7208828327212409,-1.2330125182495377,-0.9125449178258781,-0.26852157480058975
936,936,-1.247149377597942,-1.3562160540934964,-1.4765447118596822,-6.169913898672768,-9.130703675770322,-5.723793239030645,-1.678079869925126,-3.3980235392439893,-0.7591574074796437,-5.065398216106015,-3.4293556738811213,-4.9278890743577355,-4.4834281455300555,-3.7256622184850294,-1.9751784413830504,-1.4146623099965652,-4.181492892339849,-3.381319261403067
937,937,-1.6390456362055537,-1.041415774533367,-3.095942390759749,-2.7989044612169955,-1.035066314853021,-1.8876767519061772,-1.9280352128764515,-1.0257968937190527,-2.2094425349022853,-2.133174604075233,-0.8409515465373467,-3.5913168439326064,-0.7773846526626893,-2.082945374529186,-3.4031782979919436,-4.547262044019742,-2.4080053572079057,-1.5959386135658147
938,938,-1.5716579149674001,-1.153882207213452,-4.05128423120051,-3.396398865053163,-1.1530197927013737,-3.828093121699707,-1.8231224833901596,-1.1043188566195616,-2.0881596219303438,-4.485693682940567,-0.7957171208829305,-3.6256211516133705,-1.1689867553132194,-2.090564240948617,-4.580685956631719,-4.833452355376939,-3.028901356073598,-3.7466998725204306
939,939,-1.529410128718438,-1.0725493997137168,-4.055038278887778,-3.155666872645391,-0.8967873807842726,-2.0688018611755044,-1.8689074284701714,-1.3856484236619309,-2.011551401437917,-4.924958228302404,-0.7695089781305233,-2.3875275106804863,-1.211124337676491,-1.6185419387124291,-3.6664742383546467,-4.373800647497261,-2.7318305204245785,-2.2992723566382702
940,940,-0.6410070473921715,-0.5902751827374669,-1.0411808932003903,-0.6876365463608998,-0.1996794070343033,-0.9188097041093817,-0.8266071705146695,-0.17998883350872372,-0.35448194191770316,-0.7458160228893318,-0.23607523210282402,-0.7740681555697987,-0.22437201148211874,-0.5686054616513209,-0.838760323340842,-1.3007992577530423,-0.9493646430154841,-0.3847567153962732
941,941,-1.085087749989343,-0.41918584212990384,-0.6979484303930938,-0.7506765441407076,-0.4267874037199492,-1.3000051441796387,-0.8265240499793565,-0.42597348341485014,-0.4774872294570639,-0.6810903606650907,-0.8932688307456187,-1.282682120373152,0.010267544200251203,-0.16292724721686988,-0.9293071944144642,-1.2154429862698148,-0.8485039751739407,-0.22285093212661936
942,942,-1.7310137537511374,-0.3897554024438713,-0.9536108425868934,-0.6841925232122129,-0.2644519436933234,-2.444500563947547,-0.8999819839550266,-1.0062679599839677,-0.372432776984183,-2.116601009160642,-0.9925503973678099,-1.4296574873179333,0.012806898568164537,-0.12250070640428164,-0.7718954859367586,-1.2004756430742767,-0.9644687998248539,-0.5036010600911118
943,943,-0.8443643947063361,-0.628630277530492,-0.8664457076170401,-1.104498570903381,-0.5608479440179115,-1.3126098254689866,-1.131382323546187,-0.19065714046673438,-0.5795839958442167,-0.610711283127836,-0.42927202748054943,-1.347491924195995,-0.2554499343211623,-0.30549179443359575,-0.7915964541462288,-1.2964163721999136,-1.0972863558411556,-0.29795056409607945
944,944,-0.819742122354704,-0.506987430961413,-0.8941435310642183,-1.1591945007743227,-0.35518852186227495,-0.9682520954533318,-0.9845786449721148,-0.20315483369731152,-0.5924511831384643,-0.8704745548532284,-0.3431939277112068,-0.8943231965191808,-0.13962418647687502,-0.7632872529645036,-0.7837194156385758,-1.3071400382411653,-1.0410013423882,-0.6223265999417829
945,945,-1.0179830418393208,-0.5030197563289571,-0.9738756898008948,-0.9661589273138632,-0.35446702672137625,-1.073988010200098,-0.9828909137078702,-0.12347357326981022,-0.5654304048180263,-0.6738016319229448,-0.6250422074023408,-1.2222611530961922,-0.13392315530175233,-0.43964618555233564,-0.7954003147369768,-1.3166477688327027,-0.9721182788594334,-0.40112364488811414
946,946,-1.7743683293361572,-1.3510340913670937,-2.770655396352425,-2.690113377324267,-1.9406254492394552,-1.2867549164364045,-1.981556481183226,-0.9169715967739235,-2.377443621950068,-1.2695323063759403,-1.0511307972937796,-1.2045105111468466,-1.186211310150084,-1.4526572404889122,-2.0614225090441414,-2.9814447680898892,-2.265002957113754,-0.8496308745348713
947,947,-1.7685541237373403,-1.3451802751874777,-2.6637039503136926,-2.7938162850654207,-2.7335674191132915,-1.33817960572253,-1.9858074003892388,-0.8914192629959939,-2.4051980157657864,-1.2828006418623568,-1.1529717365731036,-1.222117176191103,-1.025318480003136,-1.3906413760151803,-2.2431241613130566,-2.8418256026633357,-1.9913904867222245,-0.822605064794208
948,948,-1.8183467125722363,-1.4843332182030078,-3.0269973604497147,-3.0341507796876765,-1.8422789711422993,-1.2613649269756817,-2.029042278426261,-1.4826861340364497,-2.271282476655184,-1.4976827944396613,-1.0514340974030727,-1.2186401220704806,-1.2007171939906625,-1.6268593606143105,-2.446743673115294,-3.0524717775303167,-3.2095107733794226,-1.1276509178696152
949,949,-1.003650546887687,-1.0146779028745505,-1.4422519436683627,-1.5874409315290572,-0.4793033226841405,-1.102052810694076,-1.1967478709831307,-0.2410065740851363,-1.1403636194699733,-0.7327570576232881,-0.38289430743642305,-1.814023550896175,-0.3755984862697833,-0.7963392494548218,-1.2110998269611069,-1.8073054582034869,-1.2785987021663674,-0.4195487734816813
950,950,-1.0019238460891333,-0.7100017745102806,-1.4959824629279308,-1.432170093955008,-0.701822392448468,-1.0682393106455543,-1.2028053517630897,-0.29871311117982136,-1.137992191823463,-0.7474853860556534,-0.36955706914644076,-0.9120767688860113,-0.31303221781593465,-0.3288766713123279,-1.0482964609837693,-1.7028621032749258,-1.2075503258015692,-0.4102501678641084
952,952,-1.3364278977213497,-1.5133588046208284,-1.8197205782932824,-1.8409771097064282,-0.6331633080470567,-3.323882087002568,-1.4061422615932773,-0.5569258081026577,-1.6739419637250559,-1.2727643308256975,-0.5032171931412326,-2.0107622551319526,-0.8214240159082196,-0.6925345649769726,-1.4556974541861791,-1.9594830789626925,-2.419459199936233,-2.046643498187601
953,953,-2.5273507927808376,-3.122732549544384,-4.519067595596942,-4.613589336581885,-0.9913897856199673,-3.8667607521075222,-1.913361999465382,-2.421778097099407,-1.1669583832535915,-4.485396955933803,-6.961339049497226,-3.103104867488688,-12.210450008380446,-5.480910709599346,-2.6370692789884362,-2.789733817132415,-6.97969156491329,-4.660837023483269
957,957,-1.3639432695375526,-3.0602205563740825,-1.384685670509691,-3.419720439706283,-0.9728642904856087,-1.1167735741628113,-1.2757489749583424,-1.4628430620859882,-1.1017631631583416,-0.836962038885691,-0.8963822047220311,-1.0033005508498012,-1.2566043375872717,-2.5344600878142067,-1.1430084235797797,-1.7253317501916534,-4.620899825611202,-1.0533833927750673
958,958,-1.0970774384106994,-0.8467518211958469,-0.9950761342374432,-1.3341276760773475,-0.7710161615900719,-1.0274827679010698,-1.1170806903221544,-0.16861628399663456,-0.7393073575597457,-0.7669353877750349,-0.4270626957790155,-0.8646236379235148,-0.22330694369125073,-0.2579706110025741,-0.9690281496421724,-1.5750443629197362,-1.04033202200891,-0.44266300396262603
962,962,-2.3303643512598295,-2.4135368282367793,-1.2465841361102399,-1.7395030291377984,-0.46744051665014374,-2.660555603725005,-1.2379073400390679,-2.1510449443407023,-0.8805137514020831,-3.126414894010454,-0.8224187550252342,-1.2917202162134036,-1.034734466946452,-0.2950452814520634,-1.2419083370333743,-1.5681388477030374,-2.859827124721244,-4.753338531980178
963,963,-1.2953827908703381,-0.778707888821887,-1.2951872837902754,-2.221117118834771,-0.5316536408496786,-1.2452229282464742,-1.2858395856131624,-0.4429232403833213,-0.990529667811684,-1.0496922239006734,-0.6807478928850486,-1.1315340484100005,-0.3662653925320071,-0.5581539827844195,-0.9843068366037698,-1.505278457905674,-2.6094317959547304,-2.229505349714407
964,964,-1.0685993960719176,-1.4441878006569546,-2.3557751624357173,-2.1884585121575046,-1.1430059337256042,-0.8873285830623501,-1.0396792711047047,-1.5543142109634243,-2.5030845021516686,-1.6352671272057686,-1.096037268732989,-0.8780455139557084,-1.5748909386121759,-1.3660067440186863,-2.1183383546435697,-3.115061391667882,-1.5621949642947688,-1.1607993000369805
965,965,-1.0337135334355174,-1.4273514066553314,-2.454199903082188,-2.03324821968051,-1.2274010631118686,-0.8854022098471722,-1.2308728871301966,-1.4287733564763696,-2.5508463316710577,-1.539895579091428,-1.0865065937602023,-1.1098118857473094,-1.461729412967414,-1.4601788904278876,-2.0349145053203483,-3.189838179953009,-1.4028433165548275,-1.1918375160720394
966,966,-1.0938627109502883,-2.0126056374494077,-2.7285135534033227,-2.3027078991235284,-0.6053847874817081,-1.0701519467889187,-1.2433880169407836,-1.7655192888156996,-2.044114509379147,-1.8836842479696911,-1.1024347681090372,-1.4748818910998827,-1.9212641086108668,-1.9225683745497548,-2.1966908323878163,-3.3878816241793794,-1.5949639212660205,-2.376561284872622
967,967,-1.0231317620216114,-1.4605825575033085,-2.4970805534083067,-2.1322409819153822,-0.6719112550639972,-2.710676304013552,-1.2430850387682753,-1.5044543620349395,-2.190983869624089,-1.7999700778657073,-1.1466836250669876,-0.856114254727413,-1.7087324443883118,-1.5925890072144666,-2.0964537413786974,-3.139474878605962,-1.730817696421135,-1.6484984521198398
968,968,-0.6427031209828549,-1.073460838807384,-1.632876136900088,-1.2870296832833035,-0.2271929915433903,-0.7657008115263441,-0.5775620736984874,-1.4374081471193085,-0.6896196289227079,-1.2213507437845639,-0.8350154215545337,-0.7468933680283528,-1.01166041770057,-0.9481341973578227,-1.5721723259100109,-2.4125536146971616,-0.9004493029114624,-0.9038584201305704
969,969,-0.7280653839857041,-1.3195171596025128,-1.8739386755067722,-1.3849045496767505,-0.17674052540588528,-0.7733941710354463,-0.4479195308993153,-1.403992649233896,-0.5208058043489089,-1.5539446763075495,-0.7181649999694228,-0.6711370432131774,-1.4886184024916018,-1.5088229808062408,-1.5945034793549049,-2.503155532653646,-0.8986324285121697,-1.1147060814023604
970,970,-0.4882634891831079,-1.2853674118924157,-1.7024054898851555,-1.2931772483189166,-0.2051426284231297,-0.9443952581996475,-0.3994517124801744,-1.1591902536282865,-0.5019953261253098,-1.4475108691573944,-0.9962137294259208,-0.6133455577323464,-1.1553950963131903,-1.362680748260043,-1.6188104763147064,-2.673442622247152,-0.8999737129574131,-1.0645780852362567
971,971,-0.48852269342986204,-0.9900566280686398,-2.132719643652145,-1.2617696474726536,-0.48685168906456,-0.9949464971231567,-0.8095240985928585,-1.093756464700283,-0.5226202635045307,-1.4555316372660931,-1.020855877625348,-0.6135819838349033,-1.5641387898745265,-1.3213431338019572,-1.6642124183354616,-2.427925749846034,-0.9077568720331819,-1.0089558316764142
973,973,-1.0816368368918878,-2.02054915214376,-2.981974094099834,-2.3823552926750544,-1.0065631348150534,-0.9045483407449598,-1.0037137325280978,-1.56759156042101,-1.8542516251404528,-2.352804946733397,-1.3135766243947637,-0.9102784238254625,-1.608177769857973,-2.0259340165693156,-2.3913096004052172,-3.202178455685528,-1.7089435856105413,-1.4557388374219808
974,974,-1.0798681700883053,-2.417675956183559,-2.7867660948148836,-2.3335542255328137,-0.98774639804959,-0.9060862656553453,-1.0216546691557529,-1.488006603313205,-1.7825409434386588,-1.7829827242750507,-1.2051101877872588,-1.0606037611944674,-1.8191220326211883,-1.57900184297584,-2.1805456660923492,-3.4089646457316665,-1.7740794637748085,-1.3374279971795073
975,975,-1.0938561083642897,-2.5728545486748216,-3.088215836626045,-2.340867190891285,-0.8742452182470213,-1.6057853397945734,-1.0041994060153507,-1.956820366330947,-1.6590436308232661,-1.9550873243802827,-1.1240394366256299,-0.9711486238675745,-1.8445134424666867,-2.2133281562416025,-2.3927295662852233,-3.3533107502035158,-1.691163255010978,-1.4407743618962954
976,976,-0.8297412085215126,-1.5065389081867182,-1.7890785869010122,-1.5454180948861895,-0.555683064159544,-0.8447396083466723,-0.6307971875609604,-1.12388496632032,-1.2717545249828601,-1.313742273615111,-0.9654654097992449,-1.1674721524174436,-1.6356722234339056,-1.248062008126306,-1.4361178589036134,-2.1879072032250604,-1.0566383293553805,-1.0136302585098336
977,977,-0.6619695177353665,-1.5446769498390267,-1.9520731193538925,-1.5380384052448033,-0.950130924687212,-1.4544000532990016,-0.5725589669668028,-1.3647395544013754,-0.9123175526012379,-1.3130319684973368,-1.2328695878952174,-1.4196354455562514,-1.3080352727102942,-1.3557623297262942,-1.429066747001082,-2.1207715964107923,-1.0340775480001914,-0.9703535924622662
978,978,-0.6807588238295945,-1.4166413003486298,-1.9500801654258004,-1.5092449592186874,-1.378893645274374,-0.9061542381025467,-0.8270693314300855,-1.1172459421100756,-0.8978317633942643,-1.320920742578157,-0.9085866664185689,-1.26155128500925,-1.1973189145258667,-1.3193174368836378,-1.439231722703635,-2.1696202733259766,-1.0552335847377512,-0.9732060701392823
979,979,-0.7966122114094037,-3.426815614068176,-1.982169971671157,-1.748008457669447,-0.44858448495357095,-0.7852136149829505,-0.970308442576187,-1.3409429453230994,-0.8874321352747923,-1.4363539565764758,-1.761803297420447,-0.7570597038032927,-2.043596620609923,-2.0008432562829768,-1.4801191083643932,-2.3000436499383285,-1.1628852020774398,-1.2243916995548538
982,982,-0.8789651838091407,-2.4952156608553198,-2.3837099407017095,-1.9211755729535551,-1.0781243223859205,-0.8536045325103647,-0.7994000470781146,-1.3443535832748785,-1.597326456594498,-1.536507320870149,-1.3139346821788316,-0.751948575013091,-2.1584653762076957,-1.3529325033447661,-1.911693404670578,-2.407003805202177,-1.2036711155647086,-1.3210002460610957
983,983,-0.8887780168362471,-2.452645832169236,-2.5879949460656233,-1.9321416304958894,-3.2955325817956176,-0.9385011762329479,-0.9301195703910873,-1.3824353734398567,-1.422086206438624,-1.4479174036511724,-1.1603621183603279,-1.066126198017661,-1.7073695013196564,-1.3454227713910203,-1.7708510261904387,-2.41571990813647,-1.2070200201213817,-1.1630426117938586
984,984,-1.020696922621019,-1.8658726776526846,-2.2697302882041552,-1.936027245385909,-0.9343452556584189,-0.9315918779888603,-0.91229517630524,-1.3382334053074498,-1.4317059307789497,-1.4415210003389662,-0.9793506117848357,-0.8965671167265254,-1.453435907612254,-1.2834795585130792,-1.7987411138156424,-2.62508325203711,-1.2836027465934423,-1.113456349976254
985,985,-0.9088261427842781,-1.371254701315296,-2.1387489570853795,-1.9363996720975574,-1.403555500229238,-0.8490560207092829,-0.8661370340176421,-1.4106988772470417,-1.715885549664919,-1.4409674068117626,-1.120178814576364,-1.2332247138159458,-1.5963826399582288,-1.3639668476786546,-1.7133511340289016,-2.5549576025044525,-1.2510811229764762,-1.08972033543329
986,986,-1.6137318843416038,-1.9848241383396994,-2.148282609800765,-1.9254953240447144,-1.518120578160608,-0.8573706844820372,-0.8016922963896826,-1.8647133586911218,-1.9405798814685427,-1.4591038137048795,-0.9789824288711803,-0.7646880780340388,-1.7315530250973734,-1.2721510408837378,-1.7095164596510959,-2.620906353095665,-1.3057362906706953,-1.0913527868674373
987,987,-0.9335533673586288,-1.6286207444183831,-2.2888204667475187,-1.8916188276453432,-1.9351420541561368,-1.1139367004832383,-0.8006801798989798,-1.3042299499203296,-1.705188044666004,-1.5011451085743335,-1.144538838409974,-1.1169826543083614,-1.3696613966946718,-1.2738744345601696,-1.6903777684242491,-2.440093436774848,-1.302438023029527,-1.0887152491728558
988,988,-0.6891552197648416,-0.9489956880154751,-1.3351832224855196,-1.2683905442922403,-0.08872647919457963,-0.7034472706482512,-0.7075482231949288,-1.0566152683116479,-0.9217200548881114,-1.1443018719924087,-0.8131899713852382,-0.5774585601108984,-0.8395384203193869,-0.8470415716771755,-1.1437779005994875,-1.669558553244664,-1.394592978623587,-0.8909280853067246
989,989,-1.1195332828047646,-1.2133455808391844,-1.3371384126197408,-1.4625966647324444,-0.09567376091158404,-0.9168110171869377,-2.4172940087729318,-0.9278093704646734,-0.6292646178964861,-1.1616073259024324,-0.7094136306161224,-0.9392416562638812,-0.8401876575104249,-0.8245654914030569,-1.160856430724145,-1.6553794184207458,-1.201005291874276,-0.8669904109614909
990,990,-0.9428670434714289,-0.9679495588293026,-1.337065826273016,-1.1979684714308443,-0.5554977202151952,-0.7179792882602952,-0.37645847269865174,-1.0384931629873444,-0.3567633970774759,-1.235297952354989,-0.7111549582592019,-0.5641229789461556,-0.8642881110437582,-1.0316825118312563,-1.1403876243373336,-1.7145869666039981,-1.226484249592825,-1.206577593719572
991,991,-0.7844110304554825,-0.9242820126655432,-1.3397970595817252,-1.1262201749625267,-0.19368371298746612,-0.7411974470231064,-1.0008637919957208,-0.9410368601229193,-0.9125818775252187,-1.167429965328206,-0.6281886528722652,-0.8279095716197019,-0.8426099392404145,-0.8322382563980733,-1.2743204402951667,-1.668755766735264,-0.9128773939999,-0.8641678649129795
993,993,-0.5828254064601407,-1.0636343332826814,-1.6335639143053484,-1.379755837426153,-0.3071104242622403,-0.9061923866996973,-0.5155402987506108,-1.120680708523831,-1.441046619995858,-1.3468181530874144,-1.0165609887532505,-0.6647170305299337,-1.038528174149101,-0.9818599205017584,-1.357264113530995,-1.937942629484407,-1.0148112147331274,-0.9310221137602228
994,994,-0.6138351775812216,-1.0662517991266438,-1.6697795528913462,-1.3774488940946576,-0.8451358205071925,-0.8897229538050611,-0.5633079484157494,-1.1133241278102615,-1.7601089261945502,-1.2668874019908436,-0.8635699248518711,-0.8686143892011551,-1.037696288943283,-0.9881052786036351,-1.3593918598557733,-1.9188974320285008,-1.1495410629678173,-0.9533109580068333
996,996,-2.1580199043786563,-2.2109891124597407,-2.339685187533146,-2.332398833058462,-0.4630255259587905,-0.8324092205733766,-3.5043781222154964,-1.951064761108999,-1.15532353054016,-2.111892465803668,-1.877814985830066,-0.7412216337588933,-1.7412242911709765,-2.4008995719620874,-1.7810515113836471,-2.377838860425318,-1.6475821223710863,-1.9420806006286448
997,997,-2.738566193685113,-1.830067267895266,-2.130528676181281,-2.248480066219111,-0.7716261104954992,-1.0112959669223092,-1.0367975542814758,-2.2000574539093507,-1.1020818780204966,-2.206424721270352,-1.5970006527264267,-0.8030421019139048,-1.7005538780219116,-1.9199432159201002,-1.7312450531370893,-2.4504422713369034,-1.4333861466074174,-2.0040709329756314
998,998,-1.2978364131551998,-1.4077347593261624,-2.0691127947228463,-2.0154053298014363,-0.8051904793110396,-0.9227035517863574,-1.2723723460890377,-1.7548980868413881,-1.673744070438681,-1.5086178573420341,-1.075801621800081,-1.1985944632704413,-1.571702267864487,-1.4138750003401646,-1.7294220113418546,-2.2725210114314462,-1.2004619864770987,-1.0682467563604667
999,999,-1.1274911291425962,-1.5077505988486366,-2.07276835062246,-1.9068415123837141,-1.4221156438392302,-1.049550527528721,-0.8277133451015677,-1.6919044145394386,-1.8770493069884406,-1.6415143198058866,-1.0209688133381705,-1.142757391806129,-1.5405931961102843,-1.4367088688697691,-1.8505611393500128,-2.3061203317370356,-1.2402200395740208,-1.0807945746848813
1000,1000,-0.655549236876795,-1.1096521033840396,-1.972253166555432,-1.5382294355160215,-0.28971580810287534,-0.827748527344458,-1.0642119279555287,-1.340630520126833,-0.7970774707737711,-2.9462062501762283,-0.8030519695034865,-1.3168219456577734,-1.0776089759339436,-1.017822752747406,-2.0329905821635514,-2.840834435400447,-1.0364254054080708,-1.106209280873244
1001,1001,-0.6405523941443821,-1.0852691773175884,-2.251608881072811,-1.6919541061392034,-4.9307286699465465,-1.9247355097838543,-0.6592469522648619,-2.4083130622586255,-0.7336844831152303,-2.065574175604,-2.0423726936513784,-1.118048665267422,-1.1935011445045471,-2.6946283243922884,-2.234297042933194,-3.411271432060059,-1.5366585312384593,-3.1362372614759564
1002,1002,-0.7480104874485606,-1.1294454218348275,-2.0738694382601524,-1.7216611745618162,-0.4787522080120518,-0.8559659649769953,-1.4944350990872568,-1.3448458507208332,-1.0668634973220763,-2.098004823687308,-0.9397993603376269,-1.4360539344791219,-1.5062062688221816,-1.409430631110786,-1.7921252710239308,-3.270600042879943,-1.6920739498875985,-1.3694881607992542
1003,1003,-0.8950738567884672,-1.0922302072064964,-2.1229096085359007,-1.6500113926705982,-0.2878002701715786,-1.1805108829430426,-0.5440248084012083,-1.2837460326638974,-0.9430168136654692,-1.8280356746542592,-1.0320502105071596,-0.7347173872445707,-1.628672228390701,-1.919267301979807,-2.10602292539191,-2.999629122218737,-1.323645693090825,-1.5558542032439704
1004,1004,-1.2976151383878956,-1.6035280983864695,-2.759101399337342,-2.7307176137611977,-0.8246678325353473,-1.0138515489331184,-1.192998336136547,-2.2350275215636115,-2.3066509375724698,-2.4409937326426245,-1.3681552713068403,-1.043918077903725,-1.7267456494069429,-2.002386274629564,-2.481188248597319,-3.1361368851585096,-2.472378421383926,-2.123594729115389
1005,1005,-1.6523289869879103,-1.6771324808618886,-2.7848027811791156,-2.877186782838629,-1.1665513326234453,-2.3012994468641583,-2.2879256384453845,-3.8646668642053026,-1.9782547402352004,-3.6034818615021567,-1.379223513187469,-1.7515704533171288,-1.662930591060202,-5.837850787280994,-2.831173928353936,-3.313933933354799,-3.552226761818636,-3.472455582948345
1006,1006,-1.6986446976945742,-1.5695706336564372,-2.8482095090460007,-2.6312071668561523,-0.7974106951706518,-1.1906381977702485,-1.9854400442840214,-2.981986293769266,-2.1980976463770974,-2.2775063088596665,-1.2484544072642818,-1.338005753561941,-1.647643337511162,-3.033200141339831,-2.7031596814841885,-3.1929422428075265,-2.718121265904994,-2.9850462842845458
1007,1007,-1.2448606170382492,-1.5633110071636538,-2.715827710871661,-2.67742032957204,-1.1120263133932082,-0.9639594054033555,-1.3010648038528512,-2.1607194355448236,-2.118289900553368,-2.0854100512665212,-1.2937887177022749,-1.8464472088013972,-1.6758201165197322,-2.2096428868528766,-2.4290866338678616,-3.1195460855383725,-2.2342012644797187,-1.6129759830604304
1008,1008,-2.082333569539919,-1.0045180014831834,-1.4538760466465885,-1.23843708315248,-0.23150069792914793,-1.4017307813285886,-0.9303679520076797,-0.9722394066646575,-0.765100733216356,-1.3447776831159888,-0.7669476100142163,-2.0740589925359854,-0.9057246594296928,-0.9516396547253263,-1.3373044906269476,-1.7139896838510404,-1.2232764685824318,-0.9459115834243208
1009,1009,-0.6395653813904585,-0.9929522598745599,-1.4428237887592494,-1.2106172894735507,-0.3716930619030805,-1.5017025711727547,-0.6078510804435274,-1.2073861680580285,-0.7810496535283966,-1.1820681864106206,-0.7334379375684499,-0.8401041037532098,-0.9083074870833711,-0.915438775175839,-1.2019492210473868,-1.7761778596359779,-0.9028465170638936,-0.9175045698257012
1010,1010,-1.0414916193577288,-0.9592384003301604,-1.4282441583293888,-1.2878942373678592,-0.16311063571554466,-0.717271029100612,-0.41640587304091736,-1.2641380764881938,-0.4249298013344867,-1.194581971831598,-0.713701891278014,-0.8983559042646707,-0.9058600766519211,-1.051723927702653,-1.2191690187735977,-1.79081648776423,-0.876782153591996,-0.8633534474837576
1011,1011,-0.5115485066308234,-0.9621417776538426,-1.420614018948854,-1.205283827948188,-0.14533969494974391,-0.8885714954825557,-0.8275471629938813,-1.23369161119263,-0.6833646060726698,-1.2310107463274687,-0.6487406779244356,-1.4756111994773828,-0.9062821277619231,-0.9222178929562604,-1.3552100767022877,-1.773471945372163,-0.9250598616692178,-0.851045963302658
1013,1013,-1.1949118430742387,-1.501212517412084,-2.6773169300656496,-2.6107801552183965,-0.8367528844311891,-0.9654659894779488,-1.3010375532503036,-2.0122562533218034,-2.1133675842004176,-1.735224984196664,-1.2736110120866742,-1.2754130983905028,-1.5138090069513814,-1.4069256658808953,-2.3729841955716164,-3.132659121590497,-2.013393787385559,-1.451078252024503
1015,1015,-1.1220573866775234,-1.4680273213916117,-2.5936279733316985,-2.4596198350011957,-1.3032722671727368,-1.0670593682056915,-1.0836787851236456,-2.1136124148354405,-1.9890206510021655,-1.7206068224974858,-1.3169169543209112,-1.2090990435616065,-1.5174999723970868,-1.6277731897807923,-2.392154411927841,-2.9663449670614095,-2.0893180784512078,-1.2844420812230977
1018,1018,-1.281948646838266,-1.512053790422613,-1.8871732312722262,-1.544291534215778,-0.29028130569946187,-0.8819353539898258,-0.7177485415135423,-1.3948966560761709,-0.693435707262308,-1.330030483263049,-5.48275542202638,-0.7781952858826674,-3.256938207673352,-4.652046766036564,-1.6687068447957791,-1.9876565285293795,-1.022201776646037,-1.1073447439786164
1022,1022,-0.39280542423635034,-1.2220843656525928,-1.196979970953689,-1.0137221187081211,-3.3137423279749534,-0.6783475322069278,-0.20400707801874113,-3.2558673424646,-0.5953080472808867,-1.1643193680787995,-0.5650612744352055,-0.528529961573256,-0.7199006097272648,-0.7168471504086031,-1.0092379948813865,-1.625742345154402,-0.7280031381105999,-0.7438739051978676
1023,1023,-0.24759152472062232,-0.8920670686350337,-1.2941360522386935,-1.136704945959703,-0.7480316920409072,-0.6548714552688134,-0.2981696132419253,-1.5431012708287501,-0.45578140458296484,-1.068760942458051,-0.494427180501626,-0.6657813731666395,-0.7517296067298128,-0.7171303919086786,-1.0033708617685873,-1.5017402516116332,-0.805908157253632,-0.750528509971592
1024,1024,-1.2376296981440895,-3.471832422307344,-2.3305833472008133,-2.402224635488804,-0.507706325713284,-0.8677325338087339,-0.9069789716032773,-1.6632045677350733,-1.6348903194665234,-1.7809230039129216,-1.6218352504367437,-1.032280787011235,-3.607082154538606,-2.220372613860067,-2.4360512782532218,-2.6188681926579798,-1.5732922638654983,-1.2048021255486194
1026,1026,-1.0558500396748287,-1.8422403809507122,-2.31491951018877,-2.1478825916574578,-0.543874402912151,-0.8518991708673108,-0.8160570400986048,-1.5888258567237181,-1.243440898304764,-1.4759967575380124,-1.0160280647399629,-0.7777737773197689,-2.210783676265713,-1.9508503904871466,-1.8081531729583133,-2.791564447427329,-1.5451164893373215,-1.1734017595101205
1027,1027,-1.0547255152016835,-2.3744532800319744,-2.300672013110358,-2.025863507972774,-0.573392106460918,-0.8753068844651717,-0.8382190457412166,-1.5117754175697933,-1.342193969129506,-1.729638466039824,-1.0392791540132296,-0.7526886490286283,-2.525708646834822,-1.7712688707886128,-1.9541514723450986,-2.6527787187566862,-1.4887093259767163,-1.3051294595779457
1029,1029,-0.9560690209658309,-4.271309696679847,-2.487942403038688,-1.8800417573368473,-1.042185495320278,-0.8813259617083963,-0.6573007894583505,-1.2807250446840293,-1.2145497787128479,-1.4895734273771932,-2.7553615295399125,-0.755405817539832,-3.367863201498216,-1.9278394781215369,-1.8676382373889182,-2.3499679275282257,-1.6458025749153116,-2.417903637055386
1030,1030,-0.7700585536143219,-2.3157243962260146,-3.157975117197413,-1.9313335275111774,-0.39279132249276205,-0.8250283111583838,-0.815164878086574,-1.536177031729007,-0.8871957305309655,-1.6014671851176585,-1.826832519034898,-0.708560990819724,-2.2530650536045713,-2.6373312744699238,-1.9704874153121583,-2.3686212900772827,-1.3391503060760022,-1.1710182586910087
1031,1031,-2.038563976258181,-2.1813379616757573,-3.1353652474743012,-3.0523349244154097,-1.025214436585024,-1.2950922447827655,-1.8028753204810515,-2.1912106791759403,-2.3652903166452233,-2.6687274979585194,-1.8615690572973458,-0.9980693443326448,-2.214681036358535,-2.776529220589328,-2.6390475137082907,-3.2186584817326995,-2.4824163887224153,-2.591437974119024
1032,1032,-1.7189305764436833,-2.1660802742832668,-3.0813116245956103,-3.0754208354592816,-1.8538349457166252,-1.201925305710296,-1.5250604591127308,-2.1630124995062854,-2.451392094094793,-2.8588696069457944,-1.8192632237297341,-1.1987188148558081,-2.080325277369949,-2.4447448180348768,-2.59074530241402,-3.2160738157107107,-2.593490906726577,-2.5716094468746165
1033,1033,-2.1802477984777027,-2.221272021987099,-3.1509962014944666,-3.0684243910962796,-1.2164055193012857,-1.9102195068860963,-1.9013192065338058,-3.3056589911825323,-2.1816325362180278,-4.031135948118573,-3.5045415728890785,-3.0672784992864868,-2.8239931513488816,-2.916079474955138,-2.878935431683683,-3.2600523150574965,-3.058876415174912,-3.23624244844441
1034,1034,-1.8244893020133317,-2.171170120147027,-3.151592194324977,-3.150910063423979,-1.1114070877634024,-1.0764608618395513,-1.989165902691575,-2.323510938038643,-2.284664243588753,-2.4647280424741718,-2.2988321258193944,-2.4764642437118836,-2.258127520132942,-3.2698749538275704,-2.797512992275321,-3.2340513789451735,-2.573562072694469,-3.6837261583484464
1035,1035,-0.6024309934071564,-1.0358670463118025,-1.6302696862841917,-1.3323677603847088,-0.22242335680492725,-0.7470013900695898,-0.4813779142400829,-1.1869145515938153,-0.6988527814064639,-1.2486312483843964,-0.7959930165755147,-0.7214241523039333,-1.0026533490867433,-0.9482911196965258,-1.4734028657144351,-1.9217647683715502,-1.0498252194914832,-0.909217525897764
1036,1036,-0.5948942396368697,-1.0342919756519313,-1.6373758291470673,-1.3269458900520943,-0.2893377176144929,-0.8588438183369128,-0.45502887555254673,-1.6388923450286557,-0.7450619330515637,-1.247276621867901,-0.7450539051908134,-0.6708902405659496,-0.9984864188175204,-0.9475347431005795,-1.3779211555957227,-1.9076053921030491,-0.9442100527736818,-0.906881305839014
1037,1037,-0.6415903938519032,-1.1038532164327204,-1.6519247448148755,-1.4857939794529105,-0.4152128872878711,-0.7446646264659814,-0.5890510803802713,-1.4478477929470484,-0.7481713305918452,-1.3316358966354203,-0.7365172800205966,-0.6490844616551232,-1.2257881247539437,-0.9570441485326542,-1.465008728204872,-1.9425124679810692,-0.9564693881420915,-0.930455035955031
1039,1039,-1.0813291901808133,-1.1438367848197526,-1.8319000572141688,-1.476888491296133,-0.529701069784163,-0.8842116424458379,-0.5491565189109022,-2.1604410736345656,-1.7796049002427092,-1.4750941706980143,-0.7418656727504669,-1.2141353816824878,-1.1148464143588381,-0.956985191166458,-1.9791206867388387,-2.518202269664228,-1.1135342541107085,-0.9411216419556487
1040,1040,-0.6245824594513205,-1.1895011844311691,-1.9955475035665786,-1.4514828526195693,-2.33295136230405,-1.2414697717138494,-0.5382700322822992,-1.4026313252583766,-1.3118768220497052,-4.359326871190074,-1.2512429021424485,-1.6707184471052208,-1.0053936413006435,-1.2752440999861725,-1.8168895123304905,-2.976549120021433,-1.194532626452169,-2.591921327107911
1041,1041,-0.8163637110756441,-1.2541211981200893,-1.7764869499001814,-1.3694144787363596,-2.8194951967749957,-1.0163996875582735,-0.6493771248038878,-1.3410137295503688,-0.8196074235036974,-1.4928106726300374,-1.1956376247522598,-0.9830223363359818,-1.019980928643125,-0.9470397446348703,-1.80048520952615,-2.3852534184697443,-0.9807821406064254,-1.089394654211063
1042,1042,-1.495434834658863,-1.031324148064697,-2.127899397137028,-1.7042674706981888,-1.8891891331395612,-1.4765892473619244,-1.1571738496401793,-3.1907067733510877,-0.6064704342825173,-3.5885782312665055,-1.0264318503396304,-1.8963861937126585,-1.0064081045993412,-1.0063447607111538,-1.8817926258112243,-2.863327377353637,-1.7735041544432217,-1.554433597885488
1043,1043,-0.995829932956513,-2.2151595236322357,-2.2373043998482984,-1.9885965724666979,-0.49521065157142097,-0.8556453649453669,-0.9959216639893933,-1.5453260684611319,-0.9346894435947978,-1.7233089027112518,-0.9988757719172342,-0.7979035910990875,-2.3220452958087385,-1.7359408708796162,-1.8488484658256394,-2.238089346131436,-2.036578686702801,-1.2932366418046914
1044,1044,-1.5134855675866306,-4.4682342708498535,-2.567299654817449,-2.346998455092408,-0.5639440035086355,-0.8953096497719648,-1.121021833074656,-1.7840782820412138,-0.949475539864331,-1.729234703171715,-2.6873261265399804,-0.821259932849923,-2.576816449885139,-1.4703882432395736,-1.8569463626347116,-2.402815986810709,-1.8170279262319626,-1.6385487908165453
1046,1046,-3.0929275164267254,-3.342984735522312,-2.666774475974447,-1.8893271470954665,-0.5822058903886367,-1.1248593673143645,-2.0779969855846248,-3.0136703601337045,-0.9360601844276916,-1.8421201473591045,-9.4430459446192,-1.2063929563803526,-3.296996088033608,-3.4393079365239436,-1.885803481022739,-2.465412134672974,-1.524461056315223,-2.3198917178319105
1047,1047,-0.7969612474272592,-1.2910549723872018,-2.3361387895792665,-2.1560711312781473,-0.9553543243110972,-1.1351556116634605,-0.7882994388020831,-1.9212256898493787,-1.2550004778305477,-2.1667796618688,-0.969755609345618,-1.4812117575488206,-1.2329839034472068,-1.3188514102605162,-2.5253008867926585,-2.6972734381451025,-1.6036677222451385,-1.6369504700983517
1048,1048,-1.0394285474092464,-1.211433644412754,-2.222128236106411,-2.043988213491173,-0.540469308876844,-0.8641922595071205,-0.7015454631852341,-1.4052231370482202,-1.5774495980588212,-2.06102607903165,-1.068575178485431,-0.854699892236507,-1.2107801936847915,-1.6160079486156567,-1.936435587781572,-2.7186476075476,-1.2822662035742491,-1.3937168686862078
1049,1049,-0.7972390228686873,-1.2456008144316224,-2.5638299863867537,-2.0437883484722104,-0.8304042872161441,-1.0147404778110996,-1.5279148292479219,-1.3972605362860195,-1.418381520678059,-2.801415702540746,-0.9513838157216422,-1.0578344439862335,-1.2519190783786511,-1.395090833263817,-1.9777933196836284,-2.9156411228284798,-1.342857433800579,-1.7118170484586779
1050,1050,-1.0750966440808374,-1.334101000363233,-2.3509199255408606,-2.478446622261868,-0.8041944540999009,-1.885034157151564,-1.1647143715129957,-2.5699545838370823,-0.9407476330216851,-2.172991013173713,-1.0955782175748936,-2.1023041982422614,-1.362765039423218,-1.8150643281648806,-2.627179417060468,-2.7805163447066903,-2.0946244063804365,-3.272511674288192
1052,1052,-1.7150014450271427,-2.185795743593081,-2.828697872545951,-2.861741449001932,-0.7197703254578407,-1.0896496829630649,-1.5364576114916684,-1.9401285145798206,-1.5640998277865634,-1.806773066767712,-1.1818734414847083,-0.9007538767971697,-2.058534787741906,-1.895769185399949,-2.151379167318152,-2.9828375888465453,-2.022872631251343,-1.6797955856131987
1053,1053,-1.5548135193143795,-2.2545258084503503,-2.7603355382469967,-3.068071483693505,-0.7404304547331895,-1.0758801470298127,-1.6260732520962544,-1.8573816660885407,-1.8787132602455656,-1.6208303322516016,-1.3766931357847776,-0.8928242579849344,-2.0206068376781494,-2.00080521538266,-2.287722864097521,-2.929514284520053,-1.7292833777127907,-1.5241280070470606
1054,1054,-2.3050183412810092,-1.9946300420012493,-2.7331089096843066,-3.051118560259159,-1.0295939472982973,-0.9672401143525785,-2.0156532436458905,-2.3595326967336328,-1.472411015015994,-2.2999283658345533,-1.279685906082566,-0.8713468635872194,-3.0112144996839465,-2.1934701018694254,-2.5505413144272353,-3.0573116704164582,-2.720332724676209,-2.5742841144585626
1055,1055,-0.9794774320740773,-2.387541413570691,-2.8624226705857674,-2.2800182809235467,-0.5887218190876089,-3.6122811430018356,-1.4612689933989675,-1.6741915122041187,-1.295333815440769,-2.0415421934998292,-1.5661991282976229,-2.3998276114120953,-2.690230555066283,-2.073193635078714,-2.698647539025603,-2.8914117128281758,-1.8188646712816299,-1.6966345833467984
1057,1057,-0.947652481449464,-2.2235905667953104,-2.9041968644253124,-2.59921377871769,-0.693752777264178,-1.6778562802031427,-0.8709829503639918,-1.6648373026366978,-1.251584458918338,-2.545609716136984,-1.87869926422012,-1.1401688977056124,-2.7037839621139588,-2.0020434746063795,-2.356927934883002,-3.0223861206935387,-2.1050095538710742,-2.211751525138871
1058,1058,-1.0217880511293043,-1.3816041410658477,-2.890425965061466,-2.494283573070221,-0.7362546210910651,-2.34589041777907,-1.0819804496042547,-1.728729979828862,-1.2339381239812321,-2.4089391439556254,-2.6732487780091665,-1.7898484065283193,-1.8805956217332405,-1.9062156634015346,-2.4851215864206004,-3.017089799422108,-1.9987646951228286,-3.088988618787133
1061,1061,-1.553865482977404,-1.8516337288575317,-2.5533341548954493,-2.436993888670181,-0.6849626504399366,-2.088613280291887,-1.2273342143318835,-2.0797346873032274,-1.6708486000352518,-1.826117010455387,-1.9956666224248512,-0.8644377415868525,-2.0328877455556693,-1.920740493809654,-2.2051781973921174,-2.837415947890757,-1.495723706164654,-3.7565453886339073
1062,1062,-2.8723488422907835,-1.8446188319296517,-2.725626700364938,-2.6121631999335806,-0.7458629481640754,-0.9738345095309521,-2.1401476734885594,-2.157084471809546,-1.4086821477351246,-3.017349586782693,-1.6468844318642013,-1.2157661387687928,-1.92650268550738,-1.6651107363283109,-2.089518564065793,-2.7699445526401876,-1.6654377977001593,-2.1514352711407287
1063,1063,-2.275292532836203,-2.5483652484312636,-2.820030393476938,-3.075414643420948,-0.7929135599365723,-1.1479537382674454,-1.5071645359340478,-1.9075957260739198,-1.6514479559303492,-2.6012255227195813,-2.3100075682451617,-0.9743610332286351,-2.826978253292487,-2.33163660676487,-2.140242956625643,-2.8539169558360444,-2.176501413572862,-3.317800405167869
1065,1065,-1.9978368164092384,-2.2042145381630442,-2.742478838736925,-3.2197457086148815,-0.7985051768800371,-0.9720706178487576,-1.7535341674617002,-2.000566645657794,-1.5632295938190506,-3.0555079144493584,-1.8516525697850974,-1.1840139843703217,-2.1526315618985623,-2.4246802285616944,-2.2333064113897474,-2.836609216871235,-2.6743066284658763,-3.904975558802888
1066,1066,-1.3080750912315946,-1.7772101304584869,-2.714714645811314,-3.0838204973244867,-0.9672971926186998,-1.1967646257024116,-1.1475354629117671,-1.8321861135368769,-1.9181758325054663,-2.4143116028185787,-1.8598918551606771,-0.9086424841918461,-2.037432812665861,-1.9263938566317587,-2.1369518944595085,-2.7509594085809415,-2.1449429027776956,-2.3516416641174387
1067,1067,-0.7515199082040237,-1.1953478538220002,-1.848117758229892,-1.5645103441987729,-0.8329740545951458,-0.7973496083491696,-1.2567179978387952,-1.243868592994446,-0.9713485401901782,-1.3011523442503476,-0.8238940233434523,-0.6460432688189245,-1.5599689621062103,-1.0551237538068294,-1.9153058059490689,-2.6775228369485244,-1.0066482853397472,-1.0580954460518506
1068,1068,-0.5970868526710954,-1.2899739114333493,-2.020999258998318,-1.6497702282176465,-0.337966138280009,-0.9097062082668881,-0.512017820067378,-1.381408060056548,-0.660181374523923,-1.9212137506295779,-1.0654506010656215,-1.3874688527947479,-1.4295495401900726,-1.2973436582813784,-1.704105903308246,-2.802888022025285,-1.644809792718165,-1.0243144592862914
1070,1070,-0.5981755228170061,-1.2838365497418227,-2.1401156280342164,-1.4846709607739648,-0.42557356119998324,-1.0147904774209986,-1.034435458566239,-1.2876746068814229,-0.7185118358300008,-1.5240558329302965,-1.2240666043142476,-1.1423007036518698,-1.6144158741759655,-1.369523851013825,-1.8672822022066535,-3.1021928120455113,-0.9940368486812826,-1.321416095706657
1073,1073,-1.1391814066474715,-1.8324056520556091,-2.279970150418363,-2.3096923838030454,-0.5533925848830002,-0.8627432982071438,-1.2923531715381271,-1.3308415836975334,-1.2288543856810925,-2.1174824874795153,-1.6899898670904037,-0.7533419656680979,-2.4044518923883755,-1.4817198631131105,-1.7672694394890864,-2.3971652449887833,-1.4151034705289889,-1.989388316141546
1074,1074,-2.299672473298302,-2.141262097135779,-2.437715312362462,-2.3162443221798936,-0.6136589708807018,-1.4653217422274039,-2.4455834306542323,-1.6998303991265107,-1.1358637049119145,-1.8594440732418887,-2.139151028261316,-0.9015055207145977,-2.2780407937566958,-1.7395200437551428,-1.9334706706978348,-2.6144819093216274,-1.8055401276850842,-1.7459364030793962
1075,1075,-0.9199730752666126,-1.7102054451489939,-2.3489260398179823,-2.216881124239006,-1.0154440464495085,-1.151917235272144,-0.818620973106457,-1.682221857362143,-1.421905672520933,-2.3861553503484445,-1.3921872993394653,-1.7758169356135332,-1.8795272046146443,-1.3352823885321303,-1.949406050551066,-2.629005244034755,-1.5324614146731608,-1.229652494469321
1077,1077,-1.7164143030348904,-1.645867251386461,-2.6003271608209726,-2.835930411496654,-2.063984900092819,-2.8840827294002223,-1.0502975694069985,-1.58558357236619,-1.1821132422758476,-2.8708327713473993,-1.2810842896044727,-1.3114989492111517,-2.258159819549026,-2.282180158535879,-1.9970957062333572,-2.83054377665323,-2.1909682449691923,-1.9305967386553844
1078,1078,-0.8997986979300204,-1.3217862026760563,-2.467599517977528,-2.401584896055142,-0.7014505173683596,-1.0715199557835304,-0.847225233757886,-1.4728728964341085,-1.3875428643606813,-1.8662249875673342,-1.3661277875210265,-0.8110976693974591,-1.8042895943076358,-1.7015516650218894,-2.0705525857469538,-2.95274865192882,-1.670138416618871,-1.964209436614834
1079,1079,-1.861553041098823,-2.765570275781568,-3.272171072885594,-3.221481861801111,-1.4416301127407967,-2.7915388080734522,-1.5771183238208963,-2.2375045871353714,-2.1899116165438652,-2.1567012138630397,-1.5709936814351186,-1.056787764449846,-2.8115278697666506,-2.662069393873294,-2.925758658538927,-3.510912461379341,-2.5806852251336196,-1.9083502659248306
1080,1080,-1.7178385353737886,-2.4086357344017095,-3.1445472805758525,-3.123466308355564,-1.8926169289543253,-1.0456670956478813,-1.5159954412806627,-1.9681306291283536,-2.3334636845346735,-2.110758347295658,-1.4998919971417202,-1.0621528818193071,-2.2817233540489967,-1.9354396873281425,-2.639255304950797,-3.5348237467894164,-2.4917899373371775,-1.5523969382011746
1081,1081,-2.013641647865284,-2.547238414695937,-3.191295501273715,-3.268031076355563,-1.6326114893925605,-1.7055817470145187,-1.5989454666046585,-2.564597761199139,-2.34699832119146,-2.2897792225582223,-1.8759973309970537,-1.3107563491488359,-2.5385082458931763,-2.757912876307594,-2.9423154399707765,-3.388786831737949,-2.5316411401713292,-2.667977761442634
1082,1082,-1.4567492179314105,-1.7589067201887354,-1.6118798482697347,-1.250672293369261,-0.8037582872453654,-1.0338271185782673,-0.6784587163471123,-1.2552259923901299,-0.4805879411318866,-1.2129550336917936,-1.013182927669315,-0.7428756674583705,-1.3768772721656546,-1.2888165041766668,-1.2396810720890767,-2.1788315194089964,-1.2763807968484404,-0.8750257955116422
1083,1083,-2.300322119203854,-1.656163695737047,-1.5169534196639114,-1.4792787252476018,-1.4965119135415996,-0.8306948239174743,-1.1884247645751396,-1.1143229654909252,-0.6102057480541109,-1.21411364444218,-1.4120733809747592,-0.5967872149998329,-1.6362429335518123,-1.408413286499096,-1.2733159187941243,-2.0105796521313475,-1.0342781773767706,-0.8705655501258185
1084,1084,-1.7967274200572585,-1.4671685157486034,-1.6358384622159896,-1.4938542618870962,-1.7777317499098433,-0.8454714869681024,-2.1853234349008943,-1.4828625582383168,-0.5705314574691258,-1.525258898191523,-1.1640039993823457,-1.0416523079702311,-3.0942207361572027,-1.2797438762058184,-1.2843037623077183,-1.7902894505567248,-1.0553168869833947,-1.0420632782222101
1085,1085,-3.6568197218464062,-2.023501583833535,-1.829233887220069,-1.580451610219175,-0.3036866935269551,-0.767646108487819,-1.94776229353571,-1.7481081042784308,-0.8316077051656793,-2.0016428282917813,-2.9948811392261607,-1.0088089587001314,-3.1124232349598984,-1.6430323258868489,-1.5337954352432788,-2.0264722631458287,-0.8992383611808794,-1.0899587484194506
1087,1087,-4.463749324606484,-1.7025042692415369,-1.3733168448596356,-0.96067362678734,-5.870212997964893,-0.6579010154180288,-0.8256708947653698,-1.1643900965645342,-2.6853592478713524,-1.1510602177816267,-2.368644788136451,-0.5775679797393457,-1.9280885907019913,-1.126889912194353,-1.0972120900146938,-1.6091131821394062,-0.8584552786165128,-0.7734291998251472
1088,1088,-0.23434887453277603,-0.9169054669504927,-1.1777061099653925,-1.2679206278669284,-1.6440501319291738,-0.7349567492198495,-0.3225996890500801,-0.8949904246483525,-1.5833156262618262,-1.0773726008361522,-0.9257947938689717,-0.5262967502733261,-1.3715972524901932,-1.0148336313708428,-1.2295264532425378,-1.5203861909048184,-0.7537537125190323,-0.8566125791111516
1089,1089,-1.3175080512911164,-3.772782179443574,-1.3673650737691356,-1.0544489036623994,-4.268207422775621,-2.5781148525188486,-1.7400042998518432,-1.3764480550315525,-4.494124651280968,-1.0982186142358599,-2.428552433717065,-0.5220468555778998,-6.5832703709471225,-2.700165218488087,-1.5502228176138617,-2.3092773697420435,-0.8847379886670579,-0.857274021803475
1090,1090,-1.270731612486706,-1.5924382673489421,-2.8580003131101055,-2.512444779364809,-1.2303344438763073,-1.4914931447582347,-1.1416284629530897,-2.1504190379894492,-1.6323571230904506,-1.9404871855867702,-1.2276065171400454,-1.2068258268782353,-2.0682768744377835,-1.8420804006066918,-2.779508365221761,-3.151079850610365,-1.9176439960753777,-2.0684216090323533
1091,1091,-1.5251422841260684,-1.6111713520587676,-2.907221842015399,-2.9067100030710105,-1.0230637540186331,-1.6846688765835602,-1.139472417373685,-2.0414019335130864,-1.6596632570732985,-2.306646396625474,-1.1553680559502302,-0.8534748513710104,-1.9963735130192855,-1.4822840948932623,-2.3710427494539106,-3.2813551837843073,-2.465427273985325,-1.9150132558225497
1092,1092,-1.1019988913037302,-1.6281481655503285,-2.7845615585383223,-3.026618455307519,-0.6785152430739164,-2.5268780374643915,-1.3363481858379835,-1.7255196443323921,-1.4746333932867104,-2.441968709891435,-1.5402741823608734,-1.2853515393216488,-2.1953434026659187,-1.8948506167872265,-2.4387826389305314,-3.0321598957399214,-2.7293130583853977,-2.1257007039156366
1093,1093,-1.499907710482686,-1.858112982060269,-2.7196991155534436,-2.855229836825977,-0.680940376735598,-1.6241674421118175,-1.5872364886246695,-1.746370186609238,-1.8177276863098613,-2.3453621848895243,-1.1960167752972792,-1.0799008509342798,-2.921128118971935,-2.268172373367616,-2.573609751176191,-3.3588518923867836,-1.7039933080232093,-1.7174370976432152
1094,1094,-1.747235743263088,-2.786548044661536,-2.894523886327106,-2.508970989478776,-0.43985391660590584,-0.9325699697945969,-2.112641367570899,-1.4140046229139462,-0.9891135126903572,-1.5797932438971725,-1.6149218217075183,-0.7278949533831046,-2.151173606557397,-1.335147376232893,-2.3095345930559175,-2.5212284102193503,-2.655593214913087,-2.42216097436123
1095,1095,-1.0412064842027484,-1.72681301226187,-2.301094935659223,-2.1766429154272475,-0.4688229037521103,-0.9074219346213755,-1.5052596126480773,-1.291563778785232,-1.2412538708266319,-1.6958088504531281,-2.184718936887773,-0.723180389119801,-2.3442607509186244,-1.9921238224477593,-1.811704843568497,-2.5606075095925234,-1.6009357892122207,-1.6431250342694415
1096,1096,-2.111263134751172,-2.8189584298657646,-2.4994879088426774,-2.4229159543757914,-0.46350166210566557,-1.0204800052279388,-2.029710965907206,-1.8986539070011803,-1.316545650138325,-2.8305729257607952,-2.268045874010234,-0.9339432818909057,-3.0006902122692596,-2.596622918706902,-1.9009967973153863,-2.4277334855894757,-1.4919223722487263,-1.8474884547986834
1097,1097,-1.1040221343586287,-1.3643148450176905,-2.210576732387246,-1.9076187234648763,-0.7896391012235637,-0.8870033312735768,-0.8926481318105997,-1.717565765423752,-1.7494695292399598,-1.4212289611168893,-1.5708442887164629,-0.8281059653414156,-1.9442181679067154,-1.4498500404780263,-2.038706897651285,-2.4621433855757995,-1.2896030894924548,-1.2788881527049836
1099,1099,-1.6344511299909077,-2.345702097125963,-3.1311054325476775,-2.9843099833130387,-1.975596747092841,-1.307057369010185,-1.5253439364352712,-1.9821198417059906,-2.2797320064983757,-2.5158083605794035,-1.6233771504655246,-1.0942868164517245,-2.2690504759594794,-2.1534969455674755,-2.8710230737813442,-3.584877883720381,-2.4954337425489923,-2.898836360729189
1100,1100,-1.7381184093445663,-2.078746589394255,-3.2877920612954945,-3.194166746831976,-1.140734115567925,-1.940784270040014,-1.6755553850313738,-2.7538967792292963,-2.2611460232650358,-2.2333642848347175,-1.4964998857060086,-2.3228547763843554,-2.7918801385149545,-2.2380372766325514,-3.254438325550698,-3.7264640813338525,-2.2846777745458353,-2.087311694830821
1101,1101,-1.6461325384303678,-1.9576082675683457,-3.2971586210769273,-3.041615349175821,-1.4764813210688135,-1.6414673327793041,-1.6291702421178562,-1.955871837473608,-2.271262448843503,-2.9543826576853363,-1.6579230655715171,-1.9088291185905146,-2.2145200505351457,-2.333448162004606,-2.8630036610159575,-3.592088609784545,-2.6767944042628757,-2.756131324274895
1102,1102,-0.4344706241134883,-1.283802999344565,-1.8530149758647174,-1.2018561780588233,-1.5960969416636064,-0.7436162835492897,-0.4443242039348157,-1.5248705956722115,-2.482417805798784,-1.2816759343758342,-1.7798498640368554,-1.9411646060808159,-1.3191897456967898,-1.150563256042908,-1.2296982415279158,-2.0610978904666095,-0.9734250593165883,-0.9785261151009829
1103,1103,-2.591839239743831,-2.705048525420354,-1.7967015692130188,-1.3965498916170453,-7.234989578419732,-1.312531420261766,-0.7574611086088706,-1.9793367685259027,-2.888659162917837,-1.6501235816500621,-3.0644861908825565,-0.6551243808174871,-2.853389232392516,-1.4445780237818235,-1.699264024142481,-2.4223152921589115,-0.8759320893185228,-1.8697950808385864
1105,1105,-1.5415840309498412,-1.34378907591687,-1.9168744460310685,-1.7731416740231138,-4.357536810805656,-2.8091007085514788,-1.1833812783379982,-1.6721999079711312,-2.166316265129907,-1.5169535431589298,-3.259586783079311,-3.161450699449233,-2.6650519992412445,-1.6608248199447586,-2.381040978304359,-2.280917943605971,-0.9190060435277243,-2.7972375389076762
1106,1106,-2.391102506650638,-2.9672591829302473,-3.758103412873882,-3.5557982625182682,-2.2246370394573485,-1.292975896123308,-2.340073192584639,-2.368326305805741,-3.046671637988011,-3.0221649545108313,-2.0991382463374064,-1.6991766527616536,-2.908332782199395,-2.4363746760478873,-3.124469728883009,-3.769925972754909,-3.286191610661144,-2.4601394002861396
1107,1107,-2.2958066713967376,-2.76649882894807,-3.7555874640775464,-3.5164471697933464,-3.604610610195378,-2.7102197925188474,-2.2196723241205407,-2.354038097074816,-3.0922297146913755,-2.238750766047878,-1.9738197643477555,-1.506935973701656,-2.759674843371945,-2.6516237759875887,-3.05398527287554,-3.761468616605903,-2.797572418405237,-2.028649521976946
1110,1110,-1.6594969605671162,-2.0283664189350388,-3.388053767929194,-3.063672844482096,-1.2123143501551716,-1.865686763535804,-1.813288854139251,-2.1233047680480586,-2.1965427136051283,-3.4582643722330655,-2.1875542615530503,-2.8525454111575135,-2.173690073957475,-2.5640659217436395,-2.9990128880367917,-3.599902242039066,-2.461405242868875,-4.278070472391178
1111,1111,-1.5559639396326979,-1.97958000813301,-3.2519530026841403,-3.055673996267518,-1.0400005553420535,-1.3684973518174741,-1.5392866706755977,-2.288320936043436,-2.2867612015127357,-2.410763320673304,-1.5701191058517685,-1.2155691778272915,-2.322867083801432,-2.207632364560281,-2.968955259077747,-3.4996156326249306,-3.0179197325756455,-2.4152781624848334
1112,1112,-1.5788713017474776,-2.1821559312337833,-3.2231779993539225,-2.982386459524605,-1.5798383482836142,-1.1931733170775154,-1.592451010532507,-2.036024058553216,-2.2682769887400474,-3.2727486875811027,-1.498002411637581,-1.447747417621848,-2.323537021907133,-2.345917117430638,-3.140508264543887,-3.5677751006561444,-2.6570133979747164,-2.382008981316765
1113,1113,-1.5529515454410991,-2.0607604578820853,-3.3938882078247774,-2.92588415648929,-1.4415255445031385,-1.1856977502293726,-1.5612047897525012,-2.2382023503765023,-2.3549884520640414,-2.882126725149951,-1.7725727176179247,-1.3137555627198083,-2.065463593409017,-2.0384959595124457,-2.8037239038895567,-3.4748494774401215,-2.077087285193425,-2.424360536871535
1114,1114,-1.0871028665384754,-2.5763943419708495,-2.810774212868988,-2.4430431491158267,-0.636974625346672,-1.020610496323779,-0.9749364127961716,-1.592742999303162,-1.2848926880657956,-2.37386418941074,-1.2513120041781063,-1.2110365796615747,-2.588847610735254,-2.5481762744344616,-2.831776781218913,-2.854160931880026,-1.7822110702187048,-1.8566819898887696
1115,1115,-1.0322070571387807,-3.0888714562979325,-2.6267356849017025,-2.3803106228139375,-0.6073754211908334,-0.9196653430338219,-0.9333388396616977,-1.7153171074845353,-1.5500958123635098,-2.506565155316661,-3.4208920453296843,-1.1617337124909048,-2.879638034562154,-2.704131198678831,-2.441864850758938,-2.8958966154135006,-1.7394084546276976,-1.9457060311992453
1116,1116,-1.2031820392819994,-2.3996963646114833,-2.8215944015879044,-2.761083000933813,-0.6472713857624331,-1.1111073430229244,-1.7316820575611716,-1.7402583361804718,-1.2645266141800044,-2.915697132492541,-2.313826339590446,-0.8291842125810219,-2.9753187353844233,-2.624521960898969,-2.234578391861313,-3.151979707989513,-2.3558196231071755,-2.985979287758357
1117,1117,-1.2793100560651096,-3.3261186513629513,-2.6671971891957407,-2.480582134602666,-0.6481123564774459,-1.192867560739095,-1.1001228995193402,-1.7186038550534994,-1.282011790041603,-2.598449370580643,-1.6476369471182695,-1.3046026796048493,-2.14859670056123,-2.8391531330557056,-2.0746571497012374,-2.8594226541572665,-1.8929259076284137,-1.7798598148247633
1119,1119,-0.8703682109890329,-2.7649110544442266,-2.3297082664400808,-1.514248737656839,-0.17631726298583317,-0.8527573825384654,-1.4384192541257188,-1.3800726221621273,-0.7455667963541759,-1.218543737836034,-1.4856187461025931,-0.6270208735186076,-3.678597868493843,-0.9860143810706534,-1.2747869223343298,-1.7749092391260708,-0.9768028976575756,-1.1693345449736763
1120,1120,-4.614341253779986,-3.402517571335091,-3.0040948113891313,-1.416455503686488,-0.3836929946603167,-1.182210986254946,-2.6012373791240773,-1.5298488838936328,-2.9680628891505343,-1.9632730419184,-1.1329419280679591,-0.6593976607844481,-3.109425431664141,-2.007586768336015,-1.2690718375072518,-1.780450324580153,-1.3180140045893567,-1.4385320122077814
1124,1124,-0.6640741802264324,-1.7645997919271714,-2.7289279862021356,-1.6989781194622635,-0.6325121347424609,-0.908886937654709,-0.5294695658478195,-1.1385058154540297,-0.7543977452085573,-1.3773503481856801,-1.4104712377218251,-0.680879821136761,-1.8467506610909319,-1.0813239537572334,-1.6180842242952154,-2.108545236737282,-1.049151256914722,-0.9523552220099866
1125,1125,-0.6477797171474188,-2.3227623690181933,-2.2997478143289563,-2.000471699671953,-0.29704906634215733,-0.8792246298161286,-0.6253232143695648,-1.282844895727467,-0.969066523861438,-1.7165090860822827,-1.0194225639991272,-0.650594094911921,-1.8650127902501272,-1.3237537328273885,-1.5320206621277146,-2.112920305029027,-1.6674377491623251,-1.0216057294137284
1126,1126,-0.6995784640860224,-1.348145705000826,-2.2663275779007717,-1.7556831466092897,-0.3504843598864155,-0.7906393820492055,-0.6661410226876435,-1.2553650456724676,-1.2170725788677126,-1.5483100990397207,-0.8466600996687618,-0.7501847160445361,-1.2468714281777074,-1.3165551380885925,-1.8180406254010513,-2.266501513528614,-1.1315106054162312,-1.3374542476223457
1127,1127,-0.8198469286995687,-1.2066078706613756,-2.426605899697707,-1.6964020052471127,-0.3742176866761783,-0.8323679552166829,-0.7291804716409188,-1.4361787430196755,-0.8423973548589684,-1.3507507418537625,-0.8870899739087659,-0.6836555259598337,-1.3944205154970524,-1.222808943634878,-1.7044401711128219,-2.2486534046598163,-1.1059298110681923,-1.1479718812738482
1128,1128,-0.7790714817626637,-1.4305936944346853,-2.097756404570081,-1.9911469944970173,-0.4833182163710306,-0.8920278504831755,-0.9269158518801155,-1.2621672927007344,-0.9958727754466006,-1.9444054752822049,-0.9439181040655062,-0.6894630751055222,-2.2724748144450944,-1.2544878596955298,-1.6139541772115051,-2.3219929679113576,-1.515100329354845,-1.148867563565343
1130,1130,-1.0066923774223984,-2.006466487860206,-2.419493310011175,-1.3904285730095738,-1.9305874537234515,-1.136587989685375,-0.5904632606024534,-1.1875027980986885,-0.7418406061810517,-1.2699004835385492,-0.8533985939165857,-1.8855076028556188,-1.5831384730962617,-1.008378060029143,-1.6730242282555805,-2.5792385906367308,-0.9757890464349899,-0.9566631854997567
1131,1131,-0.7807303213515109,-4.967866668931416,-3.230887462270533,-1.4604175644468687,-0.26077427987305735,-2.3729542990714996,-1.0047055516404648,-1.551599272075809,-1.2890782702594863,-1.833921345332603,-1.0217719647780659,-1.415968129069773,-2.0337462607163728,-1.540377755440854,-2.165117797237416,-3.0404636273908148,-1.358118750392014,-1.4199126046736978
1132,1132,-0.6005565336934184,-6.155264132477979,-4.299914685172179,-1.512007477365991,-4.339703803699156,-2.3983924361125193,-0.43579937046424627,-1.5442177650142237,-2.734906389599932,-2.7571754958817523,-2.653575310778816,-1.463382892626528,-5.567148316888068,-1.8670014632435454,-2.7251000649867976,-3.3908153698391437,-1.165537047306184,-1.9026533370571765
1133,1133,-0.9835901179906459,-1.4537420494152398,-2.8651553765963866,-1.6052646930343748,-1.8108444093660914,-1.3590976203542229,-0.48279430712395943,-1.2560461107333258,-1.4838140630186256,-1.963999423599084,-2.357327076088378,-2.242030656854765,-1.8649830140214663,-1.6083353288810942,-2.210356469505073,-2.441230051068218,-1.1327746835210142,-1.8295858641881297
1134,1134,-1.117185853355911,-2.9991069064424423,-2.8635632579562245,-1.859243699628795,-0.7873509233618511,-1.0121306670237624,-1.1387957892958585,-1.5442957000401392,-1.045673468994805,-1.5014684036393378,-1.7290051108541251,-0.842299988404647,-2.078677516434363,-1.4128574875595863,-1.7308795859328316,-2.313959579054211,-1.2265814212411799,-1.2365386268226195
1135,1135,-0.8665884848715563,-2.0338146025257027,-2.660865131360663,-1.7740876442890516,-0.9571380668425582,-0.9616337657127331,-0.8528033364510357,-1.2955920591351044,-1.0241195893926347,-1.4046548189751251,-1.534608408747312,-0.9755581711041097,-2.1610119529783782,-1.5296047879702999,-1.7233707852769853,-2.2805639727,-1.2638207089026965,-1.1187456088888257
1137,1137,-1.1691749613734541,-4.443460755484813,-2.8200611973057588,-2.008064114893593,-0.6327096760060056,-0.8341605089813561,-1.2143855337907348,-1.2302908437732667,-1.2703054380473604,-1.5124790255093175,-1.190750180638044,-0.784197258671447,-2.474585072065902,-1.4165606066454455,-1.7139681586119713,-2.2587602506321587,-1.175681148057723,-1.24596509813975
1138,1138,-0.6371699284121166,-1.617444506142835,-1.7534317762939235,-1.3076142389868377,-0.2500583928300005,-0.8017787961675216,-0.594202172300251,-1.01516853721569,-0.6915349755804377,-1.2220055130013252,-0.7490077680537738,-0.6663387328809525,-1.4984175059964018,-1.0332610574692187,-1.3354172799155237,-1.9104617962517014,-0.9205525690285732,-0.8982368167378517
1139,1139,-0.6343970081878072,-1.5206364597568771,-1.6968945131146895,-1.3481972692362396,-0.6345924333895424,-0.7644582254883392,-0.5920495385778111,-1.0171114430454247,-0.5769450401399039,-1.2240773797162692,-0.7277009908134886,-0.6431434947481022,-1.4717075934126411,-0.9198464711312783,-1.281109325909452,-2.1932732073062122,-0.9430827813149345,-0.9062854007710622
1140,1140,-0.5836586542025188,-1.1770894325923598,-1.75636344042149,-1.4266676381263397,-0.28745472343141276,-0.845915587179896,-0.4375684126006556,-1.0321183773971487,-1.0177517706189694,-1.2255499523591495,-1.1023770928551533,-0.6511186852392661,-1.8553625891373426,-0.9598930528341713,-1.3401721077434285,-1.9829554180430928,-0.986359907015372,-0.8866353078990593
1141,1141,-0.6835548491633325,-2.4078195550597736,-2.2498444443285632,-1.560630347915849,-1.6021311818774109,-0.7557086633059026,-0.41817083644461583,-1.2652952430839208,-0.6568038583137106,-1.390049980811792,-0.7396646665519728,-0.6325040122510276,-5.26519991108126,-1.1096953089932697,-1.838078823142994,-2.686375242168658,-0.918373529764921,-1.0840036711225016
1142,1142,-0.7431214720587648,-1.492604321102244,-2.1234975453441374,-1.730021166712395,-0.31581311480351465,-0.8333760343802918,-1.0743739336896463,-1.1516401099763196,-0.8223585939236471,-1.3156560016021706,-0.8385241624088355,-0.7773123173750172,-1.3761264254782657,-1.0359668994682614,-1.4514339792656308,-2.29267540556299,-1.0891673484656943,-0.9941942748757453
1144,1144,-0.7263437270942382,-1.3884551204621842,-2.1275903168417973,-1.510396633010513,-0.6657073021646582,-0.8839363466985156,-0.5636042768063549,-1.1065287581388934,-1.2752993122050031,-1.3063945668264418,-0.8158600786203548,-0.7223602960787985,-1.509499140058879,-1.0890493536239305,-1.552510501479858,-2.1555776027648275,-1.029963114539926,-1.0540720931006704
1145,1145,-0.7290780826111654,-2.0315560528640564,-2.059265908862581,-1.6926682558873678,-0.31953308693770055,-0.9521298960290221,-1.0481730755571559,-1.1475525117060328,-0.8338856943451918,-1.3065393172508997,-0.8084816988491605,-0.9161929550058068,-1.883659864379957,-1.391031496331638,-1.455036311273716,-2.4081135475978193,-1.0253820968299596,-0.9837533835597211
1146,1146,-1.4989442601326926,-1.5089717791674824,-2.629920470101619,-2.3890952737235427,-1.2231773569334878,-0.9608312522162854,-1.4076283091343935,-1.5081534427577945,-2.178344609871235,-1.639663230603985,-1.1938996704732978,-0.8998753357515755,-1.617170363172968,-1.6872607752236937,-2.6292485685738862,-3.127936395973685,-1.5216196048421395,-1.2484334774964416
1148,1148,-1.3783564551797582,-1.5838615046104638,-2.6440558625263755,-2.6009461700272665,-1.550892304912772,-0.982239841065277,-1.51030527224464,-1.544858341185142,-2.1073743007878294,-1.8383465711315616,-1.2042972229477096,-1.1224656586023252,-1.5859864738967067,-1.5746011897428316,-2.6208499696038925,-2.992243407701582,-1.6834542159144008,-1.306223499715201
1149,1149,-1.145542895080623,-1.1777673471972914,-2.0696428202834722,-1.3858724210290447,-0.26033429912709793,-0.7881081061591817,-1.2388287515077199,-1.1207572819744778,-1.6001756994921448,-1.3227183853203752,-0.7609939015974868,-0.6561359222621136,-1.4092420993591805,-1.3363225077979406,-1.6543257586313254,-2.1981308912717368,-0.9917607664764352,-0.9284766630366373
1151,1151,-1.1769969740933441,-1.3624511244850348,-2.2400925934006564,-1.3898931571146087,-0.26947983832890376,-0.7600556563758712,-0.7971372558419614,-1.063453895400057,-0.8204999231838059,-1.28626226670703,-0.7502759137965708,-0.6539346869038918,-1.3893246318700347,-1.0919765855344703,-1.40264942672988,-2.1471007299611022,-0.971849323609078,-0.9417685324684495
1154,1154,-0.6437629424824278,-0.9996077751966941,-1.4595415949598296,-1.2375223730010543,-0.17211601094441895,-1.162378820428695,-0.5534276075660047,-1.005384663224292,-0.792798826496302,-1.203263469273651,-0.7677567434482134,-1.4041142085256488,-1.0179371633824394,-0.8967417927869662,-1.3202126202322266,-1.7637757593828132,-1.038915162026945,-0.91983889329762
1156,1156,-0.6834858734836602,-1.042073345197277,-1.4624548778809225,-1.2374530915624231,-0.7787021462895071,-1.2061758494743935,-0.725569201451914,-0.9958550453668856,-1.3234561020802933,-1.2612912820651077,-0.8181424727834449,-1.1504955004873794,-0.9354494771016959,-0.9135693892249118,-1.2833793529598434,-1.7549789383388752,-1.054144857973168,-1.04167270181621
1157,1157,-1.0790407708831078,-1.6736592556436296,-2.5045690199140602,-2.178010637961653,-0.545482037697099,-0.9399818520242941,-0.8234532007458341,-1.5425191970649286,-1.2514066344691537,-1.6251113403389725,-1.7600685737535822,-0.912848275989544,-2.29495464799415,-2.6788930350787155,-2.6272554771350975,-2.7800358216572483,-1.622452165238733,-1.4174081937798868
1159,1159,-0.9664638408034502,-1.8534410548724636,-2.4751323845387194,-2.4130482108932236,-0.6737858808387833,-2.0862108227416396,-1.0195490704990655,-2.2548232007658324,-1.1053663037114718,-1.8381434685130233,-1.9326002796227915,-1.0694917734589044,-3.1013205599922724,-2.2115655380007637,-2.37956059247126,-2.73035385808738,-1.4692324504480039,-1.4082096707591985
1160,1160,-1.365276128058185,-3.719714253082266,-2.596032892229461,-3.075889468955876,-0.8749429334282285,-1.3457125234399605,-1.8436882795190472,-1.719874407681862,-1.1291056361856784,-2.0697333698617753,-2.371741415534082,-1.1898405333493043,-2.3108510981841475,-1.5628561893068584,-2.5703341443878363,-2.5224552341321824,-1.9882980471523175,-1.8988542306230218
1161,1161,-0.670727285565758,-1.0903590912815075,-1.885763678751716,-1.7421333964389942,-0.4548379986547064,-1.1478081805799385,-0.5340310353063552,-2.037672245614239,-0.7023109064380448,-1.5131525911026906,-0.9082475848043567,-0.7007411133467558,-1.3834173020340872,-1.1469526332851974,-1.7049395909683438,-2.3751461998863808,-1.1584940738656209,-0.9869680317579989
1163,1163,-0.9967397875846334,-1.8151329243273038,-2.0731344302133303,-2.665800230152297,-0.9937847423678333,-3.913314878190004,-3.44193472007119,-2.6267089899241514,-0.7685631203459935,-2.158709643965852,-2.3198447134245637,-0.9937012382362946,-3.0529160576339427,-2.0516141324242287,-2.25292558145201,-2.5788699163278532,-1.6424696239491232,-2.2565623459751087
1164,1164,-0.6185057742417082,-1.101348513812107,-1.998664564026583,-3.030331238670362,-0.3560348451780302,-1.1603991763829713,-0.5814812510203436,-2.146964863134185,-0.8366276981274177,-1.5145538721735021,-1.015584353641955,-1.005161016600404,-1.2691375218458965,-1.6206880122505392,-2.0115924387463675,-2.4971813409567845,-1.4616606625996078,-1.3029269152102207
1165,1165,-0.8114985732907101,-1.1110803839108798,-1.8471122140427187,-1.3939681896046554,-0.3951991843996393,-0.8286469517826939,-1.4653571342583094,-1.9009144021265492,-1.4592232875492264,-1.42073328516725,-0.774273278593579,-1.3913996578940226,-1.2351710702285448,-1.0474056166206993,-1.8567026992480984,-2.8447089031013952,-0.9395177362706948,-0.971502113811531
1166,1166,-0.702302127939871,-1.0273499684324854,-1.8250167940489863,-2.22628547315158,-0.9553883001212098,-1.1948608191705228,-1.2033163771076423,-1.824611099054768,-0.6029898144715455,-1.8602273668972493,-1.4758776209119704,-2.713427909618466,-1.06195580715324,-1.2797084344232381,-1.8100300288843272,-2.6219767843410366,-1.462679765331795,-2.1507310820640066
1167,1167,-1.5362246057957973,-1.1591570010454624,-2.6516119380557246,-2.8136018854445357,-4.002297158931017,-3.7759890487752616,-3.400964222510695,-3.2571909498022293,-0.6165921474025189,-2.5513452226999593,-1.6135561630900945,-3.2161006762383657,-3.845630923333889,-1.8255908094870699,-3.076554625631851,-3.2799009138482758,-1.380838704975992,-3.128769403729853
1168,1168,-0.7304621898772914,-1.3397570094866103,-2.1509588512589026,-1.9297061413581869,-1.8605284575319123,-1.2335656423794674,-0.545280105449359,-1.9778895410679485,-0.5790717458762779,-2.0744038347331273,-0.8134611345768508,-1.2168311388396043,-1.4947119119503378,-1.3760076229346931,-2.212063202564757,-2.565964305751706,-1.3766854224648164,-1.506046634486299
1169,1169,-1.3277514558728956,-1.897741133813563,-2.6087394088518736,-2.6551019609639104,-1.3760492511011524,-1.0301702015377163,-1.235822371189151,-1.8851559860827434,-2.145053447506805,-1.6020817400182399,-1.2073058230879838,-1.2042235952594245,-1.9761113108275057,-1.6668516212896174,-2.194613776193749,-2.712801258227227,-1.7454691239656694,-1.2211464491259536
1171,1171,-1.1345853402755557,-1.6339647538856972,-2.5584834296679078,-2.638536411932364,-1.1991076659856112,-1.0569283771465048,-1.0514415217573705,-1.7664955661274335,-1.978842734876387,-1.7502137782192673,-1.1796184471238111,-0.9483363643778471,-1.8692515479329725,-1.5742962896979156,-2.0996005909910513,-2.7719821757480747,-1.6071354644658913,-1.2201941184116716
1172,1172,-1.245462348562173,-2.0369219564532086,-2.653359680069667,-2.7798451371714226,-0.7018544868539885,-0.9574321566112101,-2.207093674370122,-2.214949770894722,-2.005258796022873,-1.9609411439825664,-1.2209315523904154,-0.8624185615691075,-2.0570873414349298,-1.5628811546430792,-2.177174127088401,-2.7542730007549667,-1.8412304278041975,-1.6062915297793774
1173,1173,-2.1012946633060707,-1.3300610053366781,-2.4232928098063233,-2.0573436486953973,-0.5636628611081834,-0.9162329593624344,-1.5699930678152028,-1.4889134548039618,-2.080362802373851,-1.643313477880034,-1.0608390184694334,-0.8607179371659579,-1.3581945943706537,-1.2849433360464615,-2.7382629135200944,-3.339641357562141,-1.4115443677911907,-1.1449962429193812
1174,1174,-1.4026680283474084,-1.3859525953706566,-2.453588437430242,-2.0646495625289214,-0.6765473175727172,-1.2901342736304988,-1.9532085515835047,-1.630427157895167,-1.8833546243412929,-1.6890936032652484,-1.0393715864882638,-1.2868625307464217,-1.4903456368433647,-1.2951712149170973,-2.5403101697921926,-3.3387589763026444,-1.4212693110717596,-1.3855361340049064
1176,1176,-1.2330318286341695,-1.3289162606170453,-2.610162380881404,-2.229759695690994,-0.545717476882551,-1.4853626976305379,-1.3814232316497213,-1.8072087847439156,-2.3562794691593583,-1.6346907341831467,-1.0470639852279617,-2.295830175389287,-1.3979393322808698,-1.4730158997553728,-2.383019393081109,-3.2390551331412136,-1.5830127636662072,-1.7471383862452747
1177,1177,-0.79711721524901,-1.4673544185761322,-2.3086927764373195,-2.4811001847268868,-0.4384702494306292,-1.0285838631762727,-0.7287701172314058,-2.0868113024966064,-1.0842523397994377,-1.5406331640372477,-1.2626442573444276,-0.8808569346948586,-1.5064558453432673,-1.6260999452524363,-1.9521071714035028,-2.7467300074230754,-1.3085417344064947,-1.0366856307021612
1179,1179,-0.803795130179608,-1.4751797780087101,-2.3190919199492175,-2.203560848621251,-0.45961575210884736,-1.8060330423488702,-1.1601021795033604,-1.5635758885583975,-1.168218124721358,-1.7651908271715424,-2.021724442007903,-2.3632996976635687,-2.4769333404815796,-1.6192354097308361,-2.1633253670683033,-2.6154084417460126,-1.3689552398885922,-1.5807999486528392
1181,1181,-0.5904041859721347,-1.2241305186421942,-1.8002271338482712,-1.662869932613903,-0.2844952794949802,-0.966067338061078,-1.03003200691761,-1.565577124333585,-1.106577717606822,-1.2878940211479288,-0.8434481674032233,-0.6728824108485479,-1.4746388399364934,-1.0878953209028934,-1.6471097068631542,-2.0585184363722555,-1.0938791985638114,-0.9372268950254751
1182,1182,-0.5862822294641045,-1.764752083308196,-1.7689680703995887,-1.6213690955466704,-0.27102759205060534,-1.5626369913317097,-1.4470879192010242,-1.0836539291720677,-0.7530354478051519,-1.294618821604242,-1.1241471337914724,-0.7374202611119571,-1.440988745918624,-1.3215511050140636,-1.4344582227785596,-2.0688537317519144,-0.9839726150805262,-1.115040406150939
1184,1184,-0.5918728848000108,-1.1856685464761059,-1.8640847581096844,-1.5805294672223447,-0.8159540335041249,-0.8668231511485092,-0.6676270218258287,-1.1589325259412402,-1.2624004139335359,-1.4503991994708232,-1.0422203600270976,-0.664003991682408,-1.7606710043703273,-1.246553720142575,-1.57189248741767,-2.2061808541941472,-0.9926274242120714,-1.0320810098719502
1186,1186,-2.0830828011302804,-1.8171639925125234,-3.0572928395650942,-2.959745093946017,-0.8481660343585559,-0.9446975191385346,-1.8027352194122135,-2.108460305683792,-1.9894758414212415,-1.928393121828903,-2.2506313922278585,-1.33598258565703,-2.5213852128634744,-2.2333273056661813,-2.848553129344894,-2.9192336199710027,-2.1666497243297167,-1.6551639538773186
1187,1187,-2.129291245479141,-2.6237681241025115,-3.0739616149295723,-2.927609068072982,-0.7658922287842074,-1.155062371123055,-3.159188284815567,-2.324565741957403,-1.6960423067678219,-2.2688855547798497,-2.873828587719722,-1.0931808087223982,-2.1596198096288743,-2.0963241248203817,-2.574512595423484,-2.9792804931819963,-2.4051661551435166,-3.8274246240287715
1188,1188,-2.492441549628694,-2.479878293829543,-3.2712219650324146,-2.991356587049869,-0.8813810030687368,-2.1222743302276337,-2.668865686709684,-3.620468343695456,-1.6063802425724054,-2.38182714255335,-3.5465210406373195,-1.0265291400741776,-3.5084829249773906,-2.464384811796373,-3.613649527872678,-2.965263337344449,-2.1525024945737226,-4.243429445573528
1189,1189,-1.274873009435534,-1.7437157334930062,-2.0977167831047865,-1.4737365929625192,-1.8685558263315536,-1.4815531300887261,-0.9498609479364788,-1.1309886423418534,-0.6751411585461826,-1.45166149841194,-0.7868886330201755,-2.8557691123276956,-1.5887000353728866,-1.1360098341474916,-2.4782167776768613,-2.899337788941438,-1.274940675715891,-1.3213432710144013
1190,1190,-1.1302396869212386,-1.369933252687273,-2.4647499955941923,-1.5332945913175906,-0.8262865044233867,-1.4759162063260727,-0.8809331656005787,-1.2884853784974406,-0.7059153291193163,-2.90908254251298,-2.5797568258497683,-2.0708429442135015,-1.452024895838184,-1.4581155328676831,-2.488739646792833,-2.964436311851702,-1.1838911199259843,-1.191833371609194
1191,1191,-0.6478683387730824,-1.3757878637924361,-2.4420560363392068,-2.105018447947165,-0.7491533646885375,-1.6674924091627883,-1.281470458193919,-1.614054996801676,-0.7971321870155371,-2.960611295453568,-2.380022496365129,-2.1578424288696114,-1.3737268767843418,-1.3087852807182778,-3.1935065715847344,-3.371626071504903,-1.3447169284190417,-2.092822827042242
1192,1192,-0.6598496347958027,-1.1428563654707917,-3.7039352183078162,-1.8591183169216197,-4.242567942893453,-3.2269751117776053,-0.5402767089399556,-1.9519836700074662,-0.7946992828834154,-3.5076524666382256,-1.107096748290935,-4.032167496804352,-1.577322097919244,-1.3212305516424805,-2.5750493091261073,-3.344740104822665,-1.6102451555724562,-1.5403782592570328
1193,1193,-1.069598371916375,-1.4398418820879546,-1.9351314199202756,-1.6467199316251984,-1.0744160188842253,-0.8955765928271078,-4.109611465076635,-1.505078328427341,-0.8282115597606988,-1.4867818795488228,-2.1536368879516443,-1.5039824715775358,-2.1974062966925842,-1.5389819897833854,-1.3757451466927515,-1.8564693492086113,-1.1868067766436179,-0.980689520125766
1195,1195,-3.449749744579047,-2.3250887698285014,-1.7125551294280261,-2.575540836352334,-3.0827821354435914,-1.1671782162070636,-1.3781643604575038,-2.623963479120703,-1.37037619101556,-2.0214355802280917,-4.25549702719698,-0.7865123802524687,-3.1222516277062873,-1.3934748482579096,-1.930313202139407,-2.08027989991062,-1.364294805989117,-5.08431540883615
1196,1196,-2.2502896761229456,-2.6322252287940078,-1.9181068266773755,-2.120691836422141,-1.9194660620717583,-1.4107195002407398,-7.631791435533433,-1.914031959172157,-0.6456458163084812,-2.533672844216501,-3.422024935479075,-1.1257460702831987,-4.631215765305334,-3.3731976951040834,-3.0515100240034867,-2.041375199237348,-1.2703047711507351,-3.416464003374286
1198,1198,-2.513095315744608,-1.1294286554889785,-1.6427861139296214,-1.546872960416546,-0.6977076373334289,-1.0330835424857048,-3.093423788936759,-2.733790518815028,-0.8119979027741813,-2.6231911718428833,-2.488874072283873,-0.8934729684831728,-1.6532068136085472,-1.598184973351441,-1.4080576569807757,-1.7999070463893847,-1.0390087287816558,-2.9333374577969202
1199,1199,-3.0500343499181133,-2.5608374895827435,-1.7959057018702094,-2.180776100023086,-1.4833777077551336,-2.5643213011297834,-4.036130397790226,-2.5750849950487877,-1.569154783297491,-3.5451239850198006,-14.201042260286904,-0.9371772312238613,-2.4286996077642238,-3.318724736806868,-1.6223271401367696,-1.9198673792440664,-1.3309046884202589,-4.003375361528048
1200,1200,-1.241815800410364,-1.5848987618846175,-2.4565127503832103,-2.3525976112740166,-0.7529700415552398,-0.881131318826846,-1.1279734969591584,-1.471513718858718,-1.5590440445058387,-1.6783668644242977,-1.3638927969465566,-0.8222653541135111,-1.5400332669978116,-1.7035504152376817,-1.8971826503200089,-2.7299695473503474,-1.520417602799215,-1.272449574776297
1201,1201,-1.0782343965505998,-1.6167024469920896,-2.478591114563657,-2.4241518028212132,-0.6450220166907457,-0.8840353692224319,-0.9229497334586023,-1.604980790759665,-1.342982355230502,-2.13647673352565,-1.4046252504784627,-0.8500459414929188,-1.9331277567849554,-1.854057704586654,-2.480666796776834,-2.760768375030673,-1.5404932045982043,-1.3646365914947856
1202,1202,-1.4008605033310282,-1.6757428288942744,-2.4322010161206085,-2.4261059039793733,-0.6518519281993711,-1.1278796027928455,-1.0117285928028033,-1.7571198227908207,-1.553928738769375,-2.7400160799478517,-1.923398292333883,-0.9675942341797528,-2.029825152084873,-1.807967963792299,-2.357765461851622,-2.748054274368321,-1.8014068265585887,-1.4777075117673917
1203,1203,-1.5168297425383612,-1.45420001039201,-2.6674520372583497,-3.1240088419402046,-0.6619504969614305,-2.145057064545618,-1.2438682892677213,-1.7043628958158712,-1.541844074264973,-2.6227288656307985,-5.303848092083488,-1.1819025432599757,-2.2865122002077793,-3.1859662883741926,-2.825856208226944,-2.884424081754199,-2.446912001069349,-2.6272499454122
1204,1204,-0.7070111415935554,-1.1125112079168846,-1.9187701559733576,-1.6857420277795216,-0.35129405587292223,-1.1090416014615088,-0.5010040826003225,-1.5409048080989085,-1.2222379699288441,-1.2976640088501086,-0.7561336050292858,-1.2089414839520134,-1.14655365935863,-1.0297208778976144,-1.7236581135194167,-2.130224664844724,-1.1168651857172829,-0.9275640763089857
1205,1205,-0.7582795517628236,-1.3533307167824165,-2.566588543387006,-2.739104773279509,-1.3827380505944795,-3.588094192731595,-0.8839630666061684,-1.751935057716607,-0.6728878083997614,-2.953529004804736,-1.626080970362492,-1.9024447758869005,-2.084938901084083,-1.3452196057628352,-2.4301011782282225,-2.638848643685397,-2.6179219859197933,-1.6334489789238233
1207,1207,-0.6028950544956752,-1.4914783409609134,-1.8532107258424615,-1.6980912139541071,-0.5396155969069345,-1.097719033854161,-0.8814175903566781,-1.3562717247095297,-0.9591506067069895,-1.4522256486791247,-0.7592111011056779,-0.8334045976932793,-1.2335241042304943,-1.0496406436547954,-1.5659632927028624,-2.3347055973181146,-1.6426789444736372,-1.1395191570617798
1209,1209,-1.1400169826149134,-2.3229504448027627,-2.7752959208847665,-2.4775628524994895,-1.3429077425039293,-1.5906213121917836,-2.6171539229246656,-1.6167965025475026,-0.8682404461033718,-2.422576389495762,-2.2403071367940304,-0.722028335118248,-2.3810541766469293,-1.8567471210710145,-2.168711962680203,-2.286424404739154,-2.03587135729274,-2.001513427939032
1210,1210,-0.9936578963207323,-1.916027509294824,-2.0941602349223927,-2.6436021300065975,-0.3652593359637751,-1.4012479554014132,-1.0863498563418001,-1.8132859678126043,-0.8787286157114357,-1.3982976417966781,-1.436814800477134,-0.737242798146277,-2.791907269243013,-1.6947164263078611,-2.1106528778186506,-2.25254586363089,-1.7410142489609535,-1.1818039166929162
1211,1211,-2.603436446882002,-2.5080639471952515,-2.2646295339608553,-2.571869675142621,-2.930951556312488,-2.821969969330648,-1.9787252978527825,-2.3104935790508945,-0.8321135318429019,-2.3584161653727422,-1.6287382855617598,-0.7434448508345507,-2.7863184760555115,-2.2746889834786854,-1.9534291785257403,-2.219832727342347,-1.9453378897346854,-3.8347142566919037
1212,1212,-1.0698414237065388,-2.5314509169462918,-3.038615475724071,-2.462196161000367,-0.6446802350540877,-1.2857622133534254,-0.9909814928656946,-2.060138189851014,-1.713466348341654,-2.343709463719072,-1.3431353909308614,-2.8072436012765833,-2.24907119775133,-1.7499820907314185,-2.9486177592102827,-3.4510191904125778,-1.9124531988090232,-2.0950133542494584
1213,1213,-1.0752468717579347,-1.9849733727956176,-3.5142447260595295,-2.9344598654378387,-0.7540595279672017,-2.578817350862561,-1.0087724584634952,-2.0854298627204377,-1.4351453189602865,-2.748275234176161,-1.4856284218383,-1.6925081704616152,-2.436747629531082,-2.3937673252215452,-3.5691528195867734,-3.7861830271200887,-2.633273973438397,-3.3120501928788495
1214,1214,-1.3279929596112785,-2.0179415295206615,-2.9878754408705883,-2.607689711766609,-0.7185918622824602,-1.1231154297377102,-1.3087594660818922,-1.6910303773080457,-1.4648070725151006,-2.2988732907218723,-1.3440017758219431,-1.675317363036706,-2.762355194420845,-1.9823822102411308,-3.2599980166311995,-3.571023081677943,-2.426109033296286,-1.8260782375206817
1217,1217,-0.9992525562820151,-1.3244791136395595,-1.9074421041368144,-1.4550864025146386,-0.2790419041635669,-0.9916462837383782,-0.5548431291078052,-1.3025814690295694,-1.1121820295929241,-1.4377730806561548,-0.7792419758728536,-0.8167188409721576,-1.2647450421367847,-1.1742495359527518,-1.953460531966916,-2.478272506327105,-1.0565206689863875,-1.0584296481795457
1218,1218,-0.6720097259909633,-1.9381874489796191,-1.8430911874149258,-1.5046043107402387,-0.36346394514434605,-1.3246788747414024,-0.6818835234165478,-2.003088838349528,-0.7815849137660448,-1.3669455075098758,-0.7820245083291215,-0.7298135334481186,-1.5498163176757827,-1.0878668818773163,-1.5790438462478829,-2.5258520489911884,-1.0654125737015538,-1.0736154159584226
1219,1219,-1.376165414030844,-0.9713047628947487,-1.4803237731369692,-1.2331830211878168,-0.18848736373148958,-0.7205206972406463,-0.5342052202713536,-1.3224482263587714,-0.49509993373942024,-1.3315597942039508,-0.7290329369917536,-0.5997485700682759,-0.935071176228785,-0.917268189402185,-1.2804084381111565,-2.084080651765739,-1.0309205455738837,-0.8711567076448266
1220,1220,-0.5594622320417153,-1.063392740980306,-1.4686135242877507,-1.2371120257810078,-0.18300114729153352,-0.7836800765077001,-0.5520452010033371,-2.0784443032676996,-0.826149343662764,-1.2324024730622694,-0.8676939313805214,-0.5966886653553161,-0.9412786654066548,-0.903950357560882,-1.237762072117588,-1.790798742853519,-0.8998355240993919,-0.8980887873938437
1221,1221,-0.46572653986537355,-0.9664431275355589,-1.4930966561099133,-1.2317954561751931,-0.26164691456929046,-0.9292138705800081,-0.48832884205742816,-1.5399655533703298,-0.5900544101236365,-1.217253174401965,-0.7248377689940811,-0.8809306611501331,-0.9329091491912268,-0.8874777091748363,-1.2492837513567494,-1.8727555801999143,-0.8885783495250235,-0.8609746158308141
1222,1222,-4.110731242406267,-1.645622004757448,-2.047759437897518,-2.3218371364661214,-2.1284615876251,-1.0311943831604231,-11.085047966585691,-1.4511173657877983,-1.2628891885274616,-1.6823805581484823,-1.6156555868422033,-1.5583151347786313,-2.0255406406948286,-1.947151283318607,-1.6248111199432314,-2.144216250720765,-1.1633685286857953,-1.8797188051549145
1225,1225,-2.984740589369242,-3.4030129632208452,-2.6031789410587436,-2.626410210736488,-3.029981340096814,-0.9875531205963128,-4.653869851520011,-1.568514797038207,-1.6824923221734294,-1.8027877882242525,-1.4121943013674318,-2.632494056030665,-2.814645125706237,-2.2395178082126224,-1.8524413508675086,-2.437129204230062,-1.6247254742066783,-1.4583264650392156
1226,1226,-3.3044055478237375,-5.326367937434297,-2.8187321581329137,-2.7002435432880323,-1.5048530465536554,-2.183415951002016,-5.535759959595919,-3.0353461958285988,-1.698896152992146,-3.5340812967535773,-4.362762416234245,-1.0509630555027705,-5.165596082383192,-3.4342441938368107,-2.1159054802097095,-2.4314562056710924,-2.4885932148222945,-4.292583506719847
1228,1228,-0.8989112887641381,-1.136694646024184,-1.5908509275983738,-1.3151784806952709,-0.3568304060240286,-1.0754064441854727,-1.4469128048387545,-1.4432872522957858,-1.085360461869008,-1.2540289214109703,-0.7285209949712451,-0.9626238805119316,-0.9976808366328282,-0.9267623841125354,-1.6497646078856305,-2.2706068456117166,-0.9250319317660154,-0.9183692118613603
1230,1230,-0.5266935501132091,-1.024626695432664,-1.8588221602130102,-1.4329460069114575,-0.9647592071801498,-1.6575066404803747,-0.5091072143283778,-1.555045607854783,-0.5568741214452089,-1.8030458142809525,-0.883517674612164,-1.0322968180887835,-1.6373519031899662,-1.1393449135305262,-1.872226446300965,-2.4328332050728254,-0.9273377699271129,-1.7714753412022888
1231,1231,-0.7174782562463761,-0.9394611816788359,-1.5858702270332068,-1.1139937409327905,-0.1938861739416036,-1.3620816017666275,-0.2634118040080747,-1.3669857673724768,-0.32229725097546275,-1.2267213617241985,-0.893370546071403,-1.0356362455390138,-3.8340601269327514,-1.1155178612470924,-2.0310078159128997,-2.0542335985889855,-1.1145124514662865,-0.9036592918235412
1232,1232,-5.7778201364851425,-3.2465579701250578,-1.6043977764310033,-1.4664871868564566,-4.446784619234114,-1.9370791056261414,-1.342431559744,-3.1134231658846607,-2.3093596307217266,-1.5428584197167112,-3.5880436759047853,-2.91542470199796,-6.1786778128831,-1.461048470341441,-2.393836572724101,-2.4312795916821006,-1.0662478909602449,-2.1261299401859426
1233,1233,-1.981611928277999,-3.903893495558009,-2.088579927530857,-1.1576361170219043,-3.6997488386252173,-2.0860242698616687,-0.9811578141133461,-1.3162738849833953,-2.970732992551029,-1.359052929357491,-6.110776457457299,-0.617180017025357,-5.120357868749695,-2.2841875113368264,-2.583268555473161,-2.3703175596287966,-0.8365496524076628,-1.4730257962152176
1235,1235,-1.3961164772150763,-1.6813304227638661,-2.9398717523037545,-2.7645274735489487,-1.3771748755073052,-1.0136073685732472,-1.2979389881135928,-1.9719009076156058,-2.175069093928588,-1.8841582090110927,-1.3037217654176578,-0.9288252049390768,-1.8617965940953862,-2.1782185415523054,-2.424521643702258,-3.267082553433594,-2.2158646560294946,-1.5466496153773726
1236,1236,-1.3392730051762642,-1.7199597442007828,-2.764690703195315,-2.6189969602574634,-2.506705322172143,-1.3682160965618837,-1.4643479005114315,-1.7262270766167693,-2.314192318226035,-1.7067472870635814,-1.344744233922668,-1.1301000965754573,-1.8251131342097326,-1.5933339654829048,-2.325888973637283,-3.097393879528509,-1.9193873152512049,-1.3183318437470657
1238,1238,-1.3198455369941064,-1.808110504651376,-2.7576985352968,-2.746876669872757,-2.457008142956521,-1.0274615516527348,-1.4163419207520773,-2.0308075100528082,-2.270684571688611,-1.8051761381304396,-1.3651949940972445,-1.090638638991794,-2.0014805998546787,-1.5476251783917523,-2.38920423001764,-3.0891725546109234,-2.055527501188866,-1.3204813501335748
1239,1239,-1.6274466144006072,-0.9525848113917751,-1.3788330288534987,-1.139285625894615,-0.12201245529911431,-0.8424910562569126,-0.9307605828270228,-1.085817380920037,-0.5143211440171429,-1.1547040537446986,-0.6126524593512037,-0.6578320489397307,-0.9547944949683911,-0.8260114748950652,-1.1919441699281217,-2.0842701977807363,-0.8468559698888437,-0.9133181012702474
1240,1240,-1.1589858457223174,-0.9180252052007578,-1.4590892498399881,-1.2088507983206909,-1.78742848466416,-0.7992344750227868,-0.5807182056139322,-0.9403171364243957,-0.36045872586221644,-1.1825384380799042,-0.6193526768105238,-0.6957865400397617,-0.9634527444716819,-0.8364043971481598,-1.251786233712681,-2.0320702073280423,-0.8349685618681209,-0.8550961401731912
1241,1241,-0.6695152430674096,-1.1167492238564685,-1.494549524606781,-1.18664667931933,-0.12458161000863671,-1.3853893570109213,-0.920900040991187,-0.9512413917172723,-0.4301926038888185,-1.1792160074121976,-0.91574594612691,-0.6468311577555397,-1.2508602367161528,-0.8271288488194285,-1.2923021474262313,-2.254169223874481,-0.8472848398726852,-0.8222713590788295
1242,1242,-1.0577954731661383,-1.7113798082283458,-1.5923185170091845,-1.246032420356936,-2.3020695286389277,-0.8299616723556341,-0.9934875328766111,-0.9435418850166113,-0.41447847104276536,-1.1724758313899046,-0.8559880670635087,-0.5742434277410052,-1.884165016429871,-1.221412415283813,-1.5592150811231034,-2.1834543358663985,-1.034413733898595,-0.842774674866715
1243,1243,-0.2075457419083866,-0.7799575199384859,-1.3797719831759936,-1.2420456876879618,-0.10008238743654266,-1.0003375348363024,-0.09146304255200627,-0.8363668300649677,-0.07442813769993666,-1.1456690832566225,-0.6921863345887003,-1.602985506106836,-0.8526986198440077,-0.8364728531509195,-1.930575639461369,-2.3737725798175107,-1.7033761035284312,-1.1018898947498088
1244,1244,-0.2092250537231338,-0.7990304012198102,-1.7331866294541987,-1.3134040649178147,0.049486864026208055,-0.8360996235177562,-0.19463233686281864,-0.8671883104607251,-0.3822971284990232,-1.264140638525793,-0.5903335086163888,-2.2861064767693726,-0.7222666080917034,-0.8260038584238494,-2.2122336301852656,-2.095010288225878,-2.0017115819132583,-1.1634439099980853
1245,1245,-0.23660637160746664,-0.9344305652044288,-1.712704832191136,-1.5470940297529865,0.0368020536709593,-1.1951403120467892,-0.23488408420824192,-0.8371373182732305,-0.1838813115065675,-1.193808363549793,-0.5777963750726248,-2.293417243043863,-0.7011461342607059,-0.7435372581649077,-1.7278572179775407,-2.0687557144401425,-1.5289254194784752,-0.9998763997895342
1246,1246,-8.224504604415314,-0.9081558204882503,-1.2797778601761134,-0.9770857596629445,-1.8877495724823503,-0.6497218115624699,-2.405757896163529,-1.102654219364114,-1.311604715390625,-1.6219056359134352,-0.7705779871961783,-1.0878487520579028,-2.035452762571462,-1.1375515418383926,-1.1446679306088714,-1.7134773403272028,-0.6912123094739552,-0.8111398981805626
1247,1247,-1.0574647123958991,-1.9633818700191425,-2.6298732554931687,-2.2281215641336973,-0.7543631111755872,-0.9464510033771651,-0.9686726081058287,-2.2449067793987663,-2.010479758764013,-2.1814770087526645,-1.0816988169225994,-0.8216816823353953,-1.6328514651145842,-1.5642180330898245,-2.309428788806534,-2.972452902139248,-1.630176821053321,-1.785552767868984
1248,1248,-1.1692990105149241,-1.7254068062587178,-2.829270546071653,-2.3717244352263043,-0.9058736552478519,-0.9323567419341628,-0.9396314033213684,-2.187257250428881,-1.561021900248187,-2.2736377174561166,-1.0782488904197207,-0.8125736690162597,-1.7466735041005919,-1.5052391510580176,-2.171581474380455,-2.9770608084373347,-2.1261757616858334,-1.5902901869441484
1249,1249,-1.2110453980116997,-2.674017652163917,-2.744153717799187,-2.6719039452177764,-0.6029945078232475,-1.2787383247948592,-1.2212497499700907,-2.1365846880376687,-1.3299097526089485,-2.566530364838589,-1.2461448622022795,-1.8575819114511622,-2.3220117232220936,-2.079121056588746,-2.851383076213926,-3.223741523868125,-2.427448507864729,-1.9423518489487217
1250,1250,-2.130073055751078,-2.8895885132678956,-3.541523005042829,-2.5038916691781967,-0.7340668300600885,-2.5151220424107033,-2.8997888010676296,-3.0423693837968777,-1.3468980537378012,-4.724458111148528,-2.021776884954992,-1.6326734988950675,-3.815986159880603,-2.4445000378747648,-2.604166399201077,-3.4297953101158667,-2.6172122223802847,-5.6251520014646825
1251,1251,-1.6172671711052988,-1.9842003614513937,-2.7906204466472415,-2.859527097780809,-2.096730867044375,-0.9699043110302538,-1.533723311202989,-1.877313374824471,-2.072215524495423,-1.9362114253777494,-1.302757146958486,-1.3014434628226166,-1.9132064100880362,-1.9070319673038405,-2.281975833548231,-2.9218274354702793,-1.8042261785171367,-1.5826059215026116
1252,1252,-1.3078603215955102,-1.883097439909641,-2.807098962361805,-2.5050162509259817,-3.1353648968809233,-1.4598925498786879,-1.2291824925182189,-1.655912377698736,-2.1760527520379447,-1.7925182999448663,-1.3795131207430866,-0.9789464602429813,-1.8906974945120125,-1.6676234693593366,-2.1932077364906575,-2.872057228494003,-1.802502304046313,-1.3273775281974072
1253,1253,-1.6274988289935912,-2.1837501174235,-2.826965443369566,-2.714122238423815,-2.3017133385580397,-1.6279842399468905,-1.2604048447102845,-1.7243802995359996,-2.263407510488813,-1.755908589096002,-1.3662388898383486,-1.2403096033667964,-1.9483026052615524,-1.9523561678702228,-2.26143076647551,-2.9224398192916965,-1.7719670906718532,-1.4585500365721986
1254,1254,-1.4841912202624812,-2.0649510007792884,-2.824506371720325,-2.630840536914236,-2.125191138405117,-1.363368848628899,-1.2365799344323933,-1.7788826028964269,-2.1420125515804296,-1.7543945537580354,-1.2956190332410344,-0.9031857271766573,-1.9409795850877125,-1.841906637168589,-2.506962044292474,-2.9191617665308267,-1.8758734403108976,-1.377808121571244
1256,1256,-1.0983002865128892,-1.4117116221120019,-2.3808656320759676,-1.7885258156996318,-0.6960669422981286,-0.8128934708169072,-0.6958925273426508,-1.5877575440974945,-1.4220491223114409,-1.4504423974219132,-0.9421084305628009,-0.7262743806790167,-1.5548843376755357,-1.1799056044555314,-1.6290263482453415,-2.442240370285032,-1.1474334170245215,-1.0485855061258167
1257,1257,-2.442729171612988,-2.6774405665385026,-2.3222599954857657,-1.8074631113961959,-0.9324456575736022,-0.9667382134003717,-0.6900356078440333,-2.4502063579768434,-0.9251369727780292,-1.7634917701220352,-0.9196290712349767,-0.7108211125565173,-2.184107495682944,-1.1135216810042496,-1.8576590248897105,-2.5753456964550265,-1.5840785690031407,-1.91209831286223
1261,1261,-1.615740399643974,-3.3134323908270282,-2.320136450394966,-1.9911506360137667,-0.6101085022360851,-0.9036214447111667,-2.624479225507897,-2.257409383494588,-1.2871170616006005,-1.8183196893404132,-1.2639437923055084,-1.1080834332822906,-2.0126689163423706,-1.7313453271489592,-1.7940485441811174,-2.5833749918673137,-1.4978691977048002,-2.1218017080322302
1262,1262,-0.4305777968799741,-1.7083113902641405,-1.6280369030954538,-1.1470637321135901,-0.10262818332501222,-0.7259164723919411,-0.4069409936880774,-1.1251914262930185,-0.5825085966372684,-1.1736244318796032,-1.297225497292367,-0.922418262330126,-1.5002755266687755,-0.8418556974311227,-1.5564419282481852,-1.708064613816393,-0.8379393225506541,-0.8298933555122332
1264,1264,-0.439971688661683,-1.494405353152323,-2.5149444841478754,-1.1718737462662197,-0.10610695397246893,-0.7263225273502872,-0.3189256521670953,-0.9716840588292753,-0.6201974697154118,-1.1749834145879083,-1.9462734372058512,-0.6105216536989376,-1.6816219817272944,-0.8336074191685158,-1.1689972932961479,-1.675882993825747,-0.8411910848957724,-0.9344277227074358
1266,1266,-0.919647668787621,-0.9302264840830862,-1.3221080000555598,-1.154800998242254,-0.5491047507684108,-1.15165096702479,-0.3093590533359253,-0.9413279588478701,-0.45620654946417616,-1.1459798548463063,-0.6269341049606166,-1.641103344018011,-0.8582270234890815,-0.8558408893561731,-1.2503407080261923,-1.717368299442494,-0.9630458601674405,-0.8155311409477137
1267,1267,-2.155387399391614,-0.9502071847722039,-1.3108884361898965,-1.1136222602212367,-0.06984950963788163,-0.6893331117958269,-0.4470544391636446,-1.0014984290909004,-0.2974619395231896,-1.2677973044382689,-1.514774242177055,-0.6018556695931523,-1.0399561277015925,-0.8123063731416637,-1.1927286998893145,-1.6503821187209047,-0.8128751888609002,-1.2211212941342366
1268,1268,-3.2207039912361797,-0.9671094897544755,-1.31166378848394,-1.1060273399024911,-0.4013966797044758,-0.8094569354571826,-0.5386433987722876,-1.8227931821295016,-0.37269213643200433,-1.4501316668721616,-1.3704493708553511,-0.5505009893797057,-0.9705778449952671,-0.8082505550656846,-1.1426308738537105,-1.671080267830715,-0.8393743270641245,-0.8291971373834727
1269,1269,-1.173669705683817,-0.9520337663891925,-1.3421071865045693,-1.0999788106942612,-0.09392760702176403,-0.7680221263985045,-0.28568370425844514,-1.0498831589797712,-0.8954487602759749,-1.4574418545719272,-0.82584549385888,-0.9653054372563619,-0.9497228966313941,-0.9108285552929214,-1.2449759684956825,-1.6629801912617528,-0.9388116226646663,-0.8458693894248254
1271,1271,-1.6530541883198457,-2.1098825234765513,-2.676619146714598,-2.177437544587237,-0.3768957021267635,-1.8721430615312369,-0.8078491924428529,-2.021979800550116,-0.8318375703185704,-3.36006474619239,-1.8542830496625378,-3.5617849213992154,-1.644161595015476,-1.942825821961652,-2.1517054295938176,-3.3186408877038405,-1.52125189648409,-1.7414970273852357
1272,1272,-0.3149121031876517,-0.8891844905425914,-1.311830513724096,-1.3118540243001418,-0.02900477576709942,-0.6806864711401837,-0.8915781074936335,-0.9396202795476414,-1.0250361519801188,-1.0929876441736606,-0.5332735178239757,-0.529181309004345,-0.7687816135219807,-0.7565255748455715,-1.1557436767233609,-1.555468056963715,-1.0959535647419179,-0.7806435651109873
1273,1273,-2.2814693975919775,-1.073083437775218,-1.2682557662167904,-1.016934684252582,-1.0789313487551118,-1.4357907859850791,-0.2309852731816828,-1.5039537668856355,-1.4166761513736197,-1.2794265735929289,-1.4830219956419202,-0.8950945789385356,-1.2173911173803171,-1.4794622654745082,-1.0488986852646096,-1.5471500787921904,-0.7526720035659605,-1.536322317982198
1275,1275,-1.476975099695927,-1.7187786356950505,-2.989258761829252,-2.814125521163776,-1.5058041838386393,-1.3410134416896016,-1.4949009835297802,-2.3847028845546454,-2.487593938719433,-2.1901831913761884,-1.4547018377374688,-1.4042807866867086,-1.8207748823461847,-1.8958879128799473,-2.857939768779176,-3.5823886296427965,-2.1155231823365357,-1.54280861591588
1276,1276,-1.5133931851965317,-1.7227501366732232,-3.008115568089942,-2.8144716197880446,-1.3473856490156801,-1.5803549669085226,-1.4499108294783694,-2.5827964229388947,-2.4392073212171246,-1.9743813985317746,-1.5437768419459557,-1.514366171722732,-1.8134550562312861,-1.7471237178836103,-2.8161762727545536,-3.587034009988301,-2.103622409747957,-1.521020975562375
1278,1278,-1.1521224403381138,-1.5724144737359464,-2.6728732909478548,-2.55330380538004,-0.701474570177709,-2.6646952843007883,-1.4837529338807123,-2.4789255731762956,-2.679892660429458,-2.0109005483791877,-1.3054097904829012,-2.235484468005082,-1.4948386619600575,-1.4239260291504507,-3.0869912327803863,-4.017993316534653,-2.0018732696998,-1.386036322243899
1279,1279,-1.174459464861118,-1.6152742001970293,-2.7460182779305287,-2.453774553621165,-0.7445340965170593,-1.6063776028417862,-1.2330299681805512,-2.0405925169131107,-2.258919258414141,-1.7743214897888124,-1.2921023132023746,-1.9838810135794727,-1.50113978910069,-1.5300654135501008,-2.7103767440225988,-4.1087812347765915,-2.1353795485900178,-1.3289912349250024
1280,1280,-1.1747146664969146,-1.4600131342999272,-2.7020160166237623,-2.4656573527470353,-0.6697187083291123,-2.2700596912031923,-1.8736298893649566,-2.8612808227429314,-2.7145754103883766,-2.0204806944347724,-1.194615342420482,-2.0426593353172526,-1.52737736777159,-1.464799918369868,-2.8391978369822364,-3.981964388600752,-2.1464125433834673,-1.3667038503721545
1281,1281,-0.8112956515432364,-0.9981231050774939,-1.4179671648910153,-1.221811127877189,-0.2903806747167426,-0.7118072469209628,-0.40073676125703983,-1.0245668900469247,-1.0361130947279569,-1.2044327893651046,-0.830661218215327,-0.6906043686316198,-0.9773040271564232,-0.860641362749774,-1.211261696927362,-1.7721519500493583,-0.9059895268235728,-0.8712373582101648
1282,1282,-0.5838783388051058,-1.036353174423401,-1.415174960624326,-1.2374002594286624,-0.1556498537582499,-0.728191822710642,-0.5163817889239661,-2.3140368342153685,-0.6073516541971694,-1.2384219840808595,-0.659489248740793,-0.6352283033099269,-0.8944823051146628,-0.9123249184754958,-1.1988879825263352,-1.7281384734459007,-0.8686786437224341,-0.9340942371737213
1283,1283,-1.3021447174737433,-1.0024118280810312,-1.4116516346677905,-1.2119547526095793,-0.30650962264195436,-0.7150188588700535,-0.9486268233691191,-1.5986822770234626,-0.5274941177785246,-1.1757367724524277,-0.7765203994761622,-0.6029154516508294,-0.9073731150354083,-0.8606812301413589,-1.2026623199317177,-1.7217268547699707,-0.8584342186975167,-0.8458052130500544
1284,1284,-1.1143539166360517,-1.3323100138578017,-2.198908933360126,-2.000077538203179,-0.7441993376610696,-0.8554525677184979,-0.8361707663108651,-1.4542915973561548,-1.997473823982859,-1.4974955859404744,-1.062826325246514,-1.1245182826719013,-1.3452775785046058,-1.2856319883348553,-1.9263728607456903,-2.606580997192561,-1.413484139024082,-1.3586390877041683
1285,1285,-0.9261348402357866,-1.335690481871885,-2.2325725738315656,-1.9262937484031764,-1.015560409450099,-1.0189495592664284,-0.8477437772977244,-2.4837003452284767,-2.004416064015652,-1.473947155673827,-1.6117689986989352,-0.871112095329481,-1.352260109424252,-1.4968025273797365,-1.8076219419391648,-2.546208546044452,-1.3885989570429764,-1.1458722036900806
1286,1286,-1.1637510584109545,-1.3401891334445466,-2.2334947217854655,-2.027481445469558,-0.6252320874954392,-0.8802080410036532,-0.8675205370865359,-1.5389742500824748,-2.4038570173888854,-1.5532492702247158,-1.202029399017908,-0.8200252464908406,-1.3350509654935838,-1.287439644185843,-1.8330267202578847,-2.646095986083625,-1.6703127230937425,-1.2134771071496335
1287,1287,-1.0231028282973393,-1.367612914406324,-2.2348143820679844,-1.9531069804873176,-1.331401401400941,-0.8968960930267813,-0.904127374460213,-3.009834626842169,-1.9446130928596996,-1.5389141799161674,-1.3608432370804036,-0.8747679695870977,-1.3383702242140498,-1.4031407823674154,-1.9331271597784947,-2.6507875963558165,-1.382284360681779,-1.1065621725914174
1288,1288,-1.27055073636035,-1.6532648646904007,-2.3760442093566505,-2.004666998329778,-1.5409736259935887,-0.9847412492447891,-1.0327667024728593,-2.311376011109598,-2.9920366108726126,-1.6322871209952665,-1.596893288830907,-0.8156196929409737,-1.4989406639094236,-1.3304352912025934,-2.2775931984496363,-3.1422993626477993,-1.438207204936639,-1.2476636705760935
1289,1289,-1.598591871778114,-1.5496149661837264,-2.425676589714111,-2.0406244396368893,-2.0728685267719946,-0.9613588700611011,-1.1239108212834192,-2.0109188393452304,-2.92632264907272,-1.6898389369002358,-1.4935429357705725,-0.8195051848618258,-1.5166207279666417,-1.280717450128573,-2.1886662786743427,-3.211981011585726,-1.4751859968424952,-1.1834651707390824
1290,1290,-1.3974248351810714,-1.5241599747519095,-2.4262128560470386,-2.059093010723398,-1.147315209438948,-0.9594602131660229,-0.9444118342698749,-1.8170518373861848,-2.693060283683355,-1.5931103402706703,-1.579791069896277,-0.8181592353986092,-1.4757171220133711,-1.4146134533442154,-2.2024003988850027,-3.1094108133772016,-1.4241652552351995,-1.271238681836334
1291,1291,-1.1370079459033013,-1.5448405375900807,-2.3990394313178154,-2.118365121863652,-0.9440081100661161,-1.5303476289014692,-0.9472829737038456,-1.9297418972706475,-2.146176312195683,-1.6627543875380952,-1.5809667898118565,-0.8275829006181438,-1.4418716432309087,-1.6260677905931877,-2.041590708150201,-3.257944587248465,-1.6674266211409625,-1.3067034497670131
1292,1292,-1.021678350971334,-1.2561663371901144,-2.0962977385798713,-1.874646409263862,-0.6597430702172391,-0.8849928696231381,-0.8962504491080328,-1.2645868050741242,-2.2682770925328795,-1.4193875682221482,-1.003243182931981,-0.7379692151621872,-1.2523581149131697,-1.174196225213093,-1.8701522649281808,-2.5200863058273475,-1.1465718090811527,-1.0557807890469895
1293,1293,-0.836836031918818,-1.237090480599162,-2.1494400724342255,-1.8559144653674708,-0.44969390063086156,-0.8242100328771734,-0.9935511218402415,-1.527445760585138,-1.5806587845577824,-1.5716651082402895,-0.9409780784543111,-1.0154876583418853,-1.2618103283658362,-1.4064260727347695,-1.9216275407210173,-2.779066670941212,-1.4668379817784771,-1.0854637983849922
1294,1294,0.6808602066581626,-0.8287858601296749,-0.41102001604512417,-0.24634254818256276,0.16618174601244903,0.9608902976387146,0.7973976499055239,1.054904333173654,-0.5147045023114836,0.6374745127241266,0.3902104801065829,-0.09500287625534304,1.2242669490624916,0.5302075067845913,-0.40208733945433495,-0.9361633181706874,0.06808775141517298,0.8262888820215217
1295,1295,-1.2603622376652723,-0.3919298784449613,-1.1187381270238916,-0.43215009157127565,0.08702168897664558,-1.4848926362724653,-1.338943084963477,0.21232036926599696,-2.2481091961170527,-2.3713669124568257,-0.23106470603678586,-0.5690634073383829,0.9792363044993033,0.4647159723730245,-1.3818581482545977,-1.9465681019012329,-0.13924491969014205,-0.1283424673128154
1296,1296,-3.388831692393144,-0.3711795759178401,-1.3644291671641546,-0.4337610655541819,0.20770291541182667,-2.0697484238462924,-2.8961343705174967,0.45021316015269974,-2.5562235124898804,-1.8561875907324936,-0.18762735030575617,-0.5601420668917104,-0.10614534750079274,0.47462444987712926,-1.8758678751522488,-2.2963674668945595,-0.08555434937499512,0.629756070535787
1297,1297,0.902083907121283,0.4900060665771417,-0.23124384985857455,-0.1911571795415083,0.23054362453693483,-2.085455906423781,0.8247683379937538,0.8803933782163342,0.23361005371605104,-0.5149061669481767,0.9394795127726894,-0.12998837925268808,1.2484236129604038,0.5629321182154436,-0.2784243083636442,-0.785359954405205,0.17429843638706236,0.5870554506857617
1298,1298,0.21389496809672737,0.09065775983727609,-0.41774509831809936,-0.24485476481751547,0.29219046960233697,0.3568562822217659,0.5297831358671319,0.6588353489728106,-0.9754706233900055,-0.3594250455867942,0.7636257042285315,-0.1298569458670696,1.0774250308502689,0.5185051670147461,-0.6679306690033016,-1.1775983729951889,0.14091531990947334,0.4529101587299043
1299,1299,0.5947738121555566,-1.1398678667218896,-0.06411007586858548,0.05870659648726164,-0.924599532015163,-0.4476438053789451,0.332643311108617,1.3951981019105968,-0.2561843156291771,0.3544584648074601,0.15566874924644974,-0.531687003589412,0.7105743334540748,0.2925411605833314,-0.3045617076309491,-0.670576349732427,0.25924159259151464,0.44308098896376014
1300,1300,0.15522714358961887,-0.09203285705852315,-1.5664150724049408,-1.6202733619952332,-3.0553070024806672,-1.0476054845127696,0.3385426772224955,0.10196830257709943,-1.4689522261708836,0.6828408330706037,-0.09571585574104352,-0.7115476605481021,-0.6368967476356087,0.031557491434666185,-0.6430802703601475,-1.8009002283021909,-0.5740381667045309,0.5629831487793477
1301,1301,0.6771068718573495,0.5998949610515232,-0.1836380311764346,0.015737505189394208,-0.7260801659919147,-0.013680547335406246,0.5030722709082179,1.3808384727892085,-1.081879523003137,0.7704350211689285,-0.05164592337374185,-0.6221083203946487,0.9571860930472865,0.3245021960081984,-0.2706032133433577,-1.068535847439706,0.21670107075390035,0.5748966694000952
1304,1304,0.32917521226727275,0.6273888001610529,-0.9937112266551424,-0.7001670222574488,-0.626661589831579,0.6946956337029607,0.2552097653852192,1.3869211604366978,-1.2337894560930665,0.7016144781111515,-0.194822026639054,-0.40761333091796625,0.7777918725942377,0.28241216227512,-0.5495172179202392,-1.9815615602643448,-0.11526870525442001,0.6065278899096845
1306,1306,0.16451819585798166,-1.0008840818137945,-0.32844316404802354,-0.3244388729777335,0.15464510118339947,0.06040395620042649,0.549783850418531,1.5249476393103345,-0.06201141318879999,0.049339010696789254,0.40679582578464724,-0.5162484437336439,0.5937314225798688,0.3434878630027653,-0.28479515460172755,-0.745949431478928,0.22238220886933607,0.648767320719029
1307,1307,0.6200449283686286,0.5309059180434266,-0.2732612745140644,0.012489646624440277,0.1101344981706246,0.7570300666651687,0.4447532435612085,1.5506851940717188,-0.22270488557160983,0.24530747236827632,0.0973488805821664,-0.321685638349278,0.9039505026575925,0.2861309900189178,-0.30945561109478353,-1.2683644387627275,0.2502533047333421,0.638155600662859
1309,1309,0.4187381886519013,-0.002865866518172465,-0.5515029674118572,-0.13972129862452304,0.1505305212526395,0.2654673501268724,0.26094094090012077,1.1863879510612834,-0.13416267109325802,0.6331407798532049,0.5791524273443411,0.22298674038458735,0.5967885134922637,1.8903724914540958,-0.3271219146515473,-1.3899106627819617,0.9398648065354128,1.3636477222985235
1310,1310,0.4902960006201191,-0.028918541657564183,-0.5692367359524569,-0.15064502610245042,0.11339515173518466,0.2508437850557142,0.1873527007649266,0.8802721755800998,0.064245916150981,0.6050441035896748,0.8274444974321684,0.19753459894890968,0.5710492042000898,1.7504065359450365,-0.3850903191083032,-1.4312831613522414,0.48124221012447743,1.6080747280552357
1311,1311,0.5192672925690507,-0.21655335727003408,-0.5256421987690457,-0.25502790122915003,-0.15625596202299497,0.1990997999437737,0.25737170525629943,1.171581041097816,0.0885834253737039,0.6309476633426758,0.6131823753215494,0.18735380324602174,0.6235892932564524,2.0506061758562346,-0.3193469097101469,-1.3821875627936306,0.9086818998927261,1.0528662940260902
1312,1312,0.08522719838695714,-0.18635639026181403,-0.7329995319150172,-0.49346819904568007,-0.2313467589359966,-0.05912067646174385,-0.10268277597134817,1.0726621897348256,-0.30246065113388954,0.3407602515014595,0.7214274869206532,-0.2070725372745787,0.27532931572853897,0.9614040006112965,-0.5415476090401947,-1.5512243266336134,0.667859687612774,1.5433930884948592
1313,1313,-0.18430073703301775,-0.3247640287719503,-0.9194897983011425,-0.5470663967143121,0.018232856693912218,0.1530480340093449,-0.038301934454159914,0.836036236467951,-0.31978037007693166,0.20258733446441252,0.11013679285731393,0.056071141841580574,0.5801421245554367,1.9972679079032334,-0.8141687706436752,-1.697372486075419,0.6000972442698738,1.569634195250895
1314,1314,0.2654099834648995,-0.15074594739598912,-0.9101140847043061,-0.4779113041097159,1.1469985669032092,-0.3519507226458414,0.11106904690991139,0.6743745812378722,0.014448446080255195,-0.19487593245690377,-0.11183139743404147,-0.6669541348084889,0.5220330662883893,-0.4041220534610589,-1.6497946383559678,-1.9171393873926874,-0.40896059426398856,0.3675157192557056
1315,1315,0.39153618358160314,0.025418710081208516,-0.3231813778753929,-0.36317493348113894,0.8707431641326268,0.6884473541889262,0.17725169691964265,0.9668170666806559,0.11788544226743171,-0.9215533370176696,0.15826137865343645,-0.0015540644471249976,0.8900530673028503,-0.1806737387232754,-0.8628221615665375,-2.2722398577700442,-0.2668425717858188,0.6570057120271201
1316,1316,0.31770458097233206,-0.2724520775647057,-0.6179002690681629,-0.24331642072635004,1.285635591265791,0.3170419588155346,0.009990875759627565,0.7482659952525459,0.39889007890731715,-0.09330149544843286,-0.26091255709337385,-0.5767493916092976,0.4702281045519132,-0.15789169979897616,-1.0403470224078626,-1.7492054782112971,0.05592022702099455,0.5136906610892861
1317,1317,0.2648601995478828,-0.2488741872329308,-1.087034147579462,-0.448884860957801,1.2619347298406403,0.1122660273703717,0.08254155486752743,0.4245940642693363,0.32442040227804536,-0.3294302133676474,-0.1455997233908423,-0.7430441774081628,0.5051978886617255,-0.35308870769359996,-1.5202851158615012,-2.10494066871389,-0.25332910883177145,0.012016590010795025
1319,1319,0.19115219812818163,-0.2786394786892646,-0.7215457879116338,-0.5372338618023205,1.2553889184019977,0.32967861312269964,-0.606218635010322,0.45297608992009114,0.3983798102568066,0.14562213056718726,-0.3043029051355221,-0.2877676527103367,0.5078511851708931,-0.19394556535764212,-1.0451755172056658,-1.5479957403448585,-0.3130149374963505,0.23902894327785623
1320,1320,0.3943847972465771,-0.025394748951760984,-0.3343545099327323,0.08270085049018094,1.1699298484502554,0.23840393327440323,0.2145371973757772,0.9454098288168948,-0.20779208549488848,0.31560351878842663,0.1322274482832004,-0.18641806642727812,0.846168077427174,0.15862947365480695,-0.7477427498261894,-2.0048708516505256,-0.16807597546875386,0.8215923491698297
1321,1321,0.009291836855587543,-0.6755029942270913,-0.7758245167918312,-0.6246414163298194,1.193324541187671,0.32741765281188573,-0.5472432963829399,0.6388634892180682,0.29852729976632186,0.08497600952367365,-0.32132817997170604,-0.4236119202967893,-0.023199640865724347,-0.5613792068268897,-0.8156187327969083,-1.4228503236910972,-0.2076116034729908,0.1958841993456687
1322,1322,0.31606420791868384,-0.5602658622943912,-0.7072441652999351,-0.4537965590148101,0.10783203493588434,-0.19623527286243336,-0.08762823019952914,0.7163915562774135,0.3852380387401726,-0.27135785135526325,-0.40672066950819735,-0.4914243191842274,0.4101797435406607,-0.5544575828789875,-1.3251748315542407,-1.7757114827381693,-0.1568167378996136,-0.3707697698789838
1323,1323,-0.1344341954871262,-0.7499455375830709,-0.8486183263444269,-0.6814331599642596,1.0361432077935215,0.32601595085955604,-0.855084430698582,0.5190345304357765,0.3556903183138392,0.0853742969947494,-0.3056325700127931,-0.3562589587139929,-0.07139743563490719,-0.6550426226812186,-0.9786252101856567,-1.3744340808519422,-0.11939990645348883,0.2692219879513405
1324,1324,0.001822614540787415,-0.41959735510023705,-1.7336501519517173,-1.4095949468052023,-0.4753035033825208,-0.2886546108374759,-0.028096866771277318,0.802248686667054,-0.0014542984600802722,-0.8314155658659819,-0.2632262112116575,-1.408860813971339,0.37966786232890815,-0.4047227609957661,-2.1997105514981268,-2.0660476349085557,-0.6541780099050687,-0.34117371805381014
1325,1325,0.21990550210477158,-0.4504385632941922,-0.753188374760845,-0.5347000968957321,0.8652719940300624,-0.1204187976363365,-0.21376959596449469,0.374238817982989,0.3134641555975731,-0.20860172069221866,-0.29729198329604317,-0.7945156868986816,0.4692692485234462,-0.308133106790873,-1.0909673001803406,-1.5701912862390137,-0.1484868672018462,0.4933647117268069
1327,1327,-0.49829255985265675,-0.5664856281486994,0.03889882711882211,-0.14654385245467788,0.8238935494466217,0.3501266560203681,-1.2197063366469183,0.7631577790966657,0.05352212861778158,0.07488095232033548,0.05463918489734684,-0.0559257503501209,0.2007725662561265,0.09096935516326002,-0.21232650094213576,-0.812204725495925,-0.5163912884581131,0.8022117554079576
1328,1328,0.3993240181253406,-0.26740068733164374,-0.22304246297715014,-0.4302229426907671,0.8701646418293282,0.6918091692367194,0.10663077906705794,0.9905785924709062,0.1079438211634623,0.3483663945272523,0.15639945545158623,0.04162311572556205,0.861588477235591,0.2694798410106156,-0.3112644059528925,-1.3576291453052818,-0.16772540075896114,0.7497390969131228
1329,1329,0.45943294434760823,-0.10079392645333335,-0.002931561152234509,0.10870958354165568,1.1471734165260496,0.6858752600965757,0.05510244942193872,0.9624073987288129,0.039693998335670506,-0.26660983746749933,0.11230151781724051,0.03324087814663599,0.7315432447681649,0.21202687450611124,-0.2241887973826432,-0.9764839644106271,-0.0257436023784281,0.7973041142610647
1331,1331,0.3750057125704642,-0.060674014028864715,-0.21655246661850708,0.11975032446541806,1.077332488046869,0.6877140289930513,0.1963747046340085,1.0305350303390672,0.03087027043187225,-0.05294151499597616,0.17078826885502477,0.00826750585364952,0.7571018384513474,0.2737277264456873,-0.5197824167143841,-1.349787641845689,-0.10977888910664879,0.5983058540414515
1332,1332,-0.074061579844166,-0.20679099750537,-0.6530173027196675,-0.40531508366119373,0.7929871953157459,0.29233160256905605,-0.3133508543263966,0.14050640609096265,0.21083918051387113,0.07323358946466192,-0.23358847771936753,-0.2370919811894251,0.4027870528706466,-0.04613609603333001,-0.7285814378910828,-1.2982383069011931,-0.17502291654801555,0.48913528040741516
1333,1333,-0.14983073393089996,-0.32102569833214745,-1.1990120000449884,-2.316529607102901,0.1577865428609838,0.2236166180804717,-0.4066328353812511,0.4229917430992694,0.11642220013003556,-0.0075256925923313026,-0.3911138382840678,-0.25915474637594665,0.24219117205344393,-0.07377936297177573,-0.8942230712894739,-1.5456504746844177,-1.8650520473469774,0.29797727530832474
1334,1334,0.15379830245554574,-0.459786997240618,-0.7536520845877581,-0.1591766382203938,0.8134327454202581,-0.35197531745641863,-0.7349197755727459,0.7115365521864752,0.4055077110759803,0.11393894809653289,-0.14720596896447688,-0.5017099029238685,0.2656999379795089,-0.3500301125841773,-1.001776189358691,-1.5884120362694116,-0.00061475349606821,0.149136496119062
1335,1335,0.10591793609369002,-0.23624301686500832,-0.9548540182093281,-2.2776548621802037,1.158337550417585,-0.3765036965022778,-0.11554798322460011,0.300347899969182,0.07492755607819201,0.050198050336996876,-0.20813982271816042,-0.20258743010081565,0.1409241898007188,-0.8969680766188459,-0.7665412192380701,-1.334836533560645,-0.5247110775200972,-0.1540368041640725
1336,1336,-0.1484972831783678,-0.1862578330570053,-0.5024238632278213,-0.20337501650715117,0.46109096645558567,0.24816243187700326,0.08574165134373521,0.48159631705010075,-0.8463577225480423,-1.0609443576079338,-0.28830379870300415,-0.3971325519543108,0.5069269780620231,0.041796218412201894,-1.066638642281824,-1.7351211886004068,0.09502088436835673,0.5534910714774856
1337,1337,-1.3435259412335994,-0.7114387698116003,-0.7340994453908309,-0.29229293815175644,0.9394421982192446,0.11036573800323865,-1.4578718565689215,0.6825000116404917,-0.8098588990736653,-0.06334339020365268,-0.5870136666586261,-0.48435890004919774,-0.6852011861312801,-0.3220437022985503,-0.7863788254348272,-1.4041961138558432,0.0016985841997415674,0.47960652779796165
1338,1338,0.16647193382974668,-0.22794771588916307,-1.1098094004593493,-3.1880748628170585,1.177211362494984,-0.10643997486446549,-0.08242845361772111,-1.1445466060262186,0.04074809809771268,0.07177425652249744,-0.22805690786605703,-0.2671080388624979,0.32938273885828384,-0.9583281100878424,-0.7465788023584937,-1.3234463669247234,-1.8032405873869566,0.27549088509244446
1339,1339,0.35197201551008606,-0.41953959393485646,-1.4689541932894903,-1.0127723805892423,1.2059938478164394,-0.7112715417826978,-0.19081369587314373,0.31760272146103463,0.2568623022647518,-0.6598197437783524,-0.24877990167273728,-1.145515307164826,0.19326093570903258,-0.8010409810086347,-1.712078343520926,-2.2439461393391884,-0.6908863266248199,-0.11268817058849045
1340,1340,-0.7842996445754886,-0.1656073639130793,0.016058293620774204,0.11771689419469754,0.9586058064901084,0.6164127248192754,0.16843202620242007,0.9982117656224428,-0.005728528045695527,-0.06963581448369488,0.07967214429977632,-0.17126679763043592,0.522175847999695,0.19959138076791272,-0.2893107124354285,-1.3269393225165071,0.2254925011122711,0.710198046481721
1344,1344,-0.5251194014466207,-0.3224812753231403,-0.8843842815691842,-1.8967723936237135,0.6684154480178296,-1.0488535736967817,-1.0402932675350154,0.7906607602192379,-0.09964883658878645,0.30261212274955684,0.06330187549407595,-0.22645956982624257,0.5286387909185954,0.09245357910323135,-0.6727036911268245,-1.253646071594541,-0.04026196735324605,0.6458905093511819
1346,1346,0.3214482466367067,-0.08180096287461347,-0.6915595948234544,-0.08838469202554938,1.1535527710737268,0.3790493507805187,0.18010738800863305,0.7621662102275996,-0.007677463393528677,-0.7776658696999872,0.07719950721332376,-0.10971431226230066,0.824690036145834,0.06431794832186757,-1.2030411787928639,-2.637499661165267,-0.9412740979320202,0.7988710290131051
1347,1347,0.47248448885036304,0.008822646837619345,0.06345070562195188,-0.09561965368828407,0.2587670278584462,0.1552374272110647,0.20257685493987881,0.9233190553009867,0.026463110922275962,-0.28405498043377886,0.14435916048522707,-0.109196361757979,0.7435911354655347,0.10595132091717371,-0.4934373030293306,-1.4140046537515356,0.22421607179990666,0.7787770400999786
1348,1348,0.08484571420495679,-0.45475731686773485,-1.0759926909468325,-0.6111065017558108,1.2939528838192182,0.08586016044792696,-0.5638128654946373,0.4873339950452578,0.4399735641774511,-0.07787671257298961,-0.21347566985834912,-0.5267231827796481,-0.020744936751250553,-0.9616326107742923,-1.201054025888498,-1.694077129996066,-0.49818636590737486,0.3643107315033933
1349,1349,-0.8998447087555355,-0.9334884700695305,-0.8378868448715282,-0.856164804880723,1.1299448847496474,0.22975337965644232,-1.467032115769189,0.0881257161437049,0.15638618275535385,-0.009815282699399325,-0.4973118927754262,-0.45993285328999806,-0.4048121346147645,-1.0031677344256646,-0.9615923442442125,-1.352160011209522,-0.468831924570545,0.13403128032683043
1350,1350,0.34280555157577064,-0.3778129804326478,-0.9700733249759175,-0.9459834967755112,1.2794052957845459,-0.30617505278575674,-0.03901257979081324,0.5682446338306818,0.37361161330845394,-0.21512580549913313,-0.24524656938872924,-0.48878485605770644,0.41613251160033937,-0.47652432443528303,-1.0807994949514368,-1.8296005989974895,-0.307649762371547,0.3334746169058791
1352,1352,0.9611412217242704,0.13385798893966339,-0.5037324361547747,-1.967335908055834,0.061144632837685065,0.75899895205063,0.7741514377478975,0.228201591127413,0.14894623076069535,0.21023437542655177,0.881296757879226,0.06103686833051948,1.054342140862441,0.4294811116138905,-1.1258083093773688,-3.5088027992573614,-2.8568187923210884,0.6617309196529242
1353,1353,0.8931049958919858,-0.2050416947245154,-1.5229129621101505,-1.9664235548741125,0.011381926753704863,-0.03762643672537891,0.6188107064231443,-0.22363763818613747,0.7207286409506954,-0.09228680288961999,0.48248119611650436,-0.8996333140610946,0.583997483930391,-0.7219987062775879,-1.861326687317416,-2.9224553488341494,-2.3986998934029415,-0.10430712430402522
1354,1354,-0.09943977528884074,0.16537227444090058,-0.79959621436367,-1.472732472940009,0.1309450291908969,0.3400795990472717,-0.16196191154615724,0.22942817025294293,0.4113692364577841,0.16611153153018632,0.015262754039286786,0.042300674618152054,1.0679867205128561,0.5721633371558285,-0.6165927630432405,-3.4315118113636696,-2.1594589158510082,0.6867871056865265
1355,1355,0.7851951340230152,0.011028229168682055,-2.1040211089542296,-2.4055842322645082,0.2955312414858375,-0.45125434508174067,0.8150116318151854,-0.36777387626325964,-0.16371495690526539,-0.06981016794683115,0.6904514931016185,-0.28474949150017825,0.7743093586293865,0.14612435608625474,-1.909141509313865,-3.4459469035752313,-2.4895782496525225,0.22442166079466863
1356,1356,0.6217335701613362,0.012176177821430594,-1.6064802093773176,-2.161265700358291,0.30158126100353755,0.21317537089849242,0.6588507612060518,0.12299941387225133,-0.5710144365425527,0.1628058719358767,0.7640437023424816,-0.49039592824318945,0.7576600766659721,0.06482541017368637,-1.771535077795379,-3.2099659968935867,-2.166042857236092,0.3120284955985597
1357,1357,0.9291399287434713,-0.021735750901054313,-1.2102761462993188,-2.2382681578015715,0.16164888376444358,0.31843745659393985,0.9813741709578679,-0.0616576540193271,0.3558422407020454,0.21829127474285487,1.0018220606212165,0.05089286728614595,1.1068932140278558,0.12585144928940312,-1.44109990109976,-3.709266328022407,-2.9024302191125475,0.5158777809604694
1358,1358,1.029128461982239,0.14291057893836878,-0.7572332458966792,-1.6061906223892182,0.17728836636829565,0.7771434979735644,0.9511798544617026,0.05193862437080332,0.45515599216255154,0.15237667975762825,-0.7841103543131891,-0.0367081029488152,0.9307513238652184,0.5710349636032525,-0.7699760148796895,-3.177350750677605,-2.531353461961406,0.6248070114503621
1359,1359,0.9589137711994109,-0.05438939288663042,-0.1274861584323579,-0.9619755342571094,0.11411063102942393,0.7194894281976647,0.8481112375170069,0.5706559040166682,0.4353173048662384,0.47143774193378213,0.3725558456933332,-0.19866869005498083,0.9419739467504892,0.5642712412318196,-0.23250652137581038,-2.2298965096507177,-1.7060898360719639,0.8438739838499196
1362,1362,0.11357503471931396,-0.20407668353383265,-0.9247238290032763,-0.6669050528036234,0.02895880652891976,0.42885981272947493,-0.5263884913220593,0.562442926948394,0.08522046172825853,-0.1295666449927358,0.2366812277659172,-0.1818273061578308,0.5446249091161868,0.2791275231554944,-0.7823377448680879,-1.698674268504631,-0.5191748961316427,0.41671412068436775
1363,1363,0.6397148811750863,-0.02149171934149908,-0.7320263832233791,-1.0116911808268796,0.26554241896577285,0.46995979370859176,0.6986609910754842,0.5438556307807355,0.329861994406672,0.35565003822960567,-0.6337577968767305,-0.1937788341323988,0.4986584035791969,0.25614442570709667,-0.8914263696549871,-2.3568871246649534,-1.4779925510798395,0.4790204218057257
1364,1364,0.646416639719637,0.5551631210076969,-0.21322340907158635,0.07686942729992301,0.5246301407551336,0.38851714007891847,0.4409844043145228,-0.5881885403639258,0.2516724115159368,0.4588397131215691,0.15623940913678724,-1.7056072921311731,0.6025007754644945,0.38799190616700685,-0.7639356547033109,-1.006739622891357,0.5204096102791436,0.9560720047290872
1366,1366,0.3893980044776734,0.1919506945202502,-0.8708175298879859,-0.35748057265232075,-0.23319197160553462,-0.30212468535166953,0.24062688312699623,0.4999907765884749,0.5036049516147534,0.6879623745273507,-0.9843273741687217,-0.5952010040920587,0.38128124959990856,-0.3230209168024728,-0.9254504849142493,-1.3822930531714734,0.3640834043161077,0.37031988371727126
1367,1367,-0.8984623184585243,-0.11865264492625094,-0.948876498549369,-0.18737102409722278,0.6305690262543556,-0.07926809505807203,-0.5917052516468198,0.7090385773781696,-0.4098053880819983,0.611311805293321,-0.48163444455852633,-0.5076677133029524,0.5498570312711147,0.3919766067184993,-0.9331506807082773,-1.657160172569712,0.19193396444485616,-0.9024310052533302
1368,1368,0.17364263512348266,-0.08615948265974194,-0.8994659518570784,-0.32242671137852896,-0.1437471954759726,-0.2244613281335731,0.11588315702468255,0.8949454605149859,0.5422575587667093,0.47516952847459093,-0.5188664380071397,-0.5443401301382333,-0.0041107104574737985,-0.3429607085775134,-0.8600549678359384,-1.3786697212106171,0.33070820872047163,0.6174611533005023
1369,1369,-0.9858486718685235,0.3727742125430328,-1.0625723924493862,-0.32667856106295157,0.542493337033181,-0.09275754732582109,-0.8937476085667873,0.739975140948467,-0.50436150811799,0.42217864452135156,-1.8828676709470669,-0.6060494006216325,0.29855818766822184,0.2994419094376387,-0.8180432190339549,-1.7121085941690481,0.22552582442864408,0.4842649381814258
1370,1370,0.6915504569633713,0.12093650941046497,-0.21709106591582952,0.06056841210865692,0.4432843708738454,-0.02704476355658686,0.26815103073476193,1.1485232111011954,0.13989924172479432,-0.33310937915057903,0.24863449943361982,-1.5318320883163985,0.8431006158891708,-0.962338763366062,-0.7569303406969758,-1.0668128461732114,0.5246987503799005,0.4248446028907028
1371,1371,0.4552935807497605,0.5503922457336559,-0.9005840285701061,-0.300087655965096,0.17277228087498175,-0.48723129705284873,0.3565537372346055,0.5426982941103629,0.30793124268686684,-1.024343346409295,0.752088633680951,-0.46988948988947726,0.9645693025580595,0.44539081117102863,-0.8853510142211536,-1.5451084547467442,0.24188292963781155,0.5446968129470489
1372,1372,0.6432666748980582,0.18665919921413354,-0.8431890091332656,-0.4019141111760367,0.8502384555006809,0.031914412716886054,0.34493105452101697,0.96857388635849,0.5898271123013902,0.568010272629369,0.525626261489217,-0.3128720110047237,0.6380103607883696,0.3075833832218199,-0.8114694335195517,-1.3689406134233932,0.36479597302785255,0.6815677401778996
1373,1373,0.25733491645011874,-2.743071617147084,-0.9480239725393407,-0.524188543456293,-3.4480001454010845,-2.696172664190251,-1.380048861020011,-2.3641121255529507,-3.7167647782153415,0.6323350077308568,-1.0279014973017064,-0.7787530303554682,-4.776201866490456,-0.8634648222521053,-0.9156264417834384,-1.5264504255669429,0.0335051880879948,0.6440042544585793
1374,1374,-0.6266298959159924,-0.8734523691012879,-0.20835287534311991,-0.06340076575048517,0.4923878609061434,0.37053206051226445,-0.15534569598677817,1.0570904039361744,-0.016898989113385277,0.8606601757979319,0.05650501876469982,-0.08528061971734391,0.4376163937025358,0.223131566353866,-0.3814240754759022,-0.9987829242226095,0.48628398385553345,0.9210408350371595
1378,1378,-0.11254439716018183,-0.12433345359626136,-0.7951584372571314,-0.3635257602050783,0.8761597365996535,0.03260860937348746,0.300266862731852,0.9668042993646491,0.5775577436966933,0.6315694908602728,-0.13515654624204243,-0.5090672508691959,0.19009906452822023,0.12996064265911111,-0.8439865839787428,-1.3582635421452023,0.35956653553384577,0.6571593925295292
1379,1379,-2.8561958775507517,-1.4072216049924122,-1.1779134337996973,-2.114743473733494,-0.21783757552777927,-0.18172877493107711,-0.8478836877977708,-1.0380429238042255,-0.09691904267976376,-0.08285799954475037,0.06585114364626032,-1.4904321767142823,-0.48650621011757456,-1.231247526991323,-1.1327294052452037,-1.8039106460380308,-3.122170041631646,-3.850288101782108
1380,1380,0.5542501804774105,0.17972867919086838,-0.8500850809185881,-0.24019832443099848,-0.04313870407214493,-0.1099557224636149,0.366733911495527,0.9615943410918111,0.5601051494897817,0.6765017743265664,-0.09537476542717338,-0.38377354055540924,0.6829127316484671,0.35673251659258665,-0.8164227324006279,-1.3754964466294637,0.3501126654989216,0.5135381591950339
1381,1381,0.6455176480474751,0.4501000103799615,-1.1905206573427418,-0.3875962414405495,0.7675170028647953,-0.20132492799406967,0.2673062127555895,0.8029617272216859,0.4105626651272245,0.575563565207731,0.5044356496714503,-0.39817545631026424,0.6189343783788909,0.20309334951578153,-1.0110551656095168,-1.7053247654608599,0.23796015276981705,0.615408526496165
1382,1382,0.8331427408318377,0.5861247172007046,-0.30910537059121,0.02436458595139604,0.6598315826918663,0.045974566990965915,0.4178625607910784,1.1850439739510905,0.20262067575254933,0.6653910316485507,0.7188496230856563,-0.11976080710688329,1.040501095066296,0.47764945067772907,-0.3830462209372056,-1.0577261606342006,0.3873119126050165,0.9766437181618725
1383,1383,0.4693164132211451,0.45128375025489653,-0.3774590227667681,0.07441343578959177,0.6038843527698057,0.29599991193312686,0.022430218152748815,1.1094007301960762,0.27011166103137346,0.7210442104703897,0.5663518768737912,-0.2668740247010944,0.8883000911079494,0.5381974139698152,-0.47491926045662375,-1.127193538212215,0.38420065753381316,0.9130397979287868
1384,1384,-1.278855907107331,-1.1261561683045633,-0.2160229081885975,0.05640652404420609,0.28371225811397993,0.2656634329674963,-0.6083240871111175,0.8289443756252709,-0.3326618386622461,0.8926289123780794,-0.811843695064721,-0.16624275821614404,-0.4504805613819458,-0.13221787545370067,-0.4012044461591112,-1.0771397698928307,0.51620902897011,0.8343103085652254
1385,1385,0.27258222985355585,0.5887332451361466,-0.3142937236156208,0.09968152507415287,0.6484325800941874,0.21436930610528918,0.15095563458163247,1.1160395228405329,0.20255609843042977,0.8044089682167627,0.6610733072759338,-0.22386668847414073,0.8684073679494635,0.0811205542259294,-0.4856003663394284,-1.277351320175669,0.3673716741676329,0.863436926922549
1386,1386,-3.82874431606239,-0.8389207121457867,-1.0661561854690438,-1.0146694955144229,0.8497180430643965,-0.04328566304021642,-1.197128162591308,0.6087063358224944,-1.6557296994843922,-2.9084630449253224,-0.1481697087819407,-0.6848478986684197,-0.05524334332306935,0.23044947239558905,-1.1417230478985787,-1.9951237278768699,-0.47072336011118454,0.3969745334189194
1387,1387,0.41794044730524027,-0.1173768824944652,-0.8715528652169096,-0.28597261682911923,0.8809057623145675,-0.0031402691922408216,0.34699583860704153,0.9659591188407884,0.4749107031359092,0.6853597968475278,0.5392232485178887,-0.2838009787878274,0.46658649613749004,-0.06449362450300161,-0.8513331594067589,-1.3726250673720335,0.32393669180053214,0.6615118677411801
1388,1388,0.6374314860942629,0.3841732746807883,-0.8670514960808734,-0.3807565274268464,-0.16660982571642025,-0.30803425654864247,0.2781956102564004,0.8187218272596483,0.35368006494621884,0.5495676865922168,0.07165045173128909,-1.153205827820245,0.5426452613645224,0.2503662526669281,-1.0112588796440463,-1.5770112508686185,-0.12089488961558831,0.5564814485553573
1389,1389,0.5541794967861431,0.20603298821610677,-0.970289686525317,-0.534854215792354,0.7277888837279212,-0.20673227856257634,0.37472860451768636,0.9249956540534983,0.4707461627459527,0.6944754950339348,0.21981081969812588,-0.440627903901742,0.41931579319916534,-0.1730959266819888,-0.9361880615419986,-1.4100870004513224,0.36503461558272887,0.6049248773598961
1391,1391,0.30350993650605906,0.06824363883756385,-0.8581627228872243,-0.28157494189657584,-0.06843447683976356,-0.23648806237092773,-0.005811725311600235,0.7487494137043327,0.4611356730005084,0.6505296434460424,-0.5031860158004382,-0.6584150407634661,0.5679258054087482,0.01622228796276365,-0.9112419332332369,-1.368853396786478,0.2822661383359484,0.3011366894814193
1393,1393,-0.09465008526567653,0.22506198811505457,-0.7985366577560558,-0.31105461640453275,0.9621720428198437,0.021617027856698234,0.18055491616472616,0.9723724663083985,0.14341692085959096,0.6639140803586344,0.5072324905026769,-0.27131080141877284,0.36405710296690574,-0.02955225305410858,-0.8053560685126905,-1.3662904748080653,0.14576710778936117,0.6878829510970292
1394,1394,0.7275107392657856,0.44868400288204524,-1.1574268104033347,-0.5242560915844279,0.563740667023811,-0.2163520214587042,0.31486197941619204,0.8713532943435466,0.49102877738394973,0.2534940003732855,-0.22763083480657975,-0.6184772027026262,0.4978707705810854,-0.3321130260973145,-1.1390016120797546,-1.6717612901323435,0.18496517053455364,0.6012200872466137
1396,1396,0.18806596397308473,0.4690361791941037,-0.2853371823115797,0.09950725507084028,0.3309490083708952,0.3184729627846064,0.1275619037880572,1.1493075692840604,-0.400075846682045,0.49871822461449106,0.6202878724173647,-0.22146580615677305,0.7454865790288163,0.5510089865117895,-0.5651676400503503,-1.2617748770798625,0.324449430218392,0.4930086895443757
1397,1397,0.227526478650384,-0.0655721095005295,-0.22314307622436652,0.0412911935491923,0.8073816864438759,0.37234285583182786,0.060196116678756906,1.1941036621499708,0.0810483398085427,0.8985687707561456,0.2510374111562348,-0.07761351100673519,0.3394184761835133,0.16647100562318584,-0.3695717716778221,-0.9674292454604665,0.538790265856082,0.9681922690596337
1398,1398,0.7455887373217457,-0.731459299956011,-0.7054148441193879,-1.1514625907441862,-0.5169624735923046,-3.9044709512924403,0.36171032612705434,-4.8413851446318095,0.05153726681667452,-0.12169124514649421,-8.132708099853767,-7.073836799457413,-3.5298718151951802,-2.2910281084884616,-2.7228976625717896,-1.5150352932650677,-0.7921520136365603,-1.6333872816197887
1399,1399,0.7731816705822636,0.060379551425576716,-0.20906762648901284,0.05004648433014371,0.7453131522495176,0.34437261497542954,0.2684238029923157,0.9843024718015904,0.2286339371625758,0.902866578794384,0.38667883665688035,-0.08399953922242266,0.8311027565152521,0.4595157868713567,-0.3666393890037438,-0.9636335965430842,0.46066949546370817,0.902117539841147
1400,1400,0.8411380616632439,0.3644151375099008,-0.22189196706822314,0.005072379925517262,0.6166871721891263,0.1889550068513947,0.48078670887964015,1.0835903225662946,0.2430234458183278,0.43550530985418745,0.6950905917511063,-0.23739556970985137,0.8753306897696113,0.5011637533629755,-0.4735351344591983,-1.1231285758935923,0.3824812584153912,0.6161067132367515
1401,1401,0.6262453881221149,0.09093636319901843,-0.1812055226061897,0.09300127179743407,-0.36810785734714524,-0.019065115597580062,0.47526657682715795,0.5993865009349223,0.2736399484051211,0.8014354503366653,0.7452485257783165,-0.07489494196740304,0.9552752921553,0.5119409074533717,-0.4012539787654273,-0.9643098681001825,0.533496930398736,0.9371198447221116
1403,1403,0.27217880665653194,-0.012959500733421114,-0.17841451594060215,0.062392430412591536,0.551727774519039,0.38097104350456046,0.03498140449587411,1.129577314349839,0.19850175417053473,0.8615368721881287,0.11856610854984195,-0.07639277269029073,0.536774109644948,0.4254748011890897,-0.37202566547855026,-0.9753573925720997,0.46773396550111823,0.9621254498119469
1405,1405,0.6613054689342356,0.4577893196171008,-0.9337691403613555,-0.2011443255875937,0.8751017277790664,-0.19915364177818343,0.37333598944838753,0.8876034373468595,0.5895412600587647,0.6671999079335166,0.5277987205590203,-0.5000334145207525,0.41970844583328387,0.11669760724291758,-0.9101884942086849,-1.398595740029219,0.3588473894872559,0.5813626714530953
1406,1406,-0.25587690290425047,0.10478781392757541,-1.1173997957806374,-0.3615240836756505,0.7140648611772916,-0.20816050776943393,-0.4376959834951035,0.816210994001422,0.17096607743814535,0.13051311231741602,0.11196942882444083,-0.47429977195004164,0.3891161044678502,0.39847296722277864,-1.117001010858585,-1.828131475289695,0.1483452253882696,0.669859616966345
1407,1407,0.6573974908201613,0.6589626787013438,-0.27573234146168946,-0.03152114397947417,0.5419365125791544,0.10606944079056946,0.4771246776714169,0.9101883868861969,0.053101455116851715,0.503330741791147,0.6758221474959636,-0.4573153617048035,1.0692027945992248,0.3550238119656841,-0.5642386326713578,-1.1494930202071056,0.5018561476109359,0.9632161544115062
1408,1408,-1.459003580961758,-3.2359354138632437,-2.3394912184931496,-4.17215748685597,-0.7972508159946083,-0.23688291404102035,-0.9812858420528157,-7.372772239601021,-0.5173650162870203,0.12346022511874877,-3.176476007844766,-1.1265489995808937,-4.303806840950875,-6.122594876838143,-1.4807864392330599,-1.8689841956924127,-3.934321286451544,-7.406563765007493
1410,1410,0.4446856619404163,0.3310443627808647,-0.9412138244929401,-0.2371594063829784,0.11804980411527854,-1.114393729877833,-0.9147980706677556,-1.103584006422473,0.08210701398665743,0.5014742306371398,-0.7682833863233096,-1.6809554450607482,-0.25836070540402645,-0.27817577270285265,-1.242033945351525,-1.49331635101618,0.08074417063628303,-0.6467670589217593
1411,1411,-1.4190543415700991,-0.06665540512404411,-0.7537237103990577,-0.23466372326093848,0.8181138000760646,-0.008053724088883413,-0.7230112403167186,0.6532091878794475,-0.10649513039815894,-0.07740229758645434,-1.0969667587769496,-0.44354579187713905,0.4082426803964252,-0.0022215778163143796,-0.8320059924919048,-1.4612376738487385,0.17009962712366428,0.6164495159502074
1413,1413,0.8350202762478807,0.19825397922542765,-0.22279862157516472,0.04149299691731542,-0.048499193705348276,-1.1279448473361202,0.4657135296445204,0.09542236415327832,0.16657418856495684,0.7213448088833785,-10.803048362027639,-4.2191062844714,0.28397493013374797,0.17020878037358278,-0.9194860447018821,-1.1065734735628319,0.37434969213549785,0.7895343908134311
1414,1414,0.25688472695464337,-0.019775212844356127,-0.7743432114425662,-0.24478239531111928,0.9176847251016162,-0.0360816026365358,0.33852662797950994,0.47309977395154723,0.4941295442609963,0.6820244758729258,0.5420797010612055,-0.25166729491597445,0.5405428323747775,0.354846329132245,-0.8003380698001875,-1.3644007599678363,0.0910087278053136,0.5061116208949267
1415,1415,-0.8546089779006207,0.4638844504094997,-1.0128481672590524,-0.2862963581091257,0.5176070185041324,-0.08001509998684724,-1.618220771520938,0.8804542071442175,-0.5386090444281246,0.5084493905091021,0.4916712255855883,-0.451333515882976,0.5589511798883987,0.23975931659391617,-0.9827480807182746,-1.7533328996757362,0.16744203709952374,0.5934286681240347
1416,1416,0.8300588680302105,0.49997500642247994,-0.4371120036893025,-0.020617282201402437,0.665150569992479,0.06592569015811922,0.4262829201144973,0.9138303801319279,0.32184486577442517,0.1800860088291495,0.6232884380184407,-0.22337549355682657,0.9859392737508481,0.41528524659409316,-0.4702248848488997,-1.2352429060223082,0.4071453178048066,0.939490088299662
1417,1417,0.741103298163954,0.6340768980961908,-0.19558193899983678,0.07147344008253552,0.7639134715627318,0.3035538252374099,0.3701382946341106,0.9651660988372,0.24129328831123367,0.7975975791688449,0.7480368878530617,-0.3938757276315747,0.9749637400206949,0.47731407592062186,-0.38446463714676565,-0.9790212912220345,0.4946315572185419,0.6377620798583091
1418,1418,-0.36864144523182873,-0.4461578942618043,-0.2672413202794826,0.06715230974535545,0.509408177213583,0.3159174217057993,-0.4468280222221668,0.981552086527227,-0.2218518617758154,0.8477501608050917,0.27572413131356954,-0.2585785389438474,0.8423277840354264,0.5185697563752928,-0.5101592846391361,-1.2712963294673532,0.39658886147213523,0.012452627350346135
1419,1419,0.6404949924506974,0.6822101397236379,-0.33664488110834234,-0.01794005605273946,0.8704313595994859,0.3174124469007156,0.4659695664692474,1.227023286855245,-0.45834463638540734,0.9247709399088767,0.7427578247577379,-0.06736061084914723,1.0481487163263097,0.4403250895055198,-0.43970541703486,-1.082083742881855,0.5294322679468181,0.9831604942309555
1420,1420,0.8713020015874303,0.4899796473805984,-0.20848839269378908,-0.004045796213882319,-0.7510324465856264,-0.30212930326216203,0.31044294242212334,0.6748727946667155,0.09723740747894524,0.8075661462159545,0.6315843707951933,-0.41035895559285085,0.755428535156759,0.4996933922230746,-0.4483885533933799,-1.1172655802133808,0.34843896776668926,0.4608841123609726
1421,1421,0.6143195634135998,0.2614319590602741,-0.19261514878450872,0.017814510501630645,0.7305525482232591,0.35961669147277686,0.46182885994330825,1.0259137113622854,0.1819116199471419,0.790253532046743,0.7782496241327412,-0.08698284019703142,1.0228984374879586,0.28529212746754795,-0.5630655893817639,-0.9829301992615712,0.4589873158643899,0.8748935576889634
1422,1422,0.8872441196326805,0.6116192507668344,-0.3664317290557119,-0.2212397502337083,0.39344214821001666,0.05773496684014995,0.49673523563534905,0.896896236776213,0.3092036002771222,0.48629776094377536,0.5842215220445215,-0.2850584577814036,0.9313215228169412,0.45522490826670375,-0.5990138640450156,-1.2465634902770641,0.3491840717818909,0.8268850521827682
1423,1423,0.7389012119859538,0.2521533399621238,-0.20898913747793668,-0.04622935959319824,0.5986186358777202,0.3512889166342859,0.22510469412087658,1.1674762848008209,-0.04519642229035653,0.8968315323445063,0.45933889905448994,-0.0863095303350156,0.5471418815268816,0.28323686036496787,-0.3943661289905152,-0.994804949111571,0.5110747426294932,0.860431435704468
1424,1424,0.27998588029526184,-0.18374437840786184,-0.36428567573435944,-0.4182323824069518,0.5982939022067417,0.26550689637015135,0.2929842429627483,0.9173676777803099,-0.27016126687442443,0.7370408386883672,0.5196584005245541,-0.25218212115307403,0.6489305701580905,0.21474016899872572,-0.498654466230359,-1.134093214000879,-0.3209014254974677,-0.15178255299466925
1425,1425,-0.009920553316727587,-0.35049413796413054,-0.7836499531079513,-0.3031371522583479,0.13189848555567596,-0.0319553514306597,-0.007428862441224704,0.8800427561734018,0.3834114452164229,0.6145202786232852,-0.19028679452452468,-0.3418715956807357,0.10029015710522804,-0.21836735812093444,-0.8227659057641399,-1.3829160168819368,0.30734501180851026,0.6796770595231352
1427,1427,0.48976865411831993,0.4518552258043611,-0.8881828718044985,-0.669852532440176,-1.09021423506365,-0.44404091137117646,-1.0474515939645275,-0.11287342635276087,0.45775880324643525,-0.8413931950205586,0.28624388812139645,-0.5505230167451665,0.5192715606598747,-1.5033218698956656,-0.9423584672384403,-1.4104967958069912,0.22646897536546046,0.05863346077006737
1429,1429,-0.080891728213417,-2.584867363119763,0.7068876748343865,-1.080352915479548,-0.9952255666306148,-1.0323943675728355,-0.04796815923855534,-0.12460608434314091,-1.535078322308399,0.411569151869023,0.2716638037372038,-0.6425075217228858,-1.926901430258249,-0.47008616529594516,0.14789242952943954,0.30524078860534815,-1.068734959723956,0.31294154910438293
1430,1430,-1.8707748304294758,-0.5084061936613643,-2.159215259857796,-0.9763696204551896,0.5857150293136544,-1.3753623404010418,-1.686988378633285,0.5851014759144473,-0.8217102494676666,-0.6285152634686856,0.004894486034272505,-1.9831759576292174,-0.29147867247867343,0.10849259880355194,-2.6822048462034482,-3.6900196543072554,-0.5573498445716127,0.24595205893486455
1431,1431,-1.9712390202788264,-0.7931440539367401,-1.9472431806369535,-1.2284944812012957,0.02587453728722322,-1.1913937827929364,-1.8968741814225676,0.42984000570738207,-0.6800282142011357,-0.7233235088426058,-0.2657941149706752,-0.9631212745265088,-0.5242274753824779,0.11264038024445677,-2.3083628743929103,-2.8597608011093048,-0.8122795485685335,0.2700140469309634
1432,1432,-1.3533114409164335,-0.6914400255609211,-1.3779451978056207,-0.6358539134359888,-0.3471375079280872,-1.662382935786282,-1.5311291373387306,0.6797287018571083,-0.4193287869803291,-0.2630290819203402,0.30452510168527686,-1.2791842050158717,-0.500980976567068,0.1183723110763959,-1.9779401059972461,-2.764274697712426,-0.40492640173822525,0.4043153959826544
1433,1433,-1.5552993322804134,-0.5549406032277651,-2.0127262582204493,-1.1890819715267837,0.3860739276403203,-1.0431756457611745,-1.8074499573794824,0.4482057522966593,-0.5495668507284103,-0.6642186649961763,-0.09173695454084374,-0.9396881538657931,-0.34655735883016614,0.10670067911565849,-2.05340520280037,-2.6502515163140137,-0.707350019056825,0.24935984132767072
1434,1434,-1.6468127924676916,-0.40315786714654356,-1.841061466119982,-0.7928722455776032,0.2001021417940334,-1.3355461292826554,-1.7527614222362466,0.6397356349823397,-0.8277393799392456,-0.46791157416146356,0.3246349047284966,-1.2344913669702833,-0.6231900856197007,0.10093828148835021,-2.6260243999041273,-3.2993962518972237,-0.5768983480173623,0.30570279543492884
1436,1436,-1.80361948896503,-0.6513392074416714,-2.2797934895067957,-1.0117790154535173,0.09472249886501416,-1.285887682247167,-1.8654012866488618,0.6361708631586155,-0.9685755400255062,-0.5645013538826064,0.17755015648035377,-1.4079103329747724,-0.42627774951016295,0.09065246909497517,-3.0814366983874493,-3.5005073314921944,-0.8332453246363452,0.36490567027135673
1437,1437,-0.3182608761295127,-0.09952856190459047,-0.964964437306713,-0.78807043364917,0.1920663742820068,-0.3828008525857408,-0.5065658051617143,0.3985361129452017,0.05881738808867406,-0.05660995383261909,0.16512357347095982,-0.7146964955883022,-0.034428754834704534,0.16917465904208695,-1.1626274151256302,-1.7729021279035864,-0.6544664434269671,0.3008222171875951
1438,1438,0.3516494718082135,-0.037385002672748247,0.8099625749423941,0.42764672575382545,-2.5088814832548856,-2.095217619159596,-0.14560792719863197,0.5925738849383231,-1.5747041798116073,0.4412834920068281,-2.208454900905485,-1.5152472229320573,0.6971951477283803,0.8291250141916808,-0.6145951619283961,-0.3456832337559188,-0.12566735557567657,0.2879957532050644
1440,1440,-0.9167296826749526,-0.014035277190291615,-1.0282982201878208,-0.6065221628220858,-0.14530895270400002,-0.8049088997979953,-0.7286548686520982,0.6889312071211221,-0.0772764020502476,-0.17825870658590348,0.4136133220624671,-1.5721622966653745,0.22404450487175542,0.16414809646931597,-1.9251909988985214,-2.444644774979631,-0.39611712220854,0.3716686407684189
1441,1441,-0.2853004146949584,-0.028253366113824,-0.8743888478013546,-0.7111840009217048,-0.44358794014396186,-0.8646644833165984,-0.4406200215133109,0.4228235789192268,0.10823245440664653,-0.06613006546859855,0.2018805920848571,-1.8113506676650832,0.2858077326381003,0.054474731072204824,-1.5687455959651475,-1.7734949762057082,-0.5854840969731333,0.29652461821325865
1442,1442,0.3377813086131927,-0.5477529884363379,0.7438432106079763,0.5220917047179856,-1.882731021160331,-1.737495036550034,-0.08247020659232723,0.4930075095543586,-1.227053136908199,0.4854655495569527,-1.096070144702833,-0.9463261750520442,0.7460532707438753,0.8840315302297608,-0.2820324260743378,-0.08651550187257334,-0.12687296865915698,0.5643468190327796
1444,1444,-1.4426604797334999,-0.73408269694381,-1.8781605003940556,-0.7687644074854108,0.4250667015238391,-1.190740764403532,-1.7568292714618297,0.6667118585548373,-0.6183194475523888,-0.39341313772585323,0.1856792839338789,-1.8089851800908063,-0.774378150366912,0.14199057187174008,-2.3805064838878356,-3.171141278344612,-0.5135667665040826,0.38709687235692863
1445,1445,-0.9208855569950761,-0.22625849855905691,-1.6995888296041861,-1.166927518615696,0.14508669525637968,-0.9745873236506383,-1.321775627662786,0.46825106348028706,-0.3661216668549118,-0.5322379735714321,0.17066892187008306,-1.0651022811376012,-0.30844672815060004,0.12378360131086256,-2.0341645657556393,-2.4592123237279813,-1.0188925199158794,0.2386205701712926
1446,1446,-1.3544270932012863,-0.6090786898076467,-1.8552873832267824,-0.8760942070300475,-0.5111461361148433,-1.6278794783516104,-1.4404460623616124,0.6191563601796526,-0.5735151034006849,-0.5624960501732247,0.2071282371602733,-1.8556551410097961,-0.6214518479583283,0.13146595541857692,-2.651179534118418,-3.2090709436471965,-0.47688379043887386,0.36475020899578375
1447,1447,-0.8543523398067384,-0.30039685303689934,-1.404122318960927,-0.8853852844408678,0.047944546161167334,-0.7629048666323193,-0.9248555796617511,0.48309903044999986,-0.15879079447635733,-0.2645495918144204,0.2585373176186212,-0.8706243626947481,-0.04331882166639445,0.15770120716035813,-1.7094625873096816,-2.178565850286508,-0.6630850173022078,0.3032104683184215
1449,1449,0.3530415317527077,-0.6887613624012048,0.7948587216466672,0.1426472743835252,-2.6605784539063144,-1.7844913907460636,-0.16821969198963452,0.46940081087088514,-1.8156001731386568,0.48706123523925915,-0.3811000141117151,-0.8364468474128555,0.2655268638416819,0.8180187652444433,-0.3572440842394603,-0.45078229726501884,-0.1812465850600906,0.3355523415578998
1450,1450,-1.31790678960993,-0.17331663814622955,0.2621031291555008,-0.9310821903035843,-0.8476432351409501,-1.2099037992358679,-0.38893638856233714,0.17209247086581583,-0.2505711251826196,-1.0183105441439995,-2.017827423837712,-5.706854931734078,0.22833320137961405,-1.9062343189701987,-0.11975533371319248,0.06153091057501256,-1.0156815938525168,-0.1794631661280035
1451,1451,-0.6213345973300919,0.12692600137838012,0.24551001901557795,-0.017591266114574976,-0.7803249739386706,-1.20501479438617,-0.6900258123377785,-0.007001683800325481,-0.4303445719730172,0.11556343222550886,-0.4779526308980485,-1.1217336046873156,0.18852549522516227,0.20171897860290666,-0.20058277538651953,-1.247564328201259,-0.394287250329602,0.011324362774605995
1452,1452,-3.1600787194535833,-0.86013865208066,-0.36614032168119226,-0.19099335950498225,-0.794007152264262,-3.2337325633471456,-1.3575422649662687,-11.233419555385291,-0.4206874966491868,-0.27492906995896166,-1.011852825547989,-2.7498963057640156,-2.0200410995598483,0.2900335962621189,-0.1103863741851471,0.19742829344958418,-0.3786082395138421,-5.737717602483148
1453,1453,-3.501206339945787,0.08407477767467267,0.205072049893304,-0.05522431763343885,-0.064383285795507,-1.903866500252047,-0.9740512359474729,-0.2218575366693337,-0.8379955202870151,-1.2197856623908567,-0.5002604069675733,-0.7300417404990083,-0.1563333948908178,-0.4931964060684767,-0.4192609752390294,0.2417063909970072,-0.41186350779218894,-0.8801657333524598
1454,1454,-3.0130846106431193,-2.792984808319146,-2.0889792468816184,-4.454527492734105,-2.383754590841199,-4.557896746902021,-0.843123246062649,-1.3461163396859985,-0.652065618366479,-6.165658170298825,-1.7821164351520355,-2.685979009638035,-1.7117495816486288,-0.07344654915193054,-0.06337138549667044,0.3736013826890513,-1.365007844257156,-2.2321984644628063
1455,1455,-1.6198648863455987,-0.5672405010280832,-0.2217701544159294,-0.057827624524498716,0.08039003241263025,-2.8940068280582936,0.39829482461816074,-0.19077745919824224,0.020477155692173732,-0.44869242656143477,-0.5793676472616796,-0.6519121354699944,-0.161176769961225,-1.703903548207372,-0.42153616807023775,0.35305591126182717,-0.7612870055840455,-0.5075751457727394
1458,1458,-2.1289241652306865,0.16755753291551279,0.05698099159886136,-0.12149272096471513,0.08499929892391804,-2.0719477604348016,0.3266303311319373,-0.4829196202405129,-0.6102795289585397,-1.6624275221323876,-0.5463699050964184,-0.7002907552178944,-0.8341026603137496,-0.15794194961041014,-0.24803970817701834,-1.9108401834560713,-0.6054807686664336,-1.6711838022958547
1460,1460,-4.386276075124196,-0.2754659567249119,-0.07406059870139303,-0.13191695389813463,-0.08447713503769583,-1.8339683690663746,-0.12960841104930398,-0.49929390019329073,-0.36932242833584383,-0.3948744596914042,-0.45716492339318426,-0.7100710784321331,-1.9127769022240289,-0.26125474864789766,-0.8011808194449518,-0.7725599274201909,-0.6157453196293532,-0.6752905623968698
1462,1462,0.09241491841076291,-0.8054328285268708,0.024910498847967505,-0.06710443132912607,-0.0028510551505512988,-0.5977985452547846,0.13443733427445925,-0.5776156236925329,0.3291039702666705,-0.9803406128717601,-0.41486173445817265,-1.0212117390899698,-0.47306450198930705,-1.2098994597138475,-0.820255332856365,0.34220212614905027,-0.4249436795821309,-0.9724684047671389
1464,1464,0.11106148807347459,0.14366956458064392,-0.029452023858325543,-0.2387786783638802,0.012082468487729175,-0.6313143327829329,0.27721773303548397,-1.2773065564377373,-1.0418037064351897,-1.154738248128067,-0.24621054471566814,-0.6616447433226954,-0.18144998617005725,-1.7431790533876557,-0.3189478279828691,0.03672527952156529,-0.6837558235042953,-0.9121226617235167
1467,1467,0.08869221639409774,-2.744402554192733,0.1613205705789679,-0.14624386521366206,-0.0032624858858873174,-0.6414320268928698,0.2686507785905359,-0.28806195168231796,0.3160225748306033,-0.3653344160507874,-0.12486662046050448,-1.152004012301568,-1.0303801448954895,-0.1145005645844002,-0.15491543808020425,0.3263714174218789,-0.808783941840139,-0.8129701992401541
1468,1468,0.08961562277897081,-0.23953018045347774,0.06438980985927953,-0.31910845761482015,-0.04866755133417469,-0.7315609788721844,0.32517909598321953,-0.281549254578899,-0.5803156630844339,-0.5958728419269532,-0.16261183397911427,-0.6645924926515345,-0.1649336690020913,-0.7124624719978796,-0.8481774692411906,-0.8876949138157375,-2.159063279485773,-0.7771620813498943
1469,1469,0.09153139395801907,0.29490622093910274,0.20905728065963947,-0.07643750036761211,0.06403906725265787,-1.3032822734555618,-1.0226350702532934,-0.1626688736360627,0.3484186416069616,-0.40574062790389753,-1.0973547105783235,-0.6913775078412949,-0.203949669059734,-0.13000301448564328,-0.14295903396813653,0.334384665187334,-1.1239987145821893,-0.6148233998568748
1470,1470,0.110999296267465,-0.060552882635946825,0.20241760850474705,-0.2822285449611549,0.057126361650781415,-0.7204437969138903,0.42146392542229477,-0.33194761884190555,0.37237581425496613,-0.37636710983094795,-1.7083587919142995,-0.7350784849063569,-0.9316020443563505,-0.27790627509827925,-0.08312918825686652,0.39057621467114456,-1.2938465362276366,-0.5234789696131483
1471,1471,-0.7226685389634443,-0.16485143361314814,-2.1007004909476192,-2.2389149084158126,-1.3629843590886055,-1.4338273473479823,-0.7657985368809557,-0.9921164350245052,0.3991371701686794,-2.8518504887703555,-0.18644148294770865,-0.77214868310047,-0.4106263336775669,-1.1503354080251893,-0.08857577181196409,-0.8487690644683719,-2.8002317924047264,-1.8022527406795863
1472,1472,-0.4052563131785518,0.12689661669561494,-1.716082059140153,-1.25738802629095,-0.12529359504521267,-1.2220910885156449,-0.4377815548466568,-1.3084957806335595,0.2754339590880308,-1.2939266510641474,-0.6405852906943852,-1.5937723583801104,-0.6311600684284379,-1.177238245071178,-1.1365114964793044,-0.44384522570289753,-2.7766509884095263,-1.536516724850474
1473,1473,-0.4886895420265459,-3.8984152462517763,-3.644546254351323,-6.132035964634182,-7.711586451422587,-6.560970034668862,-3.7094744544761715,-2.305129925309465,-1.6563358183986245,-3.529983934423409,-0.5303886573182521,-0.8338902776351824,-0.3480873546075003,-1.5367107166690497,-3.1088435339411675,-1.4029966307832016,-5.195239933504217,-0.7986166572609609
1476,1476,-6.570558957525335,0.1664515098247976,-0.8878787372666861,-0.27902947230972497,-1.6816952479230847,-0.6498625696928411,-1.0500396432771864,-0.3065747874119418,-0.2794995270868271,-0.5811613236861254,-0.9273241015429889,-0.7115841570498899,-0.2582581917107704,-0.06576056111047399,-0.712556206939418,0.30524853495606724,-0.4121885995573767,-0.7703658420161494
1477,1477,-0.8700629457423578,-1.7325664780030152,-1.6405090061256067,-1.8576115940903795,-1.4811946140151344,-1.8914667394528728,-1.4895430631139526,-1.5204092277467007,-0.12719259642121938,-2.2627623536658334,-0.9012341316651721,-2.748380127012384,-0.954511341491662,-2.3404021236785972,-1.5279884562158066,-3.536921055220164,-3.0038845844575364,-1.8042139468804552
1478,1478,0.10206114243451689,-0.2632465863924396,-0.18404893489027818,-1.7149229804623194,-0.2749392599980511,-0.7161075972533735,-0.45781515095405845,-0.6283436931374543,0.25540595410517875,-0.4116627662441441,-0.15966910229143433,-1.0619319448538753,-0.31415562034516276,-1.8472058879498803,-1.4808303072436808,-0.2545762532674496,-2.1424120535582505,-1.7003487574199214
1479,1479,-0.5943798859457127,-0.9925157983492789,-0.07926902626219795,-0.9169087393047326,-0.7267567415793514,-0.6095532013239351,0.413735606014435,-0.33248905307543053,0.37482166444588194,-0.6988962289216226,-0.15220799513977837,-0.7428628493864166,-0.17333894528908383,-1.1667872657771876,-2.2928088054167644,-0.20009736951637203,-0.6270411339896258,-0.6868005157893391
1480,1480,-0.12364953645652207,0.25695600991020995,0.11688506553483714,-0.3488718789731934,0.06878756576792726,-0.5960110991924247,-0.3277443842781025,-0.1624295319423516,-5.994861341464782,-1.602240925940262,-0.33793219791428375,-1.1060560950361706,-0.15403459124120844,-0.5674329961469933,-0.21100401836895208,-1.3278234422633255,-0.8869642025870755,-1.194907933107216
1482,1482,-0.1489065914535983,-1.2438023716107838,-3.1308818845711492,-1.6098416560640996,-1.3759396634850443,-1.1442208874099826,0.07634037209895406,-0.2581915570752368,0.3913572944009038,-0.7341348202378036,-0.3612756196638898,-0.7279886829269699,-0.6017879815786837,-0.2434649223242217,-0.8958375773387738,-0.6510820116958651,-1.1863952094998924,-1.1922334241439763
1483,1483,-0.19515834989910802,-1.4252865389365545,-0.4052296259125707,-1.8312727697884659,0.09324510310032198,-1.9736231472262216,0.3706253612739418,-0.2484160352627391,-0.010465768457129154,-0.38223525566926686,-0.12905097058754392,-0.7057449464047871,-0.45325091399137785,-0.9138728892958712,-0.197482434435735,0.3802402988644659,-0.45874424078906156,-0.5348931876833279
1484,1484,-7.682592394570978,0.1756887941023236,-8.644418114472192,-7.643791151825922,-5.680766598209,-9.215192280408893,-9.813277971143133,-1.299120000824766,-3.166069574976472,-3.7714314447444117,-3.8832475361108076,-3.0863849294009023,-20.50213774922371,-3.828462363785948,-9.86752347892336,-17.31674824441634,-5.423898471394243,-2.8675763526320117
1485,1485,-4.876844380686861,0.268018631450903,-0.45397803463916386,-0.32711676158747155,-0.20426120558434485,-0.9254679515337975,-9.392001314832232,-1.8545676684920571,-0.2777343403764261,-1.233463554561673,-0.8267040896161658,-0.8414388746621062,-0.1808361717724063,-0.127790480255576,-0.7583695397715827,-0.45487015379420503,-0.8624133103077137,-0.7219287807640834
1486,1486,0.10753263536482562,-0.1433439100798201,0.11749646160877426,-0.8666014583113313,-0.02021191836864697,-0.5947941720865105,-0.7326710843005018,-0.2816629409518618,0.04017225964228516,-1.5992832025143096,-0.3368648247146127,-0.7075533040873637,-0.4115473002736723,-0.060893525205845046,-0.9521525699944671,0.4013639452487828,-0.4883710164719182,-1.0602408873002656
1487,1487,-3.5088846676200154,-0.19978262683383496,-0.047942166558705646,-0.18532539363884823,-1.782301215931306,-0.7591975038475307,-0.22965607192524118,-0.16171407942606186,-0.5359217885065329,-0.986300487891981,-0.483597700204401,-0.677476985757465,-0.9731874356952659,-0.3939371841819884,-4.046738020285713,0.3644474066819872,-0.7902504037432949,-0.9973255683248756
1488,1488,-0.22063161620690724,-1.4024184607984986,-0.5690373809550847,-0.3242570550767947,-2.863897533909954,-0.6388488368468543,0.27940739561832073,-0.3616653934142949,0.35716022451349233,-1.4855846257447989,-0.23676508516316047,-0.6808007735465471,-0.31713692326687665,-0.6118894713263817,-0.0883094318378958,0.39405567746987524,-5.4912295329329766,-0.5322855156127129
1489,1489,-0.2931174340026928,-1.9030017222868363,-0.5316463881381862,-1.7185709453428324,-0.30703646900925835,-1.5459404682161435,-0.07519700318099082,-0.9535164286308089,0.31044595331558955,-2.288530467136245,-0.8327580303034917,-1.4791766541603493,-0.265457071551255,-1.8097574906385534,-2.4646855276388857,-0.1846420666241767,-1.140368480257604,-1.205996822840854
1490,1490,-0.4138299051566835,-0.0979100708768254,-0.09986387547572079,-0.5031064979456954,0.07338819384077923,-0.6494772560954215,-1.26366530687433,-0.1620335258912895,0.15488898348382596,-0.8958438984497811,-0.7029032999131779,-1.2298025321403354,-0.16641141565624537,-1.179328277579064,-0.9704844981643926,0.3840475369063009,-0.42055249962396335,-0.657089023229934
1491,1491,-0.7308731600153593,0.20874668683298148,-1.0986977234583855,-0.8733768289215394,0.06923557612955067,-0.9915602091436202,-0.2436370726381335,-1.0159311045493742,0.38720181089920896,-2.543048439494959,-0.6417233713199819,-0.7099736359536989,-0.16610858882356835,-0.47806918990283487,-0.3610481313783285,-0.22409712199121612,-1.0551773315005903,-1.7407898179736292
1492,1492,-0.4266511661016854,-0.29343064748986003,-0.4513300370930433,-1.7240942051057293,-0.587859796521595,-1.027406056204458,-0.6737622762898015,-0.25292382534519936,0.3619330839864934,-2.2308967778769024,-0.6395358539818281,-1.4296391668915103,-0.5216229658369009,-1.4945842375582725,-2.0176524920387195,-1.1622665372705874,-2.2110177412337415,-1.4088826559431225
1493,1493,0.07237314276930122,-0.060753475012922775,0.009122380250462081,-0.7351729782455234,0.09256791229983069,-0.6946297657340849,-0.6199036425909863,-0.25273520007617034,0.39047469468079826,-0.9498064142281698,-0.12116533619044006,-0.7809130807251129,-0.20085144737836205,-0.7886079762939776,-2.1870672150008135,0.40778750765982014,-0.7215590622970895,-1.124957610096845
1494,1494,-0.7030038687363201,-0.9124265336695208,-3.2251774866630862,-1.8509633701742993,-0.650373236818053,-1.0625022566441207,-1.306738344958554,-1.1332548184055073,0.2722836058666152,-1.6958336701249315,-0.3500585342459205,-0.8133223532249958,-0.6561833618266266,-1.2108825766011053,-1.568963075043491,-1.2328132627484223,-2.14280508921986,-1.6454309653697559
1495,1495,0.03761072661759836,0.26270580674949845,-0.9445978567009721,-0.045171202940767,-0.4864853349863727,-0.7934877925389188,0.1158350652571582,-0.5315458180711246,0.3507150376551984,-0.49708015744721845,-0.12336322523809104,-0.9046226828760675,-0.3536065984275871,-0.1724210032952343,-0.38590538095900856,-0.93152214717689,-0.4726258987702119,-0.5594588245562004
1497,1497,-0.3596958437334648,-0.9111512266553128,-1.8043855667098645,-1.8154416317860171,-0.12915156405566172,-0.9772496974990641,0.07670650027838988,-0.6722632777978346,-0.15095201753621112,-1.213083244707609,-0.19718268100380018,-0.6714931780765192,-0.18788759983273917,-0.6451577705911224,-0.853984774524255,-1.1228216239803395,-2.001633480241913,-1.222853644453167
1499,1499,0.11797707083704027,-0.6303444832184242,0.18621487343294593,-0.12561861800677704,0.07289039691241118,-0.623325612279743,0.23636901273684088,-0.6049643658555173,0.3818329039823215,-0.36621570284089855,-0.17317410822440304,-0.8612186467230435,-0.3807029880057834,-1.0767587622510648,-0.3670364549169195,-1.1094253402500562,-0.5033265379759132,-0.49094730186012925
1500,1500,0.5212591804454595,0.08100072405956874,-0.022338258362114886,-0.32926925777614535,0.10035501902802313,0.258522607681677,0.513616299777327,0.4378111132288391,0.45278879292972557,0.36893220848871594,0.24579142805361243,-0.7976197746429309,0.3863446051940637,-0.4304154531762274,-0.4154113692560716,0.10673105663754726,-0.20724136482861022,0.6145162324375575
1501,1501,0.5253478758486286,0.009253606815899429,-0.16541318101325178,-0.28103872479785297,-0.11681487793055545,0.24696688024259994,0.2077720254907377,0.14411228922582064,0.4517186652640601,0.38381600977570285,0.25790343766945134,-0.42439378213740897,0.29883476342290743,-1.698057352979164,-1.4787240877141221,0.20758338116326208,-0.26089688036998876,0.6122292828338084
1502,1502,0.44210781894793966,-0.3554383203940266,-0.22207873788878107,-0.41156172284081255,0.19893797455728834,0.18737759333106568,0.594766095333388,0.5721019305556405,0.3475457233823539,0.42283782666834024,0.48638147514007857,-0.32429114671198134,0.2925932735467375,-0.3115876620846667,-0.10823953971961828,0.10105281450431017,-0.2883671786616244,0.6140083316921108
1503,1503,0.512917815659978,-0.6630223415613142,-0.1059676103413497,-0.9575567778450573,0.06195591079152718,0.16121453787414006,0.529773168539113,0.6227390680688715,0.4695856562762287,0.423261713309251,0.4481207536592633,-0.25851982073323737,0.39178537661890916,-0.9187156647288943,-0.846755819644171,0.1474681365922742,-0.16903208070925416,0.5549956442280276
1505,1505,0.5295145424924184,-0.41837012393526163,-0.11189912740961926,-0.4485299383180507,0.14235942280251074,0.2602210842101647,0.5863516751753249,0.611723923722799,0.4839553314966482,0.40785873732292455,0.47936265825436164,-0.5111308279011058,0.48062962118482805,0.3209031072394236,-0.13739694781383063,0.25280061259398884,-0.16770923562619214,0.474154567889754
1507,1507,0.5055281278893844,0.07199469891170357,-0.16276950200355045,-0.2980236669774414,0.1510393178471912,0.0772349946255528,0.3650522978612109,0.3537146427323303,0.39220657796772057,0.3188653418891817,0.48622300378641087,-0.29011800981570657,0.4037053193768639,0.28912408334088746,-0.1277072044582936,-0.12159283044252145,-0.20089925817639642,0.2405936595881144
1509,1509,0.5305205533332481,0.044611567101175066,-0.05354272755349639,-0.339947149889232,0.1764440758331146,0.20573099967928177,0.5934396575045084,0.30376928273265963,0.22326596919220032,0.4156333243927702,0.4618866149085207,-0.25268143823263445,0.19895224356301805,0.15448551067813912,-0.4382528074590894,0.12362940660306543,-0.28615729125544126,0.4674479902512676
1510,1510,0.5140614123753728,-0.2643761213530263,-0.020170672243960023,-0.27892602994774457,0.20042999333190092,0.2585247350442988,0.5912821924459573,0.6223791075404379,0.2295090033861501,0.421992927116348,0.38618032783139317,-0.26786829123008726,0.288816235223888,0.21431630770762206,-0.148518132897022,0.26220002184644403,-0.16801012251288572,0.5811745990919872
1512,1512,0.43564116059498703,-0.27569009234454417,-0.16417426884625716,-0.41814402191542477,-0.11011850977675247,0.11967623416933773,0.581819622476548,0.2507304231523144,0.4752361097116944,0.38200078157696027,0.32642669276482583,-0.2656633400091297,0.5002588747857687,0.3201114215845413,-0.13718712785478648,0.19876727463531602,-0.23041870648039922,0.4921395300841536
1513,1513,0.5052301653120662,-0.2395900170259198,-0.08443819402208906,-0.2945771011612066,0.20197177565145055,0.04256584343191597,0.30594879413482307,0.5793056616515946,0.21817642044593083,0.32685387682624945,0.18694296181719106,-0.37911097447204245,0.500494562377087,0.311817368011429,-0.1819995951583982,0.24668190787316588,-0.16793568984537027,0.6123439884538099
1514,1514,0.5189307713385579,0.03179298884460126,-0.07213735637675484,-0.2629691778736266,0.08825814703133028,-0.1673361271918773,0.5345018176386085,0.614592808740116,0.32702052329704706,0.33009121717459405,0.06632136439311559,-0.6198149176675407,0.3647921802074487,0.2658706754767598,-0.2446551978409089,0.23784769983478263,-0.16957596599374514,0.2179543552037253
1515,1515,0.5249238037077051,0.08746805141191437,-0.026591844074741734,-0.4066768402577335,0.1740359286573942,0.12403890837777792,0.4682203070202119,0.5590009118890048,0.07174900638551956,0.4007975383660452,0.0923621967377421,-0.2761264522353657,0.5001398229430594,0.3086804758008974,-0.11558117782791366,0.2626421952235734,-0.20054212421117593,0.42922901172989225
1516,1516,0.5304323647477327,0.08364642360448958,-0.022409413939829013,-0.4050388120211178,0.08848756500272609,0.07790604186943637,0.40733168654352614,0.6088611845005557,0.1619923233217309,0.33422162324902344,-0.0070983722049035025,-0.49553386683577694,0.4771825512191431,0.326805604059516,-0.10672704160917822,0.25690896544996283,-0.16784535827938935,0.4802232418687771
1517,1517,0.5257857011654484,-0.004694729955011745,-0.023911144741092828,-0.2563149744704468,-0.1305186054767194,0.2170970814378833,0.456301719825401,0.5842944433571982,0.32429730119100286,0.4169231385525015,0.3990503761013131,-0.3783636542941502,0.5346568388158726,0.32254412154868883,-0.13030716579833773,0.20764081150879957,-0.16667608126686764,0.580255516381764
1518,1518,0.5118666513380078,0.09231268196252834,-0.07352744908684386,-0.2665311075193098,0.07134927314363804,-0.2564085836319271,0.5017662978116789,0.6151242815259501,0.05647966399774085,0.3783461089445168,0.216998454453107,-0.2608769904814876,0.5151144902838243,0.19781287910224865,-0.17655684864520887,0.16299089480303194,-0.16824633724961058,0.5349838006869283
1519,1519,0.5237068995474603,0.02859150898847769,-0.1034493901885141,-0.2788700450648039,0.1352328649422536,0.25974329217590253,0.5214071044166632,0.5482903298670143,0.35311854406208043,0.39334573540066436,0.3561412998515239,-0.2553949738539174,0.4219359031019755,0.2683386192913385,-0.14805018299449288,0.263294717454358,-0.17266581157745958,0.5511467150780354
1520,1520,0.5272022744095484,0.027318389522619793,-0.023611303344643193,-0.2741012130714008,0.09363444632036122,-0.0005192168409554054,0.4519623718728772,0.6030034303817081,0.29311668845174843,0.418632651960679,0.36904655255253227,-0.7312893811062369,0.47938627663390876,0.3258481241568525,-0.39015037327223934,0.1475656313693829,-0.198984836982358,0.48471025954588887
1521,1521,0.49778706397772093,-0.1288657983506147,-0.26617947288410393,-0.8406661965502972,-0.046365902440019646,0.010142896649645072,0.30900667461996656,-0.13789308976335302,-0.03491714148091685,0.03860383835356185,-0.7394049497379183,-0.8033308096346605,-0.6673344171821913,0.23844096561161385,-0.24597822947044798,0.2177729400931918,-0.46055073249824435,0.5320967145177445
1522,1522,0.5174233571134522,-0.6976843016104581,-0.4834041634908869,-0.4003251367914767,0.15993863807416728,0.0983276544691547,0.5796369199969593,0.6224798011783875,0.4055555061251831,0.40976785537867166,0.14053388243367548,-0.4468663099954908,0.10493089811402478,-0.42348194148641627,-0.23096718043258566,0.16828978166624234,-0.22941350583352293,0.20491139043981
1524,1524,0.5100848045243336,0.08754891802082754,-0.019834938255133997,-0.37369900742479945,0.19413895433057032,0.22317945391201507,0.5959093080102227,0.6225115683097204,0.2818521936982335,0.3958246013449145,0.3500442023750391,-0.6640467193703549,0.47398027269375226,0.3090585262460893,-0.1446944236527671,0.25201438863291814,-0.18158283470926662,0.6062503335477343
1525,1525,0.5263047881755473,0.004271544632780372,-0.028977755909987114,-0.37317239326401486,0.18146799580849232,0.25833772390121784,0.5642834710218105,0.622014855049452,0.38051193666786065,0.3720297541831465,-0.08796604697902743,-0.2537513437245785,0.5376580021984894,0.3023131976944488,-0.10741185129305586,0.24118444625576907,-0.20229758199960066,0.575092655575454
1526,1526,0.5081134796653839,0.07700859451588801,-0.038320727431787244,-0.2917953607091864,0.07126244059257278,0.16381217557555502,0.5936934085614779,0.5708474408312944,-0.052788940646139815,0.42199732389496314,-0.047845199347267164,-0.38078068962472233,0.5147322294566367,0.2599151436239322,-0.14492768982091006,0.2618565572680056,-0.1692459662831673,0.6115658345941242
1527,1527,0.4952886796857088,0.019944415302419347,-0.01974164495794808,-0.3361447668342755,0.04968429513570363,0.06721810464378822,0.5956564187343704,0.601917868900687,0.240900347999906,0.41493734407846045,0.16103439456113067,-0.8638233971309661,0.5238722937896126,0.21715857235549021,-0.20657541040656502,0.18698472854179848,-0.1670649378821619,0.6025562426240157
1531,1531,-0.6213137890952998,-1.0566208424410994,-1.5074547091386088,-0.49312587812698677,0.09716475287812276,-0.2680993796173746,0.320991035873882,-0.057135159797696344,0.4765808998154624,0.20110074290625607,-1.4110202160178336,-2.5304681154139583,0.2673430429368112,-0.41551835346560995,-0.705751074472561,0.13440456096118178,-0.6419073184927733,-0.16052342493944782
1533,1533,0.46928384153716235,-0.9841806701325817,-0.11140273722986158,-0.40630807574128347,0.12815283368796704,0.2604213504343509,0.5002929264716516,0.32345637858894977,0.4424323667093047,0.4204385366117381,0.3077189090578869,-0.26149195447129936,0.3062060861673386,0.2763749493131046,-0.8665828254744578,-0.028457518919146274,-0.2796747521109921,0.6121744271322236
1534,1534,0.5238146332796665,0.08964096302779573,-0.020246009040750256,-0.3353524713192184,0.1893732028413548,0.07061601752669808,0.5882550140643932,0.618217703653858,0.32078480166272383,0.2598960038414361,0.2538059018722706,-0.2541859280802134,0.5270915550651031,0.1730446042796848,-0.10586320859939272,0.19618704566264702,-0.1668253142175507,0.596938337229483
1536,1536,0.52017315646042,0.07771963927496237,-0.02089940410056163,-0.3858783289911558,0.13198618059184244,0.25088403156517747,0.23457111583894702,0.621802319026286,0.2901170035422985,0.42256504947269224,-0.23792266730992528,-0.6799364215572683,0.4954242123708077,-0.1717731676224331,-0.7848888151715813,0.17576234542585378,-0.17101073454740964,0.6141587059616368
1537,1537,0.5305117291590519,0.09217293655966154,-0.021451080836217697,-0.3257925920104238,0.15121931919599707,0.07180558833284573,0.5556499453159216,0.6224876896171379,0.3670085949431919,0.4128143460966263,0.473205591124164,-0.25298933715626404,0.4672269606693975,-0.02425276427249734,-0.2694851528452239,0.25490280885646177,-0.1799260105954333,0.6093233204075587
1539,1539,0.5189595093397897,0.05421423798812437,-0.04531949448946285,-0.4290092573154046,0.12215844139161795,0.21488410506347524,0.5859878567038708,0.5996241138554272,0.32498468695770744,0.40614455440166203,0.25209229115625104,-0.47083096353831666,0.4321109259809799,0.2506056458878365,-0.28871554670336885,0.22632696303474484,-0.22189836843502264,0.5800238206484413
1540,1540,0.5264000585353064,0.07550042290951943,-0.03904165708478412,-0.27282302399272157,0.20112883217657965,0.2511075007717385,0.581172669012375,0.5482708237736121,0.3301364912394321,0.3885357661951467,0.32044616351301863,-0.28032781953007213,0.4833335910924659,0.3286013275275993,-0.1314496724907442,0.2481300867504013,-0.18412843803797405,0.5541888737622725
1541,1541,0.5087895607156097,0.0926346071402691,-0.07149323700445642,-0.2509736727586398,0.17838093005270755,0.008653686422957052,0.5726922606959697,0.6216734283572232,0.31548119529448876,0.37241928212382375,-0.3162017686275057,-0.5156375778107137,0.5078360064819103,0.29836376933979214,-0.11083063458393543,0.2611432495685685,-0.17121519995627185,0.37136732570596676
1542,1542,0.5302933248831636,-1.8835096481824198,-0.03405934836238423,-0.4384410193981243,0.044040241797925206,-0.40865961678089346,-0.16186600454470257,0.5999707966994395,0.430128353597623,0.38244799808503227,0.07454110620486487,-0.6934753402593758,0.25440027162086537,-0.5595654836097826,-0.11741027373150333,-0.031250258744046966,-0.7350662921569645,0.3798226485206448
1543,1543,0.5101430287705827,-0.584782719339058,-0.09955016769715959,-0.3831831990078767,0.2020218731588016,0.2252788785558634,0.5856652909025009,0.615763730654666,0.4503196140940592,0.4003935513191859,0.4834606287020205,-0.2644724407006728,0.3221606360329886,0.21600481000894478,-0.12453171960656868,0.1538560926419456,-0.4650522120039857,0.5859510183306033
1544,1544,0.5298817753355567,-0.5608681907455854,-0.04323586234695843,-0.5136937315616945,0.09573395513139481,0.22147341293235767,0.4748247659539135,0.6226604437966294,0.4229393671261285,0.2894631047031555,0.4342667183537416,-0.27715967727156654,0.5341549208849556,-0.1403561016405705,-0.2527816921937913,0.031085983853221394,-0.1872134807580203,0.6090714921514387
1545,1545,0.5305463957313096,0.0920469058717138,-0.16538029394126216,-0.30964010840430833,0.19944564132866643,0.25136955741919464,0.5947408067218691,0.622098505851478,0.21646902250051825,0.41220977235054523,-0.10869931365229124,-0.3493997211305404,0.5381035612215201,0.26194919565577696,-0.11229479434163916,0.26323413867759554,-0.19570394502934954,0.5993104790307314
1546,1546,0.5243534113485318,-0.026825289369445032,-0.13963998625862023,-0.30548624391766666,0.19011220177342386,0.2512710950190283,0.5955186842870334,0.5883267680429923,0.43926415382664824,0.40100748236883516,0.42090672391694534,-0.2806205647434632,0.408127434564609,-1.8267209177729646,-0.6760729649179201,0.17364712273293637,-0.19669738547866952,0.5766308919713917
1547,1547,0.4309487588651074,0.09088308741456287,-0.17601695874973228,-0.31836837148979635,0.1777919647869412,-0.3377067964391164,0.5060224765025322,0.6125055291856834,0.10677898271796316,0.4007170165579461,-0.08215751876830113,-2.6785962979905467,0.09586247614763138,-0.23223397328073947,-0.9130506003919708,0.2218584810519703,-0.16728145560939225,0.6146873221708924
1548,1548,-0.2754342721845713,-2.080624294991072,-3.8282438171310407,-1.5262296820159937,-0.9602797612261011,-1.059332952813283,0.4010707581889751,-2.5004082497983005,0.4179548925947762,0.1611280472790625,0.3262048967451763,-0.7317711738083332,-4.089613029279076,0.0033553595629642885,-2.006557540519826,-2.9035414579937466,-1.227505089376085,-0.09141299682166448
1549,1549,0.5224260683271226,0.08642716251328868,-0.07608938703534043,-0.2846681671604627,0.09576005608163425,0.14968451653682724,0.5906295278303736,0.5961069161183785,0.18134822904347514,0.3660523319564627,0.3274594284949378,-0.2975263744969167,0.4451749329577468,0.22580801104253195,-0.1376399061912719,0.19515431662011926,-0.1747452588038578,0.6055401048494216
1550,1550,0.5304530111987689,0.044672934585392336,-0.03622829545183326,-0.4588400749602648,0.16645396715072955,0.18960584381340112,0.5852527320319953,0.6152607582571156,0.38702552482633346,0.3141191524961072,0.22830560834550395,-0.34829118087856975,0.5283955795185442,0.33048825793741354,-0.13252712420730506,0.15790901378780398,-0.2763199518292955,0.6067931297657477
1551,1551,0.4461454183215331,-1.6792408505956076,-0.18037310799802544,-1.0347070682841153,-0.321402610376481,0.2431863833621542,0.56220861346222,0.3681581608054492,0.4448240354807861,0.3775352346319422,0.4818797224892592,-0.3404396996742911,0.06442462711796104,-0.25665257729227964,-0.46012686953780546,0.17417624033878443,-1.2288948942079,0.5060670897476156
1552,1552,0.5253478758486286,0.043249961472417386,-0.033187939922930385,-0.38612100030757973,-0.16734423652677033,0.10621446672469001,0.5958624035322507,0.6080233277229287,0.433842115519223,0.42426622782789386,0.4364956450525761,-0.7012774677319704,0.4830492690890607,0.2222825645047646,-0.2399096857228036,0.10799238450285689,-0.32126084795112947,0.11263214624324203
1553,1553,0.5221297525843079,0.04390142349800416,-0.020064724700915516,-0.2546740508265037,0.12704869418655457,0.25530840993029225,0.5958234119706041,0.6220674008789306,0.46021697309068704,0.4223755025204257,0.24803334148985295,-0.2948086734254895,0.5353291270442369,0.07934276841810406,-0.10764376457317847,0.263232518428747,-0.2519313824431462,0.6031258678908789
1554,1554,-1.604988767769793,-1.0423764808091367,-1.057382477085382,-0.5495517902221962,-0.9857830405303429,-2.10861438476128,-1.926381742658004,-4.521998853947663,-2.703071582266375,-8.6753711089892,-1.272151694639527,-19.084241028820628,-1.8938926743683098,-4.067424723795465,-0.40119729777264895,0.14102734599934452,-6.44540061516044,-9.992597820301054
1555,1555,0.5305170051382756,0.07550960448563666,-0.023943704984180195,-0.3092033009072719,0.18746673197438896,0.11544697696022649,0.5730104761787701,0.6133186964575741,0.32270541138928616,0.4152383124591231,0.3684508970722427,-0.2779295247323431,0.5320335291617518,0.32909479828557586,-0.19563843588792285,0.26040586310219405,-0.16820264366988477,0.613843613807464
1556,1556,0.5305463665716875,-0.16488504270093257,-0.027863980121495092,-0.3681815613896767,0.19327594600786324,0.2472422550987288,0.5400338061795975,0.6215576831116498,0.48180327388977734,0.4090474531585982,0.485851233110765,-0.5677344029187125,0.28171360977297194,0.3303304835418061,-0.2616103903425945,0.099920732473462,-0.27102448374016114,0.5924533673447653
1557,1557,0.6413198833957873,0.3717036665914361,0.07137765976168925,0.034284865843620956,0.30730277053396887,-0.3537187120976204,0.4998993904114614,0.6354966470722446,0.5695418959264169,0.5240015036028194,0.34347554991167395,-0.499784417334342,0.23050903624532496,0.21101589745415059,-0.3700326721688547,-0.0007479651486278268,-0.008616017927917385,0.6289704520454591
1559,1559,0.6488731697428745,0.37797892053845744,0.06873847965780858,0.013351002734421854,0.42814796729187016,-0.25877912868965114,0.3100285763831365,0.6237548420108702,0.5728736671405527,0.5135467149993429,0.3989133641285025,-0.6007156947668515,0.2716347106450003,0.3325771125679937,-0.3201807058200474,-0.010258332458591039,0.03881767316027504,0.617893519010774
1560,1560,0.6492545651732116,0.33283570061671275,-0.011834938477825893,0.034268182325297894,0.43902414803363565,-0.29539036755993975,0.4624725362370799,0.5703952726889039,0.6166240615804681,0.5270655518726588,0.3782751087958349,-0.5536345518479654,0.14918664620555636,0.2656097599474587,-0.40617164405376177,-0.0037034913473845688,0.05386318445497646,0.17761073989909376
1561,1561,0.5228204296767002,0.30979564692952,0.07482436479352436,0.03409179592675863,0.3036725373681028,-0.3829194367867952,0.35831318165175047,0.6110647440668727,0.6309304350989018,0.46693146036488986,0.358538256767377,-0.592476470022631,0.10666963484401978,0.30308975222899254,-0.45226418432827875,0.005620060003277161,0.04990598994238122,0.6156353738283294
1562,1562,0.5018256436141946,0.33742916268136564,0.06341622643935761,0.03338644384114133,0.3796222547364316,-0.28137189766739773,0.3807956247891609,0.4480104886877068,0.5872126723977869,0.5194144294775919,0.3865616888701194,-0.731973120972685,0.053832435182338934,0.23283747839985516,-0.33665901945604465,0.002085386089428176,0.06046472691805613,0.6282067691766742
1563,1563,0.6073292361635829,0.34523145623640583,0.0750499912123435,0.030124615542737584,0.33975737925074573,-0.2722339779710097,0.3685130660002328,0.6364799920066098,0.43193841701397706,0.5278086529983239,0.4285782001322846,-0.5752045504517543,0.1860858573451769,0.3322208978286181,-0.3880077965123643,0.005562805430125379,0.059238477565578006,0.5049697565847248
1565,1565,0.591758107979787,0.3867018449604778,0.052955351565432233,0.03305510741171682,0.20454537170254833,-0.4301240845008901,0.4114057867492498,0.5073452572354534,0.31754579512170306,0.49430921006969863,0.4022773174877819,-0.8394882703939777,0.1891806452267361,0.2966055246380387,-0.4896350585389536,-0.0033766800222343185,0.029536595526871635,0.5077284035978631
1568,1568,0.25536141211057173,0.3816927241352203,0.07559665970959485,0.03277095388819072,0.31287712903409826,-0.25863007266385485,0.4989366824313811,0.38453561173509754,0.592564491849404,0.4764835748379919,-0.0616041892476894,-1.0295867284912366,0.2778370496794876,0.08387471609899821,-0.35119074910464615,-1.8065874304447685e-05,-0.07636215081871572,0.3708434558606166
1569,1569,0.06538761714161023,-4.526891517324334,-1.5000783008179264,-1.7754177609381845,-1.0755336406632674,-2.001238985399223,-1.679351443443829,-8.249762223529284,-10.96119617644981,-1.9524150928627757,-4.1222842804354505,-0.6524317470598968,-4.797222117163276,-5.141646160802056,-1.3576632780611884,-3.86448364547403,-2.3801672162495913,-3.5579436494841605
1570,1570,0.5908929150829465,0.3798880461392024,0.02401841231854688,0.03194401711448382,0.4322686406767362,-0.31107681779827795,0.4724377674830527,0.6389674663773773,0.5920038775071338,0.5210198812613343,-1.0222721858889476,-0.5492809645105398,0.2606270563462283,0.20769984199223734,-0.3101601855009335,-0.026868918666929788,-0.12842026507459758,0.5746748225418692
1571,1571,0.2280206472510662,0.3705434277327209,0.06909929246843904,0.03440601493728824,0.3640337747199646,-0.3823332490405582,0.36243297064517643,0.4251754397027331,0.4215687172148599,0.5281413217549669,0.3215327229361452,-0.656647961503575,-0.11253145951899807,-0.05615947162982904,-0.4829634069995996,0.002421308759289945,0.021915823633513264,0.46137460546516135
1572,1572,0.3271841463718941,0.3846169322658191,0.07464553355523189,0.03331379742686589,0.15726159267121093,-0.2651954634754118,0.3659407341377273,0.5065166472934248,0.6454881827061857,0.4130375457638425,0.42274303323077067,-0.563798568814718,0.20016371484795442,0.11083938450019498,-0.47022447164054615,-0.054652856066040596,0.04807677650036787,0.40308747583893384
1573,1573,0.29445831374354026,0.3622291109898164,0.0750902044693845,0.025157712074083575,0.210492439228556,-0.4732670339060926,0.3638707798756503,0.4982059899480783,0.5790085408976258,0.4993872279700232,0.3216295326093914,-0.5528468499791457,0.25321974719799145,0.11885854984653568,-0.34915741108080267,0.0006395002215431747,0.06061717603545573,0.5875376510651662
1574,1574,0.6446444224029996,0.3765564380730009,0.055864367967346146,0.020167811277046796,0.42818665630783187,-0.420395017577072,0.3245149775518232,0.5930434261334866,0.6402594838264629,0.5145033682591965,0.4012636701807434,-0.5120919805851354,0.2880470495420398,0.32304387626577585,-0.31060373544437747,-0.013068152763538683,0.05433074542591004,0.6272038586122779
1575,1575,0.648933947222637,0.3861465115941764,0.07568932250183695,-0.15766877010140246,0.26042128482841087,-0.2600960110982012,0.4928091352357662,0.6447360619193937,0.6501424121886473,0.5097419850298068,0.06124592634129861,-0.49058139784146915,0.28386443605359885,0.2729335228146678,-0.3104548518369815,0.003535691273516735,-0.007686012961402144,0.6285209903365804
1576,1576,0.5576224728361697,0.30088112325080835,0.07569057099499994,-0.25349644221656353,0.38991928963511724,-0.28552063783413323,0.42209941834189774,0.5644062832040417,0.6522213716762575,0.517809787351618,0.3941623549134278,-0.8183489299144793,0.28837756611742943,0.3384307560991481,-0.3173357633260311,0.001559049921999683,0.0531023343960874,0.5965911995027567
1577,1577,0.16955021214800714,0.11046371636231539,0.04492382034266502,0.01995822788507306,0.16556654230283402,-0.3613669594008745,0.4883184283510686,0.3776071365825309,0.4505874278961427,0.5139167447291889,0.4127488608117068,-0.5753687771204469,0.07049596536648559,0.2747579148513336,-0.31027799891075397,0.005659131401113645,-0.26615876605280875,0.46103245319896047
1578,1578,0.39042439085196007,0.27476876249835713,0.04964478609323801,0.033079999457385455,0.3773305951988259,-0.3083554451442812,0.40920845304920317,0.3354098288923831,0.6309380438588392,0.4765551996485605,0.370922433781369,-0.5635410905908711,0.00015827215014851959,0.21197486706284704,-0.3132238167372303,0.0041452983821578865,-0.48551572566027223,0.5410201648165602
1579,1579,0.3523639831991714,0.22883657557951956,0.05582115047989247,0.02402000423415345,0.43612013418616047,-0.33381035772767864,0.43376925448342823,0.33420887048023207,0.5606693804924171,0.5066320085592289,0.430251866372088,-0.49748976769242065,0.0330967382553457,0.20110041326438277,-0.3499083393562654,-0.052268180062155147,-0.09937801621458148,0.46265862883528414
1580,1580,0.5605527713573382,0.37862446476850753,0.061217249295137124,0.034359196534778626,0.2188528983534056,-0.3103263577193841,0.41506214032466027,0.5358230057562169,0.29099016474308226,0.46934566097604896,0.2491609000854769,-0.6506018068845237,0.13452090610204787,0.1935095625202264,-0.4349333972167342,0.0010898702690066786,0.022248273256976696,0.4693069315995463
1581,1581,0.5242626149922863,0.31719749071545283,0.06631222669224421,0.034005432889222635,0.3301685243317237,-0.32783109521603404,0.3510261826994574,0.6441672676502319,0.651667280089683,0.5165144117103017,0.13854690812404574,-0.6555529045384622,-0.05377228356132391,0.3057150824691727,-0.3529009092937067,0.003566512509544741,0.060456214297797795,0.5987081234887759
1582,1582,0.6309225695535147,0.3733303460114856,0.05392720114137543,0.020283489088067146,0.30220672979969143,-0.3763063611130158,0.4821247586317528,0.5883786155200185,0.5864675347032476,0.5284587855107667,0.14767058229358854,-0.6556613484290631,0.28402312495651183,0.19372091841821837,-0.37728553592686137,0.003991155321293825,-0.003747553997620473,0.628115973103205
1583,1583,0.6469708724458418,0.3796021149455082,0.07278910123301226,-0.058614004535690614,0.4120864046560524,-0.33164233073657096,0.06295922941320925,0.570838037688735,0.5615017486039993,0.49012855493393714,0.35322912123504946,-0.7178469059653386,0.24636230470811296,0.2558967963277409,-0.33948828052717733,0.00014823890830733318,-0.0073218816449579505,0.6239566413079913
1585,1585,0.5978751243476174,0.3551475015323089,0.0639511683369468,0.024830219605435057,0.3350752359100778,-0.3331934383573204,0.38880380840074225,0.5053305613402415,0.3753311300888715,0.5195061008847409,0.3147330386578657,-0.5201936175549664,0.1461118879215272,0.33661969714941015,-0.3533569890966642,0.005624148306684811,0.04367197976323723,0.6162039131604088
1586,1586,0.6383533586108617,0.3866692750442483,0.07103006463502312,0.034319893845428946,0.38568657230808684,-0.32255490651817365,0.34358783300409435,0.369629632391771,0.40574800336598227,0.526339207886892,0.22833991014077556,-0.5613454441336057,0.18878551979756175,0.1968245278078464,-0.39264908571107826,-0.004103636822935288,0.06063760815549462,0.5372144729168113
1587,1587,0.6376017700289007,0.3856602659108249,0.059926626376466674,0.012722877880688311,0.047597251995845746,-0.31421472779936366,0.48515469170359815,0.5872853222221489,0.4215687172148599,0.5192371860606031,0.29823813778229813,-0.6978724094570475,0.039677227752734995,0.19148580309052673,-0.31907824444498284,0.005272700616191905,-0.034342027974741104,0.46667347621133104
1588,1588,0.6498068184416259,0.385826807855384,0.07550969995751401,0.033073798117932554,0.37959730352092247,-0.3491664725848318,0.44943249027136406,0.6321726073445982,0.5772808586156728,0.527927149845574,0.2846063612010802,-0.5732714970028664,0.2883591648499911,0.25283694927257366,-0.31086622324706253,-0.013827184498984721,-0.052850399115810895,0.5440161115083617
1589,1589,0.6202442667828184,0.38598925545120305,0.07513255859557552,0.029699868470873962,0.13064490303090176,-0.2792252563565012,0.4853952892798545,0.6078919259701869,0.5861870156349587,0.47307224768075723,0.39295833982110306,-0.5139180058551279,0.11249871981776283,0.32737409584793264,-0.3206656212086342,0.00042397886865438994,0.06060017130827525,0.5711468588534977
1590,1590,0.5050090419318439,0.34356109711864424,0.046991190743149384,0.0342225109687651,0.30116843634804835,-0.3102062430927373,0.3959842652704493,0.6247473260460406,0.49241100619896605,0.523593508495714,0.1493017758798038,-0.5496139057574722,0.09840390620468556,0.2567294123235794,-0.31287516328104165,-0.027619560320040128,-0.10535791949602988,0.5881197767204998
1591,1591,0.611391991885889,0.38182160850869334,0.07111383833572006,0.021110844719233753,0.28707793591530484,-0.36578823960506834,0.026372621698205423,0.5537792257160749,0.6517913532388333,0.41161591988109436,0.204133529190265,-0.5502653158537417,0.1683668647895329,0.22773754744721564,-0.31026870187727573,0.0052398936487713,0.005454630564911911,0.47097156727097633
1593,1593,0.21437733262277064,-0.24578650290690585,0.0036107752168918067,-0.05680136674761754,0.2693000500870425,-0.25799864388196847,0.42358661362114525,0.4703742493941558,0.6310747704851267,0.5053346470366727,0.23221262091491682,-0.6163435896927774,0.17934022541493572,0.30202888376805426,-0.3372439167703067,-0.03309756387744013,-0.23255525334191435,0.43200214059416275
1594,1594,0.5522051110655654,0.010348205874636085,-0.4396408294503614,-0.7384182062168452,0.06407192343875506,-0.29334791728133597,0.4680371589208984,0.35188803874765245,-6.065290561007377,0.524520671672998,-0.5196826190922093,-0.586999238223344,0.04743197234086419,-2.021487180434111,-0.9351718099969752,-0.16334168182831282,0.028624861094610883,-0.11922205335041136
1596,1596,0.5637582963135183,0.3698497261042585,0.07485075623681424,0.029734694985369046,0.41452497743254635,-0.3812877124256574,0.24168707588384097,0.4063494917771121,0.58685393856959,0.5176036840110922,-0.02424472928886856,-0.7838206538154007,0.16267405381594605,0.21157954065794507,-0.4078970849216436,0.0031264904370023015,0.06038281119113629,0.5669356254800416
1597,1597,0.40932404907995035,0.2372809465092888,0.05291245159850519,-0.02972587119578489,0.3859229459376752,-0.26080178738088744,0.38019236635075476,0.3876784660790758,0.4995235508407474,0.48208702077792254,0.1604609737618774,-0.6476591554821864,0.21642233918289566,0.33819163067673375,-0.4457061317973483,0.005540450090036662,-0.18764830467523733,0.4448997298953261
1599,1599,0.25726559263263177,0.2792459833727554,0.0358787539367079,0.0008592513844711477,0.34205838614683226,-0.26402519672666097,0.1642079256796396,0.39671952192097154,0.5418467944506081,0.4371410171738319,0.14437535955472247,-0.5277964127972087,0.20233156554547305,0.11214098788391483,-0.3491378737664685,-0.02223204760911509,-0.005264071412431515,0.18915619151307822
1600,1600,0.27591378472775846,0.3830949469244159,0.0484574031916018,0.023358872404884073,0.017964993270855767,-0.3439794909385453,0.0053734960035239365,0.4241116584970286,0.43096109556070056,0.45984720472470747,-0.030955253721801024,-0.9595720441391125,0.24227509877022974,0.3382639470001476,-0.4292245034429305,0.005682196972651369,-0.12485362074289372,0.24197395538033667
1601,1601,0.4968959484461929,0.1599986820535578,0.04995745927512016,0.02823050153418971,0.3984307681517167,-0.31643631714219583,0.42287234592365386,0.4798502425625416,0.4485508001855011,0.5225663352798632,0.023069583549078343,-0.7077475613051046,-0.19621238395305685,0.18034227852808737,-0.37388457415369725,-0.05026600076474505,-0.42963194386307335,0.24478875948841133
1602,1602,0.4115335570678642,0.37911507472927014,0.03940027256215001,0.009354079246356908,0.4388009605647778,-0.26842936740036116,0.41278155674034,0.4213027012930106,0.584559083451752,0.46621684281942716,0.3944007873708074,-0.6786405941859918,-0.1064760499386323,0.1839733201327012,-0.43719629567265117,-0.06293804603224913,-0.20208267308973576,0.6070697380447048
1603,1603,0.27753423616900885,0.2264967029529846,0.03549958446564957,0.03125277686659978,0.367628076796292,-0.4359594792460406,0.06355267407731097,0.37703985033904097,0.5542323742938707,0.5281819406424625,0.07093067454914509,-0.6903676674155277,0.04284210839607985,0.15564863395858067,-0.46719616011452914,-0.048380434449215776,-0.10394660914890178,0.3430805217746347
1604,1604,-0.5807585858517708,-0.11139170142244043,0.059082293279040625,-0.1270768568592035,-1.067920077055229,-0.3212790749684384,-0.01362352176614745,0.1408929202465622,0.5868320310456618,0.2506554682187701,-5.445073716644514,-0.5508975711432237,0.28819845847182884,0.33483106947501995,-0.3316777191973366,-0.02332102165447236,-0.23729065269112354,-0.656650088505409
1605,1605,0.6464701643898755,0.38167607932478814,0.07455143265667985,-0.06160019128559456,0.03159345261795743,-0.25968891750246476,0.44512949742558106,0.6131494119806195,0.6467602656126903,-0.34027732813949974,0.3373896808899552,-0.5143344494189319,0.2813835306506682,-0.5695166613277869,-0.31384936592760393,0.005682340304070594,-1.1781640694496092,0.2819975276333157
1606,1606,0.6472716602429963,-1.011453596019484,-0.08836989163494388,-0.13488812653322463,0.11314621117460277,-0.25768368431253624,0.4226448271935428,0.6440391747367524,0.4957274233690925,0.03042747597444978,0.2744729114052764,-0.6608702906107025,0.28650857927352474,0.04366948379650348,-1.3199237215299764,0.005493438427379929,-0.23828536665759115,-0.16335700903789696
1607,1607,0.18739410130646472,0.36153384151936246,0.060559882527648545,0.03261930060676877,0.3602520799926771,-0.32659580462294263,0.2345020883736585,0.4788683445364834,0.6116677292525521,0.5197046710910721,0.21085775714983299,-0.6674549828882983,0.023006797623636888,0.23442808363160103,-0.3325841751882381,0.004545299368749901,-0.3097243742081091,0.31329805788341547
1608,1608,0.5892126222050305,0.055713692877485566,0.07569397463587062,0.029355549187559213,0.42463939681559604,-0.35088171011953245,0.2669973808766908,0.3817488767259027,0.6414974497139181,-0.24360029952098539,0.42837573043964056,-0.5594491389142333,0.17472349322155334,0.31012534811557385,-0.3278441176160215,0.005308435333451212,0.04790673508355607,-1.1975496387140112
1611,1611,0.3499660374498765,0.38498408105673604,0.05490554966577689,0.014060267025317222,0.30082778494280615,-0.2757120827671558,0.4333398853126076,0.6151682572924153,0.5948929988638658,0.48639211076429334,0.11265946437728236,-0.7529454891913946,0.16592319195792504,0.31969545682474226,-0.40025665961952894,0.005472551512007698,0.05580563609876326,0.5470172663594738
1612,1612,0.37231783223193105,0.3792007590196304,0.07527004192427739,0.012615464813634018,0.3854022438406723,-0.28543529217973446,0.1969240859277986,0.5522933509223003,0.5100333213602706,0.4151213813446558,0.40337607616114524,-0.5835239378558059,0.18922011457735416,0.24616132145953318,-0.32538365546854764,0.0011911971606982348,0.026551840977952636,0.5567622399054359
1613,1613,0.4936453789504306,0.23973793595061593,0.07568585345351043,-0.006295789817995334,0.17264654000650104,-0.344664634861212,0.11033324481354556,0.5410856636179133,0.479261358235764,0.49985291410326554,0.11499700794709727,-0.6604578942715149,0.20622035201414382,0.2948301525102468,-0.3795409211726226,0.005662578253854076,0.009800553503138368,0.6020078198244471
1614,1614,0.4691989799496963,0.38662790449878376,0.07569275665530857,0.03433282386366672,0.26206727253883777,-0.2719681560244041,0.13771171674792848,0.4110754105083533,0.6229582013227487,0.4956656569384323,0.41088116980618655,-0.780777525185468,0.2024785584885036,0.26398649153713405,-0.41111182969216215,0.003949635724714953,-0.030313087564024066,0.5540723715232505
1615,1615,0.5509310105240101,0.21873958268453694,0.054953355176510024,0.02914101065153777,-0.05219643984934219,-0.3826827394564592,0.48220948902183375,0.49744869118569923,0.531307208696888,0.5069937439591817,0.3072276594756937,-0.542507765032273,0.2736008721767993,0.3215666233082795,-0.3111573527699765,0.0024374883297247,0.04018296260697359,0.49119963701190794
1617,1617,0.07900508775475523,0.7799890547305144,-1.5730327042275807,-0.6596599533911056,-1.1200897061341264,-1.7949401458630365,0.2994088729232379,0.6393186854090537,0.20972011274093438,-0.7514004900645954,1.3897102248124822,-1.0262677513170897,0.9117277198853695,-0.017740591161821195,-1.6929650685941366,-2.50492844893729,-0.4224341446348777,-0.7266519249898702
1618,1618,0.3879097060286945,0.6897600300212923,-0.8168575504828111,-0.560001894417436,-0.09232087244209253,-1.0908941592184584,0.2672456035796106,0.9918868560214793,0.44990278643311626,0.31735580719823436,0.05036287851656995,-0.7354226413977246,1.1564961753640546,0.24066425197867788,-0.9089107568536284,-1.6052563910007713,-0.5574327851307019,0.3357305322657261
1619,1619,0.13742945120212868,0.32832428851561535,-0.5615471452117777,-0.5474203590298532,-0.219561256726567,-0.2982847239599543,-0.6006226137848498,1.1760947189769266,0.4064793324329036,0.5280321842408383,0.7282541791463051,-0.2716566354278772,1.0808791374411404,0.24870384887551938,-0.7020240634098626,-1.3836911208921727,-0.8562615383412263,0.5298057950156294
1620,1620,0.25360319786489816,0.7851051515028878,-0.6352002763757975,-0.5486446483327432,-0.6019875779758102,-0.9714857330818525,-0.015285515911933722,0.9080714050429726,0.41917710769050426,0.39140207824537865,0.3210746190017506,-0.8988580166823708,0.9390534920140107,0.24626544750233545,-0.8195466880704938,-1.465695284891637,-0.6807284723170314,0.0884976019557544
1622,1622,0.36508414431345804,0.18057146849337558,-0.6825012731198064,-0.5615967030426557,-0.4771137069701046,-0.5850647336287566,0.11122409436255393,1.0256116673679916,0.44039395805562886,0.4395799033513819,-0.33434625816939745,-0.8625708688048401,0.7656506738073764,0.011669088830419672,-0.8427049591443136,-1.5343726592173073,-0.6206457639861112,0.39788739081247754
1623,1623,-0.02143664044236493,0.2703645575066238,-0.47589025854854006,-0.5436142752527541,-0.9453301540657764,-0.2739597448412432,-0.7606785692047395,1.201452509587169,0.3201601492201315,0.5348579412576364,0.17474992213397877,-0.29266350834405286,0.8952755504280527,0.19768397950037506,-0.6469019092808532,-1.255783020297882,-0.781456519462319,0.6286792171648532
1624,1624,0.2449414095997795,0.6950789208534102,-0.8216203157744915,-0.889401167584794,0.4535554983764689,-0.2787894735932833,0.17547932218835272,0.9646562359145022,0.7114992202003563,0.24208785121998988,1.1438667463936247,-0.4777781495813019,0.83055877803846,0.26662299486762187,-0.9126761429183198,-1.522065843477706,-0.6498792330650099,0.4306577811830535
1625,1625,-0.3723086480022747,0.06360395915906003,-0.8042793525618293,-0.8275295003009205,0.8688526837984543,-0.12111734848546933,-2.510337091605286,0.6624932244621952,-1.4059069628951588,0.2779683617930051,1.0337046922423607,-0.4339156427281715,0.4381407591752406,0.2381766703587775,-0.9035183746587696,-1.4585426850131813,-0.7151261038267922,0.3493383660078082
1626,1626,0.10846456390698345,-0.08029201471848246,-0.7982189799904065,-0.8604414406239546,0.7536374197575728,-0.15909949607822022,-0.15943792424739966,0.9737407841088335,-0.04234794849736634,0.3615121415763845,0.8565443806716723,-0.44240850646777813,0.6360494818694835,0.27266545710129836,-0.8907628457609487,-1.4614236047565041,-0.692431876607121,0.3836032256813222
1628,1628,0.0889577866185274,0.263095666592897,-0.808868865627641,-0.8473856085582165,0.8353761463948196,-0.11763901448270374,-0.21075478267686298,0.9727639846833628,0.34268159337596876,0.29599191505551614,1.204634314030579,-0.408076221496169,0.8323660131111457,0.273433126669993,-0.8977623183612736,-1.4810973105748317,-0.6363945731268588,0.28997737187317374
1629,1629,0.4302268128821952,0.8632592019409954,-0.9203977171121972,-0.5696692609746424,-1.4141895068389003,-0.9652048536883211,0.5200201684524255,0.9405686148926047,0.445780419385448,0.3010836175318564,0.8195171207932179,-1.168686301015771,1.041430361359752,0.06463153221490225,-1.1302138355591766,-1.7462024069757058,-0.538655062448454,0.15242778140878943
1631,1631,-0.4643595073487409,0.06586285271880732,-0.5044020735704338,-0.6076659197648129,1.0177343739101439,0.13171698087100547,-0.22755517277401438,0.8311647050108811,0.24803406611657294,-0.1095257104006796,1.098754076154389,-0.5069033776774038,-0.3228067217658932,0.03611997098053277,-0.6131889204282926,-1.1923893371935248,-0.6981192346643901,0.585903254857105
1632,1632,-0.582506546822237,0.24472546910714804,-0.4398534160110463,-0.585263273104818,0.8977828401429229,0.1255992168928038,-0.24673760835386593,0.76389364928455,0.16559318416411073,-0.09105927784022244,1.2075351316869678,-0.3988023972427732,0.7989779060011553,0.3686763228416545,-0.6143174669758276,-1.1632625758153292,-0.6336974188830566,0.5254377424244396
1634,1634,-0.2860441842419569,0.029106213189935337,-0.6115525323767872,-0.6804147482950479,-0.2918623271003762,-0.08408059019525471,-0.1590049351592826,0.829004756662863,0.17115531764253156,0.0890886344700203,0.8419947209044996,-0.6416492010642871,0.16344941443387084,0.321640819112921,-0.6562789662130718,-1.2524007599467752,-0.4343366103715011,0.4352412376497289
1635,1635,-0.794261075167283,0.16513489938532544,-1.3731505660783285,-0.7294482304690414,-1.1767247430309307,-1.536636983341814,-1.0702554460740195,0.9376356750655934,-0.19701710881997142,-0.28891485676470696,1.032650394778916,-1.1239934206130497,0.5978316793829102,0.3049475799756459,-1.8174613626460068,-2.7759331965067577,-0.4539582410643525,-0.3166019269127881
1638,1638,-0.7361855853837871,-0.3788256843024025,-0.4319293571796273,-0.5731509104576676,1.0034367107227797,0.130728203851824,-0.2689182933852827,0.7973709031151789,0.24928051214902708,0.06393820365003394,1.2240235603454117,-0.27800672724872,0.5865543596725227,0.37460711159102933,-0.596427524080356,-1.1491497397887411,-0.7664771513039514,0.6249949809362096
1641,1641,-2.3695873706264385,-2.6735317481643786,-0.5010012123379043,-0.6572938375350041,-3.354204972725721,-0.5618778521297779,-1.671681709215724,0.7222496167504734,0.212542354119566,-0.6159758080548671,1.1839260515521883,-0.7736455703205833,-0.9972986451869128,0.3090917399931894,-0.7682118131697995,-1.3054393410144063,-0.7585791475419796,0.15881369915056676
1643,1643,-0.619159639285073,-0.0534904837282687,-0.45810802637879,-0.5950940430554901,0.9824268553403815,0.14279703502568333,-0.3742683423962351,0.9737655826503729,0.23640493000442891,-0.12134865598512756,1.0939557227519292,-0.33774107242244344,0.6439034060925175,0.36018578562214,-0.611227650095693,-1.173243046294702,-0.5707708723446916,0.6713930900029835
1645,1645,-0.5889528293261473,0.29454628252568443,-0.4078310477928432,-0.5803907377370404,1.0609065541627547,0.1529977197464808,-0.15913149512971114,0.6695483189466112,0.14733908129142317,0.0035067759340222104,0.510927697852507,-0.2807199221319583,0.950693228165498,0.3646458641108042,-0.573014465023538,-1.1254310271335828,-0.7488979683298416,0.2954383894784363
1646,1646,0.3330862309612577,-0.166253956298062,-0.7344543721712784,-0.8586922283503591,-0.38364410238972146,-0.8701793230215811,-0.007492747261524066,-0.27767139056732065,0.3511195098331854,-0.9236958354517848,-0.17860604841840008,-1.0297574727562553,0.16539733749881552,-0.5923539706084031,-0.8857365525836469,-1.1581096507787538,-1.3052002507411646,-0.9673764054472336
1648,1648,0.3092183058546855,-0.10437865091027462,-0.7294328756047295,-0.923801679717122,-0.4756361883551039,-0.8910788660206892,-0.039572058520146725,-0.14833433803572874,0.3075854666491774,-0.9232388537282974,-0.24922202475801813,-1.1864046615141897,0.15517078250327618,-0.6535787307644872,-0.941129364771413,-1.1700076854732562,-1.3225389675974841,-0.9764165863339829
1649,1649,0.32721257935979875,-0.1349718367693111,-0.7586295046590295,-0.9207027028765447,-0.2420159739859609,-0.7337443560542127,-0.006044421460301191,-0.0789424765456028,0.4128188398771081,-0.8815498813463067,-0.2028740455695264,-0.962736281444659,0.21989970940847883,-0.5157442582784609,-0.9324237509362352,-1.2685956055809546,-1.277193005418591,-0.8763180721661725
1650,1650,0.19861309418960016,-0.2719592819070801,-0.5994650416377654,-0.7833880906393238,-0.45883128126975936,-0.6782260909649725,-0.19197506752769214,-0.13528465037898202,-0.12315794896768151,-0.8104773964771282,-0.3801241843501568,-0.935488263344576,-0.04349160628127752,-0.6834829219691952,-0.6521461194361048,-0.9330267049536971,-1.2633134624583162,-0.9148707894969934
1651,1651,-0.16418148281872175,-0.3777157662242342,-0.5864147502340225,-0.8026806643981871,-0.27547020679824674,-0.5535943900445238,-0.4698641335783543,-0.06676813773086145,-0.27808103722279187,-0.6581638543390931,-0.3106460477326237,-0.7539658538987266,-0.10867341576441752,-0.5328024305680825,-0.5971918502210614,-1.1701806664388166,-1.13640779489952,-0.8258640117351582
1652,1652,0.30380987273140625,-0.14161890916338538,-0.616469799322213,-0.875675503200001,-0.3282047348858008,-0.6033891763422391,-0.13427679341145213,-0.09413564808699237,0.30532315233439544,-0.8557479091341775,-0.07982758871683601,-0.8134447180344645,-0.06757917247635392,-0.6189039603268565,-0.67397124388195,-0.9619197751543593,-1.2386088146690832,-0.8049083631738211
1653,1653,-0.11684703870843799,-0.5089315967869781,-0.5690537677726855,-0.8158513002387892,-0.21717785375726087,-0.5245042105621124,-0.48554842410935944,-0.06412272814053771,0.15106618514975279,-0.7173891618500474,-0.34857443528212484,-0.7137725807987066,-0.2716283375253479,-0.5688769815990788,-0.579014722543335,-1.0649584161436236,-1.1952202104464074,-0.8683322786478781
1655,1655,0.26395252270767616,-0.09960268280870221,-0.57590967206631,-1.0893711709566916,-0.1912674762974083,-0.47562804958885013,-0.234851378944052,-0.019919220969811025,0.3551429730154667,-0.6859053195490348,-0.263321914281604,-0.8875165023675113,-0.05517560370808339,-0.4612728519007276,-0.6172119827358329,-0.918764050907362,-0.9908268093472619,-0.687428008127595
1656,1656,0.20093383189453476,-0.18543613715579627,-0.5861101442821919,-0.738947371055244,-0.39446698494376264,-0.5810712949790227,-0.19338109249310853,-0.21202163481545983,0.23874460408033052,-0.7226688499350251,-0.3505819592278141,-0.8162157063012443,-0.21618437290315184,-0.572329664087689,-0.600013102303979,-0.9126483295103788,-1.1891831373773938,-0.8761686665545484
1657,1657,-0.04639670275636848,-0.26345975480911565,-0.5666295161097917,-0.7217653132333274,-0.35960588531049975,-0.6137440765691545,-0.4992640589469763,0.0005505854455310211,-0.31216951978783425,-0.7157207660089515,-0.4122102215363337,-0.7835498410121455,-0.013570604967964361,-0.6409179518276304,-0.5801183523015225,-1.0210423514330964,-1.0872521838745397,-0.9159034719068201
1658,1658,-0.12902743622497953,-0.06623777802401017,-0.9679030426367204,-0.5203433189506856,0.44596461377050345,-0.15181676200153776,-0.21196304973435973,0.4912306831332021,0.02176022550608836,-0.16102488455483938,-0.008647108506940115,-1.1573366462614674,0.49932817041532673,0.29648473733971076,-0.8987932275545776,-1.4869038463120352,0.05501491536281503,0.3736005207217017
1659,1659,-1.4275579347392555,-0.7486092524684933,-1.6488911847308994,-0.8246592003109412,-1.2699843417777428,-0.988308188106052,-1.4070443749466965,-0.06955274386681726,-1.2679755625477795,-0.584292836886634,0.019733324964530397,-2.8365158574954514,-0.12086225272405843,-0.20508639905081383,-2.129223355492625,-2.7494474617046363,-0.8942541377075338,0.1726496302534059
1660,1660,-0.345589141291464,-0.24285233729013228,-1.0287791899230627,-0.489368827205379,0.49464607497666935,-0.19251112245847787,-0.4581810767443669,0.38451419656705843,-0.3680900847442632,-0.14735859654448386,0.3628233005308848,-0.6502260421173149,0.4447326068035274,0.2509434386329715,-1.0541655572088844,-1.6333262355099865,0.027335965374944125,0.44487507703624607
1661,1661,-0.20219220858844666,-0.16142221440229595,-0.9966910092142173,-0.596712630501597,0.2418420006265401,-0.15283118593823422,-0.2912444888822573,0.421923201764695,-0.07020241453085027,-0.13546055303760976,0.34308701208727754,-0.6272634154068601,0.4535539183952977,0.17712299398336043,-0.8916173548689891,-1.5192986650553697,0.055169514798120114,0.4100230470243596
1663,1663,-1.0838646877782439,-1.0974510561724116,-1.076208458130045,-0.8680247335934375,0.3547438356179296,-0.7858475927317906,-1.1823171677841744,0.39255493980531386,-0.1730746381169409,-0.4993168383777018,-0.02332427736078807,-0.6991953380406448,-1.0608971651378638,0.21759675985856158,-1.0604998323711097,-1.7274266081738394,-0.013382950375137898,0.29051198285976354
1664,1664,-0.15805088493688693,-0.08775923307248748,-0.9976980082652556,-0.46706493829914003,0.5290779373942733,-0.15732327297682563,-0.26186722408014235,0.4350864535938251,-0.055069204823036164,-0.15628100212116391,-0.0861846183201549,-0.7200958474456917,0.33685364782744665,0.3246992506901307,-0.9210820034541606,-1.5260753118620947,0.054711521576473035,0.5001059673743838
1665,1665,-4.507063984852421,-1.2692409405593206,-2.575803487679863,-1.855699170005251,0.5027091751107189,-3.8446428101153876,-3.388246250359765,-0.6806706860259062,-3.534006466241943,-3.179634578898073,0.2433725453879721,-1.7999557700816162,-2.5109552226159586,0.4544910801522198,-3.582143297159142,-5.215784430839344,-1.9588928922468993,-2.9871127860346265
1666,1666,-0.1714816975727758,-0.22100667949416666,-0.9592085971287925,-0.4920590134887012,-0.05717008134706891,-0.2759538829142978,-0.226084057420479,0.48504092860917436,0.01714291118386905,-0.11306940024074608,0.4076247280791407,-0.710914813975228,0.20662735363444196,0.2251199506885022,-0.8755250378633059,-1.5119900313716088,0.03742507901470324,0.5095939719319176
1667,1667,-0.19947833073031504,-0.39614866997749315,-0.9912134414764441,-0.4943059547545168,0.4544429221896152,-0.15556214488497294,-0.28007816821930404,0.48941321478583577,-0.3947886492314714,-0.17227117202422193,-0.042976135878527666,-0.6002238353379821,0.4268239051453645,0.18041120519753134,-0.850807051009288,-1.508058720887351,-0.04069997412691986,0.5519483167622012
1668,1668,-0.18384432831361436,-0.05391225554227629,-1.001007570228891,-0.3831788308622,0.43650648666263997,-0.14967679504896347,-0.25124313476880256,0.40893737008603215,-0.004345798477580307,-0.13071048470011842,0.4462989504352339,-0.6525051128973653,0.30172208039224946,0.06235838112002767,-0.8729073433864232,-1.5148083115127469,0.037733737524060854,0.40582079687544836
1669,1669,-0.6079021321709284,-0.16470729943434792,-1.1689236295671084,-0.7324327828119956,0.43008879035364567,-0.32378566534589837,-0.7313279258310745,0.40654043598810374,-0.5196154571768303,-0.2913512943859317,0.3210614571038156,-1.34464694068199,0.2517253355051715,0.2510642573545722,-1.4104249575882801,-1.9569035022053003,-0.1234437477316431,-0.10082887445673905
1670,1670,-0.7713981199939456,-0.2964512632138146,-1.2687648420334396,-0.6798303188966006,-0.010962916339709694,-0.1999497409029601,-0.6964241185725577,0.48402260428049393,-0.6150146171277165,-0.5839987436484213,-0.7787743598946875,-0.5766096264057006,0.32619496704243306,0.40948285896216174,-1.1969291414586885,-1.8527976267437034,-0.46446371498418226,0.5262515891011172
1671,1671,-0.6803072410911886,-0.1867186772112306,-0.972480908012044,-0.493521735510733,-1.9734424251912934,-0.2541569545495368,-0.7889819185272247,0.07676879989783925,-0.5809706248819371,-0.25151019435595745,-0.33236455151158917,-0.6359017950713501,0.1350301630900268,0.3853956838033222,-0.9463613886844803,-1.863906959115827,0.000484869246128089,0.506614487995187
1672,1672,-1.5333145765410472,-0.5964651241323462,-1.4430774572951885,-0.7328823408317277,0.37457299597529875,-1.0866931840730345,-1.5421649736892182,0.2541339744722007,-1.4929963318653392,-0.7819770218085167,-0.02324734925873312,-1.0720824547045846,-0.1753686348956237,0.20215044489819994,-1.723960077204477,-2.5615546544375998,-0.443229383585526,-0.024580742975332637
1674,1674,0.09806164362867517,-0.6238507058536027,-0.8653298425264064,-0.9012084090617324,0.0880288947474067,-0.5540300436980622,-0.3110530926225696,0.030572554398567788,0.13315013084208832,-0.5653571191982579,-0.26293272884854724,-0.6209451050448733,0.411919108619592,-0.32268946372325485,-0.6804455830157241,-1.1848970270837165,-0.8594112822226787,-0.5402055318441535
1675,1675,0.041633645785414015,-0.20575942312756124,-1.2900314054458386,-1.1558402939184278,-0.2639425660024711,-0.5431221364894747,-0.40447748429807034,-0.02713083635098723,-0.42736160549965946,-0.6267088603098955,-0.3323521640574646,-0.6531052842610567,0.32009636522171075,-0.3821084683840031,-1.0880907856373734,-1.7394918397069419,-0.9495227353408986,-0.5398258910479121
1676,1676,0.06620526575986176,-0.20197664465472998,-1.1232218154748939,-1.0409837011134033,-0.2721911491993932,-0.5446759085488297,-0.40178435425127856,-0.01018289186512852,-0.41922388676497957,-0.6020885511878515,-0.31223687087851015,-0.6547422567393298,0.3584997505914488,-0.35896679600468817,-0.913758108004115,-1.5262145810699248,-0.8983382571859038,-0.5420125152697789
1677,1677,-0.5448944460858344,-0.17425225885793866,-2.267475854777323,-1.8094318009527652,-0.2328771270967337,-0.7716456985248915,-0.5862855054084608,-0.1376525416798893,-1.2010562366489097,-1.225274570013933,-0.3944673136950593,-1.444231179274514,0.24528794657187683,-0.5805493829544431,-1.9782560403134686,-3.338018116267379,-1.0350714619745178,-0.593241513613107
1678,1678,0.09832503775291093,-0.263809674529924,-1.111601540309195,-1.0357293364903652,-0.11477174847459587,-0.52054806268994,-0.35188230914882024,0.0030347526011738576,-0.23850582894699773,-0.5885662104938606,-0.28854843334091035,-0.6383633773831728,0.36001965208670084,-0.3500001328694016,-0.8062079921562143,-1.3319781321924145,-0.8878864977120136,-0.5596201087998404
1680,1680,-2.431416386985161,-0.7616480220397784,-4.046016735443737,-3.1294717530825285,-1.172529614828564,-1.4527487902923437,-1.7124467299919708,-2.21491695768355,-2.4447194275919166,-2.1732360620582845,-1.1422048745935174,-1.9390767814236167,-0.44392718402011333,-1.434083733479317,-4.727428093542532,-6.147006196361676,-2.0114608956211057,-1.2895078413736367
1681,1681,-0.1357593215960273,-0.1250709656608423,-1.508596910548592,-1.2026863872885696,0.03000814833725511,-0.5473773930915329,-0.46951291283800933,-0.02155492221675572,-0.569672231730962,-0.6096592148459574,-0.32688445126323995,-0.6967803520376208,0.27684432160745476,-0.37634668427917556,-1.383399430626552,-2.023339999345789,-0.9147946785367727,-0.5450428087916216
1682,1682,0.015005121056009865,-0.30632020710793795,-1.7054418800901074,-1.227366345287498,-0.049821575148986295,-0.5248350382747796,-0.4230373079452989,-0.10518199768797347,-0.13759093475239834,-0.6425282923198102,-0.3623348919751861,-0.8805338824338687,0.2619496172083636,-0.48865136849633023,-1.4839951139906,-1.7598993272792747,-0.9388601628211612,-0.5478671787771422
1683,1683,0.11083606981203051,-0.17047839279045515,-1.0770785590337413,-1.0914077662283728,0.0573982106637997,-0.5104480846370288,-0.35202422089633195,0.013954951060203306,0.07540247620309287,-0.5890815501143828,-0.2762334718789651,-0.7109030790067682,0.3851291845434947,-0.34373177188194964,-0.9611205055281069,-1.4897327852724458,-0.8775258112358779,-0.5047308334830559
1684,1684,-0.3353868533533513,-1.0294891264017358,-1.0798994331265939,-0.8816540676281763,0.06567006364200872,-0.5150314172747373,-0.5223443345232414,0.01148665148189543,0.10344674698690019,-0.6570610512994701,-0.6583106103229988,-0.7603038730224493,-0.07105439235156541,-0.39005384339866145,-0.8402208835535597,-1.0949536076382382,-0.8883591954814002,-0.5058243787251022
1685,1685,-0.6196760946474162,-0.1745221677350006,-2.0208111402581954,-1.3769263235662612,-0.5504880331718276,-0.9916166023761334,-0.5595586438549551,-0.11571191839896797,-0.6226970603485676,-1.029907248696753,-0.4080553822467433,-1.2161700008037575,0.28295867230635297,-0.4711862199114303,-2.4243730734102935,-3.323350554564615,-0.9860496078269523,-0.6947618561443984
1686,1686,0.11464049342506233,-0.13763168510242973,-1.2105983878327862,-1.419448283954483,0.03243928191795189,-0.5077116447665778,-0.3326108779442984,0.004484579875541057,0.09541447212298391,-0.5946671258299484,-0.3462807498104685,-0.684983703949202,0.39047207635074976,-0.3327558064925131,-1.1749727083379728,-1.7187230148578005,-0.8714276905085745,-0.5233910363887397
1687,1687,-0.08269592146521604,-0.1915246722431607,-1.3498165433420506,-1.0256743359983072,-0.04279417235873684,-0.5424654025140276,-0.39595146696716954,-0.00729822033631773,-0.5537470402317212,-0.6395036237993894,-0.3095181675057847,-0.748279595843287,0.2535114310337887,-0.3566457233588596,-1.3473742168228375,-2.036985323185397,-0.9053967680029121,-0.5258707024786314
1688,1688,0.6583881282751517,-0.8825789135242659,-4.277202765841304,-4.118815811423087,0.5479701006658635,-1.4623642801882601,0.15356203806703844,-1.9879473708413304,0.22557624356551864,-1.747068470073115,-0.16351085561403444,-1.9979933598859811,-0.4825658417542473,-1.973406078174131,-3.9870026627836292,-4.18900890825444,-2.99105607988409,-1.416578677838439
1689,1689,0.5836889795122722,-0.7349854134232079,-4.089719757158899,-5.120399793890067,0.41481358819932124,-1.9337581350128283,0.2251024884034289,-2.9163875271736064,-0.05027329666060609,-1.7501023259512403,-0.16855951121321733,-1.9357805940748762,-0.5614406576344398,-1.958852476798377,-3.9421236982519896,-4.088238283178722,-3.1577048459324266,-1.9200821815499636
1691,1691,0.37784826274688804,-0.7852643947641441,-4.235934000337819,-4.1105499134109795,0.4900385747220269,-2.012611576589885,0.3039502689263128,-1.4396889083088,-0.2810309843269887,-2.4933029823877613,-0.05392579101841721,-1.816111399807611,-0.2595983677267069,-2.066250400420793,-4.498989713315977,-4.729379958838494,-2.0184915590549117,-1.792294092297548
1692,1692,0.5608379031457951,-0.2556145940294158,-4.016346408753537,-4.144148200537552,0.5682439723923823,-1.7228941165861835,0.3115250831886016,-1.930430283052837,-0.2605679417421587,-1.7554665833921292,-0.18281291674384936,-2.246150067855461,-0.24393434432406724,-2.5281074946488884,-4.294517839013802,-4.650375529819204,-2.713641120955767,-1.962971734937284
1693,1693,0.5908564346501933,-0.36633456685492893,-3.8792779008158167,-4.317343621524382,0.5598740144455665,-1.9303467925121156,0.28271957448386076,-1.2830725270985446,-0.26147482833303315,-1.9968497086388832,-0.04134480921253403,-1.5316354745211729,-0.33643901166549395,-1.7681330084005666,-3.5531196728219943,-4.303476189494598,-2.459845413810198,-0.8192172233348529
1694,1694,0.37687240208462935,-0.1839777188345141,-4.04522149839733,-3.7132572102189876,0.5973502686654656,-2.1267401373507786,0.23775369730384205,-1.5523086604599163,0.27311949444227607,-2.2055408741095768,-0.04395079929950285,-1.9517518344330382,-0.2698150731290066,-2.283456673431215,-3.9756392510877996,-4.456317077667709,-2.076214222496249,-0.6325222765914105
1695,1695,0.40399751071141154,-0.308276742059339,-4.156441269831711,-4.151610324406116,-0.22071873427512323,-2.7882276057337685,0.28986044688522294,-1.7576041884480584,-3.959578197779627,-2.9447582467192075,-0.1572934124214922,-2.4616973992199993,-0.130575956073885,-1.9739353026271227,-3.8917906168790477,-4.876426317260024,-2.9289907772729253,-2.3247391377567643
1697,1697,0.12193411170119628,-0.14344909796782324,-3.9201714095975566,-3.5938397788293286,0.07487916266194317,-1.7109727663741396,0.1599053718558706,-0.934672130599812,0.037549115277968004,-2.5011814162263564,-0.008552748621409367,-3.0739949259159047,-0.17306957526272343,-0.5700268109501289,-4.0591906671713485,-4.188772912731605,-1.762111222805384,-1.073230251856219
1698,1698,0.5036666139525768,-0.14161507969471077,-3.6217784718900456,-3.5620438131437355,0.5992747415962223,-1.8334938540367318,0.28159373051112585,-1.1016894845043819,-0.38361243762467057,-0.7161097273825672,0.17291576139869436,-1.9543889998606006,-0.465896417925442,-2.130659491028233,-3.721445771729365,-3.7961615397302233,-1.7103565088488109,0.031989013662026666
1700,1700,0.6601482033258365,-0.5111238117445162,-3.946611231920996,-4.218319710889892,0.4517626041634464,-1.6773948332910171,0.18480420387296553,-1.841392167863243,-0.028968806983414308,-1.979950800931185,-0.5695968672670259,-2.472742610410541,-0.3261981518007351,-2.0022279984569242,-3.6968056642587808,-4.19951184156862,-1.8881650306473747,-2.2139410674097664
1701,1701,0.621585423104146,-0.9782584677816863,-3.3877244198975482,-4.033472751645595,0.4717051509702911,-1.788504374781795,0.2616130619825422,-0.9247320639265204,0.18159632492802802,-1.8860406145508268,-0.3047585576853409,-2.6977073641479503,-0.6045394789890682,-2.4335049607324346,-3.872998651309277,-3.9324438118016785,-2.0427855612383423,-1.4787904483877692
1702,1702,0.10588005300629622,-1.4639537168831847,-3.4540171944334968,-3.8577557560563562,0.6056756740516981,-0.8488079997819383,-0.3175076614722325,-1.5743675119691733,0.5721772881542853,-1.2917303881915874,-0.1273779198546688,-1.4486618232437,-1.2567258160137338,-2.635399476376338,-3.1246278057643266,-3.108989471653083,-1.9269753724369076,-1.926443344260338
1703,1703,-1.0852578336376257,-0.650442878474502,-1.5807226920247344,-1.2920054829209298,1.0651865806977807,-1.3274352350449126,-1.4616457448272677,0.15143193099376648,-1.7699687679295233,-0.9415740922930537,-0.599296259137019,-0.8303393350347998,-0.3526365186382926,-0.02043037844779186,-1.6662575862768438,-2.662276996291576,-0.8304753370978113,0.11338845277331666
1704,1704,-1.0068100337480872,-0.3393704518441048,-1.5555568633388175,-1.2481695015408198,1.0874607888418324,-1.0106000311007246,-1.3909005670091337,0.35890615800002645,-1.5340952853557395,-0.9375901905881002,0.014085058963407948,-0.7865235289622019,-0.373874284336698,-0.01702826824221259,-1.6784076038494806,-2.6590215219557676,-0.800808976277562,0.021289216042318704
1705,1705,-0.9484455777578216,-0.3449034837847048,-1.5820915470181176,-1.3200040921787146,1.0848040750036405,-0.9508209420753049,-1.1611036324199242,0.26364225329282326,-1.5246695475647523,-0.7696972913918202,-0.24450771117468761,-0.736275337338703,0.11374559543127144,0.012373491042876774,-1.7309337318746107,-2.637890567110013,-1.0203347072316382,0.155769868670697
1706,1706,-0.5287503825151072,0.037120954114265,-1.3946425691996271,-1.169212742327788,0.44030817127078725,-1.1370097426625785,-0.6697667559462077,0.19122471219263595,-0.5701697039725847,-0.5218272659892651,0.6282192348634777,-1.0840612987684541,0.42539190985586073,0.01020597325932697,-1.4662332807212544,-2.327415582857483,-0.8970171870190257,0.0003091688410176707
1708,1708,-1.1274838481570362,-0.5295585540676652,-1.61856128217575,-1.3166501906120915,1.0602616041162811,-1.3363727385125603,-1.3238148942577062,0.19641010103678838,-1.9927570154683174,-0.9265737301737005,-0.18664080654306925,-0.9083708385716648,0.12131587437688707,-0.00982979300169469,-1.7133108411906148,-2.7670915347054574,-0.9933767631856572,0.20595105683846465
1709,1709,-0.3658261163084674,-0.06516915880704774,-1.3562926343290176,-1.1121939224058126,0.7652815167359108,-0.6470042546088435,-0.7087068629584902,0.39359561705215845,-0.3864203218558909,-0.36419487039742054,0.0829837167256694,-0.677096919543739,0.17161663558176543,0.06715852317350864,-1.3714166370113043,-2.190691309460672,-0.6508672489852381,0.30938857163839645
1710,1710,-0.6210565227361318,-0.20795192295133436,-1.4829253686407926,-1.227040307461774,0.6011592104017226,-1.0954821952891898,-1.0745917555330387,0.30105504007258377,-0.9724885632359299,-0.7193818745179398,0.007603338514988178,-0.9010212737332477,0.057010364022406224,0.027954363118007204,-1.5700360798970039,-2.472246411470424,-0.7155808611804579,0.03342906926557537
1711,1711,-0.8460120529031908,-0.6233611550125764,-1.5580853566198125,-1.2694174329464376,1.0411661560511456,-0.9800185145158706,-1.1744065828219274,0.33686590574557707,-1.3122720366412024,-0.8806707668178538,-0.9623151088993822,-0.767414713595874,-0.42248277544245083,0.02224141901847075,-1.6104281441840882,-2.5620293039073836,-0.953521053218082,0.08843964800946258
1712,1712,-0.9482700966049368,-0.5242120958622287,-1.5464807354510839,-1.2301141269627507,0.9120580132307237,-0.9223396299078966,-1.5052196067757495,0.22533664556425267,-1.4183225110644826,-0.7707816295831993,-1.2809325043208906,-0.635369414355237,-0.28252348883495526,0.0028510678998760787,-1.5567072745014865,-2.5804046449733775,-0.7679182378857291,0.14090540778157196
1713,1713,-0.6477150879581979,-0.23033979702662288,-1.4571784094201687,-1.2320129338114612,0.9387410664048567,-0.9234200450533898,-0.8116005285065259,0.3419706599013091,-0.9595926950799296,-0.6573585989693587,-1.343135665652784,-0.6006373144341046,-0.023206448964600224,0.007176081737303733,-1.5120843726137112,-2.4222823599389374,-0.998800974725018,-0.08147275357802541
1714,1714,-0.8691506941584383,-0.2575741940048338,-1.5435822330666011,-1.2884704097029407,1.0287125103644241,-0.706542858051983,-1.1650112586426462,0.3619192852343075,-1.0072334954928048,-0.6985438752568071,-1.3292005084481762,-0.6092263636791491,-0.2501633624961309,0.008316235345349636,-1.5779315227206572,-2.5407375694045204,-0.9369468546894919,0.1500252572440725
1715,1715,-0.20448354586782402,0.22023489316645292,-1.219714345283792,-1.0166372117584481,0.4605016765616057,-0.6786081830441666,-0.3430662144345774,0.46419700134942726,0.11423731419030991,-0.1489399025424628,0.23012260712293858,-1.279115275927326,0.44250108011334033,0.09167805974121515,-1.3002273524848142,-1.9289216743754043,-0.5829171667295029,0.17632980004054738
1717,1717,-0.5871614392915465,-0.19118694080439524,-1.476882838784645,-1.2185366914973117,1.1068578524860238,-0.7241140061598619,-0.8497125737343134,0.3337064433702831,-0.9569376434157739,-0.5282721039223607,-0.007397111642079901,-0.6562592092906028,0.271448036093897,0.02410729016270491,-1.5267081619783003,-2.3676754742514907,-0.754425134601353,0.2479404557879288
1718,1718,0.49397644630710524,-0.25351915536474645,-1.8545657898028025,-1.4574313028292232,0.5469489982324864,0.0057235072254795405,0.36187527464373753,0.27738142705078656,0.10025013428637033,-0.24690388868215907,0.7811985986267755,-0.3464728265972179,0.6843576573813642,-0.5741593920170505,-1.2931799874821093,-1.7572409757870182,-0.3048927083096974,0.7569195672150696
1719,1719,0.5282470118757028,-0.4487988188376004,-1.9511119280915414,-1.3602735327196913,0.464078895020528,-0.2091188306042695,0.18794614682598615,0.24092658350244112,0.20895790858350197,-0.3655846730634098,0.8965091509302436,-0.6879978108576661,0.9440434422465326,-0.8827255851715681,-1.4541803231285084,-1.6886289942213564,-0.38195515759513526,0.47215498894977254
1720,1720,0.3894168869699688,-0.10031159278022833,-1.8733252619208505,-1.3743066882629822,0.6205908513696043,0.05046898278965578,0.3859712728885057,0.4660958644344413,0.3001499202358851,-0.3938267594984941,0.8870463936160958,-0.2146186631215433,1.1148645347893122,-0.36106250196822065,-1.2403844928924763,-1.7295523112486242,-0.27201797124941113,0.5135691193244475
1721,1721,0.5206165147391028,-0.942184392340385,-1.8679742097203977,-1.3430106378920357,0.16673065177708407,0.4026033848091186,0.1506661645781567,0.1666406181112698,0.22788416029205316,0.1943076249427055,0.6898526322492655,-0.48622495446460545,0.9107026637524572,-0.532311994054931,-1.242504742035957,-1.597135522309156,-0.5472660549231558,0.7570223021609159
1722,1722,0.49003597421089645,-0.3452339878676485,-1.8208293196622187,-1.3999995906627667,0.3798835127008159,-0.1957824021513529,0.15762229339194647,0.5460961917178424,0.027348774630266026,-0.016575956730796204,-0.33623085785347584,-0.293658530353991,1.074744967138941,-0.1233319713340249,-1.0966756432476517,-1.6232560093524633,-0.47938565513965975,0.5249972089568138
1723,1723,0.3074809182398384,-0.2891966411081355,-1.8877221627320018,-1.2881166395674701,-0.43521138604548226,-0.7500260604141646,0.28259399780301886,0.40661546963329803,-0.05429170393308125,-0.1917855274844007,0.8536701785650563,-0.5480839877053343,1.1022937087291909,-0.3036858144659883,-1.3724197826873907,-1.768676331245096,-0.411761290383043,0.29551428502614296
1724,1724,0.505127764232935,-0.5043184636775034,-1.8956736989645397,-1.3723852028158776,0.3258161499635804,0.01710357871328394,0.32847437080111497,0.009390517625598505,0.16126366956772709,-0.10593228128319876,0.8779961731407522,-0.26388485136814677,0.7827793289008305,0.011716433489228462,-1.192755436991527,-1.6961184477322142,-0.5046783234345598,0.27657346876641153
1725,1725,0.49184202790801196,-1.030666554013753,-1.8467793554022078,-1.3334719068188272,0.4126639793467601,0.019432780195745514,0.08266008152605064,0.05526761370199962,0.12738517646281164,0.3632417654977713,0.3457419882184698,-0.3715469890884948,0.1997365685793654,-0.7560180555698703,-1.2896249631938774,-1.5337802946083237,-0.41546593889932804,0.6097972988450829
1726,1726,0.5132441737872306,-1.2385133701974027,-1.8455958240341417,-1.407018878746475,0.20107669300330017,-0.3147437701606316,-0.2001882903473482,0.03416887212350017,0.29468688942600935,-0.033395186520583264,-0.8657715430814721,-1.6681677231062402,-0.8177492109365065,-1.8406419323711076,-1.6899491556982837,-1.6324062879755459,-0.6094545056630081,0.32595380832605003
1727,1727,0.5185534104258803,-0.9523934137634049,-1.906064570411282,-1.424236169201356,-0.059256710925589706,-0.6006715373173657,0.019973483548903992,-0.03170721785595754,-0.23303008673468273,-0.08705595062574112,-0.2438207320136676,-1.2790916074998044,0.08971977714804158,-1.0700910298954092,-1.397198460797352,-1.657267384392381,-0.5034086609157798,0.26235344980390485
1728,1728,0.5177454123663813,-0.8091213030787123,-1.8219091007711001,-1.3502938686520969,0.26712432322301344,0.14421592770079777,0.10635886208377238,0.16199813917352202,0.18276742298471083,0.08070718453008696,0.38844362954822165,-0.7532741411074597,0.09136483925766559,-0.9327592081842888,-1.3936186254830152,-1.563617346381827,-0.3582733924715531,0.8026662102988197
1729,1729,0.46235009304118324,-0.024635715618740534,-1.7367702738169413,-1.23956571344693,0.5597833523908511,0.033110944699315914,0.39026395425733496,0.43221863098181645,0.2723906388817283,-0.008850948563275285,0.8998183311787237,-0.21040584850458174,0.11174145712730277,0.07361350055444496,-1.2604829521476462,-1.6238841535820507,-0.23775181929725517,0.5773856862998565
1730,1730,0.49147863310879675,-0.47635092722538286,-1.67106047231507,-1.2708542427080427,0.34903331276435556,0.19865462864401334,0.17122938859338194,0.40983841997356685,0.009158758925462973,0.2949380447598719,0.6377579255536581,-0.2215951874246949,1.087310613588157,-0.19234768650132283,-1.122298613236615,-1.4225301062711555,-0.2157096141905395,0.8037168073476216
1732,1732,0.09905318334315555,0.17377702004411688,-1.698639040552218,-1.2117938816026619,0.5028494678033653,-0.012195692648273582,0.24684987601513741,0.3747012452896207,0.2504100305447654,0.017183172054787477,0.17056526809662875,-0.405682460160792,0.46801627517498745,0.17562281339171948,-1.358394644374659,-1.6376531190833234,-0.21966513904932355,0.8106953474940746
1733,1733,-1.7902216939682167,-0.7671596486560615,-1.5536884713512786,-1.7743684427202542,-0.39776724316747614,0.5905896603449265,-1.5164221101076676,-0.043595157227830805,0.7405100618504661,0.5182287787098575,0.28993903671508314,-0.1184998000643893,-0.10042415643095826,-0.9512726789118531,-1.2168544142087394,-1.4938262870449166,-0.3589891138038577,0.24528187382492692
1735,1735,0.5174332347999124,-0.666115682573749,-3.2399960245228874,-2.4750508387888153,-0.28891210225189784,0.14806166491017414,0.8191900242989135,-0.08695151877224283,0.7039340799422918,-0.04055921370226867,0.804579255290885,-0.20870434104688476,-0.2679589149085164,-1.0414029614382647,-2.417880504342638,-3.0675095641923313,-0.9525558084904615,0.3470584113714268
1736,1736,0.000728687593748889,-1.4400536664528694,-2.9016497567888333,-2.971568542956362,-0.22710206828748158,0.424872710665764,-0.30484117870234284,0.031192162774776544,0.1833707740043784,0.22665501065159321,0.3340026829108138,-0.39312385987311227,-0.9175193457454545,-1.1028894921781944,-2.2884572524397417,-2.504250346374369,-1.0235706473677664,0.27415523772851536
1737,1737,-0.08054677047798997,-1.3790103747934819,-2.9198331356124827,-3.002200785148175,-0.35894275808482634,0.5327638426998265,-0.10570437420157264,-0.40408645885487826,0.6784987826246734,-0.00591691226685731,0.8139455827877751,-0.05909654272767772,-0.6195894996929159,-0.6919016562691762,-1.9675462086206246,-2.6973107234651232,-1.0565866828543709,0.2424042178170769
1738,1738,0.7468313150120564,0.08720010638604538,-2.278386729695593,-1.6512427046165583,-0.9497045178049321,0.5104861159260261,-1.2232851524804194,0.8252897966831465,-2.7618412998075774,-1.5267946592480701,-1.2498816346227328,-0.0939561822635681,0.44282459515596206,0.0650650877442206,-1.5544657488332465,-2.6737440672858477,-0.22361748808755297,-0.4315816495955569
1740,1740,0.7289365748372045,-0.13607186588703327,-2.140650984215366,-1.5747194358447558,-0.08455627246040379,-0.011613955431639789,0.22475794300580354,0.7173072467995086,0.696766276155672,0.07604674545133222,0.5984619438903612,-0.5638733182687072,-0.05502678990811949,-0.6543659227858886,-1.5897723506215686,-2.16584959151589,-0.6152401062551114,0.09155792687775338
1742,1742,0.7469114060899296,-0.4676197702191389,-2.9591880032327675,-2.637919625106247,-0.07902964797549944,0.3624529493678773,0.5642873828797976,0.15650991937971792,0.36379443149740964,-0.07937600389381627,0.6620521466435394,-0.36507425408955063,-0.09354604947053835,-1.129472928162138,-2.718714165628105,-2.985177105473391,-0.9408544669420016,0.3530806555526922
1743,1743,0.6926299377772088,-0.8092466891288492,-3.440536060444222,-3.2179524121462433,-0.05807977312952084,0.2019467313169091,0.9145563692125941,-0.15737386753987437,0.7797504087019654,-0.4894011428629681,0.8108096725296111,-0.628438425793992,-0.36643419049784776,-1.2055382680079514,-2.7822761967684055,-3.639717643778741,-1.1365599334153962,0.40675802588870164
1744,1744,0.6971420275147245,-0.9072539974628853,-3.3562117745196858,-2.8203492417188545,-0.3951487601821645,0.1881265963839252,0.8292526655969572,0.33521042763109243,0.7937814161921144,-0.40848935447433554,0.7599573117510406,-0.4215788768731422,-0.8351544321048481,-1.0327804205823576,-2.8917459762711997,-3.2771698664633626,-0.8802998536064142,0.14770373101830797
1747,1747,0.060220712540643095,0.11419316303250193,-0.3307100367485255,-0.4286505465869316,0.699842596951026,0.30166151365131283,-0.4268311078246163,1.1472316581377595,0.1651414278470388,0.8545324231871388,-1.4687447411279084,-0.6851479133583923,-0.5148293250920382,-1.3654002479862817,-0.6199876090932632,-1.1099022526718736,-0.4617419680152275,0.9014709898376313
1748,1748,0.5913464874754479,0.49169349412445607,-0.2936980632768058,-0.5841848025902346,-1.9558267431418974,-0.5922069589206753,0.3961240530296334,1.0844438194947208,-0.09297738739487962,0.8354490841701757,-0.5664894234603712,-0.5059834410828535,0.8748690442904136,0.42307597547578957,-0.533535241345587,-1.1005891207334269,0.35719856172718223,-0.1143613578827245
1749,1749,-0.5941276819255865,0.0900266830230172,-0.28751634403748416,-0.008268527344713887,0.46175867854085884,0.2635972003654897,-0.4935930629469869,0.8995821387319185,0.15344468361777389,0.3659234749748984,0.2375830636571311,-0.18925216550983764,-0.7398619738940437,-0.2784911941932803,-0.4498551052158869,-1.2110740006863654,0.0729814459454996,0.8188898404578036
1750,1750,0.033482543063601766,0.24015174073081957,-0.2826601273673906,-0.6095130705106148,-0.19042046129650214,0.005892596952087215,0.3621852659590717,1.136181974121213,-0.07579024480849128,0.8308571146090892,0.6966026458154547,-0.2163846972488154,0.7932818242774211,0.46291340366479056,-0.4515807018051709,-1.0774711229918863,-1.1097348487364918,0.9267255802664822
1751,1751,0.25724301943345584,0.0024503054304682026,-0.23400223966885197,-0.2522748918906803,0.7467823877844891,0.3139061664771233,0.37554392860320224,1.1678855091769982,0.20639846531173772,0.8753006393812178,0.47515730331217265,-0.17106116947469835,0.861315231454209,0.5000124333920447,-0.4332364220810119,-1.051695469843195,-0.6002297733799866,0.9357160768817456
1752,1752,0.6447692700636722,0.03017974008772284,-0.3440340148082421,-0.4328546212394138,0.7182755454698744,0.18567207262963117,0.2655178145166867,1.1527637639989805,0.18177684250586698,0.82867454150921,0.2356830688525568,-0.20103924680737395,0.6778939893773999,0.19041692389138748,-0.4809264786141643,-1.0669601704213805,-2.325606339081321,0.9259623915809388
1753,1753,0.07617222906725585,-0.12489238361087185,-0.333643374168366,-1.6845210638579582,-0.8869631702325551,0.25770652286882784,0.3060316973469122,1.052718053116923,0.021167935770618165,0.43070859947317747,0.6721276406610205,-0.17356837022376628,-0.17863573609262495,0.15168089071358049,-0.5211900386329311,-1.114224416179811,-1.6024985407237622,0.7812353037233831
1754,1754,0.5675510683086129,0.5593432813151985,-0.302520310268544,-0.07325454539403253,-0.11356915459575467,-0.30860461654890536,0.37258970494112814,0.8699598128041004,0.011718424111413467,0.81597593036693,0.6657065151909104,-0.37031920089859416,0.5177156834792429,0.48062234749242116,-0.5199337712827711,-1.127365781984285,0.37411026348143983,0.5746488771250036
1755,1755,0.4461857783949962,-0.8934416636346303,-1.625874359256071,-1.674144669470962,0.638548030651399,0.2459080807816908,0.2611459371084693,0.3018905726290714,0.04568486705663058,-2.9817295354722093,-0.1600747357640434,-0.8815894804766942,-2.4415298508802405,-0.0062788182779365265,-1.2402254520992009,-1.362407510584267,-0.6645890003105532,0.5678272310921202
1756,1756,-0.53202015302777,0.236371244575042,-0.3354220124834599,-0.2475752356176021,0.23728448258133522,-0.3071331937952566,0.1064376403026207,0.9823792206102189,-0.12185339836164522,0.4642337473446787,-0.002786947803346429,-0.17404761804290544,0.626473877623224,-6.003636554199265,-0.5706826386349111,-1.160681279220013,0.034084126863472064,0.35715273525990743
1757,1757,-0.314316409319801,-2.078545620998452,-1.2621352853488577,-0.9592165728264216,0.5838726502733093,-0.5170316950682823,-0.33866884739519465,0.929873666311748,-0.3136899578005794,0.6979374103676437,-1.5614892193182184,-0.719903696951423,-3.9460840349815083,-1.296250981602176,-0.93905581646079,-1.1435303081295423,-2.348509211851642,0.24439290917291023
1758,1758,0.6283459622733644,0.4048089174953208,-0.2695226806426661,-0.1139329848593533,0.5844015418823039,0.1189055873532397,0.25688598684404035,1.1482379572353592,0.1300709976843624,0.7864744966614713,-0.33013310389271955,-0.3581793250165297,0.12947464169226996,0.4267603941429078,-0.4671126086218867,-1.0797695926524504,0.2008613243753137,0.9229059460136614
1759,1759,0.7840424343557689,0.12306116050235405,-0.38769242417506,-0.0019084335867249613,0.331210791999674,-0.382381806272478,0.47081723682281795,0.9013599831212572,0.23143408238553645,0.800722887214957,-0.05547830336330262,-0.42919139345696483,0.6781719990833426,0.14280636652293294,-0.5911599604943124,-1.0702762845054643,0.46165881767061134,0.37824482920651425
1760,1760,0.7196173929682376,0.5694618418940866,-0.5757424314563688,-0.6445462630410347,-1.9813347061796287,-0.6172581605314301,0.3850808046069166,1.1019217798425847,-0.12255206562466303,0.8427206100455564,-0.4506905177845988,-0.44373136838636684,0.7958822702386227,0.4126188761533359,-0.5181677769587296,-1.1350268352391357,0.25436838631428066,0.5272939842285829
1761,1761,0.22375254845005266,0.5603392634863142,-0.32579495316625795,-0.012332496089315713,-1.3119292362264934,-0.9500634213843187,0.3347966333383263,1.0294806538245238,0.1502861011788416,0.2761865242555094,0.5213206589853063,-0.9201190322164796,0.9042662583322041,0.4939739889144608,-0.6574424443349997,-1.1669093662433776,0.11907896502523874,0.3874193341116121
1763,1763,-6.447184364060119,-4.185681603087116,-1.890366578954458,-1.6036125598577091,0.6848309226147783,-0.2994055871898499,-4.367485972479278,0.14858552753691412,0.29111252118186903,-0.4922760281538537,-6.812058265127859,-0.22050190245285026,-7.11630013200351,-1.8012985488800832,-0.6122118411940897,-1.4832996152487001,-0.8768713616600079,-0.9044271070277223
1764,1764,-1.2371058076275334,-0.5492791285385643,-2.922854549876173,-2.243689200082294,-2.006358748523685,-1.3964391959072708,-2.2276011554933746,-1.1423218386901273,-4.3107028669104475,-2.2757231334774737,0.07477262585918526,-4.356987801825984,-0.14062817239418138,-1.4791828312425768,-4.658770601617126,-4.301211536146255,-1.9861445917360294,-1.238260115010564
1765,1765,-8.250380787463696,-6.150878442327611,-2.3796364486242,-3.690671400292087,-6.563020736397299,-1.3186247020109954,-6.584616855479437,-2.5111435651980263,0.09534338489435397,-0.18171979607029762,-5.497538442234161,-2.929118562331412,-7.497252827018198,-13.100121580753378,-1.1789381486193453,-1.6011231423080645,-2.478447683131898,-3.5995498807857653
1766,1766,-0.13393938215807075,-1.0813798611115049,-0.7447199134247746,-0.8217699222156116,0.70114824594934,0.19016779808345985,-0.5967299400549717,0.7793280971707147,-0.010895656911560025,0.04975172831001994,0.1779515394692157,-0.47405794033745524,-0.21714000847381076,-0.10999418488495893,-0.47740028205393187,-1.0686009484782093,-0.508626094862496,0.19919271634547916
1767,1767,-2.117385169726163,-6.611032347782647,-1.5026420016200466,-1.599880735943025,0.42910981300295203,0.26756567467876363,-2.3560674258124203,0.31583363329906533,0.3909592564213223,-0.026759425132502693,-6.473643134113347,-0.3001772363280767,-7.235945780750319,-1.6257000257404342,-0.6191321267859219,-1.1551852713254278,-1.0217960645777482,-1.3529177437377373
1768,1768,-0.3028478212272776,-0.04451941341369918,-0.7069250366875777,-0.7750096380068907,0.17646925162658167,0.31154337874513693,0.3226608018804347,0.6903985819016865,0.475708391762967,-0.05487774519352345,0.56300422268396,-0.15645336795329917,0.5555966998619211,0.1461153322322444,-0.5102943139004109,-1.0138090551402419,-0.4545386504210336,0.22624517800530414
1769,1769,-0.12395778639123779,-0.3885995506568034,-0.8942323504565775,-1.0053798959751625,0.05891636454156279,0.10457980700292441,0.19548220576897504,0.7239040473460894,-0.03912334647962795,-0.06293913366631544,0.49458072491536303,-0.5886906874935569,0.1901901684046562,0.014723183547519968,-0.5323925400347916,-1.1226018690904418,-0.5750347532682859,0.160728441533529
1770,1770,-0.06439460719614101,-0.03315044859345969,-0.8687933298484936,-0.7523918486157475,0.6913596537236919,-0.08548255833484236,0.2587525666303459,0.2923717121095101,0.30732759844336033,-0.15624273468251657,0.6327251542231376,-0.20664723104892668,0.053906932512407524,0.12984794801155658,-0.49571685756985456,-1.2971212121029296,-0.5358097031748326,-0.3978401663677176
1771,1771,-1.2445786341158085,-0.6653044694334602,-0.7853291644945728,-0.9384442459960034,0.18836002656702344,-0.1858401338800652,-1.8409497792438718,0.7155641649189567,-0.21929489273102276,-0.4466783360318323,0.5699938531975599,-0.29737708132762264,-0.06024447725529258,0.0819142543767176,-0.7829052265667173,-1.2694595307584473,-0.5120498341814734,0.17658288853587925
1773,1773,0.036270852589913444,-0.020763063438092,-0.7646519977515961,-0.8092527523950552,0.7079901007469556,0.23596565970301067,0.34486955481757375,0.49115215068129986,0.5758982821191881,-0.32224767896712764,-0.5152120092011727,-0.6839074235504604,0.5056012948402985,-0.24304830715745224,-0.7374923032570203,-1.1216136003373403,-0.574063807910266,-0.41073424172225803
1774,1774,-0.16974687859992896,-0.024803370249547523,-0.7344473127766774,-0.7985487838642616,0.854934918625843,0.29535418906716204,0.31104462123571497,0.515214564942265,0.6103718088334931,0.07688575234415636,0.47901034441357593,-0.5676354077558268,0.5619518550570354,0.0797110635613654,-0.5559889038454264,-1.0050155667455556,-0.5038868823019415,0.09936944463913899
1775,1775,-0.10367412399011386,-0.059396963184100336,-0.7196934808346818,-0.7942676859375101,0.766634421381715,0.04174846303364799,0.2942585174099074,0.7934442211937882,0.5497547619701673,0.03300476795739333,0.10342553619627637,-0.5925530836067688,0.546488445328256,-0.06877577024175674,-0.6518903747016576,-1.0873650226530946,-0.5371511164312492,-0.1448549538771004
1776,1776,-4.7146177029599645,-2.6264024476559014,-1.1974275034086266,-1.4826137502513095,0.6517972412705648,0.2648544223553931,-2.048121761068857,0.12591760181255585,0.11135701396697473,-0.08125457759660602,-1.0049373322910828,-0.7237802449316837,-5.127178166242271,-1.8312750671671232,-1.0613555127545715,-1.185790784768847,-0.8673041681915946,-0.11480365049914604
1779,1779,0.396997100154623,-0.5415983123231279,-1.42464630502838,-1.0280380762690915,-0.808825427124162,-1.320857710654173,-2.592218283464989,0.16173129414137,-0.02798454552722074,-0.7603334497320806,0.06153716805472714,-0.8598711886543035,0.07038003736942378,-0.3983978804958795,-0.9626193930586161,-1.5815302784678438,-2.686331622760118,0.2178004211520567
1780,1780,0.49258880717994125,-0.22616809803615925,-1.313906042833212,-1.0528084977953351,-4.066871586065615,-1.426628328029232,-0.5463501570928857,0.024941579357302346,-0.6706285907131979,-1.5553940604906211,0.15884749941394688,-1.084051450308218,0.3628997311572514,-0.21820865223872823,-0.7846523507651252,-1.4567325295031246,-0.8037765319307875,-3.043843078862376
1782,1782,0.5231005894540248,-0.3593291170837751,-1.5103886572125216,-1.0611295899040234,0.05154990214096375,-0.1921909302661794,0.30316864658306963,0.2892839565992799,0.3603553444361137,-0.024954940641008505,-0.24544420957530444,-0.364710972145676,0.26178506991736994,-0.094661136813844,-0.7992792401275772,-1.4444002270981082,-0.7005285118599158,-0.7465840169461717
1783,1783,0.268071709366891,-0.2753075306783961,-1.5721853207472982,-1.1871526734891864,-2.7150755493817575,0.21742969445352428,0.38333413759591695,0.30266822811471145,-2.066533403631512,-0.30965913554186575,-0.29369912963529154,-0.7996655523941174,0.38008468891560915,-0.053439840938677735,-1.2767740840551989,-1.7979817703351888,-1.4857757430529137,-0.3956861535711885
1784,1784,0.589685719461312,-0.258486840693972,-1.6491865399524204,-1.2565162088014177,-2.145920992485126,-0.17320239278657779,0.2869552105402991,0.6085787983506863,0.23248469189741414,0.06437177932750993,0.1883064085629751,-0.3735090834396498,0.3070397287485047,-0.20994965273070557,-0.9475901884269702,-1.6373440195509108,-0.4990298461112055,0.4357544227228255
1785,1785,0.4314722562432377,-0.23675372094487293,-1.3611867657381362,-1.1154082212403584,-0.9220016204002999,-0.4167242037697493,0.24019149337825585,0.3593396470909921,-0.710165309382004,-0.05480132118496622,0.4731998843629386,-0.5067992601133142,-0.0013092131421646447,-0.07706075589592029,-0.9362534398161853,-1.4034249697386134,-0.32264706595030035,-0.5014610437729936
1786,1786,0.39921220092362436,-0.2940560176338228,-1.1994063199434195,-0.9566738129808448,-0.9829889939720056,-1.7850520819439888,0.47595808929804384,0.36768546603906027,0.02033323631887063,0.2162274528286856,-1.2267322474292823,-0.9389366863354796,0.2898130224812195,-0.34218663608940725,-0.8671169586663193,-1.1933952014244404,-0.6988127828186399,-0.829714425840743
1787,1787,0.5328021002021281,-0.2476679434020403,-1.4370245414555862,-1.2232284925575292,-1.3946095417021505,-1.1723445718071352,0.4623364667147746,-0.090022124185265,0.338912759219954,0.01594205398348364,0.23091797102728684,-0.638901525037604,0.34650144064953053,-0.22566104202284706,-0.8210267275294231,-1.2604711865072193,-0.33922788274811405,-1.4963142743575084
1788,1788,-0.8673942379944004,-0.33037307471604094,-1.2136503470157174,-1.4139621484794325,0.023621238528236346,0.40449306988331446,-3.809522942260071,-2.644188019707634,-13.337986279573046,-0.006439665971211039,-2.8699388195938678,-2.9185602514642377,-1.3717592396888498,-1.2583069614094713,-2.468946598764562,-1.7482098634154277,-0.3593494573881915,-2.0447476854967426
1789,1789,-0.6987955809500332,-1.0825715503322764,-1.2315907258461347,-1.576538692444962,-0.20291490272055906,-0.6670806390434201,-0.658822042299951,-0.5284785375998953,0.24902247879401343,-0.9275489470880033,-0.3769084198180217,-0.8896957530099555,-0.7791174237981351,-0.9482915637465001,-0.941112938253897,-0.9832996270594159,-1.461059449238948,-1.0251212471166564
1791,1791,-0.08185774551944164,-0.7432693664719248,-1.1055686343642888,-1.4965758774820368,-0.18034818212855774,-0.6731742296943686,-0.5387551620468556,-0.3770291040628134,0.3813559316763699,-0.9051176423709419,-0.1945577762033613,-0.8331378519628279,-0.14837022763850966,-0.8693754525746036,-0.7840064259302408,-1.00502253325679,-1.3770364792593597,-0.8216440438475887
1792,1792,-0.4840370859478398,-1.2062332916169227,-1.3396178058901065,-1.612084475847786,-0.19409171223102645,-0.7297441370268261,-0.6946335538261703,-0.5264204131871169,0.3834196514965721,-0.9717678417016588,-0.31465617251011435,-0.8657015080142896,-0.5943060884800148,-1.0239145866270174,-0.9141099399513185,-1.0792971793202062,-1.4882771315867496,-1.015953933262882
1793,1793,-0.5559473461163417,-1.1718427070819246,-1.3265562130656006,-1.8332364763988718,-0.18949285780242098,-0.6668156988882943,-0.6678197664466009,-0.5413834995416994,0.41108391265660443,-0.9544951182300468,-0.27177431568728594,-0.878108160142951,-0.5537916718755889,-1.0076790338758188,-0.9425270209694907,-0.9977591271128392,-1.5179200767616294,-1.0625938892808757
1794,1794,0.02873318989864332,-0.697295901147846,-1.6030310434322992,-1.502482559838205,-0.2210856931453535,-0.8162834234449501,-0.319861785886673,-0.5362400269250365,0.33082005350620747,-1.0795782112937857,-0.3278096164174057,-0.9728587762179499,-0.4409376662583804,-0.9757610671519825,-1.2737391839212169,-1.3453557358314447,-1.3932690246355866,-1.1461163185067553
1795,1795,-0.08359844516775128,-0.8496825280045132,-1.5822378397767185,-1.7131834962303683,-0.18284385637888356,-0.6706332458825248,-0.4309823633022693,-0.5446740766985948,0.414032784139082,-1.0060427617213197,-0.29938393012507514,-0.8598325444804131,-0.32473836027143965,-0.9495345955896095,-1.0351459263322553,-1.2582039255662205,-1.3681765250142919,-0.9841010088250834
1796,1796,-0.2773262612332129,-0.8502618687971988,-1.304253506852584,-1.5195754281372102,-0.23725899014501878,-0.7514634350242645,-0.4965256163786841,-0.5720404070845968,0.30951416197207293,-1.0320170945156517,-0.3645559877919015,-0.967677281764893,-0.46885670884481556,-0.9344896471835533,-1.0348994914133385,-1.12819776719005,-1.4654117689986932,-1.077199377220531
1797,1797,-0.3313372601519886,-0.7312761268059093,-1.3560498746805338,-1.5562140906940025,-0.18718421356197587,-0.7390323128258194,-0.5544135574501258,-0.536962981359288,0.3869052394812776,-1.0229748323072707,-0.3343290012535848,-0.941558077809648,-0.49072623126771087,-0.8940114397250463,-0.935983073618778,-1.0911830697189902,-1.4463230417773199,-1.0516682099580477
1798,1798,-0.02799938778458938,-0.7120645565060744,-1.39772196620088,-1.682514606957726,-0.15417649452950669,-0.6555518542378483,-0.4630259988946168,-0.5457544025553634,0.37682460889476177,-0.9548765745066328,-0.20911862048488855,-0.8590097929755216,-0.3786983923984707,-0.8505402005248861,-1.0207473712770039,-1.3270385898539914,-1.3883108949158642,-0.994936709544106
1801,1801,-0.2895339310761892,-0.7596852280784692,-1.1311110409519436,-1.1803098313057778,-0.17696352589059464,-0.6565881672165531,-0.5249295172492675,-0.521140762329821,0.3790080109967087,-0.9934817403156331,-0.3558505578447152,-0.7741247744217341,-0.41204281029187806,-0.877436804794895,-0.9931120334010608,-1.053385910268066,-1.3821718544834831,-0.9894864061524398
1803,1803,-0.38463316414162985,-0.8822266719343362,-1.3055729424499027,-1.6581985304363958,-0.16679966332973148,-0.6591508826885246,-0.6037362263866322,-0.5443177491468685,0.40361072202460424,-0.9762081075445461,-0.292619577156076,-0.8641564080652627,-0.5563241680782491,-0.9458912039076434,-0.9380485856318652,-1.0737730106674135,-1.4587381345066857,-1.043728437177452
1805,1805,-0.6012482835582076,-0.7146152732028752,-0.837941374094093,-1.0271621612503463,0.21353688153203154,-0.590757577218976,-0.08155185773668866,-0.41411769730904247,0.29930721897427065,-1.257062427918866,-1.0869619505297874,-0.6283062439818556,-0.6787288355844742,-0.69275994924968,-0.6865782819823992,-1.1180951605131109,-1.1028649943114635,-1.589729857523048
1806,1806,-0.789092997152157,-0.7414964935130396,-0.864150528254624,-1.3354579207212325,0.2769609045944764,-0.6576780557255936,0.16865194855170693,-0.39770721607138,-0.8484020674614248,-1.1950458245297002,-0.8339926423062157,-0.7193686727042345,-0.6434874666649888,-1.0614095721824106,-0.5803046613531746,-0.9422704416521293,-0.8926459617719782,-1.4598938477703405
1807,1807,-0.545287148642146,-0.2624500828189826,-0.7941277016396691,-1.0329786221010102,0.29295448604828106,-0.5588007380892999,-0.10525892256881231,-0.4384511380942939,-0.4747062556858016,-0.920911762313568,-0.36838415533391417,-0.7544384858387463,-0.8312536065984037,-0.7615417095319799,-0.6751240071255447,-1.0992524691606789,-1.0292080640387054,-1.3037859353211068
1808,1808,-0.5957111184320006,-0.3537916248860341,-1.1107904689795298,-1.0702772256983044,-0.47697013722851345,-0.584386278973105,-0.317453225527983,-0.19655960650453427,0.2374146833404316,-0.9139916816965458,-0.8720937985297158,-0.7237600719339884,-0.7416690386997324,-0.7140005128378232,-0.6897193366870811,-1.3917546679449126,-1.132272962129673,-1.3055081891373157
1809,1809,-0.41312480933061957,-0.3608326812718052,-0.8440384358207942,-1.3584878713083972,0.17028699139695158,-0.8444704897648063,0.14057960094264008,-0.1365304026548509,-0.28936577727688195,-1.6723959432718507,-0.4017320815468588,-0.6256760353497929,-0.7230803249556459,-0.967553931945341,-0.5683626887848305,-0.9736107682159953,-1.356559005105763,-1.4857274436457226
1811,1811,-0.8672858024333143,-0.18769760657978654,-0.8324358466148991,-1.1970347065843965,0.09506031561688733,-1.0966965058658813,-0.8328220510156423,-0.11707066697872638,0.3520734684524535,-0.9501554284773137,-0.8829903733845244,-1.2622417218053397,-1.0827148691693935,-0.9420738524558743,-0.6280013672132346,-1.502434547477457,-0.914122433929105,-1.3376512073071036
1813,1813,-1.6902676173459716,-0.4251964491012121,-2.9181187272770392,-2.555570981411064,0.0510324684164656,-1.6283983446763584,-2.195571580031821,-0.4292119046302185,-0.6493134920981635,-1.08942586057404,-1.6003474943590024,-0.8527840941067466,-1.1303895480513828,-0.80751836619291,-3.125523261698725,-6.864792102291872,-2.198437451978722,-1.2841505638459811
1814,1814,-0.6675227589424078,-1.1348304970107357,-1.184270075315974,-1.3523866548050885,0.22642860745758644,-0.6376730523042968,-0.35930926498254845,-1.3227445598346417,0.4681073425263211,-1.3292455584432048,-1.7869925882819646,-1.4814685281563293,-0.932462407690374,-1.176427297696918,-1.2724242542628559,-0.9115567891661988,-1.758861356720012,-1.2945878392118284
1815,1815,-1.1398049533335721,-0.6490416129259852,-0.9354714541432898,-1.341331390167496,0.19776106566960192,-0.5472456409482338,-0.570488703464768,-0.9523498939071336,-0.4204541277857142,-1.3564462373428323,-0.87937876873565,-1.308528479693127,-0.8793292211407837,-0.8944274193814128,-0.6512369962930769,-1.1928493296738547,-1.2528521065597857,-1.3631214338335464
1816,1816,-0.9738839602104878,-1.3716837034248401,-1.0818025306104921,-1.364593531001498,-0.16812818353000047,-0.5806706074069934,-0.8836021072330482,-1.1653919894678535,0.2471187627706829,-1.4447904767190698,-1.0638560376261217,-0.9954193559223622,-1.031668570185223,-1.101659844137395,-0.8723658811781976,-0.9934456399024115,-1.4329745611329632,-1.4065282261617078
1817,1817,0.3087183462580133,-0.0322114090091177,-0.5497413540664531,-0.7044197538498653,-0.11833006069315738,-0.47944332416360896,-0.04917198710509446,0.061286283018150145,0.34910503282913996,-0.7141824533345308,-0.09242120612179956,-0.6303574841656574,0.29754150333668283,-0.4412966095012836,-0.5507308342042528,-0.9200928990654971,-1.083602969033552,-0.770323731894534
1819,1819,0.27326579941159657,-0.03187530071164881,-0.6117395491203883,-0.8077407758567837,-0.24546372612017553,-0.6802444518774822,-0.051516433156936166,-0.027635671426065933,0.35264241906798444,-0.8155057153598915,-0.17138994138970792,-0.8293974858689417,0.28673008341091316,-0.4668317767581608,-0.713135749259714,-1.1407240878882732,-1.1269563618383982,-0.8403307791416696
1822,1822,0.3007149881222618,-0.07127762336090973,-0.5849439451077265,-0.793356450898578,-0.21569433997164875,-0.7307994036320886,-0.05863658552008275,-0.023731217093683893,0.3198208752582418,-0.7794211295813526,-0.15250600195487826,-0.7861277517360751,0.1578680250645247,-0.48034686937852267,-0.6394248065868854,-0.9834685529738332,-1.109470509229474,-0.8530375986207761
1824,1824,0.1561214596447674,-0.10111431982833222,-0.5681003512788855,-0.7227358426095875,-0.2689111312092361,-0.659855373321579,-0.09453677575626263,0.044580497772356745,0.32355431160309345,-0.7748400847987544,-0.11663342471739,-0.8842162182415174,0.2798378869066893,-0.4445926296331835,-0.6392278210335354,-0.9946026727113225,-1.102425010403899,-0.8342510233776658
1825,1825,0.26760255947580197,-0.05881903228428847,-0.6550899403987545,-0.7454977653353941,-0.1343198615702347,-0.4833495484370247,-0.0910384014199205,0.048856095935021916,0.2856762159787082,-0.6187417772236523,-0.11106953867024504,-0.6497138912529015,0.2599191840123084,-0.4369395682062633,-0.5792605809390112,-0.9655617388341154,-1.0615679959786903,-0.6677525602149017
1826,1826,0.3074532365930085,-0.014996411441124964,-0.5168515052027798,-0.7505580818408006,-0.10129933778854275,-0.5061276546922622,-0.023974948268950816,0.04046018334450889,0.3170900840939401,-0.838774700918901,-0.07959397543267079,-0.7877135410314133,0.3090292625521522,-0.4584015291374491,-0.5532940857587695,-0.9596359919785056,-1.097077315547724,-0.843487515049552
1827,1827,-0.005717205280682536,-0.15529862167488862,-0.5966092639788748,-0.7635992716791208,-0.28841713344060593,-0.8600676432693413,-0.1971676256693694,0.035037248733464754,0.35244165730148047,-0.9090837893452084,-0.10599082889784588,-0.9952634265712279,0.2956855678429239,-0.43551833459875994,-0.8198697862260242,-1.347130279675892,-1.025811507838982,-0.7875900094400712
1828,1828,0.255794642447654,-0.13112544361476414,-0.5876923954037374,-0.7432227441436938,-0.1432322219615287,-0.5316421313757742,-0.11708570343649922,0.03971840371821702,0.25406327815075824,-0.6205586398824936,-0.11866994895384755,-0.6228947652343246,0.26860780347226226,-0.45225076111931045,-0.5854285508590488,-0.9558799086720786,-0.9637318732561752,-0.6665876138401089
1829,1829,0.25882946672651397,-0.22167405925591405,-0.862236470093993,-0.7570715427510789,-0.15338219798249775,-0.4506350884953686,-0.09878596088507008,0.03608491962869468,0.27899456894445873,-0.5761628701259198,-0.15365185749138016,-0.6666630858482904,0.21014577809674734,-0.44786171383751777,-0.601606904797099,-1.035879050166851,-0.9786342321649976,-0.6492161531541727
1830,1830,0.18215879257680856,-0.058702197778919524,-0.5997988909106634,-0.7866547629753069,-0.2991489190554596,-0.8230343844814036,-0.12657280532166126,0.00150152366176598,0.2699969113767407,-0.8434546959279277,-0.202981100767387,-1.0185442156328595,0.25653514022718793,-0.4837885832963522,-0.7279104335698862,-1.0757967985688663,-1.1616609056490745,-0.8692280748590537
1831,1831,-0.005314460385401426,-1.1905404589265225,-1.324150899250375,-0.5814123812612401,-1.4953604764626647,0.16253651713466077,0.062435339492925845,0.8229038361657582,-0.08760491096372369,-0.3260287065753058,-2.448860234139639,-0.23085107019831952,0.0068365507650296475,-1.9518380524595305,-0.6346922812736783,-0.6956858957972651,-0.40112334283554213,0.4881734465215298
1832,1832,-0.3031542922079002,-0.5545829162051129,-2.4612590620723007,-2.0029188724750497,-0.2104453455786297,0.407901673993403,-0.2245103449201932,-0.10791449113076623,-1.2971566518383977,-0.3427274702739509,0.17217976589265122,-0.2044780414487976,0.5419846434414443,-0.18960243056030637,-1.8464837535929954,-2.8243840814800993,-0.9986498839035243,0.20554359310544343
1833,1833,-0.23422696956693642,-0.17057946248476477,-0.41832117469953634,-0.9391705787191265,0.7589003071425403,0.3540352208976302,0.02616238755657306,0.7330356285031521,0.013684309319834439,-0.06948336185126577,0.5203848424581862,-0.08297446403615405,0.7444166892478059,0.16352379911372783,-0.23425186338068876,-0.774390830602778,-0.4278506981686415,0.36601430009357194
1834,1834,-0.31708920033907806,-0.114144173603271,-0.33561933326000337,-0.5240590968478555,0.821496986809216,0.24670561984535594,-0.06590135367869224,0.6161313103149225,-0.11353826465151992,-0.3633354780646695,0.6234431948919583,-0.2993951806616868,0.4134175121989075,0.2349818261516156,-0.3369475823869902,-0.7830265139189129,-0.3476976027404524,0.29822824155972133
1835,1835,-0.955998286968491,-1.6227514727577321,-1.350603358188597,-1.6763555469544045,-3.5325493463077287,-1.720829891134333,-1.2795060975681465,0.5179637425264811,-0.47682845138674357,-0.36087678634292564,0.4056809155564729,-0.40243158860017747,-2.6296995946864983,-0.46147200903941976,-0.5200794287201833,-0.9704648124754239,-0.816614170211454,0.06505455875408628
1837,1837,-0.5164597591636348,-0.1609652700873767,-0.3218219899427964,-0.5495604373441075,0.22916727075507393,0.14429629181214776,-0.15481655266362981,0.578265107004473,-0.6577277157509904,-0.6488945645578187,0.5920684805890324,-0.14073288590929042,0.696092123612958,0.15264520860592626,-0.5132444889644205,-0.9909182408465177,-0.3145438604180967,-0.06622518103929087
1838,1838,-0.31255004023378324,-0.10210236506692535,-0.3700842057156875,-0.4924955317093846,0.7974317170945386,0.16524659180851464,-0.3136380183313459,-0.09820927937129598,-0.150305786484772,-0.7899248798815611,0.5991511509619472,-0.2804026383085323,0.8252833381625262,0.25109234881576425,-0.25133605170317186,-0.9852019837002313,-0.3740639308840661,-0.65716753057032
1839,1839,0.029762531513707877,-0.1258230797789194,-0.31236115879419596,-0.6003764321559482,0.7593450128759655,0.36152952483223366,0.14445333031678798,0.6498051862037759,0.07945414092003594,-0.04043182969440856,0.470064203549868,-0.0439792737064496,0.6600000830708662,-0.09330761746191724,-0.11234100604098851,-0.708446265379719,-0.33002305775833557,0.06605550424804973
1840,1840,-0.28332076708926335,-0.384565388083037,-1.5617404222457734,-1.6239700652944253,0.6947666753795549,0.44418680430880686,-0.05233299202507284,-0.9670977808734329,-0.17299688205000735,0.013051118454510204,0.5110812805662102,-0.10239034938686406,0.43371128377931945,-0.026734127549799952,-0.7151916591227041,-1.298639493572208,-0.6555967664184661,0.4035704864051439
1841,1841,-0.16457170827795944,-0.31329351847192427,-0.29561560248976787,-0.5248600789214802,0.4576940322579818,0.4687313053342377,-0.17348285718139994,0.730685789544875,-0.04407077248185548,-0.495029435967936,0.5069426538727577,-0.19248638644224095,0.8376519909421599,0.22767426963426352,-0.13599829148787562,-0.6870229767402579,-0.3543088846556376,0.08918220367681362
1843,1843,-0.17264419286804245,-0.7051244345645283,-1.1257404396203725,-0.9149813888305862,-2.502816573945359,-1.1365253184732556,-1.0366813291429398,-1.8628267602471933,-2.292369177172957,-0.7243236489980404,-2.0504915069947054,-1.9388917395353373,-0.6228335713429423,-0.9084136934882951,-1.1669452579504282,-1.1521039868340628,-1.5304995092267242,-2.045751095970935
1844,1844,-0.02461409396955172,-0.6122960366521205,-0.9950391521508078,-0.8527338432280214,-1.6663445769489473,-1.3127183012047825,-1.238177423979316,-0.9583462741369301,-2.5062076565271583,-1.5059830189243673,-1.5539490137385212,-2.0997065818588845,-1.1329798270843248,-1.4548176662674623,-1.3953331787531058,-1.1493581638047752,-1.2498296389124515,-1.3355908812812747
1846,1846,-0.536652689041718,-0.11979272682678897,-0.8575570586875175,-0.8551229293948608,-1.6046585534838884,-0.7324817814442007,-0.7368755295643186,-0.8287163010890168,-1.9921910485972072,-0.7858836341062794,-0.948613270196539,-1.6398424104487523,-0.9163084170202891,-1.376738037830388,-1.0486773266597225,-1.0933056013376599,-1.2364766161078322,-1.374386012018773
1847,1847,0.7293404499893534,-0.4324560579658179,-0.8683465131163337,-0.7987361447957946,-1.7003353696522834,-1.3526490361201224,-0.4939313135482779,-0.9719992465134671,-1.2891261078512877,-1.1264153073845642,-0.8389892052532726,-1.0509533403831857,0.16271861613600797,-1.0382852746424462,-1.180892439350754,-1.0904619909741875,-0.861425072897694,-1.6121522157811157
1849,1849,0.2821269566716632,-0.2983488515081111,-0.7625505093263696,-0.5184205200020908,-1.2777902461316262,-0.9617739440042238,-0.4013057244311817,-0.27364634469874377,-0.6592310607582369,-0.5310771969519783,-0.7873543349579559,-0.8690303749777522,-0.2134729717774353,-0.7405263904339463,-0.9129383063763263,-1.124884192992003,-0.638178421197608,-0.5077793905166098
1850,1850,0.6254966469189365,-0.09213064736994314,-1.0355302104830604,-0.8065143932534145,-1.1920939515250204,-1.2711417113861643,-0.38399336717086946,-1.1644328323916633,-0.43010314726220783,-0.9127119303899115,-0.9199934067810537,-1.356175631467627,-0.5472731797457931,-1.0052623155253877,-1.0613827839193264,-1.2489687767148137,-1.7039994463859482,-1.2317094732527536
1851,1851,0.24460906738614074,-0.5451056592855125,-0.8643093874102559,-0.7859923823778948,-1.8291133006110436,-0.8252980638807047,-0.7345460326657519,-0.6066120022479864,-1.46517025412257,-0.5372385743992144,-1.24371618759314,-1.8505302531397252,-0.4027362899541196,-1.3937513103917527,-1.0786904219992623,-1.1098994828261055,-1.5240469171584943,-1.0497136756784256
1852,1852,0.19150429269746494,-0.38975474292740075,-0.7710764834465356,-0.5475905116038514,-1.1700463796799148,-0.9167193901732114,-0.723237308349763,-0.5909478299198138,-0.42950115608778316,-0.34130557648341986,-0.8719893652546677,-1.252320406222548,-0.773670146100331,-0.5306413472763788,-0.9116833933264159,-1.1054586339264443,-0.9526416585973445,-0.4273577182875513
1853,1853,0.6703496901796417,-0.40757981336970067,-0.8696619142618534,-0.6599058057212034,-1.2381314463357724,-1.1437371997111323,-0.33410455324472155,-0.8018116914396443,-0.7017093068860408,-0.6830239331642984,-0.6569708462700391,-1.0951405760825075,-0.5722147866306193,-1.0172037436835804,-1.0844192021674612,-1.1230820114408244,-1.3712742540273097,-0.6756998634551536
1854,1854,-1.2112196899065533,-1.7257215598975983,-0.9562883650512786,-0.7550392384788555,-1.5045104900183186,-1.226073710108769,-2.755269919851514,-0.8163619663093931,-1.1508936897724231,-0.798607182099808,-0.8844795412633142,-1.213075000142719,-1.5480315846500046,-1.533701792465249,-1.200276661391329,-1.1127104378352264,-1.2349207336087396,-1.090667736479958
1856,1856,0.6539572425629316,-0.6470057828750355,-0.9758368969674872,-0.6793847000608068,-1.9282950399164147,-1.8448004936887075,-0.48903232467127,-0.9308449790289289,-0.865648433182123,-1.398725164042676,-1.3494394168922703,-1.6788019243989982,-0.5389013018887719,-1.0061931989095876,-1.5230536198149576,-1.2078597478791817,-1.1239019019980525,-1.204573237985149
1857,1857,0.6975097640186598,-0.18983782019349582,-0.96971227903702,-0.7900799075638746,-0.9048572242395065,-0.9449242700072873,-0.19929716370779108,-1.1731040248296436,-0.25371884832240055,-0.9008636507794863,-0.7691364716244518,-1.1765225530509063,-0.5870164545329591,-0.9533367878921221,-1.2264574742167142,-1.2563693206438995,-1.0526699899022978,-0.9513932934059087
1858,1858,1.4825146288862598,1.4559208679104947,1.591264505319969,1.4564229545022738,0.9188934738434035,1.2419841230061612,1.1767504260855246,2.502255272102619,0.7505100632873679,1.3928298337224727,1.2216443088443958,0.31366563039542095,1.6487206516343695,1.3002590632817852,0.9800707313542378,0.7639063038519611,1.1879446090350128,1.467497227593162
1859,1859,1.4077166509575045,1.3367692111642389,1.512332136158945,1.3745122669978391,0.9418727941840128,1.2838407364297277,1.1138320136324764,1.8928864080250731,1.5533777922832073,1.4276577634296452,1.0414137819824387,0.3254297179614637,1.705101967495282,1.801614562523988,1.070575148417702,0.46376235656141496,1.190070166092747,1.173551471379736
1860,1860,1.3535965095203046,1.1985354256448348,1.564580233620792,1.4169277138138299,1.6116450827160693,1.2340397553624254,1.1820014035517472,1.6373510765263104,1.3235449058851003,1.5195432627551058,0.7794645113149401,-0.7694275326681161,1.7533331433828503,1.3938854002394527,0.03966657287627795,0.7748642210600446,0.60732967143684,1.4289467409033845
1861,1861,1.507921200999559,1.4466741814857464,0.9159112500639792,0.8905555269771348,0.6421668397006342,0.3077509890333917,1.1749800469553466,1.9666742282591034,1.4502121183432988,0.7510997257946641,0.8472771837429893,-0.1963214270257393,1.7215533243681442,1.8798233106878153,0.6732590291099654,0.04646820585056344,0.515982640849515,1.0907246646781026
1863,1863,1.5236979606679315,1.487791550421785,1.5627206126820994,1.5577768779192922,1.606979014975188,0.9744462285802477,1.1297215386334492,1.5456676999607009,1.4904132823443297,1.4174638789555167,0.8067770180274024,-0.07207114399411185,1.7542809269152504,1.8580672941184957,1.1535647408959007,0.679088020675634,1.4432177817653893,1.4542995929888651
1864,1864,1.457738893317487,1.4635481275704343,1.5975175658244722,1.3332195066557224,1.2335376683286385,1.2831468704743687,1.116929722273707,2.3836568308847976,1.3820686562484936,1.1678385726467413,1.0642594688088014,0.18463335296581324,1.7180504274551016,1.5406359225110036,0.982482768963516,0.6638172892993482,1.0932027802913167,1.348716741993238
1865,1865,0.3877989733426692,-0.10506189841747071,1.432057939567994,0.671877963648856,1.5087226805564626,1.208511756871795,-0.19490630670522946,2.179300928784777,1.1494507662164462,0.9766952204481515,0.9678665166200817,0.41733945070611156,0.07352206895639135,1.9701479791275787,0.9789722534027595,0.211332926457507,1.115439555749202,0.7913608690438424
1866,1866,0.9924067311836645,0.7808288194186763,1.1322779727810937,0.6442143411363432,1.5454490793960547,0.11069838148873035,0.1435422079168427,1.3637995194840915,1.442794912051658,0.9004328107457349,-0.42208750054657584,-1.4233506724340936,-1.2277006190853266,-1.1123797667962712,0.15463754125181906,0.7499747804986608,0.4569347216241596,-0.5604697150484359
1867,1867,0.6753372059825836,0.5292355454799651,1.2285001794692376,0.4044054013196339,1.584760467702925,1.2755170793051596,0.7256167374071943,0.02335046896093118,1.436308018074341,1.083063371313036,1.1744444477680653,0.30777695085536416,0.9602383982016306,0.22938084118478264,1.1051209265451019,0.74010904130174,1.3959534102290947,0.7252376910303917
1868,1868,1.523854801904207,1.4274923042704057,0.4112671294140011,0.14962887692021232,1.4309430522901538,0.9164486171146923,1.1272386888355606,2.0753063630106676,1.213509361770269,0.5281949511235257,1.2083500691665983,0.3085107777259015,1.457215146645611,0.052436961355933676,-0.16523121123754425,-0.21564253285672907,-0.3451287695956231,0.4630320986466041
1870,1870,1.0929480945831673,1.4783174670205,1.4770893028471719,1.3053537478414492,1.2383430098119568,0.7986882881059376,0.9338008905726404,2.250516501392706,1.4476228941128797,0.43283237391829577,1.1566963571072248,0.43083752076153836,1.6192017813222206,1.8931201660606118,1.1471014895346743,0.7240534041938097,1.0484170047622794,0.6740436955821991
1871,1871,1.2126137491884699,-0.006392627669947304,0.49757715163734906,1.1906496010240133,1.0465132223770188,-0.5002905632172336,-0.5858332636967611,2.4299934518102053,1.4316011788298246,-0.479429669783483,-0.3513850480113905,-1.5109479536686596,0.5302790180938426,1.625297570360933,0.4066136799466594,0.40031995298206813,1.3972560941637748,-0.7129499899364062
1873,1873,1.5328453551626755,1.4639793269846124,1.3472497725308514,1.1690641944675413,0.5098313881507994,1.1123675467971534,1.1268388381093033,2.5102923531863777,1.5212101524365849,1.2833670377471904,1.0354002574345487,0.14611096495231696,1.710625296681065,1.2544956679488295,1.0290010257465405,0.43944264254257387,1.22948276285264,1.3097307188655378
1875,1875,1.5641339280493978,1.4944094592905193,1.5468656713931253,1.42105954913207,1.62204457018524,1.2012021724217807,1.1971095439896364,2.327512621268144,1.511427244540136,1.4067620935788503,1.2378377477483242,0.47834598755557434,1.7339978545090617,1.8778314648164451,0.9197557918205719,0.5579468017084348,1.4485282073708756,1.30158047096799
1876,1876,1.4841530453281786,1.262292507581633,1.259907494529981,1.5807496535113714,1.5946028341751162,1.2792125925328943,1.0616125027802912,2.445776999887958,1.3637713008208538,1.3592228366853898,1.1916711412384682,0.40246901664282175,1.7546346271607987,1.9510998468536636,1.1092408782265977,0.5459195246792539,0.9803408390648389,1.4964605452703001
1878,1878,1.479389691821316,1.4898292103089508,1.599936303743354,1.1848593046324172,1.2453759928665171,1.1250684786783276,1.1112540749398587,2.3557000176656473,1.5479282993959262,1.523397728964461,1.1570361969236367,0.39732385642502754,1.7033730492815626,1.8188027500350816,1.1618928497817846,0.6506466659304524,1.4010740446593541,1.477870693343171
1879,1879,1.353434059369622,1.02024913298746,1.05290556963359,1.1993946840913845,1.476125260284006,1.2656147539080844,1.0235360735945362,2.4417000888840823,0.371818439876205,1.4919871959551527,0.5765288618626112,-0.17421927563770823,1.2101592091553957,1.7796708427217915,1.1569044577643577,0.7682823332751326,1.008471080549069,1.3498571677261277
1880,1880,1.5060898310540514,0.9814626223746735,1.471523786478622,1.531288330457178,1.5918994889860478,1.2549583583382544,1.0124303980821838,1.8795485389989468,1.379305105138139,1.4711700476169043,1.0582044172632994,0.2637779035313518,1.2822981066942236,1.9606286489106297,1.1272397908635285,0.46388119389024707,1.315787056499019,1.2343860408679688
1882,1882,1.5506075845082194,1.213420458991724,1.4766701073964341,1.485292277387542,1.3750673452475466,0.783468939886568,1.1463295749773965,2.2390753196664477,1.3186045371883879,1.4697823755279615,1.2242630296345927,-0.029793602087659132,1.74766302231715,1.1797462135651973,0.9687617212114763,0.7259235114169941,1.397757797668186,1.144275121392866
1883,1883,1.5479525967927068,1.256156008308135,1.3807889682106746,1.53860681055571,1.5648722004662992,0.9521069399252687,1.180077267417937,2.233150846143968,1.5327052569671948,1.4433232772123892,1.1528332296075958,0.42508770202645596,1.6110516280814515,1.6203454994505329,1.1017681177933774,0.7727622322174306,0.6372807580335006,1.1149928160608895
1884,1884,1.5628080593726867,1.494411434014121,1.3172446564996445,1.1927922192569407,1.3713440143827338,1.188696165049429,1.176434753911818,2.3674265466076574,-0.16962730359246603,1.4227913548579336,1.1943594911283695,0.37704449876905166,1.7605589945702693,1.7785540195001168,0.6379337687180134,0.6763173983349868,1.4394977618342149,1.453213417598767
1885,1885,1.5298243334222528,1.04973958871805,1.1161740807862095,1.0430620890017628,1.496032174724738,1.276578399569791,0.6580753317377729,2.2974283315723576,1.2544540691626507,1.4479612968241344,0.3902154237842983,0.04145290471447516,1.2281402308331832,1.9354196290149006,1.12962237846998,0.37022194433259303,1.1821554237912069,1.2495452797303366
1887,1887,1.2202343632882406,1.4726987847459758,1.3538756906825646,1.565970756745929,1.3782043253687941,1.1881039026516456,0.8599612929199227,2.130099173292293,1.4449758358635503,1.417487947300303,1.2268444731508514,0.18404838227768422,1.6987847007628287,1.8663887269848072,1.1154911955126894,0.6618610290052804,1.401260170059037,1.4213663860228067
1888,1888,1.321533439895022,1.383874984539692,1.5915684289130478,1.3598374866852456,1.551486608491221,1.12882012133587,1.1013207040417885,2.445577598900925,1.4407982712672753,1.5158219912036526,0.8330808333585671,0.4478702668224485,1.6342341838153582,1.8152690983491975,1.0893246684425264,0.6258404780194283,1.4128128129361748,1.4496799198657373
1889,1889,0.5689676480080414,1.420879445824955,0.9902374478915009,1.4716912335260282,-0.306405207802275,1.0734075545682824,0.05861320065945996,1.781572001819753,1.5611271012026633,1.5198712550013065,1.1745992367421925,0.4735099031374858,1.5861185543306142,1.963589350286446,0.6686286515139417,-0.1737596667436465,1.4479171989326443,1.4029330354387126
1891,1891,1.5489432254279132,1.3757185110290964,1.537517811218347,1.3404002098887564,1.587758284580212,1.2815819073743189,1.169350216622415,0.9806758548562617,1.4499111572979577,1.3544743026474866,1.1894528925666792,0.34429269823884123,1.4102829657629743,0.35221257538191586,1.0049747290095707,0.7704479989884195,1.0166623391779899,1.274501934688599
1892,1892,0.7012187611482852,0.9476162860895602,1.203821620561461,1.5046183090961505,1.5841419378563935,1.1994096814047392,0.4924723984214193,2.4682060671610793,0.9109113340073958,1.4387278684414442,0.9079725643754382,0.27646211720853464,0.9193427249726024,1.847215006263354,0.9523364349052439,-0.4643897539400734,1.2979798629021642,1.3671803140684724
1893,1893,1.1897811631809838,1.3553571415896826,1.565163050809868,1.417495193631928,1.5961407632069189,1.2801334758398588,1.1768036748040098,2.4607824659158637,1.5372728140723144,1.5033978832395505,1.1796624251516217,0.34016167325968866,1.7375457680521338,1.553929794508655,0.9085556436903202,0.7216392170284432,1.436694265758208,1.4329596345260849
1894,1894,0.8525168783600041,1.462283837745726,1.4842310287925022,1.5672007293705308,1.6193028183769864,1.2840347247613408,0.14518124671339372,2.270428792384525,1.4753105577564254,1.525093579143744,1.0800379136487166,0.4123254989352656,0.8406935563130666,1.9815022686028296,1.0863907237427217,0.49112078486082894,1.389007408803773,1.4303969604442026
1895,1895,1.190496061351248,1.3459887680303642,0.36829796084192457,1.5854172059151126,1.398689578976898,0.8180422851019067,1.04592874013021,2.2975131831557754,0.6863475594218308,1.2050294465584659,0.6357057534151155,0.27581187865021956,1.7555315157902889,1.9442944419157142,0.5599495226575275,-0.7669289738104992,1.3214132872621562,1.4036304650101896
1896,1896,1.3787413103837036,1.4729464113570994,1.517984396720374,1.127440262036306,1.4839450694015508,1.1526784651758835,1.1014003208674246,2.1980126972542515,1.5485587537764842,1.3099756219994632,1.2392197882555966,0.44566973939815413,1.4932951225184918,1.407540114577142,0.9038128131820845,0.7422587606911504,1.1543780070801748,1.4331642246986618
1897,1897,0.11327872844152048,-0.20085718688676837,-0.7346369975532853,-0.9749274019861406,0.12851718057584505,0.26022687603522004,0.12444123985359179,-0.6684168369444845,-0.27407802777227885,0.29797072772194766,0.38434358405641017,-0.3047116988538902,0.49134323997102225,0.41443388665337316,-0.7462736876909013,-1.3809561213680421,-0.5197832513597046,0.4410642748285643
1899,1899,0.5205256446890797,-0.14637606635237088,-0.5820186325964017,-0.5797795319150314,0.22874547378058976,-0.5545310566792796,0.19424887232812307,0.3856638187145564,-0.34095047105166165,0.046955324889113415,0.25958832099880425,-0.4019389297883204,0.4023892311745393,0.2399181925078939,-0.6232613953967054,-1.255112222452716,-0.35951831813425883,0.7737470353979823
1900,1900,0.5425324868266526,7.757913088746269e-06,-0.5907674424746444,-0.4328917430456149,-0.00999816262952219,0.5465911917598192,0.11913407980711271,0.710251866416654,-0.28734411658808545,0.4795944417425568,0.33084352507994563,-0.33868415469534063,0.9229670800881505,0.42441693780686285,-0.5232092768692012,-1.0863349630828238,-0.150144080927124,0.8265765404219511
1901,1901,-0.2305124659497596,-0.27551188090181394,-0.6826745644694088,-0.5955375718938222,0.032060951361206014,-1.0397548070593186,-0.2636209261343158,0.656168646253161,-0.5618368737748091,-1.265197435967075,0.3690278333479081,-0.8460994084986162,0.4267547112678405,0.3884846370839789,-0.9704155282202689,-1.6900487865304643,-0.33276046978754625,-0.7358252625603903
1903,1903,-0.3657123996222944,-0.5153578875961862,-0.6757590036643077,-0.680915998780164,0.21615462546652142,-0.07984931956889219,-0.019594959774339588,0.6450039278832682,-0.8038518398668366,0.1095930158002219,0.28576855417325914,-0.32193195154652077,0.2678227987673232,0.33834090813423245,-0.7642502443886272,-1.576582535446898,-0.567970523045308,0.4963080875163529
1904,1904,0.2816675508826593,-0.0385338807309616,-0.6411731946127863,-0.5254732484742168,0.21628132106395573,0.4685926193143617,-0.06126422333985554,0.6845613607117994,-0.20959878026843484,0.4046383266178001,0.1790214318640983,-0.291028685584466,0.5809716357345946,0.20447327428864637,-0.5530702854514746,-1.1686812716464499,-0.4237993747343119,0.8228736634327446
1905,1905,-3.918483136811072,-0.33516754051733944,-1.436537334158475,-1.529376758182689,0.12414269701406036,-2.2755476547252256,-1.813153741784947,0.014368725029453633,-1.0276711494737931,-2.2988227766524796,-0.19189831313574368,-0.9155216528803934,-1.4425802443964992,0.3461778305571988,-1.9917960914560309,-2.9488295497754824,-1.2694221837210709,0.23750093832027352
1906,1906,0.5798344071989934,0.546755884032954,-0.667106309669919,-0.3468772637326516,0.21097162856688845,0.4526872255719503,0.10674352670035075,1.1043678739560459,0.6434391028249042,0.408991904435693,-0.17254865453555868,-1.0322382343793088,0.6406884110589032,0.2728956644180457,-0.6301754598794546,-1.130021290459575,0.05675016501713588,0.2676267709382638
1907,1907,0.5370289470639107,0.4306954298184152,-0.5769698465113644,-0.278713276467757,0.7520083244477573,0.0047408346187484685,0.47151446724777046,0.9988784731758764,0.6571434445069493,0.6263518990033919,-0.1386932662529951,-0.9817704097063942,0.3479745642107607,0.03286087841427468,-0.8050318862943383,-1.0516560905009589,0.013301624437707188,0.3037717064936804
1908,1908,0.41821031571429373,0.2797918605537438,-0.6259898903897174,-0.24617696008512668,0.0540564244817594,-0.026854213717808828,0.3710516404395017,1.0472078204094653,0.5467147160114385,0.6290625664115581,-0.4452553661431232,-0.993398558772867,0.21306122126320004,-0.17110965802658507,-0.8314401154439979,-1.0589244417319836,0.009107660113753104,0.07839163997475679
1909,1909,0.5432656937868129,0.31144709242176905,-0.5027889871346284,-0.42195891408013686,0.7685719398115941,0.465370422629995,0.5290379560497595,1.071291168024758,0.6106432184981638,0.6417364333620296,0.21715017764808472,-0.6282188414163639,0.551763285068707,0.25491103024381984,-0.6615025914023853,-1.0432223872291035,0.040513600433367956,0.13568184868602456
1910,1910,0.10037552792939819,0.06446221152935605,-0.535092430178075,-0.21653605293795725,0.26095783368734243,0.34290171515559104,0.18344685106375275,1.101933128218293,-0.03972263890038186,0.6155184542100824,-0.4035580857783426,-0.7011836979451034,-0.2047015997726025,-0.12096334293613586,-0.7096427982316845,-1.127419848578975,0.00852891218870408,0.09513621862749472
1911,1911,0.4435484339135809,0.4300038206596037,-0.8489439426212999,-0.5588907862659065,0.4079738678453652,0.37104484891374856,0.3645876394237201,0.8714461619239405,-0.2998798916192791,0.16348854507940647,0.09987971192237888,-1.233261169053923,0.46321637112485997,-0.2736199076994901,-0.9086063803497505,-1.4815785121325824,-0.6998867705741825,0.18299916070753883
1912,1912,0.5547404264217146,0.5331305113607969,-0.5822240149450133,-0.49263995166773694,0.6759267317366814,0.46857267808833925,0.1929173026210178,0.9330229038508218,0.4110457003782817,0.576610222134297,-0.4504525510957532,-0.8617054121031968,0.6526843520736997,0.12492454159208399,-0.6074348797914854,-1.1188187675324335,0.050311858944122434,0.2557747875588041
1913,1913,-0.010537920576724868,-0.480207489640359,-0.5804634153513373,-0.17899484291399986,0.7894045005067359,-0.08865199213810315,-0.6568284877272788,1.2656023193648824,-0.456530066383638,0.6439602197819794,0.21999147814135595,-0.9372152648324041,0.6300525138833901,0.25052731020288665,-0.7364253692139137,-1.2148711324964774,-0.014321035450378966,0.4179826439566982
1914,1914,0.5866093262076556,0.4077532487622417,-0.7044828469101212,-0.1879505109460114,0.17492208194989578,0.0572889684241184,0.5312636641014522,1.246177262088692,0.6436240973961203,0.5124298531148558,-0.2878991629876001,-0.9638410506318762,0.46574063045957187,-0.11908931405458295,-0.7923541123116186,-1.048209398114928,0.01964440708804026,0.06221169106267094
1915,1915,0.08353905131926043,0.34922163062550854,-0.525738440557004,-0.21238111067410573,0.48865325074479615,0.42718790999037437,0.37364551633860266,0.8989235919120919,0.3553579734910538,-0.0776898049626843,0.005342981892832277,-0.4863605768372948,0.23870520419954605,0.18898505800674045,-0.686622425018712,-1.2380193288931438,-0.1542982778439624,0.2678552397447034
1916,1916,0.3612085004448232,0.3338881800904734,-0.5395477588846038,-0.2049269727334002,0.3925488620570541,0.31423901717740366,0.4286124896313025,1.1965670018354555,0.5610784798911802,0.5392575712859162,-0.12473554980513735,-0.5986679540056209,0.5057915769032986,0.07275565020853741,-0.685161608844647,-1.1397725816259399,-0.055247002913516245,0.28930560599069166
1917,1917,0.6082820509295314,0.5690187783910288,-0.5620527641489008,-0.2431463557613368,0.7228398451980327,0.2741306993656752,0.3387858211902952,1.2274391225862178,0.6276321909494291,0.5488224925926322,0.03322367054837977,-0.49172270661302675,0.5760056207099855,0.16471901512517528,-0.7297443456231911,-1.0940380382502215,0.03507136893087278,0.23468501980482992
1918,1918,0.6148154535200011,0.5863886903821309,-0.5892488482993226,-0.18254918948445456,-0.22560455437717009,0.4440535652509321,0.5372002242783372,1.2894571464846802,0.5510882555261527,0.6487777066089697,0.16732776301613805,-0.5176746665340035,0.5103954808030009,-0.27310821309099076,-0.6846702035593083,-1.055994725878209,-0.14770245751257816,0.22506498331981387
1919,1919,0.00020590045170110205,0.09840088728141694,-0.48404006468716576,-0.1789499914495732,0.38156286253433774,0.23986546964231978,0.3416341872279196,1.2689685126666383,0.641233364194405,0.5385669614171229,0.20171679147843685,-1.3382791050349552,0.5354378422844663,0.2405019365541783,-0.806924446403847,-1.1214834341303874,-0.06847476329188382,0.3611015248382828
1920,1920,0.6608897890470481,0.5342372746802602,-0.8591270752602194,-0.410777022060793,0.7958372450339122,0.16557754060041574,0.41267252752460715,0.5746077005640107,0.7059218075843277,0.5821762943277021,0.16650328030301254,-0.49575125239110523,0.5828002919936542,-0.005516995232734689,-0.7514927593034972,-1.095319875883318,0.03299120779006555,0.19298885736426372
1921,1921,0.668854397301756,0.3706077244442352,-0.9617330435680761,-0.2575988851762018,0.5197998686032375,-0.16995689810797954,0.4970352197605672,1.0573820109460135,0.5890952844804547,0.5306450937493864,-0.14976685947629675,-1.2390225211336379,0.4928837242310009,-0.1723410285966236,-1.0730125112408522,-1.1402251021258558,-0.016756329839387088,0.007959263868867139
1922,1922,0.6471499271449723,0.5091113793035004,-0.8145828756129199,-0.4150187934429368,0.6800943831524195,0.30182877634808214,0.4759677548865698,0.893773883922464,0.7115781963929968,0.31725206653617993,0.1991486489787755,-0.5517708606856202,0.5962804543115183,0.1918963373316408,-0.8739793900691366,-1.1259196421284414,-0.009411529171403948,-0.06286714736825949
1923,1923,0.6515370571088419,0.5523152558092181,-0.6221689634221124,-0.2848454033447391,0.5861850103639378,0.46889610829736983,0.5310132893412588,1.1967546076910278,0.6916504704098351,0.5971803710442749,-0.20657195638821996,-0.7036600603829696,0.5891568768539145,0.19853616867867585,-0.6214933788122717,-1.0419338165926095,0.022962534465203743,0.3618307102065604
1924,1924,0.33969575192328216,0.4491074941996869,-0.5032324602371746,-0.19680050843217245,-0.2958778594014013,0.37043372650789474,0.5227694050885424,1.2742352688159242,0.6621217670254056,0.6375371128003082,0.21476829643564807,-0.47094983091558507,0.5476665973638318,0.25081112818226114,-0.67040717438049,-1.056600490528734,0.01379615035414878,0.41257628546277747
1926,1926,0.6145731852365643,0.7371515489507323,0.05834089795515864,0.030614915542124616,0.655934008244559,0.8276218751700016,0.5399766616672047,1.4059824254252722,0.3181929646974435,0.8206861817620391,0.4443621841875329,-0.30280753167637414,0.9369679590062663,0.3886268276439868,-0.25659155521768745,-0.8059878461380128,0.19181519278304857,0.6116685895527386
1927,1927,0.7859835776767133,0.6682337240185101,0.0409043034080251,0.12964093407809923,0.6236142727002113,0.708094667868637,0.6118173995200942,1.1358691851150302,0.368836546748398,0.4902872511325023,0.3781761617565792,-0.2933379417038471,0.959528437961526,0.40404304094463284,-0.2037127365416614,-0.6961633149379832,0.19150063549305496,0.6565111750568501
1929,1929,0.7684594757483018,0.7297997795429434,0.014015591367651452,0.11944564264778657,0.5036225456789609,0.776010035166624,0.6034691322797311,1.296655039860487,0.19798344414209906,0.8465712994466602,0.43448045683091485,-0.3388634074563234,0.7585729360431241,0.377370104746355,-0.26785250906065583,-0.846202143049277,0.1845809715947988,0.5706418135837198
1930,1930,0.7281722747442779,0.7068641400375353,-0.013382684524871291,0.1581360385973247,0.6607343539584412,0.8198932860537295,0.4586844535735326,0.6200750130356725,0.39126242483750145,0.8738683550609688,0.46704862184272783,-0.39373021982722306,0.904529395298087,0.4280529412213208,-0.1953921271837585,-0.6336276028701554,0.1571273153524274,0.5683582754470196
1931,1931,0.7696154667529155,0.2944665928245357,0.05784924583922973,0.09137301797770003,0.644900525687198,0.7947162948579981,0.6440353317123709,1.2091327922022659,0.33641691837716137,0.8100080813154568,0.37532067700945526,-0.388422208825269,0.8132383969960129,0.2701924958410298,-0.20244432118029784,-0.7112900696049015,0.14303932653679535,0.5858027045142106
1932,1932,0.7996085736465118,0.5863038622057254,0.05334006460815586,0.08318923159028245,0.6110266191968101,0.7698949847615735,0.6310426676255105,1.2279339912719014,0.3723294758390694,0.8065661930490666,0.3918497731639561,-0.3440466935679883,0.691932290931111,0.30315038624030094,-0.1987566596437215,-0.6377920383400378,0.05140077730820419,0.6034459324773928
1933,1933,-0.615600355703894,0.25794380021546337,-1.188433579110506,-0.18001958734526663,0.5343763196070689,-0.6155273864349042,-0.052881885131628614,1.4621362684525134,-0.3419768094596414,-0.10550145591921145,0.33845697414994047,-0.6166043372100884,0.5442750828942329,0.35287893881929716,-1.2996215135126468,-2.382741983508897,-0.048356978756114055,-0.23111134867276362
1935,1935,0.6253609588844364,0.7558254768019433,0.023050915653882037,0.16470296402295964,0.5170575983394596,0.7256039331834255,0.5541983687094826,1.3038934928499633,0.3652913915232592,0.5201820266483155,0.4717548766817709,-0.2911419605796546,1.0139540970420784,0.40047003442028245,-0.19641356873994006,-0.6288923805764032,0.2026324264159265,0.5997284761508
1937,1937,0.7470347606075927,0.6361468823318783,0.015718589723050708,0.12169364996506148,0.5439217353489383,0.3909655541590869,0.5949584286623518,1.498069110238978,0.23510076099481073,0.8345595981885547,0.44138192337824844,-0.5060078163309089,0.7665420347457018,0.34145163508534443,-0.34374718851665925,-0.916975998085663,0.1554563433306649,0.5848006354207465
1938,1938,0.6565790435352242,0.28353461517570183,-0.04950209396548909,0.0703546856120305,0.5635820233689275,0.7804816512998817,0.5377381297352074,1.3065548806183016,0.17041056297968113,0.8280973117637207,0.302053236886487,-0.323008637178309,0.52104626925394,0.27618921460802576,-0.3191023417521997,-0.9550341906319959,0.15478136922586083,0.6002642902153741
1939,1939,0.7548092246981379,0.30152156020433085,-0.32051136387524276,-0.22460254216480885,0.5107264865366904,0.7651253223007137,0.5649885335539003,1.399450961177609,0.311494482295874,0.5563958385684333,0.37440190404850626,-0.5030864172300467,0.9333747000071965,0.3907813280039349,-0.8752979027971246,-0.9759563248007566,0.19094057297052525,0.48949062706499613
1940,1940,0.7261760886288728,0.7410941915024376,0.04646742411115033,0.10928121066046655,0.5188851956431509,0.807241043230497,0.29882616563508646,1.402066661688375,0.3054243665198863,0.6939508479201228,0.09112547890652245,-1.0313172408137734,0.8719306210706617,0.2877547848671208,-0.29841029187602386,-0.6592225919334667,0.18327888563537237,0.5955347279087118
1941,1941,0.773492280832506,0.45210076791146164,0.06329049758538914,0.0667137540606346,0.5874693034668628,0.749819203469439,0.589720493226851,1.1042686232459649,0.3483888578993388,0.6440653470629304,0.45548062826979824,-0.30882135060872684,0.8794852688972542,0.362319336090571,-0.2135447384926801,-0.7024079477582381,0.18353633687015225,0.4767830864914575
1942,1942,0.526570897225729,0.613954227891725,0.07747435336267254,0.05143398641237719,0.5578788358484935,0.7375688833016507,0.19292769038941876,1.402580311642464,0.2745861882979981,0.8595693186878374,0.45242642803183364,-0.3183421782292693,0.9686694029205838,0.41927365054694476,-0.20655293514663275,-0.6629285128560123,0.2182261648317615,0.6687062608200378
1945,1945,0.5972528167308936,0.555320488643387,-0.03159862318268926,0.0697000086847201,0.45040086984586636,0.2786809917007802,0.43518851090594124,1.516430925394206,0.3184944769054085,0.816682005988848,0.3547555844680648,-0.3015371584680023,0.9616299946968268,0.35400938569091517,-0.5246949191755594,-1.1866296677044905,0.1581981142697385,0.6572482084514023
1946,1946,-0.5176348457428075,-4.922472841764899,-3.7535598425545276,-3.32152122629928,0.49066062424343,-1.620039127642072,0.05933709187266112,-1.6959973813076075,0.07930526485799212,-1.3060631104978797,-6.312822337838993,-2.717766251089071,-3.539217711145036,-4.461685485745601,-1.8384842777230412,-2.093952996499193,-0.7817720091033998,-6.307177905020902
1947,1947,-3.440027182071267,-6.6534598246399295,-1.6818036329299373,-1.5757831296290914,0.013177658481254517,-0.606799574364236,-6.2071564166539055,-3.7674286567825077,-11.04753553328676,-0.4094564225220316,-15.671907545892674,-5.360252551113317,-18.465423995533076,-11.248355084385853,-3.1472465237034695,-1.4538962558555368,-4.4887330399997865,-4.44788201519414
1950,1950,0.11545342261356623,-0.14019344806540968,-0.755076401588872,-0.6537241305697818,0.4602594577491569,0.32548950369053303,0.20444317143809268,0.9544359028781216,0.3271487880356001,0.27606286477961445,-1.0826217823628053,-1.415001760385288,-0.6933643827288296,-4.44190047383995,-1.605108056817144,-1.2887177457056898,-0.3053908412238824,-0.09956133663703504
1951,1951,0.0019679829085201828,-1.3638089744845205,-0.7528423868497477,-0.11780110915521447,-0.9123307768355355,0.4715228658496624,-0.13394848134452142,1.287412300343255,-0.8926932631396021,0.6542218273145652,0.1997208796321574,-0.6142435706333483,0.15728936060449006,-0.5441206500930097,-0.6999128862569041,-1.1136632807688696,-0.1512789062825209,-0.5131899439730394
1953,1953,0.3083284458366654,0.17418515206002128,-0.1467666009703682,0.02897377490459979,0.5757619142646543,0.3953007399968883,0.5251893462778673,1.4922703930504866,-0.1537613681052064,0.7047699597929633,0.40529529843186274,-0.6239401090649399,0.6773851938308371,0.3705601749718781,-0.5679216990032581,-1.3898086160813081,0.11727384783230763,0.6414593931748895
1954,1954,0.4857463134840894,0.6762640892013949,-1.0968565545762015,-0.27404989342874925,0.2763498144962983,0.2829458980844325,0.5358551760866294,1.1370973462461111,0.049295318512934755,0.28099885540464864,0.3791007263158022,-0.7595978399004544,0.7792598468844821,-0.030734315526024236,-0.9736794134566322,-1.2515904202891601,-0.005854076234313332,-0.628140474370656
1956,1956,0.4360600243664814,0.33264609819406166,-1.6936999474396015,-0.9737114482145831,0.3865932364709122,-0.09777170599815432,0.3819505570455845,0.027802256810194326,-0.8366063004037838,0.12472860134814656,-0.7472706475099775,-2.900550096487329,0.7062356227094,-0.3683326184858279,-2.0701444627891217,-2.3590045675440674,-1.076964926813992,-0.45937771643249836
1957,1957,-1.0318706037470617,-0.3805359556774793,-6.306792755581243,-5.416064634407078,-1.7824143756712978,-0.9729967891749964,-1.2302823265735015,-9.14411732236867,-3.9366633455934905,-7.448772098866861,-0.4245979812463277,-2.3501933390554584,-0.04340834578877906,-2.906709610384775,-5.428618883757485,-5.587628973046515,-5.641289510355878,-2.8134153916844262
1958,1958,0.7453939019432276,0.396725305275659,-0.5348727642065506,-0.03598694985349256,-0.8405040871933369,-1.0555027323115727,0.519512907069647,1.2145268400552334,0.1222716628911571,0.2222297853100833,0.029222126091762612,-2.0627034406711617,0.5810867300858761,-0.2757199419067785,-1.836280306212803,-1.5669478619339903,-0.08123998172013991,-0.25756547455478185
1959,1959,-0.5365692419261778,-2.4743179597897007,0.06441541079230595,0.08721439230779748,-0.7565541245041585,0.07389825562078034,-2.1037515109515064,0.6431150814536373,0.2353684816701653,0.8540512796440913,-0.6360976218583723,-1.4313662463035337,-2.307592842527595,-0.6997614164408177,-0.44436609747386013,-0.6487624944532747,0.013434883412156734,-0.582776785843446
1960,1960,-0.09939425861859374,-0.4711792518819249,-0.5608104977329077,-0.9211469486532698,-1.5680135495618592,0.33829186243588455,-0.043801170897128205,1.078954322240647,-0.0534500783947322,0.7918017893437981,0.01902611086684325,-1.2397543686456234,-1.3773645373866754,-1.9726485626907966,-1.5533345743718003,-1.0002472226918357,-0.46740558765991136,0.027804889505172015
1961,1961,0.3712532876009368,0.1562442057269251,-0.638657402392553,-0.14623935102688698,-0.7948535418512634,0.45586449943087914,0.19385893544383315,0.6459453800612153,0.6787799848831465,0.6185736571504066,-0.23240155601476542,-0.9005426786095303,-0.036573242542438766,0.15542322781435197,-0.9022861910363936,-1.0354381773574917,-0.037698820719153314,0.3966012377890874
1963,1963,0.577651787738144,0.5277470264072611,-0.5377234066523933,-0.2240328264517857,0.3365101878711329,0.37955248822240334,0.30959807912742365,1.1994476215843326,0.420868691373106,0.46546532235270277,0.058350429129752454,-0.8439543175108108,0.5417352992688006,-0.8868287025409505,-0.793901409793265,-1.2172761167660564,-0.30627731219929516,0.37291028892510647
1964,1964,0.39603265647669095,0.5015746267509161,-0.5935730878925316,-0.38545118988977645,-0.04492964975903502,0.2916163082711276,0.30294181845123935,1.1790696427496439,0.15386316975427644,0.07765917931352717,0.14275869571572408,-0.7827667709201818,0.5616062769410436,-0.4066561868536155,-1.2301753069941188,-1.3870176031018857,-0.5621137429442634,0.31914955137954065
1969,1969,0.038676990970775205,0.2019819168310643,0.3118043595524206,-0.2622956928500912,-0.04811141306532013,0.3566422903698719,-0.325509081790619,0.667873911145296,-0.7178047314566651,0.18126426731010506,-0.26288719222195533,0.16030081752354675,0.8716398901192736,-0.0427287047656426,0.5425866345544825,0.08827995178239029,0.3536665834083147,0.3812692696595573
1971,1971,0.0629629924207307,0.10497683477848138,0.2664688653893508,-0.27241528403001747,0.003359902130894009,0.6223721894624304,-0.3946494727630674,0.4684069590958222,-0.747399432226925,0.35723892072016794,-0.13317555903841627,0.1835950990867452,0.8799046933906383,-0.21956466205323746,0.5066954590573829,0.1204388259218702,0.28827083455572117,0.1427691399531551
1972,1972,0.03266181597323391,0.02699297089625724,0.1505827847482274,-0.31282982959266825,-0.09140179405730983,0.24228814956989708,-0.4006267048132934,0.6501845984194033,-0.707023362120203,0.41364846833048746,-0.17738108011336298,0.10923747936816071,0.8924512353696389,-0.1888913148433126,0.533532553362189,0.23372889762128907,0.32100468473417515,0.27607127065583054
1973,1973,0.09681224633495161,0.2523169077132133,0.15695920876856945,-0.30990860825059263,-0.12488641664100493,0.5796500522489967,-0.3744452639909244,0.4811391821411817,-0.6829524039151444,0.3916580324917384,-0.20156450776033663,0.03995023279711502,0.6085107108702072,-0.21170354432712704,0.5569756191190501,0.1384521246456326,0.20958822921726428,0.029031839533735948
1974,1974,0.11406183913177162,0.24436716178796314,0.25729177525047553,-0.26054999292811787,-0.09696159332847412,0.5677193647969261,-0.33737742468847115,0.6157922722595365,-0.6306651723955694,0.2684422311674416,-0.1282963742005285,0.07656379547388349,0.8794481784571297,-0.04325774470994242,0.558754538137925,0.16322641565545704,0.2345694523837215,0.4194255290499096
1975,1975,0.11090753597888793,0.23782840439132505,0.26961371464248296,-0.28800911356504627,-0.09248474115027634,0.5180688160800386,-0.33137625566380274,0.6315134297106428,-0.6179748555638533,0.3341117505993683,-0.1331512466479697,0.07420305428530861,0.8755133664181737,-0.05244735495752861,0.5417086305971355,0.12734778248903422,0.24233262751027723,0.4533061277644908
1976,1976,-0.05007300609415649,0.1586527248827071,0.11547007470566306,-0.301257661693897,-0.18081391246861564,0.23046188152666014,-0.30977898150932304,-0.21066385101505003,-0.6036831424692579,-0.9835432182873953,-1.1900009741857303,-0.03731627128015326,0.15561184204682477,-0.17122326324204157,0.010099338131106195,-0.19167025128008186,-0.04131900372836772,0.24536078312925402
1977,1977,0.10532468225328935,0.25217949822921654,0.28025688255699766,-0.274056163749039,-0.09291082659641203,0.5811504343682977,-0.3022146898913931,0.6318421309722853,-0.5964182068427203,0.3002246189748207,-0.19604192608937537,0.057332186746923336,0.886183869966338,-0.04641131928196387,0.5550328977705399,0.16412396688698078,0.24948115046244396,0.5012110619559887
1978,1978,0.12737441106821198,0.1860323178531741,0.19626276410987048,-0.25456784371576385,-0.889828662182058,0.5076139490512042,-0.34326389126374973,-1.0734108217149771,-0.5966698985681268,0.26974625459701673,-0.18481138625948956,-0.23960564977678978,0.694238611074858,-0.052718141153179764,0.1890370778925206,0.05340102635219594,-0.4084902800619993,0.38480600567624457
1979,1979,0.12226004757114266,0.14597201330952375,-0.035354267235161,-0.2788436495611206,-0.13562759433147814,0.5642288519314455,-0.33654717762904046,0.5336718125804296,-0.6075226663238606,0.3723183781844628,-0.16493228133100662,-0.0006662537963059156,0.8884464626432473,-0.11765241987030214,0.3252946447761359,0.15429756435021813,0.17338738582126056,0.35864922119917
1980,1980,0.1162440508116369,0.21099991547377245,0.2819815832422661,-0.4029226587462215,-0.0938399207326839,0.5923900084579395,-0.33236445011199117,0.5121396163529521,-0.6296056150876653,0.16586986757487435,-0.17938627829955736,0.07468508059206196,0.7476588303296451,-0.019992965055457054,0.47982374416194695,0.12994475041583542,0.22569055560813478,0.4683689063880326
1981,1981,-0.37601318914743664,0.09255251799943195,0.073671396236212,-1.2103473371251685,-0.11918318036991755,0.3752012095452826,-0.7975698560792782,0.2927692086412782,-0.751793946134017,0.0909242648047971,-0.4397142399641921,-0.4161576836320668,0.3248682583570759,-1.2309443080640003,-0.887258436165836,-1.9202811984310437,-0.5999113255570798,0.282442636026625
1982,1982,0.10836558002110203,-0.10313110922426832,0.16735679766178593,-0.297592207607041,-0.49741282978624735,0.05806218973730004,-0.4290383602552194,0.4286036212627149,-0.8196484749213996,0.12465204116158446,-0.25529513280608446,-0.18014978493425887,0.7515467346863215,-0.00425574024997339,0.39838598510055895,-0.20214163193117066,0.005284299993866962,0.04987023088744652
1983,1983,0.14677407585712446,0.16902711110472465,-0.2585087467598589,-0.29375140864658206,-0.376666676233195,0.43659477226443727,-0.3271450341305031,0.4718933996199862,-1.0291537577032868,0.26389764412604666,-0.22794208171803804,-0.19093704721313737,0.7428274184569786,0.013788055801357812,0.26701087923733124,-0.355545713158478,-0.020345803987689225,0.4274357241545337
1984,1984,0.10788067309300693,0.2671623684539519,0.27112091224887447,-0.2569086797387624,-0.007400370642487095,0.4785444285194109,-0.2993599466816719,0.7183725006376648,-0.5913090964299457,0.40370942438920665,-0.091980797257324,0.14631399742685858,0.8743257875313618,-0.006194050218387544,0.5662979825082798,0.08857926490126974,0.3565640098303836,0.30786885502688033
1985,1985,0.12270387406608625,0.2356795283487221,0.021708251874145545,-0.25554756188974254,-0.09445096729109197,0.5767030508744068,-0.3036276647661479,0.6402773537529617,-0.6466298141553738,0.341587533184747,-0.1286883391450975,-0.021744892035410038,0.8866408676665326,0.004514621307137828,0.5435952984156545,0.15975161695290402,0.24635553188069217,0.5027602737945182
1986,1986,0.15093670580829366,0.15806072257147064,0.21285541032899807,-0.28981131381276387,-0.4252175702792471,0.4455879854310221,-0.3148499984005845,0.4061438444049149,-0.6280882252869571,0.2617602312457203,-0.2634472314610385,-0.36050473709998476,0.6442233638241602,0.009219881890140382,0.08467152826604674,-0.3192543289533278,-0.09180069217992852,0.32946702224794977
1987,1987,0.16032725198691025,0.17164579179563277,0.03406312327775901,-0.2909112596159487,-0.37476582012579257,0.45274412029593336,-0.31913420497704925,0.45861422396171003,-0.7052409738408518,0.25090201660375544,-0.22130274588995635,-0.17333791419953734,0.7226552141575858,0.017643836917204312,0.4098158906762617,-0.38424471370787006,-0.011101927806781802,0.3117598803261618
1988,1988,0.14863813829142203,0.16105087294565112,0.20612077166633005,-0.2902542041738718,-0.3930224533170842,0.45607456410121133,-0.31527072507556253,0.42798063025781263,-0.6349387200881855,0.3168522182523618,-0.22232840477130675,-0.19806190862718714,0.7416436356759104,0.01780948473185872,0.38433277169952645,-0.14871899426204227,0.004983728186597277,0.35733370423509037
1989,1989,0.1498046721531494,0.11773062097323839,0.20262543897375765,-0.31013997274479804,-0.42739560430068263,0.272149962965227,-0.3411722366492336,0.2744401967612675,-0.6205733611478222,0.23451564601301295,-0.27073409001437976,-0.42207231343873136,0.6211329555283632,0.00808419201938134,0.16994778201353794,-0.4071553366851037,-0.1255521579979043,0.33284494021598965
1991,1991,0.15071164533122725,-0.16626281154577388,0.1537482708640498,-0.395910666563012,-0.3757445138585256,0.3852505719100949,-0.48614037789981984,0.47507848191354046,-0.7583967069699229,-0.05062375666837948,-0.3503629708261901,-0.1761404627968776,0.7445855207312595,-2.082364340059558,0.26692106195672,-0.035834228089297614,-0.02887931230533406,0.4223439656611981
1992,1992,0.15791143209608513,0.16099317319714151,0.21654851822445467,-0.28979434132798876,-0.45674060666337846,0.4035630155929299,-0.3161465725316764,0.4739334335024751,-0.623979207930807,0.29760757217509787,-0.2607213135451263,-0.3420285697769525,0.6838497917421456,-0.04392793561633507,0.04015869367576236,-0.322180804507784,0.0017424404795068856,0.3251982203045893
1994,1994,10.795651987462636,10.28179204306945,10.329209649315862,10.570612755529643,9.788063312158396,10.074494803028955,10.206795558165007,10.474530818784851,10.441331545779885,10.702145342002524,10.58442159145296,10.182493846868802,10.49827497252578,10.546829142426578,10.180827563606858,10.537804664628792,10.525254601070927,10.780448002726356
1995,1995,10.838909648507771,10.310221642532875,10.383474863226692,10.619925226861499,9.820907281578702,10.08659207509326,10.251925518656025,10.500228164380347,10.504294984502787,10.726924015608702,10.616132508324679,10.19973004137521,10.533598611185871,10.574709663247729,10.231053625317148,10.59588313004825,10.555988971708295,10.801810957855976
1996,1996,10.684296441639415,10.192940909847119,10.189043484667826,10.435401473884536,9.697523056875749,10.042109753295401,10.093272558758011,10.404216261350255,10.27910690663958,10.637422409508783,10.501518467421253,10.142483990540985,10.395161715082281,10.462376796870338,10.072667183822203,10.41909475798706,10.441322989731248,10.720312551211103
2000,2000,-0.33591876555888533,-0.16881270688615999,-1.462872866649751,-0.6805390231933608,0.4704858007625671,-0.5703744587984793,-0.4000764758631181,0.2725035501585981,0.25112891831028084,-0.3005683854355454,0.21459530743182398,-1.0856484202919978,0.2001475443556084,0.02330106709996188,-1.3694553640588987,-1.9865933881082156,-0.17931595562728908,0.2785152394447042
2001,2001,-0.27076932776084894,-0.22698352416129577,-1.4605169929869375,-0.7224910346852691,0.47578633983351626,-0.5817840830046137,-0.29970138352311954,0.2540838403693281,0.3056821050912955,-0.2878553298964486,-0.3817002041904983,-1.1469471607859223,0.03056210248241842,-0.25924473027938255,-1.4337891716604316,-1.9629565319456044,-0.25800597534602526,0.0626101669295755
2002,2002,-0.29582006112836495,-0.17389724884122484,-1.504749797565577,-0.6899386917254963,-0.2501462544573344,-0.686609692308622,-0.33157514858303344,0.24022667740592063,0.28725549625561597,-0.32282788324771283,-0.05837064638181555,-1.2925731542293324,0.16663314571356055,-0.1300530244452442,-1.4485714049101344,-2.0108649516243733,-0.21989978848903724,0.07526685431861405
2003,2003,-0.3634709075824712,-0.23604864520265284,-1.4939072738133943,-0.6832339525910637,0.3029380682329448,-0.5556962528203756,-0.3642653658127173,0.2500448999575667,0.24753296894094345,-0.30917379544900747,-0.30720531030049436,-1.1246195706823008,0.02593585066535911,-0.08395182344507646,-1.4233127330449584,-2.011904914661752,-0.2000115350417646,0.17010002146786063
2004,2004,-0.24381145357262507,-0.12549254487905057,-1.4667477419067927,-0.7383403476655783,0.30576305911860013,-0.6646475383010163,-0.2858500141242243,0.22770136597809518,0.1598379870731585,-0.34335939287224104,-0.1071147272237522,-1.4011348329986042,0.17313200319512995,-0.21066592505160975,-1.507127114556607,-1.9862886046965995,-0.29765740745118197,-0.12972740560068124
2005,2005,-1.2291385776711679,-3.945823020249072,-3.0769813822814074,-4.992088190920647,-1.897663897068786,-0.4066533008932282,-1.1121871490680217,-3.7114944862508548,-1.6570230390778917,-1.663674056662782,-0.23738944451467567,-1.129177876803705,-4.278182505738454,-5.344870483947139,-2.678432737486145,-2.8876855894976585,-7.153320685385021,-3.969644758166412
2006,2006,-0.09514943936547274,0.01752022127673681,-0.9053783610543532,-0.39586965528780066,0.5158267335218022,-0.17399146828621914,-0.18568324598745906,0.5254833126984397,-0.032682837862880953,-0.11597856415020147,0.43578433109824555,-0.8589017567142327,0.5428606954648196,0.20863045697736682,-1.0107827266029903,-1.5706657286244965,-0.061227273265899246,0.4122949791059346
2007,2007,-0.3804159101627505,-0.35269412568691044,-1.5550789931489892,-1.932212024178689,0.1428203309587741,-0.2805594700767485,-0.43308674017990445,-0.42307983415908335,-0.49308921511473397,-0.7284276961227341,0.3297239226001498,-0.7722773692888638,-0.41642061496943883,-0.44276494881555384,-1.3550584411264677,-2.1150484579338817,-0.915645352818243,-1.5686084062965393
2008,2008,-0.34808695958857694,-0.2395826782520574,-1.0703776155577978,-0.4416672857603632,0.42899922975883287,-0.2836338498110633,-0.40234348917317325,0.4053337194663564,-0.17005864909914553,-0.2106449090226597,0.20812832416948684,-0.7236798374714366,0.22841552980386332,0.37353249252565107,-1.0659370344360786,-1.815422362476769,-0.046250167203021365,0.5046148808703962
2010,2010,-0.4745459173398225,-0.15087450662202467,-1.2942494103591806,-0.7583436014160101,0.3077024669100333,-0.25746921875092527,-0.5659734037080199,0.3353699072724766,-0.5768251103447364,-0.29116104816042654,0.16975333498282486,-0.7803754483055139,0.3332248713242061,0.1953840445170754,-1.3698758841827336,-2.003329718372627,-0.21485842190963955,0.4545319966451556
2011,2011,-0.17140872691039147,-0.049658049405056984,-0.9860484136919644,-0.4150539312247843,0.386113881865665,-0.1795105453427188,-0.2592125938043651,0.4915936156002516,-0.058005616637640416,-0.09539744866185947,0.3499888514411347,-0.7617573832392608,0.48912309012112865,0.39031754114038963,-0.9575059363887821,-1.6559544488090265,-0.04453785609994212,0.44273256100392877
2012,2012,-0.4523297177087148,-0.265362214768614,-1.595234605978375,-0.8018489884771602,-0.4964104033647314,-0.6082268589835204,-0.4992771877352167,0.19215140920115362,-0.31857527218358017,-0.36475649280511646,-0.35912988511285393,-1.0451158345718732,0.000637436391128246,0.14087357570966846,-1.4469761559017273,-2.14057919052698,-0.2996281977912038,0.1157352553256912
2013,2013,-1.7936487940950032,-0.9736284656699526,-1.6914461367393248,-0.8631492757232546,0.1468202220182932,-1.0828096121662296,-1.6225599113956317,0.15642448687523236,-1.2940870304163457,-0.8497732419993718,-0.5529064643336432,-0.880742679033628,-0.6637848464446234,0.29102871903625926,-1.7536989658392734,-2.6578829825027155,-0.4242004310349443,-0.20722449721545466
2014,2014,-0.3584765118147853,-0.11519740484402206,-1.1955424894523838,-0.9689495482040489,0.20158338910276385,-0.20560840364254757,-0.4287583044910391,0.41131772971262087,-0.39352285501963824,-0.18195535966733134,0.10661621552817263,-0.7421829171162039,0.41722486338431564,0.3149517244633186,-1.086288014102177,-1.856717141678307,-0.2595606123080096,0.475340709015779
2015,2015,-0.19934367961093255,-0.041271245575851864,-1.5805627450801973,-0.6190897567718219,0.1963924065636751,-0.25342938247857627,-0.2798076828110221,0.45707579074635435,-0.13940658660937705,-0.19258250443256075,0.39210207855921464,-0.7223110105609326,0.4772356166683887,-0.240595533074613,-1.0539138319422596,-1.74240464945375,-0.09145745359271007,-0.05312055251229508
2016,2016,-0.22232605308520811,-0.06692466605019087,-1.0468191103372944,-0.48866881606711143,0.42428110470550834,-0.18891655031113935,-0.29994518233431616,0.4732001668448334,-0.16558074047790905,-0.1260851005308013,0.2866247059858047,-0.7351004309128691,0.4012624809343043,0.36722588399323397,-0.9906513349294306,-1.7246524683648659,-0.058803446599695115,0.4872173967987787
2017,2017,-0.515609232388329,-0.27133338169143706,-1.1842158882371219,-0.6062641871798938,0.3620733185517258,-0.2644558459390593,-0.5558922480726027,0.4271546618675457,-0.38338235481883853,-0.25711154457053065,0.04732828679315154,-0.7284656271187516,0.059677980592500124,0.33314670692719484,-1.1027159912802638,-1.914620129391936,-0.0927847755854287,0.48378844619172245
2019,2019,-0.32137437136677066,-0.18745994636780816,-1.4775318834147453,-0.6779142652166091,0.5374717157900757,-0.5775327183048605,-0.3566537473171204,0.2496510848162179,0.27984703561830837,-0.3212953427939797,-0.2606903867104035,-1.0808028870170352,0.06795083883285058,-0.22589831857295,-1.3873933606113764,-2.0020248416370676,-0.1949860720790408,0.24143902556725216
