observations,subject_ids,comp1,comp10,comp11,comp12,comp13,comp14,comp15,comp16,comp17,comp18,comp2,comp3,comp4,comp5,comp6,comp7,comp8,comp9
0,0,-1.128598853481209,-1.180557112392548,-0.9479464938201999,-0.6025033608121523,-1.0955612229889355,-1.1901413240778902,-1.1300259445080014,-0.40821385080036354,-1.1953576056122348,-0.82703748666271,-1.127795768658723,-0.718483448289706,-0.8468918413073564,-0.8658714203495269,-0.8857140255721385,-1.1191712070369872,-0.32015020636638003,-0.9721628067244983
2,2,-1.2043615304471884,-0.8418688596072031,-0.7699899983760791,-0.3992791848052164,-1.0383307341266468,-1.2347853529664714,-0.9469494053270282,-0.3437473507549847,-1.0057356163312334,-0.8413961713215493,-1.0390628452663735,-0.6708900080419428,-0.8283463178762183,-0.8173859011411856,-0.7536231099623427,-1.042359703491881,-0.3661551362410085,-0.802480062856485
3,3,-1.0518995504819206,-0.9880676437785936,-0.8315462723143585,-0.6608885888553944,-1.0525470868532958,-1.1611216984147847,-1.2593643858587003,-0.4951669314381623,-1.1454764000604278,-0.7142364185503581,-0.37909550719355534,-0.5074359302203847,-0.7714994856890623,-0.5516568910383388,-0.723388482019608,-0.9575770442173486,-0.4140928372833321,-0.7380375901167097
4,4,0.4303706300324731,-0.3464005861877634,0.16222200916602428,0.5276260016839037,-0.24365700805248458,-0.21530577400536632,-0.2469751930520028,-1.2745705951931217,-0.38712044034621834,0.08712659377586601,0.042987525283361215,0.9748229061750923,-0.028842362701278226,-0.12486886539984077,-0.0702558709353781,-0.08344319088430935,1.2451446435383955,-0.004682344131325414
5,5,0.44253286733975666,-0.061938142984850286,-0.8139751920867168,0.24966038981100813,-0.6218376128932149,-0.4044434423372159,-0.2258026962574241,-0.696662440098055,-0.6658559965170259,0.2557748985751415,0.6288727447647038,0.3154554514414924,-0.17994005803843688,-0.28496188815153356,-0.027406222690287054,-0.02712201686682448,1.3647392710690895,0.0634409745573875
6,6,0.19763368209101745,-0.23313550481275133,0.6278717423987735,0.23638095127720954,0.02287197292297314,-0.19811063804411222,-0.05624835250639222,-0.20625304319146884,-0.07072574701595706,1.317441179612058,-0.0580700982184349,0.6413180765236097,-0.1703088792325314,-0.23217771997568012,0.4536606691329614,-0.02565296326657095,1.0078955043814557,0.10894118234121547
7,7,5.851737941135945,1.882085426936856,-0.2573616784174218,2.632979250922666,0.28362147356782424,2.596302904088757,1.147096343277393,0.8630617798139771,0.3950492213210192,5.41520119862582,2.592043725199357,1.9286241254411018,1.0894129254025637,2.7590980701069463,1.002015937286737,1.47208936892229,2.5805287012276628,4.459269242199539
9,9,0.8421911327807463,1.2070120321403335,2.3171594098531245,0.9594335976852033,0.2884112162781491,0.0785359621847833,-0.26289139083168317,-1.0736502041946536,1.3715588877894778,1.2851892986863789,0.6567127428432664,0.7614426065797908,1.6595825388893815,0.274076095528881,1.7953769282540633,1.2974187844060956,2.38492968643827,0.2870133498666494
10,10,4.600033977789535,0.8110462909336544,0.1587143525486563,1.5559316296176815,0.7389196361483036,1.2190184950995413,1.0857738261876526,0.45810283752376935,-0.6968079690359218,3.9847667470659043,2.123831071567906,2.1703727973641236,0.7960291704119961,3.733873160430757,0.7915831750922881,0.9059670114591448,1.6852799597472263,4.860203339932145
11,11,0.45967188576601176,0.16386409070812552,2.3667918197738778,2.735803743563577,-0.0340756634589007,0.2013121914057834,0.2832873362345115,-1.0945908325866973,0.5285963807959392,0.3631587368059649,0.30351346047066063,0.28194241206995685,0.10904584190248488,0.2976135621337702,0.13922706170305854,1.419444868111764,1.244565670253692,0.3289120265775779
12,12,0.2786166763732249,-0.3170592875817048,-0.990458042311077,-0.7444049489534221,-0.44941035759814496,0.10711301050212102,-0.16209542254723014,-0.16381965843660873,-0.4108256931601064,0.06398839560087495,-0.09256178561699463,-0.1304257582126586,-0.34553842331735124,-0.16598518653104158,-0.5027089476745162,-0.5136279199941639,-0.8543893430774745,-0.29318046866970854
15,15,0.43635593460545813,-0.354204215248326,-0.8082840467599396,-0.7134809669451891,-0.6282405967677636,-0.036848373082927544,-0.34950114885274425,0.7458580329407627,-0.44661077503181323,-0.05868632635806307,-0.05483488792276772,-0.5830912744152968,-0.32874291762664476,-0.2768941909661771,-0.5262083989100014,-0.3943360564908177,-0.7302133858152462,-0.37929505600788976
18,18,0.16750452243029734,-0.4212459482135723,-0.50621170630131,-0.5442678895776468,-0.39738687506014464,-0.47294052233837025,-0.27844175942381366,0.2911748576623288,-0.4353149788549423,-0.16713248864102953,-0.22031877684850307,-0.75559504369148,-0.4488330292403681,-0.20863076618980195,-0.46180123709211085,-0.4179570717341869,-0.7058311882961064,-0.3747659359744174
19,19,-0.2872944651970064,-0.3738278336413562,-0.2855056298995622,-0.6497370729305565,-0.5628113109491099,-0.7130811013963015,-0.24889211282181192,-0.5020458294863192,-0.29247362641205976,-0.19274891038256337,-0.2601233288885119,-0.7902701444549777,-0.5184075219324034,-0.18983887681261888,-0.5226689065585868,-0.3745301733274243,-0.8287734851148731,-0.3735550160225531
20,20,-0.04263097312008889,-0.424492887716268,-0.9430428754539288,-0.4629366216779106,-0.5435142112589721,-0.4637768940180974,-0.3498568785298544,-0.32836159051015984,-0.5405920237286028,-0.2833709015051289,-0.16132014763466235,-0.6943730803084365,-0.36115728191695085,-0.19922459231682882,-0.4396580916761837,-0.2925076386145295,-0.7735709096262657,-0.42468283351782554
21,21,0.5658158792804092,-0.3228366065476903,-0.7553831239990134,-0.5854767437688553,-0.34371953166160707,0.1063397512001228,-0.24237596180299686,-0.10885851600426909,-0.11472905540320016,-0.2678020149062274,-0.12866500863312133,-0.705115695070211,-0.16485862237307186,-0.125157990697507,-0.4511238991041953,-0.3131026524207222,-0.42830807196572435,-0.40227709901198877
22,22,-0.014478328250479693,-0.2902157221477538,-1.159513637599345,-0.5759331774845207,-0.5902620339772527,-0.23456561318815145,-0.39480943466228346,-0.1434114327205221,-0.6433483933622088,-0.11948926295546491,-0.34169445144064253,-0.6005393453600546,-0.5300796453535249,-0.25835256062547235,-0.614365998540539,-0.4434948835140923,-0.7993917348461232,-0.3724532119436205
23,23,-1.1722951105739576,-1.3520509945966652,-1.2899259817557034,0.22508705527501197,-0.6455760461158239,-1.5882611606073582,-0.6547915709708944,-1.3805579599158935,0.02577348688867679,-0.8752743913318282,-1.0784260438477873,-1.4810663311806593,-1.1850642850188662,-1.4093225176126456,-0.6982228892223395,-1.2016621874143631,1.2288304386286635,-1.2304295149691462
24,24,-0.5688220454013612,-0.8924717034102707,-0.8759909010597696,0.9910931965743102,-1.5234693343334718,-0.8588666778283185,-0.6170203654904131,-1.8721297969663528,-0.49859765816580237,-0.41575112495372296,-0.48404167201472165,-0.3443156856660111,-1.063693095811145,-0.8227638586072192,-0.4156882727778296,0.07876988418498229,-0.36291110177058994,-1.1719260909241709
25,25,-0.8882337771232183,-0.2930633680873104,-1.085145806190982,-0.4874965048986609,-0.7203606333736955,-0.8842967651129223,-0.5780018749990025,-2.24606045188739,-0.4327652328715462,-0.31976033195806186,-0.7110363483147003,-0.39064028152233815,-0.1466663342295648,-1.3871118432506568,0.30024030960262865,0.14494306969046059,0.1550379603272027,-0.9675199224183256
27,27,-0.36087217983477865,-1.1845852781521184,-0.3819754144248876,-0.14570068571320005,-0.16934013990157834,-0.5388644043804804,-0.8060286824354227,-1.7718147192405755,-0.0635404930895057,-0.6531852971767095,-0.43025206135831634,-1.1242523937696196,-0.35221691661026433,0.04343403578550707,-0.0603224252375984,1.6190189262337824,0.4230882195394096,-1.1797014512918353
28,28,-0.43706796973089257,-0.6933222081737289,-0.1616754672523519,1.9165131152393418,-0.9003424466169001,0.3523421007210125,-0.7154265337313733,-2.013859700949079,-0.5682883098478444,-0.03149070071429564,-0.23482543963914196,-0.20519937435719168,-0.08671560387635621,-0.2892357082089348,0.8808515235325562,0.8695912336046255,1.4693052765058763,-1.0382565311041578
29,29,-0.7411670109007926,-0.7724310634593481,-0.7188435746766638,2.0449670887823617,-0.8665161624620437,-0.963064914939725,-0.5279086261073439,-1.953212978612781,-0.5688433139332908,-0.8248534145066528,0.16919249318654794,-0.662772702346516,-0.4158493150452733,-0.9909489560993274,-0.4188440105185959,-0.690268241877979,0.44977801814380586,-0.6102472792223935
30,30,-0.6456761495626339,-1.2558642138650762,-0.6939404853101373,1.1525040768504666,-1.3443955199131092,-0.6576264578191442,-0.9362871534934198,-2.0489698327594685,-0.5510183125916217,-0.2740076989109986,-0.48462128690971396,-0.475018708280414,-1.052152410227847,-0.6868813454968398,-0.9036887262158751,-0.7204222596249812,0.5408690754662961,-0.9180806798131793
31,31,-0.7270883468202717,-0.35944148145542587,0.09849679304033734,1.3390295991833412,-0.8501408082809424,-0.8276074778140857,-0.48396450781662,-2.63332316302707,-0.2898006939187455,-0.5304684226661552,-0.5549213670198343,-0.9977348526498651,-0.7721003536714756,-0.24755799323836344,-0.504443618783819,-0.020692370705784866,0.02426058543379344,-0.6705446176695721
32,32,-1.3256267545358134,-2.1119183347047072,-1.6237736739008803,0.651489792826217,-1.6493391359738563,-1.1940552779214153,-0.7928851322314797,-1.1961336090647505,-0.06559045164299923,-1.035673830291318,-1.4132445607283437,-1.2345512667265244,-1.5438513004876249,-1.6958557074762972,-1.9093972332019071,-1.4156529039846362,0.11520328333111379,-1.2991507125794337
33,33,-1.549460615429988,-2.436202838785706,-1.6151242545633588,-0.6368037261333014,-2.6093643120757433,-2.2870277786244033,-1.2794104340774295,-1.124820209890946,-0.05824045122271452,-1.0206088725935987,-1.5777344493797185,-1.218182717585235,-1.585586591653301,-1.7156619343519688,-2.4484413869314356,-1.3870991927567633,-1.3914865316222373,-1.3017012181250118
35,35,-0.22632552092307123,-0.992589212727482,-0.585246541315592,0.1327462280971361,-0.5196719468584519,-0.6880131856647052,-0.3920978720294428,-2.3422989800628464,-0.2453840033401851,-0.29310264106488143,0.13150025655519582,-0.8755670261342849,-0.5866863058486127,-0.646035187035229,-0.3762731607743714,-0.36874624694931113,-0.5255891169345298,-0.39487631452953187
36,36,-0.6935685196137581,-0.7882878318757486,-1.1325185174637142,-0.22971188226168227,-0.710249807991159,-0.10770996003225297,-0.6987533457888523,-2.455418192651934,-0.3461408492249231,-0.28496153647753075,-0.018193567534095186,-1.2965217192672234,-0.6423509060288285,-1.178240139874692,-1.1412482750545978,-0.3119672115147062,-0.5500464101408062,-0.6600321502505365
38,38,-1.1624979482988909,-1.6720762325919019,-1.4045122433447335,-1.1757794359559266,-1.5816932974587097,-1.454348248616847,-0.9695367298255421,-1.513294660531658,-0.21742906870351478,-0.8925056648270867,-1.0221224271439278,-1.02987091838152,-1.128330981035979,-1.3426207931418157,-1.3753234458714565,-1.3410924276893263,-0.5994825842564202,-0.8076491262583253
39,39,-1.111151553116171,-1.619951883206984,-1.1391709862502393,-0.27450786029665675,-1.549303337425903,-0.956054149704553,-0.9113706534920173,-1.5007214818763115,-0.48801421793947686,-0.23668236765103406,-1.0722068115180967,-1.0013591667671966,-0.926717981505098,-1.173012754913892,0.03354471863275445,-0.5764441450748392,0.5458296398830133,-0.5740920268999671
41,41,-1.1937382731777049,-1.818012546705814,-1.5917326749206464,-0.9100493373768854,-1.5450942580441225,-2.0946728475012177,-0.861339448507093,-1.2408635335706506,0.1770147362376277,-0.623802218077543,-1.213793826359013,-1.1355759911589203,-1.4631042152152411,-1.4330344189423385,-1.841230534351142,-1.2126120821375943,-0.8186267989431667,-1.1013909428041448
42,42,-1.193866362662895,-2.172031767141261,-0.8738197451099464,-1.1390741815866834,-1.3414368824337257,-1.6442637926425299,-0.44232374042463224,-1.1535208936530534,-0.22427446201033144,-0.8216869272237732,-1.3614628891630631,-1.1461711221829027,-1.0152346397742666,-0.9264033626069539,-1.3757917706503404,-0.8069637065200185,0.6860507200816545,-1.2929340001926104
43,43,-1.3911497877530326,-1.7831599534208435,-1.62965108916005,-1.203935596948582,-1.8656778286780686,-2.1984594981210703,-1.1914015430137752,-1.4640966255727275,-0.648681811660767,-1.0782129681784478,-1.5133984302262655,-1.459195693279718,-1.5270466699825174,-1.5765448185842308,-1.7901082352062367,-1.4231977331135617,-0.5154425626453966,-1.4949383647332222
44,44,2.4365049477780265,2.4508212412468766,1.7980045970255039,1.2627038289573305,4.30415028385077,3.6887668722307856,5.349593069159026,2.3090079448499585,0.6362347433470062,1.1790217057613526,5.7596555880046845,4.505419359848892,1.9053566482597153,2.679015606345398,1.4647281557554057,1.3490933662987485,1.9653132016017951,3.246035348648262
45,45,-0.03701232690257781,-0.10331034365542639,-0.055062915182447554,-0.0358240373242461,-0.021016838306108763,-0.05426163355501056,-0.055615517539707206,-0.08984072819635143,-0.08379483490092748,-0.47182013076839424,0.07750720985037825,-0.22914855310389423,-0.06571236862519308,-0.13502202445643893,0.0046387211559011385,-0.2789769145042278,-0.10766177485709318,0.3463736536898948
46,46,-0.10106888714713705,-0.2291123053877202,-0.15990870965800857,-0.3363601249307644,0.20256624861828398,-0.07330617293389335,0.006722995275997502,0.027706571342942913,-0.15717035174052532,-0.13482990518009627,0.7006994968012759,0.9451140501354586,-0.19713189943761525,0.4836640100786941,0.28002993027546397,-0.07930256989895568,-0.7355383112972183,0.054989850555145985
47,47,0.027020496388819502,-0.15458413032193283,-0.028504616230945627,-0.26041234628591736,0.30849206845185245,-0.02544391584985726,-0.07680743536713633,0.18268920926732352,-0.14564111928238652,-0.04501088525703635,0.5422802616292407,0.8478173419004729,-0.10975765649486663,0.24460275571961634,0.3074998237018998,0.23847514827157437,-0.6491016569367938,0.07521928128382463
48,48,-0.11077355117157617,-0.17081498084604796,-0.026321647093786232,-0.27821732220662987,0.3249197541032573,-0.028464955551040394,-0.07075924371587218,-0.11869374365289703,-0.06286978213614605,0.010834307721106738,0.5454010507362548,0.8100876155651966,-0.07912654783254826,0.0640283039974543,0.33409354352848086,0.31252877548214075,-0.5133394202368167,-0.03783170550288703
49,49,0.28929005678150926,-0.2754188611433182,-0.15809844256865688,-0.337201448908528,0.34683189774774215,0.29431191434067433,-0.05868800881937835,0.3400849141159068,0.12474155346185194,0.22135764478987893,0.4399497293120339,0.9001648055939376,0.023093837646274245,0.1790334082803823,0.3554178812826951,0.17095030941009445,-0.3854377176892921,0.16159292772255923
50,50,-0.03601921448123106,-0.42134454160451096,-0.13252398300242266,-0.34242314446616884,0.39416264178638677,-0.14878223092296006,-0.1507437491081611,-0.007692665139490235,-0.17365652068135307,-0.07880168821841181,0.4137009003845456,0.3659204583318207,-0.24751012802197872,-0.039348438761895595,0.3288611828758263,0.02024194409290978,-0.4759653563669779,0.011247987496754906
51,51,-0.10748452277835664,-0.2910874069208114,-0.11005537383458641,-0.40420558787671546,0.19616985498700976,0.00204504870388472,-0.14259566555302733,-0.060916726165811966,-0.08866802344700908,-0.22149176138706309,0.2668528102120329,0.6663048346556772,-0.17725748140164863,-0.07163591377762527,0.3985971971403316,0.31512988637819145,-0.746657022245204,-0.07361406108251072
52,52,-0.2059929534197351,-0.3641566291304986,-0.19718778829706107,-0.35581116950362296,0.22740686163612328,0.12955289791002528,-0.3091787071246424,-0.05586294449436499,-0.30037513814536193,-0.3738134716895936,0.6443970412678848,0.7931229391201592,-0.043180742914015115,0.45929112667587146,0.4959882119298337,0.4852945611978363,-0.5065892961133353,-0.007505273447285039
54,54,-0.11970671470871662,-0.33689244763212517,-0.09082572293936439,-0.28634707238306206,0.10754512395128492,-0.011537146316310974,-0.07673199014903315,0.21226066147998013,-0.0744386067387154,0.40291743646318623,0.7940809169759947,0.9329981260170578,-0.14042058968566531,0.39286943860140106,0.5278019519358317,-0.011465597729950526,-0.5512248571463132,-0.0961699353917781
55,55,0.17409285244119893,-0.09651476716402665,0.20021020710705556,0.12661497313698714,0.3465493261415413,0.021894028558766584,-0.04098353097118759,0.13424575252480234,0.027463654596304933,0.1283814611507255,1.0001384991103501,0.9959008589031514,0.09777009372537067,0.3990184674698899,0.3891814160602009,0.3560973829909918,-0.5089270014374847,0.22261188194035295
56,56,0.7322937576460777,0.025049440085409023,0.0005483957814939372,-0.3088433439623905,0.2896239916559858,-0.19050253952359864,0.02874042475908154,0.11266473890078481,-0.19983484657874814,-1.0981537645535786,-0.07684724673807229,0.3260224938553952,-0.3582276626050495,0.510878028932304,0.45875700417262016,-0.13509639861924588,-0.646398685155746,0.5681891332032322
57,57,0.09923700252884073,-0.38625368593018333,-0.06516252479031874,-0.24922822427716984,0.48287728196953916,0.02888486423092638,-0.20173214234283,-0.14915302237540254,-0.09417924995172376,-0.12382558816965554,0.7805004967979833,0.9179157662000513,-0.1682511398417148,0.3299585821911173,0.3579723592428353,-0.25560586643328015,-0.5752155580353966,-0.03389918919661153
58,58,-0.0433687717549688,-0.4574840196441605,-0.023792597483662456,-0.37620413113854273,0.3222224796804307,0.2000604691178073,-0.05915325433101403,0.2649838972956177,-0.09680816834190384,0.10591526717098919,0.6568801976959411,0.7596105551033824,0.17020272054660346,0.3978414256402784,0.5625897459920411,0.2135825169963673,-0.7441878209965712,-0.01749599054971477
59,59,-0.09916043857329339,-0.35129960708611513,-0.18514596260955954,-0.23413011680665297,0.3999553597135043,-0.052183862295867946,-0.16844822695635162,0.08889830617560085,-0.045053317142456153,0.05551503770320958,0.5888640953773187,0.8508433445809779,-0.14603761896244363,0.32320073858317405,0.6017460675742877,0.17602247565739357,-0.4404468460981828,-0.06579626590306806
60,60,0.09103473419019359,-0.2954034757867748,-0.07028274101853439,-0.350626053249363,0.4674000644480829,0.1725465372938074,-0.058511969977137764,0.23338637945792126,-0.06274308727396867,-0.04370683937430205,0.869963117865721,1.0836311098450435,0.08768171819710557,0.6054472517942142,0.6762578449816637,0.37251039274507314,-0.5351969650176138,0.12436983043312935
61,61,-0.05477885790922607,-0.4003568968724857,0.0062276650814210525,-0.2148528239248543,0.24921625196926267,0.0020700159741423915,-0.080328212211947,-0.0847742180202114,0.03381423456294466,0.17962817654238475,0.8863223228650461,1.3300716273605226,0.12618939765830572,0.8983683167703541,0.7685152229044105,0.1664503875599264,-0.7809628478770967,0.08452505560618238
62,62,0.3132268745321651,-0.048946825084924955,-0.24522198317285063,-0.23076482089559888,0.44630994729436396,0.37862638600097137,0.15656977263174407,0.21924944964725196,-0.12173538247529757,-0.8292457767350238,0.42081173949139505,0.7165674539826523,-0.0839002271045979,0.43185387575112816,0.5306526012536691,0.29359268815889095,-0.1885737080793597,0.3164844708850488
63,63,0.0506730771178391,0.026812341453196605,-0.01104086313366994,-0.23355399277840194,0.7807848198887573,0.10643320565138327,0.09789854135357734,0.27295157110195345,-0.10026060333623665,0.10854623693440003,0.2657270461049365,0.6386419282614518,-0.21016404385031026,0.13980544523487326,0.6460730474430015,-0.09777045726091638,-0.38727866063205946,0.08595398795771163
65,65,-0.10003345228260449,-0.2174254851133337,-0.19758711191971245,-0.43812374693676803,0.20837181070931968,-0.06549141734322925,-0.08101979337789196,0.0934512626363637,-0.20675555342518592,0.1868805018902225,0.40791532788478413,0.512836462489265,-0.25903060733185873,0.09300788559548152,0.43289137226704555,0.15885514374345758,-0.4694782240924633,-0.07778276455432817
66,66,-0.28730504425211756,-0.21491790989191156,-0.08629118135770386,-0.2785648255887495,0.39105435411817724,0.08079181909671186,0.11951359634011152,-0.1357900951630628,-0.0127936378605482,0.05803161747690708,0.15501740878807577,0.5008277589382834,-0.14118437836919323,-0.08480660597448791,0.20184069184334488,-0.11470368919420748,-0.5272049349406779,0.24148323646716457
67,67,-0.04671870808139738,-0.2970296003243031,0.006405142247043709,-0.3586277758639618,0.045764695504641704,0.03098211493257423,-0.13352966517764026,0.361711457304532,-0.21995557437828867,-0.16189457674631663,0.630773870554161,0.7042132619366525,-0.008046463471729645,0.40208283499181036,0.22283183682014954,0.22721233809167377,-0.5714313975419295,-0.18742084679895657
68,68,-0.19529345981956878,-0.25947676170530626,-0.012416311167246011,-0.20156539197169795,0.2141259961446828,-0.015157400503679658,-0.10791601363164213,0.11771852057223178,-0.17456714000325277,-0.22785184481513504,0.30230725449628465,0.6668766776819144,0.03975397830572736,-0.014265271496376242,0.3040815126151421,0.3069623981645922,-0.659665162870294,0.02687176849736301
69,69,-0.13940027977923178,0.009639250542850242,-0.0751988585062837,-0.37464036591900407,0.54034207133966,0.10126498070803666,-0.029918232316068074,0.07920050891417507,-0.18824226668952057,0.05743678953039681,0.6045392918052432,1.149881507113901,0.45834200140751846,0.19914458850702466,0.21683436682677676,0.137526034395841,-0.4606826078103511,0.2503048271001609
70,70,0.041412546917290086,2.6719679976259245,0.15433715702545275,0.4439177239977608,0.5586961732941438,1.0323681604888992,0.07008770262383975,0.07381804372538482,-0.13094129356379214,-0.7233363297628554,1.104513739107721,1.3457110185690724,0.4730030857605221,0.9937265204401526,0.4453749192042685,0.042959730926464657,0.5382505551342684,0.7647911842080146
71,71,-0.24955203926126862,0.9076991494619036,2.321023481149056,0.8535769120089108,1.3297123568330276,0.5703567870139822,1.2882765839754216,1.0367827247558241,1.4015215145808968,0.3353417514756898,0.7272000175076156,3.6798198492631062,1.227519975977225,1.9628426068154063,1.2065284847749573,0.20235129109003158,0.7485045467653388,2.017733769810125
72,72,-0.927956475467628,0.07103224285242919,0.0971324856203934,0.7628586717208735,0.2851140153948169,-0.20667691254920428,0.34754202832886977,0.1437404343946756,0.41194514811251015,-1.1373255278702559,0.4876134382054025,-0.33632600448596794,0.18808429626679665,-0.010147075085073598,0.02628298449401272,-0.07778430420141208,-0.16928939358190992,2.385860714881246
73,73,-0.21553234354331374,-0.4818453489145799,-0.14757136571207508,-0.6249388780475124,-0.12797346726733125,-0.19600432996912412,-0.21370184835481676,0.15547586529048435,-0.2866509971112469,-0.7589183048014198,-0.28803430433481064,-0.8375413101947727,-0.557190066335466,-0.19229651838943146,-0.23485074584275684,-0.11881990891074612,-0.5831150768997393,-0.2455665767903899
74,74,-0.39449903054587515,-0.3569094783123387,-0.23598526771236075,-0.6391209416791899,-0.1290769597328834,-0.41890021729412047,-0.20817630597264025,-0.018907616777678094,-0.20420133330392964,-0.9729152762951778,-0.5993613984942524,-0.7335293279528441,-0.30025962318393,-0.292956217092025,-0.2017760822441236,0.027108089754822078,-0.9230287293967826,-0.3152095833548148
75,75,-0.31735610710802603,-0.6478701602006767,-0.40775677929084564,-0.5747180124068859,-0.05415495384498978,-0.6492442964135605,-0.4095810642636172,-0.06124934375120957,-0.34868425199576486,-0.701139581423628,-0.7619037182204809,-0.9756443767707806,-0.6365108742882887,-0.4610148585910233,-0.3093644911409852,-0.44705322298240247,-0.8643542051426799,-0.35846906183510624
76,76,-0.367554080291671,-0.49917310750430044,-0.2673200376520512,-0.5336699915520113,-0.01892018279375582,-0.14346708449287982,-0.3199739237599646,0.06676534491930908,-0.34459780242083676,-0.730717331397406,-0.39040704771707824,-0.861008159312533,-0.5233094796857293,-0.12177555371962366,-0.21082003209627137,-0.2924627122009265,-0.881631244127592,-0.4423021280988355
77,77,-0.340649924814537,-0.5204155436037828,-0.21008957289572452,-0.461509666488952,-0.16537672932645264,-0.19253017339386322,-0.2808031267356317,-0.0012345481278560673,-0.26143538578068326,-0.8835165843651243,-0.3381970917507615,-0.6149719762781901,-0.4076333014211953,0.037610804797699945,-0.22994576211146914,-0.21303454219554588,-0.6917596630185993,-0.2839058838171537
78,78,-0.4111432995901066,-0.48198190743236213,-0.22819608484382964,-0.5316387303319198,0.036485404023152,-0.3929565156745482,-0.2577169565087297,0.13046202984470778,-0.2414624675094265,-0.784044477199625,-0.606605225672469,-0.7882333472043636,-0.44788446020723954,-0.1986221836231238,-0.23502371756124052,-0.16116415242597054,-0.7403375970601452,-0.362188901605527
79,79,-0.28035524430626557,-0.6034582955841165,-0.046561242272964654,-0.47411083903530954,-0.06950119790080773,-0.28725717641715703,-0.3403730151571782,0.010501474022415776,-0.2628688109222763,-1.0243378811758896,-0.5682530260470887,-0.7620085137753688,-0.48487848436720193,-0.3382561423139503,-0.20968336080337852,-0.15600851832677426,-0.7556363491383876,-0.2940552229990685
80,80,-0.3019968735414737,-0.3044861806525449,-0.2848123168939525,-0.5816665802005011,0.11475638123091865,-0.1187230916187213,-0.2549163391369417,-0.14894734456432132,-0.3020622972523514,-0.7584593792781643,-0.4887140857265914,-0.5852696843698136,-0.5903202347135071,-0.2585935711128709,-0.2866310652831275,-0.4299113938708617,-0.5823530700912443,-0.5195868502299708
81,81,-0.38107754889011,-0.3261079459680895,-0.28997543239537843,-0.494956542416155,-0.15620234429308316,-0.34371846924819194,-0.2651600387130313,-0.12034366704905042,-0.2692123111345192,-0.7583446478973508,-0.6697381858620642,-0.8425896206079445,-0.16625407947458085,-0.21631364090574043,-0.37629219107142853,-0.20500012763487027,-0.5127759868848311,-0.4109271217285142
82,82,-0.4091443555137163,-0.7083959299155589,-0.3461109605884721,-0.5655543588483752,-0.07236257952659991,-0.41152700729626507,-0.2975563693920935,-0.15941771726701537,-0.31670540822917687,-0.711740761010816,-0.6935025200830915,-0.8703853059707288,-0.6430251435404534,-0.44050746001082747,-0.3677795114974807,-0.5883228314466662,-0.8262978266491975,-0.41118858011493364
83,83,-1.0038914104055205,-0.6714492642711021,-0.20431222468809399,-0.46409240134345686,-0.09947513277906075,-0.33409580535268607,-0.2425532534416608,-0.20914623465277657,-0.24504207062544875,-1.482735640079044,-0.9672647871365243,-1.0056704320548233,-0.5756471625499313,-0.800254163462423,-0.4939623801313405,-0.7036572450261422,-0.8194544193498302,-0.6375640048656445
84,84,-0.24288524156820962,-0.5564669922983326,-0.12402577864091553,-0.5160963650686881,0.10755801758935178,-0.1958043785115549,-0.17584305226141125,-0.0841460928483092,-0.1878317765764563,-0.8399416059320717,-0.5247184836578459,-0.8233916515545288,-0.3380998636928251,-0.2631439690067851,-0.22413885441951628,-0.11151827483117328,-0.8298294351270293,-0.49954963025256177
85,85,-0.27772398118530295,-0.5458761205858765,-0.21397971336835075,-0.5363722123606393,-0.017123799710298922,-0.23609459721169992,-0.39542659268187735,-0.0008433473895137546,-0.26324894576645563,-0.9075642817836808,-0.7039674166587365,-0.8160290325671479,-0.46282896025632203,-0.4723806506399479,-0.24709467248685327,-0.2665275173161382,-0.8467254707076937,-0.3740020668828371
86,86,-0.12959814564705305,-0.4753664059042378,-0.2661538857025912,-0.41507558647130116,-0.08872249689379699,-0.16343723631757992,-0.2841714368179172,-0.16827726340006396,-0.3255989796877896,-0.9992346550538465,-0.7539011502508702,-0.9062990581974495,-0.4790348016557016,-0.10237004521239344,-0.12901676437622975,-0.26893522461119423,-0.6649135769962427,-0.4004925552159603
87,87,-0.16266231246163604,-0.6403139222167179,-0.21843067500751145,-0.6003431539526521,-0.15091584550462422,-0.15576409913337097,-0.36844226584289197,0.19777156864773965,-0.2799827983862674,-0.4703918283310657,-0.5585611861268264,-0.8396157940462661,-0.3736569166942214,-0.04076622798491932,-0.33108479693343856,-0.22583202988339793,-0.7456423367654362,-0.47308291086365795
88,88,-0.3338167996554463,-0.5621872768765507,-0.31756249263489583,-0.5376497929470315,-0.09118610797968081,-0.2199485170130064,-0.2282095509564218,-0.06826794523323483,-0.29434080822995845,-0.8613963741442382,-0.6696093430861673,-0.8095058001092725,-0.39759046965744255,-0.21653809999467802,-0.2863098320916578,-0.17014071331949407,-0.8818657077609748,-0.356520008409071
89,89,-0.4963431914991224,-0.6256111218021476,-0.2866283092427299,-0.4379249773905171,0.13917435985819415,-0.17820865024548654,-0.11298054611897848,-0.061042237477969004,-0.36061098273189207,-1.444989015791328,-0.8149153625701572,-0.8385126003217724,-0.727870307280651,-0.7143475485145377,-0.46949923708864544,-0.7754173907113979,-0.9446433455992805,-0.44365695791937215
90,90,-0.18075479609182415,-0.3776360266779766,-0.11790125542543056,-0.4973370702713751,0.0033934613643271157,-0.3475925287385904,-0.23933632808217456,0.023296039347026336,-0.18856828783705382,-0.6729156617434519,-0.2992293099738727,-0.8211372991609986,-0.3909644359818343,-0.17997167386959262,-0.17375466384976399,-0.1604837134078021,-0.8001697855040764,-0.38664714520784543
92,92,-0.32257783857288325,-0.621226076064469,-0.1807310299238211,-0.5312159338788692,0.008179539150966125,-0.29350565946618695,-0.29459175190393944,0.06213997148361337,-0.2973502090797116,-0.7295241250369434,-0.47477043420172366,-0.5668871193736323,-0.20599431518202374,-0.13148851065909947,-0.16492075108434648,-0.16037903048192956,-0.7703489421331726,-0.35230102081003173
93,93,-0.21069816246061396,-0.5259840964955756,-0.20052000537152928,-0.5599385190045933,0.026310176986142297,-0.26451269811868827,-0.4511740168527402,0.09553010509154437,-0.1800152538430184,-0.17950188541594908,-0.45709034217583927,-0.5978844647846753,-0.34606707044976104,-0.08975952548845216,-0.30623864508552995,-0.4243631987996462,-0.9261646804932805,-0.13981854395587606
94,94,-0.34093548825402065,-0.5132082884986013,-0.35738079545882645,-0.615407575399392,-0.10876499958208109,-0.3543908782959352,-0.31399422720939046,0.03758637220059312,-0.30307599017016307,-0.6299831790429561,-0.4803822528852433,-0.9254490623063221,-0.6444301820066062,-0.365660556536043,-0.3859044765700228,-0.3774914187404583,-0.907466205730984,-0.35772034009217835
96,96,-0.21018822774724905,-0.4846372119447977,-0.17752633754362576,-0.40630715568411996,0.058965855181841574,-0.2978795976005084,-0.25602649377080344,0.38989715479013715,-0.31508983514141464,-1.077527349321132,-0.3666999769520056,-0.7885691018161658,-0.41485008990643624,-0.28312082792221954,-0.27320104685514296,-0.39185915031638974,-0.7994077786955817,-0.3152452367711448
97,97,-1.1239581840803863,-0.34552020355817603,-0.19067177455643,-0.37170509119523426,-0.14356306692508136,-0.5290940261766458,-0.5661441446105939,-0.20915155664677276,-0.24461665727279006,-1.0520085274583493,-0.27085901857420214,-0.5671333966742146,-0.2533108666318199,-0.3740715683672626,-0.24188709901265462,-0.7446334975854267,-0.32838631454965034,-0.32946958107865454
99,99,-0.1362840915432793,0.00646068011118226,-0.030572948315067894,-0.03926028487482772,-0.0342359386719233,-0.1644229797583379,0.18651325671393543,0.08303311593983177,0.019114043387807825,-0.8451602650948945,-0.05095968977541915,-0.01062285472927081,-0.17278596358768386,0.339380326966068,0.06343358805134053,-0.2714399449875041,-0.05769074188033862,-0.33978619949727207
100,100,0.5890780866075497,2.4752733198354053,6.829694093514295,6.33850479997038,5.510246348485624,3.9245302653828427,4.422014714481887,6.3098092511422035,7.158276570465172,1.57895249408498,1.2033574955289659,3.711512188818319,3.366754809025808,4.311672241419675,5.594187649563436,5.288390992594963,5.002939150326623,2.641946338096531
101,101,-0.15243854491190129,2.7045406926933264,3.975124051938345,4.014910709347452,1.3689987872492562,3.3294488568621974,-1.0190173254349073,2.4757084516194916,4.420049502446594,0.12081034672868537,0.3943355330444807,1.8451291632760218,3.17329304053013,2.2344049822527414,4.195231362041642,3.052547807587032,5.458299092190226,0.431251155835827
102,102,-1.1500406437429536,-0.7375611241686515,-0.8788512588294592,-0.48165777362468165,-0.7140704779187146,-1.049361428663137,-0.7728230147476033,-0.6964123434166234,-1.1042735836621018,-0.466832467587515,-1.214284324636774,-1.2648338301827735,-0.9632864762987432,-0.9458500865311973,-0.8785510642985039,-0.6993898570847823,-0.7744877691116858,-0.7915543620121336
104,104,-1.3394750408458447,-0.5982387103092266,-1.0450101814253063,-0.9238434114070241,-0.8101187983499621,-0.8444600470974436,-1.1279927681200836,-1.0234279329587779,-1.0912785464893797,-0.4670633437733999,-1.0000193255452268,-1.2780932121961628,-0.763571274711071,-0.778520842313642,-1.172405958755906,-0.6560055506098716,-0.38034425335110383,-0.907736866710233
105,105,-1.2298001746074085,-0.5825613833263658,-0.8202582200449934,-0.7836627477520887,-0.9840839511148685,-0.9860048252364515,-1.0333867541066737,-0.792653266773418,-1.2809009822928101,-0.41661689715758526,-1.064018761186606,-0.860156158532932,-0.7090749148495227,-1.0281449419763702,-0.8737260357300278,-0.8854499044209636,-0.7662155504928923,-0.7817966286278671
106,106,-1.4748105190041885,-0.6510095633550567,-0.7855900563657102,-0.885973478715554,-0.9969216922411078,-0.842659838263861,-0.9602215602326899,-0.9268901660401867,-1.1000693069297502,-0.35574254281264345,-1.1246425194405787,-0.9855872471771777,-0.7660483819775048,-0.7246554486150709,-0.9254010262346836,-0.5777261911432499,-0.5334662677382428,-0.7266838006260609
107,107,-1.3003889025863982,-0.7686146128348087,-0.6893142309733283,-0.5444604651351603,-0.878484221775069,-0.9081928135639826,-1.1291803584571474,-0.5319398070697074,-0.9904396060755626,-0.09389046865504028,-0.8809228715996044,-1.0551157151720096,-0.6975318464709116,-0.5161062062556654,-1.1374891905032758,-0.5810562298024057,-0.5592572495751283,-0.7979903138187775
108,108,-1.1403187108763913,-0.4420845024852791,-0.8878064622351053,-0.5853228448240484,-0.7323152878169141,-0.7234698922075518,-0.8446722301399759,-0.6714774842257029,-0.9886878241037496,-0.41507772258502007,-1.1746068043040319,-1.0394021259350368,-0.8965680440363121,-0.861577687161085,-1.1099241219306892,-0.5678767810246225,-0.4917039815934787,-1.0351623244402857
109,109,-1.4135028199068833,-0.6547072039774814,-1.0582656557732681,-0.34762968418426654,-0.8030604690548293,-1.1413601606957795,-0.9347204650219503,-0.6886520045867964,-0.9518526268237181,-0.7286845417451181,-1.1096170279780186,-0.8612222394988329,-0.8515022955951984,-1.0389397918418635,-0.9997247312815858,-1.165384210578261,-0.6751065191002202,-0.9315482913844415
110,110,-0.9654121000752348,-0.8550323224041528,-0.731666727607951,-0.5569719892191947,-0.5287083897781812,-1.0714207040716648,-1.0586631700644549,-0.8515979169016152,-0.7814520168382723,-0.5921982365229258,-0.9983155136146742,-1.2807584146109143,-0.9408290469695496,-0.868109024894829,-0.8715342246452944,-1.0105608639040145,-0.55602860073777,-0.8328131250207301
111,111,-1.6447128695769775,-0.9516059951310171,-0.8663789953404079,-0.7270771228483159,-0.977851252081322,-1.1890522603914397,-1.0079979985224135,-0.8063292737276223,-1.1049424458695212,-0.3480659096319759,-0.9316751694809381,-0.7897503947432449,-0.9073943859469706,-0.6586163670849938,-0.9616724555049615,-0.5751700347077021,-0.5662685757485634,-0.7819164044059065
113,113,-0.8081636938684477,-0.6961508954785975,-0.7208938839070996,-0.7816634835943302,-0.7663442056572111,-0.6679858438292204,-0.620217656434878,-0.17602437647549177,-1.0861824534804692,-0.33294351945652595,-0.6576063716269964,-1.0362927231178267,-0.8939148986900303,-0.8469184624697932,-0.8115029543800921,-0.7326198907469157,-0.30163399767112725,-0.9647820772644067
114,114,-1.0673270561798154,-0.7950000393577235,-1.0367790786250677,-0.5455181403670065,-0.8806535248153162,-1.1769075679618972,-0.956113139607171,-0.5687272056209388,-1.0067630289947291,-0.6515334162953026,-0.9611830623531947,-0.8948037899247026,-0.987139636118161,-0.8114678126594169,-0.8435886333149415,-1.2114653793475578,-0.6620772971648454,-0.8885088618089945
115,115,-1.0805762209254035,-0.7305172024399594,-0.8153964016944033,-0.6604822786773156,-0.8389187245335439,-0.9888797856124714,-0.6121773488825939,-0.37857770117861,-0.7150594801065597,-0.3688832457259162,-0.9058304722593694,-1.2636122790760125,-0.8721490475316684,-0.7653130260076265,-0.8397225220960365,-0.9901585143725712,-0.6476152429051992,-1.0410792478754258
116,116,-1.0003316956775834,-0.752234566819632,-1.0415670091587794,-0.4047183497470878,-0.913743490593417,-0.9922383841825883,-0.7865765947322498,-0.21539855463666513,-1.0555899701363534,-0.690070499655896,-0.8921573815166852,-0.8650978880102839,-0.7718576386124925,-1.1837177782731862,-0.8195395950241152,-0.4171339042566648,-0.6878300701397504,-0.8160764563027085
117,117,-1.4678662812423573,-0.7176842143974254,-0.8103572525833056,-0.5130268731838282,-0.6713319702601113,-0.9366468606500129,-0.8109382451601304,-0.6776051834656485,-0.9780815805289546,-0.5309390885348428,-1.0616121268347005,-0.934537515924624,-0.46316229145028437,-1.2552722116673136,-0.9940473317357134,-0.39213516333652726,-0.9940932033450188,-0.9738371260841757
118,118,-1.3001684505939588,-0.375861599392256,-0.9949290191452173,-0.618188167881904,-0.7623131873212292,-1.4168995873881716,-0.9214483405793569,-0.9310247727937836,-0.9551810125701629,-0.47404734839641294,-1.203358630632106,-1.0308734782078317,-0.651523036887754,-0.6384417905296516,-1.1202895618522417,-0.8352648147689059,-0.7328401095528634,-1.0473075883334686
119,119,-1.1961151101627194,-0.38518099227320945,-0.8196523399465916,-0.7885512710797679,-0.6475182033033667,-1.247572481877157,-0.8407724402493464,-0.414029303701756,-1.0845580738338791,-0.6594024462975404,-0.8617549873808884,-1.018402551908807,-0.7940132883762322,-0.630313903572104,-0.9693894570324608,-0.6044368533459106,-0.8368446318639781,-0.854508510949578
120,120,-1.4974288934284365,-0.723807908821894,-1.274609183592834,-0.6706075842504777,-0.950913041193475,-1.244294489672723,-1.0225540044104815,-0.8485870750605347,-1.0272111021929828,-0.6156706487545405,-1.183008726886569,-1.1491529403724943,-0.7651556174297041,-0.9924584383033863,-1.0728459844139469,-0.9406300520617548,-1.0403259263415099,-0.9468396657141229
121,121,-1.3060986091905702,-0.40669757978650595,-0.9120121110444253,-0.6021424607060907,-1.0784648221942839,-0.9508873185873087,-0.8327642297331985,-0.6785169172625957,-1.152973122478503,-0.3641310442331221,-1.083048210685965,-1.1568820273752738,-0.8965303215906307,-1.0300499154820455,-1.1806404712339673,-0.5269079251264235,-0.7290192233548062,-1.0312256938687283
123,123,-1.407374254517077,-0.527648910372525,-0.9486013579625437,-0.5607899388365908,-0.7593668205053706,-1.230860095392255,-1.109424632714907,-0.9456973259911621,-0.7968676981902266,-0.5462731152140207,-1.0073989609694325,-1.0938388852563377,-0.6851085876930597,-0.8815526950634518,-1.2517982269362544,-1.0576738756381197,-0.7821486459387904,-0.9397249844985895
124,124,-1.4570420884135997,-0.6462243813730947,-0.8982541995416922,-0.716539065965165,-0.8834056256872719,-1.056750345517394,-0.8377232218163444,-1.0097307228930166,-1.1894898139454775,-0.3083936850241155,-1.2368598327165954,-1.0512289616504966,-0.8358852030829592,-0.8807907056611818,-1.4113438088124841,-0.8900931977626021,-0.7012986939879018,-0.811053858676928
125,125,-1.3892090103400982,-0.6377750215797706,-0.9119973334810499,-0.4084331115369869,-0.8228594065042505,-1.3030833990440494,-0.8969903990430658,-0.7174246269695174,-1.0207772847692331,-0.2721653635223693,-1.0227226195198393,-1.2457998429374229,-0.8382742913094696,-1.137998414136979,-1.2167444704908283,-0.6482198264208605,-0.918095776865663,-0.8264729938365178
126,126,0.32897970574253743,-0.30588286289508837,-0.5818449185437947,-1.0307489658447022,0.9379035726327166,-0.035857405529563874,-0.1429573775691422,-2.06489476955626,-0.8113011863323316,-0.8997768366590063,-0.09635999465287064,0.11981220513403257,-0.6408350172206404,-0.39643443138139456,0.15996540065168344,-1.0623674845474143,-0.36960418587585875,-0.2806964764280609
128,128,1.5008448505130951,-0.3913571426474675,-0.2925079447370825,-0.7931114564440337,0.031044184871952204,0.15934461721601698,-0.13148994759034224,-1.906253450649356,-0.7964799951825372,-0.4523988178937541,-0.031176126068632157,-0.1431747063316114,-0.5451603672096867,0.12126847790347683,0.20370786486452164,-0.8915957648422158,-0.19726329953932106,-0.09627789528297954
129,129,-0.3937856518247351,-0.26281320636957556,-0.5134721853825736,-0.8214578402515349,0.0242439803769756,0.08505239608409401,-0.42116386923745014,-1.8473523413650035,-1.0156926128666957,-0.5586531082189786,-0.10248672575640068,0.06340673376843534,-0.49360431255576004,-0.709859429501901,-0.4075528294428185,-0.9147092380859558,-1.0763520352641283,0.03094822490805113
130,130,-1.5677866382929306,-0.61146566362324,-0.30669112972760787,-0.9016295293478364,0.039432758300062314,0.23184198873521925,-0.7738448059351153,-2.1700361185943384,-0.7321998291128305,-0.5851161373764342,-0.4072550327857,-0.1050626910538219,-0.6467746548535815,-0.8290367416586905,0.04323950974900833,-1.397797577773779,-0.8176216416219776,-0.31196372132365513
131,131,0.36136462254005247,-0.6752738585407615,-0.3177809131641649,-0.8859736635491303,0.010941390561984638,-0.005029650694868028,-0.445975914280667,-2.0146130305632,-0.6513133284248825,-0.7127178074536,-0.2353409081737907,-0.0129573572761184,-0.5023846464479335,-0.6051021943543544,0.2710922561351151,-1.0343130876754836,-0.6778430745578509,-0.2139775856132793
132,132,0.21946138389700032,-0.5332367466508535,-0.4590014188887899,-0.6108303572662036,0.32735771844990397,0.10843395049845017,-0.28005573865199146,-2.016296988579589,-0.42715031288704763,-0.6600008794602977,-0.27858555397350626,-0.20296497284744094,-0.6703369390983436,-0.5531404173084005,-0.21363023769732678,-1.4139602601507422,-0.5471400217551362,-0.20390904711791288
133,133,0.4445235322147433,-0.39641489589243806,-0.5855496642783887,-0.8030024520327489,0.6442869571391477,0.17336384797483217,-0.38397772658904694,-2.176946583343075,-0.6813007384536673,-0.4971044458746473,-0.12397903844716505,-0.21598281718385212,-0.6520118657751482,-0.04439957937164039,0.14122262958576637,-0.24085099966900253,-0.6026884280103303,-0.17564034060764652
135,135,-0.09455943935568546,-0.7965549311623804,-0.4429842013563865,-0.45173554656408915,0.46117780106638046,0.16320111841091584,-0.48552450074430215,-2.0736513512414807,-0.724834237154785,-0.7340491002577251,-0.4941262293743433,0.23769645002143736,-0.5434869388678844,-0.6722004930667409,-0.5514760348944681,-1.1755230100798117,-0.8370714075304864,-0.3301413014787783
136,136,-0.6600712813635506,0.12012346751695385,-0.3759808791597678,-0.6968059343065734,0.4972139212368408,-0.00025146996911256444,-0.6093420965955786,-2.119654589496604,-0.8963280197706273,-0.8043490622140056,-0.8641109075401548,-0.2255147115724377,-0.2558845197785976,-0.6411589000107099,-0.29484424645345103,-0.8166947124175739,0.11991027645864676,-0.27580055782150853
137,137,-0.7340443352817344,-0.6775489724571843,-0.7312207556379713,-0.6422298787652904,0.18710143255229433,-0.07934612655128725,-0.41060310688503626,-2.332544304057394,-0.5648313780417187,-0.7262630175147415,-0.5292127345534435,0.06460502906300071,-0.421812170731518,-0.5118601787878116,-0.5567531257771047,-0.7063530010191971,-0.7822740783176158,-0.2670647030529543
138,138,-0.051130658170385854,-0.43299172731800595,-0.5497126684100877,-0.8652650011873532,0.13566144283238524,0.3433409572443436,-0.5773405603741165,-2.140672880293753,-0.7767534097959177,-0.6423374107582395,-0.591845152784223,-0.41411394111573235,-0.6169008600110336,-0.26262862195145215,-0.300149332513184,-1.2473590149656095,-0.9809026611354849,-0.35082613406909113
139,139,0.9059695263043737,0.11282560210812048,-0.5481231735404599,-0.8402448792099818,0.1032818803100749,0.31389572170593244,-0.41890358515476933,-2.27346856208986,-0.6335969045909683,-0.7578416960777111,-0.24527856353137267,0.057290759083187724,-0.5758605464185568,-0.11659114828331708,-0.46201744648350795,-0.5557636981681338,-0.28751772412522525,0.050063201243898216
140,140,0.23767681431018742,-0.22110861819391595,-0.4951440868474037,-0.5988031407367304,0.41797747518710004,0.6050009251095686,-0.5539076717203321,-2.2430325801640194,-0.950407366020637,-0.9844907038584965,-0.4263665335224402,-0.15663607554977696,-0.6510202045355619,-0.513514514632594,-0.29319253100477416,-0.5354640390584143,-0.5240131078269171,-0.09419981218354338
141,141,1.5807392216580638,-0.20033507804934728,-0.22276580061125928,-0.47686296731017414,0.07953907386167698,0.1695801109534221,0.059970161175972994,-1.8807820264310908,-0.5890433239078813,-0.5082848746068246,-0.10732960604513234,0.2375719518090153,-0.3616203994495242,-0.09621806748615672,-0.09393685802245286,-0.3885427439177706,0.246717117104307,-0.052513916966047236
142,142,-0.033887643489456554,-0.08064658516922445,-0.23770705238576076,-0.79772530349873,0.06104119399456259,0.14670790575348638,-0.70422294820191,-1.8134860745909633,-0.5898083853943584,-0.6969365116460233,-0.7173700096639686,-0.3142974993061199,-0.42801005347893484,0.20221369789935545,0.27925285025866226,-0.7327827552066042,-0.6680947204460236,0.2110864066254891
144,144,0.9258866842490115,-0.4418121689632146,-0.3874496959883133,-0.8700056558778023,0.42049239266456073,1.0180588832802,-0.37757997333806825,-1.8118395378638277,-0.5105120125018339,-0.675412175468105,0.39599679282216954,0.22246876241452973,-0.4147259247903052,-0.2909216727771757,0.24963395289086499,-0.7369867275139802,-0.1507747601071571,-0.09142150543103622
145,145,0.5482594533666764,0.33317913535181526,-0.32487250565942744,-0.8650113859158477,0.6550249929475175,0.6451667488753092,-0.10646081311545523,-1.9897777682622377,-1.1171007628389749,-0.5870626580621804,0.5440215415131543,0.7140110484727636,-0.11892164086527061,-0.31065646651611306,0.1665302696807462,-0.8431244666049811,0.24374410381177555,0.16522740431428803
147,147,0.8300516409216739,-0.3351443280355426,0.2772770584900382,-0.7499383336869793,0.7630837169297384,0.5846512112572396,-0.4629982797169038,-2.000704784724138,-0.7340299761981294,-0.28848890659569026,0.08402104482625092,0.527372665775121,-0.5760361530964005,0.0077445654052342786,0.292690535264846,-0.5249457338431468,-0.25202933387542803,-0.03042863706959268
148,148,-0.45204377292696696,-0.3224736936086952,0.08486259107978525,-1.038650056995451,0.7246650433595782,0.2963353011706688,-0.6755416032883403,-2.5825684113203256,-0.5235630613887985,-0.4755157619054646,0.21344620797880057,0.37214673829928985,-0.42035566828587545,-0.03245449299632328,-0.3590231899465272,-1.1507513963642373,-0.7122830864360711,0.15764353039433462
149,149,-0.32795657966420944,-0.8334642792372713,-0.35768946127543544,-0.8890170468071966,0.8509734645631117,0.4406509119231798,-0.35391722528604525,-2.176659686792134,-1.0273785520424954,-0.22594285348676174,-0.0379529082176293,-0.14480096423137812,-0.5986171059061548,-0.6475678231259289,-0.40256968791969205,-0.8270120309089827,-0.6018278188993343,-0.29117724336434836
153,153,1.8178030426469438,4.182632299131638,2.4033076385502112,3.359539175696049,2.0029797473211826,1.2176316699040655,2.923138495170828,-0.0036169821825749633,3.527521971312679,0.8314034246880697,3.743495128210388,0.5939795437048762,3.379119746740619,1.776630861596787,0.960963113413635,1.728349957533954,1.957316516869894,3.776922020331234
155,155,1.2581391362691314,0.24031640698568735,1.2419533141147676,0.013147234898059157,0.8982791879881847,1.0395377859538517,1.369401786799204,0.5760911835035898,0.3385216729538686,1.3264418158412696,-0.1382791195336193,0.5737121020198215,0.27012416091553565,0.43384933511842716,0.4042466811910627,0.2474500268957346,0.5767811709051339,-0.028649611058295263
156,156,0.7758359060133969,0.7348770090396565,1.2456028362363534,0.4581161103956012,1.1531610092145965,1.1907544976742164,1.8415024991443838,0.15525577590754677,0.98835130224366,0.9204588260843029,0.13530222781261017,0.4442592536641031,0.6923288454463642,0.38422969178062755,0.08132114684163345,0.646653704678806,0.4197817455816456,0.20605587685067173
158,158,0.10253297646696484,0.8650845373902174,1.3909471765437094,0.03455748235329143,1.0242845939762109,1.0913089604237742,0.9580378481767229,-0.11675961635593789,1.114759833724,0.27626505494336034,-0.11030661191581034,0.5918796203905694,0.38285127569732846,-0.003420575752261036,-0.06070608095144121,0.8275271456649206,-0.032002009466386656,-0.0062569488942406165
159,159,1.111514150289359,0.27974510318790236,0.9979304221787878,-0.09625813838301735,1.2328793660662616,1.3536614745974667,1.2598270083511438,0.3634461072906573,0.9993053805382237,1.185178352234231,0.04343694482270129,1.2604612655113694,0.33383166063626557,1.2347864018159644,0.7738709819263343,1.3086675642842078,0.4278219965695759,0.03616650243436784
162,162,0.6970671661931657,-0.08830491972570902,1.3445218602528344,0.3305714996871756,1.245463956613674,0.7996525002169556,1.3088772204216828,0.6328596131933604,0.5046253329114297,0.9351756864678985,0.4330575946408018,1.3041884565461577,0.17939287340594037,0.5734354770948069,0.913699921734325,0.7115248492927928,0.20978382128667067,-0.0008637548157630711
163,163,1.0748216668610076,2.6120803295898822,3.822985889281805,3.6633094516566556,2.048804244967208,0.5658993848431806,1.917715251397372,0.5415767667026216,3.7525784890009817,1.3705556048410976,2.3600536774672003,1.1153650490313936,2.904643472685681,0.7017885909160477,1.4929933656955998,1.7906175047755757,2.0641343292988727,3.1572462772807444
164,164,0.9703143509112949,0.39992038169932054,1.596536922726396,0.05973434741638826,0.8099159032826574,0.9551747783624901,1.1562698239055562,0.2536543873698158,0.4515861454208306,0.9895912777362439,-0.303157558380116,0.14732161248243839,0.13314523657721672,0.20768876218612747,0.32268722628499974,1.1002703796473698,0.38241603159365284,-0.05408111618986027
165,165,0.16326607685937766,0.757172707139959,2.0329660158166964,0.8084363283060382,0.6097108582242139,0.596951651788346,1.4037945343851292,0.10542570984652584,0.8611001493560468,-0.04332996436189976,-0.0330339377010824,0.46919319160317347,0.6678610375860196,0.7144704922019709,0.7052933087700255,1.0243065974889338,0.564468953615031,-0.08419875787775864
167,167,0.04973058778621088,0.44915332206251574,0.4349421259030949,0.2043402490657025,0.8928083203611097,0.5417360241782868,0.3469110094066418,0.09503787566371014,-0.12164153775313324,1.2476146324116353,-0.5242315723656504,-0.518226810073252,-0.43189432630656915,-0.1450180945454943,-0.2902637891235779,-0.12123248841296522,-0.31676867148671006,-0.27208048966605425
168,168,-0.22198429231922268,0.4784194794666384,0.6470670628616451,-0.07105649294092102,0.670831455154102,-0.3203427515086306,0.3844413941676598,-0.03586460404801417,0.07542462882444598,1.4041652347421347,-0.39842043366040014,0.20146357470232526,0.46148665819308,0.0006533145801792218,0.13219368973969695,0.08823676573014141,0.08688550688183021,-0.27662371034025274
169,169,0.7523336663456878,0.27940309467065894,0.29268149033413415,-0.11220431226894557,0.48228589766239865,0.1447888941195832,0.412013191372947,-0.10814579560092713,0.502051507521938,0.9569750359110999,-0.49602854963669535,0.18835496249786265,0.16063702069102193,0.07771631957165707,-0.20343141371275236,-0.2360970783702778,-0.18183796291199664,-0.16384051366983465
170,170,0.6910414818378322,0.14351171048590863,0.43523918002927037,-0.05665909274243742,0.5347456166870341,-0.055798312609397466,0.47484172321237333,-0.0008968282599402515,0.5721729289963667,0.6740433950364726,-0.5210344279980113,0.16463007131551466,0.028818055832815145,-0.08223927406692486,-0.12147091978238357,0.04012491176516491,-0.34827675482456366,-0.3056205906366687
171,171,-0.13791460681182574,-0.1930735288413014,1.321280911238237,0.2030021085997505,0.2957340965945568,0.04928360250672141,0.38025787793420224,-0.2848178217500293,0.2807638055825344,0.621467411316077,-0.4337994920233039,0.5774877217162527,-0.05567328067757484,0.15844412130570723,0.1311093990443511,-0.21957845638594098,0.057541389007086205,-0.515661806044482
172,172,-0.4689338167924275,0.42138548768631756,0.30760492381581395,-0.4859667687125416,0.4369877517122731,-0.06741029478637112,-0.21321027818378396,-0.10570159932261769,0.3408963332834591,0.5880417421698351,-0.6346182434163655,0.797884218658755,-0.1893402310240081,0.23465484798495914,0.0831183958024119,0.09941691915265362,-0.05237313261910125,-0.2245647198003058
173,173,1.7654769108052708,2.2368807000538946,1.8085486962083075,6.405989409088795,0.9939635462821298,-0.23535347970997192,0.7254889131995269,-0.08892731679970257,2.166136864552961,4.599397980851036,4.110415050778636,0.6638391137621528,3.1535455181193557,0.3962127248505257,0.5923636901849229,6.194372730952327,3.507648532189975,5.047504387623062
174,174,0.297979030608927,1.659581485204009,0.5808971506994778,-0.11409700050051588,1.0523322877729695,1.4553404142023205,1.232750213465361,1.626037021833958,0.7907362572192652,0.9751734479786025,0.11053146973257758,0.8077788246639634,1.2654642118097903,0.23250571259116512,1.5514654340629463,1.0238628617111531,0.7936809440817111,0.8758339869496933
175,175,1.1755737462861076,1.8802736620814418,0.5057995689761228,0.13902109225142967,1.162175575115996,1.517211734033699,1.458006552229625,1.8122896503361356,1.173904979127331,1.4229987641269497,0.09959599207980226,1.2509705633800516,1.4462973938753043,1.0263693734424977,1.2625359116984949,2.14491534234288,-0.10304486077703057,0.7530428740705872
176,176,-0.05820412608416547,1.7447951105311996,0.48110856929728685,0.49220347173389983,1.3127033211072685,1.124957541314017,1.2766660729456352,1.417006057081514,0.9525243937965515,1.0268939070707908,-0.22493676681673289,1.0402109755455604,0.706133845058748,1.291997228106692,1.2060696480454767,1.6462326669716982,0.05076370772241871,0.7535447344208175
177,177,-0.02478331406245676,1.5992023732494374,0.2728873919940025,0.2190238721617482,1.0136749255462785,0.6819357912952735,1.0583552153038231,1.4869938195323322,1.1847204723972447,0.36888744291895764,0.36556870020306953,0.8517659367932773,0.9107289071636694,0.34000366826837786,1.579100089327156,0.20796897567133155,0.4167691993845428,0.09462561927180285
178,178,0.5029159614690835,1.37941209828437,0.27398412839119207,0.10593944986252533,1.3617812258760174,0.8806222655437694,1.2207619108597916,1.6543245370842887,1.0434143676923031,1.8144545911523502,0.4012354988930478,1.194431517391995,1.0448357076751815,0.7202465602818595,0.8787777780375854,0.8760477588832685,0.5358069611694779,0.7789827809231373
179,179,0.25232381418641464,1.7851391157182361,0.4637772480732765,0.6092694694135208,1.636595321213898,1.3440927886421243,1.428987125535369,1.9424969770876581,1.165586547334748,1.868293358282748,0.129965434739682,0.8216590054918849,1.6133665958663659,0.8966548203869484,0.5927807908284044,0.8324309331565171,0.19987916733744995,0.9667020766133424
181,181,0.4795341816299166,1.8097481536127646,0.7457250866034288,-0.005160585993090446,1.4058072262816708,1.801919555370625,1.1674410346257287,1.8132855403861474,1.9964186464856366,1.3346297013648707,0.5741895264722151,1.0099048071987906,2.461924554609717,0.682877466440397,0.7711118444797894,0.02135809354738945,0.6869744683938906,1.0466076542516398
182,182,0.5845923337058094,2.060605728380544,0.3801943900137694,0.41504284531055374,1.1643927118270718,1.3870115870826436,1.7020265181687997,1.904420074537213,1.0314805585460385,3.0206716771570146,0.42039065568804185,1.4569705995749844,2.267339659831671,0.4824336029713051,0.7826624421321822,0.7738279300815236,0.8500742524580379,0.9817657286882364
183,183,0.8070922423120688,3.5003149721668914,1.1517917376629012,0.6251317584691911,1.4012304226423777,1.8431321018853741,1.7134888823374799,2.2822649973416302,1.4915832849888195,0.6137488552647956,1.7248723227722529,2.104889471140543,2.803030820162508,0.7853069297109462,1.1389355396694576,0.577483991955992,0.16697040382404119,1.4735261393705605
184,184,-0.7908190181824812,0.562079595594972,-0.07860219256321528,-0.11865468807421932,0.9940849390348421,1.4388816456260483,0.6315252362128789,0.9612698188761856,0.45867303892087935,-0.4369881699531302,0.2537872596069456,0.7017404416244996,0.49100111906438393,-0.09482706356739151,0.48716463949648636,0.1525951640735006,0.27869299589034907,-0.1700116166592323
185,185,0.7870141779469851,3.644023378667463,0.8391208492693701,0.5164129863459034,1.5555273010424795,0.4385455165916064,2.152028726037994,2.136568401939927,1.2865025365407432,2.413148430234345,1.507897576369873,1.6960439853024774,4.195032911970256,0.9798699291681254,1.0844891344142018,0.35130414384427877,0.9859844056978854,1.4867313398360067
188,188,0.907034963976476,1.482857026554365,0.8988208292058644,0.14135114601101986,1.4954270594815244,1.2961602345428045,1.3130486377563437,1.4724792517821625,1.2167839673178265,2.225050174876962,0.1438025830444217,0.5896696036000142,1.495047890146138,0.02658717091278517,0.6885669646245423,-0.09145894108786194,0.28228407920676596,0.6901534989323002
191,191,0.5971464525073313,1.102963056753236,0.1617418165840712,0.041658131582847154,0.7493130461320424,1.5121192282860167,0.749041539302572,1.2253925736292737,0.3865493245940295,-0.2654427110359079,0.2889997041734842,1.0254674341876724,0.7908031770318964,-0.20532726213356817,0.9051107467787919,0.018902088761941778,0.10073486709901548,0.2680732612523222
192,192,-0.3433680572311266,1.0004039250043133,0.5119614958392799,0.4913713096769036,0.8715722990570952,0.9209423110511935,1.2726905971138525,1.8284145934863243,0.6544855530512524,0.1355736212946818,0.2254933891927763,0.9413008512406906,0.5953104974717558,0.37493564729409284,0.640284867960978,-0.20973376413521946,-0.23724497434239347,0.46082684358077924
193,193,-0.1742391392513719,1.6585346347700138,0.5588758383032745,0.49847669339433437,1.0535675496548542,0.5951531933476544,0.6550068405422396,0.995511485276586,0.8096250719526988,0.9641694938332184,-0.27728042708294587,0.31812057947609346,0.6526236123628815,0.32855982478573703,0.5265144734677207,0.6496405029210505,-0.474655482483298,0.4303623520081804
194,194,0.5082658491077626,1.6241013081872253,0.05788376591862426,0.13283748804328682,0.764674636201641,0.8106921866168314,0.8620718969011486,1.0775558740775455,0.7118566894476103,0.5023970875925956,0.44232356837406206,1.3014660856583433,0.38751365390566495,0.5743198956259031,0.520454898274432,2.3473538108619296,0.14728594712664397,0.7004730023839193
195,195,-0.4527103822766391,1.556539191716319,0.5064922445954003,0.06271823287144926,1.328967602552091,0.9787973763496056,0.7760654936921592,1.2816497668799318,0.537751758834898,0.7719658450212543,-0.0051945907534054776,0.8779877457098212,0.1797658797872549,0.1834278714827416,0.9286757614193599,0.6359278095356329,0.08977161274148847,0.3560791786060618
196,196,-0.05468726767626835,1.9374155903862749,0.6544217815373902,0.3388808133556036,1.2177940331824193,1.9864572636500442,0.7785095605459401,1.6541126455842863,0.9913590615575034,1.577391551761333,0.40626437294111384,0.8848724925000665,0.3970453941176522,0.7341451788325358,0.9267307125918842,0.6401121139849143,0.35868485177455917,1.019687551402545
198,198,-0.16264206410020188,-0.08409687056189104,0.11217351896564524,0.10718230448000061,0.10216794856451794,0.27586069367725713,0.6174583941112324,0.05206749340801958,-0.36335004964974815,0.9229877900325628,0.1539980030589278,-0.3164981733686891,-0.12064840724258089,-0.0565600923688812,0.12163451375798956,0.2396821780687705,0.13482732165154343,-0.15013701551332478
199,199,-0.3852494361405988,0.2769897346981315,-0.2294070531747766,0.041681613484334634,0.10671127788161848,-0.09102099853653697,0.24544165321205005,-0.33451659579822984,-0.09799374653691746,0.3978277957460537,0.40018388246963493,0.4497781493296041,-0.1453964709968334,0.02936803403058041,0.0944779531219821,-0.1536573127043389,0.17261847842327951,0.00943402359298325
203,203,-0.3799086879503093,0.05215455178785832,-0.18102734927882896,-0.27038648291652806,-0.2487524312858032,0.3737097502129776,0.4531960032615341,-0.5421066836183965,-0.04663347293927582,0.06640217900615575,0.22801079115717485,0.17511960412385408,-0.17030101569894812,0.44181961322001934,-0.02344338821586042,-0.45984709637292603,0.22027389454058455,0.09743487207708698
204,204,-0.3668997059770749,-0.1476429070631591,-0.30372168338210037,-0.1591274224605682,0.26639734724793235,0.08771556600614236,0.4947103637568877,-0.42923367485632524,0.06346148965913205,0.30361702959384057,-0.021849053663005435,0.0674561857316223,-0.13825853237510582,0.04405499141477237,-0.12271504333379435,0.06390900556189684,-0.04542470396104442,-0.3151471167755748
208,208,0.06703088920361343,0.03341286360315271,-0.3595356878180705,-0.48099199241019397,-0.07234372173128314,0.4490566599331918,0.5396322789429555,-0.21016935763945047,-0.3438178142576897,-0.11063732026206259,-0.15363872244722254,-0.23603067743030723,0.07071575499725624,0.29037428952794825,-0.4499471373502597,-0.551989984576066,-0.2496916152289744,-0.0822206037802994
209,209,-0.8591421277023251,-0.07384750983588015,-0.5959294198750446,-0.6063669372426428,0.5920504394926221,0.2866282714797989,0.0851648843666696,-0.6024607325248253,-0.03467496147475024,-0.06197313363399563,0.17458227501063686,0.33320590581027704,-0.34576430623675847,0.6674195047083551,0.31647465663440233,-0.2861415847615158,-0.23280819600752564,-0.43049457123148593
210,210,0.43888827487303683,0.18616087607381482,-0.11753785516317898,0.20904322322145497,0.48471627706441117,0.3313973510326004,0.13617171864329833,-0.44933843381658833,0.08435822187214279,0.19787665137091434,-0.0793239645892927,0.2677820546972891,-0.12165951490569246,0.2428173388381783,0.45047280084602564,0.1745068670766712,0.7089384462194867,-0.20668359356014643
211,211,0.34936320404125654,-0.0826001385193623,-0.020069067548762417,0.0008526004729731792,0.27969256356534333,-0.057489924942699513,0.7908785881922249,0.39046777355322304,-0.022486478635906623,0.17182895178075874,0.25967735328924174,-0.5587755398190704,-0.08251520394809067,0.0349206293543588,0.022288497849704655,0.029440658506675568,0.7981472888019989,-0.26480364160479253
212,212,0.5745889973733913,0.2612903170781306,0.5949206757877908,0.3818943435494317,0.035946931079475455,0.5321133644392065,0.7203087390394424,0.29437855961059956,0.03974377525448943,0.17441158488459857,0.563680376020543,-0.15932942732409838,-0.02963668056655838,0.5157513916977375,0.3429173536830446,0.4971279559464386,-0.09274320040430739,-0.08150951637743648
213,213,0.2424027723859241,0.12853669243646423,-0.1744584921222821,-0.24015060712244382,0.5453577673179261,-0.49362909574080444,0.6316514678899665,0.20857041429552933,-0.21546312453844912,0.0840563210088318,0.10195854780693026,0.12386451920102345,-0.03981997917360959,-0.01195081573988269,0.06210126500336921,0.4911229407925937,-0.10799817453455199,-0.19502629900895563
214,214,0.00454205726508878,-0.09083216475326962,-0.054076736240429836,0.16266246027013395,-0.4266277594268963,0.04326010522428832,0.30058623247026073,-0.635650487920156,-0.27405983071462414,0.6970996303431467,0.08547099892825126,-0.13407530867040562,0.14210717821052035,0.11431931495641477,0.224609336235379,-0.5121985105346527,0.29843925891837936,0.1049845021628031
215,215,0.1585925099289672,0.005560632550881234,-0.1436288450355098,0.15199463583393377,0.09693913447325764,0.3177810693939492,0.679037775307711,-0.01838865001058839,-0.3926024084629724,0.6972841041362778,0.17385754758739805,-0.2612954653356489,-0.0571532533983778,-0.4005125249251632,0.13269939936214575,0.12255138798003289,0.4259259200240219,-0.15158944935747054
217,217,-0.519370793417365,0.035869456412085256,-0.34102087445026646,-0.5128087476714865,0.036887479955647264,-0.5696555127980721,-0.0018646709260812613,-0.26696381025123284,-0.31122320480438054,-0.11532295460760013,-0.036695900180741696,-0.4699646890910022,-0.26988308351943974,0.24648479377425458,-0.005849625218928913,-0.5505602190632454,-0.470317848447622,-0.4157130309634605
218,218,0.4364776647949295,0.026514881146281675,-0.07755720836588273,-0.017283945855549092,0.06797341738844281,0.017883119675093734,0.8891652438025143,0.27093295049670224,0.008896948245995568,1.1850512605550498,0.2452633300937171,-0.6493041400626622,-0.08801611111525691,-0.31199661490258235,0.26904734454884516,0.10079695579266008,-0.10519051058420038,-0.2051782063987661
220,220,-0.5435392375625279,0.17763601096202158,-0.34187213023729196,-0.37290713875847115,-0.025571342024707965,-0.15230733335925767,-0.15126464689708383,-0.33085756943948774,-0.0171204799018248,1.1956769510394192,-0.015759330176069623,0.005627872424419629,-0.1969629618155191,0.07053264504205,0.19461219340798241,0.09523186848891342,-0.16372094506920157,-0.33640409126541676
221,221,-0.8640880345867183,-0.2601093049979434,-0.29420180616386543,-0.0817639115259307,-0.30846931416952206,0.2297325994503478,0.2820424415417757,0.15010553660692946,-0.2611967651777818,0.35953103629197225,-0.30821704242883285,-0.011314899194534406,-0.22013417909515692,0.11469634303395519,0.1946716820402629,-0.5166637782131528,-0.16905550657487012,-0.3975349136328235
222,222,-1.662134197150272,-1.3147257105779058,-0.7950010215153571,-0.5320781659475202,-1.1458371251947672,-1.4805787531950227,-1.5600045936109865,-1.1462596659391664,-1.309697195327251,-1.6767030826566076,-0.7609761825002485,-0.4524120154473212,-0.85041528714231,-1.1838525269113838,-0.6749451462443952,-1.0439168221848645,-0.5513795350741666,-0.9169243739419131
223,223,0.9015611762100035,0.2697261602526337,-0.34027312117444236,-0.5829949163713679,0.11806957515555032,-1.3555938204136184,-0.7451208460036366,0.5306045491521459,-0.38489083942151947,-0.5955957710559673,-0.8193412921514668,-1.151377313392477,-0.9433917135593191,-1.12128541176323,-0.5097135199111414,-0.19967036406211244,0.5278459391192447,-0.956050958699467
224,224,0.762030151862058,-0.027895865835178935,0.04225657888182596,-0.34483434464121737,-0.298972729703256,-0.4521254929988054,-1.1960965096308922,0.2565928585525965,-0.20013003547792282,-0.5036139959455337,-0.9345777286528535,-1.4201481402648526,-0.47660946046397673,-0.5439524473213224,-0.6224946978658631,-0.27577386200289056,-0.658564734078797,-0.9886315863727119
226,226,0.884698823672407,-0.43820249249017734,-0.5133451505841087,-0.3848219712735341,-0.570132997811409,-0.9594398648605933,-1.306840077936022,0.1287022516322388,0.06258543833462547,-0.6894439817695787,-0.9244814849714631,-0.9539674331622109,-0.3765534556783155,-0.4061908949929988,-0.7850898334017283,-0.10423948448257703,-0.2626869300497355,-0.950174792144274
227,227,-0.25112325772514954,-0.25045002184149534,-0.09661138949354672,-0.638711941591572,-0.6361420328801445,-0.6714130558294175,-0.9302989704708939,0.09002314124657095,0.154008969747125,-0.850986376090738,-0.5976494433466841,-0.9884848741623082,-0.4888103456629272,-0.3737714928566493,-0.2722612089350903,0.3642871702515638,-0.3452218050667679,-1.0355421597124859
228,228,0.5181050655728155,-0.2614342175372438,0.009636760613738197,-0.599178719807349,-0.1490113168489378,-1.0921008111295618,-0.7441477039271418,0.16855975785402966,-0.3560393752158261,-0.6266791024473445,-0.6972321891338845,-0.3520939624231809,-0.4445985358559765,-0.4804516751230381,-0.6049817848823388,-0.000953957005048177,0.4830550829696507,-0.9520018355269809
231,231,0.7795421427721235,-0.942951123343293,0.010156184471510114,-0.5578278786307488,-0.12991510697235775,-0.6404112543307852,-0.6680696189247108,0.17940793128657181,-0.5028887253542927,-0.9724721909283215,-0.1493401198287011,0.2725647546621993,-0.15997681070410902,0.33231918307949737,-0.05878697401003133,-0.204092468981061,-0.46759222599845257,-0.919095302817902
232,232,0.8540810847264207,0.5045340421104881,0.15845169586544647,-0.4793906110058189,0.09193791953496747,-0.9030567323508514,-0.5559204009535328,0.11726488028163848,0.023801899969121774,-0.4848060679442849,-0.552970663837083,-0.3059461982135083,-0.0012341108037819959,-0.4163655138921973,-0.02537124612491853,0.09274518917965578,0.46201110314074717,-0.9722079477487027
233,233,-0.7823579755259904,0.6482669345312341,-0.38722903791704105,-0.5461706465661704,-1.1298647842093035,-0.7138342259376178,-0.9500861926929589,-0.158722356278469,0.08814236086779634,-1.21690346895982,-0.8381927714135263,-0.42455851637714787,-0.15339532962008717,-0.7796133464276853,-0.9873924647121196,-0.39118152324424793,0.13367353406714372,-1.0074451952595054
234,234,0.7731587396339381,-0.03322237279316751,-0.6585760612171895,-0.041309383223625484,-0.7510148991036573,-0.800817697768312,-1.0850285606335979,-0.10656101117951666,-0.3416015308274184,-0.6609449458287545,-0.3851770252343589,0.5269717079063987,-0.28966041306069884,0.1786684998674939,0.24668578824290657,0.2502401566775748,0.23387376829834713,-0.9605840014706154
235,235,-0.046091738344230866,-0.25900555115225415,0.0558135415696785,-0.04875463188855833,-0.5903525141513175,0.29660146837463425,-1.0155894671308103,-0.3750619683101406,0.040541078614070615,-0.8604621260761002,-0.30886850657986553,0.1600647231488475,-0.4385636894134849,0.03870476975002885,-0.6988876591688198,0.19618533571029365,0.2542420240043045,-0.6038760017949752
236,236,-0.596617891292774,-0.08331361698357709,0.44330373946767027,-0.14232707637694353,-0.4730556708227281,-0.7515716706395498,-1.0057715448479505,0.14364015179014558,-0.36165947571601187,-0.6794896585526324,-0.48090437273198644,0.193970935483916,-0.1643280224506882,-0.6007073078110966,0.446759052978309,0.1729615539331607,0.020055349394575085,-1.0979282842992966
237,237,0.675091590537569,0.19722494896436513,-0.18008280343752436,0.010248089925559707,-0.3226804082187622,-0.18537617938467582,-1.15812234326811,0.3536025628263302,-0.5956203836073528,-0.8101880080982069,-0.3917660169600174,0.059364800585356856,-0.19902838949501614,-0.0816623656108977,0.23697565827184325,0.20039097395488734,-0.2714713436480399,-0.9322401392632155
238,238,1.8221834854401513,0.16507271784490102,0.7429853342092875,-0.5987417920687966,0.033230376477865475,-0.6830108520735104,-0.9340834118794857,0.3832704109357675,0.002702298522304577,-0.7547931565423657,-0.3632438062023731,0.1954310928503737,-0.037530651001377396,-1.0038730972333032,0.24604174901013198,0.5614883105881493,0.1644672476699897,-0.6812241302996295
239,239,-0.8252058629623943,-0.24749698430520117,0.14092114066563846,-0.8046396195842372,-0.7777082079559041,-0.5402241375452778,-1.0831904033779962,-0.024073302650938943,-0.5765556461347408,-1.0133902022287489,-0.4797696735698377,-0.2563857406240917,-0.5633494453819655,-0.09646434543411513,-0.06597048852944067,-0.5003116509293373,0.11472108128545516,-0.815279735039438
240,240,1.5902343413216642,0.6783216810454802,0.0003131023667288648,0.5860139866803906,0.004645183055802562,-1.4747834802759854,-0.025536343884285845,0.03838167666355398,-0.09746630306505259,0.6711636442851479,0.15169041016585808,-0.5878244842359455,0.23032032334834834,0.13091748021180447,-0.40582503751665416,0.2487558137677178,0.6332589022988925,0.1908582419520316
242,242,0.5334139350458085,-0.038079705563146375,0.2881518331511417,-0.4120687850496629,-0.329508929087942,-0.8077763755147678,-1.0200659206826876,-0.5158456120257194,0.06047790064705586,-0.864601784529301,-0.9609079069381652,-1.0153789354235745,-0.67895173937274,-0.7472218199595527,-0.1956700817143565,-0.5766934631657131,-0.03554709272216186,-1.0394826478730266
243,243,1.2197709981338813,0.10888220921037026,0.45041984631914805,-0.8922873239378517,-0.03839519090751013,-0.2687018847076177,-0.7820786195309682,-0.18540955609653864,-0.2164816209849282,-0.9808950798041991,-0.8419450152338134,-1.4364136141842292,-0.6450385262122165,-0.7534938453083737,-0.30996227479212657,-0.19339283050584447,-0.19472838968483477,-0.9335733871370827
244,244,1.3981673442435212,0.1260760632768299,0.4592500519012741,-0.4020369241724995,0.6259814607583294,-0.8739730279233578,-0.7552631489786621,0.5889004843391481,-0.31977519224695705,-0.8265791412799571,-1.0319426533504,-1.0076876413886289,-0.4200874385297694,-0.014537756544406009,-0.6564801527645847,-0.24027332740881788,0.598282134601616,-1.0200567325552719
247,247,-0.7539662795103541,-0.47887338479165925,-0.5995394105386578,-0.6210783610730032,-0.7731447634812321,-0.4152132821586482,-0.6571598837865037,-0.7931070858356721,-0.6413276660212758,-0.7149675994282829,-1.3873165285520692,-0.3717838643009665,-1.2333857719422503,-0.8217263955444336,-0.7652157511618212,-0.9602166891299366,-0.6079037447091878,-0.9240021283093423
248,248,-0.7263068231745,-0.7475405378304937,-0.7917874792839373,-1.420156738132162,-0.8558552879235096,-0.8765536380803886,-0.7373502434293628,-0.8978674561622106,-0.4986037298097005,-0.7222397465176013,-1.0554566701776378,-0.6640653715678886,-0.707328194259816,-0.7351491994555203,-1.2845420857595382,-1.615756892526834,-0.7417736651035658,-0.9488988726857895
249,249,-0.8012705827700255,-0.8511598448798257,-0.8847730107036104,-1.3592099238521802,-0.9208231378301138,-0.9891273584486762,-0.691134378635757,-0.8265503617741867,-0.8774626332872196,-0.6601219679195426,-0.8140208609378763,-0.785888128109911,-0.8905267701708385,-0.6900111689926216,-1.1928026148282125,-1.5014450027192663,-0.7076085624224571,-0.8335758642926999
250,250,-0.8191913443884077,-0.5505174564083798,-0.7384331849097405,-0.49432484053190906,-0.808568602324311,-1.0734444359719937,-0.758549753685885,0.14022208371638528,-0.38384000807220325,-0.723907197787946,-0.8669948977180337,-0.40982988027960066,-0.7960320115924415,-0.20224086860924256,-0.9385957136026366,-0.5492512961381548,-0.6212039649592391,-0.9922149863988736
251,251,0.5555739504524135,-0.8829511873595348,0.7917198433200336,-0.43867204730042947,-0.5164686328617677,0.26809398404089907,0.07340353696453344,-0.1330201814218516,0.14006425612374804,-0.7995764064908889,-0.9764897987543167,0.029874829588073692,0.051211346192353686,-0.19194678603123463,-1.3298639114020223,0.05923449481711071,-0.4295094765062976,-0.2855648975046996
254,254,0.5468071221786686,-0.41411606559040615,1.1367271219758455,0.5332608490462328,0.5712377497620411,-0.40609275349958895,-0.2629076486279327,-0.5051451455551409,0.22965432308613262,-0.3681687688055813,-0.6525534027126847,-0.5697296714224589,0.21116389646212216,-0.3349739264028657,-0.6097625038282015,1.4107283397095245,0.008537815448972938,0.4171498168757039
255,255,0.3069519369915028,0.021586225539148837,-0.02901190779408315,-0.8958217323247423,0.15136337222817303,-0.639118271776869,-0.5896031453566017,-0.10681177428797492,-0.5182440875480367,-0.41863046390911585,-0.7442702959645577,-0.5455941442838179,0.352041085523942,-0.3662071505473277,-0.8212862814691676,0.4213197136362465,-0.523346619892641,0.23792305750053538
256,256,-0.08193323852839762,-0.6034919760937061,-0.24418927305905527,-0.6520851740897483,-0.4376078727315325,-0.5127733219053449,-1.0012920925907784,-0.3438020654719612,-0.3117548395118666,-0.795493023818575,-1.156266883212223,-0.3407677516774874,-0.027064040777974946,-0.27232035482488104,-1.433257626285144,-0.9953017466292811,-0.6444983908091301,-0.4063581793791995
257,257,-1.2060589286563301,-0.2676003419222561,-0.5718019953165551,-0.9717051976767445,-0.7350892559446691,-1.591895967045009,-0.7304560121902219,-0.5584517884770865,-1.4186002964705453,-0.9518943927575146,-0.736590998322181,-0.2930239959730092,-0.6486140790170419,-0.20354416141932272,-1.3843600433772478,-0.36225840530385905,-0.44602802812561115,-0.31505523018404225
258,258,-1.0095239239404685,-0.7832040112081993,0.5955383678041785,-0.6403122475709938,-0.31612560292503533,-1.469763358909419,-0.48543891102143955,-0.43250855018584017,-0.8465863975242045,-0.9388713302213825,-0.9413695520923989,-0.5345135715387833,-0.5725832412628702,-0.07953018415921746,-1.26533343408715,-1.0499334839495145,-0.5105445423433159,-0.4111139751478697
259,259,1.779569415478659,0.5263367456073598,1.4150847074338964,0.6359765808860306,0.03363023282099578,-0.5660557994649511,-0.1456810099807185,1.5344348793664113,-0.16101102271924683,-0.5966985705530099,-1.2097446696967433,-0.3537768494487653,2.2276364509474207,-0.19293041722666537,-0.8142444572033679,0.5564530949541965,0.2018561652055135,0.08672714559208118
260,260,-1.0049844849066742,-0.1489260425122693,-0.10504199630055754,-1.2561660497133902,-0.929105743465605,-1.3898910146622656,-0.8254685996769872,-0.7782865262688182,-0.7755975111350779,-0.7186453150390302,-1.1692719650438121,-0.4199971093080216,-0.5307305197805963,-0.184549961112045,-0.972088698255917,-0.20523067956616406,-0.024692366803043344,-0.40759205072110277
261,261,-0.20525169661177844,-0.8429424551282183,0.4395323234995928,-1.3138094439578212,-0.5257560816172994,-0.5498901734471436,-0.5520261861007631,-0.4220147055636778,-0.8603276411560838,-0.6146064669051463,-0.9166860521155402,-0.42329941890533845,-0.8989597041986988,-0.5672162304279385,-1.2914984716963918,-1.3067758913721605,-0.26453554120800526,0.08685661447085802
263,263,0.5516059118946922,1.5119876436271287,1.1319563831150279,1.4473785163267097,0.13224356912336407,1.9491719812562383,0.3124917428422545,0.5969700079658518,0.37908450388276743,-0.4687794709307939,-0.8170703530165772,0.8783691464044551,0.40817933329054507,-0.06467549213731576,1.9761979606622193,1.5773794429784742,1.6378285031380706,-0.2507566543652155
264,264,-0.9626417681751895,0.10067691044962232,-0.6356652014623919,-0.4600902142896897,-0.45528315227012006,-1.0491863940075623,-0.6545681915350975,-0.8571646574055937,-0.006491051099074184,-0.515065707518921,-0.23155753941812027,-0.23252414364160004,-0.06361504107860377,-0.028028758374802173,0.4795757309359187,0.22065361897842928,-0.18140776196052405,-0.4946983300007881
265,265,-1.0499155151304,-0.6391930893765171,-0.30959502848910914,-0.5400637099769893,-1.0171301518303972,-1.3680205342142058,-0.9041934662389056,-0.9566905462269386,-0.5756186651142957,-0.7563240584884431,-0.87293908803967,-0.3018101189544919,-0.3796544273381783,-0.31059877855405826,0.08709675270117256,-0.9709504925615157,-0.4121825624595286,-0.5527463406980357
266,266,-0.29914608943995935,-0.34987255264070494,-0.8090952463812744,0.5642874424551528,0.49471029094096586,0.7268934427980511,-0.3282562958325912,-0.26296214836252757,-0.5597911001046215,0.034527621090901905,0.5655956195686114,-0.16543616495622984,0.019755075038224167,0.2888915852062438,-0.20202235176212913,-0.475632119170361,-0.003821160931604478,-0.3264211672186211
267,267,-0.20490741652769293,-0.7712817762613514,-1.1031536643927489,-0.14144050268463523,-0.3282789556013437,0.07528157671737587,-0.4303971132837824,-0.2320412711366339,-0.6649074903358856,-0.10088995916661683,-0.23184547561417576,-0.5114041203076556,-0.48924673482059183,0.24793800255570062,-0.18186802979906502,-0.068031689484395,-0.3194667836582836,-0.2925299367231993
268,268,-0.09154691671960637,-0.6740779288390516,-1.1906332743133488,-0.327600331711305,-0.5411179019822248,-0.24114924421143827,-0.2598192157441241,-0.37549575052155365,-0.5658348382030658,-0.12171124561230844,0.17319844019604083,-0.390985025941295,-0.35473744620709713,0.6117533425824693,-0.0840933154848061,-0.2697137837354342,-0.4164382637250999,-0.5168127642195391
270,270,0.034236664560700444,-0.32316669015939736,-0.729365073493224,-0.22381918770014356,-0.21075920185709934,0.7203764145799394,-0.10095041309115302,0.3748742546229174,-0.49776625467079966,0.20751870722970198,0.4306728260336365,-0.4610025519922448,-0.5040012907458573,0.41096396424977233,-0.018527834787386607,-0.09886710714636217,0.26673691678627304,-0.06945967719237224
271,271,0.23273595691898452,-0.46650812146879694,-0.7329172439386438,-0.019115003038019596,-0.029579098988070113,0.6278089861937679,-0.3313483905063094,-0.17115628220892365,-0.29035002891838524,0.2131093415223026,0.8858221476185916,-0.5566500900135046,-0.5069695809268726,0.18034836810467963,0.243503836283566,-0.4425253120953353,-0.1388652767679366,-0.20625342319873116
272,272,-0.3317079000074991,-0.4947573848899744,-0.9225000119475305,0.6855289137381533,0.49722024788332514,0.7511464067153164,-0.329442075908503,-0.22631030320944417,-0.5700840806610576,0.02068153171898615,0.49768353926898345,-0.16868490779088535,0.008402160618569656,0.2158971181329827,-0.13362348951891975,-0.4402677144301314,-0.03477073168301211,-0.3179179092385428
273,273,0.7688468393491662,1.6176857836793745,1.586751605699234,0.6085394487102005,0.39319395065368895,0.3584435000403168,0.6392660866976897,0.8287467941872206,0.31141095528471835,0.5589354999407613,0.5128591785118353,0.48418113417048136,0.9657084300747507,0.5272112271933858,0.7891836618073588,1.1912224753076868,0.3529717729436763,0.28963458503616607
274,274,0.7441180420467216,2.825570919986841,3.576261019851205,3.1696176367985562,1.1705959158548513,1.0508717297272911,1.0292672456962129,3.360675412149647,3.421750981833493,0.9207425189673145,1.1553526666730485,1.3975598822126265,4.755056261158207,0.8065576971777877,1.6851311722168318,2.944043130689563,1.1435541461225796,0.3260621587244323
275,275,1.6424626263986264,1.1230983074452667,1.6658624625458165,1.0578599909419257,2.4884637863965025,0.33344777246641516,1.751085515515586,3.257689725613526,1.4172982971387966,0.8064194242589616,0.6606015574501921,2.837358597049911,1.1468236563175715,1.5376550834810727,0.7696096517143276,1.1719316868668652,-0.010347870329175102,0.6274824743410666
276,276,0.5050344154649238,1.6455857631427397,1.2258038548249075,1.0456027827365388,0.9098744607310887,0.5440096080074373,0.9015597275268937,2.3395514546670064,2.5074724421144365,0.3418719718486232,0.858086290113291,0.33084211963469734,2.6924084936132324,0.795177993916692,1.2443084997138822,2.0528519506864824,0.7746476302918032,0.06687969721466765
277,277,-0.19341734609750796,1.0112026596115788,-1.264426403340292,-0.8041491075804597,1.055723318265203,-0.3219854365136582,-0.01647416347940917,-0.9827037599722079,-0.35097355533349067,0.3903465438619729,-0.11565059669622174,0.029973661473308905,-0.05004580881419149,0.12357821679336585,0.7889258615673578,-0.06085093013376694,-0.616778042806205,-0.36085861382628726
278,278,-0.7009678751709756,-0.38500750877580076,-1.5852769800968185,-0.9747358331912364,-0.7401469757504893,-1.127141088750142,-0.7678873310740456,-1.1890447436666238,-1.1164258189934506,-0.4042986066756629,-0.625852033049596,-0.43501311592489167,-0.4776003980593401,-0.11654750924181302,0.1264313120537705,-1.351585921476888,-0.8751049712886604,-0.5093810534266202
280,280,-0.5041840804080719,0.9909155462437134,-0.011493676080467967,-0.09281036864801694,0.47081411644524584,-0.09018397653642328,-0.355973854563919,-1.242726975804682,0.14055746660540458,0.17784463638150214,-0.07384510882051552,0.23845083404798864,-0.3543414772542273,0.48676762073194163,0.8367386097777382,-0.582690873378275,0.42409352455075766,-0.1788489581639089
281,281,0.8427597206122789,1.0920878013888562,1.0352052804156557,-0.7037760557667374,1.1288616527704964,0.2527231510780979,1.863741469746523,-0.16894147580922972,0.5475244080377378,-0.060681258566836156,0.9947277906330768,1.161213508852068,0.5378988383153205,1.4141202086701092,1.9811061026200008,-0.45246687871844243,-0.6371038435013715,0.05499534130801506
282,282,-0.18208639173167057,0.7817800192131371,0.48398641466182113,-0.18873231069549817,0.27311166901020245,0.1723770358033151,1.4045253685390497,-0.5684605198868279,0.2773365074575445,0.224066217295378,-0.2649599084449351,-0.04071405047640073,-0.42080165926742963,0.41129843181234443,-0.057084342144839095,-1.070335318560664,-0.6437630228614553,-0.30233492382712723
284,284,-0.02202187659946494,0.061991983345455345,1.654172631025055,-0.2490335565595774,0.30949724587352706,-0.004433260424473753,1.9219192851170277,-0.12171435682596192,1.8059839629663503,0.10868611798847402,0.3222062387135926,0.39132111609331366,0.2578974231482952,0.761380780740705,0.7245117124513093,-0.6048980017977972,-0.3886865369238687,-0.1570605461596739
285,285,0.12784976673099593,0.5774150638861967,-0.31746592723897415,0.09929212552412532,0.5676976042134149,0.5185506890119918,-0.4701632972066551,-0.5552228905679369,0.5327625502044202,-0.18373272976581598,0.6223201640583661,0.41462353508217537,0.508340650766826,0.7481452666690338,0.28656189809893623,2.518702289835535,-0.20144680663843134,-0.0805903331136168
286,286,-0.11807281999134289,-0.18269081411810398,-0.6570007614768675,-0.21491436287458104,-0.08570054378628779,-0.48563473644008787,-0.6483549316525967,-0.9897041896633314,-0.29680786664186626,-0.25276666469676945,-0.2588356055285374,-0.39795055127977685,-0.1308657994386188,0.13396603991701844,-0.17034838084538229,-0.2916628797823285,-0.1976727813208712,-0.40082901063683596
287,287,0.6730100508694826,0.878586559848014,0.448391906684007,0.3571943072295712,0.5164851502766693,0.44320008538053784,0.3354516657499344,0.3329728707705053,0.1384606353553044,0.12259331471362825,0.240183588615363,0.3666607093542205,1.1497843450599523,0.7069913901565298,1.1894715833052696,1.4929833343710162,-0.6884434069253952,-0.11509004832963408
289,289,1.5304166949437672,0.548175113549544,0.35652485406157364,0.28129493676953155,0.2704349287808284,0.21603261315745942,1.6943944600329566,1.140966043768091,1.9676493584891936,0.17739260118012598,0.5783900097567936,0.637985180707554,0.2541615904436515,0.5284821037459099,0.4863947678416731,-0.22361264352764745,-0.11336614277627904,-0.06218267841616605
290,290,0.7338819748254912,0.42690274169957954,1.5191987053488962,0.7873897664614739,0.8326505963640765,1.5833055546957544,1.4892145119956448,0.8414362641893695,2.084505388442844,0.12980462638476065,0.3684201642845922,0.13518535401083892,0.10401445526215333,1.325038780807815,0.8197819102233044,-0.6078082334962135,-0.39719757559877417,-0.127717448058358
291,291,1.3307788609112863,0.1717025326977029,-0.0494680523560617,0.47075547885532815,1.2865294319577152,-0.21008840971081702,1.6204236001696826,0.37600465779968184,0.9653881343978535,0.3362365263244366,0.1450816093704048,0.2944571681481221,0.08229076597817468,0.36039556666883427,0.7003110820679533,-0.5476438115925608,-0.422429324888147,0.25364614187116974
292,292,-0.12185687281203451,1.5904077049270866,-0.7378261478684267,0.3615490784980869,0.12898609285984403,0.998755802331187,1.1099362683048863,0.10440514802737161,1.448754514051475,0.18218751095082264,-0.5288635609717375,-0.10646609274906967,-0.3947805088249262,0.5114674084766241,0.08558253583475421,0.0068618749427520765,-0.4877000269047378,-0.19501052056276189
294,294,0.017202117621196642,0.39417140179939153,0.3839526454327157,0.6708149400102439,0.23017520335362257,-0.2363016931413254,0.07950227325995513,-0.21548004656016054,-0.09582975217832906,0.036570466712972705,-0.021974781868618523,-0.6436271667341218,-0.1260493231993784,0.15227916270759717,-0.2968680747107018,0.048014921113482475,-0.6008811698594745,-0.3135404911555774
296,296,0.1689972553900416,0.07085696758027776,1.2808483728919302,0.1487944206030056,0.13302492337896898,0.5210413290180477,0.5638450756632851,-0.06059048358435026,0.6195957215782644,0.10395932110308183,0.0906932248715419,0.24113340221463073,0.19644548236768003,0.28359874395629847,0.62903831936638,1.0023535533318588,-0.11685929409128963,-0.016850776269598997
297,297,-0.01803026387865577,1.6087640685248532,0.6002098666084125,0.7790623944070986,0.4330006476836052,-0.17638707157190714,0.32556719091298947,-0.660700662835166,1.4755442765468654,0.04316849829149118,1.209991892021719,0.14960420283001433,0.24953903220318266,0.4155070461657812,0.7793799289916119,0.9950580840247782,-0.0965333957845127,0.26294418301371325
298,298,0.19016796255007762,2.3064384000730227,1.0473936127487737,0.7426522957632083,0.9376487854772013,0.32939285583441047,1.6010716003269663,-0.7730775075022142,1.4665085552653034,0.1692750682112703,1.7631209371976413,-0.2271111117014459,0.5234316459319494,0.5381879995407681,0.012756486722293226,0.022818048170892596,0.09425543228157524,0.413686704374277
299,299,0.4096769397751396,1.8937354942584879,0.06746552218622102,0.5742166898571788,1.976766673075861,0.10465181952474681,1.5449984239239118,-1.1831549971311541,0.8762455143654055,0.2520746526388795,1.6874366946747903,0.6258141955310489,1.256666973649971,0.43113984879649736,-0.09221363413862191,0.745016687761743,-0.3340462636710677,0.41623727285835543
300,300,-0.21289227307067157,1.88442578117667,1.4096280694598093,1.0258575117535689,0.5157846118454454,-0.10323541688868561,1.3906705937453665,-0.8537864266842133,1.412233585151222,0.09517902879984934,1.1003554194901013,-0.1578400117750834,1.337235582685969,0.23442118763802797,0.03273377419601268,-0.5437410706236376,-0.4639821059591495,0.49107487613273815
302,302,0.6744828538426002,-0.07888984816325931,1.0055609553333038,-0.19455406913412016,0.4589649915078775,-0.21005446417958515,0.3683259498420507,0.24952384521436846,0.8150033483166075,0.22508047581180202,0.49620207382717507,-0.3429342702216702,0.2743905689798168,0.5188874227793219,0.7980216892764501,0.5536216638708256,-0.7120971132669883,0.002810024771985371
303,303,0.5390612372341513,0.4128260301525487,0.46884927438894225,0.1942938428903313,0.7484895028778685,0.9797174218380644,0.8488409733390754,0.39629784247435623,0.1446836143180806,0.4066652619389497,0.39216202015724,0.0775844546708866,0.21684820000508895,1.4737921515746994,1.4293188111540143,0.6991863682637579,-0.4052105794111559,0.30457520258835835
304,304,0.7981351916628289,0.7005521994865352,1.0818035247549926,2.455644174034625,0.4469873377149948,0.8194676590113739,1.1977873804256935,1.5611370966158953,1.2267899024166065,0.6990934318680053,1.097187852357032,0.044077386235480284,1.213145386662982,0.5359753998240283,2.48703960282871,2.5186560009722774,-0.4117277414727033,0.463378248865199
305,305,0.3380266118274516,1.0808445414068142,0.06571758926243024,1.0215418239708838,0.9172223240480519,1.3625351570491857,1.0785389644917849,0.34768784707472455,1.234560652098294,0.764196595147723,1.2442648693499658,2.7020008115955645,0.7434112023951513,1.9774864601214377,0.8130922075714673,1.128186605363532,-0.29131284375541605,0.4617708865157354
306,306,0.1860388141642883,0.4959601592044084,-0.13874182450203992,0.669261866938962,0.5151116164295232,0.6584440343922521,0.20086533905204654,-0.1283690060494849,0.31151989065687635,-0.18236919553381944,0.5031963513472842,1.4009301915484917,0.7494512519125676,0.2433895564092436,1.2609570880367706,-0.2395118417712803,0.15095877815569003,-0.054461449135836705
307,307,1.0268064193243085,1.1192915197790583,1.0334775140462973,0.4774917944986852,1.144922230543249,1.635645384986075,1.4041908527579456,1.9266316391781324,1.1967258652972703,0.5881521198693302,1.830621586058172,2.7858288879147173,0.48888139641561706,1.4564348788231931,1.8578600035869999,0.5558862607195514,-0.1958361985405227,1.0129728445201844
308,308,0.6269355906897778,1.8195639823813021,0.9968400473596327,0.302528274665199,0.11277887087194484,0.5658650255998403,0.1630591237505074,0.3793075289273673,0.29044508217143344,0.24251563528422673,0.5402327301586374,0.7131302235622236,1.0981139933535866,0.44091370381979716,1.4730602408059914,1.076973497623058,0.06918911761923043,0.11227437134621258
309,309,-0.4335179618777585,-0.28174749192495907,-0.3489717814469538,0.16592315144492428,-0.6915325350629877,0.2529066959737678,-0.6719212397365272,-0.5695317503730764,-0.22754254173593394,-0.16521366645987007,-0.43396380445346616,-0.2504467069113562,-0.14432621784840444,-0.22407266286542207,-0.5070804435239054,-0.19538173733960282,0.4805594215316882,-0.11561277091580785
310,310,-0.3074240204040991,-0.2513805275686298,-0.21390396616949692,0.013814063362497865,-0.6781027536809899,-0.6354640010900199,-0.590760510434166,-0.6679585524597593,-0.4355876722343686,-0.10124226289041624,-0.20584011451261128,-0.3139167296643801,-0.39076797352899456,-0.08032339753455563,0.0190347453864503,0.27005003793738763,0.42430516796805395,0.05658522252525514
311,311,-0.21099838235177928,-0.15654257165427057,-0.31965876204678384,0.14041677106702194,0.38682031575182674,-0.550346382706398,-0.6761428698129666,-0.5868577903435068,-0.16860384176796808,0.26162123148567207,-0.3820330712762586,-0.1140760803443475,0.20897254148290567,0.006505611844181613,-0.3460415476405091,-0.214757002416608,-0.2437843506962654,-0.22297884650970148
312,312,-0.04525905659180023,0.4496649446581009,0.38797945333507694,0.3996561412148316,-0.3882632275338044,-0.8411623356727429,-0.671376653813354,-0.40404909853870935,0.014190932017571604,0.11125296297805957,0.28013295888654255,0.35025508785393644,0.3051160855228478,0.08648471662481598,-0.03635322283164499,0.9796143651987912,0.020946271626462804,-0.16889181087640084
313,313,0.8126785994723328,0.12053711525033124,-1.6434281785084652,-1.4717177174950329,-0.08894082259577006,-0.39765718605274136,0.20728877144612376,-1.7812795750203714,-1.4607977368659975,2.58633702965336,1.4338169989437148,-0.4178989227526948,-1.0106600916916217,-0.2540086524932152,0.5362859254163368,-0.9706282132120543,-1.518666646417026,0.12272648275771608
314,314,0.864353450950909,-0.13424002913884303,-1.6434281785084652,-1.0736625435737717,1.3108080249643486,1.6801186037857438,1.2553770557485036,0.6885663928812463,-1.4568596564634615,0.9690372927190776,0.7839689904020686,0.39623224304384086,-0.1998608015762212,0.8300670542349937,0.3123327119563378,-0.5352617949175992,-1.324482680076327,0.1936621751444967
316,316,0.5292484299950337,0.15116150198793327,-0.04789783612486616,-0.9521994412049586,0.14220610575595516,-0.4096688804741134,-0.27092737609818784,1.1798994428294107,0.649838450880719,0.19691538779696036,0.5834547561778978,0.04004960196471288,0.32197680997976463,-0.03674888016322338,-0.19662659067536434,-0.15230968067059067,-0.192195201517511,0.1452043382791868
318,318,1.9251669391132293,0.2310733981054004,-1.6247901760158374,-0.8891536157535682,0.3231354955578225,1.3748870716071342,1.454028930459962,-0.7403962945907967,-1.2184335342189498,1.1307226157916195,1.8582027746458596,0.9490437282510845,0.4102914421148728,0.765112118933201,-0.3130069981809787,-0.1795824722735492,-1.1390909500548083,0.8381336392832075
319,319,-0.6931944632419801,-0.4716610042196703,-0.588454569043803,-0.6575354899363441,-0.8492061275594993,-1.0551064046093508,-0.887025590986596,-0.836298309042072,-0.7498963067064781,-0.6025085844580018,-0.5233256443154307,-0.6444531571948355,-0.4186677331556053,-0.5045267086268874,-0.6554879394707214,-0.5153255875555998,-0.5039084627502208,-0.5772282806001001
320,320,-0.2870425636679971,-0.38946919190345164,0.3879361884377866,0.8749094949232867,-0.8396385947150111,-0.9816098402641902,-0.6371116143318841,-0.5683566660126979,0.11551972183876753,-0.6946047380313177,-0.2998830441622447,-0.3622094710675315,-0.23488221750043528,-0.10256753958053962,-0.42221693585716014,0.049368304611719406,0.7485307777935835,-0.5642467173040091
321,321,0.3985391217489715,0.22240828844868493,-0.34676676334506623,-0.9197767535030603,0.28732606637937114,1.3754859334909988,1.4151428676327626,-0.24085357713818178,-0.2521608917848802,0.7341550925595761,0.1563807835954658,0.2764028158851997,0.18248343781083284,0.49228536747216,-0.22631700531836618,-0.3900741061126185,-0.4002214454831956,0.10209826982523432
322,322,1.6214496596234589,0.8447428591667081,-1.6045734351811598,-1.0587287946309727,1.7541865105585301,2.1768156815638964,4.470780531291064,0.9390853812698904,-1.3227070879749983,0.5790781813513814,1.9826421889599941,1.0948023842869272,-0.20034717971960125,0.7690356771279923,0.4171291160452227,-0.6858706521894485,-0.5168897691227645,1.4100104926258175
323,323,-0.33451670090707764,-0.3859732955631369,-0.4399998002395327,0.2268617247037997,-0.9064558252212817,-1.0879451459902627,-0.605515733962711,0.05301851065227008,-0.2558984100229304,-0.631944530232869,-0.43068622571069937,-0.5294301490871812,-0.37528655843558634,-0.24859107402626127,-0.5590150549955195,-0.22629152769975916,1.2451669197944804,-0.5190020570527948
324,324,-0.4518354919944734,-0.01684642027747368,-0.3032489695486402,-0.057904988546424035,-0.2874170127572471,-0.5828927302780705,-0.2663849110375072,-0.5969775908605005,0.45867174354748186,-0.08258403499260322,0.23932168725367667,-0.4891118164835871,-0.12354375507974895,-0.4244965141208048,0.03910419460054318,0.7186335816861894,0.12658767302030996,-0.2179380926425136
325,325,-0.4650495081293684,-0.36105451585071835,0.08127266256453024,-0.3150371640542188,-0.6099875704518474,-0.12737517728468545,-0.6694280768303383,0.36928821654786564,0.12623574635221124,-0.4305663807194728,-0.42159194269952277,-0.5760682584230407,-0.14969602499916485,-0.3449737812175814,-0.33464369541239153,0.3702971802470115,0.7608583493128334,-0.37819398849414304
326,326,0.19426367641989445,-0.4959027886889426,-1.6045776742025697,-0.9814430134006781,0.41017923530168937,0.7294798589136078,0.6404219764459964,-0.1358242750610708,-1.2901301928976932,0.4364407893637255,0.5990505775764384,0.34668441557178137,-0.4861827140093134,-0.025418793715979222,-0.3971269999517383,-0.5857444889143425,-1.4245772652475428,0.253898773981627
327,327,-0.4830345057720776,-0.5212979625812816,-0.7322088489913702,-0.25079308784279314,-1.0233428315594892,-1.2486895239654283,-0.5503396407408637,-0.03975299279445505,-0.3741494530972272,-0.4291894884644003,-0.5425511000748572,-0.7810852421282589,-0.49612775951207183,-0.47941136405549367,-0.6311102112873636,-0.4840968247316683,-0.1827089894577175,-0.4900032083366274
328,328,-0.17184644351597067,-0.022394624439403307,1.343482947267238,-0.35087348551215913,-0.22409971854977495,-0.5365479949509081,0.19280574996349806,-0.19226823792629277,0.019109180023740183,-0.1992154339746058,0.14397342553989065,-0.09652239841993479,0.38899365027467037,-0.0046258282885539665,-0.029592036442583985,0.8491260457893385,-0.3046621119132295,0.00765800820965856
329,329,-0.5268194703759125,-0.38842077505049405,-0.44978131789723264,-0.17405864234852603,-0.559318675575382,-0.682755822835174,-0.16985862619769126,0.1593565782910846,-0.09008500374930017,-0.3525367801313054,-0.3585307600597145,-0.5337585594644415,-0.4090380117844547,-0.2853294352960216,-0.5009014304031499,-0.3004497287490033,-0.08989137474028712,-0.40328684597919034
330,330,0.1730842063702221,0.1449103673584687,-0.4823323255749915,-0.919366589650553,1.0302379971650766,1.3924526698868964,1.3845252539120823,2.3019240877888265,1.711965670560551,-0.13150235571560337,0.2683415398881797,0.29859132884565454,-0.18883557871087336,0.4161105109084649,0.2788448601620236,-0.23067094631182283,1.205261889208186,0.5596264415858544
331,331,-0.6753019308199036,-0.44885451923441966,-0.5177188910201578,-0.15692632811638377,-0.7920361401819324,-1.0309900656953597,-0.6375040706676974,-0.15195124165140386,-0.5221249429433872,-0.3575832427248059,-0.4323061546233679,-0.6248701784911415,-0.5653877234454237,-0.3121264788452859,-0.5362588140069801,-0.3796779339028888,-0.20222148905059964,-0.5493363334553044
332,332,-0.6589858947759889,-0.062105356343851864,0.5078190425969947,1.6613394749412604,-0.1019556136440791,-0.37397026251042476,-0.05529598887925721,0.57807833393125,0.18669415280690224,-0.5118284993310732,-0.14654550774764388,0.3238294663173834,-0.1239179803659702,0.09577280515322076,-0.06759847867822266,1.3574647528251174,-0.011959813392085097,-0.24572628778716812
333,333,-0.8269903139605432,-0.22433176963934967,-0.8586358719252667,-0.11976399349600955,-0.8687068557235376,-0.9954311360227401,-0.9393648075276807,-0.27496692246591875,-0.6389142671547964,-0.6813756245210417,-0.42550803234206497,-0.6052130427276466,-0.4763339375717945,-0.4264578930063706,-0.52980430715927,-0.5093837248310151,-1.1416343488129124,-0.5641214667557886
334,334,0.22181762273087627,-0.21864267463327985,-1.4465244645838797,-0.2740245800641463,0.7405234499406532,0.4876249942523336,0.05713048302418181,-0.3098933777717388,-1.1051798977403167,0.7136040937011263,0.46555913558453094,-0.24825013626852455,-0.549124084097359,0.1330834610349663,0.11476721668185236,-0.5749729761778519,-1.3127591223708042,0.5019638188648016
335,335,-0.3769245440886041,-0.3662857906360192,-0.42622199828178914,-0.1651779364502781,-0.725514365498385,-0.9131975479022028,-0.718171289857041,-0.969616925798234,-0.2635458926207798,-0.48172016983890403,-0.40018950068452497,-0.5795400039124065,-0.39846803309328105,-0.45266364472763987,-0.38976261811310836,-0.19360288949067614,0.2772177817956052,-0.31901265264790957
336,336,-0.09491390324934784,-0.2031438081965618,-0.03914916571562561,0.05002267954965975,-0.855823039236813,-0.3829076537664755,-0.34411641394490466,-0.7989211065508256,-0.31430604867561435,-0.29795654603405686,-0.24193735351107845,-0.5788144951601935,-0.1799619139581363,-0.2847514181830063,-0.2766878449196863,-0.30757442284027314,0.8503974983307334,-0.3239161621708962
338,338,0.7451049443104092,0.39695690104894515,0.19130379523302754,0.16680687958724388,-0.359932484331851,-0.5546466666218819,0.3784060340183861,0.8828951824161513,-0.10894578168494033,-0.05565249292907138,-0.27276987658841445,-0.4180578780864968,-0.11790057167770683,-0.033093143703684824,-0.32181296143266064,0.40490862978958675,1.232391113907975,-0.4388363482472446
339,339,-0.40137241015961733,0.04689357089852525,0.2886067924663808,0.6195353901824845,-0.44762581833579707,-0.914056525112279,-0.6155252311222832,-0.26930749935913895,-0.09062176944101816,-0.23402560295265135,-0.3749332714080093,-0.03387036119792534,-0.16171528846229255,-0.09935900059240771,-0.1426038126710439,1.0072353193650565,1.673208474726696,-0.49058470746238847
340,340,-0.6381901933541513,-0.1229511814570113,-0.5983632737078184,-0.5355601014567934,-0.5865986326153441,-0.6376226111338913,-0.6310933391571584,-0.876721723638171,-0.29565954003299705,-0.4699668317928511,-0.24470677544909497,-0.5128093211255216,-0.2815995375721291,-0.28977461991778064,-0.4595917837291477,-0.29965553995862554,-0.9043573238964465,-0.546327641228533
341,341,-0.13307857960268388,-0.004438465692658608,0.19807114522629896,1.1731873938322281,0.11604011336093416,-0.20861234264240563,-0.13296283360174105,0.5095222793600053,0.27476559887892704,-0.1665465216592789,-0.06641422128787351,-0.3215169546918317,0.22930532559992134,-0.040714092241564,-0.004681498637638092,0.18788065389384004,-0.297586784932467,-0.1530470217967606
342,342,-0.02902098689671068,0.04251182127667932,0.16619089853430083,3.589259226180051,-0.2679999458821339,0.13593583173155568,-0.3762593661461321,1.6837173812497983,1.0870899853064588,-0.20636058964311219,-0.2043260210962126,-0.7620029431314912,-0.12669554717412615,-0.3075714725486606,-0.45112927469026554,-0.15218465575832452,1.2462316868385241,-0.32074251656676095
343,343,-0.2260028620904027,0.04950722100736552,0.5100576954715482,0.30926204940139457,-0.045784122586960595,-0.22103805179829952,-0.23929111233360606,0.07167499305246226,0.2055934099143191,-0.2979290230308123,-0.08210381744487417,-0.4185102786676057,0.031080619872105673,-0.06497295259524999,-0.13405170406240216,-0.031017327331751852,-0.6446355033904786,-0.23045867501838826
344,344,-0.09315485732111572,0.09279369288825176,0.47642406054947045,0.7701511481857225,-0.15145987033258873,0.07219453736335157,0.19358901876185883,0.12716057392817656,1.1260190297121324,0.0015302501166877234,0.10159792790855729,0.1942804742285002,0.07126447684915581,0.22900747971241497,0.06004454150577277,0.022218626884595246,-0.5815322651055885,-0.07466737578129927
346,346,-0.2938787865148197,-0.08975672911005768,-0.4182220134645301,-0.394305287423213,-0.41379013474991627,-0.4654543444962643,-0.2948508989903202,-0.30252062302020954,-0.23652395887603136,-0.30884108802560356,-0.011376434844544488,-0.47022043387554097,-0.04912589695366956,-0.02534695206111889,-0.23245736488189644,-0.23693064368748232,-0.7721707907386169,-0.24074954922824335
347,347,0.9595798937336063,2.543729807038757,2.0930168921145937,0.4039668248532301,1.6093836786898592,1.1687708353431048,0.09010710341200208,0.06988246442971599,0.02892530620062563,3.467779019293332,3.635574394393336,2.1583911642492493,1.686449722931708,2.0270560670733206,1.8058669098900624,0.9681473397389833,0.600617684965893,2.71619036379536
348,348,1.911149051141841,3.1236029528193603,1.0818895272120157,-0.6837367470788359,1.7798521980726836,1.0534646269244587,0.8318748749010553,0.3439165778041991,-0.8725125140609857,5.651955097281725,4.3336933215261455,3.1111669734301564,1.2993014070889797,1.4092249893413396,1.7881583291278802,1.710596881507849,0.9620293247720637,3.997876189086041
349,349,0.21689438358807323,-0.2490955893013992,0.942618042299324,-0.07417003105032786,1.175307924321106,-0.026065114768070354,0.640372758361356,0.2564030798102929,0.6628969195601113,0.06087766843640055,-0.15605862972229265,-0.0729477093875896,0.028702155613025093,-0.1367303902906561,0.04938126593790599,-0.14632359259432523,0.14678976236194566,-0.24307694538941504
350,350,0.7276751754461508,2.7987395533002277,1.7938008407413555,-0.788428524937033,0.597932816501862,0.48353081872281967,0.4095612373170121,0.17947958012554063,-0.8834142832483135,3.8118997486028983,1.823831192450991,1.3149708188689713,1.8933269747059571,0.8137281150628681,1.741230763144846,0.8781146181178341,2.91309383293492,4.070740144878861
351,351,0.1787637516252298,-0.08490876570523727,-0.33080377844472614,-0.23091358440305632,-0.22804200522105958,-0.10694331447317426,-0.2693312607580215,-0.6052130256687366,-0.17673887748287728,0.12277384414469666,0.4009956670727524,-0.04162736505544009,0.14494410324255266,-0.0003802878033081318,-0.059520351352842754,-0.20883489321940318,-0.16924269379623064,0.13194672113926245
352,352,0.08636543752739011,0.03010495889623964,0.29875407638947876,0.15282285310594904,-0.4244196328016845,-0.05144122603566532,-0.11788639755769402,-0.28206256439735927,-0.008478364443681904,0.07959252504550568,0.313055434780354,-0.46585427807312496,0.1424034816443549,0.053451660552355375,-0.15670183289335707,-0.15827467150176014,0.1540946364130413,0.3493448826082909
353,353,-0.34155148745687386,0.012139268501970932,-0.4629000097373109,-0.4334566752396255,-0.556410171702677,-0.6642886750285927,-0.6262737382114881,-0.8102368648079096,-0.33340897934145364,-0.4136148818371177,-0.11953822845526609,-0.19283240221067696,-0.13130219124757922,-0.20957729077647275,-0.18344446882769852,-0.2203082161423482,-0.754622891830394,-0.2909317840735248
354,354,4.168400687526011,0.6200372356067704,-1.332885789030274,0.2166837412417494,0.9611617838183676,0.767059729330727,3.379367447029017,1.019673058651966,-0.6457576001354508,2.4571339766706104,1.7065129878999112,1.7665190142984954,0.7020706182739993,1.6744237931293506,1.9015343950259247,-0.1693454853082555,-1.253111199096313,2.6067535664792962
355,355,-0.14045261340242807,0.08677427129037499,0.0007194115808993076,0.048577289540725405,-0.27809114474507246,-0.14651508561495177,0.21167455420414608,-0.09683750967933338,-0.14695435972054122,0.4294242613204361,-0.014527953812411747,-0.2939759120452879,0.2682638487132511,-0.14304064811814968,-0.3137545055176027,-0.01636663759956962,0.6043253521255073,-0.21756052016748628
356,356,-0.24825916092074865,0.17223374947990616,1.0828943500172676,0.9937743296951109,0.16111778871302218,0.026874134614778087,-0.12029332199349017,0.09518619954989807,0.24556435757837633,-0.1999997605962391,0.1539920337955829,0.31689407807914444,0.17932811411554628,0.022041250422910094,0.24776043111688786,0.4403470398653738,1.4597928200128476,-0.15119408143763402
357,357,-0.3979310337633485,-0.21344410497822755,-0.6410126023759802,-0.660107843720839,-0.7464348866599381,-0.7926846661989502,-0.7415190467474554,-1.1416176792319292,-0.5395389082508716,-0.48060447432867015,-0.28071460433648737,-0.5019209913134011,-0.34401896712198254,-0.2343758159038613,-0.3215184965953148,-0.24743225389950035,-0.723415551505752,-0.3903946733261475
358,358,-0.2227118516246839,-0.1405808041573807,0.4823950556779534,-0.7571272302083378,-0.2885868810088579,-0.33887975302285567,-0.09955144864292959,1.1915181972275988,0.40329862758512325,-0.27735747604166017,-0.13557731243466367,0.00780486548477697,-0.05925471656445358,-0.13968352668242412,-0.4382981137263603,-0.04792224683116287,-0.3337232578982987,-0.10531972777012014
359,359,-0.06746272526965551,-0.1592621615740565,0.3227971567523245,0.07617554945686805,-0.11957104110971756,-0.3356852362724647,-0.05280931067599473,0.5069207968427496,-0.06869025055882108,-0.20799693800028668,-0.12189757929729857,-0.5543553056070485,-0.18065815537359226,-0.07730996008281073,0.1030635849373758,-0.32103325602104327,-0.7478891790103269,-0.23879892094879754
360,360,-0.3102207904587356,0.036746316188839015,0.573204746126875,1.1675565436283624,-0.05116111653048848,-0.4606991850850669,-0.3256183445698424,0.6335459441410969,1.0450527868524675,-0.37459020758320416,-0.18961837796011147,-0.4650882716529643,-0.20505129588935997,-0.08329572916370019,-0.2814444550358442,-0.18053613005236074,0.08492786329230335,-0.13307942360141206
361,361,-0.31300650937960844,0.12828570563238434,0.5163452595544868,0.18201197224331914,-0.09838578783591649,-0.4620941705655869,-0.26816172231533864,0.5028756957683692,1.3518921940703041,-0.21600583539676685,-0.041700967576226274,-0.23306141958522714,-0.1910164794689171,-0.013169754604314032,-0.00730626229819524,-0.034563836543204295,-0.3333713306801137,-0.26707795535188483
362,362,-0.43777779776617143,-0.2674162232992839,-0.694119469296256,-0.9321716224169724,-0.6990056371837459,-0.8387635000639998,-0.524602641402043,-0.47385440965146725,-0.4761664955543635,-0.35493610675081755,-0.22774957491329162,-0.6752248001077571,-0.38361161861134796,-0.31483106307672665,-0.5153861084953478,-0.4515635800444681,-1.5331211687264128,-0.43196664043586014
363,363,-0.44825783357781523,-0.3357829056667117,-0.747488113363227,-0.9723199402862222,-0.7192381222247684,-0.9308697413911348,-0.5167932972303261,-0.42913356999581986,-0.36302587800999386,-0.4261999115742483,-0.2638236337449892,-0.8145301651595666,-0.40174066558017235,-0.32056004380171593,-0.533531254752567,-0.46160527029954995,-1.6667486822526867,-0.49767214999524784
364,364,-0.7811813509497909,-0.733568448710555,1.0162266621579066,0.07890327988104631,0.05263508128532374,0.47723343220944503,-0.5087055295073971,0.05995980154832176,-0.10611035158702953,-1.286072611658265,-1.1500229163307867,-0.7619895999560299,-0.518751675932612,-0.5318667014095763,-0.4295245825446628,-0.7023266727946081,0.07493343768557385,-0.6887846909622396
365,365,-0.6016032400688972,-0.5590392715190009,0.3011372003668429,-0.04173258183796262,1.267253042384063,0.41651765586459893,0.31583762829192097,-0.01655958202334898,1.029848675621392,-0.27419908939908677,-0.6629011235247068,0.2532786161710766,-0.25298443099383594,-0.15508317720115827,0.005436167304144186,-0.5898874847904241,0.02175619248464375,0.012286479653636424
366,366,-1.4749530003137497,-0.9352365501711497,-0.768063237351199,0.3935809537296353,-0.6443239007029757,-0.8350005796473345,-0.9295314640657261,-0.36641181740043033,0.48659448668780136,-1.28581352597689,-1.1430691162991415,-0.9140592946419419,-0.939141231906791,-0.7756227323367181,-0.8023264428934128,-0.11220310295161172,0.7499024351093545,-0.7928584390009119
367,367,-0.29462552369700273,-1.0526721405450539,-0.17778770519289397,-0.7704377814348317,-0.14504324419756734,-0.41718488791807623,0.14901761714613282,-0.39065373702744904,-0.7225434677877125,-0.3735680439723908,-0.799762963069413,0.35918498579461755,-0.6486669817852644,-0.0012993806813265231,-0.6870438006411571,-1.0249400757969755,-0.7393986744060974,-0.3079577390454922
368,368,-0.31230714913597757,-0.022025394530884115,1.8917302874062092,0.6458287490872867,-0.549458898373761,-0.8192626134426824,-0.8422246421783554,0.7693127975271683,0.10090237542025125,-0.7030626582025904,-0.7664838360107044,-0.34619152196899156,-0.6293843579699226,-0.2871003179236153,-0.23510875542285353,0.2144693584744693,1.015118805568322,-0.7061894444942735
369,369,-1.3734679373583771,-0.9876638662228937,-0.9019663616718598,-0.06904912312576832,-1.3528698452905445,-1.4931531088619554,-1.3851844072626815,-1.0208833440472813,-0.12818166693704344,-0.7042477353007317,-0.9505482861859327,-0.7547959840357942,-0.9590230074583304,-0.8685107492963247,-0.5453017515124078,-0.9454077538400444,0.2603706758768949,-0.4581311280341197
370,370,-2.0867401124501064,-1.159710134718752,-1.421648793235379,-0.7654468227550535,-1.578506128957294,-1.7442009808304189,-1.6490495026563876,-1.151489290043232,-1.4258846297410013,-1.2528712613783528,-1.1876382412164461,-0.7974557993767267,-1.1260125421172356,-1.0435661966686063,-0.9672444197156324,-1.0257995312054489,-0.6597720835003394,-0.9974860288883248
371,371,0.0735753025569653,-0.1419905431132097,-0.4006942769969838,-0.206947272387504,0.7073099533704613,-0.42057039847905003,-0.069546411085465,-0.739138009952167,-0.1532062178654357,0.41840457306468126,-0.3357318284215211,1.439737622716912,0.3184757198989543,-0.31072584494892813,-0.09849403886017008,-0.20870402277655348,-0.3766525155641955,-0.031871003270525215
372,372,0.371716533976031,-0.46752630127818817,0.17152670340652867,0.02032788075747753,0.08099845129683839,0.04828570724704972,-0.18548534359940902,0.45479498638255933,0.5081151514717109,-0.12637453269174218,0.4753926903457113,1.556604722735471,-0.37540647353226086,0.5312999186017479,1.3400657407433578,0.39333534187555014,0.3963907392830214,0.2731255182868181
373,373,1.1188463805916562,0.6793387886745581,2.215177679530759,0.7388233343051559,1.2724247115550824,3.525870630122576,1.3318279873709513,-0.33024594850680183,1.4386565902518877,0.8869427038248305,0.32662117497452337,1.362843702736381,1.4605126511091318,0.27059921443971646,0.6115771068611316,0.3249437795714454,0.9127716853550538,0.7547392397470534
374,374,-0.7243354311721237,-0.2363101222109378,-0.17078771720899016,-0.3973959696876012,-0.47997258416536537,-0.4543677335763188,-0.43729644338661644,-1.1375907156624665,-0.30658039057373265,-0.35256371213471194,-0.2214983038674118,-0.1835618359798104,-0.17007025400592754,-0.4843300073852298,-0.25761955755275046,-0.38334012674981705,0.016751624953537464,-0.140140149432505
375,375,-0.6800175660549189,-0.483020024995669,-0.12313316258039403,-0.4601197396427587,-0.5761313261649934,-0.5082851644101634,-1.2231894023266,-1.1435610032697305,-0.4120519309418778,-0.6965196699842827,-0.20493988622388978,-0.27485933457883305,-0.3667802849541287,-0.4548839566273601,-0.3545844088920065,-0.5251054505278779,-0.8505143119507143,-0.0009198610205952476
376,376,-0.9532840445225292,-0.8307798374763851,-0.9191409227517686,-0.5715089031754672,-1.0140995028606044,-1.0285819886776613,-1.2381533874870336,-1.3245029179487513,-1.0023183785897678,-0.690361525264756,-0.5214305708563827,-0.8767059942389827,-0.5844474718222671,-0.6749866216362164,-0.6446938401708355,-0.5759395278281193,-0.6179638946864894,-0.654071193542974
377,377,-0.18499850653006727,-0.5118351506393481,-0.06620026488829306,0.4769998119207618,-0.1778115927038799,-0.41827384919685456,-0.3972777097281631,-0.6953240402201033,2.817161699639903,-0.4355916459602173,-0.7777590332414822,0.04380257202218615,-0.20498840155650336,-0.3266142070685518,-0.1278138445535691,0.7344019936686947,0.7995270639496662,-0.5584016765700001
380,380,1.3468860479253,1.5117112048135006,1.9604042799622423,1.0141314333406535,2.568925018177996,2.790332691760657,4.283840634339992,0.8851226617829084,1.54703328723268,-0.09190731549520617,0.0552769428524425,1.0082917055414058,0.031834244342301796,0.28374231445662573,0.8608868750710754,1.7821281448968829,2.1778635764313767,1.0503806360631598
381,381,-0.9703078052132013,-0.44363650322857745,-0.529181355001507,-0.3466240847288982,-0.8243210765014122,-0.676544792508473,-0.8617931372384156,-0.95709670447965,-0.5728156121297766,-0.6462277262872058,-0.7281521580228247,-0.5713770118928899,-0.5244620460903615,-0.5493859810732303,-0.45305429438205796,-0.6561653588920134,-0.3916294676130638,-0.5621689367975372
382,382,-1.1407146213703772,-0.5483136101913493,-0.7290001355497998,-0.48777461890013163,-1.0776141089915712,-0.971945612701066,-1.0468118528729646,-1.128241098268041,-0.5082074081069102,-0.7248169251696962,-0.6363457331577281,-0.5503460073266874,-0.6226365454316275,-0.587650727041607,-0.26411723620935434,-0.4513523924545134,-0.8109366817598059,-0.6464175916104915
383,383,1.7215550334954088,0.47409375422210714,1.4157595556180402,1.429974994229222,0.3702459793329218,1.3824809160594054,1.6988397381157612,0.33274345630543073,0.49980400834323896,-0.12221899669095578,0.2113861601217738,0.31309988762049007,0.4268235206398508,0.3989291907771827,0.3323921382644323,1.5465731199118624,0.5709038867688746,-0.03581184383338821
385,385,0.18648201404267237,0.8021547014370244,0.6879136979296394,2.2981096896887774,0.3717411014226415,0.597917626401654,0.02190666132956034,2.2816215099466874,2.423604533539276,-0.2437463113935691,-0.1962997349093358,-0.013260369442606033,0.27598784900872764,0.2268794537648786,0.639131176701756,1.030887909149664,1.8489203340081783,-0.17160357686433692
386,386,3.3103846473979477,0.11466969268542121,2.0867421230317387,1.005535531102922,2.178780051642526,1.9159934912629564,3.9570039055918045,4.630940201079187,3.1914472667830887,-0.3355480024760215,-0.26346362067530166,-0.20486212699384834,0.9019599697314157,0.532149584427102,0.43090234710290065,0.1097196313311316,1.3746543765314359,-0.03622965859862917
388,388,-0.9428027408135367,-0.5145602942950269,-0.6868452266166452,-0.7643845785875968,-0.9619364630945585,-0.8052653194498208,-0.9976419422809094,-1.1668014561342899,-0.5312703982497934,-0.6700990247251165,-0.5414747989382092,-0.5224394451027582,-0.5228528382454137,-0.4683731733139769,-0.350300652803804,-0.6360124271393339,-0.7478704444739774,-0.5799072532132741
389,389,0.01931590920769706,-0.17087707956833054,-0.6753342095872753,-0.6140523419528009,0.7683804685685031,0.866423635223739,1.4536183166541041,0.43236923995461946,-0.3183972539577155,0.33308437865832474,0.17476432643962764,0.9440016396048015,-0.32605604876911093,-0.1129019663772062,-0.2092439108333599,-0.554867572660473,-0.3536312234299961,0.5181886283571151
390,390,0.01641462714272856,-0.41652643527524424,0.2244346506203858,-0.36007322746349263,0.5609879003646859,0.6924860789110288,1.5847377826085511,0.6490848454398225,-0.20167233152996125,0.09687540725873899,-0.11446328028207198,0.4390899813671202,0.6866903376546728,-0.10850319962097732,-0.1624440341759624,-0.39530806279493025,-0.567717922500565,0.30862535859888895
393,393,1.4843667825703646,0.9416843100232474,-0.1178601459344046,-0.6347700612676034,4.080515060139228,2.3728023494340635,1.6417872032935044,-0.03468076214932837,0.6349629288680445,1.7517574389386739,1.1790919748910518,0.6705020249680095,0.5242851977291747,0.8196821016377707,-0.09621468216251688,-0.3870671718477958,-0.7487671514191072,0.8027817873788194
394,394,-0.5927706330689728,-0.34708912749183307,-0.7809318123341775,-0.6169007058536156,-0.44590649791679043,-0.25765356555428826,-1.0189031163116808,-0.256368645340567,-0.6575494646084098,-0.10474422209639674,0.06060276568748168,-0.20793215811536583,-0.6228350122459133,-0.2886770760906375,-0.4948170288140834,-0.708246414315665,-0.7630928880030177,-0.24798602895174757
395,395,-1.295884375300083,-0.8957005424973397,-0.9497601672341469,-0.7750055426669517,-1.319251323410138,-1.5281014083955486,-1.1495860381690628,-0.8393524350194957,-0.9261309640697131,-0.9160170822211388,-0.9386207629986741,-0.9360841423219755,-0.7181974911535498,-0.6193388428872185,-0.7961916591790402,-0.8023356660813269,-0.7560377581472831,-0.8883523973543888
396,396,-0.4134214645272277,-0.39577284696213055,-0.049539534731191937,-0.1675641506834847,-0.18799035680235002,-0.1627529264623577,-0.3891759785508737,-0.4198821982531735,-0.31503168043245894,-0.6781459706350028,-0.7865465367471135,-0.7624691728754766,-0.3725125843439678,-0.5967187693611569,-0.6099816747891625,-0.5349341186717098,-0.1893394639139933,-0.434451036857915
398,398,4.8473088998859755,7.759012767034431,6.446607429862166,4.65696716091142,5.662113475413688,4.7338313026267,0.6315611993662695,3.341577486317726,0.3444364817648863,2.9081418369335896,5.5065911959195715,6.428184428974651,8.833623798807599,8.33056415214984,9.962379607958054,8.084156611231398,4.471381785608401,2.905693748911371
399,399,1.1498913520325476,-0.04196082667042042,0.10488391376691257,0.17885907348305358,0.5866120278296325,1.694613002975414,0.6585806834718305,1.0116963783042954,1.2885945905158065,0.2662690954351457,-0.6047151661466634,-0.4165444735666427,-0.1334020136526766,-0.206799668875521,-0.010250305709620851,-0.04339544899727336,-0.10051589749035426,-0.0537341591167774
404,404,0.0234073075069315,1.4810463687436202,0.0906824039679133,0.7346071619557774,0.856979483748665,1.0900255642671648,0.7205902739397909,0.5897296981645835,0.4765209983042514,-0.05142493568318161,-0.2057622964207856,-0.5535818771717014,0.39573754678424183,-0.19218490080207698,-0.08400221832590274,-0.1512026274899363,0.40187081789840134,0.6780770982899953
405,405,-0.8412367480926842,-0.468945762377844,-0.7719346473096217,-0.5130832400001412,-0.7881762500866379,-0.8602553384936864,-0.8643761729382391,-0.7292047769021349,-0.7629390899686969,-0.5461066605801712,-0.32148295002372634,-0.0228828782886354,-0.5728632154917611,-0.4908029835474173,-0.5136552397096965,-0.6199336178403354,-0.9215344967179002,-0.48045822913146913
407,407,-0.021636190335754004,-0.35741931579013736,-0.20795138769348256,-0.13262660561153145,-0.12010914706461716,0.13628066960470614,0.12082414236424853,0.8787965819730267,1.1840859407194264,-0.31905105729353767,-0.325096410699766,-0.6682104815128741,-0.2617955777687985,-0.23149359471482472,-0.2819774385505654,0.003550431999703936,0.09601359460649271,-0.3782848483797072
408,408,-0.33788366313354873,-0.42304701386192756,-0.07243874634634614,0.4765754328688359,-0.4221197660829776,-0.8128520539267943,-0.2519635282396565,-0.345064171679901,-0.5601014676526833,-0.3538318668800102,-0.47611579017703937,-0.4582675245481396,-0.3286708928913576,-0.3621865191118037,-0.33896153049430644,-0.47794744110900744,0.26889305914889305,-0.38921981028832264
409,409,-0.3295985418880742,0.004939361272744585,0.4775378224353709,1.1143221723645558,-0.38120567152790563,0.17015735342794022,-0.4448546136472616,1.7595298511321376,1.3857588403404189,-0.6409879952218608,-0.4093981030039567,0.9424057810540696,-0.0879791966519877,-0.07298933570203496,-0.24431971761527915,-0.26627809206699893,-0.3924717567755509,-0.5757988165812534
410,410,0.15821767742406426,-0.3016255331206856,0.24527069633370543,-0.021573564264610677,-0.35901597296613785,0.5837912291492746,1.3008310906957072,1.978905729564306,2.501194463289357,0.13205486118934845,-0.4864855254418748,-0.5714345811709362,-0.43197962432856035,-0.14636290195764878,-0.2295627895739719,-0.5387026790938392,-0.17545479075759512,-0.39548785958525645
411,411,-0.8603541518594701,-0.07543712024777204,1.0012176732926328,0.22476656211619409,-0.7503237295809781,-0.11976806869049512,-0.8300589086748359,-0.6915327824810668,0.1240307606409802,-0.7401760170360949,-0.5706478596527534,-0.7583468787971843,0.152231857337914,-0.3803443820824018,-0.11485599388359245,0.31595438861265945,0.49381230635886375,-0.22976696272253
412,412,-0.9138965444427004,-0.5407572677109993,-0.7209179239643083,-0.6441793879700685,-0.8460221767523617,-1.0915503121575896,-1.0660364128085722,-0.6197295032277579,-0.8155554276209586,-0.8176865552036466,-0.5267450831847369,-0.5645594225118267,-0.5962675480265263,-0.5144516310755333,-0.17260931366351148,-0.5590734880235979,-0.48503916966397576,-0.5815122095975045
413,413,-0.7895253176992375,-0.44426118920500896,-1.1046685882503502,-1.041269206020422,-0.736838002483602,-1.0230667812447645,-0.98424387382659,-0.7095068045604171,-0.922966846618809,-0.7031458730578631,-0.577040912183438,-0.4901595826153693,-0.4214495231379231,-0.610310065881093,-0.6059065516730687,-0.6774944649527574,-0.8709768758651838,-0.6700773845407331
414,414,0.6001420376011378,0.22167890312333344,-0.4017108409800714,0.21563049402844459,0.4702720699519687,0.44444253259145516,0.2672925590694534,1.1320560659279535,0.42606396313101164,1.0464193167862001,0.7983290252928177,1.1057837110164002,0.34506575507337967,0.811011893705309,0.07680074299002217,0.13187414821021462,-0.5160254274557404,1.5661167630602049
415,415,0.7108716460226746,0.032617354404346786,-0.47505288449196303,0.20678532788673182,-0.05890782508764208,0.2106181174207831,0.39142404046485463,0.7665525647152187,-0.06162081111836883,0.7011779668747709,0.9731479587192309,0.9624125561413951,0.5180764526580054,1.344533137262288,-0.3337996785336044,0.010542604927716704,-1.1942787307540677,0.5376495485667534
416,416,0.4069048459198399,0.5273389840245211,-0.537124812834243,-0.22546217100750923,-0.3812531715289583,0.40829164695601045,0.3550384949826468,0.17013837100903526,0.22316144572875543,1.0749022430296389,1.1615876991239065,1.3997689170882268,0.4084818582828007,1.4252733345805522,-0.25790450485462146,-0.5254994866375269,0.6344611769415429,1.227850480596007
417,417,-0.22190997676044338,0.05372226500067818,-0.37213470596075926,-0.029349995064453332,-0.42658390591505063,0.39910860345162064,-0.377521750335268,-0.788719386780151,-0.005297523919236056,0.38908964395751694,0.18702792420642222,-0.10746432814079106,-0.0033570534450748767,-0.21195164597935484,-0.16156954450867464,-0.3888834103547932,-0.8317179104734056,0.05651986072089349
419,419,-0.2251342016034981,0.12165265479353968,-0.6806441549205958,-0.8236335222819575,-1.2058173652917483,-0.28665319762014185,-0.22959474141996888,-1.3300431514499924,-0.24477265102575393,0.20776066881468988,0.28743282882650156,-0.4893707666463916,0.2553393330445578,-0.37177316829564544,0.21700079569316602,-0.8560009676073629,-0.9467847329110676,0.2233890693880313
420,420,0.4248624493984709,0.0012007415326999928,0.05898844389010985,0.16811910222344184,0.6025950348361913,0.7850279019454027,1.0341757989851077,-0.5372725446743866,0.204312194724078,0.7817648600357636,0.5457794421170625,-0.3236826742556965,0.5340434785460221,0.2715156477947757,1.530146504239341,0.16825867520834978,-0.330684668758782,0.7994333763712156
421,421,0.6232644147180066,0.3593121418719875,0.2684583492150698,0.05938554599158011,-0.1877217860302732,0.18543091769818687,0.5880800180284119,0.3404223300002387,0.013431108313362364,0.6203101929229144,0.29471203426824416,-0.4646301010899731,0.1946522491517154,-0.41909214732393313,0.5822740325451419,-0.11810355251011505,0.8433043235888417,0.3968238659755037
422,422,0.27853082998587864,0.15899366829818362,0.7318530951906013,-0.14247097709679174,0.4319932416518924,0.26944839001618,0.9432824443855367,-0.6500763669186317,0.12131372297885713,0.5846562628643716,0.20753933296100252,-0.6456574263920275,0.5324930991205503,-0.06946350143174754,0.3909717884256005,0.3531734088738356,-0.3555884434028353,0.14692298072282053
423,423,0.07720680776722802,0.2026394841468514,-0.3300800825620935,-0.16045223418869994,-0.7254129693636214,-0.44167673796988355,0.1084490558314886,0.09862463814616233,-0.15990898286406297,0.446471076166457,-0.06980919167169482,-0.5953992568952823,0.080287795952011,0.13338543067623163,0.16086572168436444,-0.29741668115343156,-0.31774854871986125,0.4113523607823447
424,424,0.770119695973036,0.13002597069772884,-0.06584151793637172,0.09901342772483109,0.22269333478606212,0.48170840527479997,-0.24517521228347833,0.29153414068343453,0.17189715029156263,0.3453829185587786,0.054687907181457364,-0.14875748426199342,0.13952153606601353,1.231266024423872,0.5260639407610158,-0.1926810888635782,-0.9440145063901815,0.36895818369586036
425,425,0.4423667509227213,0.051200776091503315,-0.2173324150579435,0.2267490842737978,-0.866117304690903,0.7782711067519,0.1368413457959521,0.2909575937049304,-0.10538816937250298,0.6141111485595927,0.19098686571696447,-0.35096653252202525,0.687347130992617,0.8098787402597394,0.09922029932850347,-0.2522855264017284,0.7382857728596945,0.2908775235378558
426,426,0.2270980367824431,-0.15924549570476423,-0.4786110445151232,0.0026268436073010456,-0.9065286690134736,-0.2656867486113641,-0.3009438110572188,-0.4898974601940191,0.06032117154783402,0.18571734018335684,0.3846363031427975,-0.41333770378029355,0.5368092846513158,-0.20699755011779444,-0.05181795931570802,-0.5481348843375441,-1.3496549980426416,-0.16733877497624958
427,427,0.9255904894200293,0.17688891680476435,0.09547359202728362,0.15791309153039956,0.06411560463431601,0.09560010973484147,0.13313214348975394,0.5486810780014177,0.18932192527926242,0.2907331434998263,0.526648300402185,0.0997364862608666,0.06121550739449397,0.1426962373564481,0.4621103561150595,1.665997481129949,-0.6119055067493924,0.44464295437491097
428,428,0.25918050815288735,0.22148185641773058,-0.5576525409043249,-0.28358217794725615,0.00045359733101780624,-0.16913690963506006,-0.25428154205397785,0.5968300237179363,-0.06911329821235693,0.7618714937399614,0.07452505335531864,-0.07350916968783981,0.47092669082130817,-0.5513668607039813,-0.8663293259122002,0.390705444057106,-0.28959724858849806,0.9645230127368771
429,429,1.242657822103431,-0.14545428451119552,0.9684570003678642,0.38379373202781353,-0.4556698666330932,1.296491449982702,1.3263868059679127,0.5740700053235585,0.841570384388666,-0.1832337759111751,0.9117682983280557,1.808899446072475,0.9725094932155018,-0.18461100152566326,0.4809184832143354,0.8675986774335477,0.7271303800244955,0.45988334460190994
430,430,1.1672140913446405,0.6833718264104355,0.7690104935282802,0.30079762833775303,-0.010281391462579665,0.6304618843803237,1.408644078521595,1.1831099829241567,0.6557521191310326,0.16686911315053127,0.7098537233815594,1.506156835563288,0.7257826965076917,0.10717976702684819,1.2572574407186583,0.26535628278672047,0.7403891407018468,0.9495441450099741
431,431,1.3938649846367135,0.3001239967518336,1.4222932097159642,1.1210557129563148,0.3561271694415248,0.9182938364373799,1.626331821778433,0.8607388223665984,0.928795704119262,0.20085940357176796,1.149067692398296,1.4248859514847623,0.5758031286852183,0.15404868860681487,0.1803675832286351,0.23446301478235132,0.7014083843104341,0.8525080256843328
432,432,0.4875826671242588,0.010168435839607054,0.21025852903933678,0.9588094938154724,-0.019277809635546237,-0.1448246746845599,1.0710510614040232,-0.30269782053329697,0.5822618186322907,0.3189512168971742,0.2534578180747543,0.13606789755313262,0.0006295910591129065,-0.726380625542435,0.5354755852853744,0.09459205590759946,0.3394724866182712,0.18178531225531827
433,433,0.13861332175916172,0.3299241227306386,-0.10797358521960713,-0.4515503471504564,-0.2658008087967356,-0.1887478822311247,0.5428556092159009,-0.5142209033874581,-0.2594980414887688,0.3205324480631943,0.8641530981848747,-0.3909760163287454,0.014981510369138503,-0.28506238397966804,0.3176624673760341,-0.22977595699490652,1.6591681713459212,-0.17821435731615867
434,434,-0.0341861497042769,-0.09792410248919442,-0.21352635677441578,1.080177703426222,0.8615997281327444,1.5035147567092149,0.5238272914267253,0.9440506188886526,0.9844891428920327,1.771775231814056,0.4885076929748761,1.546072690817197,0.21561893023601658,-0.2724664935779073,0.3271072024843067,0.9559067874150129,2.6380528918755157,0.8863740375237011
435,435,0.6925025923742647,0.10542305569248603,0.36154898545412495,0.08492594458462582,-0.4910674786882464,0.32320112772715737,0.8709299633347062,-0.08156521344916842,0.10563219311768561,0.6470337751682067,0.34783392104773814,0.5670948969569727,0.26004206861583806,-0.38104977926014083,-0.1432860352068716,0.8376793385576594,0.699292613257799,0.649427471328746
436,436,0.1474345486500293,-0.3431060237763213,1.0726700109397485,0.7322991961406238,0.5502835978473943,1.3834147850813014,1.0856458198682728,2.1042514212086796,0.618908837492433,0.5214501593822164,0.657063887293828,0.5382931346817538,0.4317172960411751,0.8078971851373518,-0.47306880921916006,1.378399354703646,0.7544278229430424,1.6265190396596583
438,438,0.4769919678562083,-0.19045153055077835,-0.04215784574588444,0.17708584274168782,-0.9975616086027905,-0.03262453482613808,-0.16594656266040145,-0.0692601044313165,-0.29771728056483265,0.6299209951679733,0.3913605788356193,-0.2214217904147304,0.6166697704496149,0.8480919200573054,0.9929405349237234,-0.08264385343384283,0.7264230918748964,0.9517444760982756
439,439,0.10827308887726993,0.2657469836333002,0.44490881447944897,0.037657489538536024,-0.2798393777769181,-0.3023772038647213,-0.2301700060186175,-0.57756469907927,-0.18448668854027223,0.5967224461174099,0.9743886409836012,-0.27281023867384335,0.7723900221166123,1.6665160081192785,0.10818130846200073,0.3625188050728669,0.6551212533067908,1.3315065232497667
440,440,0.29532410060711894,-0.06709577713007447,0.18397708966210236,0.43196944409551036,-0.027915363768344154,0.4829741737292131,-0.07889024022057325,-0.4711860518039942,-0.13718416698076652,0.39655026746783184,0.5689226491410236,-0.053379843273167915,0.3717325331407678,1.3453743472954613,-0.10496445862094622,-0.4120550908156204,0.2315662085810293,0.45268486209919573
442,442,0.0888716220501116,0.1191279120992749,0.02247619109450144,0.18760234339087936,-0.33657107078621684,-0.19247483659653908,0.49522739505834895,-0.6845237499394371,-0.4686942773350824,0.8402543664361423,0.1286886657222396,0.08635966816459152,-0.5439818601125274,0.39629983516426176,0.8392726692777308,-0.38327653533165146,0.060341197025898234,0.8615148967738511
443,443,0.7856577713589175,0.2376348321302626,-0.24620048601432903,-0.012553818249703579,0.0049795282031514215,0.2518746616257098,0.3501470989990953,-0.5313435815097337,-0.27708577350769886,0.5972822110736117,0.8509582509320439,0.6396196313217224,0.5901699128468543,0.8630085845778169,0.717070742066061,-0.36558400438202693,0.7297871912651518,0.16245171352047105
444,444,0.16968579454932892,-0.35738120445353416,0.027453530159290737,-0.23224218929596419,-0.7082487999677963,0.2104871842774101,0.1058955849982063,-0.33820346711226307,0.3362873578596882,0.21555351381101545,1.3813964651725266,0.5281862805867831,0.5503498700964332,0.7071029621985564,0.6958650053373993,-0.48789445664056896,-0.044869603404604115,0.8811978935931215
445,445,0.6856185634640307,0.25786727589315067,0.8957832734740163,0.1972161859530942,-0.39434097280819513,0.36228966847324984,0.3148993633516806,0.06390728997973731,-0.0706162451749093,1.1354562329140303,1.1748327883326692,-0.3277524578093547,0.8045679715534096,1.8313174195492408,0.2806040990863808,-0.4981042141916301,0.6592500247442671,1.0927276458033803
446,446,0.14136223090277608,0.4548067296730289,0.8532591077588139,-0.25545246115199904,-0.35662003358836203,0.2290595643440593,0.3287167013001113,-0.4032525640891242,0.40138776427988304,0.7716363376526468,0.05431057220909247,0.030962032350454177,1.1592496204834215,0.23894060314074297,-0.023315247624071406,-0.4807456890194269,0.6022101109729312,0.8468740492784299
447,447,-0.2559417342593651,0.23479064340038927,-0.08063750718502413,0.2707181372798521,-0.5876070666938377,0.39656950891870524,-0.15729008554782473,0.23117028547380883,-0.0829674430197664,0.2409654786021602,0.04369107575132869,-0.3710408962362836,0.30529495434298365,-0.017233185731925785,-0.3159956054208688,0.031932517210712615,0.06858946166956138,-0.13578286948458929
448,448,0.4254787570231476,0.38001986414847927,-0.015150179430094163,0.2675790088642321,-0.8689436773549166,0.573390991066169,-0.36673408867167706,0.11546477012345024,0.746618607262728,0.4308450535563486,0.2976363953325571,0.16627128284061882,0.9661721728789234,-0.1585100120306779,0.1460503187078,0.06986791889288244,-0.9269261760412852,0.3687341783942306
449,449,0.1901773792845801,-0.01880223825913616,2.646020061646872,0.9143909116598904,0.49484159533335675,0.7869493564908459,-0.026926011886098385,0.20882588836618146,1.220270217058715,0.9093484588859103,0.5012706349039293,-0.837390349617643,1.5454998157367807,0.01104165703145025,-0.10605547538628249,-0.1849622211449171,0.2111353942118602,0.75167265129316
450,450,0.23906080789178785,0.37210836768004096,-0.3032999086572494,-0.26378304165605976,-0.9193256742754848,-0.5311406162196322,-0.33458938405203925,0.23660209375099198,-0.23046059975265046,0.49142109723689664,0.30531897566256827,-0.27105756890805277,0.5899292448947776,0.5027636404882999,-1.019301740589906,0.06062606150078577,-0.46022832899172295,0.39083387198637665
451,451,0.46494825065448,0.2555392174328213,0.05374903308395229,0.04787801507247521,0.08717333636284408,0.8570111815334625,0.23393152835393072,0.6426881797968851,-0.09385778124308458,0.6228325219110673,0.9452312011460842,0.831075310783045,0.8882294914154897,0.8905193354482912,0.4932306703515766,0.5422466029217282,0.3904256591052405,0.37367457994913
453,453,0.9398272558641715,0.12238347653790167,-0.0824899854279796,0.521371762539781,0.8177635311909015,1.0870366337372694,1.2013373340360765,0.3671365762148429,0.9028536969493208,0.8770601152661656,1.6111671079086234,0.3544248601961887,1.055663054080838,1.2637794177343833,1.686907627165852,1.131435327076559,0.21711456011629401,1.0388350207676813
454,454,0.6735350246743532,0.5089503579285806,0.2669201261619212,-0.35390781856762893,0.6308562489993976,-0.10037098899292073,1.6935513705356129,0.404777809272962,0.5937592378285865,0.5015202226712104,1.2739912789137837,-0.18961727619731658,0.8116564262935374,0.8542392394937939,1.042662982757433,1.6240686049522568,0.44917816275617295,0.43334793395368787
456,456,0.12882908781145574,0.2723542434644674,0.521353207186376,0.35997076139147505,-0.39639986909962266,0.9788817825626114,-0.14863714955578064,-0.1754824700054026,0.43318702390054314,0.10555445418169564,0.11784397875214309,0.0009154267463773646,0.2269547600546914,-0.17995347396490735,0.02138983792194068,-0.03343128155741643,0.17306389139239747,0.10516423950205937
457,457,-0.20315863058800052,0.09710105697638044,-0.4342860486511517,0.08942195516374614,-0.47465033720830463,-0.3032862811652074,-0.02180807318970854,-0.2700637588636706,-0.003492001774506823,0.08642621820536081,0.23711123838533593,-0.06320732049177125,0.3188073814916523,0.07580959509054658,-0.0986114013130355,-0.152717839182253,-0.03364226736326779,0.18664236689726374
458,458,-0.07698187754777432,0.177473304048132,0.26145665141663776,-0.3245704835511229,0.2399444713013492,0.033197095178659305,-0.0914473949614989,-0.4171016534622372,-0.401690623945922,0.11228933878781208,0.03320040900651611,0.3514314996673872,0.5109637688840021,0.5842472970440492,-0.3289326426568462,0.3665118990100415,-0.005314549422674739,0.165888013190956
460,460,0.4064089968924844,0.9251645888985264,-0.06002874986634798,0.014038041684800944,0.13982216966221384,0.37219713483727296,0.5359892422361489,-0.09493943698796353,0.251366541085977,1.474679867784101,1.3342109814764973,0.013468005896690909,1.294537582444239,1.8892893281328031,0.43498870904655024,0.6823498983483897,1.5196513648817611,1.66585399580216
461,461,0.5245490171921245,1.3322380308281567,-0.05066663109482466,-0.3180818923814423,0.14143212049967277,0.901383875350013,0.6798067490640233,1.089451267901548,0.2128426903922627,1.1296597755186992,1.2146549876906905,-0.23207226414388352,1.5980440127723414,0.3441250274682574,0.347072958359942,0.232761052122552,1.9471484130917063,0.5313028622139581
462,462,1.1020367126213069,0.08964363995084108,0.25963857102603216,-0.49875432723726176,-0.35787599419543603,0.23796514712668546,0.7438110381541173,-0.7200218883418176,0.4487568266524227,0.5811111279332325,1.6945815345125779,0.013858310454847202,1.1015429531200107,0.5745185565653884,0.1120673255702374,0.028024132528128926,0.1658910281426266,0.8167293225766322
464,464,0.7536376331881525,0.2810230261580139,0.4841535326156064,-0.13777259030597372,-0.24213266792421168,0.32482396542727215,0.9971570098020424,-0.2768262196426866,1.3949879455781262,0.08026718839415443,1.0533145156972181,0.2728677743789187,0.25955863193591433,0.24577338081955194,0.2566997724193643,0.3847279241236962,-0.3705578575033801,0.3924225078129739
465,465,-1.874107379101316,-0.6495955164682218,-1.4523570178124112,-1.5858949871188521,1.3519961802275677,-0.3435916035969104,-0.9854339381607699,-1.0576313991311228,-1.7728944876774806,-2.0422351143698725,-1.9477857510950758,-2.012962215069089,-0.831683159988216,-1.6480824478633334,-0.8005317910319389,-1.190621895421181,-1.070050305820588,-1.830289629029494
466,466,-1.8684912955459614,-0.4185818331729225,-0.3543541443349757,-0.924642391312474,-1.1613061387506394,-1.9492776286457947,0.2529558038547136,-0.6782019700228518,-1.805485949017249,-1.7831357042545946,-1.4791071597807255,-1.7074068541129226,0.031108585713611882,-0.9007455474860391,-0.7890336090106357,1.1924790043700022,1.221964646286752,-1.62400470974945
467,467,-1.8137826188084512,-1.558591089711273,-1.6775301459121752,-0.43612897707431386,-2.2868516131928582,-1.8288714951449987,-1.3675511418313546,-1.141712435730652,-1.5525584862558999,-1.5542112350299482,-2.490098343659438,-2.4101658507625627,-1.4729285392832199,-1.8424709668902521,-1.7167546615534273,-1.1442414464075688,-0.7676080330080363,-2.015681747583324
468,468,-2.206622538328362,-0.6714413961844966,-0.6244304263127657,-2.0683905553054567,-1.9025451205583408,-2.1297139676685575,-2.3066319933228874,-0.8380103765266645,-1.6143242085374045,-2.0861581897789727,-1.8799858919004482,-2.2783964273471162,-1.567568784605465,-1.2797778036817338,-0.7336271103319258,-1.5335640497040108,-1.7234074605431629,-1.7227959828904593
470,470,-1.9416474456430468,-0.9163470561508279,-1.88474502111763,0.17453213317458952,-0.9560236292718983,-1.1684419690257428,-1.240790841293372,-1.284322575557085,-0.3245120813537999,-1.827508315955085,-1.752548348812916,-1.4654267570077388,-1.608546748821079,-1.387401966063811,-1.3713021255527036,-1.070350215076372,-0.7623500045425297,-1.5012581667205733
471,471,-1.7543352292956724,-0.36686020263912644,-0.9089701007921582,-2.0647824209313157,-1.3429787666721067,-1.9554983835364,-2.63243047793669,-1.8204491685226525,-1.124358050547258,-2.397350270231182,-1.4964094420132594,-1.019187836297214,-0.8668433122223728,-1.1710630221330607,-1.4740000707895664,-1.6716750806523941,-1.1875483497634065,-1.945311513674556
473,473,-0.5141446723756742,-0.5926609166888523,-1.1543626137665879,-1.6801983010842783,1.5765684753812625,-0.021709147688246562,-0.5017021763981725,-1.4249319316087101,-0.36302624900006014,-1.702103689762177,-1.1425896501056483,-1.9331705173944962,-1.152118533082598,-0.8603994101380755,-0.9596776024612623,-1.075291184184486,-1.3818423387852197,-1.150954594672676
474,474,-1.7992353330795554,-1.5227347851454238,-1.1306610106023551,-0.3710877439904709,1.1292074814149335,0.19974682115947653,0.8704387470633742,0.8425072467247454,1.9712059330336185,-1.7493242020121773,-1.1295772798644772,-0.5846028445617303,-1.5980478587956821,-1.2016718352695122,-1.2758909041832405,-2.4802813853908248,2.4791365585898233,-1.151875117105912
475,475,0.20380962642823644,-1.750418086560467,-1.8205849973670425,-1.662334759135444,1.25567452954295,0.8133848761719722,0.980391556935301,0.3030477248296178,-0.6406605858695327,1.979860549182487,-1.0840384783617867,1.8935745980528391,-0.930930071790939,-0.34493073704516647,-0.1577828584311834,-2.119154980820121,2.913302660017181,-1.1972631074885047
477,477,-0.4950515174173344,-0.8476751662084063,1.3858399331236444,-1.6204020837953557,1.2174416842023983,-0.9314624673524559,-1.587395504577195,-0.37456089164709744,-0.5385180770532063,-0.7248448871271254,0.4810352849655778,4.349270430451333,0.3830184950326852,1.3844257148728478,1.9168693799915664,-0.8226663951046328,3.211683555916855,-0.9619377881209616
478,478,-2.2812232912516976,-3.56456971348584,-3.268166975223765,-1.456700403698255,-2.0048654025182717,-2.473977872907405,-3.143121834184455,-1.966165605410644,-1.6407188711263077,-1.7725589770462975,-1.7758389524598865,-2.1499297448877335,-2.2018082144050526,-1.013611786515226,-1.7414496925709426,-1.6812935054819036,-2.6048492321551424,-1.8447155742015955
479,479,-0.48792846379504284,1.2356949211726815,-0.018243842026758838,-1.3894657001297281,0.17430407327638126,-0.3240432780751002,-0.22350092666136864,-0.3184915307129673,-0.3082443863008751,-1.341591588551849,-1.1309035570519823,-0.23467206320439768,0.20133818659069377,0.6862805180989376,-0.6808180237338645,-0.7649614838470338,-1.420706050577575,-1.2590867499248208
480,480,-1.687432818605543,-0.9519574539362331,-1.7012178898910835,-1.3284363039367446,-0.10661728583460026,-1.1883875457017454,-1.946126338746902,-2.1432022686045125,0.288628892376251,-1.7570480366770262,-1.338897384277718,-2.072267645202345,-1.8510992120462106,-0.7660820523527049,-0.3880550520715369,-1.5478118067710447,-2.0464232006030545,-1.5968988139059521
481,481,-0.6734928162747461,-2.2799498303800094,-1.3168965484940522,-0.9335784592756157,-1.8578144238551773,1.141916430074785,-0.9442352736311618,1.0031314138850338,-1.2461584063252011,0.19039575734324737,-0.3544850870905069,1.405436205611997,-2.5544886248378407,-1.053277062722795,-2.345578401248694,-2.3839969459288284,1.2843728331542115,-1.513769075453752
482,482,-1.4333684173449908,-1.3237170512017293,-2.020086320024971,-2.1559175075016537,-2.9798830815723893,-2.3336974106795845,-1.4536549743196172,1.0142915591854653,-1.7182289560186663,-1.6687736542742098,-1.362920032980094,-0.8327250613536819,-2.121321186493195,-0.7205158837380629,-1.7551093458342046,-1.452455542439987,-0.7087885344633744,-1.4332196808070685
483,483,-0.2984055976668764,0.6085600114516247,1.279280407146647,-0.569154690880491,0.9887067123556169,1.1552096827186267,0.24108722520424397,-0.8981236473517296,-0.416065313985852,-0.6217749715718943,-0.1114144892171489,0.13686108060540408,0.6340569040760421,0.3213285449117382,-0.09162572425423775,-0.10333332969676699,-2.1242132490700643,-0.8672802010719451
485,485,-0.0016214228818127615,0.5307873367927771,0.7634918245447566,-0.1630491854478188,0.18220815806963353,0.7337969962403114,0.6634075382391658,-0.6647526203469928,-0.03617396147823397,-0.6960465752410059,-0.4958253470486843,-0.4128576445268681,-0.11727437143096887,-0.0196406161319111,-0.046264180947253083,0.2902261942184923,0.0815560446972881,-0.9450128603068704
486,486,-0.06583882220305125,1.3496619694246212,2.0253243006264925,-0.5930161737272546,1.345235563236734,1.357702700692689,1.2448587136015161,-1.985138817689866,1.196371698330105,0.010637734202622512,-0.13391215824999816,0.8366254704009003,0.39948217098950567,0.8917083176212585,1.0779077139200133,0.44385550540022883,0.2934283264266763,-0.4291863929730237
487,487,0.3162041679114711,1.49375417124907,-0.1446437065844125,-0.8524230869708944,0.8462537525777636,1.020322064499611,0.6404729038812755,0.1834082253461394,0.22264688621009668,0.47220777360268806,-0.06594944307255951,1.6342747969515532,1.1921438104905393,1.015995711322658,1.1886496767115544,0.12286414097256401,0.25964284887066486,-0.943168470157451
490,490,0.2743789245510189,0.9922941000965003,1.0456797955116044,-0.39496870116998717,1.6160297120112652,1.321561727141771,0.27649226558276846,-0.5521290879619324,-0.3704970668043332,-0.5361798196817181,-0.0027610164889680404,0.6657548937406877,0.7359799984170845,0.8774729365596595,0.7819459954784298,-0.3061521897828429,0.8696754163226011,-0.6556717711777571
491,491,-0.41791739802039707,-0.021245078597101362,-1.026776713877353,0.891041859961072,0.17855666124347794,0.09167439830952291,0.02980503426705564,-1.281499602053532,0.0357390545645444,0.1294250157392802,0.2194895949521609,-0.42678862085539643,0.41402906047836535,1.207649474158412,-0.7226923652012155,-1.4232501854751456,1.4857717760606148,1.4709059058295875
493,493,-0.7905633132747786,0.6234821014213602,-0.6449027094889985,2.4648583694664765,-0.043459954943260076,-0.3023329899379986,1.3248146461684476,0.1828140222069451,0.79841469384537,1.590940535790911,1.6767928508741847,0.2714854237351271,-0.3622123306969611,0.7001868755105777,-0.19051825354752344,-1.0441351561817016,3.195637501868427,1.94406178192594
494,494,-0.5184211983121682,-0.017360516064727896,0.16483099891907677,3.4689143716598685,0.8169051060798443,1.5360182996068665,0.4906095040235148,-0.5752545973744638,0.5242683271155661,-0.16378756529912886,0.4729215011567294,-0.41005962977538296,0.6431445303826997,-0.11608060757551393,0.7824057316411668,-0.6451200208437584,2.2817641840628498,0.7681040636889801
495,495,0.22043382090927824,0.49901561114830206,0.1407929640592649,-0.6443299328433265,0.9468933260486617,0.2755941567662106,0.5191585405895348,-0.637868771984449,1.416353654683263,0.5588069505770228,0.35160324163723095,-0.9002359205433551,0.03716864892506869,0.7292147653142064,0.5870352394025237,-0.9209983343914058,0.1597113510768327,0.5593794362640798
497,497,1.4662938704202042,1.5643310185940271,1.3662226424720059,2.1678423991470326,0.5823599145068519,1.6908744107070757,0.8994921657836114,-0.8062639423405641,3.023723453302829,1.0429473029152438,1.2045768073407388,0.9530662796808249,1.6324087877202986,1.2118063617068005,1.0583210852540526,-1.5900544830741217,2.254456761315668,1.6412690659692721
498,498,0.012257046458288956,0.7801466817836792,0.6972572337502214,0.49426066776781735,1.3501370483236572,2.728084412521606,0.6158720280938195,-1.426677414226817,3.9442033300035937,0.36804381255593993,2.3277477464370095,1.4461328662059338,0.22954953974336315,1.4495969914226168,2.395553634513996,-1.0846612656473527,0.9828688597240733,2.862160204977861
499,499,-2.653544929947424,-0.4147383177910326,-1.5891903151818059,-0.15066474777583902,-0.35404773168332854,-0.032247084735310697,-0.13727302104470626,-0.8437815350533467,0.21468860449877591,-0.844358637969102,0.04757864903737793,-0.386333547218603,-0.3060219792157174,-0.72038225441996,-1.0551993774359496,-1.3128711532703872,-0.9001581925128985,-0.8821438525153024
500,500,-0.36462051229581527,0.7165578716046588,-0.3587222765140894,0.9528102666658258,-0.04562944524875062,1.2895786968281955,0.5978588854744978,0.15202127759826523,0.6502199275743672,0.04428930476001661,-0.5845905476933387,-0.45504237319460134,0.01428584247651973,0.6154101175438766,0.7167674754793996,-1.0930286075317202,0.3777548281061068,0.33106008824924815
501,501,-1.8090599548791486,-0.047497607744062816,-0.6236940576770645,1.202591431619605,0.1767695422309508,0.15147900689357088,-0.04253258166943335,-0.14616933685779662,-1.0532498969680288,-0.020347488741583,-0.7651403154580906,-0.8375354272220825,-0.46932590765754034,-0.5584456389329918,0.21541482077746885,-1.5868897733909328,0.7610046875651116,-0.3434278434019998
503,503,1.8166206172855666,-0.7400067056210744,0.03294805063490605,0.7839763687623125,-0.12921863540955128,-0.18195177980401467,-0.18326275376030882,-0.9824060697510638,-0.2272982018498328,2.7603668872861893,-0.19532445537742385,2.4311197054095395,-0.14802169774918922,0.2072566798863773,-0.11196713738768035,-0.8607994419331036,1.7235869840703468,2.284729720384276
504,504,1.2781071558059425,0.5384783068476677,-0.7562307683073644,4.227419654913275,0.24438131382450737,-0.0905621533410422,-0.07310873297151983,-0.5992114005643767,-0.07990699422788432,0.03334108774758198,0.41555100326902955,1.1919970484468787,0.5188175743485826,-0.22816130037343274,0.0500948269164991,3.2963376087672565,3.302718959440336,1.260066573647866
505,505,1.5027466697879361,-0.2311475761355587,-0.3915860968063709,3.4575438529115816,-0.5338122509292349,0.586256850306384,0.01730403402989285,-1.6180400387032565,-0.2580490871220428,0.5052564188065378,0.49546601924484013,0.058514704571952285,0.1283832826755302,-0.8634850000727607,-0.53518704121873,0.07372274122053088,2.8304375686215937,2.1244946493969548
506,506,-2.1648614913833746,0.06641483639428587,-0.9033233305540007,0.9845039131905556,0.07786497192107042,0.03008863875381844,0.6609341678414541,-2.0590062265563818,-1.1616541798747093,-0.33157937421327865,-0.42785761126569766,-0.3557776846855921,-0.5481388797002263,-0.16189110407122875,-0.5583771729354997,-0.6302003625226816,-0.17558257258402898,-0.06708067244584735
507,507,1.613420725980284,-0.2635093597386468,-1.130791436439553,0.19379054513233712,0.1650997208199475,1.080643991119802,0.7062923343494114,-0.9695248841497053,-0.3185098238429266,-0.8357537095233913,-0.3424213766915667,0.719071887246901,-0.21931761461259422,-1.0845947287368292,-1.1413472009425298,-0.8229518407192719,0.13797278551911957,0.578064565876546
510,510,1.777188386814127,0.2448541496275001,-0.05762184147327432,-0.07719877109343776,-0.3811931609981482,-0.09478275895629469,0.3243018643852329,-0.5459037129619884,0.9862351994992311,0.6976232789904383,0.3209918016846642,0.27534342029998815,-0.05550793922556323,-0.4523398522872464,-0.9433307870914113,-0.5872927822091821,0.1741398881377021,1.4610261879606876
511,511,-1.6184851185834421,-0.6884314933404176,0.5220834402174148,-0.042191498377549846,-0.018104878957342377,-0.9608089168024087,-0.36764246215788615,-0.8833335135844192,0.26919014115084494,-1.0129445922423626,-0.3549317431315915,-1.2921439478802252,-0.3851966390542217,-1.2972038829827806,0.15967319979348396,-0.6760060109709438,0.7965317382690741,0.06937520325761135
512,512,-1.2524405035396171,-0.1326762677330319,0.10094434218063866,-0.6284226284403727,0.30458857961676133,0.3059916373475962,-1.1067070139778936,-0.9891129255050692,0.16070414256722612,0.03457498721072559,-0.6831256181678041,-0.34871887172969224,0.16085212341965358,0.4635084930247693,-0.7517835936410853,-1.6078148088787625,0.7368841236720441,0.2530319360986429
513,513,-1.4411152878282176,0.4366654579851714,1.0115450647948439,-0.7755232396511379,-0.6712924766532226,-0.04360385603175647,0.8004201548133062,0.2350780617235222,0.044060450095334894,0.5341561699749449,0.6490467851167189,-0.49897531679271057,-0.45603926231716707,0.5107519810125513,0.23972617294826779,0.24394081416944302,1.6892409953893257,0.4496270058605146
514,514,-1.4278830266950033,1.0550477119959347,-0.7103020490060917,2.642245527456545,0.423031565891618,-0.5404510793360192,-0.8791257949742114,-0.45661919624228736,0.9915142795009397,0.8848225974256139,0.28397937563590087,-0.8123140794122934,-0.2118939036235319,0.6416122618990622,-0.3331224081978337,-1.2150140535229894,0.7105689995851197,0.15948691451804234
515,515,-2.212921487183035,-0.025254632110720134,-1.2249969816800168,-1.4899113090472225,-0.38220646910616746,-0.2398560688807052,-0.6165075391085086,-1.8722837397480399,-1.1224965248854581,-1.0354246190368874,0.4578432609101355,0.4340676508242298,0.10703336457168033,-0.7019182050691836,-0.6727497670932052,-1.5066089284857693,-0.6105048632031735,0.24290656151092968
516,516,1.7440866532376234,0.1908155987002488,-0.4306764615368294,-0.6961108160095217,0.355442378739012,1.4036083614287524,1.4035831209348673,-0.8356231924012779,0.22409548575618207,-0.06264040898331433,0.8216403105578489,-0.6979320297370364,-0.26344521278126765,1.4176245988671765,-0.5403930357319761,-0.7667962443610277,0.8486263537177258,1.5298810499036022
518,518,0.07333111077636101,0.1212635342439407,-0.7701255424040101,-0.8219696852896126,-0.3365534166638607,1.4026878712370712,0.8503039344067634,0.4407603939477944,1.2416988278495285,0.7943758988295957,0.19540347714688777,-0.09499431016503915,0.21169920933033542,-0.13538036358878452,-0.9610205808435733,-1.5562542836959863,1.8103964939446653,0.40731380290082414
519,519,-1.5270168789113332,-0.3113614855465704,-0.2995641385625719,-1.0183007758237879,-0.3357688569923984,0.10480965695922045,-0.10401787654554752,-0.9054462434080237,-0.16811244545882123,-0.48839598676870605,-0.46290373016169434,-0.8449397961027216,-0.850957676475917,-1.054253904053952,-1.0227690590135263,-1.180944429712639,-0.45307397242630226,-0.4876695109564528
521,521,1.9215614898168152,-0.8099520190843159,-0.03475496864895189,-0.8211041385574352,-0.0024881108443714447,-0.47526331695430224,-0.009987521272227061,0.011868811554526966,-0.07859189271887197,0.46719559921920145,-0.18527582958138578,0.042281238955875836,-0.5167265232250693,-1.4440869746743679,-0.7665689015934407,-1.55328856918454,0.0664116193485939,0.20032579206812856
522,522,-0.3430372787202743,-1.2889883557389872,-1.05183592842929,-1.1906491736495153,-0.24063276308180814,-0.5968126184748701,-0.08540926026174095,-0.6600338941007453,-0.05671035723055779,-0.13667080493668166,-0.7689992909816873,-0.5324571112469282,-1.0914365381508682,0.3926555067791843,-0.63795834074387,-1.4486790898239361,-0.8708844485092793,-0.16480438760340194
523,523,-0.226129991377637,-0.2560944318330333,-0.08791415966023428,-0.08855899525492941,-0.40657808807507834,-0.055211278815756715,-0.42389117137837434,-0.001629090251309102,-0.2785311038912538,-0.03438365905281363,-0.05275294593947112,-0.15628451785804168,-0.0445357331445095,-0.041902115772737544,-0.17856143544481884,-0.23594803185332236,-0.33788137958438835,-0.06098935302795489
525,525,0.01512486916859994,-0.4027992888659603,-0.10606708991992414,-0.006682896725472239,0.13104507600867085,-0.06272087917624374,0.27656963791666633,-0.0006305195915256765,0.34806284395116543,0.06380721853635679,0.024136250722401883,0.20865101349349677,-0.05405992224790529,0.004986012404932946,0.02379401314731228,0.38598826439789224,0.016157991862101418,-0.009854198483563682
526,526,0.21554727439702134,0.6555892101070352,0.18532827824968515,0.08576205327395799,0.2692804032322803,0.0987285526067499,0.1588898630944875,0.002346772271628331,-0.07194898270986523,-0.04362141442479313,-0.015737556528922607,-0.05748074717487767,0.08902974364379294,-0.001393286630531764,0.14831139779420122,-0.13733535939494793,0.32656630501037265,0.050854078357122884
527,527,0.11867956522737017,0.07454485854779515,0.1391520337517111,1.4851567545824207,0.13287167341004336,0.7279340823819109,-0.5699269877924391,1.3038861208380776,0.38538572334335586,1.3010683866683201,0.2827543618243818,0.8741382316461299,-0.4849154177944972,-0.5186607427686871,0.49651293231448385,0.618085293651538,1.6814793891056092,0.3656896755691929
528,528,0.5720337696262074,3.104179775704808,0.8623176704132883,3.7223325656746593,0.4140775957530382,0.8063810762653738,0.420109330408557,1.4665810721033128,1.2074085598844484,0.44081727030737783,0.7735438841013248,1.5473867424659342,-0.4820236190988227,-0.25192596068602086,2.342026326210278,1.03348867356719,3.7420068329657035,1.567705515598667
529,529,-0.11219987835989717,-0.5540012355178707,-0.7655694691782798,-0.2645077090785674,0.46833681704164043,0.024335670945567083,-0.5689719681155136,0.7748632753525831,-0.4099913638297434,-0.32340124042647883,1.2517319075087165,0.6648172955143272,-0.779891096394286,-0.51311393125251,-0.01897829494540993,0.3876691974880166,0.6704493146763284,0.5918282541309768
530,530,-2.1758965598865534,-2.4242222053777045,-2.274157637467751,-2.123232478409549,-1.9639140868090719,-2.1133320115243954,-2.3755276110870684,-1.2033405510768336,-2.5660256553029273,-1.709923530232106,-1.552591700777696,-1.8717250917759238,-1.8060632862769688,-1.9573838064254268,-2.2059526931378906,-1.7911335161091533,-0.6752990158731007,-1.902819509997333
531,531,-1.4676183608683055,-2.6110857126096714,-2.426709269719355,-1.821185236080188,-1.856143310915196,-1.594039488039367,-2.7221387854582484,-1.139279909718776,-2.382335554520439,-1.6834396239941374,-1.2551629262674209,-0.9830881192562602,-1.5057960792771945,-1.5410087793672724,-1.3291305747150461,-1.587023102668347,-0.5065503324932428,-1.8308251042388852
532,532,-1.7389190811575674,-2.0290201034850393,-2.271463059053012,-1.3203198757324928,-1.8863290116145501,-2.0686070804870726,-2.7893577182421487,-1.0307222238723226,-2.3761536761287214,-1.6514877162596957,-0.7645352274669057,0.15161824784361388,-1.3417729733242791,-1.7639383668255686,-1.6372710768684924,-1.5467703885310564,-0.4805234834409723,-2.058711297408161
533,533,1.670374917032256,-1.0356612001972003,-0.5487228435667267,1.619240228859725,-1.111569557170748,-0.9711126098640976,-0.749344421475898,-0.4291311321404643,-1.3069585582595042,-1.5121503346917393,0.7509724237072017,5.3468696334473345,0.22977911898324593,-1.2430063385355987,2.7299244863373318,0.7135816981943296,0.02953098194374751,-0.11398821713784452
534,534,-1.4692522599061832,-2.187148348734715,-1.9086812677454197,-1.5141004795054522,-1.6992972414341028,-1.4485258989223257,-2.183248803438534,-0.5250731676403377,-2.1308698958072134,-1.4968263781421682,-2.2601563902567037,-1.4712272385586251,-1.1166281686268884,-2.0831569537068804,-1.718991587308055,-1.7833913708763027,0.08250303138726967,-1.3619903355697376
535,535,0.5154560931880344,-0.45940313362387997,-1.175507393728935,0.46274690137187385,-0.9978257112212934,-0.5969341924533536,-1.0547528864263178,-0.023133570786709006,-0.5316739806830577,0.11559226861288423,-0.2664014066295783,-0.7882350185485903,-0.560637262647498,-1.4019469277048036,-1.2577168471446158,0.6034346890184792,0.9304629105429507,-0.839512689059406
536,536,1.5233075265807947,-0.18672358097261094,2.8078980041395174,2.197893601798611,0.8935499869994596,1.6950732792048355,3.020874990381635,3.3258818501800556,0.8214766916722064,4.940439442701102,3.5667143691788947,1.0628196582133613,0.3225940051369052,1.3764829063142248,0.25212815191770177,2.2506720977948267,4.286303978118479,0.3831648916027072
537,537,1.6604808839429857,-0.5594922853386916,1.389209650173521,3.1066619336740624,-0.4574032751800075,-0.8404064855609857,1.1499869590652056,1.8264169049298533,-0.11870277129597424,5.877266627702039,1.4039059249100405,0.6008108203635859,0.4881383396778116,0.700818538848094,0.6076394009418755,2.5180642820828836,5.302213572021708,0.7175310822376172
538,538,-2.4856539609771233,-2.1819252708967385,-2.285583263807865,-1.6333035675395424,-1.9541193004715125,-2.244789388147812,-2.754533195725849,-0.9296921022343304,-2.387665348412599,-1.1698544793111914,-2.154035065109546,-1.6197625590776665,-1.8486314931011643,-1.5011637517896221,-2.529965163486508,-1.8358238426056661,-0.21901373996811152,-2.2216405138700157
539,539,-1.2008418245711658,-1.5957568280186718,-1.6819964912539378,-1.144538194587717,-1.6032257633780678,-1.4747722011704687,-1.8525880431005808,0.33685513641173775,-1.4520313344037856,-1.002825781266791,-1.0578207280161618,-1.176446416498551,-0.9064426114992057,-2.043373064139959,-1.84668745278862,-0.8358508096387457,-0.4094494259407987,-1.2821570511055838
541,541,-0.9373442317049667,-1.8098505011451722,-1.5085988676000077,-0.441716701665128,-1.5378416277516669,-0.987739792562919,-0.9539741979917752,-0.02580612148614711,-1.2091303254642463,-0.09798544905073943,-0.3045096446044224,-0.613217936049212,-0.7756282972840189,-1.2421826608717497,-1.6010743589893053,-0.6031998984669386,-0.018769886170607354,-1.2444936201664192
542,542,-1.0903031389412723,-0.7518686485365914,-1.5301772638819933,-1.3609267755241388,-1.3651763535990915,-1.671872053590938,-2.2848289071438894,0.09285144305851342,-2.099641744554488,-1.2868642914332054,-1.0835746100269885,-1.4666092876931143,-1.6304981283738735,-1.9341369886518094,-1.3943734352968233,-0.41625364813425797,1.399201532808144,-1.656244406260732
543,543,0.16262786422378622,-0.636623393370267,0.558339280044786,-0.6851747698683086,-1.1312731647833798,-1.219859025466338,-1.6282969562968659,0.1034463779339962,-0.6546718956930346,-1.1635524470140515,0.4925846850458891,0.7284047030638887,-0.3172232946240583,-0.44607936607126325,0.10259138743105226,0.6786219422809772,1.0763495101252032,-1.1317253263809037
544,544,0.5549587291541415,0.24482251612432487,0.017198957976234983,0.8817547846669188,-0.3107009651091278,-0.5704763125457493,-0.20476854661459384,1.3595318103452,-0.9003811339125715,-0.9739873852866691,0.614757616436176,-0.6668044727474642,-0.16816546443276095,-0.03628791238595387,1.0694484859501565,0.6605917956352275,1.8836153912692009,-0.20300556483712426
545,545,1.3593257728544916,0.31279421872796576,-0.06610119697102815,0.23775263282813705,0.13905007701115968,-0.8063209358963588,-0.4485400628673793,1.2751982583715076,-0.392549859635651,-1.2517422610766975,0.2706060463200375,0.10715051325192554,-0.13331093650325138,-0.43427203323723623,2.29953019972924,1.045264467857511,3.0108250542173693,-0.0243974706224969
547,547,1.015353435756482,-1.2079393994623677,-1.1117924244102244,-1.3931104704475559,-1.1832797637638353,-0.7785795404524232,-1.005203440095995,3.1787117936780125,-0.9254849551654402,-1.3800880452279847,-1.258509076969951,-0.5794035977915577,-0.54187078241878,-0.849938650890257,-1.1531056848747656,-0.10716515161599993,1.9011486266380297,-0.9027846942072986
548,548,0.7937325939138787,-0.5634397910508677,-0.9112121398879037,-0.1322078645019613,-1.2181657184197352,-0.8773424581851431,-0.7166021932884781,2.221857028856104,1.0440668567884746,-1.3877458119109272,-1.190885382830382,-0.4449065359227497,-0.08937668726802726,0.27477998584694424,0.34447465338501215,0.763396809043827,2.2433376293189315,-0.4722778748483099
549,549,1.1982105276750978,-1.5013822373209604,-0.7520350985003548,0.11097515789915748,-1.1965130503681176,0.6864720400225719,0.8518466043434197,4.559792113131228,2.0288312110063966,-1.0087397253330166,0.19419278106400695,0.03316409091671515,-0.5223349401406493,0.7191390671612772,1.0612373618154838,2.4262022906498752,2.42118042171022,-0.18667569105685577
551,551,0.29914457450354476,-1.279730647224093,-1.358987195946344,-1.1668674461434727,-1.6823757510326538,0.4548425033854898,-0.7189470514846062,0.062089258891350835,-1.588427024171664,-1.398463236550215,-1.036141977454743,-0.06540982941327016,-0.8295924178870397,-1.3953207182932992,-1.1973563446109292,-0.5595283345084013,0.8391530169569204,-0.9640045166329105
552,552,-0.568608715719213,0.2667474540327347,-0.12830910323456254,-0.87076668402644,-1.08617014146696,-0.5453573001255674,0.6535311151312276,0.9602140202871405,-0.4933395096887886,-0.997598789020967,0.6329926406564318,0.25899882681661235,0.21799349653896943,-0.6212236512942222,-0.05534159423373752,0.5808134494844633,0.7505162499768803,-1.0216896217549611
553,553,-0.016346808291978536,-0.2961466609316089,-0.18038126895756237,0.0095739057496335,-1.1356130213102111,1.2263231170782685,0.9347907470512475,1.0717704563866266,-0.5704551729003238,-0.9584951020547429,0.9747679617995951,0.6748612277999432,0.35327887497837895,-0.517986953048464,0.3204372426128788,0.801798828932782,1.180546603973543,-0.3384173753793865
554,554,-2.4178628146641485,-2.4432594708971704,-1.9334518587318772,-1.7164484716290573,-1.823527038002849,-1.8626757106677698,-2.634879083697795,-0.6968820003874344,-2.4121231984178495,-1.4911785698962814,-1.994024998907135,-1.4299855308796168,-1.6008767670124273,-1.5584123826043297,-2.5208164235121546,-1.6411461151665943,-0.3588991216076685,-2.1134595155392915
555,555,-2.1767458641051807,-1.9699905928413575,-1.8669892863161204,-1.625766140200786,-1.8668461978032689,-1.933665969045146,-2.319763229603655,-0.6085906007399162,-2.4722814983680212,-1.6264008819496623,-1.6903488592457399,-0.9940228119538952,-1.2224468254069019,-0.959503889642794,-1.5011916770374376,-1.2239569450943983,-0.318866616226366,-2.133138182885978
557,557,-1.2594871356201642,-1.489960730813319,-0.0824099095338047,0.06268412795375408,-1.8049271757093603,-1.0074996049899116,-1.691219211529115,-0.5370436183205236,-1.6779206555528767,-1.2073759522101573,-1.927892189542972,-1.0098721336862195,-0.9581605882870446,-0.6958415881179101,0.7443564021750774,-0.5032790785651557,0.429060283180277,-1.3702882344302796
558,558,-0.5377180149930337,-0.896215185437385,-0.144854718133255,-0.639237985261223,-0.5481115845185532,-0.49524209960617216,-0.5689297211716178,-0.7119850804134664,-0.8115249132318844,-0.7414354486653573,-0.7831768316141858,-0.7786183536691085,-0.7233954738582241,-0.7257185716002972,-0.7642108873394236,-0.6119394317859528,-0.4320184826777752,0.15659465698117617
559,559,-0.745921355707733,-0.9914286299499387,-0.6423000068706574,-0.5849500178863773,-0.6415012864682555,-1.042895181598866,-0.8513650890114697,-1.0205555387578655,-0.8171313552354774,-0.8062918895842548,-1.1514009990415959,-1.1546327205465454,-0.9891358695662649,-0.8112605504141907,-0.9673451881106331,-0.8852695651097626,-0.6082623603205213,-0.9434786529191019
560,560,-0.3943462803264205,-0.8059890101920584,-0.36755479961186643,-0.5749176104930516,-0.5790309750114501,-0.14323144298714,-0.15423942818429695,-0.9437422554433718,-0.7119410936621633,-0.21901596642538584,0.10870552715671344,-0.13894096371139805,-0.47384019665370974,-0.6115339740857505,-0.5553819410092469,-0.7127653714066343,-0.6520024468555222,-0.8042973954060274
561,561,-0.5625849323813407,-0.49376887924732105,-0.39559237273549736,-0.597305365246614,-0.47488818666344534,-0.48262145389028893,-0.8634334151547662,-0.8048018501490583,-0.6440021324195678,-0.6304318825954079,-0.8753812996585306,-0.6405945576246537,-0.7513286265011716,-1.0967395840772878,-0.8325011375445643,-0.5780116815853018,-0.44145327268494383,-1.2949944261333088
566,566,-0.8750594729816662,-0.8249541676291374,-0.7532021093828347,-0.7338418092952567,-0.5138620341471998,-1.299646067415359,-0.9763741591060008,-1.0132397780470757,-0.8810632051428382,-0.7004177524166464,-0.7681047854925326,0.3156085506215657,-1.0337884865244473,-0.8924426151757925,-0.04696730654487566,-0.9349569586168123,-0.6064375375509969,-0.8851198531709616
567,567,-0.5519821628268323,-0.9203187342306083,-0.7771788900347015,-0.750544778972589,-0.8996933140520934,-1.143831208465644,-0.9338260145013153,-0.9828471735954224,-0.6962522556451237,-0.6797980411565259,-0.9038378459340951,-0.7836056975748827,-0.9235649558518051,-0.9840499750913912,-0.594029472383116,-0.7850377909629425,-0.7475331606220559,-1.1745152361968507
568,568,-0.7969044793872054,-0.8391972036574445,-0.5653240975300072,-0.7327828530342387,-0.7683980696315873,-0.4657912778972577,-1.074249140907965,-0.6561354462108485,-0.7270511515175795,-0.9054264499716311,-1.2048832691945057,-0.28076832946500563,-0.8839940237221234,-0.6973199931299326,-0.9582600178653468,-0.5981181167985898,-0.6833516032954554,-1.2122490674056547
570,570,-0.7785422226389491,-0.6486939064309755,-0.6888306320637975,-0.6613723428249121,-0.09990338542113003,-1.0033893483224354,-0.6197804198340472,-0.6600046025393937,-0.7782494181128703,-0.9387020171106235,-0.9801280439243406,-0.20004159261738927,-0.41916079582905436,0.21572179204202457,-0.7693764039278593,-0.889731743997139,-0.599981242931899,-1.0880769214070796
571,571,-0.9083652065606955,-1.1093568704250167,-0.6882017833414474,-0.6985402020309279,-0.6898121773612601,-1.0277834148384282,-0.9864171677323486,-1.3402929651467845,-0.8819871987880198,-0.8993805422918169,-0.8466033209371439,-0.8079598292870092,-0.9958056516614322,-1.1935477078561478,-0.8930774158750745,-0.7303759456172914,-0.6531366770758369,-1.1463117429121032
572,572,-0.7299454949382523,-0.6281942050492393,-0.6469095228483698,-0.5871605517011474,-0.6667692692675006,-0.5926286155882448,-0.6787712466201683,-1.2476202218183587,-0.7195602611496607,-0.8744579109444447,-0.5369017808223127,-0.8746964907005669,-1.0732812211134752,-1.1381887862940707,-0.885314126328306,-0.8237495428850984,-0.6806270753712123,-1.1425021403870335
573,573,-0.7262648698620764,-1.0862602500430463,-0.6624574866672862,-0.6598989850644068,-0.667846846338851,-0.6554138807043177,-0.9324516243469523,-1.2416221923364228,-0.8968348974420375,-0.7054794135208573,-1.1255851395527139,-0.5424260981298887,-0.8024688016188457,-0.8773180375797166,-0.8587172594665511,-0.7319762821906269,-0.653020431963045,-0.7117402890587065
574,574,-0.5931580380573424,-0.8891728417385666,-0.599344706195523,-0.6002301193754377,-0.40892969386775263,-0.6776342732043065,-0.4823075385135899,-1.0816311590451644,-0.7032082442475783,-0.9663746449218658,-0.7953170487718867,-0.11692376216039661,-0.8028762483298195,-0.7936680912639361,-0.6595462480189267,-0.7803594954708933,-0.48660145549248235,-0.7570941405672773
575,575,-0.580263049436812,-0.8672475285308828,-0.6173853892599596,-0.6034179562210156,-0.671006450613725,-0.7774122756289947,-0.7384452674121385,-1.1245383432838467,-0.6603812390294366,-0.8787162513661271,-0.4288296148147569,-0.824246290061796,-0.959656096545592,-1.1415300330954499,-0.7175052741495407,-0.8559662767618801,-0.5890698308665657,-0.7491538437093036
576,576,-0.4003648945217672,-0.7257859429939963,-0.5197449527135988,-0.24161839822820758,-0.5711263701946659,-0.6561151078994665,-0.7758767438704949,-0.9700289129269604,-0.6918973959103678,-0.7672680231233365,-0.7279014313209848,-0.8591962776593056,-0.6124570216107629,-0.5549146274740341,-0.41970407002029514,-0.8027462887892323,-0.569783650605472,-0.7130633501665815
578,578,-1.0130585935909355,-1.4330626122573145,-0.6438786411150753,-0.769869927506097,-1.4020273257020626,-1.0631311377710486,-1.0400271704524593,-0.908064852029308,-0.8641712567572206,-0.7084305294471339,-0.8860048148111607,-0.5495907532095818,-0.5229092109908388,-0.9124699232528832,-0.6769159075770889,-0.8432444792829205,-0.5833620678803635,-1.1285695411762433
579,579,-1.0603232606585744,-1.4274364239229582,-0.7791499721400363,-0.8287404889312557,-1.0549896587276488,-1.3382209430983343,-1.0196529042867468,-1.1161383483676068,-1.0362130224779391,-0.8288717505223657,-1.2632704784420146,-0.7997843096637758,-1.279376727308855,-1.1744583495366743,-0.9960837698734079,-0.8842168804367719,-0.704815530483234,-1.371461959334062
580,580,-0.9920870014216799,-1.019473057096426,-0.7960395135411025,-0.8206397204916492,-1.0565291941089237,-1.1785551621087327,-0.8263075760760269,-1.0627616788347762,-0.7950654740502954,-0.8276131049280543,-1.1726836747617162,-1.1067639617864082,-1.1976107697587637,-0.9404501270576391,-1.09678408524499,-0.7356618465641136,-0.6378938212136288,-0.7503759599851899
581,581,-0.9801594547836954,-1.3350649177514524,-0.21892081106329567,-0.664250626027225,-0.5796779037854313,-0.8612898631776303,-0.8000476997309829,-1.1334209523245242,-1.0330827378304042,-0.6613949050970226,-0.6476270460631846,-0.7399227252712244,-0.9231228597754156,-0.5364002073557179,-0.2343882649223535,-0.580909844641514,-0.5939823975588245,-1.0506563631533028
582,582,-0.5633305356950452,-1.2054730558858,-0.7252767762551087,-0.8121464019407756,-0.8360435524676885,-0.8377187805393252,-0.8286301194379647,-1.2241630120712532,-0.39440760486615395,-0.8908153511834328,-0.7771867891580649,-0.6554902515837163,-0.6949672672640452,-0.14597348858946985,-0.6840544605025819,-0.7486493686062765,-0.5435933233438639,-0.7884435720743809
583,583,-0.547927681489814,-0.9482687130329429,-0.5145165035983919,-0.814008865872511,-0.8154045410450205,-0.3379053840231897,-1.0679024082617947,-1.0505360018516698,-0.5802733614823447,-0.9108001707930264,-0.5528873950937114,-0.9565244907069225,-1.2472956939462214,-0.9381582496993465,-0.9210811740641178,-0.7442502510572429,-0.46171050359034316,0.08383770739235974
584,584,-0.5963623585157981,-0.7551996140204463,-0.6774502502312455,-0.7142278578287026,-0.256520474623419,-0.6368138159706638,-0.6357368509446276,-0.8734548978564032,-0.7584440801672779,-0.8882069172462544,-1.1061579700916286,-0.5196377518705675,-0.26593172556665506,-1.1698098122666447,-0.874745565515025,-0.6141568101711372,-0.6146228486464004,-1.14516421238168
585,585,-0.6408382088721128,-0.9557990275234056,-0.8129629128843089,-0.2425770940769057,-0.967444683302057,-0.9069664186336502,-0.36104785568660275,0.04727553309687474,-0.8319131657237185,-0.890323525255884,-0.42359252761184213,-0.8703207613299716,-1.3594391507775418,0.05333142956260988,-0.8644658598233144,-0.16868961440412117,-0.16753821667518404,-0.3065453689711683
587,587,-0.8813071529057979,-1.2453715411111166,-0.7534528590681557,-0.6796710498313033,-0.566928503836236,-1.025534943869662,-1.1214782058758586,-1.1571937078811392,-0.8732866458545561,-0.9597358149908227,-0.8841470130388115,-0.10620031395903343,-0.774994186276271,-1.2441020858708898,-0.9099609845410671,-0.7104108606433088,-0.5150504092929765,-1.144774327304991
588,588,-0.8243719356135257,-1.370396772156113,-0.6455200878666442,-0.8133867946066141,-0.03874617967471678,-0.3075753936186808,-1.139927512883672,-1.0024660707752662,-0.6177492798450849,-0.79388703983035,-0.15048224854215875,-0.7431053181453371,-0.5978444365039373,-1.0195462195310747,-0.17279066635225085,-0.7844155832550758,-0.5880459417109698,-1.3358251569112685
589,589,-0.9143001972634561,-0.9394501354580624,-0.7880219941816468,-0.6910228446796604,-0.561605123886627,-1.102898049024582,-0.895652513490838,-1.0573284289636384,-0.8596244406765403,-1.003069074788155,-1.0388093550461313,-0.7544815659550327,-1.0668310770278915,-0.9814119931401634,-0.7409571973474925,-0.8857251705819806,-0.698309946352632,-1.3183627768380173
590,590,-0.7799083689848386,-1.0459906758412048,-0.5071801268435595,-0.767090775985372,-0.610222648765838,-0.9093039579545728,-0.7484002655698043,-1.1092860365876218,-0.9085096402986887,-0.6719782949014823,-0.5685848478893323,-0.8043813995370096,-0.9863481144350416,-0.6868208576958161,-0.7411669877541305,-0.8472853250163298,-0.5848355621914395,-0.6308005950357753
591,591,-0.667081534751061,-1.0158495908730851,-0.441186665495699,-0.7534172147935333,-0.5604409951086455,-0.7202269316768577,-0.9485826706785367,-1.0738194783330075,-0.7041216797585299,-0.8637055463752057,-0.9380828928893259,-0.6419329526674444,-0.9043093520602334,-0.9255104273630603,-0.8801955769807767,-0.9097011683727338,-0.6932765112903249,-1.0429367491392114
593,593,-0.7535032268513073,-0.9353925124658777,-0.4386283879836167,-0.7798629059863217,-0.5060171573649248,-0.08049599764732707,-0.7851042538877065,-1.0808630837070328,-0.6835188016955347,-0.877992212796034,-0.09519342656647645,-0.9324413416674028,-0.9196228923479683,-1.008912281149132,-0.8079340108438132,-0.8056276484004857,-0.6604764506482856,-0.7168398336784703
594,594,-0.7787906181459313,-0.7488884149312255,-0.7171825226559154,-0.6317349184895934,-0.6150961213138314,-0.5209620123288509,-0.8053885455601116,-0.8778050360998834,-0.7306046522789955,-0.7834661707671807,-0.729145941842818,-1.1312393935877438,-0.7322179367670842,-0.8808090542181565,-0.8261005305726751,-0.7059947494105132,-0.6942000791551497,-0.8405817097203517
595,595,-0.6853011981532313,-0.7327249304363324,-0.5603348240825876,-0.8136144040066612,0.053287402215942,-1.0955503410467615,-0.5307295394093946,-0.8483939224246124,-0.9469731347034609,-0.9613600743874101,-1.2262976578875926,-0.5666329033778172,-0.5951023120583722,-0.7019373920162322,-0.5393975981416068,-0.5111470589389819,-0.6424044891259052,-0.8517365263953284
596,596,-0.7925419156871196,-1.007661093883449,-0.6677364006716551,-0.783699678189497,-0.946287527938804,-1.0834686790104084,-1.023465270997856,-0.5656920780712156,-0.807949794820497,-0.9106650412176547,-0.9758695826016544,-0.6319754600653248,-1.1333346105016793,-1.3343603475248038,-0.6832232894344136,-0.8602324190308723,-0.6652520268210247,-1.2953071099149804
597,597,-0.787340582843821,-0.9623448463123734,-0.5685775109492595,-0.7890413323594894,-0.6979281164140566,-1.2148484405855429,-0.8613450520615852,-1.0016924158735483,-0.9305180256867623,-0.7881535975473989,-0.9402675801857243,-1.4057976762515445,-0.902277362605163,-1.131031610602519,-0.9417662851341062,-0.6255851353148025,-0.6588804507713995,-0.6867732744511558
598,598,-0.8731444267787959,-1.0316157077843608,-0.8253589262616239,-0.7820175202423821,-1.0087417133881502,-0.3279798094963445,-0.7023969355902926,-0.8491657550102018,-0.8869105384348779,-0.6957539766843434,-1.2632597589148937,-1.0919990353376827,-0.9951173951429325,-1.0983207991918287,-1.0199451497614693,-0.7047150001092403,-0.6969917755867465,-1.324716846039959
599,599,-0.823812457817452,-1.2853128418339517,-0.7671388063273027,-0.8426617884511419,-0.8655125626375018,-1.036207633134339,-0.9683911916791536,-1.0520720063954725,-0.8529550951150012,-0.8917826909485425,-0.8251667550759966,-1.1276742206872867,-1.258617013400349,-1.1392201589480908,-0.8188237714779357,-0.793515829130954,-0.588447726836023,-1.2799194951017683
601,601,-0.18106464286626658,-1.0850456731460736,-0.663429627167595,-0.6978780030614592,-0.34244633699457705,-0.27545205083145674,-0.4392067376068054,-0.4995769742144171,-0.8097545901448954,-0.6514958099373901,-0.03564286132442757,0.09993899469830461,-0.9133135900223773,-0.9186510644937423,-0.5793441921815635,-0.22524119044986463,-0.6430088873021043,-1.0406962582325705
602,602,-0.4268460923024186,-1.1094653696749608,-0.6707277436102965,-0.6591950594875997,-0.8427648429907193,-0.4776259519618249,0.515202685472732,-0.9631599576294246,-0.8491267452246514,0.4810883515288868,0.3210103466345361,-1.1770347506983516,-0.5914574473359244,-0.25811223234061087,-0.40408774159378485,-0.61061951797491,-0.5265929339922537,0.053058656609317544
603,603,-0.640149479288986,-0.7410873566017266,-0.5858205505440993,-0.5305609784684666,-0.9682173812345446,-0.7150394051259936,-0.8592886491209804,-1.1547998164148667,-0.6160767404427255,-0.7591610500297289,-1.0898358046754182,-0.4803496587484887,-1.003150728235552,-0.7839475609997415,-0.8816128460389668,-0.4329970941320856,-0.3466971746089353,-0.6808351665924508
604,604,-0.6320214727784382,-1.1273094805447574,-0.6537469292917012,-0.5359340628547372,-0.5999224693268294,-0.7899883114180734,-0.8000081412747726,-1.156171129404003,-0.5661686702008953,-0.8385177355112999,-1.178912861414443,-0.35697241789576717,-1.0491560818234753,-0.9780379763689628,-0.8412731643035416,-0.7097759509993884,-0.6531236671240247,-0.42987462308005986
605,605,-0.7543354639251387,-0.7359398761169227,-0.4561764032841319,-0.7967875795448615,-0.2862651429348047,-0.35075461058788243,-0.6495041376089481,-1.0476518460590822,-0.6390143752920355,-1.0014368268047007,-0.25970862563738495,0.41564313284580867,-0.7957812515524498,-0.5647787286724048,-0.19782409736331208,-0.7132664459959205,-0.43509698448207024,-0.5574414670709154
607,607,-0.7642693633637363,-1.0413556931791605,-0.584302752747421,-0.6816619740808503,-0.9130989847615248,-1.0973769203900536,-0.8521303625317658,-1.1934947017278401,-0.8520805690090902,-0.9111593050063805,-1.0290438625455263,-0.528075343317925,-0.7255081078844047,-0.6906178832538556,-0.87458564640316,-0.5464302348266828,-0.7010194657152327,-0.9823770173484454
609,609,-0.6534061160940894,-0.524715576010686,-0.6551852008323734,-0.44398120614234216,-0.6880437453949138,-1.0730907476252438,-0.8225449894568759,-1.214261262790315,-0.6931047705833616,-0.7213103717180845,-0.8121249025640639,-0.9035208101813615,-0.6117005520325545,-0.46002560642666984,-0.7170957560936825,-0.5659155736197893,-0.5548396390671096,-0.9256969287872289
610,610,-0.9154953323460978,-0.6040098220452997,-0.8505741091999195,-0.7516375848124295,-0.6356072561770525,-1.0614775728212291,-0.8255652069541226,-1.004155095637667,-0.9039680602714163,-0.873887494864622,-1.2972676996463735,-0.9294288049716168,-0.9909645028494833,-0.6678069778732983,-0.8361694149734412,-0.5524935603959561,-0.4017120486295088,-1.0753701711736396
611,611,-0.9309917613968521,-1.0330663077835358,-0.6803982801630587,-0.7148251731272564,-1.0281217693198461,-1.2795097629217231,-0.9503289655183143,-1.186933367675454,-1.0519164012043565,-0.8879174440588481,-1.153982881827503,-1.1508875559748992,-0.9031128047674009,-0.9195394617817283,-0.6254903805041845,-0.676895819092004,-0.6866276613801593,-1.1828398111978995
613,613,-0.8324837909145999,-1.0679881865505787,-0.783864050193718,-0.8597790394581447,-1.0314917856513866,-1.3120863963515408,-1.0680453145591904,-1.2450454608411454,-0.889168631379426,-0.9244125989356797,-1.0413825524811058,-0.8758849451527471,-1.3099470462285334,-1.0224464592013314,-0.966486989518571,-0.7504149783747179,-0.6675724661607773,-1.2123238435661083
614,614,-0.6818954071221057,-1.050708070279538,-0.6818433300442149,-0.6627735615312909,-0.6660115141646697,-1.0184047961039564,-0.8690493544313914,-1.0265514101353144,-0.5664978971540088,-0.9108337727324369,-1.0057752227548993,-1.0066744758173372,-1.0891126919051635,-1.0894437860700412,-0.8302760115721639,-0.8228025844154422,-0.6756447312493432,-1.1662480597390321
615,615,-0.5543306044048846,-0.9827837148928497,-0.5522756278944376,-0.6176898069762693,-0.70290156243404,-0.36381722108593806,-1.0005397409880532,-1.1473126205497806,-0.8500700577910669,-0.7206641328711821,-1.0725276152625702,-0.6091017883845198,0.2404013586540298,-0.8689787500683203,-0.7993407135774131,-0.7506128366487926,-0.3224223778358749,-0.4231343529358172
616,616,-0.6638747704125748,-1.1373077434838914,-0.6179231026016289,-0.5003811567854832,-0.34449266509875587,-0.12373400440890762,-0.6537560526294695,-0.6605675055747555,-0.9032799442528197,-0.9104430713731866,-1.0739949975928127,-0.7922409279136985,-0.7067522311632167,-0.9341613925214943,-0.8261248338949219,-0.32618151652874916,-0.5264855541392799,-1.213440380881745
617,617,-0.8153274583985416,-0.885475479948173,-0.5976732421882698,-0.6322507470988018,-0.8862391915804958,-0.7941972006437881,-0.9938406685353587,-0.4102429820729349,-0.9222400838892956,-0.45312288361662206,-0.8695787364098487,-0.5370807784573151,-1.2232257829158184,-0.8368833449501618,-0.9185841947861175,-0.7935076181541998,-0.5908276396505148,-1.1546262329244323
618,618,-0.7673281160875074,-1.271089014623923,-0.5252943947121442,-0.6978881892503598,-0.6375911324932112,-1.0119988622176561,-0.9724148049099129,-1.1545606475742323,-0.6999752457391856,-0.791305797597407,-1.1381753414735154,-0.6850239039309456,-0.9139086362984827,-0.6809525593393458,-0.8389398675333434,-0.8119120323157061,-0.6160353399169527,-0.8924218426001831
619,619,-0.1707955023119829,-1.016144096732009,-0.6029252034262107,-0.7415207761141307,0.21916928288623733,-0.36434526112695964,1.4991142172259044,-0.1774670772030176,-0.33241935872426626,0.8015301609662526,2.2622483282895853,2.0769194298228006,-0.33512034532704266,0.31504730761770783,-0.10489796674686264,-0.5775025656625786,-0.601904929552837,1.6143332066119551
620,620,-0.8295361615869422,-1.0857148258689924,-0.5798404285687355,-0.6430352509774832,-0.7421526127740616,-1.20881708368104,-0.7273939383193241,-1.145575695810643,-0.6372547314394228,-0.8137645040397128,-1.014976991482981,-0.6990392962166666,-1.0376511840464582,-0.7397218158133034,-0.5184959893264321,-0.6206299412982113,-0.6046582598267993,-0.6038717447800799
621,621,-0.009978476918288652,-0.9926878935877038,-0.4812334187386238,-0.18337485491778666,-0.8261236584605051,-0.2634171911024106,-0.5980253315418231,-1.174368668276774,-0.24710793593537242,-0.502576051682202,-0.31651031038311356,-0.7801230547615683,-0.5713889216429517,-0.8492153997392168,0.25299747261578504,-0.35882401897348304,-0.2832550079324185,-0.6827673310219934
622,622,-0.8002953117378029,-0.5259901855741885,-0.28571463750218534,-0.3508520512113726,-0.7736207615084774,-0.5793300473619359,-0.8752540823848822,-1.0748464990433015,-0.8015328673031185,-0.8846005149625134,-0.4416441342086979,-0.935419637634128,-1.3340746481943935,-0.6023281136142616,-0.738915290361034,-0.6963889317443899,-0.6385998945902149,-0.6909865184199981
624,624,-0.36126105166796113,-1.2253576542943274,-0.40303156536729356,-0.312555161151844,-0.2507172215250972,-0.3421325177950615,-0.3871398114068516,-1.1270109960402237,-0.6769050474439803,-0.7846082334682692,-0.5790469565075994,-1.1330142975838398,-0.6683241170052497,-0.31723199431030125,0.21638676037514798,-0.7102777187589852,-0.6059376165342588,-1.1280494755972175
626,626,-0.919734930439768,-1.195330243053959,-0.7269269876612553,-0.8881430792388096,-0.8256208243757337,-1.4873626170673855,-1.0349432082787566,-1.2136860581468272,-0.7856808012493174,-0.7531034025461958,-1.0739055007322875,-0.9820478499735089,-0.8205350558133002,-1.1563205029240475,-0.7793335378974049,-0.9007314530081184,-0.5769391041981194,-1.31034131629129
628,628,-0.8640337067173648,-1.0145450583160789,-0.7451166822847499,-0.7783862603794919,-1.1498747908638447,-1.2818282940108114,-1.1230449697503633,-1.1236207648604777,-0.985536634760543,-0.945027441976973,-1.3038358398750893,-1.0049628664921775,-1.1648026692366553,-1.0242448105162105,-1.1118978671387663,-0.7990275930720178,-0.5561373055417598,-1.2665415455268003
629,629,-0.7541864815586689,-1.17303061861449,-0.7963189668048828,-0.75171866249209,-0.7469977485610543,-1.3631076812990741,-1.0229709191511385,-1.0178596307159924,-0.7717820767022736,-0.8426137693803812,-1.0218627399590887,-0.539791112519082,-0.700064874581253,-1.015100353528857,-0.7245085301815786,-0.7848299160722548,-0.5754398754661295,-1.064392611687945
630,630,-0.9837057806990206,-0.7121289869963933,-0.6435795192889828,-0.8184843308937535,-0.9682323482585439,-1.224150807402773,-0.7933030369238021,-0.8359223306909629,-0.8953446522235019,-0.6910407016964906,-0.4847799793078351,-0.8866773759043739,-0.6202861026620008,-1.0632270384902025,-0.7072169396374516,-0.633816717747594,-0.5870582636832626,-0.8513115387521881
631,631,-1.020783665365312,-1.2928809274112791,-0.761412748521761,-0.7873843215087499,-0.6803948089467635,-1.264982472757894,-1.0025670241771099,-1.0785094425525203,-0.8866956673612726,-0.9858952490063703,-1.252424628299092,-0.8873786581543133,-0.7227415577997682,-0.7795713404191535,-1.0002995817505818,-0.8577643352983695,-0.64246991278375,-1.4673319160329648
633,633,-1.0364338859205278,-1.1887791384282167,-0.7626983317884687,-0.8450082836710229,-1.1677514625871972,-1.049358431398098,-0.9024214402472971,-1.129830894107537,-0.9850746935096563,-0.9104494160701198,-1.3939801883927534,-1.1178769211452089,-1.0167686482296268,-0.818499443922156,-0.9757369426254219,-0.932523224137498,-0.7259031182565613,-1.0671739278628694
634,634,-0.725873950789608,-1.019535173421673,-0.46572571128597784,-0.6219817077839863,-1.261421514487731,0.8021882607446655,-0.8131294878041113,-1.3622543161258667,-0.16628703917840734,-0.14897542611190445,0.3372140821443267,-0.23850068073593514,-0.8794699946227515,-0.6216045668026627,-0.7534128219639518,0.03029792128920346,-0.36161432041011304,-0.23132556384642497
635,635,-0.8038407756078982,-1.1058989795088487,-0.3560456790994747,-0.6442820311789474,-0.901180870667586,-0.344285247161457,-0.7350332314644346,-1.2130007136654122,-0.6968288492559885,-0.8007128130893987,-0.615830150363778,-0.6141032137782791,-1.0855762842076686,-0.7495519731810627,-0.6394522115089474,-0.6895959097950759,-0.5402247626822513,-0.7493128543366125
636,636,-0.7146529189299038,-0.8857021367950638,-0.5907851322241532,-0.5946371903448158,-0.7352999820801682,-0.7184375601039822,-1.0175817462924637,-1.0681083275805936,-0.8695303474590715,-0.6767176207426886,-0.8224790293821257,-0.902843835662134,-0.6784015122674022,-0.7305099728115597,-0.4994568142742853,-0.5693079436110741,-0.7005457272513852,-0.8966619405766609
637,637,-0.7018269361801156,-0.7158079535468482,-0.5664426440679927,-0.7576763750220807,-0.7395242454746913,-1.210215404418963,-0.9123930744182671,-1.2800142358995912,-0.7873096773069248,-0.4684678842775023,-0.6485777385519738,-0.39889173524502736,-0.7296432086595787,-0.52540782403192,-0.7173912031387423,-0.7947717887486909,-0.6319211057845567,-0.7331703599745715
638,638,-0.7557917710644017,-0.8427592245399317,-0.7452488152523647,-0.7636990574416497,-1.2238792589897987,-1.096686931525703,-1.1549176234369303,-1.2028806849451672,-0.8690837322494626,-0.8864948077471327,-1.1089251280613055,-0.8260482382389404,-0.6256300260375027,-1.0884233438406254,-0.9867059795195453,-0.8010275223818046,-0.5642208445806441,-1.2663431529209395
643,643,-0.9709679555174257,-1.0396459036116081,-0.8117300567829553,-0.8222987497175653,-1.071559680930182,-1.0410492786883714,-1.1165777982027005,-0.9569653093114906,-0.9433143509381638,-0.8772352777145581,-0.9544336485091992,-0.6738136668142007,-0.8870618106264284,-1.006349231004221,-0.4531711942077288,-0.7665103436768533,-0.7025424351101293,-1.2018586910496685
644,644,-1.0783637231816885,-1.3671620907334787,-0.7640781926622172,-0.7555344570205348,-1.2039695732969027,-1.2617570634202881,-0.9533272317066527,-1.234782138280632,-0.9677419495200794,-0.9590173112274677,-1.2183360924360633,-0.9531887897546658,-1.0453827272363763,-0.8967377769082119,-1.0511160527029881,-0.821885443536108,-0.6282519391159308,-1.2383274731685454
646,646,-0.8009264021677736,-0.5153601225764152,-0.6951847949692277,-0.7717013621275987,-0.8111282201625334,-1.3312029769540665,-0.6017539375500464,-1.1728397129706207,-0.7515607474266638,-0.8285306882507026,-1.0380174481078532,-0.6194242198926775,-0.75869673306648,-0.5234435961228843,-0.7588078410444035,-0.7575438027608593,-0.6738413561402032,-1.1654276935211996
649,649,-0.6803852536690468,-0.5880310359509151,-0.4540505752296079,-0.6290439555490429,-0.6145095594095101,-0.4317490745507036,-1.0191286323307913,-1.1186173926360385,-0.3812744743129169,-0.7301756442920196,0.12232385848591129,-0.8620062751171996,-0.1837614777314067,-0.9124950086587003,-0.31430140972187687,-0.5668584828416584,-0.5846085719748388,-1.1110325210383225
650,650,-0.7247610192046195,-0.8935514554564513,-0.570649252404551,-0.678412221904705,-0.698099912155244,-1.0262166198046976,-0.9293305979152978,-0.9857912288860582,-0.6718453150856382,-0.6777928856582465,0.1453736216497953,-1.0792355013409598,-0.7053388622134309,-1.0362698995650976,-0.3277581116469652,-0.8473861965379498,-0.6216032628454208,-1.1010709450769616
651,651,-0.908828449886943,-0.7981344846174425,-0.692196303382036,-0.8263241961683349,-1.044695991629759,-1.0471206125576742,-1.0005751369137443,-1.0047140337645857,-0.7905082996016979,-0.7527172104859325,-0.4440300463312747,0.0024194759427768036,-0.88367695721989,-0.7533812269370643,-0.7311285861063741,-0.8841263473515787,-0.639539819453813,-0.9661275594974805
652,652,-0.7418678476438659,-1.080103727538742,-0.7465215126578274,-0.7159642649726456,-0.7177384953174387,-0.7362105231612925,-0.8839750861011842,-0.9960469467267055,-0.7951513502506502,-0.8171678539150797,-0.32976699902613565,-0.2945736389576365,-0.47446807279748643,-0.6006268098550424,-0.8894695960989536,-0.7785565846734759,-0.6813466416521974,-0.7093577665924284
653,653,-0.8731784564558492,-0.6942047170611283,-0.7084025768457005,-0.6357293400198036,-0.4547051885545016,-0.6385495116351286,-0.6590248613139198,-0.6697643000141156,-0.9993368931620177,-0.7442587412978111,-0.68728826245529,-0.7198435682293028,-0.6117877557953507,-0.8308637205566827,-0.9376141732990421,-0.7527585313902457,-0.6126334097776946,-0.6409962285442569
654,654,-0.8835651182735116,-1.101022479302519,-0.692293495470198,-0.6287031914158202,-0.5397320056219149,-1.2140214085148469,-0.9762879284306182,-1.0393276401765374,-0.9277533738971638,-0.924124849594895,-0.9891535728818752,-0.901255683038523,-0.450948136657215,-1.4023716776794257,-0.6552256169038791,-0.899428660687128,-0.48915379126066527,-0.9004198963842738
655,655,-0.71218260128712,-0.7499523832128369,-0.5533506443190915,-0.7581149699648003,-0.8100052022788162,-0.738490306701821,-0.6713520404711103,-1.1882019412996716,-0.8117315331832136,-0.836523083260449,-0.571860919815615,-1.2168142503386234,-0.34664920068788946,-0.9551627995260665,-0.249658429345233,-0.7837271513806211,-0.5611020187575096,-0.6687393550634138
656,656,-0.5767793244695288,-0.969402211686176,-0.5539066921768683,-0.7670687615231768,-0.8048196075616846,-1.0292817770266327,-0.9881662449964829,-0.6627136936043315,-0.7726074866279274,-0.80837733563458,-1.1590971040819777,-1.0669877565281694,-1.0201785184337822,-1.1250621445828377,-0.744583645568341,-0.8499754129458277,-0.49013682441919454,-1.0126279271753675
657,657,-0.6359687303817526,-0.4686116891862877,-0.6744748319147789,-0.8485092772234827,-0.7374414468704207,-1.3108405750756456,-0.6101719314863479,-0.9485010828089113,-0.6963155958451197,-0.4594291244252271,-0.529646618861457,-1.060029065418523,-0.49671092310137693,-0.7404881215668542,-0.7603470923019153,-0.7681792639215139,-0.6322938313317474,-0.3814636250528408
660,660,-0.7804768210653058,-0.9166356988630295,-0.6652173769144444,-0.6319754915629842,-0.8268453732254124,-0.44858519585896317,-1.1752851303904448,-0.8017572525475002,-0.7386627642797863,-0.5120011740786707,-0.18414043214047565,-0.3279232727353794,-0.9289969673454209,-0.8472212467642548,-0.5995671753802109,-0.5927855552684366,-0.5232176528660758,-0.4771922735542059
661,661,-0.7082487316585209,-0.8599281683214777,-0.6189938594822703,-0.7538321403932208,-0.9995818960232505,-1.0193845292584374,-0.8941178379034815,-1.235727770661499,-0.7760049861030776,-0.9211409056097879,-0.7408743337405151,-0.7744367143977708,0.31549665537781635,-0.6374088280120704,-0.9207513126182945,-0.849217416378679,-0.5192470151318714,-0.8543224392241234
662,662,-0.819044507411683,-0.9737710899664854,-0.7025660775671213,-0.53244242235884,-0.5743012068054361,-1.1268522525691327,-0.9109570578253853,-1.0927700376035794,-0.8815156877366658,-0.7699327140856819,0.2687475698678678,-1.2102552866127425,-0.3191906283366129,-0.7370633360192361,-0.9201831645052397,-0.6769108425603397,-0.5479453409773586,-0.9643456149334976
664,664,-0.6347019841933179,-0.4919436928770059,-0.6282403256851437,-0.43675558203093434,-0.732510620357801,-1.078071418667105,-0.9312136630705097,-1.199282502062648,-0.6338833808525142,-0.33768731947639213,-0.6320177152687417,-0.48736867631670805,-0.4959720077417061,-0.7283588735419457,-0.5010109536271405,-0.7633329874246952,-0.6951950192708873,-1.1061938802663251
665,665,-0.8234235087356205,-1.1935118329165433,-0.6388137651885692,-0.5420880792144182,-0.7948704714466922,-0.28013705832122343,-1.0063975717222418,-1.0675158443798431,-0.946547430029885,-0.7801466596304504,-0.6530165136066065,-0.9025196288488488,-0.8199254805748069,-0.7975389491524723,-0.5672351094103882,-0.6947568904742105,-0.6083715359505918,-1.129209934230164
666,666,-0.7488714859467154,-0.7998801589879748,-0.5670953719446525,-0.6399499594213026,-0.6381789606515185,-0.8225788171552867,-0.601542732923202,-1.1028580919792879,-0.5656278620533355,-0.8963412233391631,-0.8400104214350897,-0.9208570676019013,-0.7390136702302734,-0.5546782349126579,-0.6916059191489491,-0.7379717052605497,-0.6428032275169571,-0.6041981101175135
667,667,-0.6346024399846345,-0.9692011910285189,-0.5508489641505969,-0.7213428258069179,-0.32250381353198393,0.03203663911342316,-0.7585891109577805,-0.9368737701674829,-0.7311798548529159,-0.6898313266818297,-0.9381203308288136,-0.7505490067039879,-0.7583602828363398,-0.3867129120925279,-0.5598291480073682,-0.7691770682464002,-0.6094084883932622,-0.27514056646367224
668,668,-0.6519033798565924,-0.6582120957022563,-0.5351873100863812,-0.7430309870231849,-0.6308677538793174,-0.39716563274519606,-0.7926947567712238,-1.38282416852669,-0.7383962687634387,-0.9080072928232742,-0.5728312966174088,0.25079440316343693,-0.5634426704632226,-0.3211423833491436,-0.7590460239451383,-0.619140528258635,-0.5625522544676951,-0.5326483090009527
669,669,-0.5809197006352304,-1.0479531387052619,-0.6178000175854488,-0.4752384947225724,-0.7269911551803416,-0.5899685010563718,-0.9398657198446227,-1.1184462462440536,-0.8518146062969689,-0.865995798154762,-0.9766328171603892,0.14947509032036185,-0.5217549374533273,-0.6845219163329509,-0.45315591144976725,-0.7669216936449366,-0.5404606944709881,-0.35475958128597274
670,670,-1.2903325063398858,0.08080062182771722,-0.17978329334753587,0.1580660203817392,-0.41564404012279416,-0.5251620204897716,-0.9765407685169858,0.02783131589751099,-0.17790015224802008,-0.3234334810158461,-0.689512490131803,-0.6124656679905203,-0.6528109460413019,-0.5609850077462817,-0.2890745351770806,0.988523622764194,0.7715528712122153,-0.41850777444004517
671,671,-0.23309612171729102,0.4214357489827851,0.0862236723422619,0.17854104016998934,0.2969469967242078,0.48921533088601027,-0.9776992201770335,0.36713369410688024,-0.2166440889870048,2.1833119677735064,0.5541080132837459,0.05260317972569501,-0.6400804326989545,-0.34402342201243913,0.8465976413186758,1.9014489797782255,1.8348068742963077,0.05441029710599294
672,672,0.7723144735457882,-0.6391754364122842,0.13220751510720027,0.3672657037549096,-0.37540336196482765,-0.11811457291349502,-0.9175872310556635,1.2750534016977453,-0.43414469024129887,-0.5131876880000406,-0.32696879865953626,-0.5942439826076567,0.32673431547134424,-0.05548181814335936,0.5228542208607423,0.0543118225975863,0.7697899448732333,-0.521808233558638
673,673,-0.3820921159648604,-0.5644431630509503,-0.2575564853696322,0.24624653266838967,-0.5584565584631602,-0.1926632329173725,-0.9220105028262764,0.494666182889852,-0.2103366606854725,-0.4978061336215979,-0.7113430542688524,-0.3862400371643863,0.15040522089572525,-0.10856263146133319,0.20895425774752488,-0.1877005478166302,0.7537572218472857,-0.25257309275521606
674,674,-0.385283178096151,-0.46819222989137094,-0.13357612146431114,-0.08190659701343636,-0.22318589639246303,-0.0960508145655402,-0.7945549228064905,1.6767589936892178,-0.13356346366141086,-0.6520564607663017,-0.33964743050030405,-0.7907341836879489,-0.10286088119541514,-0.7274028621690815,0.55424403335776,-0.017790668166129262,0.48736871454279884,-0.26717156340150416
675,675,-0.025597416629974456,-0.38277329254819265,-0.4493426130106599,0.14037114101490555,0.16920109920606374,1.1600413409926786,0.25679692780944147,0.06400974374163813,-0.4781976879988212,-1.126358915504748,0.27178309955393903,-0.3970354981536257,-0.25318997664672555,-0.01339425070276598,-0.03149126244913763,-0.5210708103877775,0.7869799897627663,-0.18646139329028144
676,676,-0.07577148851472966,-0.17252671740914247,0.012400269586378325,-0.3096936726012738,-0.09802736785829327,0.05180616495425602,-0.4571849494139004,1.2273603674580702,-0.09940477776885122,1.8774899088745747,-0.08600578750516479,-0.4633804427518761,-0.3239336490223729,-0.1603822270139899,0.6150038336424597,1.0602407398846436,0.8981670897065787,0.15910493802445885
677,677,-0.5273600605506691,-0.43210203672046243,0.508286963169108,-0.21866145565356443,-0.48967368166454955,-0.775876375329283,-0.6808186299421718,0.2148431859321022,-0.3536061601084811,-0.22886482163444574,-0.3998432508786176,-1.0594183042126266,-0.14606047063516986,-0.3052249940537105,-0.4021424174455937,-0.4599542580765934,0.2474237175190078,-0.662421147590671
678,678,0.7402507953813394,-0.6724397284088018,2.0472842847201664,-0.2646583074524304,-0.4181147875612364,0.5894444855333271,-0.5530291219225564,0.9982366158565814,0.11821074218452801,-0.30925483266896603,-0.05406735933895616,-0.5979498038704281,-0.29209871253849995,0.26206790979327554,-0.13126146633788777,0.09138412165143805,0.7083981487840731,-0.4457369856310564
679,679,-0.05008789596460085,-0.2683249862386022,1.7807103414918763,0.07805761282639993,-0.3331525575286114,-0.04142351315226157,-0.7745271705424197,1.0540969788488397,0.05164409758898439,0.7731093195900921,-0.5190697347862794,-0.7282544192019857,-0.12243097225197194,-0.30204406716612087,-0.04064717204148269,1.0028114915182902,0.3278601901220384,-0.5818901371674149
680,680,-1.5428777699114624,0.07710366393554317,-0.03045040144222858,-0.25775979330200277,-1.3363597917196488,-0.9792073125571313,-0.6940793557386479,-1.5888979782724983,-0.45381371791765945,-0.9846705924292463,-0.10740283394633368,-1.7850537283518642,-0.6486538113873568,-0.7320233847623281,-1.5439980650748837,-0.8068399282757195,0.4583396092882602,-1.213475139992292
682,682,-1.9950428062795167,-0.20335189040618595,-0.36857686681782004,0.29528433227007944,-0.6146915817081734,-0.7909701479144138,-0.3719324177652822,-1.7766545001995113,-0.17917222762176407,-0.9735140994260726,-0.801781064199418,-0.3455307879220762,0.3045459621253878,-0.6811859973830795,-0.12574988227748893,-0.203117660966594,-0.6079074061798333,-0.5363793797085086
684,684,1.7508004526050382,0.3086549265366873,0.2954728642418954,-0.04538675643884126,-0.3015655215730935,-0.19695035984172282,0.6077665105712454,2.2270857888482585,-0.06659625615708463,-0.2364584129047782,0.675941967510856,-0.13123550766528547,0.0952532535656979,0.38084971652556554,-0.12847406950854529,-0.6442586029020143,1.4174831139255528,0.47255403254203016
686,686,-0.8062545060053249,0.10435670197150634,-0.09865414422819578,-0.25312753957042816,-0.171068400233578,0.3724576101645555,0.5723408204050928,0.7929111986798955,-0.04824637390102354,3.8490477361126554,-0.08097869490411085,-0.32983266369947967,-0.25842157512711483,0.4878515136992747,0.4622871786908587,-0.29385229658315115,1.6231298645450924,0.14600269436506633
688,688,-1.253817481543093,-0.5741880005400072,-1.2656644153718897,-1.0301506847220476,-0.5316122152054749,-0.4063227760535256,-0.7401122048155377,-1.2757543444996924,0.042121849822612405,-0.9032396838668219,-0.40561815805328627,-0.08288150566943435,-1.0696928868210935,-0.3015915680874039,-0.47027362051676624,-1.6704494530802785,-0.375703155023532,-0.8577206634362029
689,689,-0.9790150190371697,-0.892162131145376,-0.6410243678051895,0.609280657888183,0.22727700359354358,0.7500888660160605,-0.3682918673068375,0.23400768161835306,-0.15726362584424664,-0.6696223582582757,-0.30946483303992783,-1.4737650873696062,-0.8272347403393492,-0.0422277477199462,-0.3047184966971729,-1.2913926230817978,0.6097777281838007,-0.10270377523618178
690,690,-1.181606427626565,-0.3459902632385029,-0.04515911975489536,-0.7112681581273803,0.16322245358339088,0.002148230166707574,0.2669603230334533,0.4192920558303885,-0.39176498342306826,-0.5985968126636196,-0.09320777542941548,0.04982261442726595,-0.45103589844622755,-0.3440329205111691,0.13625936069096606,-0.7066899542306856,-0.21986608555323806,0.967559307188898
691,691,0.40254833890520186,-0.4331747276757151,-0.8473056456287111,1.0847958481023865,0.27939079465287,0.018331410167207057,0.6280962402409582,1.147860777603115,0.5026518751469253,-0.7480880192013536,-0.5174746504472096,0.2944198215301463,-0.6361114947701445,-0.8459951712836614,-0.3111395192722105,-0.32593811840260434,0.5810793572683681,-0.09845969357341008
692,692,1.750295706829702,0.27764508363556745,-0.5924788779832237,-0.12979000751576641,0.06257609337036871,-0.24101830215906928,0.584806047129805,0.347256741635855,-1.4659353209809862,0.01442239930087175,0.14410724736756753,-0.8142794261745839,0.03240646770440268,-0.7219098001075076,0.5782369776200228,-0.7882975550587507,-0.40452092427184927,0.17332658114757707
693,693,0.04643750639353899,-1.279863318132573,-0.6879802179910854,0.2857923234290149,0.9511935457230261,-0.22847669462459883,0.17334153865159407,0.1658480708882172,-0.7214938339798352,0.5030752706890059,-0.38706704609728887,0.07031019085714572,-0.7806386725370091,-0.9552125850149794,-0.26266250366265287,-1.612019642787239,-1.1207964420357541,-0.558979894621605
694,694,0.1259916174558045,-0.4407251853727015,-0.4372504047626462,0.7690351981345159,-0.6835425192003057,-0.9086263543808039,-0.027535916087262902,0.14122076186730279,-0.5532906892284517,0.4858131603288239,-0.23827720042687373,-0.47921975324719207,-0.3769918396913882,-0.6665301308784197,-0.4157420694472044,-0.9545897108595459,-0.19301423167827622,-0.5485915659271077
695,695,0.21257806221455003,-0.7943806852261568,0.3428263025315428,-0.21571587902944245,1.4396383640118677,-0.5654481983416784,-0.7969919356560791,0.7969798101766415,0.031158771742765205,0.03062994420014091,-0.3808742272308164,-1.0889914351314929,-0.5862326483600164,-0.6550166626880515,-1.2344901826818326,-0.5915470107988657,0.7548989626959485,-0.33748143067992575
696,696,-1.947669161004293,-1.3382689178043174,-0.5925148846019467,-1.1506129463960855,-0.9182658857739735,-0.9972649150961619,-1.1873901004548617,-0.9880283101313517,-1.2518617980700248,-1.3054348621620706,-0.47622356648739633,-1.3212220063635187,-1.2527944411856597,-0.5939236698371737,-1.0861792954766887,-1.931571174503395,-1.1768698758069274,-1.7116339706001222
697,697,-1.0684743691445207,-0.9431428598734586,-1.0652371025441825,-0.030782120734719014,-0.8061623742824651,-1.5125661579800878,-1.192362529770432,-0.19364809602884342,-0.5865695673789721,-0.7481334128985454,-0.4486375139537318,-0.23081091023603476,-1.2265859075172658,-0.24259743783741422,-0.8325530036503782,-1.3121854483959947,-0.8138550871921463,-1.3558291317894537
700,700,-1.73510086607558,-0.7298462789062694,-0.7915346973523891,-0.48724091400546743,-1.4126536488589874,-0.5117285602711517,-0.23813385883819835,-0.9085311116442849,-0.8048739888489909,-1.0267656148411342,-0.6862416684013226,-0.7857192125683509,-0.9015182390612477,-0.9155743413148045,-0.43394552428036354,0.06026834382714254,0.6235865532177255,-0.5002103960037967
701,701,0.045744512595276995,0.014755920933179276,-0.06176573071389994,-0.23017112624358957,0.711994266966218,-0.6275672405709626,0.008908936778564904,2.4076613766471824,0.7107659914724976,-0.15244946798864997,0.9940091570172498,-0.20204508820318248,0.05320829290322279,-0.1859020848556298,0.33432138266314704,-0.8972369392831766,1.318957562032471,-0.06960254725097152
703,703,0.3113524736426925,2.6393635834311473,-0.36479822309161747,-0.22480328720444143,-0.20610041896679118,-0.23963285114168856,0.43911310433824025,1.7714589756460268,0.31745415044615116,0.34918092612495993,2.4402633071867923,0.37564340710112776,-0.09923619488601036,3.3918927978290636,1.4307374245020206,-0.27810763539931865,1.5729619414687024,0.5979986708361111
704,704,-2.1277922706098984,-0.31391228867111515,-1.6600508845843809,-1.240774395247791,-1.4155366809982457,-1.2480253523576075,-0.7305060505264934,-0.6158977133306405,-0.6758635359627938,-0.9710669537283284,-1.2806216697451345,-2.0548477993631167,-1.055178174328287,-1.2238890784081813,-1.4124479437923487,-1.8042761750043166,-1.2808790929478195,-1.1487605802939216
705,705,-0.019527152458635906,-0.4939695394330538,-1.1224985171149429,-0.3336508083405758,-0.8252932237563048,-0.603232592778084,-1.18834229835834,0.5054700062600698,-0.08133725374243025,-0.3161620359744925,-0.577833027930716,-1.577237797288589,-1.052343591697287,-0.25104363392471113,-1.0567474360908917,-1.2294194618199268,-0.5660785140362983,-0.04956508130313647
706,706,-1.3533987633295819,-1.0632850249909154,-0.8575114808308165,-0.5516760385274488,-0.33606842036967577,-0.883448638662473,-0.029120101384352833,1.8406278516872014,-1.0499777692814471,-0.5387178935986939,-0.8640981181419986,-0.8175791971209209,-1.4416980709602902,-0.8744743793198313,-1.2296282812496757,-0.6391602835791342,0.13233457449039848,-1.4170148711478527
707,707,0.2668474707658667,0.9264975663331395,-0.6568285056935208,-0.3349442871302361,-0.7079617869661412,0.0014761701322454123,-0.4174930578740334,0.9088153860101954,0.25831724103900294,-0.7372505941984514,0.02504106342298184,-0.6383378912304922,-0.3175146615593767,0.2152328514300882,0.6746175321072505,-1.0684922518336257,-0.31608172596094314,-0.07790716754854403
708,708,-0.21345777993713433,-0.02427197525978233,-0.03582513851431804,-0.8225099479008557,1.7806353331864782,-0.9532295087804309,0.4356117760017832,2.529152267188662,-0.42001776368347415,0.10191142075877853,-0.6917974681715308,-0.37038657786473883,-0.5908236365657331,-1.1610504047908823,-1.4292353153811868,0.07731129323239372,0.10385002235444613,-0.7441121483749158
710,710,-1.011942174685784,-1.1879879452084505,0.13148963209075926,-0.5370800046930134,0.28531697417691276,-0.9104639842049043,-0.6041408973649983,-0.8270171318574125,-0.7793980524071505,0.35905462924270026,-0.2806458431502149,-0.7127360334188281,-0.9285381660245646,-1.1157721190028531,-1.305432777186434,-0.9429163541495557,-1.258236124959068,-0.8332725329978415
711,711,0.41565212303082755,-1.2125369682538238,-0.024370036990064875,-0.5705247174413917,0.2851071864704657,-0.06528563236303343,-0.085994825695312,0.29380102083729254,-0.7295379475086375,0.4455058422450021,-0.41405138209253,-1.353614476026201,-0.18421289717322867,0.009231271273716025,-0.008355783026797322,-0.04030041679555449,-0.5277988322808558,-0.4508395432883058
712,712,-0.9500173758220148,-0.906715093693292,-0.26229568661189634,-1.0238575410325352,0.34786584848339264,0.1050214665229988,-0.0029619919977625997,0.747692815358487,-0.46092242318915316,-0.11690011562553326,-0.6908613173702908,-1.0019992039519956,-0.811259641818106,0.596079150087677,-1.1941719673342912,-0.20573265742863758,-0.8809772733097856,-0.36651118320375536
713,713,1.1641606249185634,-0.360579078769466,-0.17634509004041463,0.3964387647992348,-0.20493329799842314,0.265604069639061,1.3001792140741752,0.9819039006725263,0.5374490827955692,0.6822396180393724,0.32534327575029026,0.6694768261455909,0.44131942362202886,0.14397749982628547,-0.3144359161240032,-0.6245816807133123,-0.02023523494499566,0.35714749949002916
714,714,0.06854560700574938,-0.24047789130021416,-0.3038440607787324,0.6700922650204681,0.9227126022021988,1.3635820887411727,-0.6889925525625981,1.3270028980190236,-0.35595585936781354,0.3668183119071979,0.11229016917577923,-0.4080597438182132,-0.44221426422266874,-0.004988761677165302,-1.086928886223769,-1.3050667932253694,-1.0917659300763847,-0.3580269931822948
715,715,1.144002806921144,-0.7077208672079884,0.10914129417609929,-0.28033157873161896,2.025666456725554,2.331365354818902,0.45850553943262773,2.9572702028195947,1.0238820089280687,1.3867631446016655,0.6360281683191341,0.06417556675237143,-0.3450280598021448,0.46132492713575096,-0.7406141017351168,0.040559414742674604,0.12328993970998252,0.9115598160123046
716,716,-0.44877765092860533,-0.8898787995702625,-0.14380798100016373,0.08749984358731382,-0.437870072139698,-0.3794911874020519,-0.3352560503136463,0.0544101672134621,-0.13125549840743336,-0.35136954353419736,-0.17023233246223546,0.09777109566639536,-1.1150236006364456,-1.3333348886455327,-0.6212371008255929,-0.9704593462302572,0.7432558356373898,0.8144528511954852
717,717,1.2091452588203595,-0.3906130196217565,0.9537875066706483,0.15605752258394173,0.5951401533098172,-1.1726371919581247,1.390729503310187,2.597802159532179,0.45224451082927297,0.4777657746886354,0.3527924997795392,0.8926572557253261,0.1723673728339089,0.6075579807940001,-0.8250027493649584,0.6842016464323077,-0.36995426662068925,1.1197811228313215
718,718,0.19596686273636896,-0.1222233517202993,-0.13332976805076524,0.20942803309899216,0.8539535958947572,-0.31237950799873415,-0.3382919686168996,0.4847177980479422,-0.014221187437034218,-0.2043173325211214,-0.28015042530758333,0.8311303305528385,-0.38996439148228584,-0.23593040780651384,-0.6893015527660369,-0.5282069898113816,0.24383908517973124,0.44607059434365376
720,720,-0.39699315351382736,-1.0293067435220011,0.4372379570044437,-0.7250638796011786,-0.7867707766753417,-0.6875168394750416,0.519182496809908,1.535085387118381,0.10547368079822915,-0.1513092837829999,-0.25916676617597884,-0.34442471567943567,-0.5359599138075436,-0.2830998702917929,-0.43259844069180886,-0.1799036068562548,0.395498983490714,-0.6314838318664191
721,721,1.5400235432803437,0.9641441306913802,1.4257293974983607,0.23573171970267412,-0.09180862124739848,0.5525499315588899,1.6590453933518954,2.243239797018621,0.3846899763103072,1.334459277013618,0.5936244996856472,1.5057915350758444,0.06309174825968837,1.2733763493531751,0.2866301935600053,0.6852021285598415,0.04183993218159726,0.9731402401313766
722,722,2.230915639521263,0.37447414289932557,0.5104166125663784,0.4573195276289553,0.45598563715120405,-0.25528795982313945,1.067712491791154,1.6666823931307793,0.3478898591485746,1.0666009998798986,0.10323810588417152,1.0793384896599083,0.09911910330151161,0.1395351683809986,0.5959050055201724,-1.0531860849791201,-1.3411508922311326,0.5231082077010887
723,723,1.1999658184581747,-0.2343531956132223,0.4123263026249705,-0.28612221982188607,-0.24740875534939472,-0.7740331258262461,-0.1687554769161491,2.3259971122671557,0.5712891438586377,0.3311168436074036,-0.39355248363757656,-0.3503702747217772,-0.5267410689714807,-0.4479954772779159,0.0683298570446109,-0.5167869956351123,0.3053654460437575,-1.1582739799161341
724,724,0.04642658609749984,0.275550641193988,-0.26681568695881847,0.4189432169877654,-0.3679947710950175,-0.360498201223011,0.1993488150099378,2.087271294332615,-0.05513830121023936,0.0346021887561481,0.047903023303757473,0.8928274638398854,-0.26358040023116563,-0.0824972032021057,0.09380935056765852,-0.8875297591137495,-0.0568524253317822,0.011564020682842444
726,726,1.7756944357150106,0.3111020570340279,0.6545372608400369,0.49929333113364577,0.6849113190323286,-0.08544058301825305,2.7169241009844796,2.9651822744243845,0.5334191463673525,2.1477083176311176,-0.042526680715328245,-0.25262307155837477,0.4244468612126987,1.09029310819272,0.4107967915852542,1.1055595718164093,0.45420178544590695,0.7926874740439038
727,727,0.8576136165877705,-0.5961036007346731,1.0706974361409611,0.12963484777511794,-0.5113988191321217,0.16228945943986278,0.5711049040752523,1.4625254694625378,-0.330310367392295,3.1358988961400263,1.9501982786205114,1.5347041449396706,-0.12920949772317555,-0.318242732664901,-0.3557417322602158,-0.22702532343428516,0.3341472918544589,0.6334341848962611
728,728,-0.9454979964087107,-0.8297565333486483,-0.49559405807975454,-0.9758900345861821,0.15656938986080135,-0.6605651528097171,0.44925831533152855,-0.03223583334513465,-1.1089853090455248,0.4211007627643438,0.18355770247456835,-0.5740610394178612,-0.32795468651540155,-0.491118045610488,-1.3856644021204034,-0.8707799895836601,-1.1055574958703371,-0.7080796340176413
730,730,0.24714045014233518,-0.9425812048101165,-1.199081751026925,-0.6601695288623262,-1.3664400962111887,-1.2128375296993628,-0.6357257218868557,-0.9060577496203748,-1.6628517544413206,-0.6587581213149751,-0.3568604467824425,-0.46702490050102596,-0.8320476883548451,-1.0477259496219948,-1.1533497108210555,-0.7717781736270701,-0.7455452768952423,-1.2357840944420886
731,731,-0.6065565556515141,-0.7251535156753619,-1.1703159645724506,-0.5205848584069863,-0.8277031578919466,-1.179264243043062,-0.7216650515675199,-1.09535628753763,-0.9139636917841544,0.8392043595357135,-0.6104656609865806,-1.6460544711632943,-1.2801880937740548,-1.003670250553998,-0.7461567849534604,-0.26775108156738586,0.04299341952016061,-1.3563312449084626
732,732,-0.7662863962706248,-1.0947933908854248,-0.12765663089221427,-0.7945834620825897,-0.9970175259811583,-1.3244891497715823,0.009450100958637296,-0.6964935799844062,-0.42850611810697714,-0.26288192407468575,-0.5367033829001993,-0.8347803854115676,-0.8233701580057957,-0.9339088183136619,-1.1448557280250484,-0.5324975206143324,-0.6652650889210961,-0.8004240918359139
733,733,-0.32023686794000966,-1.0926954684066386,-0.4143344566241081,-0.3627179449221504,-1.0737847545486092,-0.6551539639118473,-0.21441117036641114,0.2516314984755519,0.1899350446603745,-0.5634113775583831,-0.8619697793179331,-0.2892824121023573,0.1443200854944364,-1.161208879199281,-0.880334101685668,-0.03643388791872154,-0.8405014182659423,-0.2931942433389096
734,734,1.00789860470485,-0.3779363650642182,0.236663105975401,-0.7823571133190738,-0.26269806980661176,-1.266011346917678,1.1268390162877349,1.1086514666519338,-0.14466663291441037,0.43031129453636924,0.25956993575190906,0.3217657873236677,0.5442339830702353,-0.7245746571533257,0.0982831414761028,0.24038063936040427,-0.39449669615922095,-0.8814756704604062
735,735,-0.760095241522541,-0.6718306229012702,-0.36077163223009906,-0.765613692017501,-0.3729614097191304,-0.4944534704572073,-0.3721077612899887,-0.499406225731027,-0.48636691220527734,0.34690881882239866,-0.9094716668632294,-0.2876011238599718,-0.5867580052957442,-0.8098578621958814,-0.5736173141988556,-0.32543189719802323,-0.2931364166716568,-1.0129720892463026
736,736,-0.8794137329509212,-1.4522805490951944,-0.7195745360198438,-0.8369300651992619,-0.1935770328367358,0.6553284156806719,-0.3716879239897466,-0.6653587305649042,-0.471944526155517,0.8271233873413522,0.4116849384850292,-0.3043903170981972,-0.3120583998534984,-0.1377597113159414,-1.266250290874778,-0.7018977802113217,-0.9850828852340321,-0.44702905683105437
737,737,2.5770825829711472,0.6001124919241864,-0.4813318239877527,0.09767606780591748,0.7727809569968592,1.5731893751606707,-0.6026542705684648,0.48398390803254265,-0.3231711708662813,0.3630321401407556,0.22027918856589468,-0.6483591380937082,0.1057114568278767,0.3784056696673161,0.8855597662484871,-0.7670875428939246,0.1340958156317029,2.0184627194984444
738,738,-0.4358948379725352,0.23955504444578798,-0.03105995274354255,-0.7213312390500888,-0.15096859927323744,-0.19429170751643324,0.24982044479829066,1.97001042458856,-1.1159448451519933,2.072037414344634,-0.27300575948503314,0.5578455050240225,0.2380172861686777,-0.9661034940049881,0.4353293502386801,-0.5324558129896035,0.021510322675849358,0.37785941838491344
739,739,0.576222925914129,-0.7393930339390609,-0.2896703113447557,-0.13014691392475586,-0.613452986021016,-0.5735243725863473,-0.0026020498683232097,-0.35232542350534185,-0.9264242412978079,0.2901177310473416,-0.27166001426871084,1.0353518877210084,-0.6495827613729256,-0.2586161959906086,0.915203516664657,-0.84189746358137,0.19796626018474667,0.7444638695332
740,740,-1.4009015885172054,-1.7061413955926368,-0.9613776168984384,-1.4511948931772216,-1.3984201120757358,-1.6412032451737033,-0.5211863417502409,1.2962191274149149,-0.6011155272224201,0.3245409942271395,-0.46506249838854136,-0.8587086803497515,-0.28069864945368456,-0.4376156211212008,-0.15842976464055716,-1.2397016568313752,-0.5772165378884606,-0.2846104700537686
741,741,4.287400391822643,0.38954571526200577,-0.08712917814499925,-0.14881702151496898,-0.46341755293163195,0.19139409804107155,0.888238982952764,1.2150405749594293,-0.09042266684750246,1.5535909910777357,0.11147446812362626,1.3380725514495517,-0.11117201468249756,-0.4476727941150663,0.13818397331406476,-0.7913128416475905,-0.5459008294118346,-0.23086779063208984
743,743,4.417130784120044,0.3956453165679068,0.13250062964102988,0.37464617216708385,0.2724843101452425,-0.015801104980519544,1.2600069790634771,2.0673226885270455,-0.5388583853837003,3.0203613416022064,0.30112551367051665,0.1600934817332051,1.5452258640605105,-0.27426647638221735,1.9181751105807798,0.7370394627165258,0.8829411918835984,0.35315786125890236
744,744,-1.523163108433411,-1.778354261821364,-0.8850110543878852,-1.299458966226836,-1.499749720726648,-0.9881830222302053,-0.45537236660197605,-0.6419306340186572,-1.0942437035370105,-1.0016287442753318,-0.9968345087636382,-1.0698573230715198,-1.443120316975454,-0.6487838372172905,-0.7816828200949826,-1.2364524540899045,-1.1247275446090172,-0.4028621293616682
745,745,-1.154132257540699,-0.9875595873810606,-1.044955060208355,-0.8493535079226083,-1.4127676799066142,-0.40914402671907046,-0.3662043031429074,-1.2312890439749162,-1.0058340666180745,-0.1753523955759798,-0.799301583424731,-0.27264823428505597,-0.6703271265015686,-0.14054954225694488,-0.7389828842960154,-1.0872352509680727,-0.36538807989112204,-0.6190862260997135
746,746,-1.465805175798546,-1.1376452968950121,-1.1125005269180477,-1.3095292012063133,-1.3994453795696318,-1.032737158132035,-1.5826934949633735,-1.3565527986889865,-0.7473103455286674,0.10167200969272988,-1.0718278536767338,-1.7827699754212838,-1.1379620256030698,-1.2241120907936545,-1.136365735091133,-1.414267689279061,-0.7651270470703118,-0.9834128432046841
747,747,-0.4397266786267274,-0.18332013210119805,-0.7742300088884239,-0.9056178101211105,-1.3160761659596274,-0.1369584605347771,0.14843782676761114,-0.9905955775913717,-0.6653143682915925,1.2113152879464189,0.07733556472963853,0.4855255761983631,-0.5001731236641154,-0.8976760548780212,-0.4765710949344149,-0.8395058446113983,0.5765580350125095,-0.3548663590962267
750,750,0.8434765146479217,-0.016702675172055568,-0.47219660830086,-1.1153800535849911,-0.5957828266854515,-0.6862806881170075,0.01794579094064762,-0.25992318498611966,-0.8110094686007762,0.9065150818334582,-0.41101597468473383,-0.3308742689085213,0.4780768909870894,-0.7254563288860603,0.27125437885601694,0.11928197543627159,-0.02054760326238061,-1.089842281362657
752,752,-1.8051470147376998,-1.2803104894109576,-0.958823458356183,-1.569997476713199,-0.8240236903986409,-0.9873120040742649,-0.7213031415242429,-1.3877860613870536,-0.6475451329818146,-0.8858503925769257,-0.9783449340815498,-1.627823138659183,-1.2476649305747378,-1.0775430012796243,-1.127484608450036,-1.0514861291846915,-0.42934307720119036,-1.026146680180172
753,753,-1.762184314855162,-1.213478071235878,-0.5641692327095249,-1.1181714179682813,-1.2655690247296005,-0.8355447367225515,-0.9580443775735742,-1.6096412860267029,-0.9045214904861457,-0.12940937478168377,-0.9018057926484456,-0.7027539178464761,-1.2139608233169925,-0.584085047203363,-1.2823775567404612,-1.262651521569672,-0.9114157067397166,-1.2932131189481744
754,754,-0.6108180633450982,-0.35548423343513036,0.11423436303449357,0.08069259611281303,-0.31569454447968476,-0.0252754041877148,-0.5749495498115063,-0.5192351946754614,-0.46377939858839745,0.6081873951813594,-0.3059232002521404,-0.2163968269041517,-0.9576430621365294,-0.3225636110478295,-0.02038326994045468,-1.8186018955205179,-0.20597473356445734,-0.5815973377085948
755,755,0.9636349861209986,0.047361546044314806,-0.3744569057190235,-0.5629351922835724,-0.48238285395684427,-0.5323670216132114,0.2685907164643459,0.3947096288188198,-0.1218684340790085,0.8992138111640277,0.09169071867294645,0.9240209387535846,-0.08784358706260478,0.5460941627550018,1.1839449948890202,-0.30721125700888896,0.3465845816453579,0.9975053401545326
756,756,0.3932823360273906,-0.2567234065474629,-0.812994897194063,-0.8581063215514778,-1.217641141928676,-0.493745242622555,-0.9766765609374153,-0.9709874898407295,-0.27751687233872985,-0.45551081464213455,-0.6467774839873305,-0.6991299681264654,-1.4808088233413685,-0.5276104013954702,-1.1218928242332111,-1.5371501504753187,-0.8268189385766317,-0.21174633140450425
757,757,-1.5734290930975892,-1.2280523174035491,-1.0284400298364946,0.05984976967091217,-1.009888855613961,-1.4902519695140235,-0.583575086256367,-0.8913762871246445,-0.381278102680036,-0.5293708236423261,-0.47278398014962064,-0.6148644143912383,-1.3146847331782816,-0.9186124159115959,-0.42006922536355495,-0.10896322311903943,-0.4544878468596229,-0.9487688142318416
759,759,0.037758444378445354,-0.5940992603414177,-0.43498836422878306,-0.6678094798343015,-1.0300361780043978,-0.1826601223013074,-0.9650685085165169,0.4754504985782798,-0.5782930969989714,-0.1892364172006748,-0.7742606607644597,-0.8121257809559527,-0.045819398553691645,-0.41913449528492003,-0.8388794880604766,-0.459031039785699,-0.5604577204766957,-1.17992824317953
760,760,-1.6590953982504015,-1.199227964515002,-0.6390421697343661,-1.2066654343172196,-1.0426933095588184,-1.3128140958042762,-0.42098504392540304,-0.658804194360073,-0.2474773739422337,-0.8109582582310979,-0.8793772841237776,-1.1248440977974732,-1.5867497561072985,-1.2068024944813476,-1.026941195711901,-1.610657298207177,-0.4755949839263445,-1.063489805535215
761,761,-0.8357548003162685,-0.7665808469779314,-0.331287936166372,0.055115814811061564,-1.084372623913327,-1.316324509602488,-0.4107169725465085,0.26530618981657555,0.11867467434785092,-0.21635135578399603,-0.6408808304129843,-0.3247688142332063,-1.0070500392736088,0.35968754457055924,0.38409408947328144,-0.7836048634152443,-0.5291229775870141,-0.8457862423336702
762,762,-0.557175957082149,-1.2010235596145153,-0.2800332116565156,-0.7991437542243085,-1.0666092219590586,-0.9082389055603939,-0.7516142959156573,0.20553839276450186,-0.6589024994891717,-0.27604734233423606,-1.1284312256981353,-0.4157599077005165,-1.0286742745314428,-0.7997646478781755,-1.2470768710750837,-1.3508725643356103,-1.06150414302366,0.6813602409248528
764,764,-1.0219069266852763,-0.39993672789861884,0.0036509366178322632,-0.915317202572605,-0.6555166359375532,-0.9692711767338011,-0.30026975331032224,-1.5632370894415613,-0.14461316914363737,-0.6645036522643052,-0.6415651400616771,-0.03952359036213787,-0.9896188797573433,-0.57413191037541,-0.837981806900978,-0.7312127704281279,0.45553565369336557,-0.033345160229380486
765,765,1.0491422594242104,1.7779557977602587,0.9430194394891607,4.272395511354043,0.8946557079749716,0.41231668922423415,0.6412166342346984,0.2795517801685401,1.571416421993627,1.0736842360602674,1.3348281744321824,2.4317033453548342,1.2669354769157717,0.46761620003462484,0.6290162426430843,1.5241539829503263,1.39657700124089,0.8269860619266223
767,767,-0.6106232571492265,-0.49587588891551104,0.1629603812596288,0.4414719933738351,0.5386580827008584,-0.042345198259982356,0.870667914933969,-0.503319137273749,1.1174961930387648,0.2489853079049448,-0.6994107980468632,-0.33732021885354163,-0.20612349374615624,-0.37733417463314367,0.10414143344589584,1.701705903594327,-0.006548523076278951,-0.2864072625205941
768,768,0.29517483074034895,-0.14690052967616707,0.35877484952927297,-0.352808191490262,-0.5875872201780469,-1.064178180007301,-0.5443292838338982,-0.01985967681002149,-0.07923831157940603,1.2693680841745236,1.1998613596803132,-0.32997641308571596,-0.2713519765688099,0.6395133410036552,-0.08775113191758359,-0.34762338604959564,1.3596100006724277,0.3410710619924727
769,769,0.013174008089513337,-0.6797201932620429,-0.991938760782315,-0.05117464538175818,-0.6639262095247225,-0.23595722387787407,-0.45865456416379197,0.641457922019295,0.508190323595417,1.7653559276519266,-0.21912999647653186,0.5762123768363809,-0.8500192238873681,-0.17779049629168042,-0.40120057438931744,1.3210680492081004,0.8332938592908702,-0.22190160229259442
770,770,-0.7811468060991319,-0.530851937123503,-0.658483932847133,0.5772738956935676,0.07779619089610615,-0.37656906665472284,-0.7495441837940215,-0.1578911731197003,-0.6354892471516889,-0.4459709006135975,0.7964659421273711,-0.8050327896417776,-1.2533448010358201,-0.46081166944218754,-0.7551683571159732,-1.5753411203648326,-0.2764199691731248,-0.6371692603564996
771,771,-0.3232433900965816,-0.2226006265577944,-0.17544416964913823,0.5461266847366166,0.5146167430659276,-0.28374103995519023,-0.42798195023966185,1.9087311926302954,0.6817312671566085,-0.5545888449740218,-0.6524925109574656,-0.9849745761962726,-0.5511986881947852,-0.4478803106783169,1.0565978734927726,0.5753532788509633,0.10943508641852398,-0.04411818962264705
772,772,-1.223220448432947,-0.44719474664215386,-0.405327360480541,-0.20728914915275096,-1.1928877463937468,-0.26728506524293305,-0.5857716148406713,-0.3981405842708742,-0.24000509426468697,-0.6714691932748826,-0.6125838660406095,-0.3360032343783,-0.7187613879604037,-0.3953797938508163,-0.8951690859973684,-1.2225592697505323,-0.8387061045997583,-0.47702948295044223
773,773,0.5494012189288313,-0.5271218218490468,0.08532367045279828,-0.6469877187304264,-0.6628830150216344,-0.027352182205606316,-1.2052690470617566,-0.702265660269544,1.336799811772909,-0.32751322305062247,-0.19247608941421143,-0.3732383020518751,-0.4370852625429048,-0.5581500799400292,-0.2700721390698425,-0.11799711198855235,0.715313750547834,-0.058088609001764505
774,774,-0.3377474266584652,-0.22088437639342268,0.2918166484853019,0.5588423019761826,0.07383401215667477,-0.10380765349043189,-0.3273949829630701,0.5494147303988459,-0.3210020948002153,0.4144228699799483,-0.06997274726138124,0.09148837787405041,0.6615450957902664,-0.24263911566490834,0.8000686673487143,-0.4592001876647602,1.3983047728265785,-0.18352304512065096
777,777,-1.3306629268572052,0.5964084132461093,-1.4050318481034958,-0.7605868094372952,-1.10314818524683,-1.1771899805776955,-1.2957545671533717,-0.5658113135132086,-1.0906240511271637,-1.3529406028938813,-0.27944082325667535,-0.8475302972166083,-0.91451846961427,-0.11858580648394716,-0.4786547831669384,0.5543149992035665,-0.04002641159643674,-1.1103904581398518
778,778,4.164421389439169,3.82344697795347,-3.8196559058117376,-0.7147931482520967,7.5526946123455545,9.624819807632313,10.476426560297753,4.813478097273805,10.995057366310032,1.371248893463505,1.790966090289932,5.4717922426114205,0.1838467795874524,5.075516277243733,-1.7863878531939867,-1.6782196956704263,4.959824707063425,1.0832222815463899
780,780,-0.0591758980755858,-0.8135677665401536,-0.322156452701949,-0.2980257959105477,-0.36491510180729564,-0.1366259605650434,-0.23851784556469807,-0.4541462402790411,-0.15440821676504188,-0.5745140550796497,0.038741287523834905,-0.8732880347963553,-0.4766739174090856,-0.05922723096860754,0.46107360726512586,-0.35668573930061104,-1.5634971733466574,-0.6757633371748522
781,781,0.9666562631802197,-0.16088514221078798,-0.006373688924991666,-0.525542990962405,-0.1353431343585917,-0.9385310709246513,-0.1415616348712326,-0.9165366084174826,-0.2536846969799493,0.00228551663398905,-0.47455201217006665,0.7869286130975569,-0.3938321568146287,-0.49164958824890737,-0.5599151391131582,-1.264494412439274,0.2654644636360606,-0.6865936095896086
782,782,-0.45819295087482054,-0.8736638874701853,-0.09774699916907864,-0.34068031169280855,-0.9610692474113561,-0.4902210063501389,-0.1342694737576895,-1.869347987241245,0.359667148304233,-0.1910618485450018,-0.2507958958782866,-0.4696780033213066,-0.6039214155707447,0.2702156733910859,-0.38949172832247364,-0.7322485363003938,-0.13002674161824182,-0.577277475085902
783,783,-0.3591121390020183,0.22790617571651808,-0.6756395518155481,-0.10200365869915656,-0.4510876973446558,-0.16805480010418,-0.4802836544459561,-0.5589802672349484,0.10324000658321694,0.5690089719715349,0.17324076669186494,-1.3372244648439056,-0.8064128558214732,0.3598659697653632,-0.31779115626559346,-0.3853065319010577,0.3647593197683803,0.18850826359786318
785,785,-0.6053966487234083,-1.3207889098599952,-0.8339466602511072,-0.7893294309189056,0.47936342718411634,-0.1151106409558438,-1.2773986890732034,-0.8429221260393033,-0.3479869312948123,-0.34637320263172616,-0.7247461303164574,-0.4310458649564517,-1.0551914803137026,-0.14891736964178487,-0.20722625859309296,-0.8999519593867683,-0.9870550568135161,-0.7477912696194812
786,786,0.07863409098481614,-0.6196547177352857,-0.33326516554118696,-0.9528549266361922,-0.3431899786467859,0.17369524090261745,-0.5666578393518474,-1.0758535392736273,-0.4002148264301371,0.339738222614481,0.03178745068066866,-0.4569660614817154,-0.8123656830153178,0.22526586815523736,-0.052462424439114766,-0.682111121858615,-0.9092885048293486,-0.6143490694899514
787,787,0.23374637562326914,-0.2946539462440345,-0.7685167462274354,-0.8177224371390842,-0.9099102894160511,-0.062275882145023095,0.10639307114324122,-1.3958752577354658,-0.15395599497854026,0.8366285261325559,-0.4212147302634629,-0.37740090126175974,0.03609859007309513,0.02227924497303181,0.18460769428575244,-0.5843217955291408,0.41787433100976,0.06758417469760386
788,788,0.2356502133999235,0.17327315272661567,-0.2546096853466216,-0.45568516993953845,0.7118553305065344,0.08268139440229408,-0.7653395183819921,0.08767175012099368,-1.0307472030528322,-1.0095345868580958,0.03746027421536437,0.6548865391681576,-0.44784069090807266,-0.6560980092741263,0.22911057809634292,-0.6682791324596978,0.6352636352946234,-1.0504813324499502
789,789,-0.24801959079806662,1.472454330071111,0.313189799887541,1.7876178195671057,0.21596951173779905,0.37327992882577726,-0.8302052678210459,1.4296796959152802,-0.11328994001180388,0.34324302712999316,0.545508849908853,-0.4612388617455445,1.3286563049944182,-0.48798412939916025,1.0995231866052768,2.9858438321804956,1.3348715578791808,-0.8005607900451313
790,790,-0.27129117033056205,-0.03854350759533519,0.9314145956144223,1.4300225627848857,-0.4885875060032414,0.43772772219895245,-0.09755148961652883,0.2947319599470624,0.42810272899053176,-0.5598674363169273,0.16853214863167917,0.7927585399581817,0.14376810544078236,0.20817521960631058,0.6815718201555759,0.7705918448568808,0.7603500491519086,-0.5029021967323525
792,792,0.8373579217767776,1.7285309790666166,0.3017225547249255,0.7083308488698382,-0.21014532255074256,-0.445473081263992,-1.0237212374649005,-0.33405939555730124,0.00959627043295759,-0.027797042121737593,0.1390159033485804,-0.6944660141819237,0.07753321236192995,-0.06522435744228057,0.6448590785627667,1.2440667865554185,0.6715498949892691,0.2441883969006776
793,793,0.7983987760105725,0.8278613937809302,-0.4636779275819324,0.34197290823324866,-0.10004692409197286,0.32715986521148893,-0.08945454461452602,-0.9104956239844241,0.06409736385575622,-0.3439246467977128,-0.06733342564816662,0.005162031117976209,0.19249592411638292,-0.29419775203391135,0.921290243072176,-1.1604253937386504,0.12536669521240845,-0.19863178281112095
796,796,0.09666267735954116,0.5010383909668945,-0.64444764248691,-0.71272013342847,-0.626682463653886,-0.9625950301378047,-0.6064503966535547,-0.6878182045170803,-1.5864533693421032,-0.3833235053219503,-0.7732540345665646,-1.0897610159561468,0.06857590693455513,-0.6542600381008513,-0.25536936961938733,-0.8172975631418685,0.11374408636784905,-0.5544343231073986
798,798,1.2983716245340562,-0.22959420379802073,-0.6120888355358034,-1.0457336015762349,0.12067608893179589,-0.3056103273239212,-0.297577621873526,-0.05166937904475183,-1.0571345951856725,1.7464942058932944,1.4286700496970375,0.06408269322445093,-0.056728747864364666,0.06931248078593016,-0.4521556020353257,-0.49400924041974364,-0.04557510756330937,0.21783545136188753
799,799,1.0789996893309672,0.1617347621439278,-0.4088089384772006,-0.9526683335575413,0.8406597150310017,-0.05877614419943826,-0.3837150284622092,0.26554085123148474,0.052406252434948696,-0.5854485111266021,0.1503921206813018,-0.29292627172012814,-0.48369301574501233,-0.8181340281931252,0.607907909577755,-0.5694786824475039,-0.05241378800067557,0.6145338453766099
801,801,-0.049862565992668334,-0.27214736516942245,-0.23095234735786993,0.11160817497734948,0.5248255167002861,-0.22483795899931394,-0.0736401576880593,-0.4830189725603654,0.053339840688826655,-0.0436439948223668,0.7823276185285856,-0.4000439958518976,0.8564840061529173,-0.052391550587939165,-0.13444316804687756,-0.2641183128890545,-0.19027266682517596,-0.16812271840968954
802,802,1.0516239286249605,-0.0976047539506113,-0.19118512613738597,0.8880448077546698,1.5091971528187058,0.8255307246008697,-0.41477954476021567,0.29448864849712325,0.6063388302656126,-0.28151047414972064,0.36345571403613147,0.7266445224139445,0.7505502924253474,0.0797525600714193,0.45755185253083996,-0.33146716156500344,0.8912371525863946,0.1689719218693189
803,803,1.1736305566059284,1.1005510650411454,0.10410784389774849,0.1239493765715059,-0.538065878819768,-0.35580568696518183,0.4922563404162727,0.04017317613926353,0.32528383255508536,0.09959082352231344,0.676084707138718,-0.16375928098565853,-0.2273568616622855,-0.37495420906647803,0.7551577043829081,0.31327853818269746,-0.3963684053953809,0.14182641623587824
805,805,1.0746486279164982,0.8123960484031417,0.6321029950747996,1.121617160477266,0.9935771031084285,0.796502216247738,1.6811342732865349,0.45096225838279264,1.344517293968055,0.35742470964041273,0.6073737701216559,1.183962353882316,0.7063723212951168,0.18554230168361277,1.1825403836767459,-0.12987388665964916,2.1483578821069087,0.9323836510222602
806,806,0.8243947335835569,-0.6525763330154148,0.4944201015389632,0.09445786436212973,-0.5341987209328853,-0.5048611204940994,0.11926693879470027,-0.4955279502443238,0.26747172685433074,-0.028392754549804188,-0.19737667608655188,-0.7357358549487973,-0.2887981204172887,0.1456345767982261,-0.31684691447337804,-0.7237131212123447,0.16607529844078495,0.6238939969305016
807,807,1.0325565318388235,-0.06282246443563834,-0.25109782335549174,-0.06956737946108592,0.14057412647455259,-0.3482095045499563,-0.45831668602993875,0.9102582123307237,0.8908609968609448,-0.06875631583643353,0.5152480390357443,0.9668608134047364,-0.36182068188035543,-0.19188023574595917,-0.190064047861619,-0.23080179295895795,1.453523046348756,0.013485266609333628
808,808,-0.05123255650767315,-0.6666947550403608,1.0639046231543972,-0.240482870148017,-0.558573410580409,-0.10317556287390608,-0.8199345393028418,1.8865668075539068,-0.22031019410485048,-0.41618912864497365,-0.4332811787572024,-0.44061317394313654,-1.137116922477419,-0.32004624563042117,-0.20495006414710581,-0.0813784635716312,1.0362121771827446,-0.772185417728804
809,809,-0.567519366502808,-0.6684878816514437,0.968225786832484,-0.8108439344706968,-0.18668471495086236,-1.1756868726234864,-1.4949845718509969,0.4825901425631594,-0.7802010288803365,-0.7794752808079046,-0.7872502290738822,-0.41769179428076275,-1.3984910310909808,-0.9299927937712489,-1.348272422600225,-1.0617556168033624,0.5933530449057068,-0.46886576252997436
810,810,0.08191744191645126,0.6053684749326043,0.5434077149323387,0.8562735385644655,0.6354368836517369,-0.16647399527463766,-0.23408851523345256,0.758116912911972,-0.2091447770570242,0.4070351178578421,0.09294889480747502,-1.1233854931846818,-0.49172560678333904,-1.1039852331713107,0.46494429242040874,0.5991297248322333,1.092506851981179,-0.022668822538133317
811,811,1.368280229940089,0.705559424326856,-0.6237749581650461,0.6760183183815298,-0.2801777300635317,0.05716442064460031,0.07373256412195997,-0.04694633053588608,-0.3518776865054644,-0.16266689548078608,-0.08389069205463885,0.8326334841760308,0.24979642681471628,-0.46988982268455287,-0.34354794677143974,-0.04739541194370956,2.103520319255542,-0.5784224081561894
812,812,-1.3330588673088322,-1.1773631312088202,-0.9566366374526447,-0.40429977172678067,-0.8955852944377161,-0.3301924427866296,-0.3991831092176294,-1.4855388361502977,-0.7159053160276465,-0.7338875984488478,-0.8917159429897041,0.461017681936904,-1.1224125924246109,-0.9050007604131028,-1.3470080055609746,-1.0778131651516254,-1.66538913661594,-0.03326213501295307
813,813,-0.42075948980391237,-0.08111118454499247,-0.11580623631967066,-0.8850533927750421,-0.16546314966693837,0.18431791271744033,-0.6890427084067418,-0.5035443377347459,0.3591531223275185,0.2892155909254406,0.0936798092087542,-0.7767328698727355,0.11348403012463941,0.6485779575285803,-0.07957649513094554,0.4905971994547988,-0.7730610472908399,0.17296452433695042
814,814,-0.626962528966966,-0.12079019006557008,0.8896402566718702,0.15854621227721735,-0.6804705347679731,-0.7699350993089243,-0.8926100338659324,-1.547591726061973,-0.721820893416552,-0.8955863370381743,-0.7049225962003141,-0.8531559592960819,-0.42053767954048693,-0.23209897936992396,0.06656685816779238,0.26148505720260007,-0.5253287946031802,-0.572849226008404
816,816,-1.2654094490485976,0.7602193006090312,0.6157436669378532,1.238615055763307,1.5724607871548928,0.8182446026161762,1.0454764448712088,0.6036664495987921,0.06478029768233688,-0.326575394753523,-0.3287652024682591,0.012194182238229689,-0.6205516882338702,-0.5056450113913942,0.003562536680030505,-0.05990319769787174,1.5262480864184553,0.03834219183574174
817,817,-0.977438019281479,-0.025548256321039117,0.05773528212187121,0.3229350480693647,0.1496428668555006,0.11142072996763756,0.9587952885121545,-0.9371847467225067,0.36145625965554884,-0.16124709917926022,0.08388851602886067,0.6021086608904086,0.35767697509153373,0.8066862857543966,-0.5474563008665911,-0.953375907023012,-1.451193049152493,0.3401310405907481
818,818,0.05400065730716739,0.8758415106031944,1.0943318953128236,1.4758810162036748,0.769390022445354,0.7698404323664438,0.022080840060628108,-0.25309109840362076,0.8926888276265821,0.7794481770993839,0.19793113222214395,2.6766782525871236,0.8171617259922246,1.965044883362843,0.32648013522729175,-0.09518165902725385,0.29998930083266234,2.631534410679029
819,819,-0.5602183606374554,-0.08553859596361725,0.7312561445737782,0.26925887070297266,0.6857695626520411,0.5746249203356728,-0.054309643112942785,-0.7103847561134069,0.5021849800083265,0.40094959205687436,0.06226832053567466,0.1902253222998914,0.38127023014546335,0.9050527419932487,1.1118005359996899,0.0319823346110195,-0.28715299363980706,0.7983273261007132
820,820,-1.056411545463979,0.22315410931044855,-0.08219388663741786,-0.14067259381655958,0.653315042174042,0.5016457213362892,0.6326114407467154,-0.6122471267199731,-0.29556843063067284,-0.5778047591909754,-0.7015935946163073,0.001754393978925915,-1.022004948947562,-0.236979493869681,-0.24271570258399694,-0.834346044615351,0.1712399323669087,-0.37960266608456184
822,822,-1.407509940195523,-1.103968308337067,-0.2345297473556079,-0.11445387461654227,-0.8830941901711107,-0.5310353269756964,-0.7808672806903753,-1.5158699775169635,-0.2966317895169804,-0.28420357750756586,-0.5835346208636518,-0.5837408965011324,-1.1915304490743919,-1.0393869394953617,-0.24702220230948668,-1.507732738199037,-0.7912153287535774,-0.3247696078809172
823,823,-1.2662993845858044,-0.21571393037993816,-0.1759572286994434,-0.07291505893229701,-0.8265084285937759,1.3567443877240153,1.189396198289133,0.061865993691286585,0.3096600021592569,0.34317489793120215,-0.4316546892149932,0.14574142215355565,0.580173300537556,-0.16261196386660404,1.49964095420977,-0.5167798955220121,-0.9497161335458199,0.3412481907665872
824,824,-1.0003844276512723,0.9158371696001684,0.8177573789248198,0.162491965818999,-0.5558981538056406,0.4628428240256853,0.5704012223347472,-1.513309668189498,-0.23074671011766273,0.5379580073098854,0.5464881158763646,0.8085521433603892,0.25215502156599195,0.1714513333454193,-0.5011119831842005,-0.5535603925083941,-0.8951559723173553,0.4279060955783218
825,825,-0.8138853901716053,0.39674169032365036,0.7350588565417845,0.39163501507932097,0.8141353467976057,0.1972514230718384,-0.1551447671079831,0.331690360935588,-0.20958204215359977,0.9637379346984536,0.5117243236445026,0.9160217101878287,0.5739347858474598,0.8610833056817248,-0.3653317075128113,1.1217691881318848,0.726725893874421,0.1317177456506536
826,826,0.40535617164391646,0.7744766233601872,0.4956145408905655,0.21414672878657123,2.1668931620251235,3.0799536783190447,0.5401101132551802,0.31014155483913447,0.5936903345008381,0.5137437438648935,0.6893608658427168,0.41516201155304727,2.723190527806442,2.3406450060158535,0.467448173247076,0.4056489960119348,-0.42176763221215713,1.7824693900212125
827,827,0.2542310025462442,0.9003521721405244,0.1547324926225347,1.708719663906171,1.4036740811033275,1.3963929799669987,-0.039325820627287844,1.3967491363948399,0.42859814801814744,1.5469393325120655,0.5195622671631749,0.9941690704597186,1.1082013484093207,2.011663273316273,0.8854649205242381,0.41954788551259026,1.1760726772804009,0.6192269933588428
828,828,0.110478218401338,0.22888991508773487,0.6237401250410689,0.7933904275758383,0.7180604939823034,0.5652464004153512,-0.6539332438964345,-0.404351085787772,0.2476449577135005,0.22635570572398225,0.1581985268316442,0.3170707915490815,0.4565338479682406,1.0344637337494367,-0.34460305454418827,-0.3191214654745564,-0.6014559712637296,0.19709945958476824
829,829,-0.11143876155579889,0.16650191034661846,1.1684899480026478,1.2119259588688756,0.05556154946859649,1.3071620877862593,0.13961208582192192,-0.6859968108930106,0.7136404743208005,-0.32667910093979924,-0.20124926222699682,1.3004945211505619,0.8099781433600876,0.4021581890610023,0.2643493440783419,-0.09444019304252621,-0.4645729680581772,0.7845151054500197
830,830,-0.42928215614234705,0.4044533681104688,0.6232901467766595,0.04433585115461405,-0.3581189246728377,-0.48446911820130795,-0.8721225903893793,-0.8479096194431848,0.09168709414497313,0.01807504623208062,0.20664983855844057,-0.010061277813333193,0.012889069100018871,0.27825841623421826,0.8651139042967776,0.6290499814471285,-1.6047119033484787,-0.20698198608628718
831,831,1.4605712718241814,0.6882939091223342,1.6716781421787512,2.7125935561825627,2.0420680289516135,2.7673574839631967,1.3662116517632452,4.397001248075848,1.262465534780001,1.0175898777242203,1.0953377038559204,1.0952979746303126,2.671816422195992,0.9198008834484172,1.2447489630223048,1.2098295992120989,2.5933036259911932,1.3805953659233166
832,832,-0.32815220327612277,0.3340518832244965,1.1738877064864495,1.7894384901595768,0.9795897670579411,-0.12892992302816111,0.7792591592440703,-0.27967399613319627,-0.13179373309082018,0.4535215714650499,0.4267142979961986,1.2559843422696542,-0.28436990601167794,1.0552659904869872,0.5941237338973976,-0.7423412058573583,-0.2719345803078667,1.146198284286072
833,833,3.369186709005244,2.0737319660432787,1.553149251669481,2.692555597043633,2.1221485722581943,1.4470154663518915,1.9476949949668478,1.5375272920683736,1.5380199833653583,0.8743745194499623,5.407639258136663,1.2058568906901375,2.7298875825290607,2.0531083956109533,0.9554665306509061,1.2582396595496323,0.6421136945202527,3.30223494869168
834,834,0.28653033942263606,1.4328860164124426,0.9766437724331388,2.061466177264904,0.7846514288209636,1.1942070168292998,1.4322108602408965,-0.11081594023427013,0.04713166255852934,0.9035179832895964,1.3468089000021835,0.6759998985825698,1.3671860962329763,1.6353717869651216,-0.19198144585833649,-0.6601035861162737,3.102439519493865,1.6659551283808323
836,836,0.17644569198697946,-0.9906523403416637,-0.46023466545955927,-0.3112140578220125,-1.3387629021001282,-0.7240891655173569,0.47114422648849946,0.3919737119240796,-0.8355018375053672,-0.48816359974025375,-0.37204317146506183,-0.378535759934862,-0.2672958929003024,-0.5817208303337487,-0.21735605020218882,-0.027277330401114463,-0.9384050370969016,-0.8066165982809165
837,837,0.2594764803400665,-0.6840292844410456,-0.27351785485423225,-0.732164419620401,-0.6038989810494034,-0.8088350334802693,-0.6341401510640909,-1.1006996613964783,-0.580699141884139,-0.7489381971079243,-0.5345512571481184,-0.8859520602576852,0.06952983287935215,-0.3686979842371935,-0.1877033888688455,-0.4620952434175458,-0.5841612506319964,-0.9439351208369804
838,838,1.263370067419404,0.8472408804443913,1.6589168738444633,1.3315712084627185,0.37977154210353414,-0.8852579408595044,1.8208997813962513,0.7123177378020816,0.18913702490219225,-0.22673930255068162,-0.06908894117698067,0.158171627112136,-0.5632360979534954,-0.26753255317731783,-0.12939349833202668,0.8420821718811611,-0.42958875653796713,0.36716426791063356
839,839,0.7450061505839926,0.74501198693019,0.42482072591517755,1.9394694761787945,0.4721540661326643,-0.8126586510157413,0.36039071712870296,-0.09275255410749378,0.5792992929869795,-0.17577514439007466,-0.5232579241575176,0.09451035950117719,-0.33799478051546816,-0.743124679671143,-0.38453256733636365,0.9041264930885045,0.5859308808511099,0.8661424500957368
841,841,-1.1205241145287672,-0.25706557883077863,0.10163064361094121,0.9302170394717876,-1.0975216012936173,-0.5140485992260809,-0.7423983960807337,-0.9575024427057395,0.010116309403427995,-0.5582219820652522,-0.14018908557522924,-0.4861468536481523,0.26973798907097185,-0.449282900967765,-0.6153028266187469,-0.16226994994709665,-0.9678976707560415,-0.4728695674905834
842,842,-0.0809948475912643,1.65927123614359,0.8216554777067987,0.6502977946047255,-0.1337754567508107,-0.1823080798512354,-0.0031821814165314943,0.8113709378042236,1.441085906884723,-0.06053059820433118,0.1886148980410447,0.24225997333883678,1.7640391684803594,0.6102648540115259,0.10562103289912185,0.6091449223677564,0.1572094128138719,1.2177050466734556
843,843,-0.4459542041922177,0.8335984162577825,-0.2617278875604821,0.3476089716017106,-0.0480172067783455,0.1450324547405232,-0.08360519883209899,-0.13777671045622725,-0.33118769294317296,-0.6993933273538984,0.31704933965639104,0.25720092464277866,1.9998401708731754,0.8478340131423584,-0.6424769874691796,0.44879607005073296,-1.0719835815573269,0.056797743012395034
844,844,-1.242362824771398,-0.10964457671285309,0.408519011332396,0.3454072994954435,-0.5209211005785368,0.2424115825261047,-0.04352215074365031,-0.220447769742532,0.11688030179774422,-0.7425025734483146,-0.3213244219992071,1.5101002415936255,-0.8323093148810434,0.09083139972660763,-0.7181239792488766,-0.810903498525351,-0.5983226787721004,0.296068214283586
845,845,0.7065863819947846,0.8244716459645821,0.16492221171932864,-0.20750341468202055,-0.028298314771033416,0.5476099716036605,0.8275113801767198,0.1375553655125895,0.026577499190352627,0.0335652171454959,0.6422788399739551,-0.4799778917865201,0.7258963328411877,1.0916194992098718,-0.22052988645938731,-0.5359874267601632,-0.7522279158419714,0.8122287424795384
846,846,1.9459467417965712,0.5174050902072755,0.44304824468288984,-0.16990741824624922,-0.43226034770955357,0.5722449002020681,0.2901494875844496,-0.39966913154930594,1.5373038818298783,0.13539459418320393,1.0924385117857387,0.13101120765339505,0.8212813293862421,-0.6381718966175733,-0.25787916333069427,0.12426645756824735,0.1322765077705613,1.3710687074170869
847,847,0.4643052409166865,1.8271891295735316,0.46190272878218697,0.8159840465625722,0.9465759189972544,2.2480164885062086,0.7572617710328056,1.1784174328993742,0.6345285812309259,1.204962567558575,0.8801104299446634,1.0589874543281454,2.2347481705934062,1.2956342447265254,0.8233688588425656,0.4253116236332644,-0.27787193522986103,2.3357774483544826
848,848,-0.6820858275914199,0.5237787622977941,-0.17878681798737173,0.9568786616416085,1.393725666218366,-0.09467638113824277,0.5591121021004475,1.5141655996052277,0.22223073196003448,0.08228445972945608,-0.39426134028746457,0.3514070772768382,0.08666273768167497,-0.42995919700609514,0.15900540281768863,-0.8413919138435866,-0.1172435229602505,0.5754046801665522
849,849,-0.0036230395213783352,0.11461342945690656,0.601092585591807,0.1150415619238933,0.23303840843731036,-0.05360274676870405,0.7739775938816531,0.29720032767796606,-0.5052249209675054,1.0482968682801912,1.6287764723778069,0.3032608258473949,1.3925010282094397,1.2750762509835343,0.28131759545964957,0.8959908056286525,-1.1290657233631045,0.4030376671361253
850,850,0.7441281608636678,3.084257615199021,3.3873599941987678,4.183605292491626,2.625835189680536,1.7650116706832384,2.500704231626877,0.18727493608293244,2.0620202414292277,1.180721781373452,1.428940528271122,1.2079923886016715,1.7010345154461424,2.2965280151530783,1.6138937038483643,1.488574959665632,2.858705270164906,2.1837975087625714
851,851,1.7570108659360448,4.694385726038887,7.32135934962941,6.557876530621312,3.8101392829225254,4.955795531502612,3.8463794389612036,3.524547697521841,7.73377577069198,3.1734632982198847,4.87670375065812,2.9674002919438034,5.377954801956753,4.787940915309353,4.664888753424851,3.195290205630775,3.4853939236892777,6.243145561995128
852,852,-1.3627424883286483,-0.5396889262338733,-0.3407291181082341,-0.6121612545666272,-0.6679506389956837,0.010072308844974606,0.0646262166602639,-0.9631967018640593,-0.01872651889285026,0.03480436776348326,0.27925333019925097,0.4694948645107905,-0.648346552097984,-0.652498675214211,-0.46271683500073124,-1.7293611385341874,-0.5849187300546387,0.26772663736103497
855,855,0.4597118881873267,-0.4999282769350787,0.07106408591616749,0.12202728863940145,-0.21921693860368827,-0.3459027403971363,0.12492906579197434,0.05448136497764019,0.5872455194507681,3.4964066718706706,4.012567061234797,0.6060319810516613,0.5868087448221273,0.49299899063975594,-0.16072739013939483,0.11929338094541209,-0.3304185555884261,3.2234849438880113
856,856,1.2393125843757182,1.4932735861315722,0.04777627044068887,0.7696137107026008,0.18032755808385736,0.5468758955309124,-0.05021163114340186,0.658624519563485,-0.37515958050479764,-0.09692252111624391,0.5436581059419794,0.6663044914111591,0.7717506152029061,-1.0054576117236311,-0.8113841342931482,0.13743074066992003,-0.04403325269297723,1.8444038668505103
857,857,1.7861105095960368,0.1775715881609558,3.6376491300804235,2.2372538839063,-0.20137121949139855,0.6939505948774577,-0.3819369983300598,0.2481298654377388,1.1230204218713558,4.120635148358515,2.395326035425359,1.6276155863455277,1.7793106760960142,-0.23162762667052822,0.07082078339443482,0.9276950570195577,0.9175979712487558,1.4871525109699308
858,858,1.4804214548268437,1.7060063498454596,1.7633164288265555,0.48668952171763713,0.8537589504196573,1.6756046022153084,0.25327624096986745,2.1078140138150463,1.2683321597301138,0.4303686641143396,0.9917720900367908,0.5374879892834457,1.4060806087307152,0.7174260641310853,1.4116228114794438,2.180028562358358,-0.8841671923558365,1.10494310852916
859,859,1.0397986485844513,2.4622768619207767,2.0821162345558903,1.4920623683330403,1.362733153369276,2.7811908440212325,1.7802466452133787,1.1198890203054606,1.088563753456445,-0.7563810617481821,-0.18376693074829029,0.49717854579391463,3.3868114685315245,-0.382240750388066,1.4960062708611646,1.6793851401397228,1.8474361825369918,1.683933014558502
860,860,-0.7354374811311117,0.48374281411955417,0.022885559535469602,0.37280049216147415,-0.05131652032168492,0.016922868357987956,1.3451562330907632,-0.5519104055175016,-0.49751625926075704,-0.06150937576155004,1.5628721394034943,0.5042791603447805,2.064475707542001,1.4412656998690154,0.6183607095609054,0.27818158672783216,0.05286517555614787,1.854995680976996
861,861,0.7707368337485146,1.711347946188099,-0.10535427447260937,1.1479771202775528,1.3731891018240745,1.2281580360410924,0.8674693364253498,1.5937067566377152,0.33963833726946185,2.048414140085336,1.625704015716934,1.5352235506042506,1.8987614746568593,-0.13247958353359737,3.392040396120225,-1.133927796902895,-0.6768256014862043,2.832044141391781
862,862,0.6480360183223587,3.69798717300817,3.199719799734027,1.313193828791147,3.0510164082037754,4.8376275631898125,4.247929320533869,2.7907085404792076,2.3645928597246315,2.8321716145791105,5.957248712100293,6.1509718775613464,3.901327528233512,4.377032152798448,3.2640379504167587,1.0620809111238938,2.057626843151141,4.446463540425357
864,864,0.6852287272742572,-0.818599623808569,1.0740719481634826,1.4713053560221487,-0.05873138244299945,-0.09107202571821801,0.9986733918871205,-0.15579515447653522,-0.2276988564618673,-0.12049924293253357,-0.5784454511995353,0.17014500266784044,-0.5998065511350864,-0.023544505556177504,-0.6887922645623143,-1.0410942093273907,0.04718699216210694,-0.27367726626229916
865,865,-0.3409869175467783,0.3725106478765386,-0.04943237142227672,1.4430340790612952,-0.23383838783007235,-0.47148898264000616,0.8639433415634027,-0.6343190485497957,-0.42970650106428354,-0.49410736509032205,-0.03884986958230082,-0.49686991122635427,-0.4612168530835701,-0.5852834688200153,0.24626730752891762,-0.4249745342905427,0.47212913506427173,-0.744257214984546
866,866,0.30770276610792036,-0.16044579165941605,0.5536643291088409,2.19461586255983,0.546329771283976,-0.25713121726162325,-0.10485215246716949,0.14612509787337105,-0.5276578905009692,0.9247475604428639,-0.21067724485251738,0.8182587506836454,-0.48835943407515925,-0.5971296196656803,0.21935715094211172,0.2140806966703968,0.2640503349726109,0.4926180620927576
867,867,-1.2250112391985957,-1.0542909380190275,0.4363637288979342,1.4811484969535431,-0.017368417311718468,-0.4258179276585632,0.6092713337116973,-0.5668214907432589,0.14495905724673203,0.46867187244685066,-0.33197567340104067,0.5631594088636054,0.09805614270939104,-0.20443247405068282,0.23501372070425233,-1.087532569754013,0.9292327345503429,0.11490344624891127
868,868,-0.10832717122872487,0.48958982362805264,-0.6955952017978175,0.02556909104313242,-0.04255081770801364,-0.5736230434581161,0.10009906207927859,0.0033904470749161085,-0.10651766733295485,-0.27443603186045723,-0.3300352058366023,-0.170754649774085,0.5333629307538613,0.37487587484003154,0.49718436340257116,-0.01779074530441142,-0.9929859082331998,0.2247936282063567
869,869,0.4621690236028274,0.4231319921884494,0.3868241892027467,0.6778651573742543,0.7949649927089031,-0.14550662843925288,0.048272071012898016,-0.26643661757893183,-0.030313978086350928,1.6682821128596383,0.12366317164124284,-0.40384982302199013,0.9102317876179985,-0.48420913918608643,2.7038301633402533,0.7227816136217091,2.641692093371907,0.6673679538288291
872,872,0.0719729294731969,-0.3891418241889944,0.10446910905056782,0.03864635229146037,0.4159808729823467,-0.041916715270159714,-0.15348940597270896,-0.09833926869779845,-0.5616682835623978,-0.26497875217274497,-0.5492932116892811,-0.6767218901235905,-0.07479520927809528,0.7715974502029995,-0.6917472652959545,0.253066080362559,0.9563266772401241,-0.0508517681223272
873,873,-0.21400634727932116,0.3559660019267963,0.1339399946781935,-0.28022646688516345,-0.008307372290042872,0.6211770567136107,-0.5626988351410235,-0.7508683771245984,-0.1613224603762916,-0.553323619994375,0.3373117494010541,-0.618467920719542,0.16751565950715022,-0.08315735604394724,0.6860831194724563,-0.23393012131286986,-1.4792271701449273,-0.3160920415919966
874,874,-0.5313455390358737,0.2308080891731801,0.21680312899491705,-0.2817639621792068,0.36524184444687396,1.1196105187467293,0.4699442876263937,0.729223528292613,0.10044800237593822,-0.13539105225969753,-0.026975878448261083,-0.609649895843686,0.5653732219453967,-0.47169265356411183,0.8510717260561894,-0.09436124105629906,-0.8147591225796463,-0.26783500067476823
875,875,-0.998463357936144,-0.006739419635732576,-0.21667299944868323,-0.4460351461258959,-0.4264702785662293,0.462720274745706,0.4658945686549625,-0.372637324052657,-0.7694292992837548,0.12387135567376732,0.1690750995288573,-0.6748826529662482,0.21195403530010523,-0.470448690704921,0.4067235501916947,1.4069723817352455,-0.8566825176405758,-0.5561959003153889
876,876,-0.06329511183457949,0.5148618738314525,-0.3317431494336337,-0.19939820950437342,-0.21142451407564988,-0.37368891952286276,0.34277777589626685,-0.845019779691647,0.24126657519766045,0.223534956028312,0.26833556821883403,0.43300326388350185,0.8343661850544766,-0.023255625174082972,0.8862820571160829,0.7998037735833394,0.6669902256821257,-0.4087875758898867
879,879,0.26618302765623697,0.9621274211891517,-0.2007212515671799,-0.1833928730940558,-0.3219653729443707,1.6111737157070136,0.569819090157289,2.0469484140254313,0.26420334265429385,0.530368013245932,1.468331806608789,1.6985300122693499,1.159684974232369,0.5396127482589279,1.4527016563080595,1.1248520157221178,-0.4213029738279225,0.5910544312400616
881,881,-1.2200600793893763,-0.2789740207460847,-0.6361543834468407,-0.7787775417697066,0.13020397725784896,0.5237879392702159,0.05595310717396025,0.04851611867700874,-0.015124138243547868,0.03681995630622396,-0.7821269312564484,-0.208056468936524,-0.10056133832845504,-0.12364120226044537,0.31744453152184143,-0.23758983530284233,0.2849495363345007,-0.2615220150600408
882,882,-0.08967475741444272,-0.5707916248464538,-0.47269922481090004,-0.7661895896412215,0.2976778983346371,-0.8410439506537474,-0.27125400025974394,-0.03686448206115552,-0.3268210694682565,-0.014800287882841493,-0.16236527859405614,0.0065550001572159886,-0.1149167971670933,0.7062155997942787,-0.15613699614357707,-0.6847467634749073,-0.2739841904772393,-0.3324971782167279
884,884,-0.8345593797095413,-0.19791356622374554,0.4196803890509474,0.3594981508935892,-0.568252438600887,0.5853208016648505,0.34599018538884596,-0.27395087867498913,0.013045569471049245,-0.11011524198658887,0.08451444699998258,0.46108387563379266,-0.6955915231747194,-0.35533212520777685,0.9794113927957928,-0.4504393604594082,0.15531482415805095,0.07391812298472551
885,885,0.1277836680078686,0.2918349105367265,1.3570789857507044,0.411621634087939,0.5096685717329944,0.19843934867116927,0.6888146787547936,-1.0613933834861187,0.8073335383392326,0.21224837263495047,-0.043047106604936006,1.6856267128801121,1.141828555120303,0.3525962638804885,0.944340285005284,-0.5397891626485635,1.2279547017136865,0.4059399131907269
886,886,-0.48203267503545266,0.07646720017502888,0.12383839193781611,-0.10271793886796188,0.8770008781982496,0.8824992633795388,0.9139409990612243,0.1257761345362201,0.07424946763141604,-0.6914049800907119,-0.18443908584024205,-0.13538844450017798,0.7495127803714989,0.38215174421605863,-0.5357546538884261,0.9443994711955642,0.025424684765432703,0.5589287182121409
887,887,0.7170263525902383,0.9199254694824778,0.9902046964039661,0.4760057164682402,1.4667812441818269,0.6708458454048207,1.0989196609160883,-0.14035606608721793,0.5472399013271833,0.8083929777960163,0.8004434431202054,0.6933162792368679,0.8234587703846014,0.42393244596316054,0.6180450559564475,1.761916153733156,0.6889501035198503,0.551700987805616
888,888,-1.0759646775747218,0.5374976285920047,-0.6762076733053156,-1.008979747465847,-0.264649586113034,0.4719181089645139,1.4977782352898559,1.4628217656566094,0.23707838988372132,-0.031770760293269334,-0.4730889741706021,1.1875954682787084,0.3666965647039366,-0.17421298407771557,0.9035522188803738,-0.9035392017000096,-0.5225487070316683,0.13779359537325497
889,889,-0.05941439076994492,0.6029066566472268,0.8029194754187715,-0.4143570092185976,0.6483626821297018,2.222420745707706,0.07261524480579774,-0.307955855286202,0.4205216611110679,0.4184843385139763,1.38311939561273,0.5282009890258298,0.6636494543583452,0.8318569074428861,-0.4662255900094007,-0.015697705357968286,-0.5376369914660962,1.9965768017219683
890,890,-0.8127797243076658,1.5612737908299554,1.095746371417096,0.05522264295659543,1.072146266263769,-0.1762118658840031,1.4900688102745225,1.0083043059369952,0.25657021990273654,-0.6307470217251125,0.13005862101491852,-0.2542529203723484,2.3745803501153913,2.196063523129652,1.749625695345744,0.7808989287318089,0.8932551166303317,0.2740273955901169
892,892,-0.39792255643074326,0.5331755857480354,0.4199574814713205,-0.6237842611992875,0.7722807455881695,-0.176147251939262,0.5379291081690779,1.4779980063363873,1.0264956456628611,0.4237704423314327,0.22151583580109238,0.049739445042044014,0.7773572003677912,0.5880448810611241,1.6421451446327697,0.09270843901753929,-0.2380837268782972,0.07094743648072895
893,893,0.05208790035965745,0.550129716247471,1.7033251985419868,0.3887596896052118,1.5312305776283979,1.5729438171214236,0.19813291122258367,0.8349692843934767,2.0932672900457012,0.9867950147698785,1.4535625621483632,2.6934780977235464,0.3338680467181095,1.4440991532035536,2.2507993548161127,0.5688237864629463,0.7530204757919509,1.1191166442252185
894,894,0.14769202377114773,0.36493606042639365,0.4968754720654048,1.268612682558351,1.0440555167689782,1.6536681700743545,0.8226252788613152,-0.38401706297503224,-0.3028127073380622,-0.35916184096345494,1.2803648130077923,1.89702695406571,0.8082298580259262,1.1869262000432912,-0.059605012786061486,0.3944842764066707,0.31018057674170235,0.8104505451760496
895,895,0.7371236675486855,0.5201887837749758,0.048019808014421024,0.1451347314499308,1.1766966638235326,1.2845881950776479,1.1326486630968873,0.5021847023947847,0.6584603389428726,1.8665641142091782,0.2790186550090976,0.40034180471727976,1.195394421964082,1.1161318773200926,0.7291638293577553,-0.17454361690056555,0.9574405009141316,0.15400010061353786
898,898,1.0701559446739524,-0.6227525351806577,-0.009045097130375893,-0.33537268571550855,-0.0314957745464003,1.7197133100285265,-0.42022133031937436,-1.0755784441936596,0.3396231408302029,0.6215169264878081,-0.11611354913370535,-0.24161978200159243,0.2446595882786305,-0.03675102173887647,0.03770473617013739,-0.5627310611592719,-0.45295625952484114,0.7000848055717007
899,899,-0.1513680536890261,-0.18185000826017894,-0.5250009977315675,-0.10978727456732687,-0.08439002707344664,0.13813239397826088,0.5330068118961541,-1.145299742201859,-1.1107773463763226,0.13904974043665444,0.9978625373590815,1.0598124709366763,-0.622386789040604,1.8591949060533355,0.1978022418960525,0.5378033021646043,-1.1220663479039938,-0.5628651763822129
900,900,-0.9383202442177694,0.09870581282347454,0.033309189483043095,-0.37578406951206234,-0.4156035201513038,0.41570863343888287,1.2390443482672555,-0.530747097809835,0.03543334188948111,0.5596777049303424,-0.5785425153993279,0.11536047194342827,-0.15833377411303595,0.5952117207791253,-0.3258867318526851,-0.6581521605293634,0.025466246118713662,1.0907335915047762
901,901,-1.0010018723137433,1.54225999275946,0.48584387612931074,0.3743436620483338,1.2041055436319392,0.41162561782486234,1.3732385476739237,-0.1375132387204896,0.6322770624069518,2.1191824837849706,0.7202920725199855,1.0692716419986938,0.5622124055165184,1.406213516172649,0.47139354705591874,-0.13316561419822243,0.03897500956458395,0.18291768127534103
902,902,-0.585690050904636,0.7150280085031251,0.6698258864697328,-0.006018715786647453,0.4883281132765477,0.07278789287761993,0.8326821843491206,0.19221947577700424,0.1781631022738478,0.9287504910442339,-0.40603440415991576,0.251226589625232,0.1946621170179884,-0.4645338769286776,-0.044103833853044914,0.6416070298317376,-0.5934199557667701,0.6904661558069287
903,903,0.7765015771666299,1.915626905593411,0.7067261732866843,0.008836135557370518,1.4691170594891292,1.4585073165253797,1.3823278146642402,1.6354310002494818,1.5724525668707443,1.227153523952976,3.0333214934522656,2.5830456192369295,2.0691370853358886,1.7689840522650075,0.998705970989222,1.4909760755626043,1.1150355202076931,3.066050253658381
904,904,-0.8101045715284904,-0.8132696656447472,-0.8379132408392895,-0.3113769419332828,0.3567964295924529,0.21746093146307677,-0.454637868051095,-0.06925555047722476,0.07947929279673582,0.03338597624258455,-0.292950974114875,1.083636026517702,-1.1921097276595667,-0.11658151439676737,0.04593180129632646,-0.9615635306995387,-0.8957493321332787,-0.545434875597852
905,905,-0.41710903176097375,0.039487270645205845,1.4401637403380048,0.1760786607795927,0.5084130875232462,0.7092051059977806,-0.21347590242650946,0.0688879611573459,0.3756741692847162,-0.34958876092660046,-0.21332049556185087,-0.27981862938930274,0.2734490366812704,0.34102715611400597,0.21483945276496777,1.5980464441937432,-0.1387105567379972,1.6656890442860848
906,906,-0.05617753511905275,0.20790633375898165,-0.255822910787913,0.2614355240364606,1.7539031563077934,0.9489274666210502,0.44873734194459197,0.3488905172837921,-0.585837615225016,0.45092438904691023,0.3378508602081568,1.1954775399291386,1.8934880712319635,0.42176798603858223,0.30086210219326875,-0.005296641719487051,0.06082375876407492,1.0018421420306722
907,907,-0.07022556369571278,0.7538158589572507,1.540408320115534,0.39065907062221317,0.7355256444469492,0.951450859890769,1.57028248129359,0.9197367287403303,3.3187985007491636,3.1786365965078116,0.6549883951510985,1.2482035750512603,0.40245893387826137,0.5177757512528692,1.8076853158875883,1.0146759987257132,-0.9045344243957896,0.2056191312934197
908,908,-1.2892584196674979,-0.8315491442670074,-1.0077004036357569,0.7825175034513299,0.7699337252933353,-0.41382682274214316,0.4624383188711818,2.024500583548678,-0.14483476398179154,-0.39509223850798475,-0.38176417392166706,-0.30040522485086096,-0.8683986936040261,-0.5180929499120371,0.2995690597823107,0.9173126254036323,-0.1480840116046387,-0.3281924155458362
909,909,-0.9127830462715275,-0.6637464273660363,-0.7559787029698988,-0.6357426995023069,-0.004715240971433908,-0.8094729475997159,-0.7756172316265493,-0.29125029465134394,0.5557743292361388,-0.27505086272126694,-0.9025239167350881,-0.9800298124008129,-0.5093940705916834,-0.8469492461580639,-0.2780253647034823,-0.4073493774178165,-0.5640555700490301,-0.7528273071008305
910,910,-0.8003185917425729,-0.4717367864405965,-0.33573270691575424,-0.46377762730702937,-1.0175837256710811,-0.7835305204000359,-0.9192155021514493,-0.9236840998775544,-1.4576477422176317,-0.9464082988424916,-0.8822536156373836,-0.8915006617678288,-1.4466434969743143,-0.3441692998608706,-0.13075402951181417,-0.6069314929947643,-0.8462415918506553,-1.367882802925094
911,911,0.4172154109327613,-0.22417105651642533,-0.3329947978445699,-0.47305760568268146,-0.10804908679306384,-0.09039837161949175,0.31448065944145764,1.0878897109401873,-0.78507747472835,-0.7805660124594633,0.0966074521682517,0.0026422148835451463,0.4523960005337084,0.14184443409458414,0.39900066188623917,0.23198084217145806,-0.31740555556795763,0.346853380312794
912,912,-0.5276591526359233,0.09177865648450383,0.2854306487241111,-0.1739390460035166,-0.28919173199309545,0.03990111369522741,-0.5685548497797114,-0.68702188391939,0.32103176284258667,0.07183113566393999,-0.3055229188684478,-0.3549444710277598,-1.1144897663040814,-0.0223729646774356,-0.47588183208063906,-1.1131895867145032,-0.7579854709044724,-0.8070592176898029
914,914,0.06920117730809172,-1.1218750714367987,-0.4393183305100456,0.2798230900323854,0.7297088257878597,-0.03400058030102611,-0.12275075627932962,-0.19549394607840004,0.41991960917722254,0.09810959605402823,-0.006285109867381778,-0.7187737308025778,-0.5468966828645844,0.6662114553972469,-0.38497564445796234,0.3852951958593554,0.43861115614247265,-0.034478663390905426
915,915,0.3927213549365541,-0.0653052295669024,0.9389187087061431,-0.3511765772576889,0.07067644486037859,0.04266106272408581,0.668719604102909,-0.4442939315210812,0.005838545979510125,0.40583899845351074,-0.04839597846510487,0.6813508955696123,-0.18022727649235812,0.38949550692243734,0.8337744198868653,-0.12486873436206825,0.5883893744534842,0.71520807654527
916,916,-0.07727227815488169,-0.9362426532197837,0.01136106034035348,-0.19001873881615747,0.6478340442555969,-0.6908605675976204,-0.09422651093047973,-0.20886025544215975,0.32410874919403604,-0.8537400324532599,-0.16723485105936942,0.7401008570491348,-0.7179479976672273,-0.018475379502171544,0.3211692168441389,-1.2221747039346802,-0.5348762572864176,0.20072199541515465
917,917,0.7037343871967363,1.8130554678189779,0.3219822392570945,-0.41529465075766797,0.8014662977937721,-0.15327970011199443,0.33965733836315265,-0.2627741170114745,0.08766871565230311,0.6218673392743822,0.7676891030447566,0.3121961615849744,0.23340411016564835,0.6555453164066521,0.3070692832252082,0.3470987035208397,1.0984858271983364,1.6119410787591175
918,918,-0.5816580146928734,0.00397888703238696,-0.06174187235596222,-0.3099669256649136,-0.43868257116253456,-0.20776104839150786,-0.38532784505765455,-0.97720025009551,0.0924711877538047,-0.3855176473794971,-0.546039978181252,-0.11706080656131923,-0.5714186968736442,0.05061047718152498,-0.7824926169298934,-0.8910107642934438,1.329894455679278,-0.6730356094820459
919,919,1.1894604484238667,0.48489051648728526,0.6524794616621215,-0.5235446917178128,1.9081393105687636,0.06792730853023693,1.6082038191565726,-0.19130376715026096,0.08952935929372245,0.6247286865191859,1.6602748245357843,0.1396103239725822,0.2393799803509484,-0.26935724748009865,0.9550100941711612,0.5028999321191184,-0.5933265903296103,1.0917781960513124
920,920,0.758378144515834,0.6441459902176292,2.9328974872969527,0.11350689678777695,0.8178638248359399,0.09640718059301352,0.2557330172955232,0.5158585876624017,1.0651195225408978,0.45475893902714287,0.025794589221734807,0.32371845114447134,0.11747039482488869,1.1619401030508567,2.537946288192479,0.884974108406168,0.5130783153724191,1.5424131841245923
921,921,-0.36482050020950346,1.1280545700661924,2.4044446650137408,0.9097187603147006,1.1903602913884117,2.921037629996011,1.0523456853856856,-0.5131277145333198,-0.14269959072607485,0.06926288870856669,1.9115005162233918,2.860736214600841,0.5393746201639904,3.162808353637765,-0.22612680150952758,1.1746992933093434,1.6255558302829025,1.4672860532559988
922,922,3.704574614796647,5.0196364152191855,2.8514644578404114,5.9211679469261815,3.5442350857075633,4.81227189752678,1.1964631995126656,1.6907564396471084,1.0646460634290338,7.852435270260783,7.533653432735714,3.486302852717101,4.839072210215191,6.167539871752154,6.24237060590107,3.2802832703576454,4.597983440913223,6.816569589142343
923,923,0.6638014757346943,1.00024729068808,0.6315343913509305,0.4506657454104272,1.8386215312987857,2.45389194369952,-0.1766195250854167,0.6554147150915629,1.1591634534975628,0.22829655108319366,0.24674184265210833,0.7385806499726285,1.1218444171419315,-0.21137839118637747,1.4020782531611078,1.3368006022829966,2.286579015907578,0.6872676631992959
924,924,0.7420025952597007,0.18161354631448234,1.3142662274218229,3.125697627508548,1.0584480141276602,1.2447784901782295,2.3685236231239712,-1.1958007943525284,2.138962216913279,1.3120067872408399,1.2889663750835616,1.1625603665980973,0.2283836866249363,0.5279749782560034,1.369171592122726,-0.469610256745689,3.130358196776556,0.3767413202227284
925,925,0.2008807013720128,1.1454447405844546,0.7299645070777961,0.4409985727247763,0.2125635913246082,1.14464807472631,1.2756237936962593,-0.04961180043992901,0.19504461756379673,2.0753792637356216,0.9229412521837649,1.2978569626899663,0.5846238656757996,1.1385118850682459,1.1456540210010568,-0.29207250861213435,0.25942545769586517,0.8912518634630886
926,926,0.20082292908611102,-0.1337630146983561,0.466500165269901,1.0657811540535438,-0.519757217311886,0.7724673257081446,1.1289962348596339,-0.10530984755556128,-0.1411399678088872,-0.09898002675124667,0.5859160727960775,0.9948359449824837,0.479824212950214,0.7669514995731591,0.884952203011987,0.14498332107916947,2.235708766929603,0.6370463953589878
930,930,-0.23220107193313896,-0.019807023439806937,0.26003475954120225,0.12350961015941535,-0.5725018025881271,0.6562593957309127,0.36327044112197476,-0.9752193281294772,1.2318111356431325,-0.09301127214946457,-0.2419971950232023,-0.7045913052744854,-0.6090643882781925,0.5780823985574697,0.20071697003866298,-0.5375968611704732,0.2296396515561875,-0.009892382173395834
931,931,1.3643275348036459,1.5712678931045256,0.5493417010701449,2.0574661250357495,-0.2232661570286037,1.394099162838343,1.209012622922523,1.5267642498553564,0.7013585752946092,0.9319558816891561,0.5373164926927764,1.6707698649776719,1.5449619728556887,1.1590374679970266,1.7871290127117812,2.631014671800313,2.0134792817320357,0.605967857642145
932,932,-1.6302286856203434,0.054707392033715864,-1.0144951446612496,-0.35912257711638607,-0.75701893203692,-0.2794906055123991,-0.8263998779023184,-0.6528794065785578,-0.5079290106965756,-0.7881097056073199,-0.6076240671164828,-0.06074841006894387,-0.4042175077704819,0.1393676106351364,-0.8842398530051275,1.2681309339521745,-1.0596705431897895,-1.341455771671415
933,933,-0.8712728119472763,4.105143854900994,4.456274985614571,2.689580108997543,2.568578429720228,-0.6734939426855815,0.5834788056893758,-0.8551238492105238,4.886917227223428,-0.10257252573235312,0.5585837842342717,0.43515122092477615,1.3315410640513534,1.5491641562982033,1.3328023997530805,3.2361675418027787,2.2725266105003987,-0.4664446659486262
934,934,-0.011914189334377673,0.5256412858380205,-0.558791930391556,-0.9208223007725432,-0.6325852925212944,-0.6745689182109444,-1.419724017670033,-1.028294539354861,-0.6877108613755439,-0.41456918451941627,-0.20223034807131876,-1.2752934441213855,-0.3277329673589642,-1.0057483498873832,-0.5508192742768763,1.5503614970560096,-0.3386494899367231,-1.0338559950092137
935,935,-0.7351476289460145,0.30835117544761376,-0.5629984514919819,-0.3062904417917559,-0.4339488400828435,-0.9534506456602132,-1.058047051698025,-0.9970659754541068,0.8533053281855009,-0.9245939950492265,-0.15624264336143656,-0.8295617798089729,-0.9025961184308241,0.758099316384028,-1.1349472945135304,1.8829535267802568,1.128587651057245,-1.0947702765556144
936,936,-1.1164388952955737,-1.3369225297073528,-0.9900123876071508,0.5262170295586016,-0.3026348898367657,-0.6171707268814804,0.3717655610508979,-0.2565056184015946,-0.7740839969705101,-0.7946544554652972,-0.8921697704179187,-0.6891416867296984,-1.1506690564364943,-0.9597826539249161,-0.9719255451562439,0.5396625072837956,-0.6719901015513319,-0.6400385095917882
937,937,-1.1254866971579538,-0.4852247553742076,-0.7160043486612347,-1.3057520573511778,0.23662853058150934,-1.0681097678263434,-0.9708582016214345,-1.0362348541912594,-1.126595690867143,-0.8102394388984728,-0.8188598790070292,-0.9944478521503293,-1.0517584643678626,-0.9522084033220275,-0.8574713437243123,0.3263060171779499,-1.0362865177190816,-0.9169632654801132
938,938,-0.07954879355396977,-1.75885229384805,0.03305599561262136,0.2734987490893558,-1.515933316563694,-0.0016766116822846569,-0.845851035090166,-1.0699544909822907,0.1128562382972801,0.1369053730205289,-1.0151681586112775,-0.5311745538700686,-1.0972571776608306,-1.072354953510347,-1.1812600969796407,0.42044035144432484,-0.4878814933804527,-0.4147736527762849
939,939,-0.9133552323600354,-1.1742590502845076,-0.10455292917272364,-0.8351680607667252,-0.06847489361585668,-0.6138253853936294,-0.35141538122879074,-0.43838022583706787,0.0007019753804962938,-0.3838368126492871,-0.3673930032883895,-0.8023109772779624,-0.8390175833004114,-0.3689437678333441,-1.3449964730837691,-0.07874506547902155,0.5990251548572839,-0.49730327776265804
940,940,0.5764092808692372,0.48933754960931297,-0.5496307005165376,-0.8173638709224013,-0.6764291491884281,-0.03784523595866352,0.0011017634386245917,-1.6226236889852113,-1.0974459351426882,-0.9673470573066155,-0.10902764557374481,-1.323695075358194,-0.37892466472033814,-0.5157250851500791,-0.9781133628540897,-0.9540378130925505,-1.0306618879199998,-0.6702141924505807
941,941,0.8038997980763808,-0.34154342821542966,-0.8526561861129458,-0.6871062405598783,-0.6096779395550735,0.121805104137493,0.001195047488640893,-0.053536073544979045,-0.1802145375302797,0.3055561062247495,-0.18616352396763117,-0.3263259860232634,-0.7213000661790611,-0.8452011646330337,-0.4376825568820075,0.16607348176836895,0.04234433183856962,-0.49707673257134416
942,942,1.4149381814853492,1.2960193406752074,-0.5314876624742544,-0.42679258866190123,1.2264072882043942,0.5660770219910651,1.1277282170047163,0.8939305700559482,0.4561258224682187,0.0010134947481397463,0.8602331266805624,0.6195921287543347,0.6634322432216435,0.5223309818532686,-0.13040395853394585,0.18083715661280197,-0.22496704273804702,-0.3932830640607096
943,943,1.1446549967959867,0.455319321102765,-0.9376750813313425,0.8503810027524905,0.3772184745583414,-0.1986604211462025,0.34613614343656135,-0.11232560280861757,-0.4760248830254437,0.052438903606630886,-0.4510207363219653,0.24287267023274242,0.32051610672508096,-0.15049940173495624,0.4627483603835793,0.029674557378252836,0.14148259922613238,-0.5570124882113087
944,944,-1.0760013831239916,-0.6969541065020062,-0.59361072457305,-0.6576253648476942,-0.2052250987234523,-0.24999137225251955,-1.0366251787936513,-1.7171464334644577,-1.1956148115182845,-0.42176954192716126,-0.7062694810811005,-0.8619165147457182,-0.6786436405439668,-0.8990307164063029,-0.8315008259664227,-0.8609150104170471,-0.21507882021748947,-0.5825270505316094
945,945,-0.6295910534578317,-0.16672357728188678,0.013308283017885092,-0.4065215073105288,-0.08825490241803906,-0.4943669104403318,-0.7165736482156897,-1.5485810000218818,0.16330975166224113,-0.702299121866403,-0.3608429687064547,0.1410464071862036,-0.4685856488015473,-1.0055709468716918,-0.6900579850054611,0.36062361135379145,0.10727130344529724,-0.9363338085696329
946,946,0.46698765025570704,0.41030667111731106,0.6869106511410337,2.2868914183732336,0.8202801581685089,0.3960867160012374,1.376847846605637,-0.982117010547188,0.6017172022279712,1.3706614048167076,0.5041275538193799,0.7874356700263402,0.2529356780818984,0.4790819246450524,-0.06183729871828024,2.1630067613098656,1.0738625123863872,-0.2560365116223757
947,947,0.18092212589166837,0.5533404564164581,0.12659969719919578,0.4168323177828723,0.37204078474967756,-0.82232189486522,-0.5485718429961363,-0.8643922635929567,0.5200593571141133,1.0791471317101649,1.2302304261727555,-0.3564914241398152,-0.46840663663424803,0.40851579466803956,0.1770930061119837,0.7294847031156334,0.3231509315879887,0.0577814518674153
948,948,-1.2847242356161548,-0.7744400593614439,-1.0945310778554458,-0.5868307097674009,-0.4932147909702675,-0.7586487184329008,0.12170649188764002,-1.312872104117395,-0.3739939052787862,-0.9679735374229006,-0.8925647564013991,0.40781374149981564,-0.9583671132557161,-0.7367639197115691,-0.6740503690683052,-0.7759282775417946,-0.16460332950073125,-0.40717588597799936
949,949,1.9222546903446411,1.8045940915817829,0.1411968175443262,0.3971432944547096,1.3982433439011106,0.569938964596658,0.632083302020352,2.4978439573398763,0.09156038549496451,0.47565760958374204,0.5559896275516554,1.3222426454757237,0.31100431915374516,1.090226436828375,-0.04405320240893789,0.507968511332593,0.8732984531121445,0.6947391708654909
950,950,3.9817457266990925,1.9107878623103915,0.64351702646763,0.21400857359786687,0.9513374867208098,1.3618817561645784,0.3170595128537481,1.8349658204715091,1.3656806889190247,1.443749414321976,2.561805103712669,1.06812120033944,2.2847019876238472,0.5706905454283591,1.9194353546706742,1.1181500323141038,1.0160284763715977,0.1366751953113931
952,952,-0.8354864849638203,-0.6732115337427086,-0.9309302086488485,-0.9138331368236613,-1.1973162431532391,-0.5854741009204747,-0.6113994820522463,-1.2149660873805634,-0.14203530977465084,-0.6881245763398252,-0.30123472985025157,0.47045559449169666,-0.7392631278408635,-0.42312774128068276,0.08810307100175767,-0.14051230553440006,-1.0944375816297687,-0.7776019351605897
953,953,0.2921950643462237,0.0930111252192991,-0.15353622319119367,-0.4585829878220128,-0.2425735412947997,-0.4062031565229366,-0.10822050200794187,-0.6268011873315822,0.8013506551891806,-0.3556429159162527,0.14232607902763192,-0.1733134112502034,-0.2830781107210446,-0.43756606522878044,0.16028885111094618,0.4809009530532332,-0.8855356969865509,-0.7822913569786641
957,957,-0.29487289058540034,-1.5105578252412317,0.3717031404378595,-1.14047139783992,-0.6103259946584448,0.059856353545377244,0.5221398478142649,-0.16679408268432436,0.2633422077888357,-0.7212208749378217,-0.3482991360912103,-0.23125061959447704,-0.43438071878582063,0.036405910872051625,-0.9632681612526988,-0.31086757687548416,-1.2106946420758187,-0.43893874669381167
958,958,-0.28176776178937946,-1.0430928727210165,-0.20125326930796006,-0.38744014514419844,-0.49735266580068904,-0.8814497000122664,-0.668350719366491,-0.3492154211928817,-0.4418436248115869,-1.2099048667945715,-0.5539656839978832,-0.22368568138876177,-0.5874149405899426,-0.018674823386128716,-0.955763853991607,3.2913542499502078,-0.2385271829344279,-0.7313945737011404
962,962,1.2385020249741883,0.5185413084950468,0.7729194273431617,-0.033988548810246245,-0.9731468053299556,-0.06646610386268142,0.6425317073372951,-0.1837721761866369,0.6909569819434729,0.33522106012964903,0.28912903850467814,0.8945427101321344,1.4786349863808264,1.0309402491252102,1.4671101989055342,1.203065028031241,-0.4619255352784838,-0.16151016443632743
963,963,1.3148685174599495,0.897231078272685,-0.06100725103445494,0.40690737558759615,0.6034485177010538,-0.4974046906272564,0.03696523306703209,-0.2207461734410151,-0.524928667567039,-0.8675043232824678,-0.7962478474800332,-0.9755757777005822,0.4869347510573727,0.21468435465614613,-0.08934749456612946,2.653025081565917,0.53237694355054,0.09441617129109005
964,964,-0.3385374118826228,-0.409872021696595,0.9505902240447565,0.3052137643239868,0.6107175487366284,-0.17167867320127958,0.29615205239072145,-0.6905832028237352,-0.6627423113799732,-0.013525366339001976,-0.7811598731267894,-0.6355807066804734,-0.9753555042829588,-0.7267388411112842,-0.45062765963603946,0.04400179748596131,-1.121152886105817,0.31457808728091313
965,965,0.5172735638465213,-0.1422731959092702,0.8343644815711211,0.40570582238790814,0.019512244484359346,0.3572428369789562,-0.6671633450369175,0.10478000532951079,0.46745439109562764,-0.21578991368040462,-0.4192631002802675,-0.186133854444552,-0.15130650263746612,0.2102393449667479,0.21158509690872374,1.7428225981180028,-0.17505872756855256,0.6084135034076484
966,966,0.700913336223455,0.24128408408896507,2.464423907937097,0.7678182857587303,-0.8208451209642286,0.002903177202170193,0.5711194908898121,-0.10576558896032293,1.4327576042734451,-0.08763652884742097,-0.10260557787932713,0.47969804894297696,0.160673834552274,0.7257931522200516,0.6281855150822605,0.9470571153988955,-0.7865941659451049,-0.5958635655088612
967,967,1.5429056443582387,-0.37327239154793335,1.5863936577323638,1.318958134591936,1.0226981292294526,0.5683980476283734,0.6154438950137979,1.8104897267934246,-0.012241626181353223,0.18685807198460305,-0.5798275471578714,0.11669266317490139,0.6981473890871446,0.599966518482436,-0.17381248513789221,1.8929763060055214,0.1935146772853327,1.1240564651984404
968,968,0.38790307402518864,0.42350560068043985,0.2588506498307281,0.049292641992095765,-0.041134763758069154,-0.5211768973114155,0.38227453541213274,0.39617489408105033,-0.47227139425784653,-0.23973000003752457,0.03774048781765699,0.5709289364035701,0.03827618442297883,0.3457583880201599,-0.19309224375783926,0.2541494834381834,0.9253317139452989,-0.15933811984595864
969,969,-0.05217551758214603,1.56661943602067,-0.015676515455157847,0.18256176041029604,0.7565703675193979,-0.06022288813342765,0.0889022453216819,-0.475271366235131,0.3174012186473363,0.053150765280144466,0.22836008157619078,0.5363805879512941,0.7925093996744603,-0.5220378715177437,-0.016203151342800266,0.18122891543892472,0.8699236211724959,-0.8993832455935016
970,970,0.9372169060159101,1.2006575279997536,0.05228840301582671,1.2625266118909413,3.637212267133771,0.46149551078212964,1.945213311232884,0.18249661904702083,0.21604125071112434,1.4943705461499592,0.7578340115257591,2.610958205541102,1.5638678684232523,0.8323521299176265,1.8605351813428141,0.5685356845055288,1.5810996990258128,0.5470767420747792
971,971,0.7961149803268421,1.1404245188247697,0.39625667133493925,0.653019657016768,0.6213974772345564,1.5118469309234785,0.43288841445301973,-0.028616883967511275,-0.5339682296581629,-0.0012530368900372044,-0.015704830248246114,0.269486144995905,0.10992801166215602,-0.08629766602705342,-0.29893824939460045,0.6124684896627587,0.5240362463833668,0.4490550955198249
973,973,-0.08349087464273168,0.6963487777083877,1.6073881733769186,-0.2969625950198021,0.7175700599170642,-0.055281978583818545,-0.4606667885084201,-0.561842243013517,0.4506728407472884,0.11771483430859116,0.0393249240894745,0.2730106947084746,1.0993573146617273,1.0914964506916163,0.30646598924058754,2.02260730789702,-0.8087099783649995,0.7425803155946364
974,974,-0.6082954005995285,-0.7389572185469492,1.5662442356927366,-0.9097695681234752,-0.34447745363902255,0.011013105081277782,0.4005989018997594,-0.08649292504470023,0.3179554101503305,0.23993575957645064,-0.3408808787958874,0.43870591924283847,-0.22214820066191698,0.07042464241456244,-0.5671827910560752,-0.308896955536578,-0.17037034120943848,0.004777057035630471
975,975,0.6356906602329628,0.5630198933956123,1.0927110689880877,0.05756594308942381,-0.5743413663315916,-0.7380600190852882,0.2220080348499458,0.2329878932307157,0.5316610617913338,0.6270417008967566,-0.0621046493701523,-0.14570685893054594,0.6159340831439437,0.7160872875260682,-0.7156828141002648,0.7764082897908049,-0.5890728085502172,1.0988752617188455
976,976,-0.4433524091175143,-1.1889256634033103,-1.3915747705967103,-1.0361988154993609,-2.0445492591244783,-0.6665940052622534,-1.1203097177119155,-1.3072944768875496,-1.692607691079764,-1.2538534203535103,-1.1850694375722564,-1.0327219459250505,-1.0583245489954303,-0.5742924737759787,-0.824945912131179,-0.26523519206470075,-0.9471589301843004,-0.5480604387481657
977,977,-1.2385327873101442,-1.4665677513537148,-0.31233225338854775,-0.8169412232329358,-1.7359210197293553,-1.4574537506278102,-1.5027563704743268,-1.4836726778525284,-1.4613552580217974,-0.8373428265958818,-0.8989145925159442,-0.6303437407027472,-1.5439730607525008,-1.1518907260526114,-1.5607379033940632,-0.9438961615693844,-1.0934547047262515,-1.5399299433880493
978,978,-1.6742674663056165,-1.2954930501301083,-1.0062736129548762,-1.1333378620766479,-1.3955234229910232,-1.2139270063531962,-1.1823606128342665,-1.6153900195149882,-1.7743602600069484,-1.067865150152791,-0.8405807328959943,-1.1621845470808594,-1.2476034331924646,-0.8737402775197083,-1.7285270132390824,-0.3251470480914332,-1.2559918551873042,-1.3530866239775787
979,979,-0.8924946342494634,-0.8154022489053772,-0.6039771936175542,-1.4853640537243986,-1.128087931257613,-0.2459893941629811,-1.0610191117159136,0.3499394827119394,-0.7091997658762307,-0.7793020636362684,-0.5184447676084935,-1.317284799248789,0.09965749070372633,-0.7593389437858766,-1.0848316148169066,-0.09960685585310665,-1.8194426659191996,-0.54668107379734
982,982,-0.003181766860222435,-0.18938069912384495,-0.5958708198151503,-0.27323786798097843,0.028312396618680066,-0.6059027905579434,-1.1545779486915577,0.06228299814721057,-1.3281933120978768,0.3722771578670455,-0.7172294975595893,-0.29223457374771766,-0.04603443877209191,-0.21796553577796537,-0.6490779792813799,0.25588078886814813,-0.4656050168502983,-1.088597893721851
983,983,-0.16018104421864246,-0.3395840628143055,-1.0598010589556692,-0.6744281189037502,-0.8785353851120349,0.331480176008675,-0.9688197959627738,-0.024764458349487827,-0.6928536339697732,0.4556620709337874,-1.4557601081301972,-0.8248444089396388,0.48201980842217607,-0.5463474471190807,-0.3005156943939757,0.31623729210905827,-0.8016405740577346,-0.9217182361959452
984,984,-0.2263070517756545,0.2024763215602516,-0.13601328193921422,-0.7331774482976041,-0.6349996080044724,-0.26953469204388053,-0.4279577286963366,0.357665608609615,-0.44787784261412905,-0.28267496192597524,-0.6118769208831946,-0.30375134180045593,-0.7005308824685673,-0.9801185217116638,-1.432270393397666,-0.5888918546150366,-0.025486453185931977,-0.25958567257515525
985,985,-0.16389979991686904,-0.3618200876338658,0.04245778424293718,-0.22684031689970735,0.3290713991646065,-0.21198165936823593,0.8139758602298958,0.2516160724684321,-0.16197493844366456,0.28297756962793164,-0.18013716965939966,0.7198291933091789,-0.2957768978352292,-0.04185751371677861,-0.5234858087331392,-0.14935052763853746,-0.2687078806464123,-0.4551890343305815
986,986,0.5551632535619794,0.07427727498728516,0.19052602664724783,-0.10541521143993082,-0.14873039739189692,0.34405350570480553,1.149918453705393,-0.40808498694865075,0.28359816335682214,-0.00891996272227506,0.40983199350923877,0.5424459744382639,-0.7660570700272582,0.5180390389616412,0.6294455244331396,-0.6824046924935728,1.029196769062438,0.3594397220316594
987,987,0.49956535904304994,0.028090197253229192,0.03304125393695719,-0.0629593755650641,0.44946844129019015,0.04371750290627738,1.475965514463589,-0.7870611989588494,0.2966428166290319,-0.1224082737322794,-0.025715651957877686,0.3497860077607866,-0.090406744777182,-0.2977212638285721,0.3478404855451763,0.18030546759383664,0.9735097082297357,-0.3008491731945928
988,988,-0.8737427158080959,-1.2745380567324245,-0.8745696749805573,-0.28703001660559024,-1.0574680087194068,-0.17213820970703142,-0.3943239070626156,-0.08897119846654525,-0.11905872104638399,-0.4415322189199044,-0.7580418104619419,-0.881778236035101,-1.4212495140845576,-0.9156092199826941,-1.0143441840714993,-1.4509810359644213,0.19930595413841018,-0.4054275051481976
989,989,0.9100045105329417,0.21322590461219237,-0.5098222455489596,0.14425215629813717,-0.32707456450706285,-0.31411320499834233,-0.43529253674160484,0.4117652655069498,0.9160459218395531,-0.6770084436691595,-0.36705502907957616,0.3473660054813638,-0.8066791442740671,0.14894688220687177,-0.827330929611374,-0.9345180531123517,-0.5879309714666129,-0.0332384174849634
990,990,-0.41224700534338526,-1.3196485615558577,-0.2952211334425984,-1.4729613121296024,-0.918881758344193,-0.08520152872092178,-0.9404030450419631,0.11251830329043772,-0.3153692320405143,-0.3102209583301059,-0.8472631162677088,-0.5508388068439614,-1.0684397957153255,-0.0559155314347247,-0.5717673060372007,-1.0985039426376686,-0.9008098178683055,-0.22306839828331207
991,991,0.28950795493685777,-0.16871899444896646,0.014119040845609962,0.4093660140744472,1.6850985280619857,-0.5981313544841278,0.5461835616351297,1.9063723270113755,0.3140767376816273,0.3772314434025188,-0.1571846429857861,1.173468173396065,0.8405489972764795,-0.03708347576627702,0.9523676368804587,-0.5919757436518538,0.5836194351409422,0.4474014884871118
993,993,-1.5879391337380406,-1.5065542822222522,-0.5753326848892442,-0.9491643390090668,-0.5724650662728585,-0.7603744645697347,0.3599809784535543,-1.2485482396251537,-0.41237629545392457,-0.6373426788764109,-1.1482602229285959,-0.7654781434179625,-1.3102919454552189,-1.1073706613555223,-0.4635162295906255,-1.2736227063084702,-0.4976665141022407,-0.9777884391233914
994,994,1.22908656299382,0.23918936815668937,-0.09775919637266088,-0.2233634554925115,1.4217882355905929,-0.3017292474818805,0.33246644282579146,-0.861204580861748,0.22033242004409562,0.5334195660439022,-0.2006920259291622,0.19285107593061487,-0.24776241893636303,0.2850079763213179,0.06174463004390706,0.11874921553258973,-0.02881941930258757,1.4479512272313972
996,996,0.21824129388073416,0.5336589546712968,0.5025056112403095,0.7355543009210738,-1.0149165214735478,-0.7174016183743145,-0.6219841402303591,-0.21481581925431117,-0.9468577653898173,-1.2655169226094207,-0.32633664918066485,-0.4019477176939273,0.7729370948644426,-0.1111729559424569,-0.25074513664793024,-0.17837239438589658,-1.2039950564028958,-0.03178558071044895
997,997,-0.12429923762878253,-1.837253700294887,-1.00925745671899,0.17908069427826062,-1.429318038623254,-2.1447360730897085,-0.9226728581454315,-0.7873601005776389,-1.4955078493472094,-1.422502736516438,-1.2877396060632607,-0.5252059366387454,-1.1103271102210113,-1.1950004411183623,-1.0157854528552117,-0.7237775173731509,-0.879203597318551,-0.8559669375030865
998,998,-0.05467272114077275,1.2679194760179067,-0.6903751697341005,-0.9916048362930759,-0.47752878716333796,-1.5734165682453827,-1.4109982121319973,-0.47467873320299103,-1.3115938611874147,-1.1876816171816962,-0.8666135741190175,-0.4325487638622666,-0.939106883679589,-0.5127832229867968,-0.8354417534822502,-0.5609518223948884,-0.7828383808997803,-0.9787292628067782
999,999,-0.6534040484251784,-0.5177123260140293,-1.4522486518796969,-0.5470263768096644,0.11944834593387468,-1.2122145695609672,-0.6081705615722025,-0.21469686869609095,-1.8850142579198441,-1.1875050798593378,-0.9592956365466861,-0.20925762161471084,-1.2775505932901443,-0.48646788962311804,-1.0512030402577317,-0.8665998650055807,-1.7847187368957729,-0.596441273861371
1000,1000,0.1068400748359003,-0.5059449803178324,-0.5379827195183677,-0.8872440417326752,0.9675394310969448,0.0001875087258099156,0.9995533724049978,0.24079733362887643,-0.7649543852471349,-0.9512385368409687,-0.8760228849156784,-0.18067053468567032,-0.590434521805908,0.03720157281290492,-0.04164334290577627,-0.5310716535999582,-0.7918460085036687,-0.9802742357910421
1001,1001,-0.7928167681641818,-0.6118303328725553,-1.3407069698203828,-1.0407563606344645,-0.9433014831520988,-0.7092769505684455,-0.3278337636797696,-0.9560688957744605,-0.627600940676763,-0.34812411426502576,-0.7255057160742359,0.4804173350811241,-1.0930856572992518,-1.062312384928812,-0.7505351746657789,-1.1300325689345379,-1.053761919328512,-0.9684647910245793
1002,1002,1.4160603283101818,-0.8641056673395054,0.00261865853309303,0.36206491714207695,0.3801364463987133,0.50941508328293,-0.5476328131192203,0.9383624663694261,1.3906748576723953,0.5466610488140683,-0.17214680144496022,0.20351728801651375,-0.8638972647410881,-0.025553554880330717,0.7434559512438843,-0.5806235118859702,-0.7345096166350072,0.07176874161387475
1003,1003,-0.7664625082279714,0.053540395845437974,-0.1381616624313649,-0.5915183316188865,-0.2097659182802745,0.14603964772196307,-0.3477253607674672,-0.48084214619168647,-0.8331756426238154,0.08771439900792484,-0.33669255014338356,-0.5430008134616915,-0.6538128915887189,-0.33250959775638683,-0.5349749901976943,-1.0781445328549049,-0.587329427409032,-0.9977064798561258
1004,1004,-0.6818217744949852,-0.21708769467310152,-0.48252852457982326,-0.16159929072813783,-0.18227317363369624,-0.29218557833855907,-1.3027269939271073,-0.11224695143068898,-0.8390288364147492,-0.36833978711048343,-0.3609313072237272,-0.5556375277085879,-0.08148338116442726,-0.38626632667214095,-0.49405033799219056,0.6115095390281247,0.2494331001864134,-0.44502051682228605
1005,1005,0.23865950784734027,-0.10634587516642587,-0.6242804910410845,-0.1023802193442666,-0.9147075212036204,-0.45668404969746523,-0.5163082936485756,-1.1733405370316479,-0.0065528452669346956,-0.653987414495945,-0.0063949033408449655,-0.31071164075547303,-0.18879642314885603,-0.36980463312283784,-0.2098653172650923,-0.20854043422105206,1.011192108246416,-0.6650125255359062
1006,1006,-0.6300520870650235,-0.6824589420243606,-0.502590722398312,0.7912207811660869,-0.7315314442090824,-0.3123734762024139,-0.7726012141411711,-0.5336443075575326,0.08369858694296194,-0.2027318010149209,-0.22507136649067774,0.5993213714343201,-0.198623169569301,-1.0735600666385758,0.1522517558605763,-0.4389659424259888,0.9500688842430158,-0.01588865210370706
1007,1007,-0.6166542210440374,-0.27975721711361434,-0.019029060604543346,0.7695577892769282,-0.838705726275501,-0.9782278295884601,-0.49912657387512427,-0.4848435717776807,-0.16229887982132565,0.2917794562729582,-0.5129855235926777,-0.5122394560732126,-0.19994583010827705,-1.3096793274868626,-0.3419500799788062,-0.14856511165248754,0.8760279647100799,-0.6373352467403978
1008,1008,0.8346319175471014,0.7418660339279478,-0.07541170305870154,-0.2038144974535012,2.7182036287848836,-0.4759305330521844,-1.1011628848223731,0.8095803247355176,-0.4778796204538577,-0.2671099876891578,0.24409499941671745,-0.11934683338960286,-0.26426883977373805,-0.3547011010354034,0.5969201859123706,1.0438393704634434,-0.13371170022253548,0.33533929409578717
1009,1009,0.4439197434012618,0.816068545601178,-0.2241406435679092,-0.09149703541976582,-0.16363518411377273,0.03859013086687504,-0.7887154807907659,-1.4061621091066008,-0.07801492972310764,-0.05869707341281767,0.4698511125449142,-1.0880180495202882,-0.31389886073561246,-0.18822383733892606,-0.03634501434813036,-0.9448098436669989,0.7120297628032393,-0.46201242536286974
1010,1010,1.6659925662931767,1.012634607179523,-0.3751976890914703,0.22119732322829838,0.14244865603422008,0.23702313074172413,1.113673399682557,0.24297479538738964,0.9787611174128371,0.9702177151196649,2.2192825906642164,0.12832242138148628,0.8694722448783695,0.49845657031635476,0.8576241971860242,0.4497167969287556,1.8856776772074129,0.6007660346163411
1011,1011,0.6843568720802307,-0.23152031793263939,-0.42777489332119495,0.13900723259643874,-0.18008440217866506,-0.3249293500464191,-0.8096944918045265,-1.3198724472005054,0.09994045420535373,-0.39061765151787564,-0.06740159132028022,-0.9231643884450154,-0.31566894168800713,0.20958953916762946,-0.21149432975815813,0.42969883205024273,0.5458721239955305,-1.0765901962085613
1013,1013,1.0887369490673315,0.5633657077157734,-0.2932484083432615,-0.5798108639880529,0.009309871251278069,0.026929293727757427,0.17924349721915808,-0.0821392690522184,0.6247609513048046,0.16787586444889427,0.3370377540474163,-1.6899366405006304,-0.19249653149773702,-0.6438449208490671,1.1905908438203268,0.9703039221567702,1.628374821568953,-0.996845419528443
1015,1015,1.3381476211349899,0.6998902709082446,-0.49253586471518784,0.9442386193699112,-0.14293984908911278,0.3391676109116505,-0.023911874455495537,0.5938407566069879,0.4962253420909648,-0.2142680593666172,0.4295735705402232,-1.217832049925244,0.18311721309127416,-0.4517436226849079,0.047253965325450474,0.4685186875900183,1.3713428752735604,0.740155389428557
1018,1018,0.4281630553804668,0.2699045002642671,0.07179986918014025,1.3109064209045524,-0.7503970110900501,-0.07352186727867675,0.5569456280876051,-1.2151158885566187,1.4130724477661925,-0.21051404541100238,0.4772830006329096,-0.4089785873725176,0.5936316686971366,0.6222124830144468,0.9973647933201235,0.8710863953528222,0.4679808693347029,-0.04048705889278098
1022,1022,0.2879669198178949,0.1185795784462394,-0.3982158201547019,-0.34121428754358907,-0.14479712712686058,0.7476197571191167,-0.38816926897390286,0.6141994041016401,-0.38696654207335646,-0.8360807591484235,0.11303407438328168,-1.072646493875624,-0.03228254284859633,0.4140515655622777,0.8898885477187666,-0.17802193745250294,0.8289046309458417,-0.6213343326194923
1023,1023,-0.3601448814894941,-0.5298816396416812,-0.503324271224769,-0.28351415776454847,-1.3357150487026277,0.025479398684079856,-0.4586440319158302,-0.7590761832991831,-0.24239485518394602,-0.9149222027704629,-0.9400774578252856,-0.9483160396201591,-0.6302263327496593,-1.0695042847138665,-0.7257947931393873,-0.3106974029387348,-0.2353907723427272,-0.961638470664136
1024,1024,-0.40963621431215536,-0.5132792887639815,-0.26588382486486395,-0.06992222071833858,-0.21654959627386564,0.21134971443951897,-0.04508821670151501,-0.9599856924683389,0.3725873588544356,-0.201537250769131,-0.7987909335602931,-0.05244001065660378,-0.4808443981387548,-0.45669438832047865,0.30395297203900457,-0.5411036849900591,-1.1715883408535839,-0.7551485418384536
1026,1026,0.39770675762987223,-0.33362019033451523,-0.5476843618422608,1.2303147453826038,-0.01635133544352904,0.11439059242381314,-0.09861685095143767,0.27179700408208707,0.2547234331185613,0.7366597610206619,-0.4294477147436871,-0.018072192148120857,-0.6457265598657761,-0.4715899515324767,-0.385957952784294,-0.9404223945656596,0.7039422543993551,0.5932049420341962
1027,1027,1.6705040439826542,0.19175436692918127,0.6172319254971349,1.1985961089904678,0.1945361139596367,1.5082891630532698,1.2013731171806554,0.34030052559899654,2.756437326042718,0.286422895947111,-0.06414868181718067,0.14613582668638547,0.7745444184225196,-0.026079688804540195,0.8223379658454062,0.24039522187171994,2.643051108507801,0.4734390692665984
1029,1029,0.7057503304966063,-0.4576149987597266,-0.4266530625078746,-0.05509680866979708,-0.2905370921697837,1.4207688404692684,0.4938565753123713,-0.7365881585686491,0.23473029046296034,-0.4309983145830176,0.45827696306554166,-0.714292460577098,-0.7274627636410359,-0.35806279383652967,0.37806586917624735,0.4686863398284962,0.45213310151671415,0.016613417299908166
1030,1030,1.3122228224206258,0.15618617404405252,-0.2890482986358347,0.6657665195153221,-0.18448630929871015,0.5203725584911637,0.3930872487883575,0.47556643922742853,0.4409673923553908,-0.2337246694315065,0.16316874184751193,0.30858547761331173,0.5265678657203268,-0.4089460629245835,0.6854130954947649,0.09670054179703162,1.5140359771346283,0.2830991873760137
1031,1031,0.7234376154550325,-0.5661385459765773,0.02737259580934117,0.49816576983519006,-0.3570909093153906,0.569394942793541,0.561856326874932,-0.5007049021361852,0.2296877549828253,-0.29468726141902185,0.9000650794892872,0.08600178270261875,0.30994771762376533,0.4502889641042147,1.2608717320060314,0.9205950578194108,1.5118567456190044,1.047938894748637
1032,1032,0.1379679910774828,-1.167527465172811,-0.9272466508555316,-1.1750657177716501,-1.7209059772671986,-0.49432973636501654,-0.8623192873585548,-1.2727251852794983,-0.41765389085699817,-0.6843650548688973,-0.7670292340008585,-1.1701190610109873,-1.086054141212857,-1.0784922853499666,-1.408237554406711,-1.1493995089295141,-1.315513597912989,-1.1338173097655444
1033,1033,-0.20694074880423505,-1.5577501956780897,-1.6001804372842514,-1.068517779054693,-1.8565072951683548,-1.042146444757145,-0.8728789646569128,-1.133096646571813,-1.332307092018506,-0.6157534585644128,-0.8092647883402471,-1.3927962895691937,-1.5382501803861737,-0.9048810020715257,-1.4771147684936887,-0.5343264454057113,-0.804494790332995,-1.5724823746083743
1034,1034,-1.006920188277648,-1.2032201703275769,-1.5100184393147433,-1.527585829526342,-1.9704660992139844,-1.5733362526844603,-1.0970357716122552,-1.2949324406120153,-1.1756282216750662,-1.4608399533799348,-0.684324142573376,-1.7771703284680918,-1.3602907528759753,-1.409009185446782,-0.8904519580444052,-1.0352966936194283,-0.9106851035948766,-1.2362625838038754
1035,1035,-0.2778068406349817,-1.02848352775068,-1.3866230196001073,-1.597236795706765,-1.7519454676379085,-0.6125222682940304,-1.2626517389926029,-1.4522459891246762,-1.7986648132865606,-1.20354162588924,-1.2386979334385553,-1.5061895182476095,-0.7188183923583896,-0.6504665679832089,-0.5496317379300943,-0.8656200687994429,-0.4815165302427686,-0.99051124403098
1036,1036,-1.514481873136947,-1.2251882281267572,-0.9002414294567973,-1.2414240123658895,-1.098995182012657,-1.202874475412888,-0.9588655505140146,-1.641115716466186,-0.93324482589821,-1.09066052134011,-1.157735086918984,-1.7055011433201956,-1.4546826449955783,-1.272933674325229,-1.456369531980412,-1.3667563342230933,-1.9358564124561504,-1.3005814076636657
1037,1037,-0.5163345957729958,-1.2075337784701816,-0.9212881283275173,-1.0954569481189516,-1.6524112310285448,-0.6927418599069365,-0.45960287686264617,-1.1379054057070437,-0.6405101545531235,-0.8237209346005175,-0.993911788308027,-0.36424779846802274,-1.1898407161227107,-1.1569677227573378,-0.5403332939573791,0.17746373437715462,-0.20253489513697626,-0.9909402211213019
1039,1039,0.7973225790256244,-0.8524901855552581,-0.7024909742261594,-0.6600103268470151,-0.130046709478868,-0.26770140244045726,0.026430033181259055,-0.6952281693300195,-0.6597872405604696,-0.9523815991865058,-0.2542041341962506,-0.5015799445825576,-1.030268870494716,-0.03560544487857956,-0.6217495693717351,0.6326917998373878,-1.044691410019769,-0.21249970138941823
1040,1040,-1.4189939522666557,-1.269402198164942,-0.6136246409821001,-0.88873898378648,-0.8282828914303968,-0.5850906568538315,-0.9797852277124942,-1.5871905964076454,-0.11642449529931986,-0.612195997620576,-0.6870097578512413,-0.1691169477921373,-0.9545233039381217,-1.2251439736801457,-1.4222345902394256,-1.0153321413922662,-0.924719089374705,-1.155923130549091
1041,1041,0.4078899051245157,-0.43179735022835347,-0.530040240957983,-0.7305920867072235,-0.394699016387891,-0.5033703274875804,-0.08672041114643524,-0.6578874457120345,-0.21039391392528817,-0.33182946439963557,-0.6018789707975786,-1.3729891265891188,-0.6838677998340499,-0.3577305109713522,0.3342144767820485,0.08022937162055183,0.6933824352386159,-0.5379359905111724
1042,1042,-0.1599601482072062,-0.9266607925646724,-0.9815755988711996,-0.3048663768030371,-0.5391098014201051,0.04350616236196489,-0.6764178795485658,-1.2780155008182206,-0.36548228499640995,-0.4860378770290226,-0.3142932043463971,-0.6226372887146066,-0.7566393635334752,-0.42720770215021575,-0.48716229760474106,-1.1325251578924806,-1.085997348730366,-0.6878776129069092
1043,1043,1.3636416469401997,-0.2603955258986084,-0.183294066764417,0.4246133273212075,0.5735626744914133,0.13486081627275834,-0.3285692830547803,-0.31101251761214843,-0.555155544024637,0.23824612232389022,0.5820075463256377,-0.69561410370288,-0.48449483861613873,-0.22790694226915087,-0.5614466453604521,0.365876455095603,1.308348598403425,-0.008830821203878222
1044,1044,-0.8264071290832221,-0.11053655038626464,0.0041355377153492094,-0.5399364730948834,0.4697549963462025,-0.30259008082124567,-0.21350648626922922,-1.3740663232894963,0.5643725665668017,-0.1897981301633346,-0.9428461444020199,-1.3318314867185073,-1.0054913592748596,0.02955456325216529,-0.33169226209959746,-0.8831240091602515,-0.19877740437669564,-0.06837437380593693
1046,1046,-0.22004456414068677,-0.29965464010218473,0.0983232405437601,-0.0811898528556675,1.1379749586220533,0.16457340565281056,-0.0048298517446813,0.78520148532016,0.273010264493628,-0.7390787070423611,0.07874908041636276,-0.5344149632093075,-0.23775878116680318,-0.039190326225822934,-0.5576108677197736,0.41965671094388485,0.6831636279901963,1.5132000909072703
1047,1047,-0.531615924336727,-0.367995565080455,1.022070938364497,-0.19400090269382703,1.1576401762685506,0.11525342488900785,-0.08447402568901806,-0.5180028412542939,0.7250993362325433,-0.054106544131691026,0.10894284200629427,0.12793519431229158,0.06443392512393877,1.3481714622895895,-0.15279165266567732,1.6034174784151436,0.6066630204038571,1.8501866594375813
1048,1048,0.01197224612165244,-0.8437286393028505,-0.9370735581392188,-0.49487586506334813,-0.9695412078947189,-0.7858467468048892,-0.17823040791915531,-0.9078814693494826,-0.678926067205997,-0.6294257142642237,-0.3786957766400616,-0.9436783994574536,-1.1627921445635954,-1.0510252444907036,-1.4200895504230908,-0.4931063920579224,-0.6814303859643484,-0.029307508511546367
1049,1049,-0.30587356955663114,-0.8591794627720915,-0.761065032932451,-0.4179966856237585,-0.7577124896199386,0.006656314182369587,-0.5075589030663759,-0.06948240490059432,-1.2995514616511707,-0.5242393528715414,-0.5949225033179528,-0.5470350705789048,-1.365742220471578,-0.49008171810726475,-0.7156864171719209,-0.4043458843644616,-0.2800893158786954,-0.20212120067168898
1050,1050,-0.3182720625976677,-1.0473727066656098,-0.7767451441141527,-0.6250962450417467,0.8884110372846481,-0.21628225188866662,-0.3593327287685882,-1.417981176319292,-0.6729725520397131,-0.4446277991341465,0.25574039703192825,-0.7640462936401332,-1.065957459363639,-0.49170063868336494,-1.0128606708204086,0.7157450389048257,-0.3431942496564633,-0.8623536424289845
1052,1052,-0.9554476439478722,-1.173967757983998,-1.326638731413758,-1.2439872385763033,-1.4323086309586732,-0.7599793137508016,-1.2695387654442085,-1.792039936009639,-0.8167199620933384,-0.8805549008406474,-0.7874406117899048,-1.5194059916394447,-1.3620024273011515,-1.1270349243294517,-1.3346082459639492,-1.1519861003368423,-0.9063063390039237,-1.6171306268692567
1053,1053,-1.3174057000110195,-1.3965985622706463,-1.1308283712392164,-0.3529691112438208,-1.6607858039519525,-1.5521023457633183,-1.0724022038468088,-1.686427330217196,-1.356417229192038,-1.0614367010381118,-0.7737759320363105,-1.2300313279648234,-1.3781963361554486,-1.1153375787521118,-1.4349219800739237,-0.9336761861809737,-0.720093485007064,-1.0079695189288442
1054,1054,0.6059681525405147,-0.33213898478107484,-0.5108106551472689,-1.0683861576586597,0.3119836509729738,-0.5677680456651415,-0.7217199790261504,-0.3927600375224399,1.5978248473947234,-1.0095233391431873,-0.03013352604546589,1.9385284526093325,-0.27057754796402606,0.4064122267859091,-0.9576015131043957,-0.9582623155941086,-0.5837792057321849,1.837758197360968
1055,1055,-1.0916453002025737,-1.2426493288691274,-0.996840914821906,-0.5734786365971002,-1.2593688364028315,-0.9587224989927952,-1.2760376549258146,-1.2957047460953375,-0.9835513609692308,-1.0534296558164848,-0.6384604898082649,-1.5567451406810344,-1.3968035755176949,-0.950859716679908,-1.354684715594988,-0.6276635118797436,-1.3997369076364727,-0.9642775777247381
1057,1057,-0.47428511005968055,-1.3084744081406943,-1.2062490425822363,-1.152671465628962,-2.084425167220665,-1.355360518868961,-0.9456533095263746,-0.8615566881851286,-0.5689422323463794,-0.6999312412179531,-0.6119754442190376,-0.9806978596409467,-0.8056289603940765,-1.1105889805402616,-0.617444598491009,-0.19051830648108736,-1.731034653572356,-1.1793445040817052
1058,1058,1.7343271840722536,-0.14247004046818695,-0.15142640094804918,-0.49855993792008185,-0.2190045889456189,0.48859379286944604,0.6726929170996526,0.07113182059878408,-0.5985344664008164,0.23156806714347347,0.5795688999522238,0.08105921691633505,0.45624685718892344,-0.5427972240540755,0.5021316070085291,0.09451508855197753,-0.7013442168538822,0.2384690603479819
1061,1061,0.5266114602635783,-1.223942170896112,-0.5401826508831182,-0.7798455254064212,-1.006502330901405,-0.3299664650584468,-0.9633203207557309,-1.0540877874098489,-0.31869102066326055,-1.2215411185042233,-0.5884442228390117,-1.8778467213741619,-0.7063036187443571,-0.3416996189828462,-1.3260925356291806,-0.6799102454171909,-1.8801340707990624,-0.5472403826301951
1063,1063,0.4026159073463447,-0.8996411617527637,-0.13670018423985458,0.2649144220094053,-0.6538555020926456,0.5641666246890884,-0.6083257445962785,0.03344723942540345,1.3087657595313307,-0.5912898933263571,-0.3903654146398055,-0.2995637760519319,0.37959594240657313,-0.4688241902886455,0.9534487594647619,-0.5312321470939307,-0.5116872043588822,0.23087377327026812
1065,1065,-0.47021707386169675,0.847545184541289,0.5690577752875372,0.4182477999156585,-1.01400276114853,-0.43444598998493,0.6764884246069575,-1.2551037185290497,-0.505581178972581,-0.49886212280023895,-0.29055423583099066,0.9770261378036318,1.3632171226587297,-0.5222100124510869,0.07823985886215844,2.694468118555545,-0.4701975308108119,-0.687094231910492
1066,1066,-0.05729450925998525,0.5745811463723857,0.49799739498673,0.10511778077226089,-0.4934795231573946,0.505650370112206,-0.08051474197946233,1.212479225014823,0.08957568382627204,-0.8520455144696446,-0.22562144292365616,-0.3347397106950513,0.2787021338450876,0.18102855942490317,-0.2215029860300146,0.1554064249607046,-0.6846858508798164,-0.03935224892891821
1067,1067,0.47427040823461925,-0.19833208589410287,0.7802941665868189,0.6674787512893465,-0.12138322280939459,-0.13924177714477518,0.36693760575474793,0.29302238752346776,0.14041376924507304,0.22696332619368775,0.10080154922180774,0.9866311530570588,-0.006398409127853216,0.47850381889773236,0.0241839473238149,-0.36560776836379877,0.07664886297190163,-0.0353542387611046
1068,1068,-0.932116477008274,0.11885904955646763,-0.5982757534290516,-0.6415028049661617,-0.9512108921587372,-0.964955404951114,-0.7233760781040198,-1.4935339667045129,-0.13981544076894217,-0.9738896942959393,-0.2130219775477271,-0.5864392504901605,-0.8470167078944429,-0.7992025735167173,-0.39884188906840146,-0.23269449996828678,-0.5571228449186338,-0.6599445678512512
1070,1070,-0.9470712269488611,-1.0894094402256085,-0.7829416175025301,-0.6299409645939416,-1.0646779165398021,0.36155976679678375,-0.8352798799917557,-1.0132931990448475,-0.7050533463841534,-0.7072711909280784,-0.5631434254556353,-0.3408153546187217,-0.17846639596454536,-0.7461437195038457,-0.26380921201138585,0.3773543358556925,-0.6089621860960475,-0.7704688248075952
1073,1073,-0.27110119837222807,-0.11345322606388393,-0.6094048586544589,-0.764220532461378,-0.5204658440545512,0.17544268921382733,-0.3878240080345221,-0.0964219693020937,-0.05753238201356301,-0.9466674701973913,-0.5234212831632793,-1.318504872121825,0.21452201287032685,-0.07766098566382264,0.11684614019704997,0.7388702879888842,-0.7165448719540294,-0.16716211016016488
1074,1074,-0.3554618543029156,-1.2420775311601362,0.24815813819738503,-0.12535268439650654,-1.3802411831863481,-0.6840744082401522,-0.6379677577827901,-0.713519315740054,0.0003412427784333441,-0.9734082392567422,-0.6231668746136839,-0.16206926374301095,-0.18395927266034004,-1.0598487968901147,-0.8354357785560849,-0.14538506990331698,0.12129963256965597,-0.7533849129918806
1075,1075,0.03747313156525424,-0.6520662601551597,-0.2730272664488085,-0.49722801053319765,-1.2187209651334665,-0.790508857716455,-0.18346559348635963,-0.28708468364881784,-1.0707302990677818,0.02145211864589689,-0.18452424839417436,-0.46873148636863005,0.7191794580426615,-1.107591952495428,-0.4976463479620302,0.6617522413023134,-0.5250412661472748,-0.7853037443675727
1077,1077,-0.4521315991410371,-0.1583156220928241,0.11802146303075571,-0.143554745264461,-0.7979679283182204,0.47182821232477073,-0.3814506201506068,-0.10352100747383713,-0.20049954563965733,-1.0583761800361466,-0.49996874466256247,-0.49127107343455134,0.4346737055607681,-0.44943565139446257,0.008340750690251223,-0.44586134453256104,-0.5674490659643193,-0.3883965523410753
1078,1078,-0.1212527426169771,0.03788583145837434,0.8857443925741765,-0.0492770961891132,0.9701656570486682,0.8091429385672817,0.18116286203772702,0.21927853979667045,-0.8516084186218809,-0.9133967155822978,-0.12375003226085837,0.6681963659216617,0.6227935963587322,-0.07780390496940191,1.166425672485103,-0.14504183643994317,-0.281819530714546,-0.10715357658730325
1079,1079,0.12460706589666948,-1.3151704365112875,0.6164872241847607,0.9698064620176374,-1.0798609148055522,-0.656934636537372,-0.7391125285660333,0.782569863000439,-0.48863885851002836,-0.4308013313666987,-0.3134376868264863,-0.39039353246176417,-0.06670618017392975,-0.1869130176913641,-0.010840635904303257,-0.23361681834877626,-0.6875556731819618,-0.920538282292294
1080,1080,-0.799544258277572,-0.842560047016633,-0.3028916741103774,-0.916836393773474,0.5657676837438117,-0.4499941003611282,-0.8647013572151967,-1.3340102529730935,-0.4166554358189082,-0.8980407720499548,-0.5412916110859259,0.4379071285253669,0.1542724153139327,-1.2815732207481905,-0.3153899830940287,0.31305987541668523,-1.072249845990178,-0.9326106445546826
1081,1081,-1.2275420885737585,0.23096278181589772,-0.08893896842407631,0.02593067887416015,-0.8766498349016213,-0.8996695172977034,-0.01576467408445274,0.516842730643854,-0.24268334885001924,-0.5625686467418818,-0.10022836233448532,-0.5758268446806443,1.2142070334503283,-0.13491641132735874,0.1700926597599353,1.0283068781199838,-0.5161740731950063,-0.7244969781643299
1082,1082,0.8422642773149563,-0.23612594514713842,0.12169836441151856,-0.3053422696985509,-0.3387445210607354,0.25963878938442214,-0.3677048116288505,0.3232351322007441,-0.45217806715507675,-0.2601100725042498,-0.19890420595205965,-0.6140508798709543,0.6874282988655812,-0.2288129695213706,1.0440854875033632,0.5775745539870825,0.05435412052514523,-0.49542095689609567
1083,1083,-0.580648447670094,-1.2441554892619835,0.06241557297997894,-0.8642708708263651,-0.6216966064280954,-1.23290919690742,-0.6236865371540764,-2.023097417941553,-0.3042141889497214,-0.8767863325858626,-0.8853693890997887,-0.3102117878203438,-0.9920058316427863,-0.8807437803711652,0.056004523142995574,-0.47286752243073754,-0.804147538393722,-0.22322062659552108
1084,1084,-0.46813826370986233,-0.4674626087424902,-0.5542152696038444,-1.2949832088494544,0.168996550035054,-0.24056751331134651,0.13434708749681556,-1.2301296446160856,-0.938463957110551,-0.2067095925690731,-0.07357996953352232,0.02883664531466252,-0.49085253239475113,0.2552147373879299,-0.2836141105140467,-0.0681379957572031,0.5204013971498354,0.08808350797448262
1085,1085,-0.010016829556238784,-0.26118072662054176,-0.2669893890400089,-0.6321493715054681,-0.4391799966185174,1.010342186590103,-0.7099752979332021,-1.5939513366769507,0.06672852258333035,-0.5162956856398133,-0.5607632221826325,-0.6920860043867053,0.25635338492058113,-0.2539613804371986,0.34896134364195336,0.526666138906773,-0.44268522071086597,-1.0251982998479643
1087,1087,-0.41469668150388317,0.2948079818883376,0.6592539221386394,1.8870432226346665,1.1658112198325739,0.9930198132346154,-0.5575015352037389,-0.371422606021166,0.44608753803486967,-0.6291552998825277,-0.5520726071980107,1.3930463044807457,-0.24306622336061123,-0.6303716686003491,-0.5549496164987473,-0.426525604975162,0.3098061259346271,-0.3276470684381918
1088,1088,0.6477075425504655,1.4219041348947046,0.22947038150579588,1.1991344376665396,-0.08906498882697744,-0.15399720425952276,0.09954173638967484,0.21126113976925043,0.8000752901011721,0.4986401715153821,1.5031147666319673,0.516055328905169,0.5742171674825441,1.0373286278261025,1.0428041131420198,1.1313832586604817,1.745614179905473,-0.5360501365091609
1089,1089,0.5101157930239919,0.39593902872478337,2.1628579316719327,3.442836928173045,1.7460190140871719,1.0679939424399734,-0.23002478801999174,0.7481662216441383,1.6888071962312519,0.27454441226872023,0.3324595603849466,1.1808245693888633,0.9060374037543152,0.9710332541153888,1.4460110365804528,1.5741844485037244,2.1842452002656967,0.7483969719214576
1090,1090,0.7562261823631483,1.5153879266462966,1.5981831170987768,1.9095427023125675,0.6593857805242874,0.12604065331034037,0.14658027229146034,-0.4935733494919132,1.9376123066488082,0.0838705025393721,-0.5818765549662757,0.24924369087773268,0.7237180260125728,1.0952892575212478,0.32248191216462213,0.37164925896392154,1.0472823993090024,1.3178273812303456
1091,1091,-1.0858139949326842,0.22325266948845154,-0.09896364192504944,-0.36250957353126373,0.3005547341060825,-0.1554737408596667,-0.7731279134601171,-0.13337463553828718,-0.47077703509602253,-0.1693126851812069,-0.3964044190693447,-0.5281096655326636,-0.43500285133357863,0.8459918995868962,0.12044024089027765,0.03908595487277561,-1.1241234305261478,-0.32044632231317804
1092,1092,0.30697377745674737,1.5031836460932868,0.11610469372595847,0.42798519309869426,1.5892521735444562,-0.28299614481589097,0.43846310115787906,1.682327505073614,0.364030697007584,0.4979485575843305,0.7398491194670971,0.17397379732103066,1.5441615178912464,0.5793051850156825,0.08344809071439559,0.6223651836355166,0.9840897210484015,0.4058930854559241
1093,1093,1.1258324964674755,2.652866146913695,-0.20970379109095402,-0.29567073651754566,1.2605428853661416,0.8196626286285146,0.2250147685800697,0.8652459080619004,-0.3111094385966717,-0.46906083702856866,1.4130617137777568,0.837099896714488,2.637495198957029,1.8982097057794436,0.9869389629393965,0.7311399015173514,0.17193576532550087,0.8155381735182053
1094,1094,-0.8025643166121433,0.34456679714904237,-0.26289783739404365,0.5558968406936078,0.7871076755212028,0.20335810677910224,-0.22589927598036538,0.6504473040673491,-0.1545002636640699,-0.29799966630322566,0.15961132715942272,0.530047059071328,-0.0835986586202315,0.4079924812407089,0.5164603225711609,0.7751129639703056,-0.53355677098416,-0.47195516966180484
1095,1095,0.02248928705924816,0.8527751187801345,-0.3108128657343253,-0.635778627419525,-0.7024822319384793,-0.8441493360121317,-0.5452857346500652,-0.09426665427514447,-0.3326109420553479,-0.7266987834817186,-0.4840343502650499,-0.5237713872301675,1.910234882107136,-0.9270329617379585,0.4392964016931819,0.3325762753165919,-0.3566125385039133,-0.3535012211621246
1096,1096,0.2987483675794394,-0.23861039478580476,-0.08351649300224309,-0.3446401100291945,-1.4198657485096393,-0.8168027700273938,0.2516889010116829,-0.09967253462132204,0.4501762228092992,0.20939865469691218,-0.04708320823548368,-0.4992786893918765,0.15798171920772003,-0.08079373815806183,0.24035108022815554,1.1790676488280993,-0.02348936833477374,-0.9171415133049916
1097,1097,-1.0646691635683756,0.10687434275345269,-0.7618849058163294,-0.309855386299254,-0.4838850523044952,0.4705819713366644,-1.1534183783872602,-0.8087045694155649,0.19986885151222222,-0.274965510549513,-0.4670844587526558,-0.1532545167561435,0.7427049960218827,-0.37930910206322604,-0.1974554754915062,0.06186407340278533,0.027536207454764504,-0.664460449989852
1098,1098,0.19652853591837338,0.8464034740304349,-0.18747815531554535,-0.5525298890411013,-0.07183358621200019,1.3359330935471099,-0.13092906728440795,0.4819813407332852,0.56907473126046,-0.03915745225989093,-0.2563346260355353,-0.2972215575989009,0.49068261357698495,-0.9059469643561772,-0.2754948766622076,0.9683199137678962,-0.91148670222434,-0.22601773410333767
1099,1099,-1.236429219622855,-0.27717850116884346,-0.777691300348048,-0.7670832145990211,-0.7699981206658697,0.04478012675861064,-0.6421897320048056,-1.5281948884267074,-0.4703121888218387,-0.5820974549165334,-0.4713043180601431,-0.36608272522875046,-0.8028086572056556,-0.0854475741415572,-1.2253812531393526,-1.0243763275705777,-0.8998535694450993,-0.6790435420464163
1100,1100,-0.34660106815542063,0.5731408880586615,-0.18081850597336444,-0.790942977847531,-0.24974345583484733,-0.3925465349071098,-0.5831858065135535,-0.18018865830923997,0.07391814576030979,-0.3537387864070079,0.19811053004687865,-0.6756250332292906,0.6659647031229643,-0.5696117282553613,0.29404103207690907,0.4844748555270219,0.2224033692289135,-0.5746232641531758
1101,1101,0.6498124874863439,1.690165793096704,0.43503671719483883,-0.1421780858186889,-0.1358184939354105,0.7690880406432276,0.4407725046317097,-0.11017845928388795,0.9701270340100852,0.5867295988208687,0.3458769490120268,0.6739243535992238,1.0273037878182212,2.1146266352174194,0.09663418751669137,1.4935853700883377,1.628081801415279,0.38135297214106734
1102,1102,0.679595620797313,2.660645100408698,1.157189489861013,-0.34526190884429897,1.1079035883677177,0.8004752845954809,0.19911509121054424,1.7411843942340983,0.46791514561508396,0.02325449961689843,0.6018198620002262,0.2993885807125401,1.3941446690591677,0.056366442663485665,0.27263321572181515,2.304274511385916,0.8166388735598389,-0.21877553494932866
1103,1103,-0.8337774818278645,0.01951369252866633,-0.67782227600342,-1.168318715783126,-0.908443613481364,-0.5399953236385588,-1.0415786413189534,-0.4621433649371246,-1.108714139540929,-1.3231400609335902,-0.7463207336615619,-0.6191187999725835,0.2354779814323177,-0.6553808493943163,-0.27412769088792516,0.21561360124021176,-0.8419887030687954,-0.397145941619805
1105,1105,-0.8412562304593891,0.14333724514356702,-0.5835409879748729,-0.4084191905760905,-0.6105531838388442,0.5485165688707511,-1.0063896221036754,-0.6748173450756647,-0.5209512989439666,-0.7723177121553236,-0.2222399013312314,-0.4593126536172659,-0.6840966924133608,-0.3024922646495127,-0.8777406414271967,-0.5598289421823857,-0.4782569077966983,-0.800288086719809
1106,1106,-0.783718544242183,1.8125585167801914,0.3961410139484245,-1.2175377642994518,0.49228864197023675,-0.15790634275920118,-1.1529131717791257,0.09562449065239724,-0.36222409964560903,0.02138094663239303,-0.5594757234096909,-1.0091466024408966,2.331278799502538,-0.6034818960058204,0.38474069043109416,1.637811151809499,-0.9236886092911898,-0.42883200960824314
1107,1107,-0.48487633150598447,-0.8987609587852354,0.20451210841875075,-0.25286752388294387,-0.6559579281506563,-0.03422289260497368,-0.16359008558639512,0.9935070429408663,-0.1831180831185617,0.2566592645406872,-0.3299604446690446,-0.34922314292896417,-0.3012754775376908,0.122288866696556,0.4820698558017748,0.9937063662432989,0.8595545032815235,-0.41981385591919057
1108,1108,0.1777904533416617,0.9016497113547463,0.22760396412587808,0.05543889200311953,-0.22810608578388814,1.2793817768051132,1.5145817960338457,1.2230356228143182,-0.17536953325808044,0.13198754683774735,0.4923310902856886,-0.5109107409550132,0.5133434969601303,-0.6405140845494247,0.6422395290424618,0.3409119971804288,-1.6329687902846262,-0.329909474888835
1110,1110,-0.34208104752596685,-0.09784992614861314,-0.5451043479179893,-0.5723848716121711,0.7064368755920205,-0.3490022722015686,-0.7948612694680861,-0.09287771155193673,-0.7763641636527533,-0.7147415084507573,-0.5936809072433291,0.1952115406962285,0.45045025490231483,0.29931168794597135,0.9269012765921281,0.3861857690475748,-1.6498597020574675,-1.190908424509809
1111,1111,0.5761244315192433,-1.8390508382471384,-0.7756969232696381,-0.4192771824997879,2.9548892095039276,-0.7523416493813323,-0.6556894675667324,2.3073769765729115,-0.24609965497225067,-0.5150472429347372,-0.22872072966460277,-0.10839365931061161,-0.15846771292426157,0.9854084264511326,0.7267286925464065,-0.39388654111622623,0.1823136107007347,-0.29460149982290174
1112,1112,-0.07812721692179136,2.15285918193416,0.09110785118443264,-0.6337092752088467,0.7640481759809163,-0.9360379911310819,-0.15877972668841453,1.7008562032767538,-0.5652905052096137,-0.4500948507706309,-0.3567907463693992,-0.45518527422638827,-0.0031871709499838676,-0.4657006492264555,-0.302110706860113,0.6967940178927995,-1.0638283110406916,-0.4279463332712098
1113,1113,0.08543994004760035,-0.45023194864048316,0.834778720071494,-0.9232758833166383,0.525821623313186,-1.480152983361635,-1.3781218985577388,0.9525661844302407,-0.7546153933975224,-0.26616772939474975,-0.11789064186149824,-0.9137331498882585,0.37656796203731874,0.04207339741776833,-0.010694661114256265,0.6881925757029907,-0.028351369948919798,-0.09049820863237491
1114,1114,-1.21316360064574,-0.3919646802064249,-0.2218689906952401,-0.93072751525525,-0.9646700626659244,-1.0702688058462535,-0.5632194574147922,-0.7908593540257399,-0.5908334436765835,-1.0290513157399042,-1.140600146955959,-0.5539171204911636,-0.40603540272476524,-0.14490068449588545,-0.25345659546712496,-0.7852185307683359,-0.5078944517455097,-0.5508336487332696
1115,1115,-0.579672715375843,-0.003639331016177155,-0.5466314950412063,-0.6474785450015725,-1.094599749793655,-1.1285794284747988,-0.5730155078956387,-1.5558910338525611,-0.8227602550528212,-0.8242924820034548,-1.107822972358341,-0.8945215584213156,-0.07412520316818103,-0.1600543644236393,0.15995406488412042,0.19672887407530168,-0.3517328518107976,-1.0750992587249235
1116,1116,-0.01986878738443962,0.3351658915434044,-0.3791354202020066,0.1578267070865114,-0.010080002699464087,-0.042928139235176486,-0.913359275834075,-0.9758844828710592,-0.36199002299760136,-0.7471531232876573,-0.02661071162582934,0.23732090055158092,0.07876320497068146,-0.2023861077014948,-0.3782470864562831,0.21897672929624232,0.13142040706797234,-0.029341545949348357
1117,1117,0.436152611750732,-0.30017320909442585,0.2737898919478045,-0.18897356413882557,1.04543758208943,0.14916654363942694,-0.5230809454093502,0.15560095282286218,-0.11520456756175286,-0.39657712354775476,0.16099891535518568,0.6842102976892704,0.9940078527160728,2.133843174688833,1.4452820690892314,0.8433920664072636,1.7785908037019453,-0.7823896734471175
1118,1118,-0.6893607949628205,0.3144537995193986,0.5522330894009897,-0.14290490053133528,1.446156281809904,0.22345826666901783,0.01987658447164367,0.4775529884111076,0.06889503691595118,-1.0914453353861473,-0.915901533815693,0.5785018698242921,-0.28888179607556536,-0.8330183075398173,-0.19584974689558338,-0.28693829655928205,1.2977782365283588,-0.2815953496945929
1119,1119,0.22144858876692822,0.03267884154505508,-0.06646713142512496,-0.2118884075621767,0.16671883392741751,0.7119455609732467,0.31260202910211865,0.8914185753639725,0.38316399704808896,-0.1460817895640854,-0.34049291217496996,0.5169542792329322,-0.24475031958352875,0.8958828848165916,0.9666034393630338,-0.7967574770624873,-0.14494296587375727,0.19699625915923216
1120,1120,-0.25550585254500147,0.2067446005667492,0.3012196112688139,-0.1587404782884478,0.3951456965274865,0.016800727760190377,0.34157651071602796,1.7417639753513188,-0.17437935298905732,0.2921505690245765,-0.26170427640774147,-0.1941909309570218,0.203588152780757,0.006492557634796291,0.37138877360375844,-0.5350436035559245,-0.24527135611571388,0.5679299421342722
1121,1121,0.7845495953866718,0.059684968273083304,-0.4099160937205234,-1.1750609101030711,0.771478190757022,-0.01361825790946407,-0.2272267597228956,0.08698021213267967,0.35962988537058743,-0.016459666418739523,-0.5013127773355284,0.8880321427268862,0.32110836730861475,0.3941461120245288,0.07791380037877169,-0.42390917909165665,-0.2794603055532297,-0.4919017066181736
1123,1123,0.010251252123802282,0.0752013537711343,-0.3592138636678157,-0.6193299582687303,0.6412254908907332,0.18181479551163082,-0.7660086292655977,-1.0698967999521163,-0.8677434500248481,-0.3021318129293183,-0.38357009190734576,0.5367666090055018,1.0514439450718527,0.1271932430875822,-0.08782847425350304,-0.0876860700731883,-0.8931489357970236,-0.417490350559417
1124,1124,0.5170461492881844,0.5642194423821422,-0.3077526595474496,-0.6579954717650742,1.452372092322525,-0.391571606114331,-0.5445477870310091,-0.03262945516986383,0.7365867530926193,-0.3340985792119886,-0.5035435478899302,0.35477536701737167,0.48165886483411235,-0.14309121148468876,1.157646816737723,-0.04729608945520014,0.317207341713027,-0.08336686120442467
1125,1125,-1.210167650245303,-0.5909705206623703,-0.5730358993897035,-0.8731399324337499,0.021795434135607222,-0.20290235028687625,-0.3648080390383614,-0.5320856919860996,-0.26337057003188685,-1.0363926165947248,-0.5905901010190794,-0.2200971202301404,-0.39707677500908817,-0.09835586675549679,-0.061709784374939285,-0.5948923294509746,-1.1550485141106757,-1.0954065622753313
1126,1126,-0.16093297003196744,-0.2858452359182096,-0.5249950346270562,-0.9185254890063252,0.2019104542176487,-0.9906740055416615,-0.21398561263612537,-0.7931119957592897,-0.6268574458809597,-0.5595144864675339,-0.27190506410110143,-0.3064993232887344,-0.004017916341832685,0.14615937099051876,0.028414130474676995,-0.48417295753982476,0.1853277345512581,-0.5129840150790659
1128,1128,-0.9827308854326317,0.024059148554309354,-1.358635952432987,-1.027038400161732,-0.8024467093904215,-0.5424804820418033,-0.753866898032442,0.20186683004435044,-1.148850607196767,-1.319869600411865,-0.34639605539486007,-0.6269398318789705,0.1790647620689591,-0.7912994382118366,-0.2848999934450893,-0.6917264499258348,-1.520930623629052,-0.7790300877699841
1130,1130,-0.35578205528119033,-0.8524879992576107,0.05806589897588227,-0.485061481870893,1.26795646818773,0.21402748849680814,-0.38893893320146045,-1.0220499451438594,0.17774723434819883,-0.7840382168487905,-0.5519444415287206,0.13185202161407367,-0.14140830954356462,0.16291117276668493,0.29781165365518925,0.1180310770080621,-1.4450359757359448,-0.19187642396742105
1131,1131,0.3431129523092719,-0.12802054848148683,-0.8798406108504713,-0.5446945056182602,1.5387746860729243,0.22923147098578736,-0.08072382669786188,0.14529819943332783,0.412536190712224,-0.536664167119799,-0.32145750441095616,-0.1000392857768197,-0.629690900286553,-0.07469555389261183,0.2427289328804501,-0.361399869845182,-0.0044348477321170905,-0.12601309172191735
1132,1132,-0.19779347413871573,0.6876169799623901,-0.6049691034961889,-0.6091645340347905,-0.02977002776823667,0.27721022397420664,-0.2645981504404839,-0.044380075267869065,-0.06100904606661607,-1.0229790603370208,-0.4277624595435204,-0.2666703237091852,-0.026194075148824953,-0.10538858155789066,0.20793487944931938,-0.2628907207332507,-0.6924505657509386,-0.1610181768602393
1133,1133,-0.8124969662633197,-0.7575389818336883,-0.9605407512926241,-1.1527462738648901,-1.2707060654277549,-1.5760950420158202,-1.106113686211485,-1.7099870176879992,-1.321522234078204,-0.7344141051023494,-0.8930366152321182,-0.7783459615381931,-0.8022088733021746,-0.5403626036055489,-1.133088039202252,-0.20853357478594334,-0.8472170556712045,-1.0878801992489187
1134,1134,-0.11391223705949693,0.002236523420670386,-0.13272392220032556,-0.9384765964112113,-1.448553434763857,-0.4064876618683491,-0.6036118928026717,-0.8453835919514925,-0.6524394891930179,-0.5818560945247538,-0.631164079883289,-1.0071708831233261,-0.5209136789140135,-0.8008951572414126,-1.015879165978025,-0.4705337874886973,-1.4777085413461755,-1.586311694780833
1137,1137,-0.9245410191080248,-1.3713006096766625,-0.8387927287223309,-1.0322034398324198,-1.1732814623565537,-1.432010759797549,-0.5645075995944909,-1.6087716091501572,-1.0377516270025269,-0.7207319279408081,-1.1214739283125272,-0.5874884894355756,-1.0718772241824082,-0.3733577874736603,-1.7989573053854084,-0.9021082161783501,-1.715690904472505,-0.49630646126766714
1138,1138,-0.8110996655305176,-0.8140949969947663,-1.6025155620433962,-0.7966280212973298,0.3774908328354691,-0.8091172789490347,-1.1616097207828249,-0.4517630241106599,-1.359717779267555,-0.936727144148836,-0.8353803985216829,-1.0803235934113016,-1.1494957850544834,-0.9459123865578057,-1.2553214298695696,-0.3102954292882182,-1.3416303272523187,-0.8993955274158402
1140,1140,0.23535674426831146,-0.6247080234310598,-0.8280847271574909,-0.3281834005047911,-0.9028339126918262,-1.0509459798107437,-1.3887509013676516,-0.7422031295794157,-1.0300065288085922,-0.04483746023981259,-0.666694454292437,-1.060749050354233,-0.1262886051251042,-0.7640569104670183,-0.7683839353517296,0.3623491207446577,-0.024334341054731465,-0.8521458259439472
1141,1141,0.6073122089057709,-1.1543120625366374,-0.654711055867152,-0.47819034033761604,-0.42270919934577955,-0.03156366595836363,-1.0583018414230552,-0.9847157291621684,0.20965340074080957,0.058860982490349156,-0.255414751580055,0.14964375575469485,-0.3969086552131138,-0.7873875060182804,-0.3144418639443677,-0.08490599122688204,-1.025179521341057,-0.025926531947720762
1142,1142,-0.2360813913212309,-0.04872627094069601,-0.45920078427083183,-0.6459164275186382,-1.2536133941416838,-0.20424335308375724,-0.758078494549557,-1.083423861015262,-1.2523710105575456,-1.2092364368663007,-1.010049960800957,-0.3738974737556029,-0.33144933301958146,-0.5857030574791461,-0.5836899916840393,0.8396421382249537,-0.9606191480524715,-0.833063114117423
1144,1144,-0.6360233978141188,-0.9159411418306713,-0.6467984490036846,-0.538268831022235,-0.18137950800054709,-0.5223042744644878,-1.3822253901825576,-0.6046280351213912,-0.4035836172790745,-0.8588746613176559,-0.6620579227818033,-0.8152368849588579,-0.28674941257120273,-0.21421208077448753,-0.34254392523172433,-0.5434424155677972,0.06246076985764038,-1.1185439258944858
1145,1145,-0.1332455604641046,-0.36870602830593646,0.38535804111327354,-0.31111317381825493,-0.43062375217302007,-0.5778337085366401,0.16544183880999175,-0.5148621688985181,0.43109540023586046,-0.10660243549661323,-0.2688342670014669,-0.5036953643463142,0.13138003132195908,-0.10915891477782898,0.8363747078742184,1.5962064759797974,-0.24323578537159238,-0.3628041122233406
1146,1146,1.1676123416527497,1.6698120211622172,-0.23509036672540987,0.4006014832441094,0.837414641356767,-0.21712385869526468,-0.35272105063098913,-0.0019694268125821173,0.4765340237160178,0.9290749805535463,0.5835572638062622,-0.11653731711402046,1.2590105132504574,0.6270343811746394,1.4802542642155625,2.483036565548374,0.4231523140081337,0.42762301708150097
1148,1148,-0.2142389301120429,0.15294841887963653,-0.112094799619369,-0.32107754806802585,0.17420930589125314,-0.0939309246197628,0.2464607996089403,-0.6321209572693915,-0.3174481606376832,-0.12890472322376897,-0.1701811256340448,0.3552987410664945,0.7571870660563221,-0.2854282264334193,0.13714969225250603,2.288442011057892,0.8002874721388211,-0.15984037227354106
1149,1149,-0.38830052939343945,-0.7248726081905402,-0.4116041152218836,-0.6878898063174385,-0.26042955337532037,-0.4357593548611238,-0.5607017275579407,-0.5717882606272763,-0.4721414169034328,-1.2379464090969243,-0.6016034793662932,-0.6846251894166754,-0.04640846057370951,-0.6216063361951867,-0.6142688327436399,-0.8248346400610177,-0.7330882100505454,-0.4625777777025468
1150,1150,0.38056002515640025,0.2646779481117358,-0.10183560510975066,-0.017792990044336907,-0.5872115076384666,-0.22680782986424938,-1.0351182653528261,0.8727221750287014,-0.5138720757647283,-0.20691601899458215,-1.0310293224939133,-0.768028563530316,0.6796192907442403,-0.3844598447705108,0.03227703329925733,1.070914383557903,-1.2062826392197705,-1.1044609267394063
1151,1151,0.4205321201430726,0.01140878531046134,-0.5210824221489453,0.018129278347661763,-0.5292293998245193,0.3352854357954284,-0.8186668661390551,0.062216068438382705,-0.4980493062631107,-0.8112373954687155,-0.7846253904485067,-1.0908206305966823,1.3491167238494939,-0.6733232095522479,0.18787262250830358,0.9894472715223986,-0.8169913790043871,-0.38914075719913976
1155,1155,-0.45692211890482487,-0.7771677995241002,-0.7366990582010655,-0.5995587501857909,-1.031923636911002,-0.44086520037600596,-0.9601891757551894,-0.7594122970074495,0.0003588059131755624,-0.787241402900106,-1.1537451168172683,-0.5023905757817189,-0.8200880327388046,-1.1498845282493702,-0.9756503459792671,-0.5895613681254428,-0.879908988868589,-0.02562027981613109
1156,1156,0.0013792676772489576,0.09120358701631595,0.06118802065508038,0.3694210787476601,0.05000233125752682,0.3065008346086132,-0.35888772322505214,-0.1582715327025039,-0.030842400711729234,0.18484723608366324,0.643795185261902,1.4969004885708723,0.022393342057190267,0.4327492889191584,0.15581358646438295,-0.1811765514544497,0.05529392800102803,0.002418086982841803
1157,1157,-0.48722326093937,-0.2714601846051424,0.11195172788395423,0.10455830755602351,-0.03373206349669846,0.3118964500898149,0.4322238422737721,-0.2866764759148197,-0.08313980198260283,-0.6948599654816129,0.40816997824167645,0.7543652891031639,-0.061756274914875564,0.22393004641168898,-0.04855801615834459,-0.9154994659746516,0.2467456844366518,0.23708532675512903
1159,1159,1.574699426762439,1.6128674731636667,0.10852071916970969,0.21645363544747367,0.5650688079098575,1.4353961243116702,0.6791457251791878,0.5328549358894068,0.6091698540704898,1.7316543861643416,0.6293995223432761,2.1149525073387125,1.277671207962399,0.8339026243580929,1.0450493936283733,0.12753617751230756,0.29577195258734407,0.9593470561615166
1160,1160,-0.14412796495955363,0.16042549586020882,-0.058509923083139924,-0.18974639785909786,0.31681698715634077,0.26464523958199704,0.15629665771536924,-0.15595304325310852,0.19051536849331308,-0.6515475919067901,-0.3235389758764714,0.14402225565439347,0.2094006441958635,0.02316565876427369,-0.006179519532100041,-0.6996831094546363,-0.7659734322375642,0.01339068270730209
1161,1161,2.096030527689024,0.8028454384738919,0.0003509523939075169,0.3282530298343311,0.5339082261486093,2.4842590642793856,1.962918891890186,1.1196971409004928,0.432237599304121,1.622612834038104,0.19730211719506982,1.0310533449583534,1.226393915110817,0.1940612319664501,0.16800156937628988,0.3659689854405371,1.2401053630341463,1.3232296297736523
1163,1163,-0.05786102964840355,1.2169149229986187,0.10827090415372176,-0.38043044791017144,-0.5942634143998534,1.2402520012901568,-0.7091640971705738,0.2805037987448901,-0.784109596254592,-0.28513228373314115,-0.49657846081836776,0.5448547640129988,1.7737090030445333,-0.16973033094196702,0.7084715949001473,-1.794512252097553,-0.3669402878250168,0.5487806829178551
1164,1164,-1.023349425872813,0.5307141508059631,0.22678182078966433,-0.42533359739824356,-0.4643088526716434,1.4442388428303536,-0.7264165562241856,0.29237968083013893,-0.3205589241457412,1.5641115779787447,-0.6902908439446788,0.7332645176214729,0.2757299831551329,-0.42706447589792434,-0.19162660510998664,-2.433670126141363,-0.011176556576943653,0.02876756944475938
1165,1165,-0.17133280494008063,-0.43777354316604455,0.37829825930907873,0.27112028378728376,0.24355115364757904,0.7845449583123927,-0.4140199043776509,0.3205786339332989,-0.19323939477244412,-0.19017897423209873,-0.3410696464979668,0.5898947363662842,-0.21757948807141697,-0.31719736326427017,-0.15931353870878553,0.36175730895441127,1.0755285894610285,0.4361503512920173
1166,1166,-0.324558496391532,0.1575474193105606,0.24745283771506102,-0.07154812244340723,0.14681956792742104,-0.01065913621548571,-0.5487312316955301,-0.03829419996817566,-0.3361341918936383,-0.3266194354977806,0.04603275034420285,0.4381124989424724,0.30297141901004604,0.26565246852892355,1.6565858632420642,-0.8215223884798545,0.5668654118331942,-0.2340360979877862
1167,1167,-0.23741323433454897,-0.4424359477472147,0.30593842214100203,0.04184342622386891,0.2211290347722125,0.3505206581878976,0.35766061048580305,-0.104697222591709,0.24986852615185381,-0.6546755632871252,0.04996451503639498,0.4377183756939242,-0.038040865107070755,-0.2238913786524772,0.2646220312575128,0.33435739672701653,1.5383246459950164,-0.2338631094441993
1168,1168,0.584415638499911,-0.6587033233604127,-0.0723035988748766,-0.13152496427014604,-0.3820754283399858,0.5722160136161801,0.20413885316055566,0.16894646932539834,-0.3321826683779883,0.9930901914663347,0.18877340703418247,0.4196034821936071,-0.16947220535522925,-0.3742631354536244,0.17944845888436675,0.41199549295882315,0.3814610246279884,1.0659378662535686
1169,1169,1.2231187974485174,0.8933921830842373,0.3019206059544173,0.8545025977110845,0.9756303391150605,2.339288446582737,0.49982108038109396,0.5882429599103047,-0.14532814318705056,3.586819077206962,1.1734732068711171,1.7664024486739907,1.4800346425579094,0.309704377576754,0.6383765536940607,-0.46675885602549466,1.0124441435979206,2.1674124250917433
1170,1170,0.2102226686597408,-0.3020067645442163,-0.2800953814730116,-0.3830118643674582,-0.14288519868315766,1.9762205234089363,0.04449520141522393,0.3954404502528676,-0.23856045368166098,1.50485744079671,0.1654367342741531,0.5688248651088573,0.1733248114378403,-0.5053033758064386,-0.2565794401610025,-0.7263248749055894,-0.6758154080322669,0.4785031077762863
1172,1172,2.2163900925587643,0.229346131166995,-0.027838365735692074,0.07686437388285854,0.44118592965566156,2.2225947821234997,1.1145979435723274,0.3349243309492474,-0.09226090622205464,2.0060253259419576,0.380648593242924,0.7993005854100956,1.3434772999895461,0.28441249944183666,0.31821208813677804,-0.18678416492380828,1.5592387557540204,1.542182294841137
1173,1173,2.8527726351697584,1.0106226508695735,0.47496850738159924,0.4573807288509415,0.6148861930420737,1.862902593030713,1.0321679961097576,0.9372004813484893,0.3223504280465427,3.819747378597896,2.1154608664159404,0.797344134778728,1.6096221250963982,0.6799536095818246,1.015648921690452,3.0762019332275603,0.40891318833352186,4.134057024607862
1174,1174,-1.188562851907136,-0.2524148679924744,-0.22032866006074175,-0.5544012035493666,0.06033042293376211,0.09381833164209533,-0.844789784290345,-0.4165448952276503,-0.2691482633416578,-0.8666151489786308,0.04088661351659302,0.2876036228694697,-0.3310432568134832,0.20536093710037231,0.30143309322383083,-1.4861787552252776,-0.434675065488385,-0.5379471735434522
1175,1175,-0.3535174296632349,0.23930749017810485,0.34854091329213194,0.4403061299900978,0.17699587480314818,-0.16890983365923573,0.37975368202187665,0.19550151570443192,0.22472702030254044,1.2584891660987527,0.2353552401506447,0.3851070274972314,0.0872926484442411,0.13765660528010942,-0.41947938406474894,0.24589404424338146,0.49458001178772154,0.049845949479630294
1176,1176,-0.2457551920526833,0.42137989869631665,0.29710032575227446,0.2395512242181637,0.15902735829841202,0.5876182187658752,-0.05355658450399116,0.4355951431779639,-0.0620114402914139,0.5380631989954195,-0.05934600714444205,0.2614861804487458,2.1894778035526965,0.0834317939128581,1.010269628566254,-0.8219073707069486,0.4310598738539342,-0.2651363485635878
1177,1177,0.30506289092646816,2.0791885359639344,0.16078912001322898,-0.10280555563853017,0.8355434625840931,0.38486742140888847,0.9237640928733365,0.6983391240174721,0.4703642932754726,2.022942654626463,1.0356466144828926,1.6495261389177556,0.9723109716224763,0.3203967383094665,0.38238685524753735,-0.12405054991896475,0.2553216159425247,0.6772682337797938
1178,1178,0.34916646850074146,0.9338480231306457,0.34103512384401197,0.6162577264281389,0.9388418006251565,1.4622097985923554,0.42476679151579183,0.5587759193792624,-0.06498142223495662,1.4743704569667737,2.134349076261162,1.0064118580705073,0.9144297030007833,0.43953662280055417,1.410149040085126,-0.017651397694464877,0.610483710560673,1.704021037526739
1179,1179,0.39081937621941654,0.22926251370257344,0.34041390325383697,0.3643329793621582,0.6001843546007862,0.1589656308633253,0.20543114059565343,0.28751230547148426,-0.12073963090894585,2.032338683101133,2.7646039515314556,1.0063926284843079,1.7271838661809267,0.47091308663320985,1.0855323054513601,0.5001128016964859,-0.4902299833050307,1.9467768828914875
1181,1181,0.1072156776902539,0.4167225906429815,0.14970673807057167,0.1726922899186224,0.4298957204905038,-0.1351316923619512,0.04341159210792555,-0.18429040211661152,-0.019569943397830802,0.0794703238066104,0.24183238191895162,-0.06298976725400111,0.09105897751301208,0.22923892902831666,0.27898747808606217,0.41065704199012315,-0.3968457704546156,0.27378164663204935
1182,1182,1.8776159231388758,2.040491867272987,1.1142069457619206,3.371011453412967,2.4045277787571693,3.3216347974008062,2.937015656258096,1.5544849244099432,0.4203375097057877,4.30461620432547,2.550451771928129,2.58717416257421,2.902496668132321,1.8581507090808866,1.7296018619561375,2.729275945555131,2.643193284658422,2.95271393648561
1185,1185,1.3588776962785647,1.3613841080937883,0.9267901180236874,0.4755441675703834,0.5259548803858713,0.3164809244745635,0.009092729334570494,-0.6251538415868874,0.2645495189638543,2.4702877005879684,0.9385979675240362,0.24071574748491925,1.6647783843496697,0.41561074803291714,0.5034087880785363,-0.10707274994840645,0.27911900788514243,0.7965371349418323
1187,1187,1.5510653179165654,0.8065334274743079,0.48085644618610773,-0.04478251289712316,0.2794082218542594,0.6072034394698647,0.19327127543886854,0.8621962024654176,0.1169179397944722,0.982246935141373,1.037953211876964,0.8395424532492112,0.6496005598063987,0.2859859453221271,-0.06393323618253495,0.31666329830773954,-0.18824508588202227,0.7053262532039567
1188,1188,2.5695383164547385,0.5158257201877621,0.1278249343827416,0.21819567276978813,0.11764026620199279,1.682871363442855,0.9093503333233648,1.1426210559605856,-0.019099291656150777,2.7326705081057163,1.118222652433958,0.976214407543316,0.6007560143435842,0.741071829100851,0.149661245565369,0.48565541615250296,0.2422162141122246,1.3868925083591315
1189,1189,-0.219731964633076,0.4845362503444115,0.20705631872317837,0.3276322371453037,0.604631301804611,0.6946656148662441,0.8412303783618201,0.31930327996107544,0.15320008564435808,-0.3601369587353989,0.3608742101237864,0.923321312545931,0.5229241823509052,0.44156608138377534,0.4228587682646214,0.3940533676922149,-0.11475693388304305,0.20142809932483227
1190,1190,-0.39245406489559054,-0.2548869606263686,-0.05657581202427704,0.4084554123545184,-0.012007259823491481,-0.19558246433115645,-0.12697318790759216,-0.1449995455017721,-0.08554192203047392,-1.255293993786991,0.1999294868644023,0.28470817611136734,0.25240738309617494,0.7532474367982523,0.3437351940837785,-0.1315620202393314,-0.26380833826823746,-0.5774323155993875
1191,1191,0.49802532795400745,-0.16105792671338282,-0.21860839638127313,0.0706702261622629,-0.010603666367270139,0.2402257695803841,-0.15570476443831177,0.19318675820977999,0.007364726938449345,0.43449599421468316,0.6354193479479425,0.7950952897496765,0.22638489171246062,0.5577569272345333,0.4476774624420197,-0.37996305184868717,-0.5320791385516193,0.716968696763285
1192,1192,-1.3460133830013672,-1.6036125345117578,-0.20264294599872737,-0.8451013570685433,-0.17497655098381087,-0.9244162988985166,-1.293283310435095,-0.6401571272082897,-0.4842222360467732,-1.4163843111330254,-0.9229639834887896,-0.14244907877341345,-0.4401478625389194,-0.3684477763875804,-0.8652644306645534,-0.8858292128308284,-0.7717965615954978,-0.962927149243475
1193,1193,-1.5810079663436898,-1.6408046248447166,-0.3902070740403226,-0.6389015163524381,-0.8645366771788784,-1.125873057716642,-1.518406869589541,-0.6604958832666704,-0.5500683589473505,-1.356918729087354,-1.2026502908995764,-0.517598133339356,-1.0320294401684815,-0.4104585376258576,-0.36322572673410347,-2.1335094450493526,-1.3505760470554107,-1.104100887396877
1196,1196,-0.8137519185546064,0.05030204578106058,0.15978624654082235,-0.32678102165549827,-0.05981484128121284,-0.13105656568252466,-0.5391032137359144,-0.19426055053580077,-0.11601630882083365,-1.2079482985325816,-0.13741883108601666,-0.1877026646033154,-0.18462986672620427,-0.09979854820153447,-0.2518685578508206,-1.0119827849847385,-0.7850381468596513,-0.20867059459296872
1197,1197,-0.2601438602228252,1.716228044039391,0.19757471073670682,0.2408570678912299,0.7223408570726929,0.6630419706086425,0.5639118671907306,0.05482198740809694,0.11799125043754771,0.643332074870561,0.5996771561157638,0.5209147982542995,1.30186326598966,0.051642424562205205,-0.39226928532473404,-0.15262322696864783,0.021270755123513965,0.4632171968208308
1198,1198,0.21779955344492258,0.8799761240775261,0.0751434890072535,-0.41357557146710544,0.4701164996075315,2.4120676299894517,0.2614504182448599,-0.14074873594197254,-0.4258621992270454,0.569442983629421,-0.003959354668923238,1.1772933746069216,0.32217451888095683,-0.05054935174626332,0.22864618107292056,-0.3835785026763536,0.5891411058703653,1.3453339108391433
1200,1200,3.218837786564668,0.024480384339764384,0.1339158867580592,0.2650810703440422,0.7051166355693681,0.6746154818812943,2.101763766964928,0.32716340003079575,0.20610294832217757,1.2743852614874391,0.5924084720575882,0.7852247115774149,0.7359056558541426,0.01012479181222442,1.0156140885862777,0.30380762597883976,-0.43050328856224696,1.3543256276049067
1201,1201,0.4859746197489074,-0.6788105078597028,0.2932501672532904,-0.26447132083478153,-0.05232688531869728,0.8998135121736238,-0.5924027747325672,0.05588892520355273,0.0011338349743495336,-0.9303669517678587,-0.40978649441445947,0.9175549105004703,-0.0023578131056688563,0.36394466038377854,-0.17835734987208507,-0.08720527522607227,0.5372829622962236,-0.00602270587899918
1202,1202,2.09656859278705,-0.3253827464961233,0.3321495125149905,0.5291342406092311,0.7322492279327174,0.4544983165585561,-0.40919306752870616,0.32980088976009436,-0.02181532658000404,-0.6628277668261505,0.31840575144483213,0.48854475470024133,1.640134904068929,0.22745812538146173,1.5664594668884508,1.7634462047362212,0.6055092425644001,0.3808949250090184
1203,1203,0.39051010241726486,2.28800722047712,-0.08652538803755654,1.253105584966509,1.3161469823565184,0.22293736012620527,-0.28062270532724304,0.4972878295775278,-0.05290907459320952,-0.08646230658680211,0.8088217349844518,0.3145121563637701,0.7775145946113158,0.8506779435119718,0.11326990051115779,0.18623535658322915,2.3147991290256367,0.8360726975337053
1204,1204,-0.8277228876017596,-0.24987469124691064,-0.18529554293893097,0.018678142773695314,-0.10237660136892479,-0.3740550437870013,-0.8660591717848867,0.11319425719067738,-0.13972189145724778,-0.7889842024676497,-0.06199991466878328,0.1789030364727458,-0.5023116068531049,-0.10695420229224378,-0.0014004108507353705,-0.7377117697919343,-0.8215545696803808,-0.38794419184785345
1205,1205,0.4095561907520676,0.5058289137868052,0.0355825908897564,0.34222876269184,0.5881550434952743,0.5343773896983877,0.47213626681912635,0.2758279992838873,0.2895807361397967,1.741598471566362,0.3261976304020014,0.028894927599725635,0.8932992154884607,-0.16961179873630625,0.41037216168146207,0.17261734616863728,0.4437903207163009,1.5796470935533686
1206,1206,0.46310889889014156,1.6811833370300413,0.3768222179799289,1.461892187696246,0.6111731067585762,1.1642232079692298,1.1067205302061223,1.128134575731625,0.3677193939883327,0.45086773397628316,0.7898949475906251,1.0653136622819,1.6426914753195476,0.9976033274549572,0.5167873065526776,0.6669222782444479,0.47945108704586903,1.1912667229463771
1208,1208,2.492325470492088,1.9062561887764329,0.06633199926610284,0.17932545791826707,0.5980593851136146,2.033240658569325,0.17347104845425015,0.8559250198175746,0.5128133857583045,2.973923790580112,0.7500768692303765,0.800922392316858,0.7683963805194592,-0.20921523276592072,0.6749247193010013,0.3729245545096751,1.32729370390425,2.896386534301571
1209,1209,0.4675342701965487,-0.07617753872445583,0.1379089526581133,0.6377758896092953,0.19271022833274878,0.5765497722887795,0.4545740565163007,0.15703542723020872,-0.13006312267580403,0.7732250398068472,0.56440478503699,0.6087174944624612,-0.0056645629868114005,0.1771613682065866,0.04989957112249165,-0.9276215047033157,1.1319293417807796,1.826886696358035
1210,1210,-0.24977535382465105,0.06209337536181312,-1.4040697742143202,-0.8404013811158768,-0.6068999794123527,-0.40997799483989866,-0.2069661571156977,-0.7508732924745183,-1.1664733042848647,-0.4057644239689534,-0.12094245238989437,-0.18864885499737466,0.3717530569012698,-0.668630579793749,-0.6745231980650392,0.5767971653406887,-0.6917281408794743,-0.6174165793984694
1211,1211,-0.04322663260494314,-0.025339024957065946,-0.7850877078308827,-1.5991963303441492,-0.70272729807848,-0.5820782790911081,-0.5724245914638605,-1.1631800372922358,-1.2305341430907524,-0.8553265582692602,-0.04814755191308187,-1.5315114394105038,0.03579961470516461,-0.34031629111663203,-1.0340358136023746,0.836870884755788,-1.2458594551358382,-0.3923751624458308
1212,1212,0.6500695706179828,1.2686007315199386,0.5224728017579776,-0.41044876672228225,0.6915817851405452,0.2523920942783588,1.1633546433761013,-0.27437030717166977,-0.471810431986073,0.18241238134797644,-0.15579329994918495,0.7031741331988595,0.9093256459656898,0.5748192174134859,-0.37991609719210245,1.4710170269320857,-0.6017788506759418,1.111045274289148
1213,1213,0.13130950589323168,0.13433610378935543,-0.5488973872955748,-1.083684700039284,0.21398780801509432,1.8855574029886508,-0.5906070141341074,-0.8948192266057092,-0.7126016450523169,0.017660078902137333,0.4133895095101434,-1.0017545032110655,0.6186843993728028,-0.01120306272562391,-0.7634584799184153,0.6631530135549115,-0.27371383354850287,0.4526726790980113
1214,1214,0.038901230338772366,0.6014274050232579,0.11680599282369418,-0.15499346586919296,-0.17250662204564154,-0.01484191312991952,0.053886964463709004,0.5760490381165969,-0.012857504085719573,-0.3261064759269262,0.4547219928488269,0.32034524111159524,0.415650482695095,0.07650396066460247,0.4726437771739492,1.426356620959481,-0.4137078183930325,0.16153551920587342
1216,1216,0.45190614004989366,0.9404691954950535,0.4079419526239146,-0.10832984074981332,-0.2323055581298426,0.43009916989277464,0.635971609861265,-0.13228917995074962,0.5041926213843664,0.3684473229325718,0.6530974803165511,-0.17696275261715297,0.6539533719356787,1.0302333548544238,0.5812403425556276,2.0537908509286282,-0.40022821204751025,0.5817469117484947
1217,1217,0.4498226808432951,0.31356050070845864,1.6195447733411088,-0.42513760327824723,0.1897956826668303,0.5147871078917098,1.2455042659416828,-0.38271716867126754,0.841209053169928,0.3835296064475729,0.6783797700356908,-0.17481444258065512,1.0464711009386884,0.9655480749375251,0.6803283354285349,1.4666088601497418,-0.0941849829777192,0.47127112501013135
1219,1219,0.13577418088269136,1.1829508628601537,1.3043886550966601,-0.4489204389914697,-0.2766204494882938,-0.36705279194899487,0.16172036077683005,-0.8282658701875895,-0.006069167004257301,0.8320586323607322,0.6742331704420301,-1.065955109471512,0.2956115872457195,0.6048909736268404,0.10297976194756926,0.7817889121324031,-0.5343206347215631,0.11594457941914438
1220,1220,-0.002690259334813934,1.6944708124010426,0.5142512090264605,-0.6290460353763134,-0.2476774804615595,-0.3476593666402358,-0.027892624996819354,-1.0836741391781228,0.16628182306878247,-0.10829090896490941,0.45478719646836885,0.18931831259114473,0.6865225888666995,-0.20900491797910653,-0.6589847874798678,1.4871544614388357,-0.3813696279058348,-0.09834871709583512
1221,1221,0.2774268889225282,1.865037487723208,1.6910024061395277,-0.6013192952231226,-0.05261763100909578,1.0176897461938716,0.14656988253971098,-0.01756799058952146,0.5025111801582319,0.24233430396965128,0.010525699705169235,0.022921749490112563,0.7238659866053431,0.8609230054084539,0.10752234353632817,1.3056718620108743,-0.5783888932577411,0.09193976630532484
1222,1222,0.029555810737870083,0.40905138631166477,-0.7061871629637798,-0.8956285832187316,-0.36470797830706997,-0.2528495535182916,-0.13986731580876746,-0.875726021026329,-0.5933150385550325,-0.43330208873160236,0.28986014277564665,-0.8618433677806567,0.6166855489235428,-0.05043806196090912,-1.1605812645943128,0.9551041813145069,-1.373864712766817,0.018563808325217618
1223,1223,-0.49685652509231687,0.45732022520094184,0.1786614409548454,-0.9416178246949204,-0.7584953165154937,-1.2019581030953388,-0.38817151611593514,0.17699312554540522,-0.014710636282932649,-0.6072081235005513,0.6111399704701199,-1.1350560495660704,0.23906006039886782,0.17777948771978522,-0.9393618380273931,0.5945057264280509,-1.0771333816119335,-0.3362645331947452
1225,1225,-0.032129838888759914,1.8481451412094292,0.3042981008204922,-0.0557470486564015,-0.20273959506337563,0.3020668906900451,0.337411764248054,0.11239225958098728,0.043962804390771056,0.16556555785033916,1.018012303704041,-0.16702772975768698,0.941999245304049,1.0849572119282183,-0.19406275925933902,1.4494765363385604,-0.10941794961739325,0.4944569312759336
1226,1226,-0.8157061051377703,0.8251893626868226,-0.10736772546713932,-1.3863711093331186,-1.54701122992409,-1.284832862446277,-0.6776809383292993,-1.0963320404600858,-0.881808790824454,-0.3854748680328884,-0.0032864345276030927,-1.1659651374246334,0.26823047453315296,-0.5061443206786479,-0.8419471811393567,-0.2463816451454563,-1.7224231911593904,-0.3742589341619572
1227,1227,-0.6460720959308092,0.31666384152871907,0.7315595148146712,-0.6406671677522271,-1.2355863416243242,-0.6565864318025205,-0.43038651881667733,-0.019854365126186643,-0.5440149433761978,-0.3404499680824958,0.46394472216972577,-0.5712506094967041,0.3538016981889351,-0.2037264144570913,-0.6474584563010696,-0.28251190697178546,-1.0641562754980871,-0.12840563980870823
1228,1228,-0.49016098025434685,1.2913987011271826,0.3171155451293068,-1.0127821798443124,-0.4983181131821107,-0.12476252425350592,-0.29860616769381354,-0.6752181108074496,-0.44818298765528947,-0.11167892217050908,0.6371767849605137,-0.004272210356306584,0.9493242287351121,-0.4406573610591116,0.19072599319250597,-0.061519865166415826,-1.395452450136095,0.25487477476713966
1229,1229,-0.41473927857298376,1.2540757270972298,1.0726939913519127,-0.965100952060398,-1.8817356533131455,-0.4690545778568445,-0.988625009363433,-0.5316428704200635,-0.13087548730496912,-0.5391668435519655,0.43474785082734974,-0.8061213206084362,0.5052992209992943,-0.46219169710573765,-0.4196600447977864,-0.009648402398058288,-1.3588279808969879,-0.07608404531410075
1230,1230,-0.24575418710287833,0.4858870376734073,-0.19360207066010188,-1.0744908086167047,-0.23658783293538233,-0.3020843348937394,-0.17718299578787694,-0.6615558842038115,-0.21513543142142316,-0.6793747742347024,-0.15893181602706974,-0.32700519318658267,0.021697078046465857,-0.7831240113265772,-0.13804946594667844,1.3258040401257294,-0.9537363679797589,-0.2854280447126529
1231,1231,-0.6022408893132518,-0.44697856999014485,-0.948441336437971,-1.0728380143515233,-0.6843800319561397,0.0872213761290054,-0.2884332316608516,-0.39024871628105756,-0.7131475783902962,-0.775477305307196,-0.7102653582448336,-0.8399572059325704,0.26557287471937113,-0.5174194704270391,-0.654599817750605,1.0194851411702284,-1.1229457074276945,-0.4858232210648367
1232,1232,0.5789508367876177,0.6310756800426123,-0.8845405779243737,-1.1218926224683696,-0.7742348812273653,0.40717781708760215,-0.5851911958110113,0.6065167206114694,-1.0306831061595072,-0.4536491069710079,-0.234744649539088,0.09749391548123261,0.44324089425263896,-0.829546731655592,-0.6847698007528339,1.3083410670890907,-0.8569263340314072,-0.4554522547636398
1233,1233,-0.4940790753316969,0.1409799519247481,-0.099748585234734,-1.2841921342030131,-1.064700880121306,-0.6882333621230304,-0.7211550712282442,-0.8300969096918186,-0.6967283613853238,-0.22092731814233316,-0.7522508977780875,-0.6930530486189704,-0.18886645641122887,-0.8222641145547968,-0.8538744342860165,0.4375819846381593,-0.8706688515023148,-0.5204676344522069
1234,1234,-0.19078746086732298,-0.06809702185208573,-0.47907894003821017,-1.0159881245474458,-0.6821092104527746,-0.0372600548775685,-0.23803224151993171,0.13745649495342105,-0.7370523433513474,-0.44925624209971005,-0.5873214671433392,-0.3376653625171466,0.13264047785369878,0.19574625833608644,-0.2602369619720393,-0.25695979038840905,-1.4841935603605008,-0.3884960235097097
1235,1235,-0.5451036826773814,-0.4793518235089184,-0.6298373646217689,-1.5366859718906023,-0.4844691713971754,-0.9601317185178913,-1.0547409682525355,-0.8760566790378819,-0.46984707572046663,-0.5994144259516788,-0.44262025438187624,-1.2082456874105443,0.10972801499054681,-0.37738118995135445,-0.7475529349833898,-0.5524797938455156,-1.1799077624028775,-0.3143160362346705
1236,1236,1.3813958311805525,-0.11477060022694476,-0.34907175170174465,-0.7429099545205556,0.08688556269137081,-0.4473643652858568,0.7635914927954547,0.06566822942101024,-0.015031103790584269,0.2077648825099469,0.3234387681534107,0.007502178763793991,0.3145364527969448,0.7733273571799175,-0.4212682741464178,0.19747478352046757,-1.2237363104061343,1.0583920065881738
1237,1237,-0.2834674744097863,0.007554451396646075,-0.27070694951784413,-0.25811847457299486,-0.9347236698746344,-0.548109895006165,-0.4345958788199182,-0.5300912621790075,-0.7298732721029596,-0.04899506917594693,-0.267881658988904,-1.0317399729282288,0.20100202960172436,-0.44322964296302153,-1.2847844831122954,-0.2688872070264374,-0.5120019617471478,-0.3045706900320218
1238,1238,-0.1915590129306112,-0.4744258277171741,-0.6835245282734812,-0.8582011934418954,0.2243214653478821,-0.5507591086379375,-0.290690767262381,-0.34755792817783315,-0.7887248994906524,0.18047631822556512,-0.26545986001671285,0.3621506755229173,0.002614044786573217,0.04817734413348328,-0.6491584958732276,-0.4527596630382897,-0.970350356714268,-0.1847244309086022
1239,1239,-0.06322232358966928,-0.22748881069784083,-1.052982364659594,-1.1777470060109998,-0.3175113349754364,-0.7015796855631227,-0.1882681721490943,-0.5561464873863616,-0.7756515256623158,0.0016045996854213498,-0.7328160605371633,-0.23599504940150373,-0.19875992028740214,-0.6051886289758082,-0.9890901528593329,-0.5805282767533256,-1.1898563807838851,-0.15322414908789633
1240,1240,-0.31344296225592955,-0.30462373866328984,-0.6980869344375353,-1.3706813713615418,-0.9679379742226144,-0.6650607458303854,-0.32344042013332946,-0.598893238481699,-1.041349643096576,-0.5302197311100209,-0.5110160513309248,-0.7914625498805892,-0.14015636651306582,-1.0171973375287762,-0.8416530987025039,-0.8045096202865697,-1.7105790895018558,-0.49010309644502925
1242,1242,0.8958172344104595,0.8095674114953748,0.5148228688342767,0.405657429496007,0.7844463186587278,0.3785243547316078,1.5232814864229673,0.9148809387390192,0.17479018830438783,1.0824590198150426,1.0439487733414163,0.29130637286147465,0.45046029361615936,1.096792193348472,0.24274219959606957,0.7915075845317137,0.24520029545057026,1.0216686358997324
1244,1244,0.11842090824492918,-0.2957178738624756,-0.8356876021880539,-0.4680432481575901,-0.13222928254136584,-0.208433324252001,0.22188155938073448,0.5911263789224703,-0.8184012141179409,-0.014634052516623567,0.2424647478036961,-0.6736603641178133,0.24295007754105183,-0.29946787493279475,0.001639428011686955,0.1093512979102297,-1.094660038191661,-0.3966116605491017
1245,1245,-0.11249059226514195,-0.08235112621119409,-0.8111686485721499,-0.8623845467358878,-0.7154602085053069,-0.49043431731657705,-0.3963202416800496,0.47476741686992135,-1.0848825784734892,0.33741027738583396,0.12866352063617417,-0.6038963849411482,0.19892757388915888,-0.2483996667126423,0.5169258061197388,0.3533421476750649,-0.8672002526548677,-0.2883477492763938
1246,1246,0.647472454540815,0.05361728755892446,0.03353816642823841,-0.2899205128756411,-0.21962401783609983,-0.2490819169666863,-0.0037866108951385446,-0.33781431688548597,0.6975221823259117,1.6772984364187526,0.2738627600716049,0.5777127398285616,0.2831210667945639,-0.23759808576459976,0.43530963447789334,0.8278818158486836,-0.4216617951744055,0.32786754308627164
1247,1247,1.0772185660111233,0.3331207628962339,0.9071429096215851,0.2845255154847254,2.3720244804373904,1.1519023161354398,1.3130427400944564,1.3722444469896542,1.5264061086870153,0.8856703723607373,1.5009621027801818,0.34602355825857645,0.6121460627043259,2.26918463473335,0.802152672278852,2.061489991593245,0.9177908507778266,2.065779928354125
1249,1249,0.1608567893122247,0.429668832818608,0.5385062531905656,0.14922399471949652,-0.35837395829560936,0.4218069700876562,0.7847253502565488,-0.4969132162518883,0.3793436207441126,0.598878571994065,0.7265818242643195,-0.3510273802045487,1.1270949917480952,1.5287643495967758,0.5744686827336802,1.2037685611655164,0.5158646273035419,0.9410851016115592
1251,1251,1.4867468250131348,0.24363390782933927,-0.5599444373460667,0.5145128933857624,2.3793855134196247,1.5087273318837857,2.2492526266963506,1.75943756208387,0.28108360326646264,1.96960096567809,0.6464030239560407,0.7194782946525778,7.742897280050696e-05,3.7349707200670172,0.8446553456254245,0.38008554708348136,1.8467008446042263,1.5976670802161577
1252,1252,1.5640349054225329,-0.3852109728729789,-0.16228354253267,-0.33010826000782445,1.3554055885516298,0.28074553486907916,1.9592537671762138,0.9757452672135318,-0.36606342274854153,0.5210124576487659,0.0011218785893254287,0.31250184709717965,-0.08629432356647075,1.6260730981568934,0.4399782111063238,-0.17008794350117776,0.8099138524644827,1.3105656676562158
1253,1253,0.03772870302767949,-0.8078002282173831,-1.0368980979365976,-0.1569209795635062,-0.10626537417133737,-0.8541055499589075,0.9395704428963478,-0.007761986102044043,-0.1478695229041501,0.20451703530371465,-0.25913469712507375,0.7977949992294279,0.05975929004996756,0.650783332240351,-0.5873706994800326,-0.5348531259397181,0.03756354689626741,0.11668847545665585
1255,1255,0.005145341299374244,-0.6346221079699301,-1.092129946693058,-0.8691628345536997,-0.6732925325923278,-1.1037204051877432,0.050930728749835195,0.7463160103372468,-0.7999224283947284,-0.30261455238280865,-0.6125882817739408,-0.20018047694770905,-0.30231237783922627,-0.20572156012435325,-0.09884721976180665,-0.458567336754086,-0.5487652616398777,-0.4294259455124673
1258,1258,-0.34218621661640314,-0.03551850835568173,-0.06324313747797618,-0.18133923654819772,-0.13714311612229677,0.327346855150013,0.4222434689291884,-0.34100777476918115,-0.9290745049864062,0.0029831645505436427,-0.10238520458518936,-0.4419829120675654,-0.3857709107831568,-0.4928863258293031,-0.3126862342152151,-0.6205746590499455,-1.2771624588555965,0.40065743936796355
1259,1259,-0.29223442249005444,0.017150559147571076,-0.34481346990671713,0.15134680329802325,0.05901891072682012,-0.2301832923856655,-0.4727269694310544,-0.07686690042083304,-0.36188560450944846,-0.3775245300496911,-0.4210761121399851,0.27281476536791116,-0.2518202926545207,-0.8641065570987343,-0.3436475711358531,-0.03403529389023292,-0.02410270615603866,0.0408914017216215
1260,1260,-0.19345501104166585,-0.4108588136416965,-1.0905190647021596,-0.5861950277267695,-0.2781307004858989,-0.4258554545325555,-0.2525889693247793,-0.6218326026909758,-0.7203392815136608,0.0196339363872295,-0.4300227346988773,-0.5268828674392373,-0.30362726137657464,-0.21639231038743856,-0.6603083754867543,-0.7624335444368722,-0.43276633710551327,-0.3608657824326106
1261,1261,0.17760612259456368,-0.2893651569484511,-0.825965760208433,-0.3490137742499614,-0.6809103265248743,0.06258268502851622,0.06326152151113794,0.07835429974632462,-0.09215191234999048,-0.42092295153230136,-0.5067513059739827,0.18858088548513488,-0.16396307469744908,-0.12665871885472482,-0.2759566604620024,-0.7740968862643053,0.11525692269391759,-0.31573602911148496
1262,1262,0.3840269733539565,0.848041542376067,1.8548606374832193,-0.5061454180849658,1.0960772484604735,-0.11555409257680943,1.1348462690040955,1.7938071579700423,0.937025971669236,0.24875487427398216,1.999226927914248,1.3808060111344886,2.0257097939517106,1.9796259991005547,2.317554608960171,1.0785530160909709,0.44911030385396045,0.9881818059863122
1263,1263,1.5154853331654021,2.567948685136556,2.0897249021379722,0.10324992497372132,2.086295922721895,2.0602470178233574,1.6986928546655655,3.645967013318868,2.0145900377609447,0.4388567651357812,2.291185666314898,1.56811501373857,2.823567494254844,3.781248233799591,3.5136086170575695,1.3225512962048838,0.12711133633648364,1.1394427652924466
1265,1265,0.3165050734373841,1.0263902681015036,2.234361605947031,0.15372039937164803,0.30238763421499104,0.8435759275120986,1.0117177220454845,1.880224972235872,1.6641811970225677,0.46540920121739127,1.5500282023492382,1.4953806145477195,1.8641497445380222,1.1472735439309814,3.471235104454138,1.3390960259620703,0.36211418514038607,0.60962048736356
1267,1267,1.092818189771925,0.31749376788873435,-0.31296801864127544,-0.30596363814285926,-0.20368151585461325,-0.020376831989615297,0.3384818653749329,1.3117686422681505,0.09665456427212882,0.3734309723483643,-0.22764518159911154,-0.5435051595385474,0.10780840021894443,0.057369900197613385,-0.3803847686584314,-0.11419393042424404,0.2918670322862549,0.6762679954471529
1268,1268,1.0935119451330622,-0.33353884560243147,-0.09973299824178845,0.36334486095055163,0.7522750507092996,0.06943601517454628,0.80421894235916,3.86563723134853,0.49132379269581894,0.3855141783374923,0.2150449581426454,0.22199213355790698,0.23183764223214665,0.27390193293232556,0.29328626145299524,1.4205409405620364,1.0502623672100675,0.195627742214253
1269,1269,0.7996496844977624,0.042173508444670424,-0.6070938737878984,-0.07038188894386886,-0.09446912742861202,-0.15907259683375233,0.18055896299959398,1.8698914900674024,0.3794565569106195,-0.022761158047735004,-0.0774352132994017,-0.745333729405743,0.08670173546353639,0.2816399038174548,0.11150930041500634,0.030936163224886206,0.16625079595056005,0.125989341766668
1270,1270,0.4478669480697505,2.0788059183030554,-0.07536722205839748,0.4055168612848626,0.5682167926079412,0.269066683867291,0.07910819625184722,0.10493439202346971,-0.42407244790593523,0.4036088810263514,0.9517531698075449,0.9242538122631541,1.8971139151269736,0.9572357685502145,1.4711964865330596,0.7051778160263907,-0.11401909006665557,-0.01000677835149615
1271,1271,0.3356373011897948,1.0160400639150178,-0.06635269065698382,0.38052100035199254,1.5993919688715874,-0.5804060625110847,0.19565866581599023,0.4355869256411773,0.3443395499727024,0.41998938270746916,0.5793478869874298,0.7927067384663835,1.848158329904025,1.2598072039062398,0.723324704837498,1.1531635844047254,0.523196602436438,0.6762120768034348
1272,1272,0.13563464962740304,0.6494140131179746,-0.1488894830693953,-0.2933996106614526,0.36484358219880497,-0.11942799974378801,-0.5162950903880469,-0.05327563725265082,0.43172431533243105,-0.45104924114842737,0.11184556556322094,0.31428708833348606,1.013015160201454,0.6256296471461267,-0.4472962284632913,1.3857540693225097,-0.17822635322740718,-0.09171488570749549
1273,1273,0.1332677266090536,1.2313621305456126,-0.2173420744598114,-0.7096042761946177,0.2675415375166397,-0.2829178219440499,-0.12334572688090095,-0.23717475427720897,0.15891279159121502,0.3059729040572394,0.18769149143698677,0.020343222097942867,1.2527231632837226,0.36998071569819607,0.16522500880931423,0.8493562670584354,-0.31527543795677504,0.19360283201348488
1274,1274,0.2608054550629755,1.70006411259026,1.0438403660751747,-0.22918271811377197,-0.6059159550682609,0.47006618924774546,0.2397254545936552,-0.3759360896440285,0.5813973919249378,0.1557574359009486,1.9467421205994657,1.5498955476617944,1.0241066144359834,1.178856518949767,1.2217505494095704,1.5943885070621295,-0.012278943125665305,1.455280093361211
1276,1276,-0.23173234716623445,1.2102109299237511,2.9619716857795413,-0.03269645414049772,0.5148685016634926,-0.1759045123595087,0.1663200070724704,0.27160666039321524,0.7190332010919585,0.3438449299562223,1.0963052195320893,0.36541876149884417,1.0926644864488189,1.6072448657743554,0.9565482008927685,0.842310658705352,-0.011071078532421794,0.23461464689473613
1277,1277,0.8862616699016816,0.29318329690127093,0.05719223614628002,0.03722539983461226,2.186962774422292,0.901893297524836,0.6370921142282162,-0.07637769561701764,-0.45899853756434655,1.0521219926982792,0.9824141663117238,-0.04816569399056878,0.4687263252739086,0.8326467484784348,-0.10854031645379073,-0.3663152314242391,-0.17659167186888483,0.8282284841636671
1278,1278,0.11295535767266777,0.2511890790784867,-0.4592351160772011,0.142005327780228,-0.2896704676216357,0.7099256222848294,-0.1663351097663976,-0.1234766862073645,-0.8914728803432374,1.310625216601783,0.9227590598909199,0.5271725993067732,0.14541244249301388,0.36449128235387485,-0.4212602735717691,-0.38820294985778947,0.040154513354171306,0.8128511291381684
1279,1279,1.1424747797094785,0.3992776875139657,0.1981705403325393,0.11048798334533362,0.9713333357676239,1.7069618433776306,0.8206712344201552,1.2526670185275912,0.7246401163079437,2.5436188598508394,2.35749222873125,1.9981445526962596,1.4138093254537787,1.0079230338678875,1.1680760256734515,-0.030465319896408164,0.8285182777431254,1.2711029892586005
1280,1280,0.4150585349686771,0.26529360090743187,0.20347977070436674,0.4700320752484936,1.353988914268755,0.3216043893115125,0.967099816816039,0.12944750503676744,0.0022520481762408956,0.7398100012336469,1.471095353694078,1.6668870899762853,0.5573943246149156,1.4122758684967303,0.7737374387200247,-0.23830886910713245,0.0022899968926143217,1.5325096742413358
1281,1281,-0.10635086566281586,0.08823196301354745,-0.49011129255325836,-0.8119800124126368,-0.23954342518970403,-0.277453789833774,0.0445534670738955,-0.17821260866778574,0.14013824314709517,-0.3992640795237035,-0.3808812575197305,-0.6954351728380336,0.05031582259901295,-0.7673291636202505,0.08212348219697799,-0.5765146082999238,0.21791307442397229,-0.29049005295271263
1283,1283,-0.19896554401640298,-0.4260363550011327,-0.34874901999014063,0.14743436764661583,0.288826344592124,-0.20453322253206502,-0.18007091823766708,0.503574160671707,0.039189752818971385,0.015637548463166402,-0.19188947708989487,-0.42400424884143595,0.5573924742645229,-0.3544386797467754,0.05166142906855133,-0.42026872677748783,-0.8234842532588333,-0.44403045054602275
1284,1284,0.45300048883977184,-0.045100201536794685,-0.26368278542678125,0.7577965146589917,1.099181092818832,0.31910843809154066,0.47273491620229635,1.529841128961024,0.461865078862499,1.8332204544401232,0.16354197929924666,0.9894376597843714,0.5315093616119035,0.17522257062790272,0.8333015198904891,-0.5831122799936541,-0.06657692841640621,0.2999199629874197
1285,1285,0.225739931314833,0.01949614577581829,-0.026458873257970708,0.1413572105143671,0.12763366260940617,-0.16657413684871553,0.8212678396635801,1.1557122168069554,-0.5765292104662265,0.0955052530004701,0.06726621742649731,0.3279834705905084,-0.13518316025331079,-0.11186879054872567,0.38132131882451786,-0.06455764407946978,0.34285959878644756,0.04201886682629367
1286,1286,1.5521749293621725,-0.07074911999508426,0.5247707674992946,0.031086327608425782,1.1861662348235213,0.39149771816615464,1.4622294204173347,-0.06479199635726147,-0.1918033049768898,2.5546004512708165,1.0289551230370688,0.7786420223336055,0.24385703477312673,0.8903391882475064,0.061515850320146136,1.0467961787040982,0.5586840801269339,1.843031055290928
1287,1287,0.515678216461613,-0.17841230705145095,-0.25233653447816573,-0.46563873315120397,1.3725699933039734,0.0829556719445275,0.6554059417385868,-0.20853548159632582,0.4062892934061956,0.13053557114981973,0.9807291076677308,0.027782046514152132,0.43674498985456967,-0.2873468169949372,0.026271672332806886,-0.4597924731621898,-0.21155533398703089,0.4407306253986125
1288,1288,2.508933213953802,0.5205538785728515,0.8944961381225099,0.8545659636286068,0.9962055588282346,0.6442266270721314,2.1258710851815747,2.2444508202589315,1.1080221490766249,2.108261036676944,0.8124055644008836,0.9637460645908575,0.33543345617397713,0.19143958077074927,0.19523864201564464,0.7984937532552108,1.5445822435934093,1.0499077729909738
1289,1289,-0.1425424241700592,0.9004065189775046,0.4429499338814616,-0.1993692472213703,0.9802231540316119,0.6104804488816025,0.051667913678174866,0.2908600129260015,0.9893608609040193,0.5730323667230574,0.17288712035992915,-0.06555408591338291,1.0114056298632799,0.42676749661241964,0.714696311964407,0.3277264314775461,1.0490878922564801,0.3741301859303146
1290,1290,0.483815246240958,2.3316256023717123,1.5382577720125423,0.697134485793655,0.05113539745984198,-0.21183826985239068,0.19163093829009178,0.7495856130532473,0.6798700309747888,0.5833688491742864,1.5135629094891754,0.9780972512891132,1.179556766438796,-0.009746109768300622,0.7401857410889496,1.2274314811605447,0.7309246134309851,0.8089563400723854
1292,1292,1.5431007332784057,1.7177683881920676,1.8144752336212129,-0.5212752070419036,1.1616355413183785,1.2161421259386025,0.8938705671104198,2.271866731461893,1.0342884093470155,0.7656145053854437,3.582273523768291,1.6004361879175948,1.5833673868413634,2.0895128925666024,0.8283749973144594,1.4987223393499591,0.21340578251210987,1.3855449887604188
1293,1293,0.39690906606757037,0.5242451960668769,0.2854414809777823,0.49818703058556396,1.1211370951081823,0.37255181030526896,1.0374855297084504,0.41501987612511004,0.3796898964997772,0.8492792179391205,0.422610398055038,0.732506843158069,0.1859802859032072,0.1219115674263324,1.0172032686298995,-0.12605191298513785,0.38462357439176126,0.7750238608882902
1295,1295,0.3950498361561783,0.35975845885384794,1.008993655068711,0.20442961284090697,0.9932745333388668,0.16826767505093196,1.8735618132134435,-0.6200771489353751,0.10074410381429007,1.4766586916816558,0.3718701205665611,0.24110002404511577,0.26342447432988064,0.2964631274821751,-0.18957366370962314,0.5625870830476373,-0.20109830545546364,0.8505506770978722
1296,1296,1.4390026147450241,0.6413873098968225,0.33708999868526063,1.2031894675051844,0.9641139706463548,1.1782731058566671,1.562134853723404,1.2445687402271386,1.4332066443493445,0.8564649002596676,0.660211040928052,1.245089155254897,0.533514728379248,0.9872237211561679,1.1979185547312419,0.1500656161713985,1.1490056987236459,1.937562667901735
1298,1298,0.7478826180517459,0.8147517782723607,0.6284383681442894,0.6110940296265981,1.087424913216433,0.7335758199404921,0.6459851795420476,0.08427865947245684,0.959204320896362,0.0002521534377496766,-0.020930154163638384,0.33571125448524003,0.6678188409139083,0.04268697120420406,-0.45067581244682475,0.8082764539330132,-0.10133540465228624,0.3423761037000836
1299,1299,0.5099802669579832,0.9126513511652391,0.28127513714685065,1.1402771473503974,0.9365455945393079,0.702802524688961,0.7553645030706403,-0.06560525386942237,-0.21732642411601988,-0.697746312669572,0.5442348236526153,-0.3592451514308647,0.6179959908185593,0.21625385316711238,0.168455374857803,0.5466865496726427,-0.7539208485836406,0.13245639099449746
1301,1301,0.35136445190636517,1.6187080497631334,1.4034978918734937,-0.09055772044472757,0.9130394106482244,2.5311728085065357,1.3250727909209632,-0.22357889924275756,0.8866779798605844,0.5948823270188541,1.0264420259850473,1.6394406851737808,1.5647165549033144,0.8703958822538572,1.3637697582055004,0.42878540754078465,0.1808719572075669,0.6162321591719903
1302,1302,0.4220166134952551,1.398095409526745,0.5102881295020096,0.571022578419068,1.3184158707984064,-0.32105074770003306,1.0626935735173928,-0.36140237083488563,1.4134817630829517,1.4690490305758408,0.5723656336735126,-0.034897572299320466,1.3250238495688127,0.49549251838156755,1.729896009072464,0.2868706392676852,0.5136263804943871,0.46975461180371003
1303,1303,-0.08072120940821707,1.4504486262924228,1.5348555376667434,0.7482113601435065,1.1962387783379895,1.2072075651719791,0.2731712850700528,-0.24295303427594764,1.069871977189499,1.2054893820180164,1.2876863361189266,0.5361605496875124,1.5741272125235748,0.7774153760052125,0.5784941572777466,0.8918019504860698,0.654915591272307,1.0798994197081775
1304,1304,0.513033816844046,-0.01731513722026973,1.4919217682693124,0.4951551808149108,-0.14288241348343955,1.7592688287879072,0.8601148790284588,-0.11501611954892371,1.1576294458546228,1.0576426690816654,1.7871782975439747,1.199518526453283,0.8714634849145527,0.6450667039512247,0.8935776752154668,0.8739526173640326,0.4897099218904604,1.662160902688846
1305,1305,0.92733237288976,-0.27607161958256465,-0.2200856692344665,0.2528051555725439,-0.18953987859282423,1.0020535600168297,-0.13611950197856332,1.0034027138059456,0.05660708727816731,1.2878286259768146,-0.24531916434395865,0.1121178512436869,0.1863368068787965,-0.4483744527718684,0.18111078338992792,-0.025391043688376476,-0.46939477947137564,-0.11821350608847189
1307,1307,0.5666479454576916,0.3429990444693692,-0.3860927352908239,-0.41399268067731554,0.832213220262952,1.9610896039224355,0.24887613876620945,0.43815055687543475,0.10408224408313961,0.17658166170419007,1.2238472444721198,0.34143142092828443,0.6862674438162041,0.19905222978566584,0.18451092466323132,0.547424255688189,-1.194578773388879,1.903703498959007
1309,1309,0.922434688904028,0.9558944710368851,0.5183275128513632,1.000497861902226,1.1069912948883256,1.1107416930893224,0.16088971181279327,0.09712052156973909,0.6175708266583823,1.3334654489744788,1.3719104439936554,0.8177141519753538,1.2820450602037807,0.4989849114313162,-0.3391626636110337,0.599763650322485,0.06516236574691524,1.5842051593054527
1310,1310,-0.1402922355163552,1.1261411386931952,0.535698959682171,-0.07108125009323717,0.7106263520476284,1.0348614482171867,0.4577352430789387,-0.320045427757555,0.3660685854739911,0.6351095698680242,1.057370512667757,0.17377759266689766,1.3281996207108868,0.35440221927795545,0.5799547051912066,0.6354811183223036,-0.4522650434604613,0.7140256641316867
1311,1311,0.6184671785312166,0.48164020144481706,0.07738278068946505,1.357583433972198,1.9915317401816381,0.630516752818857,0.46774166479154256,0.26054472314783056,1.2351080139793151,1.818936724397363,0.9982047566303441,1.1814972577053056,0.5966238096654544,0.617542355769607,0.15513872737659043,0.49348432159503536,0.8392149789555164,1.8979870800426237
1312,1312,-0.5639788892244447,-0.33890999531829596,-0.09166329624287045,1.0219980786227016,0.6009534557370213,1.200655132109439,-0.6333420607264922,-0.04796615527643824,-0.40439734474919375,1.1011365657285745,1.005934055033985,-0.04481220418014766,0.44284034216128004,-0.1083768122640432,-0.35881050473505516,-0.09134370112952123,0.008346285696907053,0.9473223387943355
1313,1313,0.1863677736256273,0.7690373984989367,-0.11871383151661935,0.0800734721204396,0.6134526713699279,-0.21184745540409528,-0.306310505411063,-0.42753080653842973,0.12574859651357675,-0.41827174024789,0.3709913579039952,-0.6303617969680575,1.034014522166945,0.0631682067474185,0.4815101623293332,0.9102174063378871,-0.3551408707979329,0.3027494969542095
1314,1314,0.646068249818109,0.937501244257545,0.5074065196292975,0.3652017574132093,0.03514962758493008,0.11096438023902087,0.8351447719270984,-0.053833646854023164,1.1402165964953452,0.8059124039128079,0.7415235056981926,0.842535235521218,0.9095599146492604,0.6752433996706165,-0.002730396604131368,1.223051158648472,1.2159143186721864,0.22082848556499737
1315,1315,1.2409927413034783,1.2721515052580403,1.028600731635474,2.14595540670182,0.2264884993497823,1.2189957897640844,1.2730946705487378,0.7352860558629849,1.215502200781129,1.028715002104698,1.0633478414919308,-0.1868240180920136,2.080694701959559,1.618499516647661,0.7951304847908969,1.5042395611899115,0.17606816845452933,0.5886445014871119
1316,1316,0.635393072135798,0.927797409881951,0.861024180405896,-0.2585941855198812,0.19005385718102266,0.30802185204274013,1.600951447759037,-0.29629124505391563,0.6443375846527954,0.2207195220632246,0.8994299392238445,0.5697313924803805,1.0812751177366597,0.8048102634324247,0.3812942310082352,1.889934400447308,-0.4625037919039234,0.7336482473037055
1317,1317,-0.21266229081573726,0.7411275817239272,0.6670285237649011,-0.20828204032357947,0.6642074798802252,1.1025030632910677,0.6282204891022576,0.15584507028434752,0.46093578912746713,0.8036112647217846,0.5336966936243001,-0.06327953871129242,1.1195996884297725,0.603729768955198,0.6639467576238758,1.0843758464915323,0.06799227022590427,0.13891672696503557
1318,1318,-0.20387418161470494,0.7074892130250608,0.5127257228564903,0.08032216068752207,-0.016965989102868298,1.1678100698722518,0.28427390743732245,0.3353738163555748,0.9114323322975578,1.1294199102067868,0.7024602365340304,0.3554246318321865,1.9087150522827931,1.4086977153042102,0.6024129201780268,1.0977986346402582,-0.07245965373602879,0.03928577626769218
1319,1319,0.08959994697072833,0.5075025450623558,-0.2856894403348949,0.11722269782303682,1.094108382734172,-0.08396571239606443,0.45232083203180196,-0.7873678727589158,0.4182447554553278,0.9536382442611282,0.9654258061031935,0.19930653084537334,1.0987155723184017,-0.22162124202566555,-0.5229139267626702,-0.16311136209945531,-0.5387629742455119,0.9793199027173317
1322,1322,1.15761384395221,0.32575682399022277,0.6745993644791719,1.1709096061574547,1.3034172221914426,1.2604200762318782,1.376837219821755,0.9812982265379442,0.16610535826027073,1.3790150870786344,1.3348536969016491,2.215366118199197,1.8419442997879052,1.1220186697064967,1.3229407495383023,0.365219626307682,0.6972471039560744,1.0171165805519409
1323,1323,1.4207642376027745,0.6399543949318348,0.8598862997163514,1.4126661094315265,2.4480658206306343,2.238044338510545,0.7238503599786882,-0.20214266638373646,0.8143092206153074,1.6099085269652067,0.7018750517010347,0.9593331284223628,1.1945447412501817,1.1602613314319266,-0.05101709141313402,0.8415356293284394,0.9512000387657213,0.92524371608423
1324,1324,0.06825515555138595,-0.1745831825069547,0.3763097962462253,0.4895364626746799,-0.1789269313419417,0.5849616460749515,0.3046864125011225,-0.4797164336159372,0.2274974989224576,0.4563216906854056,0.8006369385934198,0.12159326040692443,0.7756308103217068,0.39732129289626456,0.18337467291118642,1.252633649020684,0.10814094942849731,0.9546536893406783
1325,1325,0.5844179794023515,1.6299395428969952,0.9450160506569327,0.6982471385355354,0.4334833989869936,2.3550184189429575,0.051039680316016835,-0.07577795601684244,1.11852941472503,0.06842870547959463,0.42357542790055513,0.08694327433884529,1.4399564682160708,0.6879776612917176,1.1562695750078644,1.2745467958583037,-0.04287443019067244,0.15107874634376828
1326,1326,0.14745934436426694,0.9206075308443592,-0.2047794818285825,0.26958348163239126,-0.3659426086261111,-0.08954323611719758,-0.7184758834174968,-0.5774016728188397,-0.0020576302504734635,-0.04491921710959874,0.08886456430793463,-0.6006618876323764,0.6101713542526365,-0.6687081309682987,-0.4477110830516106,1.4178920167998952,-0.22154343676073918,-0.44689686236721443
1328,1328,1.3258715467041904,1.5917459059368528,0.7276052869384276,0.3910700456519753,1.5243604398532957,1.3710771884627384,-0.28188746812020904,-0.48236657098995656,-0.19846244255088197,0.18218898470177497,0.11780736641333475,0.811875849754345,1.0893117134476915,-0.5646766401262276,0.5143283577458387,0.7253032230132395,-0.26558254744892096,0.1656691356517997
1329,1329,0.7468630863086961,0.8155182307122758,0.5335026037182299,-0.5723412744120878,0.763966402901979,1.1923243237695174,0.14509638267452007,0.6717043560743587,0.19479553210258152,-0.0719006301054728,0.43344374688801984,-0.07683896347781032,0.5417130203550434,0.5893800198679006,0.10692562446801361,2.792975228126455,1.1338678718969124,0.037600664895518845
1330,1330,1.2061113661477685,0.7331762994811711,-0.020619854111574173,0.5935817102465235,1.151770627528166,0.8161691761785126,0.5249025906643433,0.22371516119458215,0.6307603134850862,-0.06216067091654011,0.7551696199904068,0.6293455337129715,0.7495109762325659,0.7747962818470634,0.4320169498334492,2.2083437585933567,0.5833705287449841,-0.09812796223386488
1331,1331,0.9492944043067871,0.5632225534201712,0.6403932194004891,0.6358895454478072,1.2785238179086644,0.8520076503179106,1.004521595260594,1.1842641360849049,0.5484076665634864,0.7792225203870882,0.5701335402895248,1.7661194288134103,1.508170794506768,0.5742232014578876,0.5001954186094586,0.9392304095972043,0.6444640757190588,0.5901239659815132
1332,1332,1.7582808564697765,1.0053072330965018,1.3151497562892944,0.865065017221503,0.29515880283837825,0.6229867034503636,0.9057261128082236,1.6451944690098699,0.9508527828262375,1.3788264092096167,1.5282917350886085,1.72209575140422,1.5155830487370168,1.083724489592922,1.345422686769888,2.270520991316732,-0.45434122759577095,0.6768016571728643
1333,1333,-0.07503723414238962,0.9670793764732867,0.3334184255562105,-0.27727690724042175,0.4723209961487174,0.3173801865989807,0.7148271280402216,0.20629893335937313,0.7159163983592277,0.052236367712110855,0.8061546104257316,0.9422841174844484,1.1756316110767984,1.433814409134407,0.8464359231237701,1.3079825356247634,-0.6115754061102825,0.3473557312229061
1336,1336,1.5222481416503253,2.1805103374217625,1.7087990585706359,1.5936445493240003,1.0591336337282695,2.167331933791933,1.4875559615522918,1.6829526276615374,1.818453839276385,0.20916014996358215,1.3621602060254987,0.3991619881508796,2.676087130481834,2.8672596188470703,1.8955138632304407,3.7756039567707833,-0.07055581919388366,0.8162710002860545
1337,1337,0.6381212079043637,0.14066321048291608,0.7953257118768885,-0.14591851353344037,-0.4525068928588384,1.0099290640623033,0.5818128974862152,0.31039604567730517,0.5965794015565659,0.23262123973810142,0.43153718944626335,0.5380727150556879,0.9213611352162128,0.2137051125774272,1.3140095232991666,0.8327141966336743,-0.15130653822155687,0.7846267458245179
1338,1338,1.1128510785813035,0.1970635267468825,1.0028619818313873,0.9581545664505547,-0.16816724716665518,1.2199537195149655,0.5764511694634661,0.1477605078396429,0.5055263024977693,0.799681659510416,0.17913599157184623,-0.21066421041349997,0.8339008875748539,-0.6088573503091592,0.1440265641091058,1.3131293984301884,0.7584817094585201,0.6434441066873348
1339,1339,-0.24243151599570606,0.24531837045956253,0.46906891762815955,1.2434371524234653,1.1140497302528856,1.9196957283684228,0.9477818382280859,-0.42212954955350784,1.2845768846717687,0.9713952373999036,0.9260316156706431,0.6361835850259666,1.0633224182293248,0.30291157758859255,0.3654429234233688,0.35090929789678366,1.113335966131818,0.8340930327185803
1343,1343,1.17140758764257,1.504387852346653,1.123328946342046,0.7738646766650265,0.7943453417030377,0.8949064903643361,1.064608773606484,0.7836223508372825,2.4071948045892144,1.768902124184353,1.3497338522319648,1.0010593984621723,1.4996683147049876,1.420664182843053,0.55059517299342,0.7415995555654707,0.032965998698918586,0.9671031799610922
1344,1344,0.2008251781485855,-0.13892665947831154,0.053044339318775946,-0.6138741290461255,1.428279468524043,0.5671778167164758,0.061092643273854594,0.4776599427011364,-0.8368771204117829,-0.39076923163118327,0.8816717577994523,-0.3083011350282249,0.774584030684877,-0.05535434271589987,0.945461717978859,0.9002260627165549,-0.5144035511475662,0.2966689813091903
1345,1345,-0.20639647337858785,0.5684493022589678,0.6232114627599317,-0.8479554477317562,-0.22415646375889137,-0.6534028949866585,-0.206920814991993,-0.4971236418111269,0.8578879954089863,-0.4691880326686072,0.3522182515213331,0.37596563547205236,0.8038345391327293,-0.3555413917711179,-0.6454616125941293,1.6137483979396932,-0.523005290554572,-0.05500174823549193
1346,1346,0.4915618490838528,1.3831361134023208,-0.6657576906605721,-0.3169136270937996,-0.8198883144811979,0.32019690707117954,-0.11470422150398961,-0.7451078164230034,0.8009241153946132,0.5746730896347743,0.7125568429218349,-0.31881739715677343,0.8402047713285508,0.03769033397321294,0.12698500547760558,0.5938926363251578,-0.22361039568281835,1.0090251290420365
1347,1347,0.9471921202311339,0.6433253538077367,0.7707163451558869,0.6787096470259826,0.9914340866708062,1.1528265405463185,1.0409634209422745,0.4095119655070686,0.9440514874803687,0.05121212050239366,0.010444300069753071,0.9628634652974265,1.665337860796414,0.20166240510371639,1.8382774165273308,1.3870481941522943,-0.6964673262695235,0.3341117645820282
1348,1348,0.5576056914810712,0.17534779865490688,0.8473350140791309,-0.02413293163759709,0.028058758095609756,0.8191354126829347,0.8910599336408697,-0.8031812074474175,0.8652039657079366,1.2009115669885921,0.7918355238948712,0.6667777658432227,0.7239233546830605,0.3719957913130491,0.08497860776787021,0.6366241975757737,0.134100793080564,0.9078128464742979
1350,1350,2.13970807138886,1.8335077407869362,1.296430818139015,0.8933703733060078,2.34195035980055,1.1089101854554886,0.995500575503382,1.7948328603109853,2.3773251692139516,0.859204329589844,1.7128912257716582,0.42490027974344297,1.6770188826407182,1.2289430688777487,1.2430026798667635,2.373734945338138,0.24785182920505366,1.591375050904576
1351,1351,0.6490911018330462,1.0645830669301566,0.8181237627685304,0.6972655660174454,0.2385596553798458,0.8992857966372844,0.9058748595460968,0.45346724858735693,1.1609793481333994,1.0140221147967958,1.4737168141533756,0.23969663699178642,1.3022772446698463,0.573741804437459,1.4698125844321845,2.1213926561149026,0.30268858826617095,0.6727447300927658
1352,1352,1.6281367191033451,0.930277124002331,1.6006450276851176,1.7370429450063298,1.7028944437838578,2.205804777549016,1.2804175477964554,1.3424524899555468,2.051989016413945,0.66944325214672,1.7834118858607118,2.7997542910315736,1.5971956641228169,1.4961312122066401,2.2058420124090716,2.0208052695972056,0.49155808117810357,2.2053965917306995
1353,1353,-0.6014347137905991,0.6517563299291963,0.03089954297064531,-0.3072548098825205,0.5303251259937146,0.20862862326726428,-0.2438062444671421,-0.19519254338563582,-0.010322778324882206,1.530708195644219,0.5365550881825114,-0.44682791581322095,0.7796503278795822,-0.7933562132554592,0.549217927818123,0.4004464394152387,0.681726139259231,0.33299902297725764
1355,1355,-1.0344722823100068,0.4708193581303584,-0.4654357705257008,-0.9768682340756639,-0.13728829638923798,-1.1122419537149715,-0.40815856170453696,-0.08561431662473604,-0.29288371425937143,-0.212143925169075,-0.12199814459480927,-0.3735386810899104,0.32849113464979224,-0.3589218834861168,-0.6711872833075766,-0.22486617278639232,-1.111830859385938,-0.2680858571929076
1356,1356,-1.2829258911465162,-0.4552846864916914,-0.5309991788814198,-1.0904762459131008,-1.2518272039231415,-1.2321708499448367,-1.0852424246789976,-0.5926310756573643,-1.2233671359151737,-0.833283921911011,-0.3404493796032832,-0.5405831365128158,0.02855604160579063,-1.2834937803136113,-0.8446530499824082,-0.35310926726691044,-1.4281569502993046,-0.8492891457651117
1358,1358,0.027275829113065576,0.3350103845999888,0.6882331151189858,0.15537513960217814,1.452301296926528,0.4709933657414947,0.6066888821378218,-0.15754140642348513,0.4780257605863458,0.4363704836874786,0.6161098236938417,-0.024125364221352023,0.9670835750289581,0.1780671012258803,0.7348954832175884,0.2636149584862614,0.7631309824075946,0.6639049507562953
1359,1359,0.28094076258425665,0.9793015764894651,0.454947543897694,-0.19463995315612106,-0.21779633674203586,0.1269960036529643,0.8286332325071158,-0.5858839041003036,0.5982977664823571,1.597042962833823,0.3512769544988521,0.28347043293651175,0.9682930892693227,0.4208054038472067,1.4609884871536527,0.6665488584285811,0.1489409423809794,0.6357287084694084
1360,1360,-0.32175373644903654,0.6221390896900194,1.7380317298304981,-0.4843551566563651,0.048857511250083335,0.10876954389479346,0.7076850032860722,-0.2345006761819476,0.07076467645368315,1.1331610176453548,1.0237180369911787,0.11976517188712045,0.3948383294550499,-0.16699635409893268,-0.06834567611909406,0.11036307349081467,-1.1643848114592465,0.6715133722640306
1361,1361,0.21643620474006267,1.6135882287437204,1.0733854047122937,0.030400826191870737,0.4624478969634084,0.43857894808005177,0.21033753793113358,-0.4638365188392537,1.454784324080509,1.0198588600304288,0.5517357772805778,0.7740969976722193,1.3899568094459882,1.2375918446755845,1.7598715062767742,0.3830336631906865,-0.11761311750657275,0.7009963211197413
1362,1362,-0.02082160450015028,2.071164283063256,0.33410971313756166,-0.15847151730558054,0.9866539746656484,0.12748623731517633,-0.20718919168177438,-0.18912208962130142,0.31328806425295874,1.172201552709638,2.12649153967684,0.7097906872728286,1.6028129199611818,1.3977536468876668,0.8411074342762106,0.5573892382985568,-0.20723695256329194,0.7848926456077397
1364,1364,0.6643891021303925,2.2592774641999234,0.507353944389634,0.13835115313539473,0.41807791011582496,0.7643301170289681,0.5284903091595476,-0.18241008928331645,1.4850701503237058,1.2717801201564674,1.0277368182120719,0.8863530518728573,1.008655744782235,1.529433788946313,-0.340906369482868,0.4054263004909207,0.09753389741521497,0.6242193639935026
1366,1366,0.3127538965360264,1.4522229501810249,2.4243070405912124,0.6458780486187862,-0.15364733919306828,-0.31736093809180155,0.6951081303434331,0.9300279454508397,0.8704897508865489,-0.07390194481125174,0.8119342869916195,0.26485829584194565,1.744460592846801,-0.11083160317479238,0.3402331364005331,0.5240285917390142,0.34395756278802325,0.7866799729669058
1368,1368,0.5162389366892959,1.3914980624546223,3.6524178929241415,0.5784640292100389,0.8338824072011237,1.0380480539503152,0.9806774439875323,0.42721896559912853,1.568824833414431,0.3614302231504155,1.1130178247404965,0.440841973339643,2.0283195590530743,1.3699979113227891,1.179539474875031,1.7313539345380262,-0.30532161102756555,1.0540012152427327
1370,1370,1.3431861230162523,1.356391252933274,1.2070834997961302,-0.3320318588326566,1.59053033629007,-0.3771515338900897,0.6552872508750062,0.3257012825960444,0.07046422221470736,0.3084062382732895,0.7887040071316914,-0.7362171809851026,1.388179798780367,0.6260346652493143,0.993230390047848,1.7987421298075268,-0.8907411013628237,0.7154084353014916
1372,1372,0.3257592158970828,1.51341938754699,1.4461455281377766,1.0161637545895665,0.1385323834146843,0.42750886329195015,0.4878346642667616,-0.08284432509911528,1.7035878616375928,0.6764776390182481,0.5277952946028893,-0.16072879957917857,1.0358810840068018,0.45745892893130646,-0.02205676250143372,0.08224419387607493,1.182642082749862,0.18969698308700322
1373,1373,-0.0228804135088373,0.4168968858012051,0.829264301379611,-0.2342421534942796,0.10200826938586496,-0.13084713214075405,0.31902337299088196,-0.5204498996989232,-0.1705329694822709,0.2200793477443032,0.011073253523052157,0.32006724620943583,0.23758677084760263,0.15189795489386673,0.3914006811810898,0.008272439968929944,-0.4705550709119839,0.5755250664937868
1375,1375,0.3590471417695672,0.556396493912043,0.2522539455281588,0.4474356554665372,0.6402096017005361,0.38946478448964666,0.7383367712907175,-0.49484637531622055,0.22530585102151923,0.8542100772663993,0.3283205250073585,-0.2595895605387838,1.2552225180257945,0.007981290811804579,-0.3033123407298473,0.26453381833733935,0.5540099277650075,0.26833634181494115
1376,1376,0.07647761746019388,0.6368198737204814,0.5273781554086766,-0.4344538616261229,0.1182495958630339,1.1662420429976397,-0.03603891509350491,-0.122644887137342,0.4720876722065012,0.1975422104969661,0.6684318494998385,0.28016328009915614,0.8478156937500214,0.46382003918573605,0.09127581646411996,1.113750166639274,-0.37608560617193326,0.20035366937872875
1377,1377,-0.017824253901614413,1.764201390747693,1.9234362520055945,0.16170157077448738,0.9960585120072832,0.4844768965593124,0.3969893276475882,-0.32264057345772146,1.522544345802357,-0.26879864268668746,0.5421382908761966,1.2965034285994685,1.1608052327562046,0.30188832397635434,0.2462724801937623,0.98916288618539,0.12231171574324223,0.2528887739849036
1378,1378,0.223884877641412,3.14629456481981,3.255003410177787,0.44112320511637265,-0.20267381247900995,1.5557927139460577,1.7262270934126587,0.5320788596836896,2.1384815473922294,0.7972842627899566,0.7519324405821832,0.8865628263631509,1.4629511096419086,1.3234129462144588,1.1312503329500325,1.9934708090479685,1.1114529625355583,1.0006953710476156
1380,1380,0.0039001217755612583,1.30345993662885,2.7061668770968277,0.8762420870279362,0.9438527188164537,0.7436816360135364,0.5815280687836154,-0.11846876180976092,2.2954486794974875,0.9460356167157447,1.6093985456494315,1.558432059392672,1.359075113212225,1.4114171657310501,1.1978427006510046,0.6305840062463021,0.6447401626662891,1.3866720081712034
1381,1381,-0.19109821112359898,1.3886889951859824,2.2797598621436426,-0.8972867386095267,-0.12997965858073382,-0.36580621484066733,0.016519934770111672,0.269219773807533,0.36421974054899053,0.04763456671276853,0.9158923744396027,-0.02265266922958147,0.7522066993234228,-0.26811498754866236,0.2633399466090214,0.8195574711927337,-0.7875604973164433,0.22287439436655
1383,1383,0.5628492211422712,1.6563528720224538,1.9145087158175156,-0.8456538883107069,0.28046425765002947,-0.7720030776442369,0.1888353550747153,-0.0897182178666876,1.501918376711831,-0.061778473916988264,0.8424950051626728,0.2742637864476945,0.871606163825886,-0.17380817297177095,0.46437501775572393,0.766562954860007,-0.9912018510647281,0.4068389644510332
1384,1384,-0.11737136774302624,2.236337206226603,2.1684140744267157,-0.3629528053179035,0.09031535677437072,0.20501327637727693,0.09360507308752462,-0.86827265259767,2.1358804847785158,0.08250548363189235,0.41265611660993906,0.13945169721587317,1.0448876836108456,-0.2599617862884315,0.18414912158299207,0.45905867447232346,-1.0875998296362641,0.24043894090278226
1385,1385,-0.3179430569563392,1.0508219816583741,0.5281000092286717,-0.41647333534189684,0.006484802921538556,-0.5561450358818364,-0.3005796345126725,-1.0625640102430245,-0.06737728106855097,-0.4420115434254287,0.18058869471603492,-0.4523831369835244,0.846716343991382,0.1508938315084555,-0.16287088875089653,0.01651611601329076,-0.5533298831171573,-0.31169189334355274
1386,1386,0.6270163382768391,0.9608488912190674,0.30348338441085776,-0.12661478939850804,0.48599071011295814,0.1578029312474521,-0.29774637424581246,-1.2259542105340921,0.2024655470287874,-0.3869732228009293,0.11733414066772972,-0.3536340063355427,0.8240983494847156,-0.6682444433843703,-0.713245829977607,1.2743150473299774,-0.7841946931290374,0.0851673130631052
1387,1387,-0.20949485880145532,0.5386882185517735,0.538991537741565,0.23668056098042656,-0.6027124935884339,-0.6786657990579786,0.3482192032109943,-0.7474195122524883,-0.5000643290218166,-0.3625990055023005,0.6655202267660211,-0.3907433362906383,1.1070543435992424,-0.1305569501616286,-0.13589819896858168,0.4270021692550387,0.20216579607509927,-0.13821100055213767
1388,1388,0.70904894561803,1.61170274987942,1.8759244363033254,0.6705819914707846,1.0731620881898813,0.11269659902506791,0.09619226486485992,0.24961138056003274,-0.0005628274730330258,0.28634998698461167,0.15489925934765855,-0.2958594076663031,2.4859890653604255,0.35667688251237506,1.2325213422567949,2.600067352598521,-0.31104616259142126,0.5719816456384342
1389,1389,-0.36720772957912357,0.7746617360960152,0.6489945290330362,0.0602005316887467,-0.06934967402526966,-0.5948193847595004,-0.7491108949810729,-0.8280419196418475,0.44737613930635595,-0.4801927884401271,0.16279483968312078,-0.748162966190583,0.5628595204432811,-0.6050445407587255,-0.9488739009095926,0.3643239373231436,-0.3438127182943574,-0.6047693747073484
1391,1391,-0.3251998214389873,0.6303013997787075,0.6622368461927014,-0.9016729071317663,-0.7314124482531537,-0.7451288694279853,0.11144429836079707,-1.3280934880662298,-0.35161437623855735,-0.6554865544476206,0.06071832136876743,-0.5832046961357253,0.7152294626975784,-0.29078575075482854,-0.31611384793955,-0.2770769866749638,-0.7935483756141368,-0.8076008852567601
1392,1392,0.4761095645268252,1.3158061536128363,0.43223193940977267,-0.06189521989303985,0.1466054593338286,-0.898787301250762,-0.7261639979323476,-0.8539765637682921,0.4121929258264531,-0.6968109602081611,-0.0032660736613635355,-1.0340665405521883,1.0424096119016701,0.47112045304703043,-0.9122352319388969,0.8014816312367397,-1.0180111805769685,-0.09630864649208902
1393,1393,-0.8476378257823589,0.1204170386901476,-0.7191386795855294,-0.6361025228879646,-0.6189417381788588,-1.1222490511549923,-0.5195330242726057,-1.2658814784671422,-0.4197613745350345,-0.7777341358831352,-0.15499776309531776,-1.2657050612662486,0.3259862797693967,0.02701936618484891,0.3286753528508859,-0.2966283963981144,-1.3165455974222484,-0.4657212512087942
1394,1394,-0.5270592828886467,2.3238022886494516,-0.11072346185922088,0.17730508835212622,-0.02826180564165934,-1.001958508429191,-0.3961792125593815,-1.0826242096501608,-0.5512098733652325,-0.7119532766821239,-0.27915335551192744,-0.13170846692712168,1.2625291953660291,-0.34031403376393715,-0.13163381376410477,1.3406466155234085,-1.05549628342864,-0.36096454920770077
1395,1395,-0.7848453893861462,3.9438680076784025,-0.09685554156876984,1.2718970511969374,0.7141340753456117,-0.4643756742730705,0.21030672294179614,-0.8201957982972158,0.4617298974033808,0.2611146459552595,0.120849401999093,0.9919499000508498,2.784895793367407,-0.7878974698672245,0.4848622474332517,1.5816811395002435,-0.49267317863039184,-0.2737858239148781
1398,1398,-0.39961841581594437,1.083477603172603,1.3084490717260773,-0.7082014840342044,-0.4113079413353027,-0.3395584565675917,-0.3547457384421502,-0.7077868858884184,0.34689337817873483,-0.20017792190363387,0.34535052993511356,-0.2639948243112798,0.8808340247223196,0.5949180075845972,0.14521495002617765,-0.4515327882149377,-0.6710305910657635,-0.27998066355772555
1399,1399,-0.46932227281764605,0.9752436308515487,1.2819871343150517,-0.699663294077072,-0.10647303512143214,-0.3139350159500677,-0.06508924555792676,-1.2483787978004315,0.2348965084772384,-0.3911957454586957,0.04917078137208409,-0.7252941769765676,0.8338931381506316,0.2052609044843967,-0.8915043191469084,-0.41833473279281136,-0.8399453850275099,-0.021422760174800045
1401,1401,-0.4879470019918676,-0.03424501760268788,-1.1329481952932414,-0.46445016165944353,-0.6295461979635479,-1.0580644232477265,-0.5429186717726988,-0.8925560407192468,-1.2340779746825776,-0.851482881206858,-0.6452015050531676,-1.3088572473045421,-0.023948031737131715,-0.9161359264866672,-0.7241324740384482,-0.4460562411314961,-1.2851928699576984,-0.7745902584451689
1402,1402,-0.6648442238611106,-0.38159265236534756,-0.8874886041257593,-0.7865236627542381,-0.3443661868435502,-1.018387051669191,-0.5562190687537059,-1.2051592404012275,-0.5110321797687676,-0.48458839750366745,-0.529479286261794,-1.319280582402239,0.23266389511126265,-0.7426834599551937,-1.148029231556061,-0.8803812210936248,-1.1267049961062137,-0.4450238703498329
1403,1403,-0.2190630120890344,-0.24498959778487386,-0.7381808396229308,-0.8190754971997044,-0.6200623115833811,-0.80497179174037,-0.9615401408543995,-0.7601769210297219,-1.2323645407798767,-0.7374611974066104,-0.5905151839401861,-0.7897129305729766,0.09917178363660505,-0.8491609018144439,-0.7954362526514359,-0.40824921494719424,-0.8150304090364504,-0.35351840282520997
1404,1404,-0.7214281547466441,0.1818715470890087,-1.1142734857381182,-0.5950639135455612,-1.0921909828427918,-1.071120907720482,-0.73827834888644,-1.0735831807127427,-1.0012491161353219,-0.8152512805243856,-0.6128708435872401,-1.0474095800530212,-0.18415706386919395,-0.8921541699289715,-0.961229647077452,-0.5566610997950784,-1.1699557352406247,-0.7442807191981617
1407,1407,0.10442695199935782,0.7985081733316801,0.3877311500977537,0.4214004429792589,-0.01323130355564051,1.8047748280237441,0.4789051168669431,0.9315996210376865,1.5422538332323408,0.4327277942251514,1.2406859862239477,0.7878711619455855,1.6976407242849982,0.9980478008866656,1.1137933746321442,0.7076195081988567,-0.41203928734681533,0.33452592146844645
1409,1409,-0.012758477237339555,0.09678933653406951,-0.015694715405461777,0.3992858367035834,0.39157016167768477,0.7242924717633272,0.24633871021076054,1.1785698223827978,0.7522343602148426,0.24760803195372663,0.42517612892260126,0.0452528760100417,0.6961364313442622,0.1295735707477343,0.2288880146245496,0.5700584118523004,0.14068984370065837,0.04712459933200026
1410,1410,-0.023634240520453785,0.33666035369999914,0.07542608180665665,0.4300278060931557,0.21008423247108285,0.590974819444717,0.5934571077308559,1.1240643598773308,0.5256108749432025,-0.14898791793251032,0.46059514461322865,0.6992403270990734,0.885429983002757,0.14566038541696813,1.185527006272794,0.6973258730492369,0.9994669820833397,0.4843132642258843
1412,1412,0.23409192791480268,0.1746549558178335,0.41368671087958525,2.6307750412987616,0.2160547640446799,0.7412303101120231,0.6357082055615316,1.3232903296719853,1.5975768500529233,0.2504483987252501,0.581634720343232,0.6938536239008306,0.5499848508488896,0.9948525169421315,0.9210662369544133,0.9632229931422318,0.8203542994016313,0.676511412447948
1414,1414,0.41647181649001597,0.25195202400403144,0.2035805169390744,1.9385420318395985,0.5294358679709418,0.49834233318805393,1.9202862021840374,0.8627545384074338,0.7294361281709666,0.77055496592346,1.1424608533408673,1.76655550611738,0.5399845418157722,0.8696927272888361,0.3510353340979097,0.7913588016743847,1.1659610778819347,1.5857775578922082
1416,1416,0.37192779309877655,1.185114437409195,1.1621049852429595,1.4239220229992946,1.0173360711015933,0.5453030213887184,0.5610432707533642,1.0830745895104656,0.9938043867937205,1.0090286209918453,0.4623885570378933,0.5774243832634657,1.0881403316677685,1.03252356600639,1.0513750502524672,0.6482782651451924,1.0195482684089017,1.0402870967209272
1417,1417,0.019871684810215264,0.3036390656860381,-0.3777532576358417,0.0805773581147049,-0.3044458377075413,0.6711861584663106,0.11929586717532592,0.06132296593752576,-0.9446145575701215,-0.6999336428817531,0.17509628304883423,-0.9005892038142551,0.5465076841466665,-0.3893060873124595,-0.012929881839980083,-0.3763234819296812,-0.6281449710220349,-0.6466235706879235
1419,1419,-0.7222292692172446,-0.3037471054863863,-0.6964411645125624,0.029986540881213632,-0.08712649826717399,-0.6076805599305042,-0.6112461468471103,-0.1693402025438812,-0.5837007552234905,-0.0781802723608603,0.059473146032765815,-0.4651065158018639,0.39141581993161817,-0.6197889412851758,-0.4736667370107641,0.00402676254926828,-1.0134837902864764,-0.6618074923665762
1420,1420,-0.19148867063158184,0.541793052524195,-0.1156271779398895,0.441750839922921,1.08396785610319,0.4325963448524913,1.220719617226721,0.5823056134255037,-0.644435204270495,0.39398260442929084,0.21872318996060133,-0.18061782524038245,0.6518987351937258,-0.6516970342197241,-0.09103305567777899,-0.10497386613503432,-0.40361004427157715,0.2808357830113379
1421,1421,-0.8296103898641792,0.15932775432747584,-0.7235467555627356,-0.7465905715821132,-0.03427865451011545,-0.6346315371078383,-0.16919195425515646,-1.052541479332717,-0.2247960728490703,-0.4232979261939094,-0.01655500563384364,-0.830645783169241,0.12068139576565423,-0.43533185513579675,0.5057349036396679,0.1338639253578715,-0.8286686128897282,-0.3922675509864917
1422,1422,-0.11609818499498235,0.7121409432340553,-0.578799321541896,-0.7161166618751721,-0.40270234303893165,0.1132357961608018,-0.4862465975405531,-0.7035006309206069,0.07705330800692606,-0.3073535197379964,0.37348459164801096,-0.11849655243305772,0.6522781161482827,-0.3853893362146419,0.0631414137223282,0.1312689170231489,-0.7954268313903485,0.1847015804730111
1424,1424,0.13548738641992106,0.211894703992865,0.09083847521630918,-0.11777654590402008,0.2299152406112824,0.3526634761681407,0.019828554831689722,-0.3590671190327404,-0.5962829339408783,-0.44689624618561324,0.41939498211646725,0.7436350082291803,0.3910166890873768,0.1770964819536376,-0.33041084397249953,-0.1697799531200911,-0.33826047381321195,0.6341649661689183
1425,1425,0.16979026295309824,0.7423092044464034,0.24884371983676193,1.145612891232282,0.38404115629459995,0.3450724081040574,0.6063185287455181,0.7405503961076544,0.6784423273826389,-0.10272584860599075,0.8125685234702869,0.14161526496537288,0.6605787962260513,0.6205617171606977,-0.05749896294701054,0.4501126999996077,-0.3283069554803928,-0.4126552957140147
1426,1426,0.17730617788121059,0.47519654829681324,0.049304187294098224,0.448647749207455,0.6044917049191818,0.2916986673075977,0.5147817568325113,0.33703831282030144,0.9144041257928552,0.28938222791768775,0.7313380459104288,-0.7289529323942188,0.9373631964184487,0.07207969056879501,0.20454111808689998,0.7559665387869471,-0.05423086379254225,-0.07249436574637315
1427,1427,0.12172403699067155,0.7559467182988048,0.28675979082565933,0.544879756522655,0.47040417305385523,1.2626087731999014,1.3148577954360507,-0.13374981331312563,0.4654304571058084,0.3541609320709779,1.416139305854625,1.6251182364926229,1.5104937464194126,0.6096627244584781,0.4853950272528947,-0.007288488565233424,-0.15659109302110238,0.7134026555889813
1428,1428,-0.31634643310503285,0.5133782363430338,0.13872154160656144,0.27378953731250044,-0.18274864586577103,0.6907717817728765,0.6426084950826478,-0.748590319030341,-0.046113164900119644,0.07317481503038051,0.49685068867087245,-0.9932851763871724,0.7750900512150598,0.18234396135309672,0.19675226706818916,0.2509489165373892,-0.290704195953455,0.06997488313327788
1429,1429,-0.1894845483470678,0.35628025825023313,0.04148317623733393,0.31406941355847234,-0.23183174374121435,0.7096071083738527,0.8342146681415502,0.7012444164484798,-0.43046098426357954,-0.26980832374736197,0.24138293545961237,-0.26187380899385987,0.6821183526507629,-0.0741465828376108,0.5965442744167767,0.28101462057138193,0.09661701772358085,-0.09836005690049031
1431,1431,-0.5238447949506255,0.3884917568211794,-0.07023473307216416,-0.0744880176493182,-0.16475262556671558,-0.07038678581348007,-0.21853921178635918,-0.18961207870016508,0.028855674426950903,0.13250449598140682,0.8629787852739597,0.11965155197998598,0.9057966674843981,-0.6970607988193797,-0.12920744367779452,0.6254812179066105,-0.09315998761100149,0.23590992399389954
1432,1432,-0.20251037259573995,0.2789792404899842,0.31240346348561676,0.05150993094696923,0.8576167759665978,0.4996686139818778,0.4619495970217437,-0.3729875633750055,-0.6039007480324778,0.27930528473378097,0.5339980805582316,-0.21567556628046,0.9255944544930873,0.3244390679893872,0.37607993090161534,0.9571611096913903,-0.4192339698365101,0.2751603824393156
1433,1433,1.0786772983091957,1.3416526755201537,1.2876369491319672,2.2486384116594538,1.2022407614139647,1.6517533464858132,1.1626614234556767,0.2829434566087406,-0.11564398818411656,2.555486492288531,1.619359074423962,1.953740250045287,1.0946071863424018,0.8868356759929621,3.390689703401848,0.03320426683365384,1.239174073728474,0.9705090967394889
1434,1434,0.8746889703813404,-0.1782736879344518,1.5180373407077685,0.653047573706892,0.9426814383545324,0.062067103875680096,0.6578477547206825,0.3390149987902214,-0.4513864084003789,0.2337601472488951,1.3664081212785641,1.2259727576626835,1.051625665963489,0.37815526652411263,2.064160811527844,0.5301601601338373,-0.018822828844426605,0.2340645510381801
1435,1435,0.9276207365257685,1.1572556842338966,1.5943054309979434,0.5610177352217022,1.5676695101298774,1.0070035796663386,1.7565659837996432,0.6498239215537611,0.6698402133480811,0.8341277984757282,1.78044097983521,0.8964933264401187,0.6415284367134219,0.17620380532822183,1.2347307997093653,0.8665778817136977,0.3881722812766159,1.8353243054669368
1436,1436,1.3039609940132117,0.9726256177749073,2.433225002610063,0.7418334757333289,2.219032233042937,2.133926839050411,1.42263657454469,1.9973733372485691,1.2877206807678325,0.994607194439086,2.1459567831094013,0.7758806317000557,1.8645026688002855,0.682439586517352,3.841846978701917,0.790566652336292,-0.04495123636870681,2.0404214165378973
1437,1437,0.2798867279429227,1.8499115866303313,0.4161718505799153,-0.30611717405875133,1.0309381890590505,0.47543820755401545,0.5706311408841698,-1.2054313105389405,1.443993746972736,-0.11961238300489639,0.38031673513975134,1.3419064075409528,1.2829969864585973,0.5101513535563167,0.8272525566854305,0.19814909594617852,0.5148235273674538,0.6970256356743504
1439,1439,1.128509625378478,1.4497074380836488,1.3041320225121735,1.470698185327564,0.3353932654341165,0.6495390872457563,2.431241189961492,0.1046883813715783,0.7955801880404759,1.5868780064373742,1.7854638558691842,0.8920522895397662,1.0719636398126433,0.8922510486679762,1.7458552052795855,1.2049001221090714,0.6642724652607009,1.4271823534815984
1440,1440,1.091115826911726,1.032384558324569,3.5022460819006866,0.9602393708607447,1.917913021554489,1.6917906505870006,1.5543274933445523,0.6390120464738975,1.9754519823358758,1.9667577673138077,0.9370005444516772,1.9606522148950498,1.2730151040520647,0.9153027445324853,0.9665687924617125,1.1525712768132712,1.129555278568379,0.9484274614282435
1441,1441,0.8119661617220525,0.6955041345572702,1.191985699951466,0.8033936398192243,0.9086154829432005,0.7124767017489856,2.023009528857318,0.9102023479327584,-0.39305449444838414,0.5468992650703501,1.2692037473890732,1.8841493464423476,1.202168723933931,0.9721635027717084,0.28578216930248046,0.15337869345559704,0.7635579917276895,0.34486824933751953
1442,1442,1.377778033726498,0.7450669493446868,1.173683412272891,0.844773713679815,1.500559513905634,1.954202526433868,2.0643547973929275,1.0286155849150982,0.9506319060629163,0.6164222137542228,1.195638770049407,1.379508580462756,1.3817473066360404,1.6866468372769432,0.23830939836853274,0.9097011537496121,0.7523163467338949,1.0692099631240926
1443,1443,2.079523237684062,1.3858952735879861,0.43944183055793784,2.383151106042478,1.7684030497933432,1.1356183363054466,0.9726699776368138,2.4498457611836244,1.7389540970957387,1.2579749343266908,2.0740022014959028,0.9619150122815248,1.642746043388125,0.7643920690780373,1.6400621493083898,1.4023032580751393,1.110624768288866,3.141590110707735
1444,1444,1.5609580864059325,1.5642952652358517,1.1430048688971046,1.7284510806985736,1.3326041734710579,1.4067488496647016,2.875975590534414,1.5827513603193404,0.8847709601835262,1.7278679342863705,1.7949895062924799,1.4855150496202232,2.190083706984048,2.6109967155754306,3.0690508810084283,1.2413132960541002,0.9378657122587725,2.4075474229154827
1445,1445,1.1329678052929462,0.12718267856935042,0.1729578409421609,1.2114430131772205,0.6050818461825368,0.2772595777689688,1.0860602384853748,0.7234523572319497,1.198759816217185,0.8269226099913666,0.5861520167005745,0.18564185761596982,1.1017508669012028,0.7737097386429518,0.8154280721883012,0.8724713819995558,0.3771365571249733,1.0216575965044474
1446,1446,1.5139443002360902,0.2265812242653699,0.4760945542820253,0.7257091217136797,0.6468768402981094,1.0665226498381077,1.5316469694372694,2.736263260788686,1.0409955156269883,1.86748142568398,1.3752738220251355,1.3522849999179742,0.8218648596186752,1.066407014855846,0.7520255604420178,0.4019028265414985,0.5311846165413049,2.1993989292410183
1447,1447,4.05477024372089,2.4208273368511115,3.9698408784282715,4.375587081630628,4.401686641735125,4.851274402610197,3.748313138995964,2.240494203386006,1.8771428212235182,6.324739068760059,3.5454109136503753,3.478085540265766,1.5247852480804565,4.19172365316997,3.6457075513232025,1.870266943654818,5.742071861376727,3.7091614331648937
1448,1448,1.7421946516671443,1.436649767861577,1.0459382679488536,1.944306358235008,1.1112807413636774,2.380964164466684,1.821341584986772,2.5686269874556302,1.7086136733599793,2.4951067483759366,4.1053421466537845,1.4207852419186033,1.2766725008421673,2.5692769137039124,1.3144097808344033,1.2826622143703823,1.1787601085381934,2.7336512415671637
1450,1450,0.07503332803024401,0.2275940115148391,-0.2501794226382088,-0.0053261813552942724,0.44291208254030545,0.008489805426667977,-0.1752954673298471,-0.36261537968600693,0.9066961509730619,0.7599543647036282,0.742893029360189,0.22992128601303366,0.7377215302274968,0.33388625092227775,1.0984071805573126,0.265840020273129,-0.6557408429597901,0.1019688411063769
1453,1453,0.05820564825542198,0.4799410100668004,0.33673583453804556,0.532363931118171,0.11860117877710977,0.5765552458175334,0.6728930041448844,0.4109651313601401,-0.3120957904719158,-0.3338784434250167,-0.04640152606806142,0.8345473162057007,0.4865175267018233,-0.04605792887491324,0.28388912564403457,-0.45733411070361385,0.21527678227370972,-0.33603624296025836
1454,1454,1.1295677751925026,0.9339445542268184,2.0017550560303823,2.4228741080098093,1.0117975077563082,2.3945162897950496,1.2935288144830897,0.780177438051523,1.2309633745815085,1.8092302295487042,1.1597645348823948,1.47841912628474,1.3603230815767868,0.7355661523836502,1.555458304131604,1.2374118716813354,2.372626731721748,1.1031407608210104
1455,1455,0.4523076761700588,0.7276594327303506,0.35708851843666667,0.03554242953449597,0.2944620164205912,0.8224658728457264,0.06437259527623183,0.8960283700204248,0.3996825038060445,0.5106358249232318,0.459108443984588,0.2584050347716055,0.6797649602562579,0.09821262189607104,0.16354490592399262,-0.1307918437584418,0.22682515176066814,0.26199248800113517
1456,1456,0.7587762711665027,1.1036892932228541,0.09153278636536115,0.566197487419728,0.38244557457858047,0.5605214477296,1.2911266228124025,0.012832153277605418,0.009020208739576535,0.1481567452501209,-0.07408607517501509,0.2860427357703021,0.6262471932737993,0.033640613349009696,-0.1571082711741924,0.3442574428805667,1.2624834727286611,0.4957197562620645
1457,1457,0.0672338868729055,1.1875582128345759,0.282898253963637,0.23602350604795538,0.42845988998859086,0.34196223022720296,-0.31378599895580417,-0.29473728963209755,0.7666678600633736,0.002220838629493377,0.43737391129305886,0.1659833904289849,1.5555207712100996,0.44720371245146834,1.3844694870070922,0.19012003882231981,-0.46004965715288726,-0.25917964842318914
1458,1458,0.7258743514131278,1.3536375955284323,2.1653170707968385,1.3594499409985197,1.5681199793753726,1.4690854114028855,1.6589038405342076,0.43611503497922977,1.3751944738818063,1.4077636444472916,1.3843964335472294,0.3437670546392929,1.257842908640645,0.9156989233015272,1.314914846488262,0.3313873455487874,1.296896966183198,1.2327429633950255
1461,1461,0.5018721562015727,2.2055960569040702,1.3483518303081259,-0.020780158423949625,0.3974041281599277,0.27779080127649036,0.7532214234782981,-0.021923658894689623,0.5656055036572505,0.6974187730874448,0.8562652420760776,1.26476846531054,1.4004980908275897,0.3524434557953045,1.0864151018285741,0.7675179789552344,-0.044347236280506706,0.8293333106120461
1462,1462,0.8070131573665289,1.5326937095312243,2.8458387018625153,1.238090634721738,1.1693887988600684,1.483846447604628,0.9462073080176252,0.01570062715393056,3.4388284796543345,1.156586943635837,1.0466356610529137,0.4908104652648296,1.5732542548514827,1.2686175655850551,2.307187842413681,1.7489131122538475,1.076892104100284,1.6518647585982416
1463,1463,-0.36599956422550656,1.580756936593282,1.1652453901078674,0.41298063628525,1.0683458729386544,0.013026727061732546,-0.21877481525583692,-0.6788826234751483,1.4008335296007766,0.6399155526034441,0.8575793398966145,0.4757559840416632,1.83732519666553,0.7330472563997136,1.7333277600368586,1.1357307725065582,0.7964291328537907,0.579824906052322
1464,1464,2.580915253627733,3.5052603970402685,2.249243225838246,1.4839742522789856,1.4350908310854038,2.049508206620274,3.583440290239277,0.5662299233735406,1.327175519017426,3.105274018979469,3.836964908431524,2.9989582406717106,1.7332016946940756,1.6719984151860414,2.135558440554168,1.0994915780466206,1.682227530469087,3.4178068089318088
1465,1465,0.6389673422648384,0.8468721936442961,-0.049593169484331116,-0.6959626547787396,-0.21159727719666716,0.30714873849058405,0.4099851524873782,-0.6968292040203139,-0.09821812656849287,-0.6143231476813761,0.2644161359715513,-0.09115603480983321,0.6029016064890833,0.5743142031794234,-0.031352238141174466,0.10736813412429225,-0.5695966177403516,0.6337175186613913
1466,1466,0.2966247123188687,0.9137998503076015,0.35791125895818066,0.09981291030018485,-0.4762434697604408,0.8799999118677784,0.8451816535144255,-0.12808887373532737,0.6423900827522696,0.5103675069326143,1.0340702593731488,1.1813982615403802,0.7626986479226914,0.7527536020938201,1.1515316357284138,0.37098443846536344,-0.009921800237203349,1.7256307364238308
1467,1467,-0.10982582961991118,0.9797519092579637,-0.08671156042955025,-0.6919403081850427,-0.29594811608211957,0.22735150277231683,0.5563728793922517,-0.35125575111173946,0.02663945338904201,-0.025030244774097238,0.0598816879080826,-0.005661513940616648,0.69526684871329,0.34912212332675696,0.4335392540777819,0.1296591787641958,-0.23637638076019152,0.24889386757440618
1470,1470,3.4801049855775332,0.10774104226016074,-0.406298845697732,-0.3822285131022709,0.3672894399053974,0.691731048472699,0.44504038375847926,-0.6940128832848297,-0.33592598942403595,-0.21957920122987737,0.370439175904485,0.5722859361496003,0.4876445943351805,0.7522451901488953,0.410939852252809,0.7804231176425057,-0.2731238777418956,1.063179130450547
1471,1471,0.7588714839812708,-0.3259273306870592,-0.5803137311758461,-0.8703932589633576,-0.5843208105203542,-0.6145375319169747,0.810841277694944,1.776073252282049,-0.3812303880725355,-0.09404941937981856,-0.5852620466694113,-0.05084685915685055,-0.11577645609404352,-0.09517402426073275,-0.9141602431972806,-0.5477465755433137,-0.5259648518982684,-0.38523387883538274
1473,1473,0.7661421674917587,-0.5771798333250971,-0.4022189627039609,0.2434952650733552,-0.7621479159958605,0.2582128477939852,2.5327199460871017,0.4175934488167188,-0.6811841533472838,0.7273753247449566,0.5890405547122115,-0.08641031776145496,0.33349118326898997,0.24281526185018276,-0.9750769929353285,-0.18851829427006975,-1.3828035814407993,1.0095382286098893
1475,1475,1.3894214289932802,0.08660565572188988,0.3611550822154683,2.4515425554738117,0.3673657347017643,2.1314140518836866,1.4221263677403897,0.5582163436096683,0.050775153276694344,1.464090647026457,-0.04120297549752162,0.4548749329892214,0.6811843456456882,0.9035612378489242,0.16102094405235295,0.5404380927017107,1.1894080664070514,0.44479705258509056
1476,1476,2.714048584647199,-0.5345576687744268,-0.3888103545489494,2.4955251220239525,0.7831953504259063,1.9730569120528223,2.905643960958929,2.339703688047747,1.1291508818132405,2.159962532645787,1.4412192863225894,2.6709783969680596,1.5118246913563602,0.9489639378806398,0.43608568452548174,0.933396608754273,2.2882297972811068,2.7829680595520054
1477,1477,-0.21056421028935124,0.6876370605304338,0.48625177283890786,-0.24722529951702876,-0.8404102747351053,0.8450500309965793,0.7374868819445074,0.05037853289169515,-0.8102740501333382,0.5870482589668577,0.17646966098768369,-0.5110441643760819,0.7118529183264268,0.018469653250954243,-0.5240132550903996,-0.321335443192098,-0.8793470228381979,0.1323051170014315
1480,1480,1.8567551417641892,1.2092183562378696,2.3759555962939203,2.721986135780802,1.4048817024607045,2.609557895433352,3.6039106289719376,1.8155495000170716,0.8133385794460698,2.9896197248711105,3.3709503749153984,2.9176723080951805,1.3276971050743578,2.9436320288159243,2.411310041052817,0.6073556182849562,3.2204935039901668,3.2273096312852356
1481,1481,0.04839046157553221,-0.042776668451476624,-0.747544257461121,-0.6237150616791172,0.2801948206829288,0.005570539243993038,-0.1181297984072146,0.012174825868566847,0.0864541878208737,-0.3256421733775279,0.4404282750898246,0.8395965067174481,0.2246719894045809,0.404038266090298,0.5493932611962518,-0.47623949265851057,-0.21678526920414168,0.17272454472437812
1483,1483,0.07035112798728431,0.7885728650589191,0.43419394432393005,0.4330194652647678,1.4282866710176227,0.8832632089999763,0.38470599074718326,1.2135772105134117,0.3912488835443547,0.33531347875661327,0.03376701450142841,0.2023122928799379,0.8337615773500124,0.7174695458885413,0.16282638502628136,1.3664720710147478,0.11091970747479711,0.6761506874355926
1484,1484,0.8417605459557136,0.5836260725782694,0.4853363847004873,0.2772028934237319,0.4972165289149601,0.9886341234069951,1.2358356813777396,0.4866155745248454,0.7836156259863305,0.7337699594107174,0.5938428052200864,0.3850353415227733,1.21581752916691,0.6489335591411879,0.568274974965064,0.44662327960204146,-0.34494856555745906,1.323093716933767
1486,1486,3.4445281194697994,2.235004944165281,1.183838125761881,1.6873445585832756,1.3828011698043097,1.4904737830248203,1.6933842938936643,3.1412453271173173,1.936218496553203,0.7586209814516025,1.9298713080139858,2.477482364290163,2.782635216677617,1.5644828318140225,2.156367546668172,2.3041201521526147,1.3375987474524433,1.8983884631285664
1487,1487,2.2083388265438058,2.4816029930319203,2.273795276456785,0.7285612827906542,1.1975802066441954,1.59537348309828,1.500129953742444,0.8065759849311002,2.1951577595635468,0.46492375772838485,2.622970212949651,0.15260486729921746,2.515317565258845,2.3851469862694157,2.351480393980281,2.17011580397244,0.6161898434671031,1.3691918109047514
1488,1488,1.2806984729259014,3.0324620854683704,2.2501999584060535,1.1401119448714816,1.8193439778895004,0.5780356758957433,1.1707027493285473,1.7449817119329312,3.60639269259829,1.4679970462417058,2.521440696819459,1.2512326639964175,2.6899433514493367,1.5803666541583203,1.5631391249267161,3.1329600485847746,1.1595107847826456,2.0862075386473045
1489,1489,0.19631387764324792,-0.4312540786545233,0.09021375792130709,-0.2244450852821934,-0.16765832112746615,-0.7086595124142362,0.2416114705170631,-0.2803452711520555,-0.3394877451413388,-0.24759966585803386,-0.076034084246687,-0.21505271262255046,0.24508198276333015,0.3573370648787829,-0.5184664646286459,0.6066752064213706,-0.192802600293153,-0.07775282198710909
1490,1490,-0.766000346106609,-0.23719484827784904,-1.2090502049759715,-0.8415573645683081,-1.4054716577004047,-1.4869754126022277,-1.1020190277729165,-0.8167465778533407,-0.7694306042758693,-1.038920484512241,-0.34307861739940176,-1.1351180991627237,0.14693505915083926,-1.0041547373291861,-1.0677463302709858,-0.31754154895246023,-0.8568998379888808,-0.9223361038688453
1491,1491,0.2833748153729887,0.34931350866099403,-0.5525759845330342,0.4732757251009051,1.3106503320357268,-1.5768912980586256,-0.4201310022272114,-0.8410925771159692,0.36416411056030357,-0.8910576107438165,-0.34050257778626836,-0.2985520817619416,0.8186918673264172,-0.3445083462886788,-0.9277593962934894,0.9374590867632524,0.6173777275913285,-0.22740841386779923
1492,1492,-0.45434796108077247,0.09286998956654118,-1.269908418896907,-0.2940811210513293,-1.362494945457762,-0.765637346569109,-0.9939643769989904,-0.17603163389036927,-0.6409360454780958,-0.49893444851755775,-0.4142067511746067,-1.0662236455378338,0.5427970024885784,-1.2503559268847484,-0.7035724862749304,-0.36733062191958643,-0.5289907244971651,-0.7721803824256829
1493,1493,-0.3196512405232469,0.7612005350699191,-0.4131905592585359,-0.03054632034568085,-0.570477160897808,0.09665386604627904,0.10636408967955789,-0.11205543985534643,-0.007078964938897082,-0.4300094043224062,0.12086270271492412,-1.1436441770469201,0.661281605736866,-0.024801971196864298,-0.5782633937223414,0.5507938381116011,-0.2212665334100058,-0.471620204902991
1494,1494,-0.03764946061830542,0.6278832251782607,0.18813683627656544,0.6696307324994767,0.592544461522124,-0.005004363563563639,0.37870295843568846,-1.1867224858667054,0.5362249933611675,-0.19275813952219414,0.17371424610523659,0.02611373206997507,0.6764204892845812,0.1656096029942532,-0.2351893025010735,0.3818245175997544,-0.10554668510808214,0.29858558579158995
1495,1495,0.37876863533983407,1.0673449968447484,0.3605785437391502,0.5464593271267731,-0.5623599688363956,0.830048642189174,0.11279875565808951,-0.8650444876115544,0.1517527656753443,-0.21071159987279028,0.6935168857863253,-0.113128528622438,1.0147175235135342,-0.11317292350200275,-0.07681368353196852,1.034698908855016,0.3982995943481568,0.0021732791809563044
1496,1496,0.033846389914483986,1.6193789764862334,0.7407383105219236,0.837779502504004,0.7805826857997902,0.06902024514739251,0.06654726927482711,-0.9933525892650562,0.1907609600555094,-0.2510599950944817,0.6287422024348825,-0.4943772006026649,1.4494319842790373,1.2378709735907,0.6040209195119296,0.843583124004238,1.0911680153831935,0.2380381310551562
1497,1497,-0.28664999308410694,-0.012487611342037842,-0.31241246529737,-0.2907486512977059,-0.9689842771299384,-0.48686977203162285,-0.47282042656514034,-0.11841355800082752,-0.7725477296633086,-0.38833080596949376,-0.8270224034028357,-0.887773843928002,0.3468006934640278,-0.7880114317724547,-0.8370522457204522,-0.6264580247840911,-1.056642631564625,-0.5918704905283656
1498,1498,-0.5608170194946107,-0.28594648469322437,-1.0411976190994976,-0.42620327349298776,-0.6788637966446099,-0.23785213530244603,-0.1582184197758866,-0.37607812341938207,-0.2163481370527107,-0.6371957887641028,-0.6977337595407656,-1.4094911736774713,0.12064681674503253,-0.7605186233666588,-1.1067886690863606,-0.10527165130575009,-1.3342844682010522,-0.6680349314747936
1499,1499,-0.6438844588037743,-0.5433999476715747,-1.005978916500821,-0.8007125968485506,-0.5226301785461379,-0.7151514483530453,-0.10723834570206865,-0.12714835235152774,-1.0544571122193656,-0.5008998973683401,-0.6785518462961555,-1.4144742799511922,-0.16053524849148285,-0.48597340648521387,-0.6179012509234569,-0.05091422504585561,-0.8750001217284328,-0.4504303750701949
1502,1502,0.5938742948459832,0.6280617158675921,1.046829746506138,-0.19760043373120922,-0.1899291868833967,0.0637805084119558,0.06634052765750549,0.5122644683671659,0.3992770246053703,0.8474812270008087,0.01744533572254731,-0.579628650247739,0.5848315830824333,-0.2894032570172091,-0.17365806420726868,0.5582398115629288,0.4721129747344418,0.3968688316525964
1503,1503,0.6879392848310829,1.8202574562303917,0.7190217041515778,0.640547771052413,0.7009645962383004,0.7826220930408095,0.8749287020890333,0.44160067950799103,1.2912858440367732,1.1903252436662854,0.5722559215356031,1.2651993748367727,1.2242477332202761,0.7212278842594504,1.6392624737171995,1.4322542460156895,0.9120729435590746,0.76838494786428
1507,1507,0.10783855398028439,0.4318274190782205,-0.2639929015936912,-0.4611189943538323,-0.9199797842229843,-1.3165695848589611,-0.5122345782280049,-0.5618915463616577,-1.028252261752927,-0.45900065091271974,-0.6090665709092259,-0.7568379258137247,0.2024546087350376,-0.2136042277951159,-0.5552290353483874,-0.0890558373073707,-1.208846948197558,-0.2041089268019018
1508,1508,-0.2212359997400514,0.20152327662427402,-0.2817559027766414,-0.8093805890474669,-0.7560645411361374,-0.9821611744011651,-0.6841597888393196,-0.42384850450276346,-0.6601219266061055,-0.46587539290065727,-0.2974916259480803,0.12382906695925727,0.18779219328611624,-0.43956870305788315,0.6955477743351995,-0.11317860561946834,-0.9079444046472631,-0.4102751772459714
1510,1510,0.6883930826055764,0.3359910306668776,0.8168300459884534,-0.6784690766355637,-0.42258443838164034,-0.19223200473117608,-0.24780686467368113,0.17864698959129763,-0.30395000216527673,-0.19517053285808353,0.19698749529639703,-0.31138789085035185,0.5609321682659333,-0.5221116492293725,-0.6882407407491088,0.3943692318734468,-0.8940697640561088,-0.2054553033524517
1511,1511,3.3047079143835254,1.2801451866159754,1.0736861353724831,0.062264108307805315,2.722970605394325,0.5562249651709354,1.6683684736562352,3.3680422040709876,0.5486351217688217,0.9393390065794384,1.293120771825322,2.4241191576552663,1.4548989008208961,1.2751871317405528,0.6237718474572903,1.3636646838430413,0.38854437909932554,2.090572446041867
1512,1512,1.8195111269668458,1.6609353044132031,0.620963678885659,-0.6019034613791076,1.34884574840991,0.5629377118287099,0.015717414299593013,1.4573352901667438,0.9595245956934345,0.5137974789889892,0.12065223237976555,-0.17011584080365397,1.133865543069379,-0.989482099232923,0.24511230716047566,0.9175490699161062,0.3979354374767647,1.0737438599533369
1513,1513,0.7808123857360852,0.6872410352209948,-0.02008995219707664,-0.7654094178650577,-0.7483967238272655,-0.23499425379615724,-0.14018243049482967,-0.0064909003192288916,0.8304056964635806,-0.7157105124352303,1.0458365302409331,-0.5539776089208134,0.5119859471748758,0.29190212708416824,-0.09998652128293858,0.4153461313628296,-1.042019766068221,-0.1624040316847111
1515,1515,0.24280110208400665,1.795870865380979,0.8039903015158899,-0.9236236584788994,0.7342035337246265,0.46911307843497857,0.8742218137288553,-0.05727237792546982,0.4539607200786341,0.5575264930297579,0.33527615215224793,1.255385791032834,0.7285402458664343,1.0506739299380237,-0.5995956631357505,0.31357119467121347,-0.2285667026626284,1.0624694390540963
1516,1516,0.7588865979905505,1.8663691100485413,0.12648255130832475,-0.684261697631187,1.2211711747447112,0.553026894058493,1.4228508158954796,1.15779355481951,0.10498714867851403,0.5486272426381754,0.5670327158397316,1.189133529953618,0.8049114122852405,0.3167939018205214,-0.1821728329147358,1.001181418782059,-0.18116598696925695,1.1267996668757996
1517,1517,-0.2795216072255484,1.0693887264575315,1.2322161594900876,-0.36474364601837583,-0.3670848114614017,0.33142943658972535,-0.37537834332455955,0.48784418223836623,-0.5279859060762798,-0.5123028609976533,0.7713114850837569,-0.7536178468016372,0.8638037460394351,-0.19936359284455363,1.4510348131177566,0.7601902400820697,-0.1167937808331571,0.14805060189375416
1518,1518,-0.29061828670454165,0.5822220970647883,2.690441615584801,-0.7282372142977652,-0.8848310258513276,-0.760453760992649,-0.41126397482521915,-0.16207079572207433,0.12349980736050037,-0.27725183958729804,0.7195838513771085,0.4018665858974051,0.7649307253331167,0.1526814749188416,-0.4072598456749831,0.12151634252307963,0.6962356488482386,0.4001199161855971
1520,1520,-0.02796423507578204,1.6133894403353461,2.0451953883382394,-0.9112423836886745,-0.6667740572141858,-0.6243633138533408,-0.3234565505193188,-0.14596558353748507,0.3850489341452804,-0.2384631106038416,0.5173561608863424,-0.6219291206862689,0.982748192327391,0.2794414078664785,0.3920460898917033,-0.28391666204253563,-0.8067192316513412,0.1146791286519236
1521,1521,0.4865354038405118,-0.4718546642679889,-0.381511070742441,-0.6416480402498945,-1.0460619412697612,-0.7787041925722853,-0.6210914100280925,0.04712225263270127,-0.6890053962909873,-0.33174976730509403,-0.02252891950057245,-1.1580233809493032,0.04948341318323904,0.030742230172975487,-0.4776172677996849,-0.1658786919126669,-0.6091458583712016,-0.05390768783333878
1522,1522,1.1743453647915485,0.08567226912823728,0.04970769982644508,0.3235792201135768,-0.35995260206008367,0.2727958032640153,0.06465379538944721,0.4200740627273126,-0.22184264697184053,0.5533538856508282,0.8130128881147626,0.3044763739615165,0.36752109544994677,-0.2632783676273593,-0.2764320396577456,0.31351151586597453,0.01574247602309441,1.1402178943394934
1523,1523,1.5844107347855925,0.12481815409159192,-0.16292808233549283,0.2380515989967633,0.201261030621695,-0.24444475324067072,0.157006794648588,2.2467232573149563,0.09624957926405747,0.8967789629289417,0.726436016984917,0.7102798773845737,0.2757354203477747,-0.3325039904443451,-0.031413807424575106,0.13758473633967064,-0.16762266453368957,0.3631890875867965
1525,1525,0.8811953324803029,0.5279857275893529,1.0216909459562726,0.7864997685513113,0.6854467520923354,2.2982572380804966,1.5705549418909823,0.2071727687037937,0.6584300746987937,0.37896716460631374,-0.33590036270516355,2.5125434608224557,0.3744407379395824,0.3151946345554094,0.795735908177689,0.9842104414684766,-0.12816418505729057,0.6108045046886554
1526,1526,3.670797023877,2.0033545221317137,0.8285045412631151,2.951142677531378,1.8059261458655516,1.729810540759766,1.3818228792944498,3.725867894691035,1.419118040733772,2.008595118850279,1.9554845036556954,2.490364472635029,1.669257907774819,2.072024995766262,2.2017165923713558,3.1125758242965067,1.2548566283354072,2.7600482445380887
1527,1527,3.209927022239811,1.5036537867545074,0.8562938320004874,1.495521036243965,0.8416425595287012,0.16844733431731876,1.285162793114122,0.4540204664078034,1.0122261098964214,1.3590423056888257,1.9258312584711625,1.6275312765800467,1.1665127055439646,0.8373889701890997,0.8076988437191994,1.910390215529907,1.815296950720115,0.8679011671768739
1530,1530,1.6578211606188349,0.6366605770966028,0.8291765998501383,0.5221380687326639,0.3376442765432086,1.4987037438113908,0.24574124015602702,1.8294310832551772,0.928946773482999,0.6419724958517012,0.8807844714927162,-0.6900585984441314,0.7648069835881375,1.5752588760776165,0.25012159103797826,0.7015257505901354,0.46634061062979726,1.5996632060582043
1531,1531,0.9551526664666602,-0.902274521671137,-1.1494905081367384,0.34361691460728466,-1.045134820857415,0.02061506846192317,1.7726986514564396,-0.4087074581326218,0.05115204662605475,-0.06281510455545565,-0.12296029483784016,0.045640335096623984,0.17578451319434335,-0.15351206422155797,-0.3458846803343006,0.518229037507478,-0.8013311246078934,0.04738908436232119
1532,1532,0.27675690748684634,-0.15561117477041403,-1.0664648714202387,-0.46518639201623146,-0.6035217873955865,-0.02564997809425102,0.08440326120450695,-0.1356018968165124,-0.47853846579455617,-0.04952833168702881,-0.15282740475986156,-0.23030807310084422,-0.02681431565987161,-0.10561223997851026,-0.22953840354560914,-0.07229354962808468,-0.7882851357656425,-0.304721410517413
1533,1533,0.029138192673925985,-0.7051673918262177,-0.8993901373082192,-0.4634883871495658,-0.3188523678247384,0.31500179749076473,0.26240771934892476,0.11701729851772762,-0.2990094904167372,-0.5575092020830518,-0.4020873854140439,-0.10943725121140722,-0.12558941362431114,-0.5318569400491939,-0.41371625977028886,-0.04877074375513171,-0.8181747830168943,-0.35188318285648307
1534,1534,1.9496977981225263,-0.2114193098734512,-1.0716587603083318,-0.7149947861550315,-0.06154715357849102,0.013016984325588937,0.39086840190891725,-0.05522452509998951,-0.8795522085154228,0.010657689002937898,-0.2947383885712002,-0.10981098217318891,-0.0607088935154145,-0.4749769201659023,0.269950755910952,0.6480942214025046,-0.44616009396990036,0.35671146847185997
1535,1535,0.9374192056553087,-0.6293852088355852,-0.16084445728214497,0.006120918579648623,-0.30527057887563325,0.7499261277031465,1.021083232948287,-0.07996885287363992,-0.35048557854975465,-0.32013899639347315,-0.010019942121582788,-0.8559685142149,-0.2178275701861003,1.1294211965894891,-0.1734691062827474,0.37475605334535583,0.954089500416903,-0.30605446932193536
1536,1536,1.2420522724319307,-0.2927609486952243,-0.8329998871240236,0.2190711380389518,0.5705468495469462,0.8766484985774283,0.5052737731099062,0.11771467044471715,-0.7071696589183375,-0.10193985697816277,-0.20670843418500404,0.08697548200926954,0.16601905315055937,-0.2974922377551325,0.4118585854187529,0.7603116160008667,-0.017954540283332366,-0.09062250628403737
1537,1537,1.1416646396248091,-0.41945354454626227,-0.4557076531451819,-0.11242504970569368,-0.2705950598086176,-0.013910162845781423,0.9029158400134975,-0.46808417156719434,0.0003447627690673446,-0.5928595569175258,-0.18121872967040475,-0.09532511236631416,0.05480656272385332,0.06294713969660659,-0.535355214272484,1.0058696443553712,0.22436386327367264,-0.2091061723307495
1538,1538,1.1406366022495642,0.2297973478142978,-0.6788170093950348,-0.07105748529928611,0.21602894734047404,0.5887483978021177,0.07310347733735172,0.5367888342071896,-0.7597519956518595,-0.08535652068485598,0.06205698375180534,-0.05106831758868156,0.5188970406070802,-0.14046520418789643,-0.1897258947434808,0.6607681955542363,0.24341641481775897,-0.12841246090001077
1540,1540,-0.2761225354792706,-0.35918844192416194,-1.0453242019055342,-1.0136623170900145,-0.5861787980094725,0.11732069903909585,0.6612606847062739,2.258490532131143,-0.29524107703904284,-0.8300453049203892,-0.2672086817026034,-0.37825911610391183,-0.006121758752662218,-0.8600212955054845,-0.38211571296326535,-0.3361360011310873,-0.31933556387743584,-0.504209426773904
1541,1541,1.3730242909948778,-0.27927632840313693,-0.9496767326886006,-0.8300342059498054,0.023607173515285452,0.006629192384287028,1.0361761578965676,1.2626105461249408,-0.16154384368099192,-0.4247309757410331,-0.5269137010796113,-0.22619603313183653,-0.11525417492450016,-0.2942390167370058,-0.6518346612212745,-0.4691710944942929,0.010264481014014068,-0.09081362791384423
1542,1542,-0.8233988493183977,-0.737402463042126,-1.239384622644457,-0.9191914085775746,-0.20338288721973788,-0.2384227218826841,0.09831030054442484,-0.6601567502831267,-0.6809068627668443,-0.5694298187528865,-0.3521578449011518,0.612101588256659,-0.4599378372527479,-0.6462655097228456,-0.5876322909225837,-0.4522881867261698,-0.6493184398870585,0.22533569072736956
1543,1543,-0.2166920491376925,-0.761512092381851,-1.0234926719446062,-1.2657261580982346,-0.5691220537411162,-1.026828114205161,0.24633056763632846,1.0687560886221656,-0.6904922759225781,-0.7327434214796024,-1.0889837033398626,-0.9196115022685967,-0.5073936300184185,-0.02705269754655368,-1.1784686780150049,-0.759913565140488,-0.7305749472026357,-0.26158559809903587
1544,1544,0.8176603105272022,-0.7907463921459437,-1.017840757216591,-0.8054376980135736,0.03398527063593563,-0.030996967493849892,0.34951430530416766,-0.43014510128726313,-1.1893171765469814,-0.3291939517715962,-0.62959317647401,-0.7698460069917142,-0.3051053103623841,-0.6383309153221167,-1.031455950943409,-0.2661374244306772,-0.008674128144382993,-0.056748397532110834
1545,1545,-0.6169078387711434,-0.9299243225819982,-1.0097745875411055,-1.1316601488945,-0.8810688243805727,0.04731598093145808,0.47384047148091496,1.627178245761027,-0.6066255492882319,-0.3817108436153138,-0.8387237955389112,-0.928765738571953,-0.3912682588759672,-0.2534035113956131,-0.5595231765364586,-0.24471542514306344,-0.7521430324777584,-0.51001040208474
1546,1546,0.12163815505429826,-0.9370779754770662,-1.57071874716582,-1.5831028418225517,-1.3626580823006698,-0.5108456960713108,0.6298778475995623,0.26139252378033484,-1.3590167724144275,-0.6265484214638782,-0.7905927520647091,-1.1706916617768688,-0.4455455275353398,-0.5265213441087285,-0.9245180847280747,-0.7702035437964563,-1.077689815565024,-0.2105666904609811
1547,1547,-0.3633391530216012,-0.7008644533607208,-1.259546083860521,-1.3647882861224645,-1.7817764107808758,-0.5802884635845473,0.42485272729143736,-0.155320643683295,-1.2829575738583519,-0.4553332909559481,-0.6819062077505995,-1.5190119092668484,-0.4945909933506151,-1.0807260577498863,-1.2359663639426697,-0.5236968654371255,-0.9436867118868538,-0.42969757851009804
1548,1548,-0.09054808752680311,-0.6324156328837871,-1.256349880558282,-1.2629180109331144,-0.9667037550659363,-0.5863535770933155,1.0884940638564564,-0.47606057565608734,-0.9998941075003809,-0.770269010551222,-0.7734113191335013,-1.1504379049260784,-0.3722211086984303,-0.18589514048379654,-1.1855456367766188,-0.8907016863186463,-1.1330504028180604,-0.15127539961395572
1549,1549,0.41715323227144413,-0.6884371212145707,-1.4225602669527269,-0.9691903657978702,-0.7032964115778408,0.3552413843321564,1.2033208897652186,-0.28317256690080495,-0.22588256605846313,-0.5315625987513349,-0.7746017825818446,-1.0897810351822164,-0.23125158055634262,0.34269023830771705,-1.851692561695792,-0.36702492981138746,-0.4028618984123105,-0.0723856638835864
1550,1550,-0.33223498104832144,-0.3863090566119532,-0.9667824458702688,-0.601796089500938,-0.48103692757167243,-0.09214777083712195,-0.08866495449981318,-1.1757643146747025,-0.9319512448355786,-0.6946470042669741,-0.30755532444123973,-0.47056466258272656,-0.25927193559314854,-0.5772240479815858,-0.5581191954067781,-0.7643697876206997,-1.5017781861579973,-0.3846079226309563
1551,1551,0.17126509450344102,-0.2149622666960095,-0.6820934703471635,-0.6779548928436182,0.05824085847424838,-0.5349210407513767,-0.23732048717114937,-0.3280769931795692,-0.1196477040039082,-0.11323388306853802,0.2021761723639647,0.26524319287782383,0.10306065935823996,0.17395143733420887,-0.3835702259952087,0.22714247944725163,-0.04205541020254691,-0.20558300428070864
1552,1552,-0.599300038712621,0.7727688234316834,-0.6621237726420731,-0.5789152474587548,-1.118826748653639,-0.7254390570917151,-0.2923051111149024,-0.3861627646372352,-0.6599158304719001,-0.3364067505248314,-0.1125290289384506,-0.46209240068382335,-0.7084382111573075,-0.4068770478338885,-0.7338398177601753,-0.4603182492958201,-0.35701799335676176,-0.4567825177922791
1553,1553,-0.6083357031162859,-1.520019949497484,-0.8668170544853715,-0.7197241052181395,-1.1007111392411453,-0.058059646919852055,-0.790244985781304,-0.9546148040561612,-1.1662066507223037,-0.015420612978272637,-0.027361904389312356,-0.48190869377298695,-0.7028626906121984,-0.5584666721991348,-0.7901209837094096,-0.8164180745787998,-0.45804562432386525,-0.18341884120921637
1554,1554,-0.613330663409478,-0.9576603768076712,-0.6438595152261499,-0.5577635582670216,-0.985023656663461,-0.2377338656270849,-0.7096556369516576,-1.1502997879603367,-1.1879209346253528,-0.2748483113587321,0.167435371956099,-0.579059841297911,-0.8639051685154122,-0.44450317497732755,-0.6921258346883834,-0.882444422245842,-0.4633403019490539,-0.5677497389279318
1555,1555,-0.18183122712490835,-0.2119608162752176,-0.5091468700380715,-0.16573042843632999,-0.27512177855839454,0.9577276505115452,-0.007067488282712629,0.0132448831859648,0.23844855317997624,0.4697789464701027,0.32130898653014917,-0.4240791774322326,-0.41440684710314374,-0.30521968003,-0.6404306903458616,-0.5965687912055292,-0.37275980649378215,-0.011681617372697626
1556,1556,-0.4633570418627001,-1.2500145761707953,-0.745125279485592,-0.5338693327784063,-0.8716549460484414,-0.2632170921572546,-0.30995402661779725,-0.3579024556134986,-0.9437323108578936,0.034834171598675086,0.3041854580975464,-0.522166554162442,-0.7673597193947053,-0.4294386359263388,-0.6345331832507332,-0.10275109896420509,-0.4846951180097588,-0.12082051771946008
1557,1557,-1.0985887916439243,1.9739329554814533,0.22642167039864708,-0.1763710709000492,-0.8281939509856541,-0.3563758425876475,0.4894430704395073,-0.23556137006456282,-0.5925742022494833,-0.6597455690316394,-0.8833986014067302,0.32823067474295875,0.09917154892271068,-0.462620881282527,-0.7889065770676705,-0.4114617925467642,-0.19535414380475336,-0.5319382768115496
1558,1558,1.4647617572043317,-0.3862817750618223,-0.3323768776585881,-0.042392374888511886,0.05520600909834626,-0.6532587239091096,0.9868848247092312,0.56203122687841,0.33710988978967393,-0.3509386738065997,0.27804419590609314,-0.08457571568468868,3.184366007224741,0.2827543589302013,0.11313216051031985,0.4584194639868611,0.14585207587775142,-0.08568593653923794
1560,1560,-0.23045234222126051,-1.3119523725913882,-0.8799922806541047,-0.13019161193470477,-0.3871014124811365,-2.0069127363163517,-0.5380068814564422,-0.16242524602274655,-0.4348504346664741,-0.40541960041423325,-0.641794965358009,-0.6051821227064321,-0.7729775657088251,-0.011579108359526856,-0.8669222603791001,-0.357534174557767,-0.04682562613634449,-0.5480922743102626
1562,1562,-0.9298699502359404,-0.940377851854844,-0.5304482652672287,-0.026672961042029052,0.0478643897769986,-0.27638431156365484,-0.0201274446640271,-0.25154394019911913,-0.1610981280996131,-0.5240271320281941,-0.6346233656245772,-0.16806555799595432,-1.8422734454063885,-0.04401147183121305,-0.601627055937307,0.09941547189644677,0.036368399249143736,-0.4195384263527868
1564,1564,0.5437454266503349,1.7721250966570312,1.2949008669452662,0.21257192809155284,1.0402904098193706,0.6643567790632054,-1.3828927086862648,0.14598416906241016,0.051179047340726404,1.2913047926901398,1.080855888792834,0.48312628945374425,0.5545954141096708,0.26521939133029876,1.8567553608040304,0.10758411345560451,0.04337897291397477,0.6494129345465646
1565,1565,-0.1782188495847057,-1.0609870476952712,0.09574720566530456,-0.02886905166284457,-0.7146412109492097,1.7436407563640937,0.06868931983117192,0.00633881845440506,-0.004927278737267442,0.45353299397222696,-0.6990923711032339,-0.09692836007758626,-0.9038360622739459,-0.3304178602984011,-0.016214665448219527,-0.11175143242302815,-0.0333890831002597,0.3478614215944035
1566,1566,0.47504014586303556,-0.03770139153435391,0.16426779948124726,0.3856116946746209,0.8355296298430573,0.9137364646341503,0.4046834842403416,-0.03956490771637889,0.8500910012054912,0.2781654339278799,1.559152693741804,0.23950177268634734,-0.29194887859765917,0.3819563622600122,0.36780367012288057,0.29796028839166666,0.19529358128013524,0.6316377956743313
1567,1567,0.5907996307029609,-0.173326194016004,0.13251680910103686,0.3043011634760885,-0.7928186570662925,0.06487570115532329,-0.7111182083134817,0.6513121405301123,0.01121981811995438,0.09777699808770386,0.1096113800228468,0.08625965686660195,0.3348199608489547,0.2386496781320021,0.21877968607432116,0.41572997615862145,0.5411287668046971,-0.034405128485552
1569,1569,0.19341600947812543,0.8622564073490626,0.06509086683232697,-0.18076015302996526,0.7088053215073845,0.058203397612757904,0.304562276970334,0.04877264202160117,-0.01626538535803863,0.09301322547665766,0.13493643115360732,0.010465399198387789,-0.2620051303200994,0.6301362217042474,0.1445595458905394,0.09567988019659131,0.2288973552257424,0.2772148149656401
1570,1570,-0.44196761111499744,-0.25633464775360204,-0.22778489048849668,-0.3720136693384251,0.413661246262376,0.13434615568674557,-0.07412937551285727,-0.5991134523638478,-0.011661447859275796,-0.1594926835224693,-0.030687477382165134,-0.02749175920497031,-0.08523190456951724,-0.41064507706098624,-0.34226813753420454,-0.2482029543864386,-0.3370409978096461,0.038288433572493355
1571,1571,-0.34245709865319435,-0.4332803064244022,0.029287873228726443,0.24756270998128713,-0.33012180409515074,-0.25884004522681514,0.48045582923046753,-0.10111550722431971,0.006824460985633026,-0.03377841175685234,-0.21629217720931773,-0.0746380593629129,0.011716916593680337,-0.4586353502198267,-0.023682615379284257,-0.2642281640062129,-0.4343127033236334,-0.28209598189988083
1572,1572,0.9742335264720356,0.3085356107690196,-0.038884932426996886,-0.2759631116920185,-0.6687859363880295,-0.9362487955066721,1.6036824715622195,0.6780783199597149,0.2453657383014342,-0.160566668117669,0.9378312795130878,-0.45396854733463937,-0.05772830681135951,-0.3183096473393721,-1.5044908691502419,0.05491952549957979,-0.6437275152274188,-0.05244497557961483
1573,1573,0.27812738683612076,0.10095882180132554,-0.3009213987373597,-0.4160675548789881,-0.033525676516608816,0.6313036505830745,1.5036010588847357,1.0221323282141956,-0.6971130276186664,-0.28238037607415456,0.31361112568344857,0.12399170456560431,-0.06219660596368316,-0.34013417890876557,-0.21650789004485654,-0.5271383420030158,-0.11965775349669741,0.25241489061255346
1574,1574,0.22011178006258933,-0.11693873362102457,0.6328282186103311,0.066189480848299,0.008437746931626147,1.0545574290298594,0.8026796493983246,1.0372655100261479,-0.5614967112101983,-0.2279598813804952,-0.5761430523690044,-0.5961330980794647,-0.09406043942870472,0.17252258128505693,0.049575972308412534,-0.4843500549910714,0.69065825356802,0.2912536475449827
1576,1576,0.2949867070485048,0.28566912699665764,-0.5756721376473942,-0.280637187549177,0.14099343008363083,0.39154855951946327,0.19014428077913917,0.07419139527357488,-0.009086602900882692,0.11661673184743254,0.15648573783551645,0.5142023342231619,-0.43160470954119184,0.4085539973291576,0.5910301243978526,-0.2296506736468001,-0.48152673798673507,0.41449460244951447
1579,1579,0.1220958256208543,-0.5017625875503055,-0.6645481822741524,-0.8553985009481668,0.03794252370094254,0.13380763081829705,-0.14672988197402032,-0.3214938638099627,-1.141392960569813,0.014813566292451431,-0.5035680910377247,-0.915927786606989,-0.43353162689492103,-0.4037485245942354,0.28280091741275304,-0.34908603056165166,-0.5606357522748038,-0.7503978355691948
1580,1580,0.10030974051214488,-1.3374642988862409,0.09005935479781821,-0.6760654973019843,-1.534357131965587,-0.8546478463352138,-0.5233713860471104,0.4251590529525345,-0.5410145804693741,-0.5827018499911769,-1.0104605004857796,-0.19376560358027137,-0.4300387208374135,-0.8057941345026394,-1.189512491328787,-0.37762239714574586,-0.42298499427976344,-1.5871812301302681
1581,1581,-0.2340465190528467,-0.5989084705880737,-0.9273582947206706,-0.8993159873513125,-1.3461461415591864,-0.042611074319037746,-1.055010213763244,-0.5513736298699217,-0.9116330086734835,0.013440488324313138,-0.451929614896371,-0.7152034888742396,-0.4408558362300284,-0.5133097543249454,-0.855534169155075,-0.021939218680038904,-0.20844113154920388,-0.5698462400003621
1583,1583,-0.6494103902315576,-0.9669241762627697,-0.9900795004526498,-1.3899195383505936,-0.516149747633822,-0.9715048185919894,-0.6929042522176625,-0.7729279716574553,-0.8093699286300535,-0.8022526690168023,-0.58440689142636,-1.2768489926371482,-0.1036831774705137,-0.5282871791147837,-1.1837368817074456,-0.5964181156104146,-0.9524800950527909,-0.09197008472824932
1584,1584,-1.142378595440594,-0.6567724483389158,-0.6979571113377446,-1.152845553720593,-1.3656401540768048,-1.2955013826132444,-1.85508459767558,-0.9108923906494858,-0.42592456579140464,-0.6473422123085192,-0.9221998205815584,-1.536591101279566,-0.8018815746106134,-0.9487403733464728,-0.6299931163585365,-0.33962643490564715,-1.3334088217120106,-1.2448654355406306
1585,1585,-0.04207747549072806,0.07353301875796217,-0.3601375337818669,-0.5254124326344899,-0.5302967062296954,0.28540312569934834,-0.371773191102666,-0.699481663908851,-0.1770921026895669,-0.23726375402591351,0.07060139921757597,-0.05331288471300276,0.11483695312659291,0.26852376384259197,0.19937401117740183,-0.18455858648403473,-0.9238007755424259,0.3441753844085746
1586,1586,-0.13904459745730563,-0.25656407426764805,-0.9264019853347735,-0.7128055311219915,-0.18899226012139644,0.28879056350122806,0.8680175669413467,0.4965775409255804,-0.43274304980738754,0.5118958750866589,0.33549979301035854,0.12499115688209723,0.28889000490351757,0.7457328144003025,0.33223698734477747,-0.4241819860522407,-0.255007948228934,0.26653972485335153
1588,1588,0.2602340330946843,-0.49559287094613286,-0.9156702821759216,-0.21036389491610097,-0.7443761189820374,-0.4362427989371113,-0.787231907906575,0.2844494478563013,-0.6301748148226691,-0.10139383133580739,0.07917948737856086,-0.3709646944626235,0.4066142184397274,0.0720519461199224,-0.1652997435089258,0.06808034493268854,-0.0742831088677866,0.15216058842586183
1589,1589,0.9101340269341116,0.1108080471735243,-0.3150860779173833,0.3241479286206871,-0.5989850302116687,0.32651706122643287,0.9522931093950213,1.108319713652381,-0.005470520629031678,0.1221289284887147,0.13924301891745927,-0.11241891834726826,-0.10350995595166636,0.6538435251123488,0.14124481451895743,0.3694282336232329,0.06212602745113381,0.12867448969915232
1590,1590,-0.6232714641288314,1.3538729856882172,0.378211760159877,0.11641465013790751,2.1529397259555463,0.06198855092752528,0.6257409043133476,0.3347028928284183,1.734330950177163,0.03220254143193432,0.10603239129793328,1.5650177584285674,0.02181835866115373,0.0730962542491968,0.7849441066388394,-0.1924496998754715,1.05257686263049,-0.142821280485295
1592,1592,-0.46099894920572226,2.12741168910323,1.4834214511094272,2.1261507206736834,-0.03877362925971332,0.09571095816465434,0.8014523563920749,-1.0482589289715636,2.7647325220048593,-0.3729393137602515,-0.23883110926565193,0.9810362225951276,0.7678703144893329,0.7930942368142259,1.4009079088521996,1.710888912208001,3.2483204246545174,-0.05194301258069059
1593,1593,-0.38496602596355184,-0.393763883126793,-0.12426631810608567,0.6283475636085688,-1.3830991729399407,-1.5156130426927317,-2.039936963371129,0.24175418882439756,-1.0407549909564886,0.421764933648085,-0.05137884396945094,-0.6867490811652716,-0.3198211094740012,-0.10159681149528209,-0.09096977192473603,-0.20254826296160597,0.4136363110577038,-0.7280184771512151
1594,1594,-0.6487486493099266,0.5293526901338449,1.794408132363657,2.5813879334670027,1.6232152796226675,2.2869544500771006,1.336725954284744,-0.032942220801928684,2.4648620022275787,-0.02315747316835123,0.8889587017878463,1.403393879652702,0.7752225435715645,3.1185090297581564,1.525356131553558,-0.13300364451417301,1.5114189779292215,1.3286304987525437
1595,1595,2.6563922732014795,0.05398908416776618,1.788795700636936,0.21953424745322744,1.7003473131349573,0.32135221075884374,1.3978956655478554,1.8699729510584733,1.803316498099946,3.874815564564418,1.6025119116180302,0.21379295710358498,-0.11336310076715472,0.8188646222471377,0.33926378102908117,0.17053999985143753,1.8209649999399389,0.7092106547398723
1596,1596,-0.1015433950925286,0.3552754523463495,-0.033560976841008665,-1.0896870793582305,-0.8190118379026352,-0.38240450547338145,0.4581844592083662,-2.044519979485658,-0.6771264579799586,-0.02692384672416136,-0.49248928572415457,1.0994930111692194,-0.6494968248560515,-0.3818194018253266,-0.06476913489609548,-0.37233800349383295,-0.5301846513195694,-0.7641189319641123
1598,1598,-0.5945343051491683,-0.8656582011459455,-1.1866013842922358,-0.8912158409786873,-0.7163420618227755,-1.3387767316800623,-1.6857948647646468,0.2876191091437635,-0.5040940545341175,-0.7824204526947883,-0.7363464348979616,-1.3392714823326723,-0.8015307021940978,-0.8575213553524431,-1.2344474861689492,-0.5836084633139212,-0.9652792355774252,-0.8229724329387849
1599,1599,1.8366432427934511,1.3916597999676383,0.3847861666994371,-0.11234192892892722,0.32929464969858435,0.2433636355980588,0.7939502263944798,0.6497819929122843,0.27488148893383374,-0.03436068952268353,0.5292198210473524,1.333519459058262,0.6128399781282491,0.06345515148167426,0.7557227326332897,-0.056763577165531466,0.29004304127402664,0.8094142916861721
1600,1600,0.14123438688363513,0.48031262953269377,-0.21761115495394248,0.3610672606881789,2.0895278583948156,0.48577492162405117,0.3570735610625233,-1.1575816796660394,-0.13013896780059683,0.16719230054844172,0.7289850437626448,2.0391808764217325,0.43871396854598577,0.4733161316561852,1.2063641376726204,-0.11235205737133881,-0.17708431281064657,0.406042391628614
1601,1601,0.05859296351443542,0.24135534409405282,1.6449453089252024,1.8968755453323958,1.3358470424304354,0.8970993028185833,0.3310516106443893,-1.0515507260522017,0.1629712058475552,0.2317010933021942,0.42573967353812664,1.2680290253761841,0.78412601523094,0.5275559878061262,0.5254033866361479,0.789933277926344,-0.6288449253105929,0.16673988861763323
1602,1602,-0.20256848027417232,0.23297326163323473,0.6212908602096155,0.9964109781175005,2.389480756877747,0.518436816583941,0.24061983505802495,0.025723130058613486,1.1808953832964226,-0.21039122433915278,0.5311881693334807,0.4978940656700372,-0.005376243897084487,0.12415723702488753,-0.00752706644243323,0.28136176977037963,0.10180596214745337,1.3175344106628613
1603,1603,-0.20677193630976193,0.1954855170661427,0.3089462537122653,1.4366386866176402,0.5084177300321396,1.1381038369812644,-0.222488094651682,-0.5426124265385999,0.5615821059425425,0.036236200194294174,0.4034261907267244,0.07462466141880926,0.10641832033724466,-0.1004190708866983,0.9387893358457232,0.9860165740289938,0.7588570077271395,0.29233948720844716
1604,1604,-0.14110482498504157,0.4688734915473388,1.4731223509777467,2.1316163854322303,0.441034252832389,0.6619828279306955,0.44974435839186677,-0.4389990545286405,0.741335800455283,0.083018118603715,0.40120664772793424,1.0832137100941406,0.9022943148232012,0.8042307895088346,0.8803801464582122,3.531735199025777,0.9760953596135763,1.6196380682273055
1605,1605,-0.0037755690253411136,-0.5830319683764063,-0.6542691055473898,-0.05768470105365132,-0.4654924443007386,0.21594358947462644,0.9379740129352965,0.9378472445798756,-0.3066951912711888,-0.11004019863013025,0.5316513772089145,7.215214498792661e-05,0.20403445165564899,-0.06840203925475012,-0.3839604858182387,-0.3738123796975183,-0.7220397910421917,1.0939382408292564
1606,1606,0.23409849673273114,0.21872696317384563,0.998105659110231,1.16565831694824,0.6546898560930362,1.5975957893137618,1.152872993298794,0.5473638007655062,0.051021680189676906,-0.09413523688450824,-0.006082738656310722,1.1750483994744452,0.6436800799984053,0.020638481411645534,0.0665410683128382,0.08444206989496374,0.5694850390682699,0.891736833977696
1607,1607,-0.6109838383048055,-0.27033535220856986,-0.9772116653669214,-0.4882904075294473,-0.30675076762956294,-0.6929879059385338,-1.342579404604337,-0.09690338329673075,-0.9867799148220968,-0.1970597741713492,-0.3625914063364523,-0.742327217273024,-0.6389189703185788,-0.9680959592339953,-0.8176173821874373,-0.4324322734486445,-0.9037515858524782,-0.12896236479773013
1608,1608,-1.1536235401176875,-0.5990814385419759,-1.1268900577006813,-1.1911936990974152,-1.37797048831492,-1.005118221254511,-1.7619087526139428,-1.337777839347502,-1.3243262087538858,-0.5245386429525837,-0.7931684233554775,-1.422168754546075,-0.538062027395141,-0.912539056248837,-1.345053127230418,-0.6174816913555775,-1.2624976248991318,-0.895903725820539
1609,1609,0.5244607995457449,-0.48377538015936333,-0.42005743972925896,-1.06989779192095,0.059481448936379376,-1.0902275597882638,0.11475067128048874,0.2798863751425355,-0.5306363530044158,-0.3270305329228857,-0.5927988226430977,-0.23440943611439466,-0.2401464967155105,-0.36877690076299696,0.38822720605973976,-0.1768519940183241,-0.4266057073410386,-0.17531149450195374
1611,1611,-0.521198421824663,-0.4858025742787274,-1.0275613125167635,-1.573226933205294,-0.879751342503208,-1.1777548589830393,-0.8387594483032762,-0.5045485751797452,-1.0714006425513602,-0.783612601623336,-0.5541468789985501,-0.8190542085133641,-0.4089172693321929,-0.5517797574612447,-0.8751502811061568,-1.0001605468113468,-1.2442830022003537,-0.547249277538057
1612,1612,-1.1077528050506347,-0.7366296293531903,-1.2796912488951306,-2.237436288575128,-1.4108041487610812,-1.5987240086406238,-1.8659125402106975,-0.7743733888366319,-1.736276411896378,-1.903787771720331,-1.000736592221522,-1.4315538346664078,-0.4993261453934625,-1.0449112278974086,-1.1346045034592003,-1.3786991429640063,-1.9949451057389245,-1.2091154215811255
1614,1614,-0.9776020138850128,-0.6166160600708782,-1.2851626129128757,-2.1368044591900546,-1.2622568158004486,-1.629793788418835,-1.5588138493973367,-0.589859721580832,-1.5757509041353874,-1.6168312445787298,-0.6576395301860866,-1.1295339361588526,-0.4564124391351759,-0.7909877749637754,-0.9833187559465212,-1.2490489254533461,-1.9035495213838947,-0.8928579602784175
1615,1615,-0.8252139641836564,-0.6005243265081974,-1.1834457473975195,-2.195575745411379,-1.2145524083272705,-1.4447079280479553,-1.3745272781709759,-0.49802060630841655,-1.3204585021498951,-1.4938289418305517,-0.8449068280600436,-1.2422450750014808,-0.46015544947928794,-0.842205150229764,-1.0062190199894787,-1.2728982407190494,-1.8597297214419946,-0.8893233744795384
1616,1616,-0.5383569097366914,-0.5691200876289828,-1.2174122885834637,-1.6175805372553134,-1.1223397763670833,-1.2810844560112313,-1.0637466685491697,-0.5344306469988541,-1.2713015994240895,-0.7471503055149953,-0.678407206993124,-0.8307520287983856,-0.44184472759772986,-0.6145455535552508,-0.905464869505149,-0.9730466873509416,-1.2335894352562025,-0.5948390959597641
1617,1617,-0.5416576926749207,-0.47071753329754823,-1.1669080313078406,-1.4500307379359256,-1.006263290300511,-1.1795456382995375,-0.9438892029186919,-0.5903361992492857,-1.317497759826912,-0.8300364909866634,-0.24197954267298832,-0.7046033074337943,-0.3754035243144203,-0.4913606841239416,-0.8132391520984311,-0.846490256045955,-1.205146946095227,-0.5800797120902728
1618,1618,-0.43865900394215673,-0.5015947033597251,-1.090563094655916,-1.3745642290692321,-0.9461254742215984,-1.1371918391161686,-0.8089971201021198,-0.6900526977483081,-1.1912411054769696,-0.8578772066265319,-0.3228159950258428,-0.714917582175808,-0.33205218919207924,-0.4632512247995145,-0.7383338342870834,-0.8962297599610654,-1.134059602532331,-0.4478125907944903
1619,1619,0.3325418524488537,0.2330823713745589,0.6835673710801468,2.001800499713967,-0.1414915771375475,0.3008922275848115,-0.1003513609173671,1.3346838362318652,-0.37345930031144603,-0.0543826757573115,0.7784006063198843,-0.3607628763517687,0.1569890971717156,0.5668829332075184,0.4404474188859678,1.9366936246269522,-0.22009655033568223,0.8825662379609747
1621,1621,-0.8857807510959459,-0.6407033054314913,-0.8176419220388579,-1.0908811627591155,-1.147813993401226,-1.572895126732743,-1.5373012888825444,-1.1428871104888754,-1.0124036768715148,-1.4979025570190834,-0.7897320407578619,-1.0998521452322976,-0.43762226854334624,-0.7530970537681484,-1.0233300257023916,-0.3476585951768971,-1.4077763196840054,-0.8815171798378962
1622,1622,-0.6067849073830428,-0.5466075081774303,-0.9312315352422887,-1.7768805631733784,-1.0627012750891853,-1.2626487533937676,-1.155092036859597,-0.5831341901839855,-1.1649119231655123,-1.100021937869807,-0.11289065633410289,-1.1135022240301113,-0.3266161269682063,-0.4815263173831224,-0.8416466264005856,-0.9526411786201585,-1.7978063901037618,-0.3458874813362485
1623,1623,0.1124099667951084,0.9854318581843469,0.5022343322309744,0.5819267129762138,1.0164332008126693,0.4565698228969637,-0.0057227162772376956,1.4292427613215473,0.41070743558296585,-1.1931293911972483,0.9082909820760282,1.3834110345093658,1.0861033349278457,0.5245884310239852,2.0133223667800872,-0.690604146053437,0.231002272769459,0.3083151933485062
1624,1624,0.25385172666541217,0.35386623002060275,0.19790451883725826,1.1073698101793026,0.6056144948972549,0.22148678612748082,0.5208577587915311,0.7765512926063434,0.29372137347049976,-0.37232209537436906,0.6506497670022444,0.4084588263723405,0.27559441416273045,0.3372837989009802,0.7385764486880597,-0.42360096308382744,0.17883504567099007,0.39706073566927047
1625,1625,-1.117971687162348,-0.08783125214009829,0.44449736032855447,0.22512947813732032,-0.29714485537777896,-0.7916774025690574,-0.5701696030399964,-0.3018060101292871,0.4441527118855031,-1.045504356880675,-1.708949498036113,-0.8404329107431552,-0.49413861767700534,-0.760802003015937,-0.49152836210766304,-0.6950135554107161,0.1486228552091318,-1.5415453334886908
1627,1627,-1.165933518849428,-0.4520311604845271,0.1295935136409926,0.5313008434441483,-0.3150339754615997,-0.7357938866989225,-0.672670954060857,-0.0037732190794439427,0.8241072238899028,0.6867705129531859,-1.2619580861329402,-0.8407749159009538,-0.9142161128810475,-0.7115963439526092,-0.14122045019571272,-1.27728704102362,-0.08775593967002185,-0.7666309837531972
1628,1628,2.70431867305003,1.4196217929131187,1.082650958247143,1.4808162586909084,1.666572533034126,1.9348578129891694,2.4842476189122507,1.8045326335517269,1.6219886965104573,4.446257339938633,3.104609762830156,2.4644035027119178,1.5483405270549973,1.97148125844458,2.8625390823788814,0.44873184566705204,0.6503631554429824,2.662773366995742
1629,1629,0.777191279544106,0.2852675263962435,0.6863981212843568,0.4578045539861828,0.847067174901775,0.8815705949266389,0.3396090948459743,0.15517330102963167,0.8386858113184452,1.4671736282344292,1.2228349648132495,0.8913444939265239,0.519754456780977,1.7278283880889584,0.9455442152306415,-0.5439056145872202,-0.03145977380814643,1.0462231814969372
1630,1630,-0.46091811456102727,0.10682122437585642,-0.3843348998292233,-0.3206756164671717,-0.11771594032063037,-0.18152805479001377,-0.41367149464099356,0.699787799796261,-0.21239509551648786,-1.1437841672632407,-0.004616947456918298,-0.20725839853499364,0.045023004735814616,-0.007924743663017852,-0.4321235969204965,-0.858191109670157,0.063085382204092,-0.07280387938109835
1631,1631,0.3521753210532984,0.026627016924606405,0.7256229454449027,0.06425056249295939,1.180154833144997,0.7204377472974817,1.4804185544944217,0.4879385201014573,1.1768317171204474,0.44465147011708445,0.2621183300448763,0.8385377630975908,0.30352872996148156,1.5523391310392207,0.5287198122865877,-0.1191173498144216,0.3323988654852657,-0.3399509462817473
1632,1632,1.0307305143296628,6.2107948471011625,5.745699911100914,4.3826181148077685,3.7868626718210208,5.1993039891294215,3.5720343300621207,2.5672950498181013,5.580189674840909,0.3378956742821101,2.7148748486720593,2.5278788188126877,5.335435017690947,3.028876910441795,2.8943588158887334,2.464813289812011,0.9228967164074497,0.8278571291905142
1633,1633,-0.9345768707170083,-0.9822977407242167,-0.029938178265685327,-0.15954482557451782,-0.3911355508178773,0.2738264422774896,-0.5208009143364153,-0.1761787895514676,-0.03863768865811512,-1.1569408831984043,-0.587444066128088,-0.5388931328796432,-0.051448892643720066,-0.27904407017295124,-0.3673942732844085,-0.9701033785184899,-0.10271758764781971,-0.3288043915562067
1634,1634,0.11976870051943785,0.02081758515807789,0.6889418710782512,1.1595954704900462,0.7028367271757271,1.0086685733502463,0.4920752875662531,0.6244752257697788,1.3821242149489203,0.37920354290404273,0.6626330592554314,1.3378132801249576,0.8745436325082903,0.7711728641507936,0.6378651221047001,0.3763649091008313,0.2860318333927713,0.3238640136040345
1635,1635,-1.1716619558588492,-0.21690985924450015,0.309137339064196,0.18673828701866305,-0.1351887364139916,-0.15071925805503045,-0.47647557348563524,-0.034657012456839324,0.10809639804801358,-0.6588005050573198,-0.8307345052596474,-0.30619304369859424,-0.0606156305875195,0.20303595451976542,-0.3802436691234336,-0.9945818019607445,0.1469420442057869,-1.7910724365196793
1636,1636,0.45513656543323855,2.571328353155877,0.8307477224615869,0.8964235754177504,2.0617208103939393,1.8768148737563681,2.2227424077202746,1.3588599139056041,1.1569236364659834,-1.3404779635956252,3.6783669914986885,2.495033435975093,0.7818665792503978,1.8296694196533347,1.1528112900872116,0.7767253050458311,0.737809803276168,-0.21236094809436074
1637,1637,-0.48115679601020017,0.34818702832948306,0.7963354465077388,0.23874963599689517,0.34646678408787956,0.25135933657453985,1.1361432393782236,0.19618073690002694,1.8644306801586639,-1.17588665590224,-0.7133632669463755,-0.9813133535247368,-0.19989566827302718,0.18216425885391685,-0.3321479150155281,-0.4281570470418887,0.07542579182011111,-0.6380979941081455
1638,1638,2.645438149959673,1.2912215466834507,1.335572559735269,2.9256523739803098,1.546050724561925,0.7066696299098322,1.1691194048329323,0.77010396526478,1.0480014547739223,0.2516314673024249,1.3088206955901842,3.325501559872779,0.35791319328424587,1.3911741974128147,1.1319915700751015,6.056377534067897,1.754991424658296,4.199557832800101
1639,1639,-0.6596005777920075,-0.3220370491733622,0.6236989316603434,1.2077226605437352,-0.16877555358779056,-0.2637771038886592,0.8218065763709028,0.49688158771207974,1.6349196102494672,-0.7003944430941491,-0.9465187376374156,-0.36603474876374054,0.5346832290294498,0.8419710941467814,0.5536717730705748,0.02757036528633377,0.00035834190398863013,-1.1588340302668971
1640,1640,0.32201640868704673,0.22364105303733978,0.36186053521561257,1.1716539120226468,0.7294493962204889,0.2611945496541486,0.6398528105362356,1.6048624496670996,0.48743066691473547,0.2691307949044647,0.7585153010850478,1.0091856698610493,0.19862446729810204,0.5459090452718149,0.6697811998096862,-0.5605743155241852,0.802766937802354,0.5914116268878616
1641,1641,-0.4877052860919872,-0.486672529263076,0.30938620857853927,0.4971098155566415,-0.04578163414278427,-0.1518351968146792,0.07496087149644906,0.5459001878226606,1.3514750376659823,-0.4762039583834079,-0.33975200602653405,-0.2933191984069909,-0.14484615788538932,-0.08240386046066281,0.06118569325695466,-0.8349567018440576,-0.09203967767950576,0.21977419630699302
1643,1643,-1.059651173440293,-1.0634468926763432,-0.36437058400345695,0.4255454198518972,-0.5049145488073541,-0.6114039513116251,-0.7572059649595563,-0.5465651161385982,-0.3519249195837645,-1.023149086463908,-0.9697864486989342,-0.865844093968558,-0.6945514251638234,-0.6416192375169621,-0.8413037442452562,-1.2837257971999199,-0.10628030023294094,-0.7425588147038985
1644,1644,0.40625433158337215,0.5064522483427449,0.9574458758206201,1.3052961745877474,0.7764686267257362,0.4318751963304237,0.4909490922856274,1.2309958827336775,0.6200231708454047,0.7355792490388657,0.49953400998820974,0.36554204586718453,0.7482205246428328,1.1660855924394846,0.3862057693093154,-0.12084066855547736,0.2445610669016274,1.2862548302154098
1645,1645,-1.2232388747533076,-0.23443288511708524,0.14149725904468582,2.1997707241607873,-0.365666389096464,-1.6542380508411592,-0.459978756596611,-2.7982244186336884,-0.44724653408945975,1.3132454457353517,-0.7427518952080301,-0.5481984813237298,-0.47992618068858,-0.1575643424981748,-1.237021575340555,-0.46713857381030516,-0.9766544122954354,-1.160522651818644
1647,1647,-0.7228804099515108,-1.6054444163391361,-1.0034470075005648,-1.0219524538719298,-0.7766137608934998,-0.8713568044065866,-0.7443221558970297,-0.7194966302101096,-0.966711311850924,-1.344840997547761,-0.4993992263064847,-0.1761865335742309,-0.9672427941656384,-1.6540340319622038,-0.9909699881289277,0.29160092237448143,-0.3776641378277306,-0.2291885196462544
1648,1648,-0.543360381255637,-0.4982033698309557,-0.4435995232722084,0.6436405365215495,-0.8650277698150194,-1.1257493820537297,-0.9223584540310699,-0.6620514889556679,-1.2878162028333355,0.2915622994678523,-1.0753167900551424,-1.865455722263991,-0.7751443008295661,-1.1092542610848486,-1.0972991027429893,-0.24762384653022185,0.304191716400287,-1.3610643857877842
1649,1649,-1.2815433394846922,-1.4054895958620353,-1.3981477405059728,-2.8105766572306283,-0.9742778851735047,-1.380821256603346,-1.211695341121422,-0.503498278455123,-1.6769939412521975,-0.6119534665205603,-1.2823101645515453,-1.198235074182368,-1.3532409523123075,-1.8778718883447425,-1.312922241570151,-0.3057658907927517,-0.8693543567292109,-1.3712818510577685
1651,1651,-1.2707758245625291,-1.187204660994035,-0.30873215798433634,-0.47122849273657963,-1.7317059636644958,-1.650875602959579,-2.33230046944863,-1.058427900564055,-1.487040493060431,0.097530121581328,-1.7702167074962973,-1.7320384872651529,-0.7240044150969505,-1.4007039411361544,-1.3953047151684637,0.6084920614906766,0.3044270339063442,-2.144175366072891
1652,1652,0.10849608626813112,-0.2027985988500808,-0.34346738194057713,-0.6554047589247315,-0.8083040729975475,-0.7467042488180126,-0.37415021816309924,1.382236132887408,-0.7941269835972741,-0.1362882695360414,-0.6960935769142278,-1.3302835305580432,-0.7906363815868543,-1.2618254827062534,-0.9289157371351471,0.11770260601799608,-0.11920229775383573,0.19424169237960456
1654,1654,-0.3578380391444025,-0.6145207565755653,-0.9618030433683804,-1.7126480689664245,-0.7428372422110714,-0.7041230422293994,-0.7110128531417564,1.3131117955556588,-0.9490214612313093,-1.4304467727934673,-1.4445863635838474,-0.7827207414395954,-0.9900841668194662,-1.5144290122427457,-1.033535243921193,-0.17586400410313233,-0.5576452229497527,-0.38357920696856146
1655,1655,-0.4029452285988623,-1.2548029716548268,-0.48322172634473554,-1.550002802084956,-1.5653804077362337,-0.187077403179327,-0.3244118899513982,-1.43270547593022,-1.0270371208960731,0.9304816373978405,-0.7532640324494771,-0.6906224511527966,-0.9393510148988407,-0.7135211110441887,-0.6984305739107123,-0.41902022691579,-0.6771024640169792,-0.32106570938491763
1656,1656,0.5013363377561062,0.25593119664509495,0.657398874050013,1.5784416797733798,0.2686897286227245,0.2637054776286684,-0.1863948744207094,1.0055342313598643,0.8720161959656954,0.22378407156516641,-0.20601964943622247,-0.2583090004026005,0.23256463791689383,-0.0831502412888557,-0.6972805292430572,0.5663678127147411,0.7827776658646957,1.1647519475835806
1657,1657,-0.44221329450579155,-0.9150577468448496,-1.274728157062069,-0.7012224896914424,-1.1930186736154966,-0.9060378593019166,-1.1240829988524246,-0.7094549382147662,-1.2816334944489036,-0.015342195711848096,-1.0166911594645278,-0.8773963167281303,-1.0320484818495717,-1.1361802111640416,-1.304788725016052,-1.0148181102301839,-0.5721605424792393,-0.5291762914901179
1658,1658,1.104707772662167,2.348699579806035,0.013081377464456827,1.3145230721569172,1.4005180755003184,2.4891927248867955,0.19290395771529592,1.5533218723006894,0.5676087629812757,0.6786319716003093,2.1654200241923456,2.671810572266611,3.094490793876352,1.319693897594522,3.1332224212771154,2.4546935410804287,0.4718179529996598,1.2643948443113235
1660,1660,-0.25865902450180234,-0.9705760283827572,0.1865583535633482,-1.1881356198392958,-0.17013034438122304,-0.6835331783681624,-0.5336079563739801,0.5240756215514403,-1.1749183554840394,-0.7418620992995522,-0.20938945857082927,-0.5267472194713991,-0.5770411966577657,-0.4950547363824523,-0.8202738805911451,-0.16277969516729202,-0.27239929838832416,-0.7860116317954677
1661,1661,-0.07626229738247803,-0.8469061196273792,-0.38713255939015445,0.5351223739121259,0.32484590269393926,0.36504639866399813,0.05856210789031385,0.543991265681423,0.1265094765981138,0.5766287659502942,-0.30510532408902935,-0.877281439096379,0.5196266765532285,-0.2329003527610967,-0.45924059088264013,-0.21106204931248504,-0.2687606248491566,-0.15756255980503375
1662,1662,0.38665958603859285,-0.09865164812914605,0.0896493615786906,1.0406912437853226,0.005685915617372557,0.04031506150434293,0.06735258499886665,0.2522367606905909,-0.4047555621742036,0.5104279632938177,-0.14934089825461305,0.29458718088473956,0.10348112602392241,-0.17816768676985986,-0.33577654355377984,0.07797829624604012,-0.5326528368660255,0.6431448869476907
1663,1663,-0.4160463281821247,-0.8775169801885648,-0.3393912283984156,-0.49585047691663436,-1.5665049000002376,-0.43585628031531704,-1.1719734135702995,-0.8578605974342657,-0.7144415446253796,0.20621873219760142,-1.0846217068203172,-0.9192643100750553,-0.8671155290843865,-0.7817642621382884,-1.0264854508670076,-0.37605679525260644,-0.9691213602221331,-0.31853881493449643
1664,1664,0.11985788480645053,-0.24195088296770353,1.1298663946323582,1.2028614131393502,1.1156461423468989,1.1867054701601099,0.0018166603531981646,0.3476439855189968,1.1910652211397144,0.3051782948028347,0.7744584206884331,1.2943822820138509,0.8030396398934204,0.5908787973063601,0.7199013813227897,1.7049947647402324,-0.08738877267166817,0.1858894407666073
1665,1665,-0.6314959462231832,-0.44145602586163374,-0.9752688951583388,0.9070315444593633,-0.750721628750885,-1.3400792776174455,-1.312112369841153,-0.5822102398790965,-0.8217894112020406,-1.341109763026525,-0.7615521661396297,-1.306022731574468,-1.3793708495635562,-1.3368394064212228,-1.0817567820103353,0.5652563180205861,-0.35121065202628093,-1.4472172643830283
1667,1667,-0.18942992252762503,-0.8931677341346237,0.0637209215449499,-0.6086120205345521,-1.4183780578314422,-0.794348346770017,-0.9921987990221345,-0.04771998544706006,0.4513815515862889,-0.2985908251338741,-1.0026691171219084,-1.2376663490621476,-0.7230967146183073,-1.0502755866591602,-1.325515478632029,-0.8960428648330949,-0.47167090750991714,-0.3447763379937115
1668,1668,0.8629876930709751,1.2564653139189306,0.4499754596527135,0.6535022348024604,-0.3137036972472893,0.884329754334096,0.6448218668838915,0.7921298744187728,0.7510320941018013,-1.258535179779677,1.2938119988135737,0.6225733760972548,1.393104669344998,1.2233736940016773,0.13985950667810423,1.7731746645804407,0.45102650174088327,1.7913969541711152
1669,1669,-0.3353159383477268,-1.3942507520106293,-0.35944419428726215,-0.7349131713289749,-1.2386407982193248,-0.9465892627445511,-1.0980193994840979,-3.4280368471670846,-2.138555711812547,-2.5170905198828737,-1.5055825988306664,-1.3641569997027676,-0.4238086246311384,-0.940560711351412,-0.16950424288654964,2.691587316953881,-0.5857071952182409,-1.062348109387106
1670,1670,2.761266360224498,1.7683528408644886,-0.5720096406556809,0.41778513029919845,0.9514287745603065,2.5685224327853757,2.797649398411758,2.6218323388682663,1.0578172442774063,1.775248681205497,1.1813989316208764,2.568637425746067,2.0669876073780227,2.1300620631746594,4.6431501232213845,2.073194410775806,1.0381747145239728,2.7790969531193737
1673,1673,-0.13088420517084642,-1.0089189623807002,-1.2194184447837997,0.05687759739104084,-1.059167572748993,-0.7590202626349422,-1.1545778995601914,-1.2204637478760718,-0.4857139994163448,0.6591535336438592,-0.5169202449044873,-0.9602289891651683,-1.0926021604170948,-0.6613255694622739,-1.0749413101693344,-0.30301298337311156,-1.0876321717437327,-0.7756565886676683
1674,1674,0.6260172041767721,-0.5927964425843415,0.11926509730078126,0.3510004714726534,0.5193048297256284,1.3585630018222683,-0.04346035935529139,1.0548068459129016,0.7706972146639993,0.8309896118863753,2.3246388575424355,2.0253190910676664,1.4887454060208516,0.5328386863059584,1.3458897472541997,1.1567286923868974,-0.4401174737429672,0.34149004512265485
1675,1675,0.4749210485150764,-0.36669885998246676,0.23889522958654494,-0.10480910997822233,-0.3476231067969268,-0.09838330737951201,1.1396103270057993,0.25470825132719466,-0.3805334083544728,-1.9556351962310181,-0.2880166314189667,-0.7542442975514605,-0.2563848376620434,0.03848529009221303,-0.04953052050185897,0.827934712557014,0.7199513287975569,0.31965024796969355
1676,1676,1.7220328119514743,-0.7262582678680712,0.4868672790363068,-0.02270761107045238,0.8247732795959756,1.1282930169740382,1.4422134756757852,1.555698627171827,0.4690610067355423,4.162092075399715,-0.3549606908770804,0.004842851624685889,-0.21071547972867635,0.9553757636648852,0.3412889955344011,0.5076726806492925,-0.7220046397386931,-0.3918615068345067
1677,1677,0.2930734537383706,-1.692716393788265,-0.407986871640322,-2.384991362900794,0.046707257513074786,-0.31573992661019107,-0.48576718425861404,-0.20437642577527027,0.7522261705891938,-0.16619522716470086,-1.2920594949983275,-1.0866893777705198,-0.6063653824959105,-0.5837758562661918,-0.9164653343785969,-1.664906984214696,-1.1335915693050818,0.6647227201929587
1678,1678,0.17002853779986613,-0.7877924392142607,-0.5620855232548777,-0.4650827539544381,-0.7659396355014297,-0.7464391384961697,-0.35529678362368206,0.21987379252426756,-1.1086668760411145,-0.46601896426426054,-0.684150190874486,-0.3954898651549706,-0.23914446856372504,-0.5865817651180372,-0.46718919238010104,-0.42969020785541695,0.20929316369275572,0.13632451206464272
1679,1679,0.5004243058460632,-0.3506824266934863,-0.4721399892621039,-0.5744791902551735,-0.3781400590404376,0.06261668001159772,-0.07158525190456179,0.21836058875907954,0.285170746919962,0.6117938275648496,-0.6850345241323308,-0.13720797384294214,-0.7806915817144868,-0.37527952545990056,-1.120222724054297,-0.24000055360851266,-1.0248610650768384,0.23359543146082395
1681,1681,0.03974181340680682,-0.4306927338863221,-0.7603338323835901,-0.7631704646707483,-0.7767990891406056,-0.512405652463682,-0.8278670797442337,0.6044867455480885,1.8421994661358867,0.9801810056862775,-0.8787506084901222,-0.5361251609598316,-0.8504328866548722,-0.11396600028369028,-1.0393043116002978,-0.8723886093290396,-0.4527559885210125,-0.24351230990990025
1684,1684,1.3461235594382188,4.237440407361605,4.435245664265926,2.851973892853091,4.122949798148431,2.304031724736945,3.4349723841184883,5.464605031254977,3.414082754577034,0.12980806284328172,1.1294643399284172,1.0937026841898339,4.022494371855989,3.271499526613892,5.592620386058998,1.4410119460503,7.821007219973325,2.161732032442551
1685,1685,0.8214872562542107,-1.308754216157711,-0.20674468069235535,-1.4647629803740592,-1.0873361742424374,-0.11136492360006447,-0.4779992862383938,0.1422913271493586,0.8962097603279805,0.6319495408794586,-0.5574565313745065,-0.685235873157434,-0.5329379562251004,0.0071334108728050355,0.4085604365889832,0.7192488393992975,-0.2197828039216267,-0.13053250050196968
1686,1686,-0.16951191718622782,-0.5284404025863934,-0.43795098434263824,-1.7277536313075013,-1.1653262008969214,-0.7366061064774484,-0.7383567358894308,0.10812464464707172,-1.2816538700025855,-0.12374988686302797,-0.7222923965824967,-0.6677101273669893,-0.6113424433320138,-0.5819359734980155,-1.1219973358894588,-0.7679788951058268,-0.44045719674372785,-0.2908549205978367
1687,1687,-0.3427010069117849,-1.2460030874199237,-0.5156247960045305,-2.2501604120114322,-1.2377712787048203,-0.7843670351211325,-1.3147498152425174,-0.3338241521158938,-1.4992712528331424,-0.44094816700525036,-0.9490843605422208,-0.8462609277794597,-1.3836724702662055,-1.241988442984757,-1.2551222113936926,-0.8895191603959786,-0.6684636517420129,-1.0498562851051751
1690,1690,-0.9669365562866648,-0.557389776762986,0.23563767489506018,-1.3273220430462904,-0.9451996998330143,-1.1859097574095268,-1.098384222165078,0.2562177091359886,-0.9006491232424553,-1.6626277389399196,-0.8494055604476558,-1.4233273127376547,-0.6856223902073197,-1.1618219606654216,-1.605259251288468,0.07828447552330696,-0.50701552395858,-1.3979588041383613
1691,1691,3.6807055620699316,0.8857053534101722,5.1176447181087745,4.775962260981636,1.4460805908520453,1.0054309302594016,4.04633062339466,0.3937812127832764,1.8516375424309353,3.2207273690930838,-0.9069298731650247,0.2593953785950759,0.9034586650780907,2.938114962375889,1.371672581815226,0.5629268489327786,-0.588945449518439,0.8219948216604871
1692,1692,0.15548185721026872,0.3961414735555034,0.628782616861752,0.3590209609920147,0.2075660237209842,0.32601252016523896,0.6901906609376647,1.4008511006369864,0.7550751987113735,0.033518239079161134,-0.8864691780595713,-1.0569584465433557,-0.4513314586843593,-0.5500095133991602,-1.023907881590464,0.5041434580455229,1.3662875473929763,0.8972519927616193
1693,1693,-0.10115463884844988,-0.3128441082272829,-0.6516442273321558,-1.451283470160102,-0.6614879992159219,-0.8897767971142362,-0.580628177671836,-0.9109873744881724,0.024618207334351883,-0.9805414186626692,-1.13485589135028,-1.8344900259128822,-0.244465072639255,-0.6198692457932719,-1.0707786771092318,-0.7766637181089566,-1.6270066673825394,-0.806955370474446
1694,1694,-0.42361314872376543,0.47598664281984915,-0.44286137416140475,-0.751343648021612,-0.1901334876394293,0.12324245177190556,-0.23154857312510121,-1.2770900093488728,-0.4174784507160485,-0.21710255475236906,-0.09012328053023783,0.41948113183258806,0.3353291608263994,-0.29677935892677126,-0.31493792714990376,-0.2537666787556701,0.018227194128337797,0.22776239420806438
1695,1695,-0.3166376657760066,-0.4533687903673955,-0.6301993489863442,-0.4919310563533697,0.39246570008843806,0.09032873567278214,-0.632171453590078,-1.5804434107252294,-0.609073401205975,-0.1174555736648328,-0.4565307867771915,-0.3396279778041546,-0.010069947651096698,-0.3483286477678664,-0.2625777853083855,-0.7460931153608303,0.3327683766164371,-0.37071149193307357
1696,1696,-0.24448939973037281,-0.2525564085020698,-0.46460955427241485,-0.6462079362727906,0.3065133833938182,0.6224687701569117,-0.5090354196395681,-1.0468431667151201,-0.6736060428946615,-0.04110327983691181,0.14159905059208086,0.1424679181613335,-0.07797381699435224,-0.4484628273719958,-0.2644328399259597,-0.9125001357863812,0.1457877497931586,-0.04400224155252894
1697,1697,-0.09099118272758133,-0.04752586830293967,-0.19020200924246222,-0.27405378949292963,-0.2231335198937576,0.043848770410614184,-0.7653706499236288,-1.2099231728061612,-0.6594009791572792,0.10567715391226118,-0.3238417942246523,-0.2845531530536183,0.19445472387514276,-0.1808954972775217,-0.37465385147779856,-0.9195049499307142,0.09096923145497852,0.11076693224724035
1698,1698,-0.31510962151892785,0.6586695251963782,-0.4149464472499677,-0.8290964645136929,0.09512981981102853,0.2070259489171433,-0.49849945017488684,-1.391637500054951,-0.8766022343908675,-0.13120320383259176,0.38146159993015044,-0.04338903026731195,-0.17294716155044268,-0.5220905710638294,0.027255688903350124,-0.5344059030821761,0.2740801289520408,0.30348372456611117
1700,1700,-0.4459940727291831,0.01589604564403103,-0.18205039430815723,-0.5252383109238545,0.25397744498272,0.0898938630358997,-0.5597999104211263,-1.369902026728436,-0.7946111395905987,-0.2721376482161165,0.13696302021364506,0.03817897309679071,0.06668512022510874,-0.10091825245436317,0.2919706604544637,-0.6792657261458342,0.5306650936404022,-0.4728629474148896
1701,1701,-0.2124881866010275,-0.052234483112281946,-0.40799237365803076,-0.25321829412951613,0.2871018964003769,-0.27823033060233116,-0.4738665345511854,-0.8839185214033011,-0.480107251347283,-0.20784546061446377,-0.48736990128624724,-0.4852567544732267,-0.23110596593298924,-0.25790396859328896,-0.23605767374490635,-0.5157893071176546,0.5805266982863796,-0.13817285813515218
1702,1702,0.6904471614871551,0.10891585182255924,-0.38938396081713494,-0.7330051434501795,-0.28052839755037384,-0.2363848731787334,0.4060710811174841,-0.3197510020896706,0.03881401439530438,-0.6496906326059336,-0.49995863608182833,-0.8127457595325152,0.2367365319315304,-0.3973644889573772,-0.6262485521337493,0.3650790649820355,-0.34208105001339373,-0.4236062984115843
1704,1704,-0.0985457164067248,1.4697342748147069,-0.5467257961950716,-0.14252940632103756,0.1833964893930529,0.08937060020797344,0.2939671137397922,-0.8874607167264401,-0.30436684394275737,0.30363895839759286,0.2952486072824556,0.539543969774463,0.9868108116930524,-0.26809378606144074,0.23549021238294288,-0.3985775355180227,0.335271083796735,0.7518529173013372
1705,1705,0.24219065190871594,0.9212530261615508,-0.2340287251802204,0.18663744892914041,0.6551162814629651,0.5099050567109247,-0.0480366105194503,-0.7958699335522764,-0.4953273579211617,0.13862204461968416,0.7692653010623541,1.5511147107141081,1.8692901469516152,0.35126749276999647,0.8379988458457039,-0.1095395756696612,0.49486177160673017,1.2020397777043204
1706,1706,0.6169277205584184,-0.005541225114555224,-0.29928545732237455,-0.6393055258232292,-0.41573910202692116,-0.416148879645407,0.25332348336554794,-0.5094511586996108,-0.09190758670988686,-0.7335491624106917,-0.6848362447142464,-1.2023581393994918,0.25799137324292876,-0.3646097925581523,-0.7597248866248962,0.0317954903120364,-0.6151063925943051,-0.6160142607546526
1708,1708,0.017370951627692824,-0.06062613316508854,-0.10060485575240839,-0.4883895959113007,-0.1545710922236371,0.11107951730087272,-0.47780040759066417,-1.2163587898754207,-0.6704443045266752,-0.1176027167596919,0.04275211912731696,0.42630763932335286,-0.2671025106728464,-0.20777182701051392,-0.13500111849436205,-0.6023713910088215,0.2650006668854211,-0.09333725678993322
1709,1709,0.2630987893211721,0.6579254520063209,-0.37733352538141435,-0.13458050146875464,0.29513070865095964,0.1466293851518356,-0.5692293847938523,-1.1469621089992343,-0.5934165284978872,0.16734823679030295,0.018071639261997802,0.12834033309163673,-0.048972645807156594,-0.2707318379009447,0.04345023831246441,-0.5965293353357527,1.0748950013467073,0.3726517521272444
1710,1710,0.1532878214746259,0.180424635873604,-0.3272859784350508,-0.33107287072787456,0.4642108691365789,0.42733266048528934,-0.04028438757028659,-1.1113349681065652,-0.4090360127523024,0.1843038784179636,0.1092139507494241,0.43334078260612346,-0.12206843235192862,-0.13696709973530635,0.08695464812207315,-0.8654593035696598,0.08398015413374812,-0.015198044080655775
1711,1711,-0.09706523282541632,-0.052792843200286314,-0.3194231732755406,-0.5418548834152591,0.3777247966272228,0.05584886840566656,-0.33160044893946156,-0.9945426738725812,-0.5844435101615729,-0.14449479357630404,0.11722072481222048,-0.12088911688023696,0.37268868010236245,-0.36698669447139454,0.007160410791612501,-0.622144381918326,0.2971990269681624,-0.25892028569807846
1713,1713,0.6998981113815356,-0.032722152509664294,-0.36119750291449354,-0.9356596382840687,-0.2506243454156038,-0.3910348755259232,0.45237012179235886,-0.5358224505684362,0.12184070817930662,-0.7387911781831376,-0.847879219939368,-1.3145846959229361,0.10443443363866169,-0.40221531238659713,-0.7261804949880438,0.48272404986447187,-0.7835903742032055,-0.4412780489725584
1714,1714,0.24221311370786308,0.05358399653757505,-0.3334972319691882,0.3535993326946003,-0.34773964629933646,-0.09390713466362442,-0.5880827099932171,-0.0030750417649080073,-0.19708754006861687,0.1689418709423976,-0.2602194900699755,1.1374037760149034,-0.07446386080289455,0.07135036393128935,-0.271957836485766,0.09877078673184884,0.10512942412517107,-0.3410257324891713
1715,1715,0.004104852940585409,-0.11732460164221738,0.19083032569363226,0.11796706303053794,-0.2874405637280846,0.400438324474635,-0.4994986829509202,0.10018453664693361,-0.3411310324835021,-0.6995883560433926,-0.28044727278893483,0.27895185273176787,0.11299453213461312,-0.05903497639888397,-0.1469726187289409,-0.5036061392769688,-0.6524159139003135,-0.296150472181395
1716,1716,6.487939223847394,10.54603920021211,9.27329391991656,5.24229951836689,10.270213173527223,6.207004390082125,8.937775419914919,9.03408910452163,9.47489546847377,5.5943828898341765,10.01756698086771,8.119984806844093,9.073194755239598,10.695117523978231,12.255519310791795,5.5337720689683465,4.11462107237841,7.131174154778415
1717,1717,-1.0047847304558375,-0.37020109145059654,-0.6482090456194995,-0.22529858767926395,-0.5732455263169064,-0.7378416904194807,-1.098179799405027,0.6378504158367935,1.625924122989378,-1.0050819921841947,-1.125066227816015,-1.7941113655664882,-0.471622142937031,-0.6300499303863119,-1.0569589133119093,-0.9678425897545124,-0.8613980926176716,-0.842665667734268
1718,1718,-0.08210858817947386,-0.2122892232259611,-0.4019978533343586,-0.5494216911321571,-0.44215522529991624,-0.09773879092897905,-0.23846320130448806,0.2391335311550889,0.08722322059166754,-0.5146529822982858,-0.5540903541546804,-0.38012706577962224,-0.023590390982713406,-0.2979739624411752,-0.49546368505770666,-0.7906005176121592,-1.037429374367892,-0.40182462665402635
1719,1719,0.8207649898519285,0.3109704262729692,0.3348726321280654,-0.2226981878501475,-0.419888429789953,0.8826090048342674,0.2510066263794551,2.8083148648183216,0.07674656523565569,-0.08062943395116694,-0.4299078126554002,0.364151239107575,0.6548938310972111,-0.42068314253576333,-0.3343620898274893,0.32668447435292197,-0.6688491948740526,0.30074888135568884
1721,1721,1.882112136268326,1.1318434637688257,2.006136348408315,3.3476121577267746,0.436844264486624,2.270183580455209,0.9096200002319065,2.3200579155599974,0.4580926127023747,2.8792337879405703,0.5405035074091472,1.5385432712314295,1.510374510078067,0.1807597760401657,0.2725310546589946,0.9942588789443594,1.9638371138506343,1.351541199486166
1722,1722,1.483063276339387,-0.20288551869729138,0.1936783964053998,1.099321913392797,-0.11574610619292601,1.8039266337782995,0.24266767849800652,1.1573965740309673,0.24494106236680904,0.8867181923104424,0.21451154891365948,0.1438635213456298,0.5706844693720681,-0.3444234182171088,-0.05945856334141084,0.5802838451535653,0.06747986177697883,0.2821545568787571
1723,1723,0.012135966571077158,-0.18681819134501768,-0.7992133026826977,-0.8245491423592296,-0.6147638221115256,0.22583016046847212,-0.6727173710705437,0.013290823074838112,-0.07960384160346037,-0.2536159603069768,-0.3028448176680593,-0.06901744620630254,0.10463420667465338,-0.120778843641696,-0.4360298607113486,-0.8209552282179835,-0.7614249507407757,-0.2981080213991723
1724,1724,1.7262780255422376,0.5654994945416022,-0.6207342047452665,-0.3879008165979031,-0.32857683116836617,1.8869046522559807,0.6453646533401487,1.110322659691659,-0.035498805551494865,0.911314700546461,-0.3690952478934504,0.20115051298170733,0.6875511465464004,-0.14016549141187035,-0.24427310165644162,-0.4281174968840271,1.0763676541090197,0.38098925454893406
1726,1726,1.1926765112375382,0.9609455273855511,3.1128717628917864,1.8029875324983091,0.16371445693993192,1.289258976221909,1.556863224936802,1.4017118499075076,0.8042955823132348,0.40847959495960673,0.5568332558751051,-0.15725438349079876,1.5243347383283858,0.21558239062104306,0.3584294659470623,2.461479634471414,2.56943484216879,1.229081898053277
1728,1728,1.0435471535093246,1.6767252366057859,1.5912560795262747,0.7102531805444058,-0.05735034345846334,2.1860416448861706,1.2459324095864386,0.721651530980072,0.14654885935462578,2.146385526941405,-0.09801496252829689,1.0622135115445182,0.9992549120996551,0.05711118320928616,0.2130972303126366,0.4766603914995823,1.2655070074863863,0.23236388569895805
1729,1729,0.46080397776619175,-0.2626022409932998,1.1005628807452796,1.1350066080774988,-0.04243759376949891,0.205291658874071,-0.22944506309785356,0.11480692317781672,0.06316688444789338,-0.12384371306523877,-0.4385276370187362,-0.3681248230773812,0.028080241469977663,-0.25016686223128626,-0.20469823603263848,1.061567674838593,0.9212635050944186,-0.13462633770327725
1731,1731,0.3953746077592299,0.06396858634587922,1.1498503266739233,0.43847277860233413,-0.051899617474253555,0.5170566369379299,0.3987305221073798,-0.40754125372703015,0.5491953356325137,-0.22185014363737968,-0.3387831859536738,0.3131134209741868,0.349863832045879,-0.35126311505736624,-0.00976909246993358,1.4002712303027829,1.4135631584294057,-0.1014628694148192
1732,1732,-0.46559260608466063,-0.06619062554301072,-0.39684420157020805,-0.3107255840456713,-0.16498683229308392,-0.2938021699908779,-0.6443674637933413,-0.3255251282809211,-0.18756808916782297,-0.5230473711140159,-0.11100123133802,-0.3318743946112216,-0.09663947585271708,-0.052156673555765365,0.12385813825641019,-0.5626988946614383,-0.3505688306773978,-0.4606228959459453
1733,1733,0.34214775557233784,0.7670714195064899,1.0193702617240978,0.7945602027269856,-0.2748268061000447,0.5294683191953286,-0.048629505415040054,1.5611259588506534,0.9818201932001942,0.842140795588061,-0.10627944122768541,-0.20392300232286314,0.6018660457329743,0.26280396645420234,-0.30547403673658635,1.8149098209629408,0.0373843076183278,-0.05347180338388159
1734,1734,0.47057262382541076,1.1249559432183487,0.5575194298337012,1.3195835028788163,-0.2797317772923436,0.07882640181486483,-0.1300946116414997,1.3900471497934461,0.07536861156935289,0.5897052182517188,-0.19129858333976585,-0.4607222560789353,1.2560137490980907,0.12718751273632523,0.423341333568159,0.5314098655573044,1.5449209754797548,-0.041310110077347854
1736,1736,0.16999277726190554,0.28582991008407643,0.7686383222774209,1.1650785585765835,-0.0946117518761777,1.142172816358294,0.9625591128005598,0.875451224654795,-0.1948680879801445,0.4234825159776483,0.38018338869143337,0.008252974903557095,0.6775899077004907,0.34939723087206026,0.4124273210837719,1.0756833391505225,1.8036487679365332,0.6374473468133938
1737,1737,0.23749126985574892,-0.03832068944556971,0.8147951507967011,0.38553790683339706,-0.08748282990684203,-0.050811301829635294,0.1332677257486248,1.4623599882229654,-0.16339604699100058,0.7158453609801759,0.5250728911534812,0.479534655716429,1.2117284002077437,0.02199902360694925,0.3371147445723879,0.6763548151671492,-0.3535446520853988,0.5108862857725953
1738,1738,-0.4949582304907854,-0.07881419262004598,-0.5259567405036693,-0.746305428689094,-0.619409559777667,-0.5966369169201599,-0.609401739644884,-0.22340711304750205,-0.0956764614669002,-0.8690980697653492,-0.28724191260563087,-0.12637406651650482,0.07544883095548705,-0.2375233962942161,0.17528106060960186,-0.2729417068156218,-1.0870424616478458,-0.4676298691851287
1740,1740,1.0061636790790347,1.2760335998750958,2.378939763084361,3.7669974331373854,0.8999990686417808,2.7144394040600806,1.5324878388217986,2.7974907703174625,0.6705920017607588,2.287312907522032,0.1947252562620292,0.6067201325894164,0.8526560451689801,0.7768621975536173,1.194988102134686,2.1105907619516273,3.428676166044224,0.7870347386285856
1741,1741,0.5656395221681839,0.7185602453506537,1.2261944443643582,-0.08340944452818808,-0.25670774700860394,0.14223413291573417,-0.02122291803392921,1.0756502726088488,-0.12003784078871084,-0.03819161423423386,0.7188762626604441,1.7859774683177325,0.20381177915238038,0.40235179813012034,0.2862640295044223,0.6785988438526354,-0.5525030113231744,-0.2911824132864001
1743,1743,2.604514454822792,0.07894841045334076,1.6155098880479137,1.5058339223226351,0.3451369936409017,0.5565062162290815,0.9703446463429682,0.44988684958601177,0.3532945029514252,1.0516899322224562,0.332147115755965,-0.032740906987346066,0.7574115808863643,0.2628747441261148,-0.17031531004096093,0.49809931071522195,0.8058691024797027,0.7677894931403638
1744,1744,-0.5631530624167523,-0.44857595765269603,-0.39273032165321037,-0.5924441477108994,-0.6376377698274897,-0.8149692229866199,-0.8102534119206806,-0.5465525153176453,-0.45416530804143695,-0.6816003800096855,-0.6201038872707731,-1.152152397305503,-0.24052403696030028,-0.44681940647285207,-0.38672747123870066,-1.1080099299049349,-1.165124641993009,-0.4682616454607928
1745,1745,0.43169699368342707,-0.11299591225600439,0.21815824228511593,-0.5307554547350369,-0.39178887994144224,-0.04492991546534084,-0.5051837575246985,0.06632162163609544,-0.2743265764935113,0.4102050602865811,-0.25649374462373653,-0.39848292499574,0.16177956762003678,-0.3690025733721257,-0.376217369779179,0.023282144338907296,-0.8088694232294736,-0.434126581839306
1747,1747,-0.11915384064844715,0.15852805966194777,0.9963031493323615,0.3128683175494358,-0.22192952289408396,0.4042493804374876,0.7319614198013459,0.8787410021780664,1.240465251984305,-0.43214123036237406,-0.398012847303493,-0.42973749609345424,0.45068184663513455,-0.08840771024251017,0.05507545664701879,-0.46252593672814885,-0.05126384590423206,-0.24171720261224625
1748,1748,-0.5700103468873785,-0.29042952990466975,-0.3769642159273544,0.3365551278740571,-0.5903685829131099,-0.5030188422002441,-0.502378953033653,-0.15363684715174203,-0.24016174055342457,-0.8587970417633126,-0.438161523304366,-0.29860929554815746,-0.08140115214201024,0.03488699422880763,-0.05275195736603965,-0.5182526490843893,-0.5542017595763249,-0.6611161397911612
1749,1749,-0.14127090419732388,-0.3575668625770435,-0.7825543493924387,-0.4836264261489284,-0.6214424963775348,-0.4256853066080856,-0.2649264687895075,0.5383787516078987,-0.12594936720445252,0.04243938049527593,-0.41096681196194834,-0.061393106389650565,-0.05679452046907867,0.039313815890234735,-0.227384571929252,-0.1842301857168048,-0.28208879471351767,-0.24053980137123582
1751,1751,2.787373163438438,0.43246159759291514,3.223132786161644,4.097467056965299,0.7516151626561149,3.1997825310050074,2.3328884818561058,2.2923490638655637,0.9071161707720857,2.3499559262178344,0.8876277648590973,1.663822663150253,4.173003112596216,1.1029928410581165,1.936686551170038,4.876114823406316,3.491180463472199,1.5154392811819302
1752,1752,2.293774685813446,0.3446723650656282,0.06213595587261343,0.33564112595392237,0.046622766335455645,0.8819188947004534,2.2872443764838923,2.5904319654457977,0.35273701024673787,1.4907000753645312,0.30130741934547817,0.6148231695406753,0.6303926093591571,0.11502018750121082,0.7072991988616394,-0.08755598218561723,-0.029433123672256433,0.7323717322319228
1753,1753,0.41129093535062533,-0.07087115421430998,0.9954668111074775,-0.09091455888647851,-0.28960993902593035,0.22040198075921966,-0.5988994448017322,0.49323511682483223,0.23651555941483574,-0.4308902680003178,-0.397404452454613,-0.025151381507756504,0.07471096141134542,0.22700976746798282,-0.24362516105405324,0.8993581819549276,1.1174026651035611,-0.179348440126044
1754,1754,2.0014713295974667,-0.09133114173190343,0.31808935829086404,0.5123395816690074,0.3592720427513931,-0.09963401875915452,-0.41546774660709207,0.8899594548678353,0.4277671133134369,-0.12740679896544066,0.1746912984506775,0.04240583956171071,1.2306956003647374,-0.027957144095551077,1.3291454660811655,1.0161683203037302,0.03843247143410118,-0.1476782612164284
1755,1755,0.8321053732607977,0.906357129214588,0.005615314485512585,1.5564001130591096,0.4921906223212845,0.5339179845357407,-0.1204853262999814,1.506144125039001,0.032462710768979164,-0.3816109782619313,0.03584267227573983,0.3730637093955333,0.1587753844760324,0.5646514341589544,0.17572704569955774,0.9317638865206043,3.5093124926990877,0.22735753733271089
1756,1756,-0.2512858868696826,-0.4776720003496801,0.023494869509386482,-0.5323646130451334,-0.401605644260939,-0.6547091696730352,-0.3453727895281884,-0.19618602016566655,0.08028085860876807,-0.690365743870715,-0.5989823563667334,-0.6493985557882772,0.2154529888353977,-0.3626776232366855,-0.5683359657938613,0.06585836601138456,-0.2499692000830278,-0.24657517927739053
1757,1757,-0.38210483606462786,-0.19881271242750476,-0.13173628614984742,-0.7005280930834663,-0.4402928370725205,-0.47164458148983984,0.009504155381423669,-0.14351844625208904,-0.5009736577746223,-0.04979536855813599,-0.5959888383492351,-1.0772928690372103,-0.03781414407022583,-0.015789818860436795,-0.6373879214198295,-0.12145770587495203,-1.194786473193409,-0.4537882253273974
1758,1758,0.9622943011552504,-0.053428455111244506,1.2059754026843899,0.17032263780784052,-0.10569739608686726,0.062490361930852646,1.028704703914494,0.8846459971646332,0.18202853657935278,-0.07133780316541034,-0.5559370748021659,-0.5101238003703931,0.39156004941080086,-0.24371965975345192,-0.24880027106014269,0.9655208341657137,0.895722041997405,0.07665975085120043
1759,1759,-0.4989041533728188,0.11072056407628407,-0.21231860430422217,-0.09516273682513343,-0.22139741197197083,-0.31705991151553065,-0.42137921795593203,-0.23988713420509045,-0.1361735730338133,-0.7739731662892553,-0.5339971720660044,-0.029738170415719554,0.39258120815492514,-0.05884838071838775,-0.031184791600824248,0.04154805525195065,-0.1877179077140326,-0.44758533098451364
1760,1760,-0.3368427794765968,-0.12286873583145597,0.06349218002107389,-0.5347976604099994,-0.47465492315820845,-0.344190509910542,-0.5798443829006847,0.5492339796499877,-0.17831160652395717,-0.6706781844899381,-0.5331895682843051,-0.6236011320250844,-0.005644349569844602,-0.3065058890735187,-0.4871835090479634,-0.40036875507425185,-0.8401095240835098,-0.32959153913643274
1761,1761,0.12558622328191194,0.5562557169606988,0.36785148267146867,-0.004766659597148013,-0.14398209473941445,-0.014225164586248677,0.8382295504957041,0.5496283378388973,-0.02369679018056596,-0.1053122154535345,-0.17670787501706692,-0.1378018726572174,0.3097355874622576,-0.15188241328026975,-0.5189325985649971,0.7665744200599757,0.10935822296811988,-0.21014753356466812
1762,1762,-0.48542169754227427,-0.28730562352496414,-0.8039148797306953,-0.5896249023516099,-0.48870810904991324,-0.3697039845591536,-0.7637540298426783,-0.3179181663737978,-0.26244041128036516,-0.47098145487256593,-0.40482363919582304,-0.17708985203206595,-0.08893796248574073,-0.2503727609132131,-0.39572290635497653,-0.4272367759483257,-0.8090501411287451,-0.4154843955233089
1764,1764,0.6947076753280759,0.2609879241976812,0.16821528801804958,1.4195830369014588,-0.16503458583737618,-0.13429402771861293,0.7341624995588928,1.0297801885304227,0.560597639252912,0.5129565205079015,0.06030229881080304,1.0525612365939847,0.8119282815807439,-0.1330491182177738,0.517250646849393,0.00884073392747201,0.5049738001929495,0.7221771605109795
1765,1765,-0.295440432329479,-0.28701775501898447,-0.4418934470349117,-0.5744730677037407,-0.3405697927206074,-0.30589454755949713,-0.26471264961306,0.02642917747377187,0.31059897675659387,-0.2521665694323184,-0.297816138120679,0.3470922139470291,0.3353963184839626,-0.11205388699504606,-0.2149558931016191,-0.3850828177381713,-0.7427628156760235,-0.25388846828659295
1766,1766,1.7373398732182574,0.7402463394677903,0.6030546556182701,0.9716191099035325,0.1764578313310507,1.4102960535718627,-0.02597725031023077,1.7399985310623618,0.7688369425490625,1.547321220069193,-0.21589281050511214,0.32484585256419496,1.0197637325542295,-0.2876918970124534,0.30773021751342117,1.7628025097123232,1.1243783760154342,0.7868576498240436
1767,1767,0.34480047683757037,-0.21943262689286452,0.8705811707700521,0.6136393156062073,-0.21686764719911067,0.497537850317373,-0.1570609830711013,0.0883226574384176,-0.004742038221195233,0.5770230480984576,-0.2729527096947662,-0.22865858880565432,0.10018063692608521,-0.2214182587672508,-0.034104731718081364,-0.37984675080537,1.1486427659575975,0.3706271663912619
1768,1768,-0.40030855753177663,-0.5074853131692897,-0.6674960691211167,-0.30106962355598765,0.08339446108760458,-0.1416528911309145,0.05660339663011058,0.06278712569928951,-0.16148417182119126,-0.38677784225880674,0.4547139203909617,0.36485423581655846,-0.09177091829212199,0.3063575628320254,0.10195866047669135,0.4860281335614646,-0.5404198171857034,-0.16137151880647274
1769,1769,-0.24955351430515357,-0.338711137032816,-0.32126156855073484,-0.5474874041508593,0.3530023041219011,-0.29775290256480164,0.3692917684279093,0.3346116580858459,-0.16483187353627146,-0.345159989711026,0.44434017612799914,0.07487978942349624,-0.00026228371422324043,0.7466037271216877,0.6545433917153193,0.19025231596541742,-0.4492536874643122,-0.23398528492579823
1770,1770,-0.047990012714682714,0.016847202855352475,-0.24986149407112812,-0.019391263283837452,-0.20458525890018128,0.08011183819612672,-0.24179064959978774,-0.15004191030525374,-0.3784102463886894,-0.14606451985545316,0.040331104876487237,-0.056388492366724684,0.005562336968117953,0.2497276869526096,-0.4458336998751105,0.499203492747337,-0.4130665287484638,-0.21735939937778856
1772,1772,-0.22856807214770022,0.33301890921114,-0.11510753653027461,0.7446449844110061,-0.014084040167407448,-0.0807655263038325,0.06267442410852227,-0.06277310056280541,0.6750665142196558,-0.2648318669722682,-0.21092190055896168,-0.19160832477420314,-0.1688954007788577,-0.07720802739032571,0.18142537546446003,0.5613416055693263,-0.6644193883916046,0.5069215639370032
1774,1774,-0.21665303817793566,0.3188168409374309,-0.245189511957242,0.31133971662425725,0.33533281672935783,0.5141343642487258,0.9747701610909177,-0.19497495817859825,0.1478784426403233,-0.1974893027253272,0.5402475104586982,-0.40236594923195695,-0.08136347423027324,-0.42907035078194455,-0.20475307628018943,0.28022062603586606,-0.3031855572967857,0.5906080010405856
1775,1775,-0.45560160387234994,-0.4741292471777585,-0.3249066173980418,-0.4470300340333043,-0.018627622639775673,0.23442034223023753,0.23670377700975131,0.1548238104638067,-0.30336176913419544,0.2965532926464835,0.06049631529016349,-0.47142518023889113,-0.11286668913907837,-0.22715636778962578,-0.264116201530848,0.9023614866519126,-0.5545933959109323,0.3411184433907157
1777,1777,-0.3187659928533956,-0.813622416625126,-0.5284876737615791,-0.25811116111108157,-0.09077620035317914,0.04449667108856338,-0.16398403656542646,0.20268808111336473,-0.5383254604053366,0.013827869240191621,0.1777640624754709,-0.3161874613189093,0.08539216357888559,-0.05476562954852793,0.12005866012552388,-0.9395697218992723,-0.41581547729874097,0.1451355427836761
1778,1778,-0.1991904777719512,-0.05030619016728427,-0.7437148304669781,-0.5617498702786609,-0.31198501270355267,-0.1416767778962448,-0.146948611634365,-0.4045573866778426,-0.5313552456403556,-0.04126835236835598,-0.21501317045292148,-0.4090674817834819,0.009051196057032924,-0.661234252551987,-0.2117250282765608,-0.3087719105586684,-0.7466459374274949,-0.3451508506305571
1779,1779,-0.5307057984532199,-0.664427156244583,-0.9661869449431849,-0.013510936169676642,-0.5031447216497137,-0.45480838461190365,-0.41072358812950693,-0.33600758820880583,-0.4300997601834778,-0.0010303694136338613,-0.18853483945380858,-0.598667587575793,-0.5619981636319916,-0.24339668731219205,-0.4438030342450993,-0.8038375314396555,-0.8079364943044739,-0.45439220217036913
1780,1780,-0.038433689802653936,-0.0415299983801933,-0.3229656006743985,-0.0004245354647079581,-0.8797572243593497,-0.5512870297812184,-0.09982200702769647,0.24956909348988857,-0.07042168860127512,-0.3506055464979176,-0.2841816809448178,-0.1930700268834081,-0.2709593124308469,-0.4706428648563587,-0.238110143695839,0.22358057660707056,-0.4963156866450568,-0.4882347407731693
1782,1782,-0.4105127667429259,-0.8393136149292353,-0.9611312734769506,-0.693020154474419,-0.6369060336623326,-0.8240977766192333,-0.44079446336538586,-0.47774519586873554,-0.4087394246133744,-0.4742024371904369,-0.49004763984127725,-0.8403067659170059,-0.8323403931192338,-0.5921326224502469,-0.7334030286264196,-0.5427494956152148,-0.7614462764221871,-0.7288121486064415
1784,1784,-0.30445175493220034,-0.5196281632583183,-0.6667738303402262,-0.03857182117984615,-0.6365328892080805,-0.6022136134655408,-0.6142349875145281,-0.506296789872483,-0.6027562269963285,-0.4658985791036389,-0.5351435473241417,-0.7390157646714993,-0.6766130980233402,-0.43780733849595743,-0.43057663210829344,-0.3953214248464402,-0.6844317338376225,-0.5025144353656724
1785,1785,-0.3758204800697033,-0.9003056963992961,-0.6532995630842359,-0.7732491993192617,-0.8994680314133913,-0.3879015549215714,-0.5578495583922899,-0.5874990815907438,-0.4126117661494748,-0.20436401016217176,-0.19757547330188552,-0.6152541903234674,-0.5038702232183736,-0.4604863278812683,-0.25650797430373967,-0.684259650877133,-0.70871044743367,-0.34727761365497256
1786,1786,-0.43636747936720705,-0.6276880889496483,-0.9642910681433472,-0.6587218101430957,-0.6634431892618171,-0.8875649121019937,-0.4956976683875451,-0.29294829666709155,-0.7007389592839852,-0.361225614258778,-0.38295443651211036,-0.21359579294233008,-0.5891550879808768,-0.09885615362175844,-0.15861635316633665,-0.8339469258765656,-0.7492849280357606,-0.4300863390341934
1788,1788,-0.3658288585504528,-0.8476322026752859,-0.7866654679680656,-0.5964117257406782,-0.6280603151291717,-0.6840018979566855,-0.5632099304802515,-0.23777452111988875,-0.4548077974686618,-0.19140309219880186,-0.23657278371435214,-0.9172443235464356,-0.6724737736805597,-0.33502521223555565,-0.8775532128154758,-0.8774516020350759,-0.8699747651871285,-0.49721440687625595
1789,1789,-0.1521276120748943,-0.16882563679667376,-0.20103138149435282,0.8384522391376379,0.28030498456400854,0.3051251676080964,0.2880130962002082,0.5218388749057422,0.8624128960210684,0.6582023286700286,0.9662758882181526,0.36831029419340766,0.5591378346101186,-0.1473912188338388,-0.06141515834313731,0.1482471116414151,-0.24609539380463,0.06242809183418954
1790,1790,-0.21157118001920847,0.2220335862574465,-0.0077196577966035795,-0.052684606253832096,-0.04125773630649879,0.20957810628666543,-0.09157840449848194,-0.36583927317178583,0.3637552375657811,-0.24669643803492852,0.5356659011017911,0.09840328353688972,0.15503629564616817,0.303180476390566,-0.07990775334710537,0.3240052036034839,-0.4980420263346309,0.3656437344579817
1791,1791,-0.2383369827516284,0.2671402703028295,-0.12556871387223661,-0.16806731573751257,0.5803570251305507,1.261527364670288,0.1499022971762721,0.2598654772924089,0.41656897954847016,0.5821123768242353,1.1823776834036215,0.5420670355986569,0.3248964267124127,0.3433672399958336,0.5012958255038127,0.4794104645318385,-0.7758287752372368,0.08241291263504512
1793,1793,-0.3723583376587776,-0.8865612321666267,-0.822089023174559,-0.13868706317439597,-0.42438929212866333,-0.2289351316480412,-0.044817279806902165,-0.4124976610336605,-0.3244972590667195,0.17928901776496514,-0.5810822257589454,-0.26191867368816873,-0.46958774767941625,-0.5232675838920199,-0.4382119348771355,-0.5226965589484015,-0.8777377958931112,-0.3587385032865442
1794,1794,-0.44809017209192015,-0.725811469749821,-0.8641594321614368,-0.48141391039537973,-0.6635748873044943,-0.48834540313572605,-0.16642056933268218,-0.147166343657703,-0.7901525744949809,-0.15801517615247732,-0.5587258108702269,-0.6182890802959695,-0.5903081854763655,-0.17748904304787647,-0.5767439441564944,-0.31768876973453963,-0.7587413110487141,-0.2388633366246554
1795,1795,-0.48208395634890433,-0.3565903806363121,-0.7152879634503618,-0.2731006495002691,0.16175479648062238,-0.614276429957372,-0.19531378706438787,-0.5337723653887599,-0.5184141300551934,-0.2176452549953596,-0.4255680004638079,-0.9978113618368573,-0.34007124565405755,-0.6578881721508757,-0.683908938337615,0.2647460767037491,-0.6965381032530428,-0.2833396903495324
1796,1796,-0.48901836439417906,-0.6892358324695436,-0.8326404803641332,-0.6033825862469199,-0.22368147508839575,-0.4601829068112337,0.06645104989776895,-0.49219723727804027,-0.6325107997027533,-0.40469150644011814,-0.32233622040534493,-0.8500555757470434,-0.5359647701761472,-0.5637754360206259,-0.6581871736908075,0.03284775925772012,-0.7852301792791845,-0.2593038923593145
1797,1797,-0.4876416060085482,-0.4756818323170017,-0.6987103264327322,-0.45622472733908315,0.13638097359145468,-0.5422817192516735,-0.3248764169632029,-0.46768998862375116,-0.6566941971669175,-0.48092930145659646,-0.40164862853694727,-1.0177796991253194,-0.6448437836924994,-0.48603821458066426,-0.7099691472560913,0.04920199873274841,-0.760247734854266,-0.19720578786070983
1798,1798,-0.11056165669693849,0.9627474416882001,0.7850953939641483,-0.1983456546235182,0.8512379492440615,0.21258783871829043,0.8529841316075933,0.1377559310073758,1.3335144724484906,-0.21678283649969762,0.8715484332201688,1.1356915142200559,0.29692642079619547,0.5460923939944816,0.7104949987075592,1.153912881608885,-0.33397378105988973,1.3099771545132755
1799,1799,0.6461999103461861,0.3930467535947235,0.556811514297962,0.1938400893794795,0.0888379801849346,0.5269137837004676,0.2774953964215553,0.4724162326536413,-0.06250212558873386,0.476848039296636,1.1905295769751079,1.0556819047000938,0.028402537359532135,0.2995133074661159,0.29783666714756457,0.4180920629793797,-0.11885206330940155,0.572462999046566
1800,1800,-0.1543243515578502,-0.8565554814755681,-0.29961697508591933,-0.5152845945729454,-0.34234141154068026,-0.2346679553273271,-0.315089677014726,-0.5850687639724911,-0.10604723073340165,-0.06396227906847689,0.45407034984584443,0.10849893793521276,-0.5630182114164626,0.12340470211267172,-0.3796069247950143,0.012874794422080496,-0.7865496745833178,-0.20667494704084502
1801,1801,-0.0926131815666137,0.36096544171751854,-0.40393533900080547,-0.034808411826783,0.03179077803186617,-0.1842668804802725,0.07739514291069206,0.1843030066119256,-0.19188829859173656,-0.1753374676510503,0.3984627901260636,-0.21068477602993035,-0.0072400018920538295,-0.20383520135763744,0.38554788459317846,0.753673859542152,-0.42402933556696903,-0.23440726171635673
1802,1802,-0.24065520091566897,-0.5567594625884305,-0.6969498694043115,-0.27626533463807224,-0.14268717884183107,-0.6104784342698445,-0.29167865800934595,-0.4539243728012811,-0.4175583701762354,0.3951154064363712,-0.3524614511601226,-0.3366884527658109,-0.5462835144306497,-0.07289868141919734,-0.37947154708634684,0.2328972949388101,-0.7024868279158426,-0.06921178774847309
1803,1803,-0.24227491666347045,-0.23844682304063386,-0.3503993893672897,-0.346786493992627,-0.020054351435446854,-0.5705397626374871,-0.25293778700998226,0.01152783120133363,0.0790756775408315,-0.34528319235326366,-0.12328904466548529,0.041149155157687856,-0.3939711619175501,-0.20079331008389975,-0.2692470166893428,0.7045111763281002,-0.7337368750353931,0.11633984659595709
1804,1804,-0.2229395599240902,-0.7231312175094434,-0.7573583724372392,-0.09737509232145425,-0.5572506675163208,-0.08874370592417187,0.34892641538159763,-0.4162451736969202,-0.458680139004763,-0.15025340969152332,0.7538209927883487,0.2891182468701197,-0.25988661981390904,0.1758773265846459,0.34229470667394163,-0.7953205314196532,-0.7717383397944245,-0.15647658803599304
1805,1805,-0.3086832623233316,-0.6306625152164089,-0.7649418796365907,-0.31567421780679394,-0.5142293069083892,-0.6091407754113445,-0.023599140292051995,-0.40151485164430506,-0.3474814797971235,-0.2303597676742547,-0.04780741358815295,-0.27213820114659387,-0.6944417592997446,0.0856683509223595,-0.03433961660965565,-0.4169737981367283,-0.6149163228982142,-0.11924135603710151
1806,1806,-0.5542827858071551,-0.7617660729744014,-0.6973222737757082,-0.15863740934716666,-0.4790220301659805,-0.3120610749976865,0.02909088079984991,-0.3288836037400345,-0.14317174378272762,-0.12610569181300155,-0.4134627449723149,-0.4141338899416586,-0.4673406858933352,-0.28067675481144316,-0.3049867317775386,-0.5096811434248769,-0.6641994725075827,-0.3589241730743899
1807,1807,-0.2177564695311256,-0.7920333116889119,-0.8888961104069395,0.030089016505865495,-0.5769395248965828,-0.3930372094675988,-0.30294762205790265,-0.22578990141461167,-0.41163743505329475,0.06468591995577332,-0.3539324695489627,-0.7159753754925042,-0.7489625742146541,-0.614811611835558,-0.782802354519157,0.10918087211304767,-0.511412912083179,-0.02419530373168079
1808,1808,-0.37170032813623277,-0.7313027182423026,-0.8669016825326306,-0.606162377246341,-0.30149306863692477,-0.2786912638311761,-0.3232114529055784,-0.10035953945272902,-0.40426749471039314,-0.3304003131709907,-0.2903262473398661,-0.14672911509920353,-0.6648603735500881,-0.35469610913905897,-0.54311612132351,-0.4753732278513455,-0.8288504948749823,-0.3989275728193461
1810,1810,-0.2997950721572709,0.7048548785591644,-0.5957010203082108,0.05583415776204561,0.16961277969370375,0.6159158713213803,0.5995238104938329,-0.2269772321594072,-0.22354156779328177,-0.3492749579617539,0.5801795304724064,0.2983220152357074,0.03969697949483335,0.3630888350872323,-0.2998694543899107,0.7584521764547824,-0.06308139512137889,0.23187709185090324
1811,1811,-0.44188463613315604,0.16042047073168847,-0.42515110318946686,-0.10597106141197349,-0.2548500118553662,-0.3676694646867589,-0.1160858632491275,-0.29682567363056317,-0.1691289234989127,-0.2882896500542609,0.09314985890075922,-0.39615990892084063,-0.022732901575032365,-0.1195072154912442,-0.27403938757616914,0.3658504642651389,-0.24252176068926973,-0.3336055656408736
1812,1812,-0.3371700130377901,0.14672503550341653,-0.5605031647207457,0.2416524945695291,0.09125244430068562,-0.3773436046455533,-0.5339715372731845,-0.39509584480525556,-0.2404049906117848,-0.5477544146061399,-0.14183000560815093,-0.15544977853039305,-0.5076547483317729,0.1579132686736286,-0.053360184677426495,0.6457318804154075,-0.5905826303311605,-0.11785727216406958
1813,1813,-0.31522286465507976,-0.584297420058166,-0.32130670847454035,-0.3883978269531982,-0.20972148256459747,-0.2773536049726761,-0.2421358250751491,-0.35671166807117244,-0.5458203149913382,-0.23376016060000562,-0.5923293871902814,-0.5763332748393799,-0.4456979329010827,-0.18056473311354448,-0.3237636199697082,-0.23125921319352916,-0.5672165676538049,-0.2950031288405723
1814,1814,-0.38449608254386486,-0.2855963822692315,-0.35835530093803775,-0.40864753523359904,-0.38696509833451936,-0.09070242068126123,-0.2287755037346973,-0.1910604771293517,-0.20043243281977816,-0.2858502377379617,-0.1647074061762507,-0.14594871482056024,-0.118454777001832,0.7820755592526617,0.28041355604206913,0.30767095708624986,-0.5647205223701532,-0.0165997215016261
1815,1815,-0.03170174622585398,-0.5685427666452134,-0.3069634976852912,-0.34802670843852274,-0.09545148086822455,0.5722986378281472,0.06864392938829883,-0.48904338998717795,-0.655744848919358,-0.28700834257499247,-0.5778950192497927,1.0989631518997762,0.16133398196768448,0.20893254509259493,0.40911714367217433,0.13009350596497804,-0.692502646781236,-0.20790711926927588
1816,1816,0.4891887150436798,0.7688050432945203,1.3236033999847496,1.683615618000214,0.9162967823266679,0.9395576547823968,0.20035882989818932,1.4512776715228661,0.33774809215235674,0.526350860947607,0.3798298905340952,0.32361689410856137,1.5270153490607794,0.06680862502518631,0.8404440612574046,3.050044998738067,0.17543937268906848,0.5378946603640047
1817,1817,-0.39471041497843784,-0.6828293758949818,-0.47242388839494687,-0.5240730107326552,0.09120854495312646,-0.5098196051677173,-0.2778919434346243,-0.21421342665285847,-0.5831197079810051,0.19481255068687225,-0.2831090633696221,-0.10622262444580917,-0.7299216822378637,-0.13131989327092514,-0.23697297094303266,0.2365759991728018,-0.7923884413041065,-0.27122051692468935
1818,1818,-0.3053527218169145,-0.8134916726134004,-0.5865489007566127,0.10939859202012936,-0.47390775617534403,-0.44460873581584115,-0.3063181590526065,-0.47383071481948863,-0.3128802344584175,0.305374601830679,-0.37382186401473133,-0.5747353123640626,-0.5403997605434118,-0.39097911227636306,-0.25032121301763915,0.3543944994495021,-0.4283726742764069,-0.26558290700282616
1819,1819,-0.05413480933290431,0.6351192913049439,-0.30123072736197193,1.1129245258189802,0.5272388145840234,-0.05585163006426917,-0.03947721215866685,0.14016769658274103,0.2714436119148651,0.16418437382666487,0.10386071154449783,-0.03079631814962562,0.1826810689354526,0.22177608602615376,0.13681842045854892,0.30603153454718746,0.1760221497817272,0.09863370046411758
1820,1820,-0.24955351430515357,-0.40083088560401153,-0.5995717687745462,-0.09660530404469188,0.40028190144306613,-0.5684377272884152,-0.20353708515387536,-0.2576623110952084,-0.21439784519836005,-0.10469307259214815,-0.13773873571419115,0.30356184567802735,-0.23411932578010022,-0.12701054729979702,-0.06876616792377761,0.48306917580803643,-0.37476817754600256,0.42451793627671863
1821,1821,-0.3961681591514591,-0.40220369772713205,-0.7409612951148326,-0.799058489598505,-0.5673036181073583,-0.25423121613288985,-0.2191511993040385,-0.35609945065588755,0.2227520399544764,-0.04636894175698213,-0.35739549200602233,-0.11203227096459877,-0.49834126856051647,0.010330843709457568,-0.44048628038274795,-0.2631479808740543,-0.46218474144481575,-0.28114541103862767
1822,1822,0.993446720227977,0.38682007003628494,0.3461322049159843,0.32074824000691454,0.9292031905090474,1.3214353721188254,1.2671337887218588,1.9714584020433854,2.0715577863806605,3.5815792642065407,1.1479160130234103,3.5919951975970936,0.9832707467328823,1.2832609453928678,0.09035679084389432,0.40077816153026635,1.450610630397429,2.618527182035513
1823,1823,-0.31905956633268473,-0.7312700322393711,-0.7893964333583084,-0.39049336170660837,-0.3995422614102053,0.18819945131599547,-0.351048839771473,-0.2828003292076698,-0.4148602225252754,0.016390484198728413,-0.23729296980055503,-0.153281999978606,-0.521477134976415,-0.3595631351770393,-0.12838651082090433,-0.3469184740285389,-0.7488121088851133,-0.21924985539949118
1825,1825,-0.2742123496642201,0.46071738494333614,-0.03001840633364974,0.034687984150730225,0.33639342320090804,-0.22895391417658312,0.23919775610428282,0.21139015265160993,-0.053299967282537906,-0.42944193186402435,-0.004474974282952212,0.2219280632155984,-0.18764140430735574,-0.1643322484644599,-0.2831735779261645,-0.4870135351408469,-0.17620917158352725,-0.5687870630605125
1826,1826,0.2252509843188677,-0.16071020301994882,0.2824196330593156,-0.19608313356445228,-0.056559247590168234,-0.23583224937757585,0.2607391627633788,0.2468451245376806,-0.11517671442600587,-0.14228004590005916,-0.18246542570442287,0.26898796056265156,0.0628416409624344,-0.28230046391004177,-0.11580699546437574,-0.5151468731315443,0.6040626853594898,0.30927807518603684
1827,1827,-0.48356883942231904,1.2478564133779082,0.05391505819625871,0.6060839768275967,-0.08388727783559875,0.10996491885648041,-0.6349404468283685,-0.3257477057400322,0.07133329118179006,0.5369682612839338,-0.13233280755617977,0.02122661947764433,0.5145307397550054,-0.06840575868840494,0.024826563454102044,-0.0812141802130526,0.004553535346432332,-0.03541935658122613
1828,1828,0.31829161904781467,-0.11274416062961651,-0.10949825845993044,-0.8128510748090507,0.17507286049683762,0.23412134345568578,0.9070676432037783,-0.08518522492480524,-0.1057506696681994,0.4108639127192147,0.21083464655877618,-0.20032266330405138,0.2844631621613343,0.28878827783116495,0.17297413548354762,0.2289739053254136,-0.09887607096194215,0.09723671730059391
1829,1829,0.32787080807559543,-0.3416483435392174,-0.6679438809036375,-0.1994357406014765,0.3026420395953465,-0.03905742976070034,-0.005983140783288246,-0.25801579866355984,0.043976814618023406,0.16944002850154663,-0.12693077405835854,-0.03276694119182168,-0.2013849871982562,-0.16767786753929917,-0.24689304597452752,-0.575290900182171,0.01302465237565159,-0.8911204865607881
1830,1830,-0.1893451529526874,-0.416309541993314,0.18724313302094867,-0.0632640181143334,-0.06104868811068929,-0.3106527013480814,-0.2709510707569179,-0.137324889463145,0.1127241010516255,-0.6651485658634056,-0.16012925485359364,-0.17389978415647775,-0.3074354704509487,-0.05997142488629027,-0.38204608707939536,-0.19702374354441998,0.3310741075468983,0.07952608963574341
1832,1832,0.04690134541798725,-0.29468966552864917,0.04301460825730892,-0.4462434953104274,-0.013322481961761598,0.08596497229186732,-0.2509339558907895,-0.012884890098307124,-0.4080543984341151,-0.02806497903927884,0.029058403467673476,-0.11498707045421877,-0.09520956228291924,0.08352470753369298,-0.1848218419588429,-0.186233285917646,0.08983855550189737,-0.33281899446706575
1834,1834,-0.007822533199837167,0.0474267757529647,-0.28664614203919536,-0.31431840840351444,-0.16628577846609244,-0.41504009779767226,-0.15671546695194052,-0.3909471148246419,-0.5839653403809107,-0.4821315901257389,-0.07628853010843427,-0.7467468670943473,-0.08548910092917326,-0.08170389164973987,-0.47610764394375504,-0.5691592752354807,-0.14787191881158912,-0.3259431037265944
1835,1835,-0.4033807853595762,-0.6209982350047256,-0.18897811058621117,-0.23581152695319174,0.1312375027990284,-0.1330530967699429,-0.474113282559125,-0.5116131956133723,0.0779524692783844,-0.21868329881716972,-0.382398908072569,-0.7797988905670659,-0.36033577041465026,-0.13461527903500772,-0.24959610679662522,-0.3713843137196758,-0.22676261191919175,-0.5905259903510935
1836,1836,-0.32871532455184344,-0.2817876525108942,-0.32859730223280886,-0.3629870872243212,0.1890016374964039,0.039771260708225016,-0.2517104818985265,-0.4747430042612604,0.02449632211855689,-0.15014126495020497,0.29487922162460833,-0.4055216183862739,-0.19096485253370085,-0.3336093278729074,-0.0887019910739867,0.23387319388575878,0.4676503750050898,0.3087571743723652
1837,1837,-0.6170348567779377,0.1585468157977748,0.1356684327383772,-0.3312490739404887,0.5974256110043538,0.3448674886342517,0.32214223781967954,-0.5802389255105007,-0.04546587675049439,-0.6070665011458078,0.648064462926899,2.1049329950922537,0.3377382871129697,0.8518644024603628,0.791677479066178,-0.49825484754311267,-0.4793931826776915,-0.605076486413
1839,1839,-0.010634035220569623,0.17795795250016314,0.707256883394188,0.08335666297153703,0.1940436245425286,-0.10177893959708696,0.03419489006151453,0.006828868779522657,-0.04730919216979986,-0.19795826677587733,1.068272777518868,1.0677178658587252,0.21032277954805995,0.6636944153351776,0.33406664099129363,0.4241639661283982,-0.5900369015528851,0.6909594647240157
1840,1840,-0.6507327167121437,-0.16838167021969522,-0.10373659206362948,-0.13897706036713553,0.023859294656915934,-0.3092423952097482,-0.26295572889947066,-0.5238536025740389,-0.4256496819820195,-0.00902913456248251,-0.21177618966968997,-0.3590941835720087,-0.7199678521707187,-0.6392695848615552,-0.46008766879627955,-0.4319791955457943,0.4904950648000174,-0.43276249725027915
1841,1841,-0.52248806025217,-0.034053504656461515,0.024608419931827174,-0.2972759892986414,-0.20846349658709373,0.14361432847284533,-0.2560532754973568,-0.3924616479374225,0.21507000035527482,-0.9306758572513524,-0.009076167235274163,-0.07291659975471304,-0.04970580874777506,-0.44038799380768356,-0.42861808913351235,0.6591795320998376,0.34558431123243255,-0.5478121236299842
1842,1842,-0.566749134921412,-0.21677390523223616,0.1743183138076232,-0.5876676354889093,-0.16069124489436476,-0.49847083987589463,-0.260137227093608,-0.40740835177174667,-0.08786213139449585,-0.4408114635481185,0.3380518073956051,-0.029534354913129248,0.16861725255730864,-0.4292265587428846,-0.021026275628998496,-0.4820841895954684,0.16165176696250716,-0.07361874958384515
1843,1843,0.2565992318500322,0.2079464151900798,0.4798734976677087,0.40408940284687617,0.17523401990013843,-0.39482570981489995,-0.3325842275932901,0.4236234157343386,0.17137504621130958,-0.28962917652591413,-0.07879297690526804,0.8767610300333516,0.5792005443398238,0.02411888312079675,0.4429826330156201,0.26744684616739384,0.01797069167335722,0.20499373228888892
1844,1844,0.42522910662209557,0.0022116130150659674,0.11545588413729803,1.8718048868722281,-0.11052462492402614,0.2072018157625937,0.39789666390787587,0.14035606682104262,0.27279928780530616,-0.34348827233227774,0.5697859397886602,0.6821031171642572,0.408455268169784,0.5246684798303152,0.3225104360087491,-0.059002068273815135,0.6010294789393499,0.32841249840825737
1845,1845,-0.10638576118379417,0.5252274500321114,0.11464613642754652,2.3241833297347294,0.07087179487694018,0.5754649133581641,-0.12982465890620692,-0.2726149047342954,0.3298582787392273,-0.24661986238379888,-0.09523204919378545,1.7612247453295318,0.5369202857009081,0.17849530614550752,0.20312938281997273,0.005410050651469449,0.3023542881994476,0.5984822069367689
1846,1846,-0.7193132838607201,-0.8261518654221829,-0.3513636705338706,-0.6982477909267647,-0.20132643729805932,-0.25641777055464604,0.11823226023224517,-0.5894006094222384,-0.37533554974146266,-0.2967107705462924,-0.047137934252267435,-0.11557268391050365,-0.38819776118438504,0.5199452529011306,0.32913169508673096,-0.20772403021609545,-0.8241676457669284,-0.4334917583894201
1848,1848,-0.48688239537532446,-0.614411621752418,-0.26082764775522826,-0.6140973542974506,0.21725057861783892,-0.17803443991887855,-0.09827469481404623,-0.6442713992459196,-0.1393911760705046,0.4847983530420639,0.06447011631592425,0.29025744129491843,-0.4649119420481374,-0.30023748046253956,-0.024820480269190745,-1.0936837210428227,-0.5305204728766264,-0.430019086298273
1849,1849,-0.09873445925594422,0.19004632505733896,-0.20654340705926125,-0.1129943558301952,-0.15270234304502742,-0.09900781174632699,-0.1477135173066848,-0.3358032124724259,-0.6202451393154015,-0.6509204090701688,-0.2916855153733083,-0.343329469328819,-0.23959214763495906,-0.3135356134238745,-0.33423414886835184,-0.4703920224177094,0.48904677704986066,-0.41564222384092475
1850,1850,-0.18615208994342625,0.47683521501957093,-0.1448780045474915,-0.052759182731657736,-0.026744757979526166,-0.15923035807443878,-0.28481349800616296,0.07138273916032443,0.3063141136108401,-0.26416142555354394,0.5136106157061969,-0.35625981444358873,-0.6237877602669454,-0.05060931436594285,-0.03960051925974081,-0.06020434767512754,0.13077317908180366,-0.022084295751221134
1853,1853,0.12612545593076435,0.11352537697906157,-0.5839792722310465,-0.7165194992785479,0.37177942361137645,0.21269458703820618,0.0614308207773531,0.25575852433256835,0.1411279159218148,0.2990526897002141,-0.03324699097215565,0.14994445716906107,-0.1701245832045902,0.07340350697115484,-0.14549106706116918,0.10057046526530433,0.19091810998926237,-0.030279801886328707
1854,1854,0.01268134939421754,0.33487432704042736,-0.175118967092405,-0.5954345084580148,-0.019953040268993312,-0.17612928952148088,-0.20865642880284435,-0.39462171975401156,-0.4996755534799942,0.3317319721979234,0.34664264233823183,0.12684786245318505,-0.2095561719352096,0.24442368203204026,-0.041807605619068204,-0.25422218606183306,0.37668150858485794,0.48214769188333956
1855,1855,0.5428503018751587,0.05265732157097378,-0.06978947653947332,-0.188204507027444,0.06246848313339968,-0.14196029343309885,-0.2986184048103907,-0.5998037139182217,-0.4517493525780804,0.19354343567182644,-0.31153180016449494,-0.06347651083940062,-0.08673851755561866,-0.3077721519924287,-0.20131299284595042,-0.582654861515207,0.15274343098984416,-0.24690508693208563
1856,1856,0.19669415665114365,-0.012046467436987474,-0.2203402622677022,0.5326060059328125,-0.29436145854640305,-0.11316035755556259,0.09827266581113357,-0.21334948604238219,-0.4256496819820195,-0.2260247678474697,-0.2398056087621579,-0.4598899716677623,-0.45184304413551746,-0.3170218047287486,0.18410876217273742,-0.1529000895162739,0.6810951979574575,-0.42137213279131747
1857,1857,0.34759148653530336,0.09074344408284553,0.14541654939806556,-0.31314499594055667,0.050934074411445436,-0.22318897855848552,-0.05116545034462311,-0.04118927941911992,-0.0929731423298405,-0.021827978801147462,-0.25506526133821356,-0.10805340713180592,0.5322974441830604,-0.19756352364479293,0.30946630763789407,0.2773355942431835,-0.4225000676620945,-0.22693722240799036
1860,1860,0.06276624967783351,0.15703576922812734,-0.06816998111997154,0.38559418735928946,-0.08084827194478388,-0.2679723840037947,-0.7231480492628769,-0.2972446891257396,0.387001056737663,-0.9367179512320425,-0.3333583452136424,-0.018805916393990128,-0.14823480390926522,-0.25039056769204,0.3295036759338087,-0.150044675938158,-0.24804970922810182,-0.4119959181452202
1864,1864,-0.6456720130748246,-0.4072045177915949,-0.2746556471063518,-0.5236328410817406,-0.046912706164022294,-0.3515763215726895,-0.3407233705632817,-0.6064080714264105,-0.3209996384042404,-0.8701899486919747,-0.5541573639763379,-0.4234648146868421,-0.4261300499632702,-0.024940825161506194,-0.2600611679610755,-0.40769315163929487,0.2732519022764839,-0.2898620406995761
1865,1865,-0.09021962456458403,-0.1728373203609623,0.033391068168352224,-0.4596539234585243,0.12907336224041777,-0.3067186894885211,-0.46214902999546115,-0.5505689735470173,-0.06385713741128299,-0.24947848749294282,-0.4990158522344279,-0.642413973722633,-0.16442724338799872,-0.281260229407781,-0.25247275868069174,-0.4083844622950496,0.12651029438322883,-0.15296930686655705
1866,1866,-0.4003082152940613,-0.5966277659711884,-0.2870198717513879,-1.3104897126713813,0.06292893857140244,0.19584514001707068,-0.2270342109859716,-0.5760429239357486,-0.28145214395371043,-0.5704890934992664,-0.36996403851154674,-0.3355525226293561,0.007642414406073136,0.20998348567340397,-0.3643150000353613,-0.2694310204884286,-0.6986311566306868,-0.4670724975108133
1867,1867,-0.18898367412144942,-0.38806459457606624,-0.28863936717088967,-0.8012287037473657,-0.03945332806838627,-0.2009704713265034,-0.34693557862518454,-0.5804623812156656,-0.03784125387973676,-0.5668508433603572,-0.48390180703028096,-0.6338171681843717,-0.18196905282329368,-0.2790673026192305,-0.05886912713836201,-0.1872251664237281,-0.3598138016458696,-0.6334134906767603
1868,1868,-0.6146450800603147,-0.499649572026921,-0.41477314503587254,-0.9879689157096282,-0.010007202808145741,0.42733328440729906,-0.5654557492470923,-0.563827345386767,-0.18714980284338917,-0.8219181655989358,-0.3826901228163865,0.0854567033629701,-0.04238422731680379,0.8139099003508456,-0.02092708073644494,-0.8282504862181915,-0.2853499503406333,-0.8760143629642974
1870,1870,-0.2439284564694749,-0.7445166058774083,-0.3119663300402407,-0.5067580523287187,0.08892164804662629,-0.12102838127468375,-0.12781144333059052,-0.4389900914349694,-0.3789802870478143,-0.1708013282390146,-0.4689479299352343,-0.4825415001568617,-0.8454842464634315,-0.33580225466145786,-0.1313805935953586,-1.0785650575713257,-1.044061448135089,-0.800275384656379
1872,1872,-0.588839507941451,-0.619254719732056,-0.41726467645048976,-0.40355363237231423,0.02984521535094378,-0.42689161780225954,-0.6831713399756364,-0.5901454617727856,-0.15623237603778417,-0.006300446958300611,-0.4366958970574075,-0.44232156797921557,-0.44549600767317493,-0.3751905935173352,-0.42095528368371365,-1.0640775907855182,-0.5402212681842814,-0.6515755657134596
1873,1873,2.1198217853038877,1.2067094529429054,0.4485113459862189,1.7042304118049578,1.3879585297384278,-0.13767989059219363,1.314341154150981,1.0784727739242044,0.7612359803887061,1.5832250512304693,2.0845976727059794,-0.021452889216397666,0.5152554013983442,0.10815296223586932,0.6798848351577846,-0.8398825394258839,1.0876541629920662,2.2642188288973073
1874,1874,0.27814738662321614,0.1587405397169603,0.020871122809900652,1.28085201981272,0.8537151077963775,0.36837259093980057,0.6146624609567468,-0.1295287681940787,0.4692380605579922,2.7570155022962948,0.3173318783729647,0.8911202719814567,0.7093647684829143,1.441986624148343,0.24923020913445879,-0.22010750804960844,2.0580069555971843,1.3124983155975278
1875,1875,0.28935323039156324,1.9936547574582923,1.174419023634867,1.74842894790973,0.7926126711734856,0.2806861882336259,0.6783088333687344,0.15830700846924303,0.9865393968664078,2.100961039747852,0.39234879638044357,1.4229978375176362,0.6289023377398252,0.9023860619350318,2.4090006047133774,-0.17619425291669122,1.0892117554780838,1.8384345038017584
1877,1877,-0.016036135531834132,0.9913659443762902,0.10888447003124554,0.18203506342795545,0.3864679520836464,-0.22798896787140813,-0.425105863404119,-0.5839383588515554,0.5166196455405657,2.60225993388766,0.09934308188811228,-0.0560743567519598,-0.12969346117281427,-0.03399367677577589,0.10787748724496418,-0.2960314522424528,-0.03919568518189197,2.6444416961570045
1879,1879,-0.3192365463105175,-0.09926097585430453,-0.3148315911670505,-1.2448344915296516,0.48571912174502074,0.6031761918657587,-0.12637343220515,-0.38915946918332756,0.6582616781012025,-0.750322600365387,-0.24081029962832964,-0.32501148041622835,-0.04160958900840778,-0.15435162013195747,-0.22053200327829395,-0.7405141469074578,0.03715367281694488,-0.4230737421159796
1880,1880,-0.4903365264293674,-0.027118188349620022,-0.2692677104222421,-0.8015080876671176,-0.06452512666760628,0.06278151875470994,-0.09948262415941694,-0.12173264692501345,-0.03771557328296551,-0.5408633423681424,-0.40677358213012327,-0.5803155228181843,-0.1552315370173599,0.007250215516566509,-0.22737645086452224,-0.2786284579084635,0.03491292573179653,-0.2178735482500954
1881,1881,-0.4575825278878364,-0.10154691810069344,0.055596841901124475,0.5342823094513246,0.06191593660779737,0.007853805998584708,-0.523465824384236,-0.30057169629151953,0.9567112018994828,1.0315104051657662,-0.07352199004216428,-0.14401007334769753,-0.08536415926652884,-0.2122954933524863,0.12694770533847682,0.015509197622487982,0.46969983880248184,0.7532244753182842
1882,1882,-0.25043507543174076,0.6744723573726297,0.11726224441289546,0.7833810123022427,-0.19515633442882968,-0.21037251224872328,-0.6303675714494679,-0.32485388291937506,-0.32192129611389314,-0.43684836964680596,-0.40504085440440696,-0.3688856405610912,-0.029015469413837168,-0.08735489529715718,-0.15342665846549203,-0.20898642358747233,-0.23189993450465446,-0.005102929225512374
1883,1883,-0.2973469948633876,0.026194634210232666,0.10670438004345559,-0.10522748286108768,0.6566401803314365,0.08784538047631096,-0.5979835609045523,-0.5439646160388273,0.07229684242370078,-0.4714117459664503,-0.05287486470547925,-0.6364407164685278,-0.04188446066622607,-0.17161388998028623,-0.2627394300600342,-0.37622348830995583,-0.3621092010989491,-0.19589153391313488
1884,1884,-0.12341543056651587,-0.6350625915375935,-0.2688316924246844,0.18890790785385705,-0.36253188614262855,-0.3100836304501577,0.08153421631100854,-0.4087490860027324,-0.21211834806851274,-0.37148980465138737,-0.22930731724752446,0.014784871458510512,0.30008086999190287,0.01647175380687868,0.3015307162335716,-0.43146822680023733,-0.09084217287616585,-0.3660524663793432
1886,1886,0.2757333577189664,-0.08384636427397697,-0.723867690403907,-0.4302083880897644,-0.03155808084553413,-0.03806239678722325,0.11664631595990471,-0.7432766183370002,0.5058215856946449,0.6231335084801878,0.5200684944824038,-0.2811356748464258,-0.40933128113261824,0.45390064140128755,-0.4149040874153677,-0.5333987753653564,-0.3443787857669214,1.2854606021533632
1887,1887,0.6230325082555752,-0.09015517975903659,-0.47072814898631726,0.08204254761300186,-0.3078394553843027,0.25419042469927206,0.4886945429516576,-0.03496414197755138,0.15335758105784478,0.35594177578351105,1.0252596208906,-0.04792823919612165,-0.37868688755082125,0.24429309812116376,-0.4328961489311392,0.08410578755344163,-0.35180899434972346,0.4745002387627526
1888,1888,0.9103732866772054,-0.1019364689035336,-0.7736803408829845,-0.01697762895158894,-0.2524739062954154,-0.17386069306679278,1.0704084054977179,0.03259466332811263,0.10448320410718068,-0.21488210713327194,0.4877930711765219,-0.5796034962318717,-0.525654140643596,0.22330878998736164,-0.5354203651781809,0.1063608165010761,-0.532772283746785,0.1505651529206653
1889,1889,1.2139750214027234,-0.6011865069895459,-0.631908323416788,0.005128957658535931,-0.20185628711069276,0.2752557860057956,0.7663581744876906,0.2052721554857618,0.199698688152343,0.5132851714603218,0.816727401428437,0.18354052568786683,0.1990651848359212,0.28685732880898096,-0.3885160461495929,-0.04863677787493994,-0.41436734390443125,1.2049007144362036
1890,1890,0.7029944653207371,0.16998305978167969,-0.5513842796525037,0.47974197576385935,-0.22389338854925994,0.28210682007381144,1.0751585295030617,0.1712561247841626,0.060866254874669,-0.3762911700171319,1.3071890000620632,0.21479756614948642,0.6396963587183474,0.2826718274989315,-0.6082468696355997,-0.02120749130248119,-0.3236120608354569,0.43612410106415156
1891,1891,0.41692318058497474,0.7095455966111424,-0.6749642614815413,-0.33319620210401113,-0.2041721478542901,-0.054574000983780624,0.5379669409622404,0.04907243514735534,0.1406921445386822,0.016617912388678376,1.0788810652871001,0.13997658028332854,0.41136882710883893,0.5178989594994599,-0.4176398989157188,0.3897006449693528,-0.38926904699476267,0.41666255084936654
1893,1893,-0.053229432525352234,-0.9823261052845379,-0.6038285996592291,-0.8823830128117292,-0.3033341384446835,-0.16984884200387784,0.05849585050803291,0.0020326336625490645,-0.2514051580190946,0.21960127674213087,0.5083332378573892,0.227558210999066,-0.48786440761846794,0.18887124379270395,-0.4617776170066825,0.42770782244481076,-0.4382579470579162,-0.8754963314644488
1894,1894,1.1420873302477454,-0.8555908550209853,-0.3740718320106617,0.5224045226580512,-0.39062296749375613,-0.17904005864858188,2.6316698255669304,0.990156973087903,1.0228662994676752,2.225763079873921,0.1975414272902411,0.5293700176329036,-0.23289335776940298,0.47682437699079727,-0.5580076906334801,0.39908569629985297,-0.4872647437682857,0.6981730192645549
1895,1895,-0.5251398414104919,0.5734870206636027,-0.12800345264645166,-0.18909637919126626,-0.399078942680593,-0.21826485345595983,-0.25805979024608944,0.37464042023918614,0.24989197613493513,-1.199780644798413,0.6539101480371708,0.3990183181532057,-0.1754823236752607,0.0008113543736879891,-0.43959306238145274,0.33022221828158865,-0.4422445408165206,0.37931644293677813
1897,1897,0.8896346411684549,0.3368118152768247,-0.0052218390593290085,0.10328452540887788,-0.4671382582123443,-0.6083353682388845,0.5381200163127845,0.18267157291628075,0.10152801414910893,0.3396772954135024,-0.3202979982319852,0.040756569065926986,-0.7043080428203976,0.2581993239795825,-0.6080113845886514,0.07123621197929775,-0.3671543809539454,0.9495056538438766
1898,1898,0.31001338386753147,-0.31019752067376244,-0.509271258638534,0.04799939124256426,-0.03021012212206554,-0.00997868590693328,0.022963938066356625,-0.16313805853319494,0.1746721666322897,-0.09511812937562812,0.8121709050116324,0.2160894984657537,0.39232197332662344,0.4848959139016551,-0.23715527703939177,-0.14396327274718934,-0.3562286661303086,0.7479181547550827
1899,1899,-0.09913950129022343,0.023530164919234903,-0.5327215605475633,-0.28091223568808416,0.0812115658731073,0.7707984939193468,0.27085911745043467,0.0827742211008903,-0.2464510186424304,-0.09436134263031572,2.0497810716091904,1.393317608623103,1.8563200170942604,0.6466807541970789,0.6474417465559705,0.11901915720785186,-0.5019301100856585,0.30330416954097666
1900,1900,0.19034459434585646,0.8362955897125502,1.5776376818999938,-0.1947327374933789,1.9447169123286305,1.640343811771944,0.6717469358148678,0.7194553415465322,0.19338193408685272,-0.8385595691776346,1.1127575776936642,0.5827715915906192,2.839315087899631,2.3244606012674285,1.1118070375262576,1.2411063327285115,-0.46985465150126166,0.11345338453525501
1901,1901,-0.1030283205466749,-0.5528253934011584,0.6040264609443227,-0.36831309101592324,1.3071965874745357,1.7958897494272767,0.1835721721103166,1.0942288077884725,0.824855083586409,0.3335947280544579,0.5925238269067673,1.2985215560077183,-0.7776258337660862,0.7408383905781486,0.9898875902801874,0.11825866599178857,-0.1340347623434224,0.21263926081002316
1902,1902,-0.9000920770353908,-0.4973374220767917,0.37826460219869534,1.040051713984941,0.17097565292788458,0.15454533123092973,-0.4768758543412202,0.6196762978881017,0.06493524314249544,0.15307041885717276,-0.5165960499021246,-0.011879737328297668,0.2211369518630571,-0.06993341800914678,0.1808581028487396,-0.15939334425356835,-0.44346752706432563,-1.202862776830834
1903,1903,-1.324243910314759,-0.6300855970170955,0.6783678666722338,-0.6866312722479969,0.5492366049810906,0.18574128667575793,0.04669481578674796,0.15702583124361494,0.13589328187914754,-0.6637079117235543,-0.4253347678383472,0.07609867538314682,0.39195783231926046,0.08100318853393486,-0.044244502502536726,-0.6578563362004908,0.026745596531479895,-1.4697575086726666
1905,1905,-0.1960423938323218,-1.961750162745022,0.7049333634978935,-0.6549100601117244,1.9496278712612143,1.2409208804080125,0.10298935082804012,1.2859812500468732,0.5660279956521267,-1.394748283336609,-0.9258183707039872,0.6683751611975535,-1.6718929342928253,1.4142637510370364,1.5435435502080126,0.3153948489989581,-0.6486568735829525,-0.7222181947593745
1906,1906,-0.5211141188946637,1.7516788664108094,0.04697361535905646,-0.11134861403248432,0.6423106718198239,0.1823922737279801,0.46618634000244946,1.1945041709688242,0.1136980545071533,-1.222288310187554,-0.06670710024219179,1.3485654682140118,-0.44860708702138974,0.9891594570269615,0.599443021628399,-1.381277106210375,-0.737686345969395,1.2186539801649852
1907,1907,1.5299659051399348,3.6825489217412057,0.5050788452852926,0.3085664460392153,1.379022111230373,1.5952386501309794,0.9252975919186038,1.1394309015817765,0.2766956600730035,1.1702690838507548,0.6596087075992161,2.421251374966627,1.1573425564960578,1.1101382135748028,1.1451896227188338,0.7082258409741895,-0.33954348069890117,0.9720080223803009
1908,1908,1.39249977704509,1.9248964832384459,1.782896076478577,1.509252492124931,2.1159118720263304,1.7962188745499728,0.8453624643567403,-0.004357113496172397,0.4585310931300902,3.204129120622293,1.6339388225826843,1.2233633128034307,1.1877774826487881,1.8336734278908564,1.191916905377931,1.2811355417232717,0.2962053352964381,2.1773888306633067
1909,1909,0.9496242962496718,0.7518048249107818,2.5736260322142015,-0.23582487346934503,1.4275214862629264,1.5148370482120619,1.5471433464368745,0.4117279805909869,0.8128533821336567,-0.498568254879391,-0.4861609701301303,-0.3081053825237531,2.381240171123176,1.2220569027744976,1.3815564800276205,1.2645802924825646,-0.5477870321549607,3.4273720736290896
1911,1911,-0.415424571760369,-1.2839832371967368,0.9820981150938907,-0.6134974882873864,0.45955866393778233,0.8753582239578128,-0.048000905343504416,1.1455082611879133,0.27736760476830297,0.0029445685292906892,-0.22596491609394678,0.742276106387602,-0.8751390852229595,0.5557242410253852,0.5311646285624878,0.03943566530257694,-0.31342141777917604,-0.8332539892646492
1914,1914,2.1147221736887456,2.5958005726466986,1.324360850620326,0.08341231108136582,1.272696999325814,1.6221329933551942,1.2853481039826578,1.0990053067592158,0.8975952117554674,1.074090111446002,2.083633720105117,2.674874927134153,1.0769712253731518,0.9462624613714444,1.4295456790837977,0.9466401696558808,-0.10949008850185031,-0.19581828616679395
1915,1915,-0.021514482592795477,-0.7776108442666074,-0.3371705246334629,-0.4798694318370891,-0.8937018684809742,-0.17656713089256856,0.15211856982182326,-0.07961900881665154,-0.34553969718351646,-0.10530639284556988,-0.35788638535472783,-0.48813449987052737,-0.4117373334258019,-0.4380543374176267,-0.4437638432592482,-0.7222239133908096,-0.5285478314069608,-0.32234564313247505
1916,1916,-0.19659592594056582,-1.0170198350523816,-0.42059256543551876,-0.2640308864396947,-0.8486326795142467,-0.4343091101122642,-0.2122933394115386,-0.2480897994752615,-0.492151303357281,-0.3595097259532837,-0.41645160953348026,-0.5717036907558896,-0.7005665332485982,-0.5660097552386544,-0.43989049225576304,-0.21308836978284149,-0.5773291053597654,-0.5689726571185187
1917,1917,0.06553216156938751,0.011286817850698955,0.14845489901357542,0.02940878620068331,0.39747822804855754,0.22827968044238528,0.504032376758021,0.5613130491785532,0.7358240357838173,-0.0018419330316482255,-0.07298388891976192,-0.06970952789212241,-0.32354988767004084,-0.0293902622951649,-0.008609713246987795,-0.27127029291691473,-0.028219606776356508,0.44321974929751295
1918,1918,-0.12151855549492352,-0.8764601003441055,-0.5450871367860731,-0.2450026362854669,-0.604866258009593,-0.2799346126594934,0.1223709622122073,-0.32152917531601555,-0.22768348927252444,-0.34456976885396734,-0.5729424808052801,-0.6481720698930092,-0.7900135209683362,-0.57763536210544,-0.5578522932641862,-0.360666771896481,-0.1313864547706361,-0.21923657189900034
1920,1920,-0.46803057152886307,-0.9833606748970529,-0.6431191103379561,-0.5507764599695422,-0.8806263261568203,-0.43586337826202326,-0.39499333045855994,-0.10014419622994496,-0.4165346769605835,-0.41522728863600983,-0.5928567755944976,-0.8494777466712502,-0.9990735952016555,-0.941039216376384,-0.6390447498098872,-0.4705062538364921,-0.7536149311355196,-0.6652403898673795
1922,1922,-0.3051930699516899,-0.7857114129385606,-0.5427444477809495,-0.26266754668894343,-0.9472441169798329,-0.3743515531880168,-0.29540189704357045,-0.5823867328257678,-0.5324682647592439,-0.4508309217373358,-0.6266205123923855,-0.7837705976482356,-0.8501198597945542,-0.9148180597807036,-0.5219857076445306,-0.20079790542268722,-0.7492430028931787,-0.6186131088613136
1923,1923,-0.09049102431972016,-0.2849223059058171,-0.4986428322216186,-0.3646000960190947,-0.48587946140121197,-0.34944941024377085,-0.23411874464275176,-0.8287194416290249,-0.29969491018389915,-0.2440378081262835,-0.24680499283245586,-0.6538449533387247,-0.31867255097565594,-0.15719910105594875,-0.2685216904099193,0.33408782761324146,-0.48941428788249997,-0.45706191714392685
1924,1924,0.10578964434028422,-0.188356724348147,-0.41801810001201656,-0.39030415715980654,-0.7552720211353017,-0.14354907818254298,-0.2523738789716763,-0.2588358263742431,-0.20940058631859898,-0.445993625895742,0.4123785204356544,-0.3851750346450871,-0.8273406035636515,-0.578554255834947,-0.4304882315365024,-0.5346756753479105,-0.5397921711183145,-0.23102561241249228
1925,1925,0.009327674414533482,-0.5900421328248004,-0.3639985341772287,-0.3607979861480309,-0.34982176282213484,-0.23712489813498883,-0.2616196103386581,-0.7279199029652118,0.049023636418493395,-0.40023067234128906,-0.35964853361342647,-0.47937336752342175,-0.630733402348118,-0.28956347131953797,-0.36318898321015897,0.08949659452411036,-0.6073675729600854,-0.5408084547558573
1926,1926,1.3168309546125896,1.2889375599877915,1.098777223826477,2.1537415463996528,1.1076439679872103,1.3821835831795408,1.2828045099708891,0.5592797756587645,1.4768424699567422,0.33586042986138154,0.02521425988789242,1.6802093907403015,-0.08952468984670281,1.4979851772392763,0.4513026992531088,3.0763936522771176,1.8669926111337651,1.695037994135168
1929,1929,-0.06127043618892428,0.0017276922601154555,-0.060757630134473224,0.15631434454981505,-0.8313182885066712,-0.4610849793424903,-0.364470483472953,-0.4114216306491984,-0.470698755662037,-0.35779152774359513,-0.5263795919709991,-0.6681793511226883,-0.12845733249574404,-0.6150767050817205,-0.37114696259070007,0.06851785784423654,-0.24197402373108023,-0.6577405141429176
1930,1930,1.0341792684464095,1.3795949672656938,0.8429531246167157,0.9198965494793317,0.7469221128939703,0.7289267631188534,1.234912405536603,0.6558243728456151,0.9660943414608227,0.916652561494018,1.1094831116916872,1.305736254447192,0.8220807305008478,1.2553425607043254,0.9096858863276287,0.9693706447120664,1.0281265753429307,1.4790496019379837
1931,1931,0.9144985506515575,1.1032332131152225,0.9972677908138089,0.5354094364441035,1.2236243817035586,0.6943255168334869,1.0265700883531998,-0.5030185690783907,1.116357541880756,0.5590153227339454,1.4294697934301446,1.2549737938326564,0.9510624570064058,1.2604427530342017,0.8773935110822862,0.9176212924479668,1.09538669601119,0.7871851468564661
1932,1932,0.7661044544822035,0.706468609639118,0.6166061877182868,0.6713795336443288,0.6514328970121617,0.644968493286087,0.8602930136237802,-0.0646957267995615,0.6119912714746247,0.8451637252799789,0.6396957424486568,0.6100491712814171,1.1699972174986732,0.8295565163845847,0.7828250990212631,0.36182696763510697,0.7088093238846033,0.7638533627225985
1934,1934,1.0559102835239471,0.8716618116872674,1.0029668747773555,1.5350662410298355,0.7743259464794419,0.777118289044278,1.0717314044018742,1.021214643888767,1.341584165349226,0.8515610315944844,1.1639316355906628,1.1149648947159452,0.7503885664067604,1.2596543552466304,0.7093637000100819,0.8903238360898351,1.4595580735454314,1.3068581436731965
1935,1935,0.633668639611009,0.7898963017414883,0.7009857237093088,1.5407908257362468,0.8709207544415936,0.5130735123840072,1.0597652331643985,0.6669086324215749,0.3536855328478562,0.3836974327795491,0.7392429609193242,0.8138024384796324,0.660113778622367,0.5538498149488871,0.5614136650172487,0.3892416416900589,-0.04904995244429571,0.5692757973110487
1936,1936,1.1162157304234845,1.2794476610238605,0.6204728552655727,0.8958349457555607,0.6740931159775022,0.6655137628632359,1.0125252642586202,0.3393077541293033,0.8701266330134046,0.8348610657421004,1.1413328092183508,0.9029841012780564,0.4096629282323314,0.9987316569477642,0.7643372511528522,0.505188508969254,1.1321285557841028,0.9623551772165168
1937,1937,0.8300944508289951,0.2483135884697275,0.722386055311193,0.8493982075180944,0.6572955342640604,0.20854206142129458,0.8048592968727266,2.1956177744060774,0.8726507237614105,0.39687526088301794,0.3590126599192128,0.6969998056331428,0.723475539008345,0.9292624188581213,0.5689767636998504,0.43591545559814066,0.43563360170191506,0.5348283761200137
1938,1938,1.179649203818944,0.8385050575071209,0.8328146396067369,1.0493418461846709,0.8634546596896594,0.8623405726013669,1.3633136095877025,0.47218265557282535,1.1926045749319716,1.0903185551184924,0.9451467412793376,0.8534208068016175,0.5844948945943339,0.9455999587719036,0.5899397500694382,0.976559437268524,0.9088000024274995,1.036581168603698
1939,1939,1.2475648473556924,1.946931876829574,0.9118232328323618,1.2091970449207978,0.7620931344191355,0.718545840984499,1.3176121027470171,0.9300102576812714,1.6347450028602937,1.2068822768984142,1.0390240299358053,0.845328538064145,1.0947632312644873,1.3971247493101477,0.7909066125533609,0.7953638775190328,0.9175413997251632,1.3536999601100248
1942,1942,1.3213852405114745,1.210423590631893,0.818745790272902,1.3463919321758875,0.9063610425635901,0.8526350017099663,1.2897370810512259,1.533629647121906,1.106915846486493,1.0113630349612786,1.0960787042038205,1.0908216128900945,0.8590495631431317,1.1430792955010867,0.6449729047840433,1.0917453379733773,0.7967983938584378,1.3574307907884082
1944,1944,0.7300104880864999,1.3086783387565701,0.6094367711042714,0.4904426700792459,0.7247551180461187,0.7823022547841162,0.848882053079112,-0.6738470506797908,0.7236755957406537,1.1037095883734243,0.7182617668899226,0.5853185752520725,0.8794184053676762,0.890632658527198,0.6230557986148378,0.45022617848792534,0.6113038727821376,0.9804558569340064
1945,1945,-0.30283663488218066,-0.45617971008978725,-0.38460632203422884,-0.29016975877770684,-0.3810332929019739,-0.3847822869590071,-0.1414772089393254,-0.02815960733093926,-0.30545379952753127,-0.2743827252297355,-0.47592292017413623,-0.7455682228658099,-0.5945682357425977,-0.633464580580791,-0.5590358084709997,-0.7541324881079815,-0.4222501897229871,-0.4443595122158319
1946,1946,-0.008966778047587621,0.04592005893010055,-0.3019362844978381,-0.07246371838228172,-0.21712597433388894,-0.3940236615782494,-0.1257849790061819,-0.10776983867649094,-0.08240238390693769,0.05610875832049373,-0.24598411333900355,-0.5197636850434885,-0.471429644521941,-0.37533544041452716,-0.4799938138594617,-0.5073684906574111,-0.35300050060667376,-0.24487385984808482
1947,1947,-0.15793861171590895,-0.287627604426548,-0.34640551836381706,-0.17429930073923844,-0.3838320294396468,-0.4094501103730744,-0.1152032774573747,-0.24226094188075753,-0.16906988455526575,-0.0699762001235827,-0.41461832120872816,-0.6144533013463124,-0.5351241464902546,-0.46993945655519337,-0.4441166237846652,-0.6172921784196754,-0.29830145862836066,-0.18793933541625676
1949,1949,-0.29476785986988896,-0.27715268527967674,-0.25496768793687186,0.03245472954549825,0.06531526842143572,-0.19251998586610944,-0.014408991586620856,-0.3396206218114422,-0.16832451347035562,0.6037750560054849,0.16295617750970579,-0.13546288740442958,-0.360570744083117,-0.14425975875325134,-0.36357446289176915,-0.1215565782655198,-0.3274407921846755,-0.009508907965677937
1950,1950,-0.3570078901225213,-0.2613870578198103,-0.29350279826006104,-0.11627946224958796,-0.33900442002725695,-0.34479014597685764,-0.201492372965616,-0.1496570744615713,-0.2253820881355495,-0.1181994256806462,-0.4151468747592272,-0.6504322250486033,-0.43018376696699406,-0.5274247896525315,-0.4693437390833513,-0.6186051393726567,-0.39501970894794214,-0.3279970333878643
1951,1951,0.42312117415931655,-0.02340120383205138,-0.24438868536995279,0.0907330531966451,-0.24783743782177678,-0.27359411456725485,-0.012537655587292727,-0.23180888379952658,-0.06459866536552171,0.34382178601813634,-0.014901259905810529,-0.3583238559997041,-0.35113803545177125,-0.24417412030024704,-0.32785852296719437,-0.5745724460470282,-0.28338447123330746,0.03438839996643901
1952,1952,-1.2391906226079168,-0.6164635054715126,-0.3738648870762742,-0.2885762306925767,-0.32411050826700205,-0.324388956416566,-0.13999815911966418,-0.47227622199373664,0.22061440263193371,-0.11343465830645345,-0.3989461239242756,-0.4433745932368058,0.02548113505455821,-0.22956087423586194,-0.21596852359342955,-0.2687108452667152,-0.4318243563900513,-0.24330005300674667
1954,1954,0.1445333948177389,-0.24093848959090103,-0.25635525291529776,-0.20994180097489282,-0.22259653710432767,-0.3137898342448902,-0.10097051382530377,-0.17523850693022047,0.01555801458201533,-0.46278649002747796,-0.4800970009864593,-0.2656880132039789,-0.3560301187289201,-0.27542282661608924,-0.2654416954354502,-0.7432334871193099,-0.4444426395259636,-0.12915400442033262
1955,1955,0.09302891723559042,-0.20673117798036808,-0.29966448040829674,-0.010931170057024922,-0.1479420766719048,-0.26431193373664924,-0.14094932058847828,-0.19378540185411264,-0.022832243510487054,-0.244947482978298,-0.2527188864487714,-0.4095537226184841,-0.4268585519838834,-0.4972344463154338,-0.3807072094585255,-0.4908072959097195,-0.3656142020085838,0.03062642373676801
1956,1956,0.14659362460046266,-0.003932031865733769,-0.23390681846810793,-0.21639763156621536,-0.1617477388238565,-0.2757990812322065,-0.0016281860485790407,-0.05908716910510465,-0.041846457385917794,-0.3571257675147781,0.398820943162738,-0.16422375813314577,-0.2613597640403243,-0.32123027762507245,-0.26566642458763123,-0.6280259468914897,-0.4368024559229855,0.13876142933441832
1957,1957,-0.09409198887910337,-0.23618583994521783,-0.3153027751036175,-0.1773518665771546,0.16480323866506302,-0.11683118812324308,0.0958212051287585,-0.36470686657416773,0.0149578723635553,0.36933182784634705,0.29386505814731834,-0.2931258015018543,-0.13056084807152935,-0.25739435032561087,-0.23249050645706026,-0.36185139787062404,-0.3991057059891049,0.3574920800533456
1958,1958,0.4607062671812471,-0.14850425390132574,-0.2447295308565069,0.2305717671616681,-0.13102882396686824,-0.2862262370448108,0.09597443347368645,-0.14057603291400345,-0.003029172776055633,0.08009966722195787,0.13872617539936075,-0.484592379619696,-0.3653243392187503,-0.4271533278946371,-0.27690184266007306,-0.18758597679027655,-0.32272462171193705,0.3114238372763091
1959,1959,-0.05953179558098103,-0.03208921522974338,-0.2960208820722054,-0.14405223368818415,-0.07745002295348341,-0.2820839538728685,-0.003909595511995938,-0.25707914705306645,-0.20529025074059817,0.04789026558938,-0.012274319677014289,-0.48010427357508134,-0.46970360288008955,-0.4206121676202752,-0.338379056769823,-0.42444393681357645,-0.3274535148516204,-0.15960455273880012
1960,1960,-0.7656981605269508,-1.1987223428413358,-1.6086679130480321,0.3230489704762143,-1.1398196207105937,-1.2059222705834138,-1.3922224620492025,-0.34151619874041433,-1.8309485187922223,-0.13403165918315865,-1.2414056319533298,-0.6311786548458201,-0.8160499012028307,-1.0841648541497038,-1.1847197432218621,-1.4341016336967118,-1.1102916401839642,-0.2454335987362433
1961,1961,-0.4933694852204594,-0.9527293280413598,-1.0704934258226166,-1.6860151853893717,-1.4037505440179627,-1.6805907161864861,-1.2407762022342501,-1.186143751353887,-1.572295812319659,-0.10017069392392278,-1.2532046373384886,-0.5068301776647712,-0.9851203214467654,-1.0873213235344532,-1.0788431984309785,-0.6418689477569953,-1.3332731650233896,-0.7111314987138618
1963,1963,-0.91760930705695,-1.844931974880277,-1.5172142170989074,-0.32994734187786323,-0.9966673450401102,-1.4669700236393046,-1.4256238380534239,0.5929334122314698,-1.5606573884969481,-0.863493311454766,-1.263477893573365,0.08763713209127133,-0.9522493882949643,-1.4642440709540538,-1.564031249679022,-1.8009079610169125,0.0428795539534371,-0.6521835660882512
1964,1964,-0.9246313615109477,-0.07179806936944887,-0.8279644121027492,-0.07304123247213794,-0.9130270338791309,-1.2966085761143515,-1.0239106522859482,-0.05097486625178539,-1.5144345140053435,0.15624098253430774,-1.3252275581530746,-0.7054550193891337,-0.6964498697141384,-1.7444258019786814,-1.3862024462206501,-2.2606893878691894,-0.8505179074369698,-0.7675121882562845
1965,1965,-0.9634778792473617,-0.42226935342413324,-0.5894568655288109,-0.5708024420548787,-0.9313317299822481,-1.5329709258051543,-0.6762726260747044,0.5854075974968699,-1.4650600389257136,-0.34757294007190176,-1.200412481400354,0.34838414445741206,-0.8657096023857326,-1.0636573771145585,-0.30323362906588747,-0.8646104227427983,-0.5756689069462253,0.34136734748747133
1966,1966,-0.802557559844135,0.006586995579899109,-1.367242464855822,0.207713500482844,-0.6384997159819337,-1.6357346927485301,-1.7018288547585585,0.25963680467610323,-1.9875831779217614,-0.6709094993765489,-1.2302078925136657,-0.21470583067477308,-0.9295155712369348,-1.6893277513443652,-1.0022438868985872,-1.4957389735130406,-0.2513159747943424,0.48470519168561055
1967,1967,-1.2387424433876015,-0.8455007513974956,-1.336226169594534,-0.6608082873650043,-1.7945213647615028,-2.048096167352894,-1.289050024821886,0.3265353172909639,0.1512002385967415,-1.3822567847296372,-1.3808006856745976,-0.6915403543037428,-0.8240532001298067,-1.4733908158542097,-0.5306868813437398,-1.8484828641530477,-1.3753455151669123,-1.132465976499492
1968,1968,-0.7892870233443924,-0.3771804081960584,0.09408381473828008,0.10899265472615757,-0.20155218797638172,-1.0613579659408399,-1.0017131443069316,-0.013351117638960497,-0.6746597037086968,-1.9434128635792447,-0.7687028750671505,-1.7905644355287555,-0.5111757443666431,-0.4016451088294467,-0.6493118894918628,-1.4616987902258278,1.0988624890699294,-0.12928859758616454
1969,1969,-1.1452132619187154,-0.3969266745043376,-1.7119719815598033,-0.7686213500149467,-1.2980112428655748,-1.0228806504933912,-1.0348882958371095,0.9934970129278601,-1.7275834240181243,-1.1062865465938265,-1.2622119988411165,-1.3866398345348006,-1.1782970500986147,0.00825853559787333,-1.15796531129978,0.5282180897366817,-0.34125777304638233,-0.23632481626033458
1970,1970,-0.7280599726439602,0.5127845645458176,-0.5788542832921251,0.260100272979776,-0.6348284162120463,-1.4895485441054503,-1.1550187964127256,0.47777698562308474,-1.1813875091351222,1.774937253760968,-0.940680375868518,-0.4241764665558763,-1.1516079701743462,-1.533419272576425,-0.9580039337354193,0.4153364113207442,0.13962348031569494,1.4055300201774514
1971,1971,-1.1333496229366211,-0.4602182984367261,-1.267738633971048,-1.542630835538523,-1.4288190953567674,-1.4345099787923248,-1.246238210584782,-0.5266676873911833,-1.6258136394712093,0.19189791079660062,-0.9778130242729546,0.9990212333668836,-0.37327377605990375,-1.8326502804216889,-1.0146005513912975,-1.0241017737053624,0.38667242344857233,-0.70917632884482
1972,1972,-1.138904977101449,-0.6272456514761431,-0.853935194918928,-0.2667329793391507,-1.251117589097047,-1.3615221951252108,-1.4970020229336567,-0.1627789018182503,-1.593125089439402,-0.47240547059209015,-1.5331126587379724,-1.1722151921154718,-0.7034501511043088,-1.2253943263666924,-0.6815433827331752,-1.1060530594122715,0.3240130590455434,-1.0197579561958285
1973,1973,-1.085644169936936,-1.9162893818259126,-0.2720584279917571,-1.2559731819597868,-1.0068421172393731,-1.4936130301220405,-1.1724673248488737,0.49584597805326075,-1.5874050359666299,-0.8040054784513646,-1.3608609051724103,-1.503669743205455,-1.3842858591721794,-1.8589345983594605,-1.458032995436274,-1.5857236418813008,-0.6728699915434522,-0.6535600668891427
1974,1974,-0.8011606811323219,-1.0303440677418885,-0.1561014396880663,0.7981921063903844,-1.2025245703213638,-0.9077883616531983,-1.0698491532097771,-0.8213008297607228,-1.9268922093265664,-0.4555052345123451,-1.020980776957521,-0.5034434991123883,-1.135735256488155,-1.393514281151917,-0.7674021922998577,-0.4764234819665632,0.19710470066696076,-0.8789352393417442
1975,1975,-0.9835141469080445,-1.3991264997591597,-1.0301054300540209,-0.9119852861415316,0.07871442649619187,-0.09279549637928604,-1.0378456872181718,-1.0811605202282428,-0.5597582689682731,-0.17577840307072584,-0.5529152490580291,-0.5507697442186538,-1.2357540202255286,-0.526085774409603,-0.5857827313815059,-0.7177775223444431,-0.6346081909270337,-1.1054490970703832
1976,1976,-0.15400966078276793,-0.03923554829776429,-0.8396219588071522,-0.7498641320102067,-0.023831433747489274,-0.5532763981253059,-0.6233092962074921,-1.2879383059198348,-0.44350190322543026,0.30157077741575855,0.2693718580980498,-0.6764764337023411,-1.0808448433753266,-0.43498994176938355,-0.18239230486789262,0.2045797700902094,-0.5936655868554505,-0.24953260701274052
1977,1977,-1.0553909840275992,-0.904113479887429,-0.7768922113376198,-0.043735305339978665,0.04474687813800067,-0.5287716018021338,-0.5559345121028808,-1.1154973473729115,-0.5042017944801124,-0.7975533795220107,-0.2833499750310478,-0.7284372952130641,-0.720947172808612,-0.1861884644042288,0.35331683669373365,1.0962185408921294,-0.21688867186388072,-1.176776064935182
1978,1978,0.11679547357658099,0.133995099849915,-0.8467404089361157,0.17397008323796465,0.40370869609584237,0.09606003482761014,0.27092933248203044,-0.6237895025414958,-0.24820877564799645,0.25738868392156,1.36525400930151,0.7450239589707344,-0.3023049497670424,-0.4312750486721474,-0.11480556544910824,1.2339175743462099,-0.09472557991330784,0.9997501559642599
1979,1979,-0.7965118142098525,1.834617479371003,-0.9419053545542869,-0.00788725841953021,-0.03878345869250511,-0.7611277957578724,0.3161121646559064,-1.0170929829038902,-0.2678291956134705,1.3370227599060729,0.09137637958304203,0.15731112594853297,0.23533782646258664,-0.1962340681134307,0.06317559085620676,0.667009236170158,-0.41244823950737663,1.2830877056646353
1980,1980,-0.24254057061552722,-0.4267365101854669,-0.796149324364276,-0.2923965490394938,-0.13181846441977293,-0.19379770052612083,-0.023986081571603295,-1.1796246642054848,-0.636542938480164,-0.769468792247981,0.11667680003254087,-0.46045407844825287,-0.18102726116593984,-0.34001765672995793,-0.4526159288157355,0.3859211028632423,-0.29986281605142,-1.7205142096488062
1981,1981,0.5222140448053203,-1.046937408552826,-0.6309180186005298,-0.1415417151167755,-0.3953361076013013,-0.616315489071599,-0.6781159118954186,-0.71121908421495,-0.35341494289935377,-0.07360038694900566,-0.49317163604737974,-0.20081408263907236,-1.184940037501428,-0.017546109227721544,-0.35471228741264943,1.0390925785512537,-0.5840010072485393,-0.38922235010250017
1982,1982,1.0615240642265413,-0.3090954572106663,-0.7965653401216813,0.0027825551051026635,0.34620031238920146,-0.19824471128918936,-0.44990364085737844,-0.9769538089482386,-0.26552266141684217,0.21591081398015394,-0.04574149002112143,-0.01809243904200722,-0.7777133716490082,-0.17251555848022837,-0.18769590652359017,-0.11855911755299704,-0.687472042888343,0.22289526495144432
1983,1983,-0.27010449543305765,-1.677796838052346,-0.7090070066470812,-0.37010641181747445,-0.14001459410771783,-0.46574696290263023,-0.5693748503613613,-1.1714644326237662,-0.380493709094607,0.4911289746422756,-1.0986250011122942,-0.5720144352121818,-1.4803608177464955,-0.019558521820215256,-0.4262570894692926,-0.26404866983377523,-0.2678783127943585,-0.5394809028898818
1984,1984,-0.2567083832717321,-0.8646159318409081,-0.6290476289717483,-0.5558564751947032,-0.33300583454832955,-0.6256238886069909,-1.2432069907243912,-1.0094470997196094,-0.4809502878001991,-0.3658068567566219,-1.2921741662811257,-1.2985702298957373,-1.0412496600715804,-0.3144811108548939,-0.8957415972328916,-0.18152252051823597,-0.611939489609871,-0.6432220522456079
1985,1985,-0.12382739119084772,-0.9462836541688842,-0.9336890561176046,0.09551581325805776,0.22618994283129332,-0.36474750899140423,0.08249691464506284,-0.9786553288827633,-0.38142338513049706,0.19567882634563938,-1.6872906058275372,-1.2942191260710505,-1.1733147575681167,-0.4527126443515426,-0.4552451177759481,0.295610550535899,-0.06102358260314512,0.8003800330825981
1986,1986,-1.0920090544748209,-0.8525420128549401,-0.8824852890973475,-0.2978572032549427,-0.09803900860145663,-0.9285720001289236,-0.9029827414569157,-1.2126964759133732,-0.0917135750394512,-0.8432997354777535,-1.5343249773324688,-1.5112040926320747,-1.456594186064591,-0.38686916458301895,-0.6509415393978664,-0.04144098469016045,-0.322974250292318,-0.9636777115410738
1987,1987,0.3978820105599097,0.41108440703128757,-0.7925756928693339,0.5571870514244732,0.31617917294336395,-0.21361428928027323,0.03949375872878461,-0.6399367440967406,-0.3292207744730467,0.013836931727308713,2.418823538246492,1.8290312148731358,0.9856754021686626,0.7485228167276577,0.7448700367868184,0.8032949868427073,-0.46200633878839814,1.8063076250711159
1988,1988,1.0951782349994168,0.3865806372350675,-0.7591863809226235,0.44620119459370805,0.09731136529824108,-0.3170488885593863,-0.35428494690915563,-0.5887684791117451,-0.29149193491167125,0.5692202367646848,-0.3605747953521415,-0.32059428940844326,-1.096443132928825,-0.28770678977605446,-0.20859891452093468,0.4071768876688769,-0.03279702701613985,0.5929103637703802
1989,1989,-0.36767051603249956,-1.3211653134967953,-0.886060731643862,-0.7822072979918351,0.05973665147434945,-0.6758913847792741,-0.5275285723872126,-0.9618845614771608,-0.40496816882409625,-0.9487202145904868,-0.33063760934127967,-0.7125358915688097,-0.8616296316822407,-0.3664574909042285,-0.2795489772872477,-0.7665346207439482,-0.614908468372224,-1.1503428927924018
1990,1990,-0.9550045258771909,-1.557970974137478,-1.3675066450902993,-1.3686698861819668,-1.3737312775164139,-1.7348381751593376,-1.5611120457008822,-0.5459369854163275,-1.3717377995370412,-1.2720421919533462,-1.4507958289327607,-0.9720979604434605,-1.3443440759942005,-1.0945170426629145,-0.7308988326604243,-0.9497765857269285,-1.0980944070634402,-0.9813886315273457
1993,1993,-0.8633177599429339,-1.8452167735582679,-1.5406356637130507,-1.021787463904747,-1.6919527741008582,-1.354603128765216,-1.5764974275141959,-0.8125335789731217,-1.0293330465924746,-0.7580625641110214,-0.23059446923566498,-1.2484003462525146,-1.0902571920648212,-1.028656443524253,-0.8090224879248868,-0.9117909643620444,-1.3322315611496054,-1.063066801192592
1994,1994,-0.8199808794957157,-1.5931558451110768,-1.4330762250440592,-1.355285356642972,-1.505258132853007,-1.9481658647665065,-1.8170792407444338,-0.3642697672769535,-1.3222610147252338,-1.1279544192026691,0.46844592975636395,-0.9339207909380669,-0.833213945721009,-0.788074146224429,-0.1972315213220001,-0.3642399251100977,-1.293263099787911,-1.4498578239351085
1996,1996,-0.8997388769332348,-1.7161039999472145,-1.5162059298163568,-1.1165883511338406,-1.562560340069032,-1.7739783891064536,-1.532706298369832,-0.8060120982929674,-1.2370351583032164,-1.170183701171175,-0.7012644870603113,-0.862592518767376,-1.2690593662611782,-0.6270996150421886,-0.5182168318154826,-0.9071542063672028,-1.2894569171781571,-1.6479718407226982
1997,1997,-0.7886491667763845,-1.7971833252012805,-1.5694077252532173,-1.0315832032681729,-1.5529306851244296,-1.9766424054165088,-1.4595952418124252,-0.9814666885818178,-1.099038717322768,-0.2850588492605987,-1.6469136915307074,-1.1771362660004083,-1.2774715868330488,-1.1448980598517502,-1.0508145204885349,-0.8991449476218862,-1.2465058524377886,-1.3698879939438866
1999,1999,-1.0128535427243885,-1.9463968522902877,-1.6286973022433195,-1.4266852004755348,-1.7661890975196113,-2.2121980491294564,-1.9028448907291518,-0.9254696579180691,-1.5122275681764268,-1.3129226054210388,-2.1908110361190944,-1.739935705183787,-1.4493928659582065,-1.3754931556893935,-1.1658046725546902,-1.5330554253395274,-1.3102149595331278,-1.7238122123783286
2000,2000,-0.5941337131250971,-1.7293907350451634,-1.4705802757136626,-1.0757954712594593,-1.6413645703070678,-1.816513066120258,-1.5604428329946345,-0.8520960514806228,-1.0725392661991118,-1.098725682773496,-1.6685767762678771,-1.49110642504369,-1.3529434493583465,-1.2540864861968553,-1.2395683967423787,-0.7464306296448614,-1.18550561489753,-0.9495712032298337
2001,2001,-0.6205580666923305,-1.215449642767785,-1.1719006967843344,-0.5067657523523159,-1.3715112858904401,-1.7938478956766517,-0.8218641546058048,-0.482238640287449,-1.018069236877305,-1.0345632329437562,-0.7480116504452339,-0.5790308885492772,-0.38454784077628257,-0.5325928592656859,-0.7482669614064024,-0.013669666187854403,-1.011823807067901,-1.3231054357825032
2006,2006,-0.573098410375131,-0.586775814252979,-0.632480563364877,-0.23298122492910825,-0.6025544569756408,-0.9068189701204045,-0.9137647138915741,-0.6072254453144837,-0.6907993442831484,-0.7331772814265235,-0.6996971729766689,-0.6527205387921342,-0.39023908400897755,-0.40356317526850455,-0.36770365022212165,-0.6790779938965411,-0.6314174032667274,-0.5658361455299785
2007,2007,-0.5672487609069283,-0.49780084930863255,-0.6606675282929738,-0.20222737713921993,-0.6172078717957814,-0.998011650536877,-0.7765270562467753,-0.5090160688924622,-0.7315346756411601,-0.7542193425003899,-0.6761055085393372,-0.6588000231198421,-0.34720596129199094,-0.4506581897781228,-0.3457765636883874,-0.7002323827723467,-0.6494371503445423,-0.4415414370514582
2008,2008,-0.5672127736766079,-0.5987876199691959,-0.6627127546343079,-0.521515408946106,-0.6336980875441404,-0.9724019359262877,-0.9130430693922339,-0.6089907639891944,-0.7768962344184419,-0.728468655815839,-0.8152954272617904,-0.7476076236271981,-0.3970752279647254,-0.4617435744923184,-0.38272088145325783,-0.7897276079792863,-0.6979998788002252,-0.5310139040096026
2009,2009,-0.5393170299560907,-0.562396835121318,-0.6232365943695671,-0.45068437887289864,-0.6169256458054996,-0.932057755812768,-0.8470909501125926,-0.6828493442162348,-0.6863663506180789,-0.8533571049344016,-0.6122310612176004,-0.5776155496949578,-0.3477324072516015,-0.3769670447942695,-0.3304098661925734,-0.9141935665725386,-0.6824681929678816,-0.5314156257264017
2010,2010,-0.24769157250800283,-0.24420470853604268,-0.46855883086412276,0.08644303267102554,-0.46929220389899395,-0.6744956297955229,-0.18627197645819712,-0.001294327055951216,-0.13375578732760374,1.03703764215098,-0.08009793847786167,-0.5816588632334393,-0.23322536922101353,-0.13201493088798547,-0.2563694970994703,-0.6083521583325148,-0.48228942362106303,0.2914554343632884
2011,2011,-0.6077881438941778,-0.4476441284201235,-0.6131452444438793,-0.06568233834136684,-0.6023151960027449,-0.8798633284122744,-1.0562804183410328,-0.6815864142510725,-0.6447544622815834,-0.5836010099776934,-0.7051944111568301,-0.5985984936591028,-0.2798523804086852,-0.3541903509702635,-0.3239401205072354,-0.6271554985076414,-0.6474671639257035,-0.3692497782862732
2012,2012,-0.5503057178189711,-0.43448234285397297,-0.5777913482475064,-0.10644762659975615,-0.6147044005069776,-1.0254268316764175,-1.0080625079141983,-0.43851433005080226,-0.5404786000589685,-0.9214535555587756,-0.752010492837911,-0.7369501831400395,-0.37821975738124475,-0.4555208607387995,-0.3147652471525383,-0.6054320051063655,-0.6911408361740671,-0.7175585239501351
2013,2013,-0.6179417897957682,-0.4061582811221086,-0.6718263346098085,-0.289487931529772,-0.6891444818408694,-0.9540036290983818,-0.9216080070357627,-0.3120456259763109,-0.5635123206739927,-0.7057852121346357,-0.827430011398928,-0.7668597973632322,-0.3808134858878336,-0.5046435492039764,-0.38610212965277146,-0.9349579990436501,-0.687496180003848,-0.4857743932108388
2015,2015,-0.5745778281138186,-0.5449952923386452,-0.6634206717103679,-0.46512001853179713,-0.6758539832834443,-0.9544264959457366,-0.7891079364995346,-0.4584465521576164,-0.6410962707109149,-0.8906130439790301,-0.7005287401170539,-0.7553332659120431,-0.37302352001165373,-0.47489449231290953,-0.35909949169520383,-0.8864091832180987,-0.6692353036151083,-0.36961617027299554
2016,2016,-0.6979883770752167,-0.5029019273845791,-0.545830839486889,-0.21279101481783175,-0.5568513862298698,-1.0171552833115758,-0.4249725610087112,-0.3882514675448301,-0.5646906513118158,-1.071986935114903,-0.9013703225581365,-0.7432271429884046,-0.31660914275346536,-0.4286666930113647,-0.25608465829194915,-0.8527193311834906,-0.5864780554618493,-0.5073272734054171
2019,2019,-0.4970288337480356,-0.4009158072500786,-0.40617634271069125,-0.17320904352932487,-0.5642445221830934,-0.8436302711243292,-0.7950809288835854,-0.7207315871986959,-0.5054671228749178,-1.0572694666128428,-0.6311978725360496,-0.6869261712057911,-0.1883424896464454,-0.33994227552556117,-0.28809136298036314,-0.6767384560880474,-0.6038831471666511,-0.3392192517057319
2020,2020,-0.8595115274092834,-0.8709352312718837,0.013268880683742825,0.19283231114699187,-0.25261270525312324,-0.46731245740319755,-0.15141706487667675,-0.3514042796708292,0.1554611484448617,0.007803618877511467,0.053520699782076506,0.5802127067133398,-0.056527131963357194,0.29454415487896535,0.821117325443899,0.3441562604099386,0.42381263775769434,-0.9404616222087202
2021,2021,-1.012079748907854,-2.4776347322990397,-2.2488294695673616,0.4562287415271279,-1.9703438080509101,-1.6799474732282282,-1.2540388403372336,-1.2265265458158725,-0.8148863777724454,-0.20516823502587775,-1.366413800396494,-1.263300039407786,-2.216851588034235,-1.196562956278245,-1.63593298744018,-0.5744039540640214,-1.3366651659410882,-2.1919800426602256
2022,2022,-0.792086714531283,-1.126186362759894,-1.552323318767102,-1.5891800583801443,-0.6565428271176835,-0.4115093550447784,-0.41579842159569014,-0.7174257163271178,-0.6434198081260526,-1.1750658077177358,-0.4466392927424813,0.0046891176640763066,-0.14491792451485175,-0.1755119344843265,-0.1865617550831811,-0.631744458729638,-0.10618857406925089,-1.0762331410088548
2023,2023,0.08410369254540115,-0.2923268809017577,-0.016557685064234058,1.535781524196396,-1.361326872476646,-1.1783043455561928,-0.7392879398170118,-0.7162817903124286,-1.0912408613011124,0.30938360142588206,-0.8247093415392114,-0.8365212883879442,-0.8036743741027651,-0.7023291125272533,-0.43499067553570847,-0.05512224144071205,1.4021306280923584,-0.6719865021525052
2024,2024,0.26361326321771483,0.45797011251774944,-0.40932615363241975,1.0194047151825514,-0.5235656239496792,-0.7455683425783911,-0.5060570951219582,-0.45340516217053134,0.38192247322742073,-0.07995275500829682,-0.41615320306590986,-0.7665793144968791,-0.5874592491899335,-0.7599798439538518,-0.6401294812651929,0.6136156933653548,1.1508395968366314,-0.5533531546951675
2025,2025,-0.27613430396026056,0.408947002247979,0.5478538690325012,1.0942264523248075,-0.5403064586033449,-1.0751913192293365,-0.19873960098014454,-0.8339095542075711,0.09308393908518256,-0.8171373338831944,-0.2872730829476538,-0.32774448642521087,-0.2787107477032616,-0.2655360303471479,-0.2642236574225136,1.3686164088915274,2.3652624301077703,-0.6469860789262631
2026,2026,-0.3972399796195343,-0.3307564991381342,-1.4256217133506126,2.4592643398051695,-1.4813760230099158,-0.7355290007030778,-0.8855748586502307,-0.545608908187655,-0.30220815035527065,0.9044989926525283,-0.6396059406959812,-0.4075983932471984,-0.13928450529896957,-0.520648225716019,-0.38773825118868294,1.3994807586597902,1.196406595119673,-0.49534620799372847
2027,2027,-1.4127940451938081,-1.6966473019308634,-2.157236222548635,-1.0571816968544456,-1.174706476747405,-1.3012314822602735,-1.2073808988915962,-1.139095630947678,-0.9497218875530709,-0.4231501542296573,-0.9128517195210449,-0.9858088387116993,-0.8487366525516384,-0.9482780223609264,-1.2119069911156797,-0.5697057688749869,-1.0126716155434663,-1.4784180629022563
2028,2028,-0.15147610053188912,0.8458328630413403,2.792385777556627,1.2235997569259784,0.24500723417256678,-0.25158361712501043,-0.38145600738595525,-0.6484283833273312,1.6812238495346528,2.9803917548561385,-0.09897876316043006,0.37738494160258673,1.5428470028529804,-0.4933874113469575,1.0202223216500474,2.8178543908194684,-0.4086283724161376,-0.554172657824024
2029,2029,-0.5749048205096687,-1.4408403699643757,-1.1333958846621395,-1.4304355292128617,-0.7046386099477685,-1.236738308448026,-0.9089765962614792,-0.08135879340289164,-0.9610233069211529,-1.734969068406333,-1.2667533071459833,-0.256890983481974,-1.4800290739965565,1.342890642691533,0.3045379275107722,-1.67224908200653,-0.7029346035631311,0.02812139695012936
2030,2030,-0.6059008488256931,0.7632351854164459,2.9285412485196676,0.09123299990046825,-0.20017161229798916,1.032541761981685,-0.2635627791328663,-0.4761027189756842,2.444632492611117,0.1094900959875963,0.10623200159353618,0.5459860111745127,1.432146434909865,0.07499259015093197,1.1958686894885344,1.5716001986239228,1.3940861330104608,-0.05847267240094891
2031,2031,-1.0498090343422772,-0.8400692705543319,-1.6174828463594202,-0.6598556031375519,-0.6600333966771239,-0.9793984727940396,-0.6314651680673082,-0.6250192072452774,-0.36440648826401245,0.5163973923804037,-0.16159322027308762,0.11679511446607939,-0.13687326551588766,-0.6806321003734561,-0.23230976622012312,0.5472644812614915,-0.45327085480076496,-0.7070474077831181
2033,2033,-1.6818154896214343,-1.9916068558584092,0.9363089142161163,0.26121553231975364,-1.9069170606826387,-1.6460935710966835,-1.4434883501154014,-1.1962713433352328,-0.828208215268617,-0.48512991834828745,-1.349844977421123,-1.1493949677338688,-1.3801205099709806,-0.850678317389547,-1.4542363734687547,-2.3134560770272627,-1.1472503149074011,-1.734047201397637
2034,2034,-0.911094296606231,-1.5185976077106487,-1.8880516999571249,-0.6454103758464955,-1.8128900049875265,-1.6971580819748282,-1.0758040030792095,-0.4894048079343552,-0.7956614477644144,-1.3478833096867167,-1.0605553737967786,-1.495564556345499,-1.436068545486934,-0.9392104423833462,-1.5938258689749871,-0.6394693646905323,0.08743150796770117,-1.5148968281646753
2035,2035,3.3088004887687466,0.36454802871997527,0.9145005282889275,0.17989173224261376,-0.21565143317846877,-0.17800910915226204,0.6005460668727353,0.8969208871109806,0.535417592128799,2.367791028168593,1.9303367763039347,4.28684745644293,4.4894904478488,2.5436573293120674,3.500183204481678,1.742711172887417,0.5530241902744448,0.24502976374185953
2036,2036,5.309543897998489,2.7272117985693325,5.1990028055698145,1.5945130647388972,3.850169342895194,1.6320238582919406,0.9693707556270953,2.282483767660512,0.17606177267226744,-2.1338815226214307,4.075804914786016,1.581556374875793,4.220433493449068,1.115991333863574,2.027480911492537,0.7640141624472411,0.8315364328119512,2.9481639017109513
2037,2037,-2.8191863325498074,1.0737141906640328,-0.08456355260865485,-1.2131664373160564,-1.7475116706116025,-0.6680842616202652,-2.432092629252631,-6.033309142359753,0.018148987037822004,-0.6849274591441172,2.5633095464633016,1.6240481580941284,1.3622255422364031,0.45073365064281823,1.6948400031397632,-2.4198532427808535,-0.2296078681058708,-0.03880314580409601
2038,2038,2.9202270451391774,0.18255966851471347,4.904578400802389,5.2741540515722,-0.7085977675508112,2.21706808072043,-1.0360868819222664,3.9983025020328693,0.05005582780966253,2.4635569672477433,2.9813125611207987,-0.5526013842750794,-0.004920615866538209,5.64887769423946,4.653115342113536,2.821564423801701,3.072047169549332,4.56903603213438
2039,2039,-0.33295373683941204,3.981309242463294,0.6262057892288782,0.04881995760811704,0.8482743347075701,2.015377449496391,2.989483940737208,0.26396597562279117,1.5159617326561632,1.4594143687274765,1.4445489004497545,1.5871762915852476,2.4300375902710964,0.9745406965534045,0.7284949239500061,-0.49181466803784724,0.5844790805639244,0.6520911023567013
2041,2041,1.9771732808858586,0.15065091632735114,0.3634099592898858,-0.17411195018866543,1.0280292480181314,0.9660644288467352,0.5440839138798786,0.2696336529650689,-0.24376688716784847,-0.04056657960769425,-0.14584524372864496,0.7229793526203288,0.6553188479760266,0.4933199100714626,2.1676647926280874,2.0514917738118625,0.5323023410315139,1.0422167659662407
2042,2042,-1.4183031099102894,0.2743723145210207,0.15803764185220825,0.17817376776599045,-1.569370140761312,-1.0037456747370286,-1.6234178285516678,-0.7819038941708405,-1.204267968843895,1.5759136348201357,-0.06527138842211054,-1.1252800746004958,0.2194952031943491,-1.2684107252588432,-0.7999606759582584,-0.977610649794528,-0.07436424880372967,0.04315613602661897
2043,2043,-1.425793719814687,-1.4577004283480621,-0.6126511766058143,0.12373012282385053,-1.7896765247708124,-0.7991050785032874,-0.5514104045865297,-0.01663207398372574,-0.4098591704979915,-0.032951189406316125,-0.14988563629701157,0.16757696845274436,1.7012943889322287,-0.16180435089692755,0.26665711233468187,0.19338638631139593,-0.35753109194702937,-1.1217405175463775
2044,2044,0.5837147543689849,-0.553266394472051,1.2485559607320986,0.8674175303388616,-1.0353678570314058,-0.1638888796755961,1.9851451733368135,0.40561497385108775,1.156609617902978,-1.8453441856912833,-0.4653490544467671,0.302684111211739,-0.6869902086050207,-0.9484312786614345,-1.1653048696828443,0.6590181382350893,-0.2928885373924995,0.30762165646489936
2046,2046,-1.255310742531196,-1.6418910015763049,-0.3151882196636042,-0.7335296854925588,-1.9294680020829393,-0.21766300563990265,-0.4573186332212688,-0.3440267431704747,-0.5640495150322906,-1.4991388313708036,-1.5751970743580277,-1.1692266532802407,-1.6858620303761203,-1.315872639520443,-1.4610051784854454,-0.6294169076914522,-0.7246686933935511,-1.2937732927191368
2047,2047,1.7492874975097796,-0.544209973401271,-0.26111920728705584,-0.57055106964422,-1.1763056475300326,-0.17834268604016001,0.9793775762943463,-0.7807591112355011,-0.4225593796998613,1.572896742583717,-0.2134288809803539,1.5965526975934348,-0.3789470927227765,0.9301661170787482,1.7861979824710517,0.7794278165150852,-0.24255037652719472,0.009266306427498355
2048,2048,-0.32655560041396686,-1.1636904430876283,0.20519499813910946,-0.4352368749483209,-1.139563746152601,-1.0583041498764,-0.25465965727674145,0.5890126481215968,-0.21573924566637298,0.5702451589090468,-0.9831390720648612,-1.0161980453831305,-1.4257558520638556,-1.1404946642368787,-1.438885054179053,-0.5853136454760827,-0.6820036954329055,-0.9350348226909565
2050,2050,0.7292060772908595,-0.050558673729286435,0.2356889713795138,0.8842439353310768,2.349243053312234,-0.019519372504038235,2.0567929610874103,0.8721192313725528,1.3023143700347335,1.1829509444581021,1.3552700173215426,0.9459726347042988,1.2817942923529095,0.5582294828517793,0.6579482253832761,2.0008283055500513,1.0947147642576653,1.1396517497520802
2051,2051,0.18213348361608306,2.9363026319509125,-0.26038314101320365,0.8742882898092353,1.4472572940812893,1.1661714670113825,0.7295029819462142,0.8790383001774534,0.3776903410619342,0.6862902483531347,1.8804055688975334,0.14030550034530107,0.5570811976360307,1.1636493647525432,1.225216068374644,0.4622353547857998,0.5372363860038478,2.3723214690440284
2052,2052,-0.034412354615371794,1.307514760020022,0.054265061793086516,0.7565763022218317,0.9895343168560493,2.2510403812931212,1.8522423411696438,0.5809658635505024,0.6139085417401393,2.3954553783125645,0.4245513770791676,1.1911283108678083,0.716373973498775,0.9693475609673033,0.186672031530318,0.2090319011100519,3.2490518905025523,0.5399272354546628
2053,2053,0.3215615745065786,0.567391016447148,0.8104832083226798,0.8456700067292098,3.285033800878789,1.9963965729008657,1.4238581733759328,0.7842165250430863,1.13947690426188,3.024872859454154,0.459241898711629,1.205498104312412,0.2586695767977592,0.8943658116753413,0.7883835372421771,0.3661179283132948,1.4692977847888309,2.502054726482422
2054,2054,0.790832592702046,1.1824872312629022,0.3388520970737755,0.5403279616675264,1.3755279581428428,0.3773741098049833,2.113242302772317,1.5101232337637325,0.5403028732699823,0.04165911284036937,0.1832407242918996,0.36373896531636,1.0903571867267325,0.5477571972567808,1.471907969702366,1.1079453473277854,1.0630943999784503,1.5890785650606667
2056,2056,-0.1748507208182534,-0.5968600885846563,-0.5866475827212939,0.5209957070571407,-0.8044252668928932,1.111492077406072,0.4750794596746044,-0.025587109293221864,-0.04439560713455781,1.2204481276360089,0.6847469273348409,0.5058570322210519,0.47798968587013246,0.17462870128394054,0.8577937098513337,0.14685166330002924,0.9935641853915568,1.3343075976355194
2057,2057,0.3668721247765762,-0.17688236363607596,0.29454723099037966,1.1450587565258423,1.4702143425288576,1.0401800578967444,0.7358831984046368,0.7260735724293033,0.18559108321947884,0.7287843231613901,0.3446163231793725,2.0308128304405444,0.1467328624637642,0.8423992554806866,0.24192425173021942,0.9195901217578014,0.25168478683729034,1.6928080140724975
2058,2058,0.5426050904896998,-0.1652275236944974,0.020291866782868956,0.6174568549865713,2.136293709981557,0.6616388272239873,0.49007818116882385,0.9485715257999142,1.4371216888364864,2.185249164300487,0.6894216788112063,1.112531658117504,0.48084697025961665,0.552257533730818,-0.26809524627398246,-0.1495442442470773,2.6865832340072986,1.4197831199389315
2060,2060,0.3217241327494022,0.6349167697412403,0.5509453387877518,0.5129481959028847,0.8195273583295815,1.3347512375435506,0.6752270326006562,0.2058701026344946,1.1173414219789561,1.490949937721471,0.05290278364851091,0.7300807382392549,-0.7778187030343056,0.12267686685816331,0.19161994455275946,1.2998448457836778,0.4950723866428114,1.3159924650309556
2061,2061,0.34780380251722864,0.43477543695918025,1.716102667919112,1.6519646015613318,0.8251767227761839,1.5955226802860212,0.9271649523108474,-1.070035757548019,1.1350450526708518,0.05920436612829119,1.333103798397102,0.7192328240313715,0.2936571311839219,1.084927371047837,1.0973399915061715,0.7628689298487418,0.908846585154152,1.3128389483730512
2062,2062,0.4794440891638923,0.4404805962510373,-0.2016529541924575,-0.04245669684504848,1.248115466300171,1.5338381042626892,0.2674326863731229,0.46118442129521575,-0.2462360302717219,1.0021779216771585,0.48494895909451735,0.6455214154738084,0.5690992457861253,0.9148227457462019,0.36772648253406476,0.8830436436344206,0.3764566088878649,1.7907990512980636
2064,2064,-1.8220617644211083,0.6504328384687612,1.7573743933651076,5.194020491714102,-2.2910794646918546,0.20524902548257215,-3.041228537093754,-5.419860431856043,4.733066332420685,1.3997077068420307,-1.9155265279968354,-2.2104598789142003,-2.3070538710263846,-1.6911225690640623,-1.926500762168876,-0.8967546068186142,0.319303477969669,-2.1374528539621336
2066,2066,-0.26140204266207634,-0.3497246686621176,-0.1766850053267292,-0.28332840253448716,-0.3493517884379407,-0.1508859420523684,-0.24848888328387445,-1.0508346585024844,-0.08240692755896147,-0.2559632551590012,0.07246395879789816,0.027003574816036054,0.6331139973366382,-0.19396957590258937,-0.006217024939635961,-0.07754005148296798,-0.40695548143585786,-0.18369312333356042
2067,2067,0.18990927142290417,-0.015151759584407459,-0.12227318187585676,-0.3662246039589553,-0.05905290584044903,-0.16717428491342845,-0.17939239018356434,-0.4666274873626737,0.008205085522471732,-0.1855339532375102,0.24785962678754492,-0.07757811135806186,0.8677371033008948,-0.16735453077445314,0.09989442999011611,-0.24509942118016542,-0.27474694127150545,0.20814696449595818
2068,2068,-0.3468842859379215,-0.9577008441887034,-0.45904967821570297,-0.451641019462464,-0.32887039458901995,-0.2971633932725316,-0.3275695753903739,-0.7211205327992649,-0.27869395353662546,-0.30235755626711314,-0.15134436976988386,-0.16761007877775144,-0.15212790301587856,-0.5848048861706127,-0.11824284625281703,-0.45578744564298995,-0.48876712818109325,-0.3123749421059868
2069,2069,-0.10854935180902628,-0.5223779448806267,-0.3081942638402232,-0.5431731530757554,-0.5251204061865733,-0.21904793618701435,-0.17318147514981405,-0.7338577964624665,-0.25725906556773614,-0.2707687496042356,-0.0066193052010094225,-0.32381392003000986,0.2632066124419543,-0.3800201188832657,-0.18702404254062172,-0.23724510120739803,-0.46413484674770217,-0.3788451096881574
2070,2070,-0.24936467307556184,-0.41380157981434285,-0.5763109625636352,-0.28374710176550033,-0.49260884571066577,-0.28734275305890006,-0.23789382585395105,-0.4650753537470556,-0.6201881223603518,-0.370405332303613,-0.32646496963185084,-0.1881142712464996,-0.2886869530519184,-0.5445075496485791,-0.3334598800295904,-0.3656659472660754,-0.21653199973981754,-0.552724783124882
2071,2071,-0.13790029824001987,-0.469172404815383,-0.5621989415361979,-0.46242493991141936,-0.30940829143279674,-0.03783486416778192,-0.23102888522863466,-0.5478085148918981,-0.3703811431702796,-0.27495288354512964,-0.20336107382046822,0.024276285954131352,0.231180227513234,-0.3777879915804529,-0.09186629392785381,-0.4294477666007864,-0.13994642944393793,-0.1806811861619118
2072,2072,-0.3240751291351186,-0.4531795569391869,-0.3190526034875077,-0.34337815820634926,-0.6112604819335324,-0.27501776445095355,-0.253203781115435,-0.7139806098980569,-0.5153760241038405,-0.3728568269375573,-0.318584863711832,-0.3698885494466022,-0.07498001617809939,-0.37970776033525766,-0.21415223123782412,-0.31785736695563466,-0.42405785001746166,-0.4405119450341196
2074,2074,-0.03475753558343496,-0.06430864475247987,-0.0859776995927314,-0.3117030430087962,-0.15350834601652985,0.011788155857737686,-0.2625872781022519,-0.4320992915808032,-0.11592114860089785,-0.13119181904614477,0.02405881753184847,0.05036160418493047,0.2066738277843778,0.005357190001771341,0.04246351802454355,-0.34794961813805464,-0.09646586274692422,-0.15538034812965001
2075,2075,-0.3596033825119766,-0.7032032353115605,-0.6514447268544505,-0.5710484228668696,-0.6166815497293769,-0.21985799547436125,-0.3707685013516908,-0.7170770012689801,-0.5026460752668596,-0.32907580712225143,-0.32401659448774706,-0.13249037304902075,-0.26847924537216183,-0.459012237094561,-0.3580765045065929,-0.6077819015830956,-0.4731643712856252,-0.3848216545863874
2076,2076,-0.19089599847740088,-0.3621429684176072,-0.4664845915416079,-0.3599363167204424,-0.028249805424474698,-0.055745462257517454,-0.25331369830816874,-0.489119539891353,-0.2729086593764466,-0.21271439982998433,-0.06905170047708444,-0.018069292439602154,0.07153776132927617,0.13184114667588592,0.022290535280930723,-0.4658352117406784,-0.17347840150878066,-0.2091082948374167
2077,2077,-0.1741035678963492,-0.05237941068565265,0.06233479859849587,0.1525635425022551,-0.26708369128755804,-0.07905716077356276,-0.21148769252475447,-0.6055934808200689,-0.4108740738086019,-0.29935671691033366,-0.2809134498483776,0.2210517229478195,0.22664599229329152,-0.12189304717455186,-0.14766622803824803,-0.0795900483866571,-0.1898164789407799,-0.20943330782686298
2078,2078,-0.19032025738859998,-0.04028738582577494,-0.3694214622585585,-0.5058350823488801,-0.43627594211380655,-0.19163276390722983,-0.18565888432331376,-0.6308748507140858,-0.38764902853087396,-0.3334038144484516,-0.07952068097799726,-0.18115059391168165,0.24210011164077733,-0.2716120688378007,-0.12657198841482512,-0.3497255750060539,-0.37950646737437943,-0.1413674400025404
2079,2079,-0.12707961122107947,-0.15803507224057783,-0.23446540027694254,-0.3865993852451054,-0.2009734405870982,-0.1335750546999978,-0.21141884661402147,-0.6757965746010506,-0.3304858765972498,-0.2818419766895825,-0.10345410460778931,-0.18113876626525724,0.08466648328256114,-0.2653783621021394,-0.09736582226066949,-0.31359152252583283,-0.3420401450668327,-0.3320636509833744
2080,2080,-0.40990552428316757,-0.6124763770845684,-0.47919337045516086,-0.19455800863606762,-0.6768423008952057,0.7479843772852444,-0.6024621704957187,-0.4991897837728387,-0.1759205101865235,0.2632350500731437,-1.069255140527081,-0.15561003120336686,-0.3591161383466491,-0.3014626855021583,-0.030194687150743516,-1.0729380744374881,0.23262301758285078,-0.7412874461958101
2081,2081,-0.6181107807936469,-0.8019005389536171,-0.05507797180893158,0.21711482214933436,-0.5685564949070876,0.5054259093858312,-0.48104492273633437,-0.40148876875976885,0.1872635731417419,-1.2106964686567683,-0.9766248503171927,0.08687706847223182,0.08442596781095424,-0.10335712268216563,0.1224953602357232,-0.9245634422006038,0.19372589493060932,-0.9357773174221065
2083,2083,-0.35814051509371325,0.021598802854433552,0.32060829024502424,0.18095177142190083,-0.5252888636436333,0.13655596804202963,1.05540593730431,-0.3352488104238233,0.7487131446032641,-0.027483498931300445,-0.6291956233993071,-0.36663290272664695,-0.2317365788352096,-0.16401077301916828,0.24988784178963702,-0.36123462922035493,2.27848983419095,-0.4076845555542676
2084,2084,-0.3118114877827771,-0.3507201778545535,1.1694677928319601,0.06108759764870712,-0.8661837706670794,0.28276499354074114,1.2815924975092998,0.29158225630941553,0.35443344598432236,0.34690198057206617,-0.8638452225846249,-0.3148155116513543,-0.07499932574320424,-0.14495388651308797,-0.1850826929917226,-0.3516402538290057,-0.05477520309547982,-0.4353751026790804
2086,2086,0.14951208044727057,0.026716723245973767,0.4116015786106315,0.02767154454085107,-0.3258989462790961,0.10795105560199417,-0.8284328295460262,0.49329160456929844,0.13226064564849518,-0.5235973056689393,-0.48210644896131594,0.5175593155873456,0.34299408693146743,0.04841615674595731,0.42293605425049907,-0.5181979599933529,0.18884864134707322,-0.2678690547311802
2087,2087,0.1972258274648636,1.549753693316765,0.37269582104979704,2.418432595854283,-0.5916445843774337,-0.5361784430232195,-0.0007525004218154659,-0.049234965692996485,1.635047036648827,0.19426757018162477,-0.29724056734221543,-0.3874979466633761,0.20577212977289322,-0.22627943209665247,0.19328069618677768,4.463657278382935,5.269247820659336,0.9507366127980706
2089,2089,-0.7006226345504976,0.8530853933818587,-0.0014277671841980064,-0.02852846853954231,-0.894518493983719,-1.4016385163845704,-0.5600055738171221,0.6592737568014059,-0.003385494804280011,-0.2956432913481531,-0.8259250517640371,-1.0603704500581583,-0.27133508312328564,-0.21106737587734525,-0.3759824784995051,1.1469324926477473,1.7509072582208915,-0.46331241836814047
2092,2092,-0.6636614876583024,-0.37982712982951,-0.1923674959511495,0.05364213425754066,-0.8828499165708945,-0.42372004189443596,-0.5427152720146717,-0.7811032435745251,-0.02066193601335908,-1.0361965118093346,-1.192652371297996,-1.074118216955189,-0.10892165725755676,-0.301510705828453,-0.6235136277096492,-0.36949700456828166,-0.5725563066238659,-0.3269610991622557
2093,2093,-1.1228567300266816,0.2721312764631165,-0.386629289435975,-0.26698456586167446,-0.8435132695623441,-0.1446669488584154,-0.22203365171167957,-0.9399474099963961,-0.367551962288653,-1.4059107553034993,-0.8085647205862642,-1.1284216392197817,0.07852441163315688,-0.16840874275607098,-0.454942813489251,-0.2913290873714662,0.025392418736274583,-0.5147492401161138
2094,2094,-1.038514847718825,-0.4698301065198556,-0.4532451542795428,-0.1686427252868892,-1.0366191790176502,-0.33019742850741196,-0.6873807165473056,-0.9332829719394764,-0.21566688952344482,-1.4346457450739376,-0.9174485464702442,-0.7944870554553665,-0.19593745472886182,-0.2872888253754895,-0.5725358731548784,-0.5327176380720947,-0.23781587734211604,-0.5687518388953421
2095,2095,-0.008009071579093106,0.6615597515637185,0.6322295632205784,0.5105843728496853,0.49985623070207785,0.40862704198231153,0.10368875337122983,0.4488291687968495,0.14949536430856522,-0.08347319736972471,0.47398429167247824,0.5494992581152868,0.42644173750758946,0.2263146203363654,0.5211995041874886,0.5320451658766644,-0.14445073825378876,-0.1529446269348294
2097,2097,-0.25656334009909537,-0.25820848833217036,-0.26010964630106853,-0.31931046202394214,-0.19767814970785208,-0.028646155541147696,-0.10126710277893514,0.1972331573049783,0.02480815519360364,-0.21807018083807478,-0.34672976923886867,-0.040208717025152586,-0.2509139453900753,-0.11167086041480218,-0.20109160034434445,-0.46800597858681964,-0.26211946088749044,-0.33907171723663887
2098,2098,-0.18522437716260884,-0.15318973353533227,-0.13042968556418882,-0.1765141369039121,-0.03963764822372726,0.07692918552280244,-0.0777357853716729,-0.09058153458918655,-0.13555358604389803,-0.0465477427237492,-0.26898478317587216,-0.07394090440279956,0.04414616500650445,-0.014331828150719348,-0.1225014889754676,-0.2281697892564893,-0.3374264881050787,-0.2891954570369853
2099,2099,-0.28056530176274613,-0.1617744327403829,-0.3098404986871621,-0.4240983728930915,-0.08899874238059398,-0.12134815589732263,0.08969894775934774,0.02649430946532733,-0.027223441837838286,-0.21264460236562768,-0.3017743956880243,-0.2687656260213541,-0.3582596305920294,-0.15857384012059883,-0.32544024300402813,-0.4932179369418278,-0.4147204705123368,-0.32125035730008716
2100,2100,-0.2901421868368908,-0.27211974500519437,-0.2890705237185133,-0.3055714541221999,-0.09860733880318583,-0.30782414104101163,-0.14368785119130217,-0.027354009091107558,0.28508085656209103,-0.2609891207291936,-0.13313833886179305,-0.12323212090141013,-0.6339918498501338,-0.1158491650056706,-0.22614229142736308,-0.33348053631632246,-0.26480412247391877,-0.4233417181249194
2101,2101,-0.4312262809590733,0.8729104848234113,0.11012441871112183,-0.16113695424229174,0.13993267603717224,0.08644693188542671,-0.12089626930333587,0.07720133436977915,-0.2679385706550051,-0.17437197248723604,-0.08222266276103099,0.08491408166513251,-0.02624970339310453,-0.1918258687303077,-0.0863087956594949,0.06677964445324165,0.05502638960497642,-0.35342159008860924
2102,2102,-0.04010658731542489,0.49665924888689367,0.04303206373244508,0.07517608768169554,-0.06553461044573487,0.041946713954240676,-0.07910701524820597,0.4585232557088931,0.05078867310517076,-0.18189095592345328,0.01948614013372501,-0.17622598445315893,0.19528400975698365,0.058855423347751595,-0.033663606555023505,0.25082220558912155,-0.29606142002366,-0.3917391319592937
2103,2103,-0.02833701876807693,0.354752521705712,0.7805463456664767,-0.10575031101648005,0.64550192643455,0.2855298309644028,-0.03557092669699756,0.6384672960641068,0.11115854102701554,0.12862654810483956,0.3653216250503546,0.2877387689414977,0.3319914914281688,0.4283383456341798,0.22094612611800676,0.5424062723398659,-0.16602261804016816,0.19794117801201272
2105,2105,-0.43857157458993157,0.2790115587734675,-0.02804892681435412,-0.23983104850280615,-0.10521508068970072,-0.1161261071454068,-0.11615793617377645,0.720614944242759,-0.19388721873159487,-0.27981647294550205,-0.18153236935465356,-0.1161158897043265,-0.28466018417070726,-0.03864118922103699,-0.13684855793435965,-0.18798721576668817,0.08463546751506584,-0.1741278435173961
2106,2106,-1.185895586006262,0.6467252854557336,3.108375779769161,1.6991761345570058,0.6879794504303639,0.14064155549348026,0.7185224450805319,0.07376513499319713,-0.44651176304071843,1.6841907421151896,3.686554856873842,3.825255865208084,2.7526734086271953,1.9603338486257114,3.828862350464047,2.0949429346739716,2.9333963429077587,2.269954548165617
2107,2107,0.216570865325455,1.28490030571548,0.08002153484955231,-0.062049328944990614,0.7308178851836782,0.1889686133293315,0.2863753778309405,0.15526028633046332,0.02576654310987173,0.16412978828769115,0.2803699460873541,0.6389991282234461,0.701931374860155,0.15285456404779596,0.14700520205594167,0.34390422620080574,0.3063196179820584,0.19833551967869878
2108,2108,-0.09634975928814594,1.724844730453646,1.19633936401039,0.011969760067687855,1.0185953049700058,0.5911909909080301,0.10536531420884127,0.4800414001018824,0.4098386488235668,0.4126152279016763,0.7586375690780999,0.28579354013741837,1.1786544562573966,0.5118318556688543,0.00782065768891879,0.9418092620464612,0.1816036498581443,0.2799956388969394
2109,2109,-0.5054044115186307,-0.6806266651544256,-0.31455899927064285,-0.40916822928938595,-0.018804297069503588,-0.24149903963703126,-0.12331776937145576,0.1913915015814197,-0.14938976464470033,-0.3490554848325893,-0.41712622418896994,-0.4287087326646276,-0.7738775904946406,-0.37627244953677025,-0.3216914084910765,-0.2626783166699714,-0.5565194834431185,-0.5262166905701565
2110,2110,-0.09924376581793348,3.4614149370649314,2.402647041845999,0.5845952049333283,2.5834139945724184,1.0649315115871876,1.399279570015509,0.7332999159971398,0.6874663450435728,-0.31991467512321453,2.428263287752044,0.34781679164109286,2.3281910027892065,2.1497202838830973,1.258448868226667,0.9839185015295826,0.5211262245178805,0.9790124426012807
2111,2111,-1.0342881168498956,-0.024333656919584057,-0.41007433329783793,-0.03454765370834311,-0.1501201483787882,-0.8496241660781152,0.18473445152872,-1.6935506642459952,-0.8630646087854873,0.21874444335253346,-0.2524334544932576,-0.5083264545090204,-2.2449230155117412,-0.7426927812306804,-1.2996231684674102,-1.4459533823624768,-0.6925149077894766,-0.20561119061319516
2112,2112,0.015078467454934396,-1.0832417107892236,-0.8173678051328613,0.7606307115675232,-0.06093044343436425,-0.6496853073110141,0.6457917062999355,0.38547272071765387,0.006918862147979624,-0.002666991437113174,-0.29507753464322284,-0.35102678668943127,-1.0685177741626688,-0.26113754886982726,-0.5487283928388175,-0.5074490996074547,-0.07965862937672157,0.15190970549111216
2114,2114,-1.7485618047568257,-0.8681021797931564,-0.7822187428596674,-0.736441995085961,-1.7378673445848194,-1.3364804889288924,0.2746098269392071,-0.4378523097462589,-0.6016630658106008,-1.182793153162359,-0.39873366483201916,-0.2097190889609476,-1.2070814480702121,-0.8783334463358681,-0.6340076297661593,-2.0065819653054513,-0.7586405426170661,-1.460046930470734
2115,2115,1.714038745601228,2.335040771570186,1.1828393420804282,2.0204209449201467,1.474402254374998,1.5815209539004127,1.9895695377277798,0.7424167260211537,2.3500229556974666,0.6913760971168971,0.6145646389138915,-0.11294347848792281,-0.4392244969788376,-0.3434603766532414,-0.6297071142029742,1.2913728948496555,-0.07227704835137876,0.9016392192684337
2116,2116,0.3246545764082964,0.17996422507348506,-0.19003023148120393,0.053679518227090536,0.6819765736342338,-0.2035284904378568,1.2811225733418201,1.1696846648834358,0.14239198806914474,-0.45228895846912665,0.0860983980303007,-0.4781991737687852,-0.15265825194036434,-0.15769748730908772,-1.1621971398969064,-0.7288364022441042,-0.7102125912029302,0.6947050837025549
2117,2117,-0.44301010345202535,-0.13303680949461846,-0.294130105116111,0.8442083705913419,0.5435978849839866,0.04743453839703865,0.44338426859456154,1.244335043554922,1.435037108785796,-0.027565064948408182,-0.4588990212598745,-0.530507326674237,-0.9866821200760323,-0.6151688633744331,-0.3818382423195959,-0.04142904017188224,0.6238323021918127,-0.14741535754400006
2118,2118,-0.4909201835971011,2.3357968384530623,1.3296899717501829,2.3133179467518743,2.4220680683177953,0.3142867568708363,-1.0835461393754242,1.4173602982983626,3.0567946916271933,-0.5011715170637293,-1.3661836202061686,-0.6687384648897171,1.8466528191568186,-0.17245422252553633,1.0639019573721473,2.741462086643035,3.112116939723834,-0.9461490265978042
2119,2119,0.09883879927544217,-0.79873548910981,-0.3297200049006375,0.7186239851678015,1.2979046821224065,-0.371151663300011,0.6921165691772473,0.6828126496476907,1.0327908697656647,-0.2158442282776097,-0.5364723031880149,-0.2312734709864782,-0.6672974144146294,-0.6761552983401455,-1.2002736814811592,-0.18468587526535377,-0.38145160098387554,0.003557367798031854
2120,2120,-0.22422252981994273,-1.2674326125432382,-0.6215557695732612,-0.12566317578911718,-0.023162721778176132,-0.41281409740676417,1.1364616859040575,-0.22212795068093374,0.1941296084354236,-0.4613169515663675,-0.48098860609763966,-0.4994852231682558,-1.1824279351714162,-0.2504686908441084,-0.6635225780865497,-0.6161859128496106,-0.7097418967536072,-0.5978627493146002
2121,2121,-0.1341570172900797,-0.8686309269895914,-0.3226098561986836,0.6639497301262371,-0.4427579548125895,0.39657956425397584,0.8468408394814644,-0.39039427469483,0.14767129632814732,0.18846481893135034,-0.29875988618518995,-0.4393667987469675,-0.9816018358538415,-0.8547156469716379,-0.8685132868484918,-0.5060438454282958,-0.5674265275743511,-0.06139738455297953
2122,2122,0.17994623400013482,-0.08923633143285162,0.5861170486240666,1.2805178404427782,0.6824961490405587,0.0771377243738213,0.9157883038679349,1.13915738147559,1.8520577880130187,0.6604403129063384,0.22844205238425902,-0.2658132792450344,-0.36071488681590075,-0.23236385486397973,-0.5857957329888505,-0.2922028718132604,-0.10531294890572168,-0.07121095621612338
2123,2123,-0.0526463461961901,0.5335044233836571,-0.2513357232968945,-0.04734354752256355,0.8120385161260331,-0.12263561108858535,1.4518548237229092,0.3950401311128015,0.29221929969417926,-0.3899024968691399,-0.5075204867518831,-0.5751931696276099,-0.9358267183473928,-0.3410888646996933,-0.808090620821551,0.2798022132683618,-0.7064608614632523,0.04372954904072488
2124,2124,0.3319315393448227,-0.6882080760883799,0.14539261145520466,0.16146841995796096,-0.14445642195924177,-0.3644200079154783,0.4359320005607967,0.680868103670595,0.5139537175851768,-0.07513029847739335,0.08906474682025119,0.43216896978034197,-0.7586818574584311,0.34761938878567433,-0.5431433192966791,-0.09401104961701372,-0.39107622578043666,0.34546749777689983
2126,2126,1.3638131256768384,1.232009434451694,0.914903612452609,0.9254907755063277,1.6684469887294775,0.7679933508136195,0.8269027817614765,1.1372325098724725,1.4622741423607897,1.2954862042054314,1.2046280728073984,1.4767907765107269,1.1927181103497755,1.7656318994338072,0.9947301362025077,0.7773028564008037,1.1101415907149519,1.4330046386971147
2127,2127,1.516897584781639,1.5975482571791255,0.7890240252592492,0.7636947990838394,2.057249737216212,1.0654120499318416,0.9579136784417845,1.341695860225728,1.4315049738546264,1.3370994368125464,1.4114233065872392,1.6718342778820863,1.5238109089277425,1.7918777421446876,1.3017187007328614,1.035982062035007,0.8792629452336133,1.8137912421654354
2128,2128,1.3950596996585987,0.6616871581333902,0.6740843535762089,1.045926125184303,1.5946138635067126,0.5066292795948975,0.6073288446237627,1.2051513021718199,1.2265406641471002,0.989367531033408,0.8151753190647568,1.2610043656704426,1.059415203385394,1.7296157494618196,0.6995152158036185,0.8629838125633876,1.1912546900279424,1.5052606695102884
2129,2129,0.9640379498489375,1.2009224160014935,0.8044425058139778,1.0667611320629276,1.5835285663911955,0.7776782313428139,0.6172881060595511,1.2950733269169106,1.0446398548598468,1.1645081537597222,0.781701670066622,0.6547350093930344,0.6573028764888303,1.5320808936716939,0.8384099319335838,0.6877709802416703,0.8408681649382053,1.64938099186263
2130,2130,0.8561233626061793,1.720108292886171,0.863892644028577,1.469257290124762,1.7006047958120616,0.526001170164358,0.9881542028339534,1.3617908190158894,0.9970138154726431,1.1455703061592037,0.9096369054496788,1.3896011618842263,0.7468802649951919,1.4987898546033513,0.9744158664085293,1.0450898829400777,0.7726240647833456,1.2438376707637522
2131,2131,1.020650582269427,0.94050909902774,0.5653300581598079,0.6337460561515255,1.223875134945493,0.6918813717177515,0.45096529665469803,0.8786049796586083,0.6511677667022643,0.9335931010151192,0.6774034286012613,0.6173895002093746,0.7908550998978957,1.2548169391736388,0.7137079449450056,0.2692244287318894,0.70235829929191,1.0102503788765678
2132,2132,1.2188369351154003,0.75987450664111,0.7599714178284377,0.7437681258176285,1.2623122667156843,0.6662321286378243,0.6295325322761793,1.0760898540182537,0.8941653848580124,0.887135917218896,0.8832944718244843,0.8046807523848334,1.0719956349717454,1.365844147829802,0.34769165538149066,0.5235605491644938,1.406071252342621,1.3194438123562835
2135,2135,1.0091210241603596,1.134943601667558,0.5181761258366082,0.6554956523063805,1.272961314264419,0.670013790344764,0.5357502519038896,1.0040061333129724,0.9083504092116244,0.8401368931295021,0.6345114408757713,0.6712475661815439,1.0307465233512474,1.4299734004892795,0.6010351246308195,0.4608326253618857,1.2590361754947967,1.007144531529375
2136,2136,1.1873802537612823,1.513660996326109,1.021025634408484,0.798960797164446,1.6205110190974297,0.8712022313114889,0.9396243904752627,1.2862523688946226,0.9426608061256303,1.0450805257308395,0.7031235815975444,1.0435930702145855,1.0635285994606203,1.7257558583015766,1.0171329832028342,0.6344270300646556,1.137178686280834,1.3228430563313742
2138,2138,0.9244095855488904,1.5095046055045485,0.7995741011149442,0.6890108781704649,1.7696549107629627,0.8816102460603128,0.731216309118465,0.9685019887607681,1.0533554345122698,1.1769541193787108,1.167312700172883,1.0444050812145966,1.1674706990807227,1.4762486973019187,0.9810215451202021,0.5303694276964755,1.0018759569707758,1.3572748854016266
2140,2140,-0.8956948680842868,-0.5681824142786017,-0.8651216087568132,-1.51157328961343,-1.1962030009955804,0.1362258124568783,-0.21759129028139967,-0.2144314086527571,-1.8326988727683706,-0.8455124174462866,-0.19423217464472595,0.39961186242796926,0.23551162380097976,-1.7161759714060483,-1.0699905111614394,-0.6396383893515906,-1.3318931090138604,-0.36302406417283317
2143,2143,-1.412932224399597,-0.7971812542152246,-1.0158256520317528,-1.4723290914295981,-1.5689001702251173,-1.0070800063056948,-0.884606418377163,-0.0336770215281845,-1.4128727133732193,-1.2529324986736017,-1.0799246048368312,-0.8905012839125233,-0.6285858682351106,-0.5673482320026876,-0.7312427200565158,-1.5636819398399358,-1.621873280009584,-0.7728242816407407
2144,2144,-1.423221327375074,-1.7905007643553204,-0.8362280329247214,-1.1947833779197083,-2.0247770562850187,-0.37257448142174493,-0.8960902442037424,-1.2788176616519644,-2.380685305353075,-0.9469972071102757,-1.437860792998269,-1.234941074025818,-1.3817662174005645,-1.7261578023704887,-0.9715102646954791,-1.3454341776974077,-1.8342049680400685,-0.9536687548426576
2145,2145,0.08430958536864941,-0.277239150655142,-0.14218574715374205,-0.1744763043236771,-0.18043111504979148,0.601340495469946,0.1819527086322792,-0.6345407784770172,-0.9802484497155076,-0.48048519227852693,0.7790405342679143,0.8413520210617639,-0.061614040305364735,-0.5057275230647134,0.1123630335597848,-0.4355589428966333,0.10366568278597146,-0.27172856201895906
2147,2147,0.7140908960234912,0.9813283070785774,-0.25004565600019596,1.6437689696859097,-0.24618849344672247,-0.03534353184377502,1.1915083277252916,0.34109705500347115,0.5385630783408338,1.6321574067729827,0.40492759740427925,0.42974326621634584,1.2034888706735758,-0.35884484559834523,0.07236030887759172,-0.01757669142407897,0.963674805007026,0.9976504760568969
2148,2148,0.6532426125516169,0.5765466282767822,0.6856370500455394,0.8905883489678935,0.7223554979716622,1.286422333175563,1.3309170182381973,1.266996994152291,-0.7856567146310808,1.260878113735439,1.6031276992638768,1.6189271005293793,2.074947410142512,2.295446434384766,2.0106002457362337,1.061068858407244,1.2898093463556626,1.5641867479898177
2149,2149,0.8974293571228553,0.7244499383146886,0.8816017519233359,1.3453323799650534,0.5476645780590835,0.21582298131644334,0.5261583640480192,2.079336046529982,0.4069051661258351,-1.084947733429609,0.09500818105549488,0.5323387305475172,0.7189322436741694,1.6116497314206877,0.7108838966770674,0.5614824434979159,0.006297947067988277,0.9260901595686865
2150,2150,0.13525855158594535,0.1568989038629843,-0.16613913004840167,0.46051835493691295,0.96340262181508,0.3931318149783427,0.5023078289960823,-0.5067747089709383,-0.23206080272907476,0.9368573327460629,0.12331583723845854,0.2775164624257749,0.6830491662053132,1.642952790976095,1.0469855364020695,0.6761668190438442,1.3917635890341762,0.8391929928405394
2151,2151,-0.0543375389680711,0.35484356133075423,0.5663747587503687,-0.41881705073546355,0.10571387487546355,0.968416991341741,1.2840078348235529,-0.047795081910248095,0.5170719386205654,1.1256027645725344,0.6096763504072713,1.3377285085800505,1.3119880351841848,1.5718399036193726,2.0092568822083434,0.557168578705139,0.14480338638479626,1.261364861383435
2152,2152,0.8922595816092405,-0.35012178326738685,0.39326897027954494,0.48142910967496777,1.1456592528433587,0.79300135805209,0.5126330368100146,0.7609715587632527,0.49014291733477844,1.7446644377574305,0.2203150688103151,0.23638583539581096,0.20171962391237958,0.15669446873552634,0.25008164278096423,-0.3860384855888088,0.8463215251079876,0.984077230758303
2153,2153,0.9976591911331283,1.5644271010870319,1.137982831480884,0.24970915276683403,1.416640665617702,1.4131447957638121,2.37379856062321,0.03953970319124702,0.9063154502227075,2.1517062061177947,1.6606196308967676,1.5659285790999509,1.4389435631384828,0.5655850659849775,1.3659880473932458,1.8016620908619674,-0.14888412087145492,1.609416708607178
2154,2154,1.314594950658374,1.191290328237883,1.2723051806768229,0.8691116911002648,0.5711032523640791,1.3445895048833665,0.9405398747222321,3.353035970958957,-0.11376416505139982,-0.591444041630807,1.958828194856672,2.1634304690457378,1.5628400387875034,1.143413548535177,1.0111165590371531,1.165729533610165,0.872981423847358,1.3451478822478014
2155,2155,0.018516838212049438,-0.4391374773195062,-0.28377719971586673,-0.7904861405859348,-1.826050605350427,-0.45894307708448573,0.1755918600879015,0.7973924926412866,-0.18657393205637202,-0.6340441153563241,-0.7821313688055848,-0.6588098513140254,-0.41565045300346887,-1.1894802381066982,-0.20756499022126754,-0.8986315564718282,-0.6271665686332992,-0.49132924281646295
2156,2156,0.043716393582450636,-0.22514839075754325,0.8650666744386091,0.09783461681432583,-0.12150304602977076,0.13198723942634788,0.33332061163435134,-0.818413413449086,0.7750509443245565,0.5545411644527791,0.5511409804078369,0.12372701596510982,-0.07524064835989895,-0.6151783413847148,0.004626547740021117,-0.10992087479128725,1.8213012900658478,-0.14004731645595087
2157,2157,0.005916721667114553,0.0988286478949951,0.5444067535733454,0.08397758158037615,-0.26323450613841853,-0.3494476267372302,-0.3497417362977721,0.39681251703583204,-0.23299713128467542,-0.3237090220107125,-0.24208474546232214,0.021976236974143575,-0.17918905891271994,-0.06950360215537306,-0.36427562437342226,-0.24657835912577375,0.5047181287085689,-0.4462918009886021
2159,2159,0.2707281994828718,0.5610910978478342,0.2672854526709125,0.07818030502698874,0.7989265074616293,-0.4175828117891117,0.11593854596690739,-1.9056328312894173,1.1055806048472105,0.599824371591957,0.6903196685275713,-0.21757787009721885,-0.1816302871577461,0.17540917560953634,-0.2082829058473475,0.4436817056962752,0.5321807921363034,-0.6012196301978047
2161,2161,-0.10287299529994025,-0.5453331440055209,-1.2475770641724147,-0.6385540248139502,0.23324513977839909,-0.11790083425957963,-0.3875340686472679,-0.19665399698243005,2.25133632540782,-0.4473432679106654,-1.1120960198472276,-1.0905338870722385,-0.6139688107246295,-0.11537936511609968,-0.030661009452399,-0.3403281582261914,-1.0094225173328653,-0.46615665383007526
2162,2162,0.5593785896775758,-0.6828119480745092,-0.274570514906996,-0.05362962317114335,0.02802744904090367,-0.1717603350378997,-0.30106948787557697,-1.4890396430376531,-0.4087213457033831,-0.1305905076607878,-0.5122702206516653,-0.734510418552943,-0.641770999529605,0.0377386099685906,-0.5046492522389842,-0.27013707492620725,-0.9462745963989153,-0.7899615509751178
2163,2163,-0.3381157018868035,-0.24724831527265786,2.2374986110240798,1.142538057751808,0.8019691021386344,0.5397678377601195,0.2607662010526675,-0.3556876096357034,0.4959176899053305,0.17916231810934483,0.19620345860245092,-0.1961692608431155,0.4307758514756121,0.1113844038933545,0.03560809418330439,-0.07472368720529445,-0.6284329313224153,-0.403701634759517
2165,2165,0.026222338152086824,-0.8960838592020486,-1.175634257235239,-0.631962940517767,-0.3441633167650162,-0.7367737195526302,-0.027910356789652636,0.6718627850740369,0.17709678086976083,-0.5807255435238721,-0.4872233850078051,-0.3088295341576993,-0.6510518919536898,-1.0321642455925897,-0.4994933653432984,-0.12255891570643726,1.4192546169891331,-0.851433333892134
2166,2166,-0.021509107531266117,0.055002457257840136,-0.10648836434347664,-0.4581303900554348,0.5793817609717801,-0.3727242500063017,-0.5301437810545879,0.3901629617014953,2.1257678944112612,-0.30976025350317327,0.1721482122220364,0.36074552329905946,-0.020820860499018393,1.1665194333837865,-0.8485213102696542,0.24437090980162848,0.13258863345142108,-0.18087282393476575
2167,2167,0.4738091886414444,-1.041605197987262,-0.8727162765490788,-0.30732550869506425,-0.3021776096989112,-0.30610004561730236,-1.1542719795197365,-0.7314099004221383,-0.14886451941875462,-0.3634086742565767,-1.2379561484555879,-0.9487586454750171,-1.107862812767453,-0.7653905575137367,-1.3234688678137283,-1.1064612204913988,-0.0365414574533371,-0.9626731499264259
2169,2169,-0.4896554072698355,0.49883600210130424,0.13032444462371473,-0.44430373983623217,-0.9236524852515263,-0.6557932998260251,-0.7251914613275693,-1.1696793248087052,-0.31348789736559357,0.11219162765361074,-0.031239744947754094,-0.8021907358733897,-0.009455433457626795,-0.3739518880845741,-0.30283951072769816,-0.8107744429838544,-0.6398870357472238,0.16185192717842165
2170,2170,-0.7323815520825818,0.592992841427596,-0.771564239405721,0.5299502392100851,0.3229854579445678,-0.6485899627438945,-0.43482533009950775,-0.5137404729694344,-0.5432169226346935,-0.2373616705330888,-0.9048438805837176,-0.3031572409318574,-0.3912139798633608,-0.6129131784827835,0.0888335735089117,0.35671403830143605,0.033246904169098944,-0.3837765366845147
2171,2171,0.13252529631363708,0.871205443149702,1.1910592892704,1.365373139369522,1.5897808295176505,-0.07819536055125079,-0.818588426077324,0.35804992383999207,0.39780583062284575,-0.6224096398829534,-0.13686999367320152,-0.2851651676152816,0.5489900409017474,1.2941393107636319,0.4056956098085765,0.6232085865335912,0.10258527247183807,0.33927089476148375
2172,2172,-0.44018862185432023,-0.1898136038282474,-1.4445751107747018,-0.9260220083506554,-1.4492122769529638,-0.5233261892638464,0.3877316238200735,0.35364788431714733,0.8823923290270151,0.16095560482026275,-0.0411147374201496,-0.44063599736613746,-0.9248704460968367,0.12056324451576247,0.297002264909151,0.2124754269349307,-0.5603812288406897,-0.7474333382896239
2174,2174,-0.31705903605581,-0.37310797119290057,-0.5771322308552749,-0.37333174694129073,-0.4231915416791286,-0.2347413293948887,-0.6630817280284876,-1.4891803736144418,-0.6963995632391614,-0.3864259121697854,-0.6044315579582703,-0.8293397467453529,-0.7107597907352496,-0.3443348712500904,-0.6097342295894063,-0.04884560964991897,-1.2273134239009873,0.14967432376278875
2175,2175,1.2685139323850758,0.3511077562723734,-0.43109896972937944,0.0391088032536224,0.2467829184874169,-0.15824630923677538,-0.06176513890897268,0.018019318051328483,0.02049360833421644,-0.0776843729543796,-0.3842706100555078,-0.4922814150258782,-0.2701309915667585,-1.3146724759661488,-1.2608349624125321,0.05531651099983074,-0.40189065071746316,-0.4633932790312107
2176,2176,-0.46707522646909233,0.5397097425246201,0.9999257436825759,0.6040149853683416,-0.5648935499292231,-0.31581359980624146,-1.2939314431980466,-0.5291855902618507,-0.7079082878311433,-0.1609362898273054,-0.4766923715116452,0.08428810355220417,-0.6753867663630437,0.9601979997776282,0.2207133602511751,0.9040258089079177,0.7117334647505966,-0.28754335073157394
2177,2177,-0.7193417783897483,-0.46477731514309145,-0.6749717946364562,0.3786279324436432,0.9418794029305393,-0.37968097402727297,-0.5801946462139367,1.0959670780430826,0.6464755266870381,-0.2798917273562221,0.6988514820908129,-0.29611893606303474,-0.7227526116051242,-0.581597552021795,-0.0397375224291713,-0.3209679776492313,0.9282248725562527,-0.27586084197142097
2178,2178,-1.0512562213462424,-0.23315963726463135,-0.043597875271719946,-0.8633179968242358,0.41485867637735735,-0.47148037587445984,-0.7585312934503442,-0.06829651997251612,-0.7700056311854556,-0.6803616598473968,-0.08661142661607057,-0.23774691101087067,-0.7283331361292364,-0.950837213052242,-0.6637825489444452,0.08978176240327257,-0.7839326755611296,-0.28436599789148637
2179,2179,-0.7923886895995965,-0.7714120478938156,-0.6640136869911861,-0.6437181681579095,-0.6769778741957049,-0.8821423155360699,-0.517525182364556,-0.2978579670038641,-0.008233403239056337,-0.8993201461354179,-0.9753799639117929,-1.1054620743542507,-0.6220937381922849,-0.3910276948205176,-0.9360246233692349,-1.189700998287398,-1.120580476096445,-0.7266045249334049
2180,2180,-0.7475456269780423,-0.8168064945300635,-0.6289064999635187,-0.7688591445828686,-0.6834098847403318,-0.9108743194414276,-0.5665880688414594,-0.6021667891308724,-0.215357415347767,-0.7807781971802579,-0.8509973718460312,-0.9734637170213046,-0.5765481957165612,-0.3940572267188481,-1.0147149685759649,-1.0828580038535183,-1.2321303048174637,-0.5560698750455717
2182,2182,-0.9153860076913868,-0.6579363363020821,-0.8407716913782117,-0.7823692124762277,-0.7502432689511304,-0.909129785771323,-0.47594929830635146,-0.5039920072117102,-0.4836306932747442,-0.9186794995099765,-0.9403276728758525,-1.1086994497874778,-0.6064453489373491,-0.41254203863680433,-1.0944198913945096,-1.635339718258833,-1.1938152692217086,-0.8322297612436178
2183,2183,-0.42532283158118833,-0.5376368826631184,-0.7652362092030562,-0.8245078503452709,-0.5098389151382524,-0.8190465204224474,-0.4325988771154492,-0.7040263653332086,-0.3609893500122,-0.6510576639828805,-0.945015281809987,-0.8795236882855004,-0.41363002044783864,-0.37730674878226933,-0.9288514739264107,-1.2653758350184843,-1.2000687862746862,-0.5907080949265548
2185,2185,-0.6907784184249698,-0.8249217469657517,-0.8461295558690182,-0.8484217248705486,-0.6161603217754797,-0.8884839865232933,-0.4330243497390235,-0.6859244701556589,-0.4696463585755003,-0.8931664660050472,-1.0172352785716614,-1.0957642033833592,-0.5486140113190219,-0.4128739062731171,-1.0545755157837264,-1.3152089101951812,-1.1084578768359956,-0.7447263994811087
2186,2186,-0.7860591086868581,-0.3980363556038832,-0.5871482896337933,-0.8307616570724129,-0.5501185271527131,-0.917172384748989,-0.8170807709685712,-0.5459860431613609,-0.24006317677723174,-0.8795463080277275,-1.1516226649493624,-1.092324341380835,-0.6045176343154497,-0.452113470732458,-1.0142955465951466,-1.4644530291492863,-1.0869805637042422,-0.8498127324975117
2187,2187,-0.7446807409600026,-0.34601471219002844,-0.6689567893599717,-0.623988094763471,-0.5769632590026113,-0.8704548778353826,-0.5556410174755024,-0.7986176747253327,-0.2813732253439094,-0.7651690449662824,-1.003996275841578,-0.9821900598625677,-0.5450367502634628,-0.3706320509973507,-0.9392020146639235,-1.379823091594843,-1.03626172818056,-0.7779018288429889
2188,2188,-0.2414398676783579,-0.5815835015391809,0.04376575895642366,-0.26290656110112687,0.5638620598410529,0.612698416740906,0.220722439799411,0.26166617571916123,-0.26199030275201135,-0.5901489924543073,0.43769630385597713,1.1306640265158905,-0.07849301387128838,-0.12711485373201795,-0.01642370641415587,-0.27051257469470064,-0.19289522533420997,-0.5656178750158051
2191,2191,-0.7598725721789915,-0.6072426960199406,0.22563024548390687,-0.740649103408572,-0.5447898309144198,-0.0285624816439913,-0.3560316490735963,-0.2128083001310138,-0.39149221296361186,-0.27890619714510734,-0.3137609834537996,0.30018336294046616,-0.3966473343326459,-0.22243363173501948,-0.47549729910501776,-0.37053130463308737,-0.33383117412447766,-0.9140637651334559
2193,2193,-0.961798732208065,-0.402760831743119,0.026747140801516377,-0.6036411438877406,-0.16594022083962182,-0.02268001555286807,-0.3612452261585984,-0.7390993218877971,-0.10570387740381414,-0.5142785273814052,-0.13435325515940286,0.8546506723580624,-0.30837850972088676,-0.007639362729968487,-0.2733298023413883,-0.09153933802327083,-0.08761917852603977,-0.26398132428276916
2194,2194,-0.3177062396052767,-0.6932922029316757,0.216391354012141,-0.7088039519527234,0.1372003865416716,0.48420221510712924,0.017271333898462318,0.09668944496588887,-0.008544848615047488,-0.23556102520014405,0.6653942258652902,0.925945384032548,-0.22013719661022407,0.24413436964141466,0.19665606250140233,-0.19678585695067605,-0.24875355131078883,-0.6183828472966946
2196,2196,-0.5962961632962434,-0.4761783180133924,-0.4669482821367254,0.062127951270774785,-1.3191629384876387,-1.2354278101330443,-0.17234845742820049,0.01295636901173289,-0.3622161427099769,-0.849043851630162,-1.144159216124195,-1.6049992298033633,-0.5408439207885235,-0.9159197201245551,-0.9318753941398209,-0.4985339321451286,-0.45782473599759993,-1.0008936937914639
2197,2197,-0.1339236575524961,-0.014138367442959645,0.035573733611485275,0.01180751249846611,-0.9757516360447447,-1.0970041827339423,0.20932240042540123,-0.2203387592548954,-0.06362288640183328,0.38817623393615375,-0.5791137538484037,-0.8215268033952798,-0.48718036688938204,-0.4483104629377859,-0.6608865596985217,-0.42239451630996466,-0.039211637400002046,0.1459500588264557
2198,2198,-0.7871808151653937,-0.5401948841709916,-0.3567702342427588,-0.2787690281278917,-0.9226531020091228,-1.0822540846221755,-0.33873821109460145,-0.2454694827308092,0.026293325773466176,-0.3474175516692468,-0.8652807546499253,-1.1265874515614314,-0.42761623637517804,-0.8108990051739491,-0.7227475616970391,-0.3418211750930934,-0.23595267385528784,-0.8556466208767235
2199,2199,-0.7353161902908025,-0.5044129777201216,0.004961039352076928,-0.40664708597886223,0.140915544537534,-0.5095190852054867,-0.20433950102993378,0.10478485385509174,-0.10215168259520076,-0.5688171237767888,-0.8824583657125724,-0.5010504006644412,-0.661938790401867,-0.6811709725232444,-0.5578614642380746,-0.3905251501079571,-0.3695849435381472,-0.7732754826613482
2200,2200,0.03612907677340218,-0.15403379926301802,0.03739240332156779,0.1341099857807795,0.8652186668368254,-0.148510887719981,-0.5276879901071005,0.37949014470322456,-0.011175501742400566,0.06352348872153755,0.005571244887584446,0.14089328935807868,0.25508482741927513,0.7067251081374092,0.7853761175490839,-0.11558135513156488,0.41834208081409263,0.653877770065996
2201,2201,-0.3661696507592679,-0.24996929342810598,0.15496541633279556,0.06316237742452178,0.25998825876755133,0.15045076152845932,-0.01382974034518392,-0.3952019559035768,0.2454784725580215,-0.25363310828304747,0.01002123617650311,0.9213807505318655,-0.052206064992395135,-0.032193506450731914,0.38058631628256173,-0.38778663424107024,0.04379764464308487,-0.5616849457490595
2202,2202,-0.633789667494966,-0.493306913878012,-0.5304802710321431,-0.5123859921560566,-0.25275021888883287,-0.7795394430395527,-0.10041845827551674,-0.17949430321428833,-0.3723664731212449,-0.33515577920547884,-0.6528524281401168,-0.5915485610280398,-0.5198696123681539,-0.8134457983493881,-0.5787106972595483,-0.38763641544954075,-0.3497475275636128,-0.7359797402607722
2203,2203,-0.8952994502898385,-0.9140192206182157,-0.4625570483480204,0.08152950320928387,-1.0061946376401483,-1.0571789368354683,-0.5486708334503969,0.29758102573421946,-0.234185219064603,-0.26016054378505493,-1.1582327878258494,-1.6937366332193395,-0.7357037889063601,-0.9619487873888551,-1.045472826523279,-0.18543008775967298,-0.4319300929719615,-0.9078072169885084
2204,2204,-0.6515030633257933,-0.6654022856908475,-0.3350592768125773,-0.4613424362596388,-0.7518030507052678,-0.41985327965673724,-0.4456301617403054,0.08202200568396842,-0.41655701876049794,-0.7835904512670927,-0.11082311723857527,0.34801398505587683,-0.5576741095894376,-0.5250445454315827,-0.7806509613287842,-0.3331071043604645,-0.4631353322871223,-1.0368694096593611
2205,2205,-0.06153678635298334,-0.17681432726754762,-0.1624927592888847,-0.27559167713020843,0.15184321477417512,0.015136651311272667,-0.18411910505218096,0.004858208018782858,-0.2343567137261048,-0.5154727868727725,0.5717904202053221,0.4869880680951378,-0.35160118296000803,-0.46162662335951005,-0.1276128466753409,-0.26785172705609644,-0.4265401872271968,-0.433638329408647
2206,2206,-0.6383146239754349,-0.11547199977388044,0.08508076989702688,-0.046503671534914325,0.8176953649297731,0.18783939273934194,0.14481629240184216,-0.02778359756267133,0.03715348815353234,-0.45041925537669986,-0.16694970774658058,-0.396626659257405,-0.23864745636660564,-0.10405385866864797,0.18438869341082192,-0.19540647989779641,-0.09589544734042302,-0.08057384722026859
2207,2207,-0.11617952391181435,0.2350067455132813,0.5200729095867815,-0.5817638312476584,-0.012620947896466575,-0.4863350291375805,-1.2011346645275622,-1.0176500155575496,0.8874328894678599,-0.35848099758250296,0.03320897870209052,-1.1341226332879892,-0.5061775817464774,0.07839142192593408,-0.4658030547907212,-0.07886290814205989,-0.3007883020282955,-0.45776607837268135
2209,2209,-0.2696275901846325,-0.2841755745413915,0.09540899854987293,-0.07971821578205128,-0.9370894569218661,-0.6741719143128856,-0.3908331082723979,-0.17847249876613316,-0.1394757891144547,-0.3893347886916273,-0.5204921314849008,-0.6774257576901026,-0.2545821460241451,-0.21419687194906462,-0.6352639129833344,-0.3208595426289659,-0.2776505275698081,-0.17875056634836664
2210,2210,-0.547029517263568,-0.5453094955668325,-0.3388867398830935,-0.487074100365544,-0.5355855372324154,-0.6675967011439036,-0.3474356369426286,-0.09641379537753288,-0.32083574799320075,-0.43489457888989774,-0.5268138207775676,-1.0492408125074513,-0.602188834128742,-0.5065139989924201,-0.829679066694637,-0.2672028186326604,-0.4423538379989932,-0.1739916923956206
2211,2211,-0.06000047416913761,-0.008739608121947686,-0.252888582306622,-0.12877732050385535,-0.20689739195836465,-0.1992449283559691,-0.20328112167221402,-0.3418078874084391,-0.29936691860689724,-0.12681676567415587,-0.1775086169975233,-0.47135692243500243,-0.4750079350338027,-0.449404840566583,-0.614419524493249,-0.33290236620430363,-0.3501901517069146,0.12368999661871324
2212,2212,-0.004577277322006409,-0.40974759069050015,-0.38969429222633956,0.15388150625967667,-0.8559988716252201,-0.21535520510954748,-0.02086064276047705,-0.0717860872778322,-0.19215538460705994,0.25142849913155824,-0.4340812283166478,-0.8594031287750243,-0.4948261646242137,-0.3385999756101551,-0.28786900938421967,-0.3849911665291745,-0.2778913754303261,-0.26675323932978634
2213,2213,-0.11616434048206946,-0.5291249054295706,-0.47652460121754936,-0.19492312356460528,-0.92000152201143,-0.17958114198043162,-0.06453224219698753,-0.19002731991890753,-0.2461287446585997,-0.12873938985156164,-0.5028062218861684,-0.9647660914423434,-0.360180644431063,-0.5349086523661905,-0.7015172961489184,-0.39938205454551806,-0.35223040276457585,-0.30821674334530785
2215,2215,0.03333096133295206,-0.0032850676862090753,-0.0419873310286707,-0.18979591070843377,-0.35006500513596256,-0.057652971669399145,0.09856728184242018,-1.0249901337537257,-0.10614468914618984,-0.014129114796843418,-0.21283836336806652,-0.4603451579116996,-0.15772559070142567,-0.37222610617146407,-0.42291651720158724,-0.3762939236384577,-0.20056364894750603,0.36260439313635107
2216,2216,1.1374109426492924,-0.0871979185104367,0.5156780245653394,0.017866877431748005,0.3600650062294199,-0.07549257371067955,0.9007799227311869,0.44066704470187373,0.5596023748470071,1.2806640990757925,0.1956101501770251,0.49393554910853776,0.16024486791442788,-0.19114300273287824,-0.42760079969015174,-0.04054167360796957,0.6366988249412032,1.6264288111542136
2217,2217,0.1807184184933045,-0.1514645942153063,-0.30827683117556975,0.2068907958171082,-0.25213980109760603,-0.4164088458000296,-0.15229619984319848,0.17679917523806463,-0.10500316653082632,-0.1853860553857574,-0.41122013236479105,-0.4374671233237285,-0.2585674943862774,-0.41398883318026786,-0.5703982858914882,-0.26567473670282643,-0.2058751836314762,-0.22665455356803607
2218,2218,-0.03249927737526276,-0.13513495613019583,-0.15240596462531372,-0.114813163467788,-0.16107324113353555,-0.3822532392834522,-0.25921454637223273,0.16981846499906872,-0.11451957479893231,0.041250177304180374,-0.27923527344855265,-0.7982070342884677,-0.29359670300293333,-0.4772838512742096,-0.48753184056788795,-0.322449202114273,-0.2546872825018632,0.30989967304392674
2220,2220,-0.19974395756056035,-0.5972900631229727,-0.37191266910592524,-0.11344395412891897,-0.8990808891566188,-0.7578003869837129,-0.2457109355086033,-0.5107751762147452,-0.19953917193236526,-0.28649887141273256,-0.51476870890559,-0.8360839179233057,-0.6387579826586067,-0.6006377681843861,-0.67072125425886,-0.4742515091933205,-0.46083053373301147,-0.4079503045123789
2221,2221,0.7051807865910964,0.7090488968048673,0.2540651028370362,0.6269054251850602,-0.24483852908330092,-0.2985832164418539,-0.15099583705453412,-0.02416906389928023,-0.005753433172453526,0.26972894349822113,-0.42933801344358485,-0.27030765708755383,0.18899017250245692,-0.395287598763654,0.04995953982757908,-0.2845665839302033,-0.20328392705148293,0.1898668224086394
2222,2222,-0.07364648412782976,-0.29814044626046593,-0.4672515738519733,-0.2528001927768899,-0.16633573300574306,0.053315848614716825,0.13522648257416026,0.03799215882680066,-0.35796293340729846,-0.1733720844146546,0.12443703510847816,0.3041516782861967,0.004331367048374574,-0.12134756100551866,-0.20315145056471,-0.4156821961303971,-0.31094497707124036,-0.30478858664034286
2223,2223,-0.3502320052101287,-0.5725647818077854,-0.4604513089391456,-0.3738463929178192,-0.9620835114676716,-0.5979177430911864,-0.45999466914618276,-0.24485333646030122,-0.1597685670939939,-0.3091214528956297,-0.3232964007031783,-0.49191595596120935,-0.41556852902853264,-0.4777728647630823,-0.6460060648860282,-0.43004816998316003,-0.31605419630642445,-0.455638586987022
2224,2224,0.1850773422068176,0.015310713605139461,-0.22198979100939667,0.5165266129327896,-0.23512114858517555,-0.379989484106155,0.16138123372502106,0.5127379658107467,0.08568284513845363,0.14860927953092348,-0.27876383989131576,-0.6932649851154981,-0.15921720840320722,-0.3672021992640668,-0.605853831163785,0.012388465346651398,-0.1882303798246392,0.05457384713277608
2226,2226,-0.5586337026003212,-0.5396966055979523,-0.3002640182886136,-0.36998892547100287,-0.7351769836941162,-0.5004208158165232,-0.3858491569147009,-0.19638287904254517,-0.4033414391769914,-0.4073815911142205,-0.576090522233589,-1.0106217989512434,-0.6392049107330432,-0.5215884813641662,-0.7298043495346285,-0.45173747532699554,-0.4194633844441491,-0.4778073938508099
2227,2227,0.13734532720107268,-0.08745256306791391,-0.2194352658241912,0.20947521597571356,-0.24446494734412166,0.07749458877026115,-0.16644545274092948,-0.2782686932100082,0.01789673216258321,-0.048144925153863795,-0.42647888835503506,-0.7208136481866528,0.04904181410299699,-0.43528429363890153,-0.34236043949627515,-0.020267616102023333,-0.09020104848742018,-0.06225852916820205
2228,2228,0.6882029389721898,1.355976981674942,0.903306216478388,0.7501884093063714,0.5127419106166937,1.3454075763959943,0.06903169779354625,-0.159515767892802,0.7609925797977235,0.45599331530332055,1.8529017316381693,0.8719698022513365,0.9778543222875192,0.6744881800137777,0.171905434483418,0.3994476539805897,-0.17892943300243022,1.5330388627564757
2229,2229,3.993996624319595,2.9411295204872645,3.535974361782779,2.8548621162659438,1.1743536788139224,2.3490015249189544,3.367865097781822,1.8351479948939367,2.763179891361592,1.8022468815143735,4.683950494482524,3.6415108453281078,4.515617831414383,3.6768731113862407,3.7643826483967007,4.7288551780802175,2.451641625794118,3.143998410171573
2230,2230,0.356985500837924,1.854906362661469,-0.2072463353943072,0.3215115365381059,1.2187112088699088,1.5172234893075844,0.49587076419310966,0.6584090765229287,0.08491265982110556,-0.06805743925853606,0.17545498736919846,0.08915769885201398,0.5717647079562159,0.21034249328351917,0.34861724676765304,-0.14950022303208652,0.6918074898704192,0.2617271693890201
2232,2232,0.008665418674768886,-0.046942269493322517,0.13397494531344245,-0.17094468533884094,0.038738535692544644,-0.44613921496893305,-0.397554489758309,-0.39575331771571826,0.1009877338181332,-0.1644209065363858,1.155274469996934,1.2833821109314116,0.5019355203548077,1.817470138210699,1.6165991921744725,0.1886827896583785,-0.4270846220083222,0.26372884311798467
2233,2233,1.011087420994049,1.5252149090490066,-0.16905940733164102,0.7488684844583433,1.2479923378816729,0.5067267959574132,0.36237361627266834,0.5270825716934192,0.530039175240289,0.2637820616252799,-0.14049257074560823,0.5440397808130858,0.48023323697606657,0.8915622266270198,1.130479895367921,0.019009164343354933,0.5106679266127,1.5330942715728106
2234,2234,-2.2056344921141067,-1.6190299452540087,-0.8361008014944586,-1.073434119996808,-1.6962681731050735,-1.3949380979816532,-1.3577944195051057,-1.955922964291172,-1.1272843088614153,-0.9385187319219948,-0.8145478229853972,-0.5040882890488975,-1.4423671378383571,-0.8463225746784391,-0.7023332138970784,-1.2017856170969112,-0.8023454176609676,-1.0202071206949521
2235,2235,-0.3174505027247349,-0.5461745977057219,-0.5650900851157501,-0.2913425956883092,-0.3282804047332369,-0.0743551473775939,0.023318867491531267,-0.5279111724227686,-0.3157728012335842,-0.11421770828874679,-0.253957902759022,-0.23705301713382856,-0.42727287475286957,-0.34832500768585717,-0.5471017203375612,-0.26422745780520823,-0.23208421655569952,-0.2306971686333571
2236,2236,0.8296117986921095,-0.05016100185352035,0.5736512875153953,0.1901337774724555,0.251265885400928,0.2803250316462608,0.10638242992877635,-0.09280029004707294,-0.2260526442722875,0.3076633973187221,-0.09774525436764481,-0.02737803551122021,0.11624650239736967,-0.02701891758904036,0.0019107698333670545,0.028764392913999667,-0.10229769431998686,0.6656995471949478
2238,2238,-0.45302875479531013,0.11671929056979968,-0.5073242996550567,-0.5323184798278212,-0.3930863242803968,0.11631868900255349,-0.17718648849526708,-0.7704940187323848,-0.2171599831499411,-0.32896819581747616,0.7185624959621283,0.7249121794003951,-0.14175197754439503,-0.1646140723911952,-0.04841471600058082,-0.4092097826310802,-0.053424138091695994,0.15452236619563564
2239,2239,-2.26008195709908,-1.0758893023737026,-1.3113642601410649,-1.3634869230175022,-0.07417165584854761,-0.8847198600355228,-1.3574781934689617,-2.365395158871999,-1.2317256938906391,-0.9365170198097555,-0.31822680114147256,0.05125174110027588,-1.0391043283119374,-0.35906700269932584,-0.028353627404914927,-1.2142468270656135,-0.44636684560780726,-0.6335876954609871
2241,2241,0.45192260954846997,1.0088859072137408,-0.15613301767820706,0.45370899158680544,0.8154781443975856,1.125121821665399,0.8231407209465635,1.0333186403561325,0.02170478321781864,0.2629565029016526,0.3748070878931586,0.6419213863682947,0.9819971300305274,0.31206461745593267,0.3159294285312499,0.026880795081760448,0.209741910333526,0.9426060463755442
2242,2242,0.2680771023421882,0.13952067565514584,-0.29111006160312125,0.19465266685184673,1.7775185705080274,0.6249922251455685,0.0888572341241557,-0.1396657144469698,-0.2496600677057522,-0.22454051997290397,0.13962606914843187,0.39558419989236626,0.5428789534989178,0.3720147035723578,0.4551321691448751,-0.357407445885551,-0.0009112519580692703,0.22802874878999926
2243,2243,1.2216791379177463,0.818124635216375,-0.242260320977036,0.38205202470372424,1.1923540943730195,0.25486548041661244,0.5170050933189565,0.8172485110462618,-0.19000020596760223,0.19624508513116476,0.5678505957477723,0.816860871517309,0.7948391826890935,0.18128160238920393,1.2600838782626755,0.28735698718201946,0.1461179808821183,0.15116033166725576
2244,2244,2.8431717281486355,3.0467132690102168,3.108163525959041,2.107884925974179,1.6287893129636393,4.253949065104927,1.345034391534576,3.1935530229646907,1.903716060224881,4.873770186444608,0.8941724438323763,0.7368663080304013,3.7810708468919336,1.4680006026380437,3.2248727411649836,3.6067202297733814,3.305001012869787,2.361001690855533
2245,2245,-0.6470824440052008,-0.4765471466165,-0.05046793759210668,-0.6084542331092516,0.8740402946272338,0.4170282334148489,0.14001477323657366,-0.18212255382591563,-0.2117602752581272,-0.024085852997761708,0.18534607997250865,0.6318692273200902,-0.14749812163910603,0.7983166044507232,0.37348094775198404,1.0506934847716605,0.09472520173314458,-0.26210536150789815
2246,2246,0.13245151972809074,0.08628948753445205,-0.1965402194684489,0.11721872469215465,1.083562708424354,-0.02717823729688576,-0.21443625407472483,-0.719423507181908,-0.03140665519363676,-0.06422816362373313,-0.17827541120645088,0.2136493316051466,-0.028406980248907636,0.5241484756481114,0.76836815652607,-0.04725548473266182,0.19723609199018718,-0.23320009409680328
2248,2248,-0.5329185160490659,-0.5910556186606853,-1.0414202541351336,-0.36545469343952947,-0.7799310333280889,-0.44568072252970414,-0.860558690076845,-0.6498251819579864,-0.5451481580639936,-0.7046913643461822,-0.741870430925303,-0.4166025930488275,-0.3644670263204707,-0.5912274220659702,-1.0072609597627715,-0.04804390923947905,-0.888318993393417,-0.3193534400207421
2249,2249,-0.16255004286575125,-0.16066092631777668,-0.6877779557991864,-0.05202388881076719,0.15641132557261087,-0.283882955598107,-0.6401904478068895,-0.3545131076326943,0.5656567089458155,-0.2815642040248514,0.36811189379223613,-0.15532140250274476,-0.28667036419683867,-0.19653687817483165,-0.45763452828623274,0.49290086201904026,0.21413752951683007,-0.2742052942059538
2250,2250,-0.719280602908797,-0.18043227247609978,-0.5331321221914992,-0.17732108015778483,-1.2303132971240778,-0.5696607776718635,-1.1175901394676182,-0.5574045598775013,-1.1555681120657273,-0.4976341712572114,-0.6363426757492814,-0.9499252673946562,-0.29834412401166677,-0.6245206004799918,-1.2996425749261364,-1.094632555701544,-0.46534399147988675,-0.41255128343790276
2251,2251,0.031060353335975593,-0.20740192427458856,-0.06930535952354458,0.15031621986491606,-0.48376261444820257,-0.08004350906813136,-0.3880863259867294,-0.39118259440005276,-0.39018652936000453,-0.22492784526698079,-0.4438568129846663,-0.32135522980055453,-0.26725954313247585,-0.6171240321011131,0.4670205586599036,-0.09524997325930123,0.15760041200785221,-0.13240065524320582
2252,2252,-0.6478646216975333,-0.38236874003489196,-0.07808135831581679,-0.37904648470584495,-0.7920605765454641,-0.6382672548186694,-0.46737739991910887,-0.4067253351540159,-0.9122575463688809,-0.6520128825391087,-0.7023930687418573,-0.15128629253262044,0.14413397793312474,-0.21564036946573628,0.04991275295438835,-0.008300786331949249,-0.2629915348610117,-0.3615187905978962
2253,2253,-0.926380908163681,-0.7041489983850717,-0.5865909665696666,-1.1927439985312474,-1.1692763978323628,-0.7862051273771749,-1.3881069064200715,-0.6870281724125519,-0.9540753746617538,-0.6471515771538907,-0.7230459939843739,-0.9262463662521468,-0.4940542812576218,-0.5778653230132169,-1.16197621921604,-0.909717459252503,-0.5813538740166336,-0.5437942738938492
2255,2255,-0.677824300311111,-0.7053647122265227,-0.8361947681820742,-0.784068204350336,-0.9138749196590052,-0.7245945969139294,-1.0187842550253083,-0.43966029611092516,-0.8604365325311285,-0.2606993092298892,-0.5404369655701352,-0.831874840826846,-0.22419444670609753,-0.47965820533001224,-0.7924731087269148,-0.8403002609699025,-0.42676612937999125,-0.43581012256716684
2256,2256,-0.3174068788290857,-0.007618143108115882,-0.6514765113366805,-0.814155286994929,-0.404946404992077,-0.15307107267849765,-0.7680339253526546,-0.4807356539740571,-0.7754281228770924,-0.08532869610896714,-0.3699239048828446,-0.3818757231147034,-0.37231579634559414,-0.4131374481569208,-0.10128503594721064,-0.6009958859784842,-0.4018045445647205,0.4092287551200751
2258,2258,-0.1739667116498739,0.1446763827338788,-0.30676086657428714,-0.28507623869403076,-0.17335973111445432,0.13193990333204073,-0.4929059813788476,0.06612218778440915,-0.44572880006086363,-0.38998570861782333,-0.08084536541751912,-0.14354898587201992,-0.06743072777482823,-0.14857421194764386,-0.050741960125635754,-0.23871695191152742,0.20019213954614218,0.15423540939411637
2259,2259,-0.20518668690576658,0.18808162475610807,-0.23012237122825496,-0.628460854724277,-0.0030618382072352917,-0.2893806699009297,-0.4362220871683542,-0.1890781383695416,-0.3318876660776127,-0.2778054088395111,-0.11985978532311524,0.06571274121032455,-0.08063845550583902,-0.17012926773475243,-0.2373274898042021,-0.6898411386590324,-0.200072361343691,-0.17417495718167547
2260,2260,1.1233337815024156,0.4488313819976467,0.7316145796219777,0.946496717140683,0.582073722282286,0.5315432471374115,0.4414435918599809,0.8080091558015102,-0.15441190466451174,1.1885296908777299,1.4583161347492153,0.5088589550741643,0.6010760843308565,0.5377512599984022,1.1195877459358976,1.5370016588841398,0.9517737473840853,0.29368629578475813
2261,2261,-0.25385258162882085,0.04600179920334451,-0.12976743952257128,-0.47994624081787995,0.019429175291442138,-0.14782353252568606,0.10595333075350906,-0.18748302555935625,0.009864884692559488,0.2955583199282363,0.3964417550614018,-0.29953543778055786,-0.03448362567061843,-0.15618671448725618,-0.12990636292281948,-0.11273327994277463,-0.09946999491605205,-0.0008444628176025674
2262,2262,2.2429416477886583,2.29242563164981,2.499237613816155,5.3765232401294805,2.9002172531226718,1.7900993682451725,3.732998936043714,2.60798762124141,2.9372868952860305,1.6770652867382696,1.2332598250107365,2.212906231985496,1.4884171313576369,1.3355513911638193,2.7322263346380007,2.443057686065459,3.339822860002135,1.037077045738824
2263,2263,0.12265045524886155,0.38045365739862796,0.5267024683506487,0.3558151441004755,1.8115106694692018,0.24909281782794326,0.832140347806567,1.1841013094918253,0.000790591404039544,0.3429795323142354,0.36630377967033567,0.876423450376951,0.3092382607726202,0.3445285173514929,0.9131313586755396,0.7927157299842056,1.4458892500199403,0.18912333903342363
2264,2264,-0.06830472400792735,-0.44378295177548993,-1.0260281159047933,-0.5348291103115395,-0.46198927643742144,-0.1978332224157343,-0.4853682294891542,-0.41063930770425494,-0.21112623771776204,-0.17911911446284565,-0.26476250002802665,-0.5206960500267968,0.005733343580794212,-0.289117779352833,-0.7855990877605175,-0.42932036977402094,-0.5386603327983347,-0.2742788914550255
2267,2267,0.5833669516613705,0.596342536777376,0.521400230431587,0.12590791312825925,1.1367566612101674,0.7791536364103188,1.1248634620502387,0.3903381313266946,1.113664070729616,0.5769423779386178,0.44082475235045526,0.41315384828674634,0.08338315899395632,0.36400787175323285,0.7685298263725562,0.18237346185187495,0.09600035123245237,0.502159443863137
2268,2268,0.3721631439589395,0.008144379598292378,1.3269105085801076,0.028857126803818543,0.40001581417367754,0.023014388892044567,0.4583397817831907,0.027345529497646712,1.594392317242967,-0.08306244532421446,0.3089271173868791,0.3343330112538264,0.02173134790391058,0.1541425581130198,-0.09391761902127126,-0.2810435259792362,-0.2915334102533922,0.12302065558673403
2269,2269,-0.042268376173871094,-0.16680348046405138,-0.4677135570617167,-0.31938603409716704,0.22052925856927452,0.24817198958609357,0.35149905903666456,-0.20529212632090824,0.3007101805290947,0.04960684779291213,-0.2682469979871588,-0.10004977988872164,0.14077670686229132,-0.05046758375557082,-0.024375129560871286,-0.009366920776563165,-0.23998987312553277,0.198062880948178
2270,2270,0.2713883361929721,-0.16682857084565286,0.9140184007933925,-0.18046109839754157,-0.1282546342757942,0.10592348438165557,0.011037958958490812,-0.12784352993410134,0.8348464679584665,-0.2617218491778775,-0.08453572975111916,0.4699892635387778,-0.03098510240772633,0.10301653073300654,-0.22579692336339197,-0.33719170558136524,0.0899901764618289,-0.047753827428964106
2271,2271,-0.041123900579858326,0.08931332342295735,0.2443393009163575,-0.24651900153392314,-0.27789488331638246,0.27293216448764046,0.08227248216802294,-0.17664465313819194,0.32781546125248795,-0.08753868652605651,-0.08414041722435125,-0.26243484434501985,-0.1448901866221085,0.12733951258989473,-0.4057989830382276,-0.18371314253688348,-0.6550593718044028,-0.09275852792142796
2273,2273,0.3565598143890516,0.07238252254975301,-0.03737653433022754,-0.12728710461501036,0.613182107799525,0.20699247621048147,0.20455901535787988,0.39188337847070387,-0.5457133822674373,0.17614937088603874,0.25339509165923135,0.29076646735421957,0.15942700970138896,0.1960232479215276,0.8416845985177794,0.39267449274255845,0.05092226162671567,0.27851992630360695
2274,2274,-0.05174966369669708,-0.3447650956266135,-0.0646947184708044,-0.7626174866423593,-0.28957824791014725,-0.2537184746620103,-0.35160158599184244,-0.38205716553158425,-0.42845748429963343,-0.13847153462350967,-0.1064984092820184,-0.40096157598719806,-0.16875403162315414,0.12181203627578702,-0.2748573845848142,-0.4104613706296024,-0.7753522303902675,-0.08928124106956441
2276,2276,0.337707654020467,0.6673859668670232,0.5710290486077976,1.0366818432823914,0.3751611093067549,0.4268299645595734,1.3483829670897354,0.04908434727359254,0.9309382346009218,0.7414754509593124,0.6711314281133095,0.9262493586233177,0.1480126334531168,1.6118766215224827,1.182501250200648,1.241663148314335,-0.3509001300318242,0.06025250459905159
2277,2277,0.04663923966566896,-0.18438166760520616,0.15039483979265306,-0.2423726845079041,-0.42834575756626986,-0.0615629413390002,0.24418316274511695,0.04067328611472517,-0.45957473688482386,0.005356693634879803,-0.07529642794179969,-0.21673363682449615,-0.0969072683312356,-0.020457158666026622,-0.46743826443362974,-0.1917824744974785,0.23551395598970845,-0.09706869785158229
2278,2278,-0.005967974643502612,-0.3014608636296431,-0.32706213241988913,-0.5116473219374407,-0.3381303432266855,-0.09378150068564003,0.43307033530973665,0.050752511804057335,0.42451684375117504,-0.056169330852590404,0.015321191382836732,-0.2874362834202945,-0.2160846998426972,-0.12945720371726888,-0.38297737409767374,-0.4406264321646505,-0.7184515686111834,-0.03748632463836164
2279,2279,0.2090848582345198,0.1770645148728358,-0.135280458642783,0.14762951498721563,-0.3546992233267153,-0.285330651464163,-0.022328470262543296,-0.18613464939239532,-0.17986028796358247,-0.19411515126443107,-0.09250045711485927,-0.43110784425676824,0.07352017381956216,-0.07723186867737637,-0.3168078477406012,-0.10505885500536893,0.07340752761135425,-0.16655139689998033
2280,2280,-0.22957781474625188,-0.1751995020590744,0.18294498664589012,0.323596999370813,-0.3076616266746514,-0.11618176718153736,-0.29540600915012005,0.04763487935326499,-0.34989613809120407,0.0280239911733343,-0.1856523018745379,-0.02340625850278386,-0.17922520041704468,-0.10493468436185516,0.27236587032046095,0.2704780708695014,0.24194421125205406,-0.0928022714990189
2281,2281,-0.3124784062841291,-0.4732864746841946,-0.5322264846641612,-0.5170643354626862,-0.05440983723166261,-0.15986447936818726,-0.3080970124609655,-0.28520844715655147,-0.09207648516001761,-0.27111932115905724,-0.15703636017444966,-0.1671484248043169,-0.41801583212934834,-0.3454398169999211,-0.44118364592660353,-0.11592837735159384,-0.356121118103942,-0.3049453545994895
2282,2282,0.3363774695255026,0.47303233497241925,0.48271856199880436,0.01697588703403111,0.7175427145093599,0.570866825867468,0.6438704366391818,0.42839084657316795,0.6340790966724857,0.43940345606849207,0.4509931898556748,0.649207435956143,0.5275241700346073,0.5382190478146519,0.485665336304854,-0.05943017168420475,0.024498088900215906,0.5801364458181116
2286,2286,0.4063181949435122,-0.376061032323223,-0.3764390851093203,-0.6902633775057454,-0.40693366735106434,-0.3838123549009384,0.19810379524747498,-0.08794023338503679,-0.2796845672311482,0.40134012066736235,-0.7511959493442756,-0.6030254471902274,-0.6539868906692033,-0.7896391898085425,-0.23770310911891843,-0.7322110193499827,0.05933535890898491,-0.7911742764843502
2287,2287,-0.42325376784953234,-1.0115476320121144,-0.6575767500998124,-0.8870158863966993,-0.4920703139831084,-0.561361199612947,-0.511187450061705,-0.31199476596185094,-0.3211595565037847,-0.8002275439632578,-1.1047467127755586,-0.8004653232470395,-0.941119382793262,-0.8795898644924619,-0.6920003550249185,-0.7569001581619328,-0.9440301317773967,-1.1674178786932534
2288,2288,-1.0108300292965269,-0.9287663665001668,-1.019234947781599,-0.9627831106736419,-0.6019923668259303,-0.6249774373724232,-0.9299698789788698,-0.2600729829072558,-1.1355749724643291,-0.9814180851066027,-1.0082003666531882,-0.8237706798885281,-0.9440807756278564,-1.0344435535180592,-0.5696565211316641,-0.8952172394356233,-0.9782826250424344,-1.2028721501272477
2289,2289,-0.7581483836769808,-0.896152831607701,-0.6686484539468308,-0.17418046701205508,-0.5070400779252286,-0.4856738727394542,-0.4861138767761203,-0.4956040756640636,-0.4287254912056611,-0.711405311265183,-1.0131403462231707,-0.8214576368772969,-0.9076704844749671,-0.8590618593036786,-0.7291498575440598,-0.511340238959147,-0.13197812054680166,-1.1289594132789975
2290,2290,-0.7314747415365769,-0.8484766735880673,-0.6085713319137821,-0.8202820318224552,-0.532613843883038,-0.5671986398857091,-0.6959491014316158,-0.07028686377898535,-0.5235562765395614,-0.9536830793528073,-1.087200635771123,-0.9140498480281032,-0.9839614953079595,-0.9111766245906407,-0.6457989452107045,-0.8174909085771955,-0.8410900720300941,-1.258449671573343
2291,2291,-0.16920040854264326,1.5057322068349965,1.7405951470664627,1.4318651518920935,-0.09680747444919532,0.02558365266277837,-0.3816634537729522,-0.29661911859068346,-0.17941515693139362,0.09186350233953362,-0.18797919191442716,0.13001757528726784,0.3774614758064738,-0.12859061485084602,0.8822831486405706,1.9351265676249056,2.8706625039422113,-0.2894825724603765
2292,2292,-0.09535970762668629,-0.789966101708378,-0.7255534225780085,-0.4807963876470498,-0.3464367336702804,-0.24637114581900169,-0.26167557680654085,0.03820582738114789,-0.09710916216645893,-0.262893290148629,-0.66731760112483,-0.49789261619249525,-0.7739238078081853,-0.5446859464026571,-0.5364385920354675,-0.6223506765062014,-0.10885526906147575,-0.6726126846566068
2293,2293,0.30021585184368366,-0.1928520797036321,-0.10773915417425041,0.8206431583318512,-0.24661234528536966,-0.10394020295603054,-0.06961837293160221,-0.23794250859533625,0.22876974836821762,0.48085662779517147,-0.41895024779001816,-0.22626661807427947,-0.04338057462990119,-0.2626649689612916,-0.06892581509959857,1.2137284596082691,0.3738587418160856,-0.14260755615119125
2294,2294,0.08488263415573981,-0.5003549103825254,-0.5786568092921102,-0.641326103511955,-0.32747764013760483,-0.2369316432498339,-0.04226964725513637,-0.5096644088357964,0.07955613504130796,-0.1033019978217483,-0.5600747473166041,-0.3309377146719548,-0.5938798347070359,-0.3483925025792934,-0.2926954889149221,-0.7272534705344033,-0.5143228799816411,-0.6826694823647457
2296,2296,-0.3526506261601532,-0.4939640442618199,-0.6746550869842507,-0.5670729953070901,-0.3790070367560799,-0.3311431131184223,-0.43699373875170705,-0.7910149858600345,-0.42086923348173577,-0.34804194914990333,-0.5390450494493028,-0.2622367130269545,-0.638820723924703,-0.28082307599385575,-0.04976233078790109,-0.6483015104109235,-0.6197263937683459,-0.7402721418441457
2297,2297,-0.3201641300411344,-0.7007083782842406,-0.6771351827997796,-0.5548205671432574,-0.43452208571790435,-0.33327021167302834,-0.32753048351816727,-0.4240029807399224,-0.11935120600901535,-0.4004342377560271,-0.6018424499593307,-0.45326522312533957,-0.6566176861425218,-0.4127629980287895,-0.3283976172016707,-0.8925400914990289,-0.6860584218976225,-0.7550504542395563
2298,2298,-1.0364144016052559,-1.0697461375987656,-0.8607905323719303,-1.1110493955194514,-0.6225935423363945,-0.6696619336822819,-0.9833163434488896,-0.6928987390417698,-1.151533780497081,-1.2389659430946842,-0.9844307282136456,-0.692484464124891,-1.0099147079784725,-0.7648666480800241,-0.46014942437110357,0.6352854176203474,-0.8528524599836689,-1.3245865536223673
2299,2299,-0.22525900274487226,-0.3604334969630257,-0.332185390639912,-0.7098488381028834,-0.1663090695548785,-0.18370507176034798,-0.2872818620513261,-1.334314649369893,-0.27686877038015456,-0.29913106851477705,-0.5360798850943608,-0.46070014113312446,-0.5385574425963248,-0.3364710436208125,-0.319414734688376,-0.7266759715927518,-0.5696159141180887,-0.4772961007734612
2300,2300,-0.5091928132769987,-0.688595996538078,-0.5584694652161863,0.49097768987363816,-0.4641528720457293,-0.3429742609033032,-0.47031276643885306,-0.6599447219644932,-0.5004370286002081,-0.39337661982606076,-0.6296865762909687,-0.4266670042837697,-0.6478068664675999,-0.38141286956524306,-0.3978377402960237,-0.6580270738699744,0.06793579088353509,-0.7619453532880197
2301,2301,-0.15282960660708714,-0.24023589896520636,2.1042610632504495,0.18717634909377978,-0.06201530586491007,-0.10847251712709054,-0.09600971817704197,-0.4479760359554497,1.627219283759775,0.05605569509248161,-0.33883711460920807,-0.363519315190286,-0.5826651504282482,0.020991362445059284,-0.12833263509417986,-0.3231341317923061,-0.03907582960410306,-0.2843489963725366
2303,2303,-0.26993118898786433,-0.6128754628123704,-0.4663544545159017,-0.24173865180991536,-0.4509052739679962,-0.31084047306482165,-0.32582292362809107,-0.7561696684062142,-0.3114518807292883,-0.1995839027619537,-0.5991695555285617,-0.3947450168908526,-0.7766023419134241,-0.4484785058939065,-0.4110425470606352,-0.6443322637177773,-0.5739526267454057,-0.6838911306123965
2305,2305,-0.2608579078988099,-0.47599815832832326,-0.08935487121784907,-0.43454170115986823,-0.3801752568780464,-0.5959256885638915,-0.4655182836634911,-0.5026199189166128,-0.20040249599120602,-0.22662615314551354,-0.9932505924817577,-0.7604006478572103,-0.811592141334908,-0.9417992377787492,-0.5170290551834502,-0.6161946557209552,-0.3442605510618898,-0.9768479748834976
