Scan_id,Participant_Id,Session,Dataset_name,Age(week),MRI,MRI T.R.,Sex_encoded,Coil_encoded,Ventilation_encoded,Rodent.strain_F1 C6/129P,Rodent.strain_ICR,fMRI.sequence_ME-EPI,fMRI.sequence_SE-EPI,Anesthesia_Dex,Anesthesia_Dexiso,Anesthesia_Hal,Anesthesia_Iso,Anesthesia_Med,Anesthesia_Mediso,Anesthesia_Propofol,comp2,comp10,comp11
sub-0100100_ses-1_run-1_task-rest_bold_cleaned,100100,1,Awake,8.0,9.4,1000.0,1.0,1.0,0.0,0.0,0.0,0.0,0.0,0.0,0.0,0.0,0.0,0.0,0.0,0.0,0.098474,0.038724,0.076055
sub-0100101_ses-1_run-1_task-rest_bold_cleaned,100101,1,Awake,8.0,9.4,1000.0,1.0,1.0,0.0,0.0,0.0,0.0,0.0,0.0,0.0,0.0,0.0,0.0,0.0,0.0,0.118759,0.056971,0.118733
sub-0100102_ses-1_run-1_task-rest_bold_cleaned,100102,1,Awake,8.0,9.4,1000.0,1.0,1.0,0.0,0.0,0.0,0.0,0.0,0.0,0.0,0.0,0.0,0.0,0.0,0.0,0.109265,0.069914,0.105347
sub-0100103_ses-1_run-1_task-rest_bold_cleaned,100103,1,Awake,8.0,9.4,1000.0,1.0,1.0,0.0,0.0,0.0,0.0,0.0,0.0,0.0,0.0,0.0,0.0,0.0,0.0,0.162053,0.05293,0.090121
sub-0100200_ses-1_run-1_task-rest_bold_cleaned,100200,1,Awake,18.0,7.0,2000.0,1.0,0.0,0.0,0.0,0.0,0.0,0.0,0.0,0.0,0.0,0.0,0.0,0.0,0.0,0.218354,0.113044,0.307416
sub-0100201_ses-1_run-1_task-rest_bold_cleaned,100201,1,Awake,14.0,7.0,2000.0,1.0,0.0,0.0,0.0,0.0,0.0,0.0,0.0,0.0,0.0,0.0,0.0,0.0,0.0,0.33822,0.167406,0.185701
sub-0100202_ses-1_run-1_task-rest_bold_cleaned,100202,1,Awake,18.0,7.0,2000.0,1.0,0.0,0.0,0.0,0.0,0.0,0.0,0.0,0.0,0.0,0.0,0.0,0.0,0.0,0.206202,0.136167,0.370843
sub-0100204_ses-1_run-1_task-rest_bold_cleaned,100204,1,Awake,22.0,7.0,2000.0,1.0,0.0,0.0,0.0,0.0,0.0,0.0,0.0,0.0,0.0,0.0,0.0,0.0,0.0,0.208569,0.352928,0.439351
sub-0100205_ses-1_run-1_task-rest_bold_cleaned,100205,1,Awake,18.0,7.0,2000.0,1.0,0.0,0.0,0.0,0.0,0.0,0.0,0.0,0.0,0.0,0.0,0.0,0.0,0.0,0.340847,0.366038,0.609183
sub-0100207_ses-1_run-1_task-rest_bold_cleaned,100207,1,Awake,18.0,7.0,2000.0,1.0,0.0,0.0,0.0,0.0,0.0,0.0,0.0,0.0,0.0,0.0,0.0,0.0,0.0,0.287777,0.208485,0.629887
sub-0100301_ses-1_run-1_task-rest_bold_cleaned,100301,1,Awake,58.0,7.0,1000.0,1.0,0.0,0.0,0.0,0.0,0.0,0.0,0.0,0.0,0.0,0.0,0.0,0.0,0.0,0.100832,0.062956,0.105086
sub-0100302_ses-1_run-1_task-rest_bold_cleaned,100302,1,Awake,58.0,7.0,1000.0,1.0,0.0,0.0,0.0,0.0,0.0,0.0,0.0,0.0,0.0,0.0,0.0,0.0,0.0,0.080035,0.047276,0.115132
sub-0100303_ses-1_run-1_task-rest_bold_cleaned,100303,1,Awake,58.0,7.0,1000.0,1.0,0.0,0.0,0.0,0.0,0.0,0.0,0.0,0.0,0.0,0.0,0.0,0.0,0.0,0.113704,0.054938,0.098238
sub-0100304_ses-1_run-1_task-rest_bold_cleaned,100304,1,Awake,53.0,7.0,1000.0,1.0,0.0,0.0,0.0,0.0,0.0,0.0,0.0,0.0,0.0,0.0,0.0,0.0,0.0,0.119916,0.062599,0.129376
sub-0100305_ses-1_run-1_task-rest_bold_cleaned,100305,1,Awake,53.0,7.0,1000.0,1.0,0.0,0.0,0.0,0.0,0.0,0.0,0.0,0.0,0.0,0.0,0.0,0.0,0.0,0.095672,0.06634,0.122019
sub-0100306_ses-1_run-1_task-rest_bold_cleaned,100306,1,Awake,53.0,7.0,1000.0,1.0,0.0,0.0,0.0,0.0,0.0,0.0,0.0,0.0,0.0,0.0,0.0,0.0,0.0,0.091828,0.070231,0.137471
sub-0100307_ses-1_run-1_task-rest_bold_cleaned,100307,1,Awake,52.0,7.0,1000.0,1.0,0.0,0.0,0.0,0.0,0.0,0.0,0.0,0.0,0.0,0.0,0.0,0.0,0.0,0.094838,0.059143,0.171411
sub-0100308_ses-1_run-1_task-rest_bold_cleaned,100308,1,Awake,53.0,7.0,1000.0,1.0,0.0,0.0,0.0,0.0,0.0,0.0,0.0,0.0,0.0,0.0,0.0,0.0,0.0,0.090842,0.07179,0.202944
sub-0100309_ses-1_run-1_task-rest_bold_cleaned,100309,1,Awake,53.0,7.0,1000.0,1.0,0.0,0.0,0.0,0.0,0.0,0.0,0.0,0.0,0.0,0.0,0.0,0.0,0.0,0.095917,0.05005,0.115045
sub-0100310_ses-1_run-1_task-rest_bold_cleaned,100310,1,Awake,47.0,7.0,1000.0,1.0,0.0,0.0,0.0,0.0,0.0,0.0,0.0,0.0,0.0,0.0,0.0,0.0,0.0,0.119451,0.077253,0.142222
sub-0100311_ses-1_run-1_task-rest_bold_cleaned,100311,1,Awake,47.0,7.0,1000.0,1.0,0.0,0.0,0.0,0.0,0.0,0.0,0.0,0.0,0.0,0.0,0.0,0.0,0.0,0.075351,0.082695,0.102278
sub-0100400_ses-1_run-1_task-rest_bold_cleaned,100400,1,Awake,39.0,11.7,1800.0,0.0,0.0,1.0,0.0,0.0,0.0,0.0,0.0,0.0,0.0,0.0,0.0,0.0,0.0,0.144981,0.104405,0.189151
sub-0100400_ses-2_run-1_task-rest_bold_cleaned,100400,2,Awake,39.0,11.7,1800.0,0.0,0.0,1.0,0.0,0.0,0.0,0.0,0.0,0.0,0.0,0.0,0.0,0.0,0.0,0.152115,0.101304,0.204914
sub-0100400_ses-2_run-2_task-rest_bold_cleaned,100400,2,Awake,39.0,11.7,1800.0,0.0,0.0,1.0,0.0,0.0,0.0,0.0,0.0,0.0,0.0,0.0,0.0,0.0,0.0,0.134848,0.150211,0.17762
sub-0100400_ses-2_run-3_task-rest_bold_cleaned,100400,2,Awake,39.0,11.7,1800.0,0.0,0.0,1.0,0.0,0.0,0.0,0.0,0.0,0.0,0.0,0.0,0.0,0.0,0.0,0.158807,0.139722,0.198352
sub-0100401_ses-1_run-1_task-rest_bold_cleaned,100401,1,Awake,39.0,11.7,1800.0,0.0,0.0,1.0,0.0,0.0,0.0,0.0,0.0,0.0,0.0,0.0,0.0,0.0,0.0,0.180437,0.101061,0.303303
sub-0100401_ses-2_run-1_task-rest_bold_cleaned,100401,2,Awake,39.0,11.7,1800.0,0.0,0.0,1.0,0.0,0.0,0.0,0.0,0.0,0.0,0.0,0.0,0.0,0.0,0.0,0.173528,0.120904,0.307984
sub-0100401_ses-2_run-2_task-rest_bold_cleaned,100401,2,Awake,39.0,11.7,1800.0,0.0,0.0,1.0,0.0,0.0,0.0,0.0,0.0,0.0,0.0,0.0,0.0,0.0,0.0,0.208475,0.11466,0.228424
sub-0100401_ses-2_run-3_task-rest_bold_cleaned,100401,2,Awake,39.0,11.7,1800.0,0.0,0.0,1.0,0.0,0.0,0.0,0.0,0.0,0.0,0.0,0.0,0.0,0.0,0.0,0.151921,0.076503,0.23198
sub-0100402_ses-1_run-1_task-rest_bold_cleaned,100402,1,Awake,39.0,11.7,1800.0,0.0,0.0,1.0,0.0,0.0,0.0,0.0,0.0,0.0,0.0,0.0,0.0,0.0,0.0,0.092242,0.108915,0.285188
sub-0100402_ses-2_run-1_task-rest_bold_cleaned,100402,2,Awake,39.0,11.7,1800.0,0.0,0.0,1.0,0.0,0.0,0.0,0.0,0.0,0.0,0.0,0.0,0.0,0.0,0.0,0.148857,0.091103,0.173012
sub-0100402_ses-2_run-2_task-rest_bold_cleaned,100402,2,Awake,39.0,11.7,1800.0,0.0,0.0,1.0,0.0,0.0,0.0,0.0,0.0,0.0,0.0,0.0,0.0,0.0,0.0,0.130271,0.066718,0.174502
sub-0100402_ses-2_run-3_task-rest_bold_cleaned,100402,2,Awake,39.0,11.7,1800.0,0.0,0.0,1.0,0.0,0.0,0.0,0.0,0.0,0.0,0.0,0.0,0.0,0.0,0.0,0.124558,0.084634,0.131429
sub-0100403_ses-1_run-1_task-rest_bold_cleaned,100403,1,Awake,39.0,11.7,1800.0,0.0,0.0,1.0,0.0,0.0,0.0,0.0,0.0,0.0,0.0,0.0,0.0,0.0,0.0,0.165185,0.070631,0.211647
sub-0100403_ses-1_run-2_task-rest_bold_cleaned,100403,1,Awake,39.0,11.7,1800.0,0.0,0.0,1.0,0.0,0.0,0.0,0.0,0.0,0.0,0.0,0.0,0.0,0.0,0.0,0.154174,0.087355,0.141994
sub-0100403_ses-2_run-1_task-rest_bold_cleaned,100403,2,Awake,39.0,11.7,1800.0,0.0,0.0,1.0,0.0,0.0,0.0,0.0,0.0,0.0,0.0,0.0,0.0,0.0,0.0,0.140086,0.135747,0.168637
sub-0100403_ses-2_run-2_task-rest_bold_cleaned,100403,2,Awake,39.0,11.7,1800.0,0.0,0.0,1.0,0.0,0.0,0.0,0.0,0.0,0.0,0.0,0.0,0.0,0.0,0.0,0.140502,0.102919,0.161305
sub-0100403_ses-2_run-3_task-rest_bold_cleaned,100403,2,Awake,39.0,11.7,1800.0,0.0,0.0,1.0,0.0,0.0,0.0,0.0,0.0,0.0,0.0,0.0,0.0,0.0,0.0,0.134015,0.106684,0.211563
sub-0100404_ses-1_run-1_task-rest_bold_cleaned,100404,1,Awake,39.0,11.7,1800.0,0.0,0.0,1.0,0.0,0.0,0.0,0.0,0.0,0.0,0.0,0.0,0.0,0.0,0.0,0.155799,0.118704,0.214223
sub-0100404_ses-2_run-1_task-rest_bold_cleaned,100404,2,Awake,39.0,11.7,1800.0,0.0,0.0,1.0,0.0,0.0,0.0,0.0,0.0,0.0,0.0,0.0,0.0,0.0,0.0,0.167434,0.108054,0.175032
sub-0100404_ses-2_run-2_task-rest_bold_cleaned,100404,2,Awake,39.0,11.7,1800.0,0.0,0.0,1.0,0.0,0.0,0.0,0.0,0.0,0.0,0.0,0.0,0.0,0.0,0.0,0.151132,0.081309,0.296715
sub-0100404_ses-2_run-3_task-rest_bold_cleaned,100404,2,Awake,39.0,11.7,1800.0,0.0,0.0,1.0,0.0,0.0,0.0,0.0,0.0,0.0,0.0,0.0,0.0,0.0,0.0,0.134359,0.110687,0.168605
sub-0100505_ses-1_run-10_task-rest_bold_cleaned,100505,1,Awake,10.0,9.4,600.0,0.0,0.0,0.0,0.0,0.0,0.0,0.0,0.0,0.0,0.0,0.0,0.0,0.0,0.0,0.132934,0.089863,0.1513
sub-0100505_ses-1_run-11_task-rest_bold_cleaned,100505,1,Awake,10.0,9.4,600.0,0.0,0.0,0.0,0.0,0.0,0.0,0.0,0.0,0.0,0.0,0.0,0.0,0.0,0.0,0.152988,0.080849,0.136999
sub-0100505_ses-1_run-12_task-rest_bold_cleaned,100505,1,Awake,10.0,9.4,600.0,0.0,0.0,0.0,0.0,0.0,0.0,0.0,0.0,0.0,0.0,0.0,0.0,0.0,0.0,0.153055,0.09819,0.140056
sub-0100505_ses-1_run-13_task-rest_bold_cleaned,100505,1,Awake,10.0,9.4,600.0,0.0,0.0,0.0,0.0,0.0,0.0,0.0,0.0,0.0,0.0,0.0,0.0,0.0,0.0,0.147045,0.099127,0.155265
sub-0100505_ses-1_run-14_task-rest_bold_cleaned,100505,1,Awake,10.0,9.4,600.0,0.0,0.0,0.0,0.0,0.0,0.0,0.0,0.0,0.0,0.0,0.0,0.0,0.0,0.0,0.141352,0.095036,0.157611
sub-0100505_ses-1_run-15_task-rest_bold_cleaned,100505,1,Awake,10.0,9.4,600.0,0.0,0.0,0.0,0.0,0.0,0.0,0.0,0.0,0.0,0.0,0.0,0.0,0.0,0.0,0.164239,0.088007,0.164126
sub-0100505_ses-1_run-16_task-rest_bold_cleaned,100505,1,Awake,10.0,9.4,600.0,0.0,0.0,0.0,0.0,0.0,0.0,0.0,0.0,0.0,0.0,0.0,0.0,0.0,0.0,0.13666,0.107523,0.150694
sub-0100505_ses-1_run-17_task-rest_bold_cleaned,100505,1,Awake,10.0,9.4,600.0,0.0,0.0,0.0,0.0,0.0,0.0,0.0,0.0,0.0,0.0,0.0,0.0,0.0,0.0,0.142763,0.094815,0.139159
sub-0100505_ses-1_run-18_task-rest_bold_cleaned,100505,1,Awake,10.0,9.4,600.0,0.0,0.0,0.0,0.0,0.0,0.0,0.0,0.0,0.0,0.0,0.0,0.0,0.0,0.0,0.153215,0.082842,0.16126
sub-0100505_ses-1_run-19_task-rest_bold_cleaned,100505,1,Awake,10.0,9.4,600.0,0.0,0.0,0.0,0.0,0.0,0.0,0.0,0.0,0.0,0.0,0.0,0.0,0.0,0.0,0.159473,0.07707,0.152144
sub-0100505_ses-1_run-1_task-rest_bold_cleaned,100505,1,Awake,10.0,9.4,600.0,0.0,0.0,0.0,0.0,0.0,0.0,0.0,0.0,0.0,0.0,0.0,0.0,0.0,0.0,0.152896,0.092208,0.134553
sub-0100505_ses-1_run-20_task-rest_bold_cleaned,100505,1,Awake,10.0,9.4,600.0,0.0,0.0,0.0,0.0,0.0,0.0,0.0,0.0,0.0,0.0,0.0,0.0,0.0,0.0,0.18521,0.092338,0.161989
sub-0100505_ses-1_run-21_task-rest_bold_cleaned,100505,1,Awake,10.0,9.4,600.0,0.0,0.0,0.0,0.0,0.0,0.0,0.0,0.0,0.0,0.0,0.0,0.0,0.0,0.0,0.156702,0.08643,0.140613
sub-0100505_ses-1_run-22_task-rest_bold_cleaned,100505,1,Awake,10.0,9.4,600.0,0.0,0.0,0.0,0.0,0.0,0.0,0.0,0.0,0.0,0.0,0.0,0.0,0.0,0.0,0.1619,0.090284,0.155594
sub-0100505_ses-1_run-23_task-rest_bold_cleaned,100505,1,Awake,10.0,9.4,600.0,0.0,0.0,0.0,0.0,0.0,0.0,0.0,0.0,0.0,0.0,0.0,0.0,0.0,0.0,0.163184,0.088986,0.140289
sub-0100505_ses-1_run-24_task-rest_bold_cleaned,100505,1,Awake,10.0,9.4,600.0,0.0,0.0,0.0,0.0,0.0,0.0,0.0,0.0,0.0,0.0,0.0,0.0,0.0,0.0,0.147271,0.091051,0.155935
sub-0100505_ses-1_run-2_task-rest_bold_cleaned,100505,1,Awake,10.0,9.4,600.0,0.0,0.0,0.0,0.0,0.0,0.0,0.0,0.0,0.0,0.0,0.0,0.0,0.0,0.0,0.13396,0.111481,0.143445
sub-0100505_ses-1_run-3_task-rest_bold_cleaned,100505,1,Awake,10.0,9.4,600.0,0.0,0.0,0.0,0.0,0.0,0.0,0.0,0.0,0.0,0.0,0.0,0.0,0.0,0.0,0.166039,0.110924,0.155306
sub-0100505_ses-1_run-4_task-rest_bold_cleaned,100505,1,Awake,10.0,9.4,600.0,0.0,0.0,0.0,0.0,0.0,0.0,0.0,0.0,0.0,0.0,0.0,0.0,0.0,0.0,0.135871,0.090685,0.124519
sub-0100505_ses-1_run-5_task-rest_bold_cleaned,100505,1,Awake,10.0,9.4,600.0,0.0,0.0,0.0,0.0,0.0,0.0,0.0,0.0,0.0,0.0,0.0,0.0,0.0,0.0,0.145258,0.109638,0.149056
sub-0100505_ses-1_run-6_task-rest_bold_cleaned,100505,1,Awake,10.0,9.4,600.0,0.0,0.0,0.0,0.0,0.0,0.0,0.0,0.0,0.0,0.0,0.0,0.0,0.0,0.0,0.145752,0.096685,0.163203
sub-0100505_ses-1_run-7_task-rest_bold_cleaned,100505,1,Awake,10.0,9.4,600.0,0.0,0.0,0.0,0.0,0.0,0.0,0.0,0.0,0.0,0.0,0.0,0.0,0.0,0.0,0.152362,0.102409,0.14658
sub-0100505_ses-1_run-8_task-rest_bold_cleaned,100505,1,Awake,10.0,9.4,600.0,0.0,0.0,0.0,0.0,0.0,0.0,0.0,0.0,0.0,0.0,0.0,0.0,0.0,0.0,0.130814,0.095322,0.149987
sub-0100505_ses-1_run-9_task-rest_bold_cleaned,100505,1,Awake,10.0,9.4,600.0,0.0,0.0,0.0,0.0,0.0,0.0,0.0,0.0,0.0,0.0,0.0,0.0,0.0,0.0,0.150923,0.095827,0.149057
sub-0100506_ses-1_run-10_task-rest_bold_cleaned,100506,1,Awake,11.0,9.4,600.0,0.0,0.0,0.0,0.0,0.0,0.0,0.0,0.0,0.0,0.0,0.0,0.0,0.0,0.0,0.265037,0.134237,0.207196
sub-0100506_ses-1_run-11_task-rest_bold_cleaned,100506,1,Awake,11.0,9.4,600.0,0.0,0.0,0.0,0.0,0.0,0.0,0.0,0.0,0.0,0.0,0.0,0.0,0.0,0.0,0.191817,0.113804,0.212106
sub-0100506_ses-1_run-12_task-rest_bold_cleaned,100506,1,Awake,11.0,9.4,600.0,0.0,0.0,0.0,0.0,0.0,0.0,0.0,0.0,0.0,0.0,0.0,0.0,0.0,0.0,0.273059,0.129353,0.23086
sub-0100506_ses-1_run-13_task-rest_bold_cleaned,100506,1,Awake,11.0,9.4,600.0,0.0,0.0,0.0,0.0,0.0,0.0,0.0,0.0,0.0,0.0,0.0,0.0,0.0,0.0,0.264283,0.136698,0.212788
sub-0100506_ses-1_run-14_task-rest_bold_cleaned,100506,1,Awake,11.0,9.4,600.0,0.0,0.0,0.0,0.0,0.0,0.0,0.0,0.0,0.0,0.0,0.0,0.0,0.0,0.0,0.226776,0.116776,0.2297
sub-0100506_ses-1_run-15_task-rest_bold_cleaned,100506,1,Awake,11.0,9.4,600.0,0.0,0.0,0.0,0.0,0.0,0.0,0.0,0.0,0.0,0.0,0.0,0.0,0.0,0.0,0.247933,0.11313,0.228793
sub-0100506_ses-1_run-16_task-rest_bold_cleaned,100506,1,Awake,11.0,9.4,600.0,0.0,0.0,0.0,0.0,0.0,0.0,0.0,0.0,0.0,0.0,0.0,0.0,0.0,0.0,0.242611,0.121246,0.217243
sub-0100506_ses-1_run-17_task-rest_bold_cleaned,100506,1,Awake,11.0,9.4,600.0,0.0,0.0,0.0,0.0,0.0,0.0,0.0,0.0,0.0,0.0,0.0,0.0,0.0,0.0,0.261638,0.129064,0.206893
sub-0100506_ses-1_run-18_task-rest_bold_cleaned,100506,1,Awake,11.0,9.4,600.0,0.0,0.0,0.0,0.0,0.0,0.0,0.0,0.0,0.0,0.0,0.0,0.0,0.0,0.0,0.221608,0.123493,0.20042
sub-0100506_ses-1_run-19_task-rest_bold_cleaned,100506,1,Awake,11.0,9.4,600.0,0.0,0.0,0.0,0.0,0.0,0.0,0.0,0.0,0.0,0.0,0.0,0.0,0.0,0.0,0.216085,0.1062,0.218553
sub-0100506_ses-1_run-1_task-rest_bold_cleaned,100506,1,Awake,11.0,9.4,600.0,0.0,0.0,0.0,0.0,0.0,0.0,0.0,0.0,0.0,0.0,0.0,0.0,0.0,0.0,0.170552,0.158579,0.224033
sub-0100506_ses-1_run-20_task-rest_bold_cleaned,100506,1,Awake,11.0,9.4,600.0,0.0,0.0,0.0,0.0,0.0,0.0,0.0,0.0,0.0,0.0,0.0,0.0,0.0,0.0,0.211767,0.113,0.194979
sub-0100506_ses-1_run-21_task-rest_bold_cleaned,100506,1,Awake,11.0,9.4,600.0,0.0,0.0,0.0,0.0,0.0,0.0,0.0,0.0,0.0,0.0,0.0,0.0,0.0,0.0,0.204059,0.126974,0.209824
sub-0100506_ses-1_run-22_task-rest_bold_cleaned,100506,1,Awake,11.0,9.4,600.0,0.0,0.0,0.0,0.0,0.0,0.0,0.0,0.0,0.0,0.0,0.0,0.0,0.0,0.0,0.24671,0.158162,0.209954
sub-0100506_ses-1_run-23_task-rest_bold_cleaned,100506,1,Awake,11.0,9.4,600.0,0.0,0.0,0.0,0.0,0.0,0.0,0.0,0.0,0.0,0.0,0.0,0.0,0.0,0.0,0.224424,0.139081,0.214287
sub-0100506_ses-1_run-24_task-rest_bold_cleaned,100506,1,Awake,11.0,9.4,600.0,0.0,0.0,0.0,0.0,0.0,0.0,0.0,0.0,0.0,0.0,0.0,0.0,0.0,0.0,0.263687,0.140268,0.236564
sub-0100506_ses-1_run-2_task-rest_bold_cleaned,100506,1,Awake,11.0,9.4,600.0,0.0,0.0,0.0,0.0,0.0,0.0,0.0,0.0,0.0,0.0,0.0,0.0,0.0,0.0,0.188611,0.147107,0.235342
sub-0100506_ses-1_run-3_task-rest_bold_cleaned,100506,1,Awake,11.0,9.4,600.0,0.0,0.0,0.0,0.0,0.0,0.0,0.0,0.0,0.0,0.0,0.0,0.0,0.0,0.0,0.298729,0.151039,0.263927
sub-0100506_ses-1_run-4_task-rest_bold_cleaned,100506,1,Awake,11.0,9.4,600.0,0.0,0.0,0.0,0.0,0.0,0.0,0.0,0.0,0.0,0.0,0.0,0.0,0.0,0.0,0.32563,0.12647,0.223095
sub-0100506_ses-1_run-5_task-rest_bold_cleaned,100506,1,Awake,11.0,9.4,600.0,0.0,0.0,0.0,0.0,0.0,0.0,0.0,0.0,0.0,0.0,0.0,0.0,0.0,0.0,0.343847,0.170753,0.228213
sub-0100506_ses-1_run-6_task-rest_bold_cleaned,100506,1,Awake,11.0,9.4,600.0,0.0,0.0,0.0,0.0,0.0,0.0,0.0,0.0,0.0,0.0,0.0,0.0,0.0,0.0,0.278259,0.163859,0.196407
sub-0100506_ses-1_run-7_task-rest_bold_cleaned,100506,1,Awake,11.0,9.4,600.0,0.0,0.0,0.0,0.0,0.0,0.0,0.0,0.0,0.0,0.0,0.0,0.0,0.0,0.0,0.287236,0.132565,0.277461
sub-0100506_ses-1_run-8_task-rest_bold_cleaned,100506,1,Awake,11.0,9.4,600.0,0.0,0.0,0.0,0.0,0.0,0.0,0.0,0.0,0.0,0.0,0.0,0.0,0.0,0.0,0.303164,0.133289,0.261724
sub-0100506_ses-1_run-9_task-rest_bold_cleaned,100506,1,Awake,11.0,9.4,600.0,0.0,0.0,0.0,0.0,0.0,0.0,0.0,0.0,0.0,0.0,0.0,0.0,0.0,0.0,0.272225,0.104091,0.225529
sub-0100512_ses-1_run-10_task-rest_bold_cleaned,100512,1,Awake,11.0,9.4,600.0,0.0,0.0,0.0,0.0,0.0,0.0,0.0,0.0,0.0,0.0,0.0,0.0,0.0,0.0,0.171292,0.131033,0.170704
sub-0100512_ses-1_run-11_task-rest_bold_cleaned,100512,1,Awake,11.0,9.4,600.0,0.0,0.0,0.0,0.0,0.0,0.0,0.0,0.0,0.0,0.0,0.0,0.0,0.0,0.0,0.162355,0.120249,0.185433
sub-0100512_ses-1_run-12_task-rest_bold_cleaned,100512,1,Awake,11.0,9.4,600.0,0.0,0.0,0.0,0.0,0.0,0.0,0.0,0.0,0.0,0.0,0.0,0.0,0.0,0.0,0.17063,0.115318,0.197828
sub-0100512_ses-1_run-13_task-rest_bold_cleaned,100512,1,Awake,11.0,9.4,600.0,0.0,0.0,0.0,0.0,0.0,0.0,0.0,0.0,0.0,0.0,0.0,0.0,0.0,0.0,0.163138,0.105382,0.16404
sub-0100512_ses-1_run-14_task-rest_bold_cleaned,100512,1,Awake,11.0,9.4,600.0,0.0,0.0,0.0,0.0,0.0,0.0,0.0,0.0,0.0,0.0,0.0,0.0,0.0,0.0,0.188485,0.112185,0.180086
sub-0100512_ses-1_run-15_task-rest_bold_cleaned,100512,1,Awake,11.0,9.4,600.0,0.0,0.0,0.0,0.0,0.0,0.0,0.0,0.0,0.0,0.0,0.0,0.0,0.0,0.0,0.180762,0.111787,0.184177
sub-0100512_ses-1_run-16_task-rest_bold_cleaned,100512,1,Awake,11.0,9.4,600.0,0.0,0.0,0.0,0.0,0.0,0.0,0.0,0.0,0.0,0.0,0.0,0.0,0.0,0.0,0.176784,0.142494,0.214536
sub-0100512_ses-1_run-17_task-rest_bold_cleaned,100512,1,Awake,11.0,9.4,600.0,0.0,0.0,0.0,0.0,0.0,0.0,0.0,0.0,0.0,0.0,0.0,0.0,0.0,0.0,0.178552,0.109404,0.203631
sub-0100512_ses-1_run-18_task-rest_bold_cleaned,100512,1,Awake,11.0,9.4,600.0,0.0,0.0,0.0,0.0,0.0,0.0,0.0,0.0,0.0,0.0,0.0,0.0,0.0,0.0,0.223253,0.087093,0.184197
sub-0100512_ses-1_run-19_task-rest_bold_cleaned,100512,1,Awake,11.0,9.4,600.0,0.0,0.0,0.0,0.0,0.0,0.0,0.0,0.0,0.0,0.0,0.0,0.0,0.0,0.0,0.19195,0.139541,0.189907
sub-0100512_ses-1_run-1_task-rest_bold_cleaned,100512,1,Awake,11.0,9.4,600.0,0.0,0.0,0.0,0.0,0.0,0.0,0.0,0.0,0.0,0.0,0.0,0.0,0.0,0.0,0.16983,0.144749,0.168896
sub-0100512_ses-1_run-20_task-rest_bold_cleaned,100512,1,Awake,11.0,9.4,600.0,0.0,0.0,0.0,0.0,0.0,0.0,0.0,0.0,0.0,0.0,0.0,0.0,0.0,0.0,0.204963,0.120056,0.158448
sub-0100512_ses-1_run-21_task-rest_bold_cleaned,100512,1,Awake,11.0,9.4,600.0,0.0,0.0,0.0,0.0,0.0,0.0,0.0,0.0,0.0,0.0,0.0,0.0,0.0,0.0,0.210881,0.111875,0.185955
sub-0100512_ses-1_run-22_task-rest_bold_cleaned,100512,1,Awake,11.0,9.4,600.0,0.0,0.0,0.0,0.0,0.0,0.0,0.0,0.0,0.0,0.0,0.0,0.0,0.0,0.0,0.197539,0.118241,0.200875
sub-0100512_ses-1_run-23_task-rest_bold_cleaned,100512,1,Awake,11.0,9.4,600.0,0.0,0.0,0.0,0.0,0.0,0.0,0.0,0.0,0.0,0.0,0.0,0.0,0.0,0.0,0.204452,0.128406,0.176872
sub-0100512_ses-1_run-24_task-rest_bold_cleaned,100512,1,Awake,11.0,9.4,600.0,0.0,0.0,0.0,0.0,0.0,0.0,0.0,0.0,0.0,0.0,0.0,0.0,0.0,0.0,0.206664,0.127241,0.212414
sub-0100512_ses-1_run-2_task-rest_bold_cleaned,100512,1,Awake,11.0,9.4,600.0,0.0,0.0,0.0,0.0,0.0,0.0,0.0,0.0,0.0,0.0,0.0,0.0,0.0,0.0,0.197627,0.112292,0.189232
sub-0100512_ses-1_run-3_task-rest_bold_cleaned,100512,1,Awake,11.0,9.4,600.0,0.0,0.0,0.0,0.0,0.0,0.0,0.0,0.0,0.0,0.0,0.0,0.0,0.0,0.0,0.246599,0.145838,0.183818
sub-0100512_ses-1_run-4_task-rest_bold_cleaned,100512,1,Awake,11.0,9.4,600.0,0.0,0.0,0.0,0.0,0.0,0.0,0.0,0.0,0.0,0.0,0.0,0.0,0.0,0.0,0.225117,0.131418,0.175483
sub-0100512_ses-1_run-5_task-rest_bold_cleaned,100512,1,Awake,11.0,9.4,600.0,0.0,0.0,0.0,0.0,0.0,0.0,0.0,0.0,0.0,0.0,0.0,0.0,0.0,0.0,0.160313,0.11988,0.194901
sub-0100512_ses-1_run-6_task-rest_bold_cleaned,100512,1,Awake,11.0,9.4,600.0,0.0,0.0,0.0,0.0,0.0,0.0,0.0,0.0,0.0,0.0,0.0,0.0,0.0,0.0,0.169539,0.125205,0.201149
sub-0100512_ses-1_run-7_task-rest_bold_cleaned,100512,1,Awake,11.0,9.4,600.0,0.0,0.0,0.0,0.0,0.0,0.0,0.0,0.0,0.0,0.0,0.0,0.0,0.0,0.0,0.154804,0.125828,0.201489
sub-0100512_ses-1_run-8_task-rest_bold_cleaned,100512,1,Awake,11.0,9.4,600.0,0.0,0.0,0.0,0.0,0.0,0.0,0.0,0.0,0.0,0.0,0.0,0.0,0.0,0.0,0.179945,0.121268,0.204029
sub-0100512_ses-1_run-9_task-rest_bold_cleaned,100512,1,Awake,11.0,9.4,600.0,0.0,0.0,0.0,0.0,0.0,0.0,0.0,0.0,0.0,0.0,0.0,0.0,0.0,0.0,0.170533,0.109352,0.197265
sub-0100600_ses-2_run-3_task-rest_bold_cleaned,100600,2,Awake,39.0,11.7,1000.0,1.0,0.0,1.0,0.0,0.0,0.0,0.0,0.0,0.0,0.0,0.0,0.0,0.0,0.0,0.080097,0.152416,0.267507
sub-0100600_ses-6_run-1_task-rest_bold_cleaned,100600,6,Awake,48.0,11.7,1000.0,1.0,0.0,1.0,0.0,0.0,0.0,0.0,0.0,0.0,0.0,0.0,0.0,0.0,0.0,0.079428,0.078305,0.195022
sub-0100601_ses-1_run-1_task-rest_bold_cleaned,100601,1,Awake,48.0,11.7,1000.0,1.0,0.0,1.0,0.0,0.0,0.0,0.0,0.0,0.0,0.0,0.0,0.0,0.0,0.0,0.117409,0.081963,0.184266
sub-0100601_ses-5_run-3_task-rest_bold_cleaned,100601,5,Awake,57.0,11.7,1000.0,1.0,0.0,1.0,0.0,0.0,0.0,0.0,0.0,0.0,0.0,0.0,0.0,0.0,0.0,0.172273,0.164505,0.287126
sub-0100602_ses-2_run-1_task-rest_bold_cleaned,100602,2,Awake,22.0,11.7,1000.0,1.0,0.0,1.0,0.0,0.0,0.0,0.0,0.0,0.0,0.0,0.0,0.0,0.0,0.0,0.16227,0.155058,0.642264
sub-0100602_ses-4_run-2_task-rest_bold_cleaned,100602,4,Awake,26.0,11.7,1000.0,1.0,0.0,1.0,0.0,0.0,0.0,0.0,0.0,0.0,0.0,0.0,0.0,0.0,0.0,0.163041,0.168626,0.36212
sub-0100603_ses-3_run-3_task-rest_bold_cleaned,100603,3,Awake,22.0,11.7,1000.0,1.0,0.0,1.0,0.0,0.0,0.0,0.0,0.0,0.0,0.0,0.0,0.0,0.0,0.0,0.16543,0.138914,0.53407
sub-0100604_ses-3_run-2_task-rest_bold_cleaned,100604,3,Awake,26.0,11.7,1000.0,1.0,0.0,1.0,0.0,0.0,0.0,0.0,0.0,0.0,0.0,0.0,0.0,0.0,0.0,0.152181,0.190825,0.349113
sub-0100604_ses-4_run-2_task-rest_bold_cleaned,100604,4,Awake,26.0,11.7,1000.0,1.0,0.0,1.0,0.0,0.0,0.0,0.0,0.0,0.0,0.0,0.0,0.0,0.0,0.0,0.166711,0.170133,0.372204
sub-0100605_ses-1_run-1_task-rest_bold_cleaned,100605,1,Awake,18.0,11.7,1000.0,1.0,0.0,1.0,0.0,0.0,0.0,0.0,0.0,0.0,0.0,0.0,0.0,0.0,0.0,0.262495,0.265514,0.374651
sub-0100605_ses-3_run-1_task-rest_bold_cleaned,100605,3,Awake,26.0,11.7,1000.0,1.0,0.0,1.0,0.0,0.0,0.0,0.0,0.0,0.0,0.0,0.0,0.0,0.0,0.0,0.232651,0.19196,0.619641
sub-0100607_ses-1_run-1_task-rest_bold_cleaned,100607,1,Awake,18.0,11.7,1000.0,1.0,0.0,1.0,0.0,0.0,0.0,0.0,0.0,0.0,0.0,0.0,0.0,0.0,0.0,0.162685,0.212495,0.395826
sub-0100607_ses-2_run-2_task-rest_bold_cleaned,100607,2,Awake,18.0,11.7,1000.0,1.0,0.0,1.0,0.0,0.0,0.0,0.0,0.0,0.0,0.0,0.0,0.0,0.0,0.0,0.192475,0.131672,0.454588
sub-0100608_ses-1_run-1_task-rest_bold_cleaned,100608,1,Awake,18.0,11.7,1000.0,1.0,0.0,1.0,0.0,0.0,0.0,0.0,0.0,0.0,0.0,0.0,0.0,0.0,0.0,0.400081,0.224674,0.731291
sub-0100608_ses-2_run-2_task-rest_bold_cleaned,100608,2,Awake,18.0,11.7,1000.0,1.0,0.0,1.0,0.0,0.0,0.0,0.0,0.0,0.0,0.0,0.0,0.0,0.0,0.0,0.235924,0.380354,0.659213
sub-0100609_ses-1_run-1_task-rest_bold_cleaned,100609,1,Awake,31.0,11.7,1000.0,1.0,0.0,1.0,0.0,0.0,0.0,0.0,0.0,0.0,0.0,0.0,0.0,0.0,0.0,0.245047,0.231055,0.267024
sub-0100609_ses-1_run-2_task-rest_bold_cleaned,100609,1,Awake,31.0,11.7,1000.0,1.0,0.0,1.0,0.0,0.0,0.0,0.0,0.0,0.0,0.0,0.0,0.0,0.0,0.0,0.156221,0.147492,0.340176
sub-0100700_ses-1_run-1_task-rest_bold_cleaned,100700,1,Awake,13.0,9.4,1500.0,1.0,0.0,1.0,0.0,0.0,0.0,0.0,0.0,0.0,0.0,0.0,0.0,0.0,0.0,0.208829,0.128681,0.195997
sub-0100701_ses-1_run-1_task-rest_bold_cleaned,100701,1,Awake,13.0,9.4,1500.0,1.0,0.0,1.0,0.0,0.0,0.0,0.0,0.0,0.0,0.0,0.0,0.0,0.0,0.0,0.161383,0.099012,0.170029
sub-0100702_ses-1_run-1_task-rest_bold_cleaned,100702,1,Awake,13.0,9.4,1500.0,1.0,0.0,1.0,0.0,0.0,0.0,0.0,0.0,0.0,0.0,0.0,0.0,0.0,0.0,0.183205,0.105529,0.1644
sub-0100703_ses-1_run-1_task-rest_bold_cleaned,100703,1,Awake,13.0,9.4,1500.0,1.0,0.0,1.0,0.0,0.0,0.0,0.0,0.0,0.0,0.0,0.0,0.0,0.0,0.0,0.169601,0.11129,0.153587
sub-0100704_ses-1_run-1_task-rest_bold_cleaned,100704,1,Awake,13.0,9.4,1500.0,1.0,0.0,1.0,0.0,0.0,0.0,0.0,0.0,0.0,0.0,0.0,0.0,0.0,0.0,0.202245,0.130929,0.202374
sub-0100705_ses-1_run-1_task-rest_bold_cleaned,100705,1,Awake,13.0,9.4,1500.0,1.0,0.0,1.0,0.0,0.0,0.0,0.0,0.0,0.0,0.0,0.0,0.0,0.0,0.0,0.230244,0.122969,0.204638
sub-0100706_ses-1_run-1_task-rest_bold_cleaned,100706,1,Awake,13.0,9.4,1500.0,1.0,0.0,1.0,0.0,0.0,0.0,0.0,0.0,0.0,0.0,0.0,0.0,0.0,0.0,0.206093,0.120326,0.188689
sub-0100800_ses-1_run-1_task-rest_bold_cleaned,100800,1,Awake,39.0,9.4,1500.0,1.0,0.0,1.0,0.0,0.0,0.0,0.0,0.0,0.0,0.0,0.0,0.0,0.0,0.0,0.189541,0.199008,0.299408
sub-0100800_ses-1_run-2_task-rest_bold_cleaned,100800,1,Awake,39.0,9.4,1500.0,1.0,0.0,1.0,0.0,0.0,0.0,0.0,0.0,0.0,0.0,0.0,0.0,0.0,0.0,0.247962,0.270572,0.410765
sub-0100800_ses-1_run-3_task-rest_bold_cleaned,100800,1,Awake,39.0,9.4,1500.0,1.0,0.0,1.0,0.0,0.0,0.0,0.0,0.0,0.0,0.0,0.0,0.0,0.0,0.0,0.202975,0.169705,0.303836
sub-0100800_ses-1_run-4_task-rest_bold_cleaned,100800,1,Awake,39.0,9.4,1500.0,1.0,0.0,1.0,0.0,0.0,0.0,0.0,0.0,0.0,0.0,0.0,0.0,0.0,0.0,0.220932,0.200661,0.279205
sub-0100801_ses-1_run-1_task-rest_bold_cleaned,100801,1,Awake,36.0,9.4,1500.0,1.0,0.0,1.0,0.0,0.0,0.0,0.0,0.0,0.0,0.0,0.0,0.0,0.0,0.0,0.263697,0.235385,0.26392
sub-0100801_ses-1_run-2_task-rest_bold_cleaned,100801,1,Awake,36.0,9.4,1500.0,1.0,0.0,1.0,0.0,0.0,0.0,0.0,0.0,0.0,0.0,0.0,0.0,0.0,0.0,0.177145,0.167526,0.236194
sub-0100801_ses-1_run-3_task-rest_bold_cleaned,100801,1,Awake,36.0,9.4,1500.0,1.0,0.0,1.0,0.0,0.0,0.0,0.0,0.0,0.0,0.0,0.0,0.0,0.0,0.0,0.229131,0.143694,0.240835
sub-0100801_ses-1_run-4_task-rest_bold_cleaned,100801,1,Awake,36.0,9.4,1500.0,1.0,0.0,1.0,0.0,0.0,0.0,0.0,0.0,0.0,0.0,0.0,0.0,0.0,0.0,0.270789,0.234399,0.372191
sub-0100802_ses-1_run-1_task-rest_bold_cleaned,100802,1,Awake,14.0,9.4,1500.0,1.0,0.0,1.0,0.0,0.0,0.0,0.0,0.0,0.0,0.0,0.0,0.0,0.0,0.0,0.304402,0.173527,0.305245
sub-0100802_ses-1_run-2_task-rest_bold_cleaned,100802,1,Awake,14.0,9.4,1500.0,1.0,0.0,1.0,0.0,0.0,0.0,0.0,0.0,0.0,0.0,0.0,0.0,0.0,0.0,0.2075,0.162003,0.278314
sub-0100802_ses-1_run-3_task-rest_bold_cleaned,100802,1,Awake,14.0,9.4,1500.0,1.0,0.0,1.0,0.0,0.0,0.0,0.0,0.0,0.0,0.0,0.0,0.0,0.0,0.0,0.421843,0.23614,0.334905
sub-0100802_ses-1_run-4_task-rest_bold_cleaned,100802,1,Awake,14.0,9.4,1500.0,1.0,0.0,1.0,0.0,0.0,0.0,0.0,0.0,0.0,0.0,0.0,0.0,0.0,0.0,0.252668,0.135272,0.335486
sub-0100803_ses-1_run-1_task-rest_bold_cleaned,100803,1,Awake,25.0,9.4,1500.0,1.0,0.0,1.0,0.0,0.0,0.0,0.0,0.0,0.0,0.0,0.0,0.0,0.0,0.0,0.257733,0.152714,0.233214
sub-0100803_ses-1_run-2_task-rest_bold_cleaned,100803,1,Awake,25.0,9.4,1500.0,1.0,0.0,1.0,0.0,0.0,0.0,0.0,0.0,0.0,0.0,0.0,0.0,0.0,0.0,0.179352,0.118718,0.214717
sub-0100803_ses-1_run-3_task-rest_bold_cleaned,100803,1,Awake,25.0,9.4,1500.0,1.0,0.0,1.0,0.0,0.0,0.0,0.0,0.0,0.0,0.0,0.0,0.0,0.0,0.0,0.223741,0.166184,0.274936
sub-0100803_ses-1_run-4_task-rest_bold_cleaned,100803,1,Awake,25.0,9.4,1500.0,1.0,0.0,1.0,0.0,0.0,0.0,0.0,0.0,0.0,0.0,0.0,0.0,0.0,0.0,0.292274,0.188992,0.375045
sub-0100804_ses-1_run-1_task-rest_bold_cleaned,100804,1,Awake,12.0,9.4,1500.0,1.0,0.0,1.0,0.0,0.0,0.0,0.0,0.0,0.0,0.0,0.0,0.0,0.0,0.0,0.268962,0.151326,0.26472
sub-0100804_ses-1_run-2_task-rest_bold_cleaned,100804,1,Awake,12.0,9.4,1500.0,1.0,0.0,1.0,0.0,0.0,0.0,0.0,0.0,0.0,0.0,0.0,0.0,0.0,0.0,0.253947,0.146918,0.318665
sub-0100804_ses-1_run-3_task-rest_bold_cleaned,100804,1,Awake,12.0,9.4,1500.0,1.0,0.0,1.0,0.0,0.0,0.0,0.0,0.0,0.0,0.0,0.0,0.0,0.0,0.0,0.237976,0.137642,0.245883
sub-0100804_ses-1_run-4_task-rest_bold_cleaned,100804,1,Awake,12.0,9.4,1500.0,1.0,0.0,1.0,0.0,0.0,0.0,0.0,0.0,0.0,0.0,0.0,0.0,0.0,0.0,0.189782,0.189209,0.213945
sub-0100805_ses-1_run-1_task-rest_bold_cleaned,100805,1,Awake,34.0,9.4,1500.0,1.0,0.0,1.0,0.0,0.0,0.0,0.0,0.0,0.0,0.0,0.0,0.0,0.0,0.0,0.229971,0.142806,0.275917
sub-0100805_ses-1_run-2_task-rest_bold_cleaned,100805,1,Awake,34.0,9.4,1500.0,1.0,0.0,1.0,0.0,0.0,0.0,0.0,0.0,0.0,0.0,0.0,0.0,0.0,0.0,0.183326,0.14696,0.266981
sub-0100805_ses-1_run-3_task-rest_bold_cleaned,100805,1,Awake,34.0,9.4,1500.0,1.0,0.0,1.0,0.0,0.0,0.0,0.0,0.0,0.0,0.0,0.0,0.0,0.0,0.0,0.249695,0.123932,0.242507
sub-0100805_ses-1_run-4_task-rest_bold_cleaned,100805,1,Awake,34.0,9.4,1500.0,1.0,0.0,1.0,0.0,0.0,0.0,0.0,0.0,0.0,0.0,0.0,0.0,0.0,0.0,0.193653,0.129634,0.31728
sub-0100806_ses-1_run-1_task-rest_bold_cleaned,100806,1,Awake,11.0,9.4,1500.0,1.0,0.0,1.0,0.0,0.0,0.0,0.0,0.0,0.0,0.0,0.0,0.0,0.0,0.0,0.283329,0.172236,0.246466
sub-0100806_ses-1_run-2_task-rest_bold_cleaned,100806,1,Awake,11.0,9.4,1500.0,1.0,0.0,1.0,0.0,0.0,0.0,0.0,0.0,0.0,0.0,0.0,0.0,0.0,0.0,0.320229,0.197416,0.266217
sub-0100806_ses-1_run-3_task-rest_bold_cleaned,100806,1,Awake,11.0,9.4,1500.0,1.0,0.0,1.0,0.0,0.0,0.0,0.0,0.0,0.0,0.0,0.0,0.0,0.0,0.0,0.31518,0.182521,0.222936
sub-0100806_ses-1_run-4_task-rest_bold_cleaned,100806,1,Awake,11.0,9.4,1500.0,1.0,0.0,1.0,0.0,0.0,0.0,0.0,0.0,0.0,0.0,0.0,0.0,0.0,0.0,0.276015,0.182185,0.282216
sub-0100807_ses-1_run-1_task-rest_bold_cleaned,100807,1,Awake,34.0,9.4,1500.0,1.0,0.0,1.0,0.0,0.0,0.0,0.0,0.0,0.0,0.0,0.0,0.0,0.0,0.0,0.220017,0.116856,0.172994
sub-0100807_ses-1_run-2_task-rest_bold_cleaned,100807,1,Awake,34.0,9.4,1500.0,1.0,0.0,1.0,0.0,0.0,0.0,0.0,0.0,0.0,0.0,0.0,0.0,0.0,0.0,0.182172,0.094201,0.249284
sub-0100807_ses-1_run-3_task-rest_bold_cleaned,100807,1,Awake,34.0,9.4,1500.0,1.0,0.0,1.0,0.0,0.0,0.0,0.0,0.0,0.0,0.0,0.0,0.0,0.0,0.0,0.173837,0.121307,0.221858
sub-0100807_ses-1_run-4_task-rest_bold_cleaned,100807,1,Awake,34.0,9.4,1500.0,1.0,0.0,1.0,0.0,0.0,0.0,0.0,0.0,0.0,0.0,0.0,0.0,0.0,0.0,0.230319,0.137168,0.25318
sub-0100808_ses-1_run-1_task-rest_bold_cleaned,100808,1,Awake,21.0,9.4,1500.0,1.0,0.0,1.0,0.0,0.0,0.0,0.0,0.0,0.0,0.0,0.0,0.0,0.0,0.0,0.301626,0.170018,0.243808
sub-0100808_ses-1_run-2_task-rest_bold_cleaned,100808,1,Awake,21.0,9.4,1500.0,1.0,0.0,1.0,0.0,0.0,0.0,0.0,0.0,0.0,0.0,0.0,0.0,0.0,0.0,0.242939,0.145206,0.233562
sub-0100808_ses-1_run-3_task-rest_bold_cleaned,100808,1,Awake,21.0,9.4,1500.0,1.0,0.0,1.0,0.0,0.0,0.0,0.0,0.0,0.0,0.0,0.0,0.0,0.0,0.0,0.348061,0.171649,0.292305
sub-0100808_ses-1_run-4_task-rest_bold_cleaned,100808,1,Awake,21.0,9.4,1500.0,1.0,0.0,1.0,0.0,0.0,0.0,0.0,0.0,0.0,0.0,0.0,0.0,0.0,0.0,0.245872,0.201356,0.290469
sub-0101100_ses-1_run-1_task-rest_bold_cleaned,101100,1,Awake,25.0,15.2,1000.0,1.0,0.0,0.0,0.0,0.0,0.0,0.0,0.0,0.0,0.0,0.0,0.0,0.0,0.0,0.305368,0.170933,0.189899
sub-0101100_ses-1_run-2_task-rest_bold_cleaned,101100,1,Awake,25.0,15.2,1000.0,1.0,0.0,0.0,0.0,0.0,0.0,0.0,0.0,0.0,0.0,0.0,0.0,0.0,0.0,0.328894,0.144717,0.1814
sub-0101100_ses-1_run-3_task-rest_bold_cleaned,101100,1,Awake,25.0,15.2,1000.0,1.0,0.0,0.0,0.0,0.0,0.0,0.0,0.0,0.0,0.0,0.0,0.0,0.0,0.0,0.354253,0.213317,0.174207
sub-0101101_ses-1_run-1_task-rest_bold_cleaned,101101,1,Awake,25.0,15.2,1000.0,1.0,0.0,0.0,0.0,0.0,0.0,0.0,0.0,0.0,0.0,0.0,0.0,0.0,0.0,0.23377,0.152018,0.203382
sub-0101101_ses-1_run-2_task-rest_bold_cleaned,101101,1,Awake,25.0,15.2,1000.0,1.0,0.0,0.0,0.0,0.0,0.0,0.0,0.0,0.0,0.0,0.0,0.0,0.0,0.0,0.277719,0.178576,0.191556
sub-0101101_ses-1_run-3_task-rest_bold_cleaned,101101,1,Awake,25.0,15.2,1000.0,1.0,0.0,0.0,0.0,0.0,0.0,0.0,0.0,0.0,0.0,0.0,0.0,0.0,0.0,0.248476,0.161234,0.165475
sub-0101102_ses-1_run-1_task-rest_bold_cleaned,101102,1,Awake,25.0,15.2,1000.0,1.0,0.0,0.0,0.0,0.0,0.0,0.0,0.0,0.0,0.0,0.0,0.0,0.0,0.0,0.278539,0.142835,0.249648
sub-0101102_ses-1_run-2_task-rest_bold_cleaned,101102,1,Awake,25.0,15.2,1000.0,1.0,0.0,0.0,0.0,0.0,0.0,0.0,0.0,0.0,0.0,0.0,0.0,0.0,0.0,0.243488,0.192031,0.274546
sub-0101102_ses-1_run-3_task-rest_bold_cleaned,101102,1,Awake,25.0,15.2,1000.0,1.0,0.0,0.0,0.0,0.0,0.0,0.0,0.0,0.0,0.0,0.0,0.0,0.0,0.0,0.231318,0.164512,0.329626
sub-0101103_ses-1_run-1_task-rest_bold_cleaned,101103,1,Awake,19.0,15.2,1000.0,1.0,0.0,0.0,0.0,0.0,0.0,0.0,0.0,0.0,0.0,0.0,0.0,0.0,0.0,0.201624,0.167819,0.201178
sub-0101103_ses-1_run-2_task-rest_bold_cleaned,101103,1,Awake,19.0,15.2,1000.0,1.0,0.0,0.0,0.0,0.0,0.0,0.0,0.0,0.0,0.0,0.0,0.0,0.0,0.0,0.217036,0.158736,0.229939
sub-0101103_ses-1_run-3_task-rest_bold_cleaned,101103,1,Awake,19.0,15.2,1000.0,1.0,0.0,0.0,0.0,0.0,0.0,0.0,0.0,0.0,0.0,0.0,0.0,0.0,0.0,0.233909,0.148876,0.21345
sub-0101104_ses-1_run-1_task-rest_bold_cleaned,101104,1,Awake,19.0,15.2,1000.0,1.0,0.0,0.0,0.0,0.0,0.0,0.0,0.0,0.0,0.0,0.0,0.0,0.0,0.0,0.262079,0.124878,0.188609
sub-0101104_ses-1_run-2_task-rest_bold_cleaned,101104,1,Awake,19.0,15.2,1000.0,1.0,0.0,0.0,0.0,0.0,0.0,0.0,0.0,0.0,0.0,0.0,0.0,0.0,0.0,0.27988,0.166811,0.251638
sub-0101104_ses-1_run-3_task-rest_bold_cleaned,101104,1,Awake,19.0,15.2,1000.0,1.0,0.0,0.0,0.0,0.0,0.0,0.0,0.0,0.0,0.0,0.0,0.0,0.0,0.0,0.223207,0.172374,0.179931
sub-0101105_ses-1_run-1_task-rest_bold_cleaned,101105,1,Awake,19.0,15.2,1000.0,1.0,0.0,0.0,0.0,0.0,0.0,0.0,0.0,0.0,0.0,0.0,0.0,0.0,0.0,0.332221,0.12815,0.351589
sub-0101105_ses-1_run-2_task-rest_bold_cleaned,101105,1,Awake,19.0,15.2,1000.0,1.0,0.0,0.0,0.0,0.0,0.0,0.0,0.0,0.0,0.0,0.0,0.0,0.0,0.0,0.30656,0.231204,0.329482
sub-0101105_ses-1_run-3_task-rest_bold_cleaned,101105,1,Awake,19.0,15.2,1000.0,1.0,0.0,0.0,0.0,0.0,0.0,0.0,0.0,0.0,0.0,0.0,0.0,0.0,0.0,0.362379,0.183552,0.401893
sub-0101106_ses-1_run-1_task-rest_bold_cleaned,101106,1,Awake,11.0,15.2,1000.0,1.0,0.0,0.0,0.0,0.0,0.0,0.0,0.0,0.0,0.0,0.0,0.0,0.0,0.0,0.25469,0.145802,0.259928
sub-0101106_ses-1_run-2_task-rest_bold_cleaned,101106,1,Awake,11.0,15.2,1000.0,1.0,0.0,0.0,0.0,0.0,0.0,0.0,0.0,0.0,0.0,0.0,0.0,0.0,0.0,0.323858,0.180451,0.227575
sub-0101106_ses-1_run-3_task-rest_bold_cleaned,101106,1,Awake,11.0,15.2,1000.0,1.0,0.0,0.0,0.0,0.0,0.0,0.0,0.0,0.0,0.0,0.0,0.0,0.0,0.0,0.281312,0.134089,0.216844
sub-0101107_ses-1_run-1_task-rest_bold_cleaned,101107,1,Awake,11.0,15.2,1000.0,1.0,0.0,0.0,0.0,0.0,0.0,0.0,0.0,0.0,0.0,0.0,0.0,0.0,0.0,0.271339,0.158835,0.282223
sub-0101107_ses-1_run-2_task-rest_bold_cleaned,101107,1,Awake,11.0,15.2,1000.0,1.0,0.0,0.0,0.0,0.0,0.0,0.0,0.0,0.0,0.0,0.0,0.0,0.0,0.0,0.307442,0.110594,0.356051
sub-0101107_ses-1_run-3_task-rest_bold_cleaned,101107,1,Awake,11.0,15.2,1000.0,1.0,0.0,0.0,0.0,0.0,0.0,0.0,0.0,0.0,0.0,0.0,0.0,0.0,0.0,0.279959,0.183735,0.343995
sub-0101108_ses-1_run-1_task-rest_bold_cleaned,101108,1,Awake,11.0,15.2,1000.0,1.0,0.0,0.0,0.0,0.0,0.0,0.0,0.0,0.0,0.0,0.0,0.0,0.0,0.0,0.273332,0.126025,0.237096
sub-0101108_ses-1_run-2_task-rest_bold_cleaned,101108,1,Awake,11.0,15.2,1000.0,1.0,0.0,0.0,0.0,0.0,0.0,0.0,0.0,0.0,0.0,0.0,0.0,0.0,0.0,0.339508,0.175463,0.286689
sub-0101108_ses-1_run-3_task-rest_bold_cleaned,101108,1,Awake,11.0,15.2,1000.0,1.0,0.0,0.0,0.0,0.0,0.0,0.0,0.0,0.0,0.0,0.0,0.0,0.0,0.0,0.293486,0.139393,0.260121
sub-0101109_ses-1_run-1_task-rest_bold_cleaned,101109,1,Awake,12.0,15.2,1000.0,1.0,0.0,0.0,0.0,0.0,0.0,0.0,0.0,0.0,0.0,0.0,0.0,0.0,0.0,0.309497,0.178454,0.217452
sub-0101109_ses-1_run-2_task-rest_bold_cleaned,101109,1,Awake,12.0,15.2,1000.0,1.0,0.0,0.0,0.0,0.0,0.0,0.0,0.0,0.0,0.0,0.0,0.0,0.0,0.0,0.244077,0.160622,0.246536
sub-0101109_ses-1_run-3_task-rest_bold_cleaned,101109,1,Awake,12.0,15.2,1000.0,1.0,0.0,0.0,0.0,0.0,0.0,0.0,0.0,0.0,0.0,0.0,0.0,0.0,0.0,0.328514,0.173635,0.218592
sub-0101110_ses-1_run-1_task-rest_bold_cleaned,101110,1,Awake,12.0,15.2,1000.0,1.0,0.0,0.0,0.0,0.0,0.0,0.0,0.0,0.0,0.0,0.0,0.0,0.0,0.0,0.3923,0.110298,0.24935
sub-0101110_ses-1_run-2_task-rest_bold_cleaned,101110,1,Awake,12.0,15.2,1000.0,1.0,0.0,0.0,0.0,0.0,0.0,0.0,0.0,0.0,0.0,0.0,0.0,0.0,0.0,0.368326,0.178043,0.339217
sub-0101110_ses-1_run-3_task-rest_bold_cleaned,101110,1,Awake,12.0,15.2,1000.0,1.0,0.0,0.0,0.0,0.0,0.0,0.0,0.0,0.0,0.0,0.0,0.0,0.0,0.0,0.238277,0.199728,0.334816
sub-0101111_ses-1_run-1_task-rest_bold_cleaned,101111,1,Awake,17.0,15.2,1000.0,1.0,0.0,0.0,0.0,0.0,0.0,0.0,0.0,0.0,0.0,0.0,0.0,0.0,0.0,0.223201,0.173679,0.232709
sub-0101111_ses-1_run-2_task-rest_bold_cleaned,101111,1,Awake,17.0,15.2,1000.0,1.0,0.0,0.0,0.0,0.0,0.0,0.0,0.0,0.0,0.0,0.0,0.0,0.0,0.0,0.254228,0.191174,0.239761
sub-0101111_ses-1_run-3_task-rest_bold_cleaned,101111,1,Awake,17.0,15.2,1000.0,1.0,0.0,0.0,0.0,0.0,0.0,0.0,0.0,0.0,0.0,0.0,0.0,0.0,0.0,0.279108,0.14313,0.526329
sub-0101112_ses-1_run-1_task-rest_bold_cleaned,101112,1,Awake,18.0,15.2,1000.0,1.0,0.0,0.0,0.0,0.0,0.0,0.0,0.0,0.0,0.0,0.0,0.0,0.0,0.0,0.251428,0.189563,0.206241
sub-0101112_ses-1_run-2_task-rest_bold_cleaned,101112,1,Awake,18.0,15.2,1000.0,1.0,0.0,0.0,0.0,0.0,0.0,0.0,0.0,0.0,0.0,0.0,0.0,0.0,0.0,0.330008,0.175248,0.244856
sub-0101112_ses-1_run-3_task-rest_bold_cleaned,101112,1,Awake,18.0,15.2,1000.0,1.0,0.0,0.0,0.0,0.0,0.0,0.0,0.0,0.0,0.0,0.0,0.0,0.0,0.0,0.309798,0.14805,0.295704
sub-0101113_ses-1_run-1_task-rest_bold_cleaned,101113,1,Awake,18.0,15.2,1000.0,1.0,0.0,0.0,0.0,0.0,0.0,0.0,0.0,0.0,0.0,0.0,0.0,0.0,0.0,0.442785,0.170214,0.250194
sub-0101113_ses-1_run-2_task-rest_bold_cleaned,101113,1,Awake,18.0,15.2,1000.0,1.0,0.0,0.0,0.0,0.0,0.0,0.0,0.0,0.0,0.0,0.0,0.0,0.0,0.0,0.398707,0.217053,0.289658
sub-0101113_ses-1_run-3_task-rest_bold_cleaned,101113,1,Awake,18.0,15.2,1000.0,1.0,0.0,0.0,0.0,0.0,0.0,0.0,0.0,0.0,0.0,0.0,0.0,0.0,0.0,0.371593,0.219842,0.352721
sub-0101114_ses-1_run-1_task-rest_bold_cleaned,101114,1,Awake,18.0,15.2,1000.0,1.0,0.0,0.0,0.0,0.0,0.0,0.0,0.0,0.0,0.0,0.0,0.0,0.0,0.0,0.235126,0.180841,0.30435
sub-0101114_ses-1_run-2_task-rest_bold_cleaned,101114,1,Awake,18.0,15.2,1000.0,1.0,0.0,0.0,0.0,0.0,0.0,0.0,0.0,0.0,0.0,0.0,0.0,0.0,0.0,0.250255,0.159485,0.198651
sub-0101114_ses-1_run-3_task-rest_bold_cleaned,101114,1,Awake,18.0,15.2,1000.0,1.0,0.0,0.0,0.0,0.0,0.0,0.0,0.0,0.0,0.0,0.0,0.0,0.0,0.0,0.224389,0.169279,0.275604
sub-0101115_ses-1_run-1_task-rest_bold_cleaned,101115,1,Awake,18.0,15.2,1000.0,1.0,0.0,0.0,0.0,0.0,0.0,0.0,0.0,0.0,0.0,0.0,0.0,0.0,0.0,0.415892,0.2354,0.348018
sub-0101115_ses-1_run-2_task-rest_bold_cleaned,101115,1,Awake,18.0,15.2,1000.0,1.0,0.0,0.0,0.0,0.0,0.0,0.0,0.0,0.0,0.0,0.0,0.0,0.0,0.0,0.38357,0.257748,0.23556
sub-0101115_ses-1_run-3_task-rest_bold_cleaned,101115,1,Awake,18.0,15.2,1000.0,1.0,0.0,0.0,0.0,0.0,0.0,0.0,0.0,0.0,0.0,0.0,0.0,0.0,0.0,0.368541,0.30743,0.236589
sub-0101116_ses-1_run-1_task-rest_bold_cleaned,101116,1,Awake,21.0,15.2,1000.0,1.0,0.0,0.0,0.0,0.0,0.0,0.0,0.0,0.0,0.0,0.0,0.0,0.0,0.0,0.42508,0.153717,0.267389
sub-0101116_ses-1_run-2_task-rest_bold_cleaned,101116,1,Awake,21.0,15.2,1000.0,1.0,0.0,0.0,0.0,0.0,0.0,0.0,0.0,0.0,0.0,0.0,0.0,0.0,0.0,0.298462,0.131329,0.36544
sub-0101116_ses-1_run-3_task-rest_bold_cleaned,101116,1,Awake,21.0,15.2,1000.0,1.0,0.0,0.0,0.0,0.0,0.0,0.0,0.0,0.0,0.0,0.0,0.0,0.0,0.0,0.342562,0.178421,0.29253
sub-0101200_ses-1_run-1_task-rest_bold_cleaned,101200,1,Awake,13.0,9.4,1500.0,0.0,0.0,0.0,0.0,0.0,0.0,0.0,0.0,0.0,0.0,0.0,0.0,0.0,0.0,0.079147,0.051089,0.057918
sub-0101201_ses-1_run-1_task-rest_bold_cleaned,101201,1,Awake,13.0,9.4,1500.0,0.0,0.0,0.0,0.0,0.0,0.0,0.0,0.0,0.0,0.0,0.0,0.0,0.0,0.0,0.103194,0.055409,0.080513
sub-0101202_ses-1_run-1_task-rest_bold_cleaned,101202,1,Awake,13.0,9.4,1500.0,0.0,0.0,0.0,0.0,0.0,0.0,0.0,0.0,0.0,0.0,0.0,0.0,0.0,0.0,0.058455,0.047168,0.064325
sub-0101203_ses-1_run-1_task-rest_bold_cleaned,101203,1,Awake,13.0,9.4,1500.0,0.0,0.0,0.0,0.0,0.0,0.0,0.0,0.0,0.0,0.0,0.0,0.0,0.0,0.0,0.083888,0.052256,0.074795
sub-0101204_ses-1_run-1_task-rest_bold_cleaned,101204,1,Awake,13.0,9.4,1500.0,0.0,0.0,0.0,0.0,0.0,0.0,0.0,0.0,0.0,0.0,0.0,0.0,0.0,0.0,0.0738,0.0408,0.068756
sub-0101205_ses-1_run-1_task-rest_bold_cleaned,101205,1,Awake,13.0,9.4,1500.0,0.0,0.0,0.0,0.0,0.0,0.0,0.0,0.0,0.0,0.0,0.0,0.0,0.0,0.0,0.095506,0.055172,0.06255
sub-0101206_ses-1_run-1_task-rest_bold_cleaned,101206,1,Awake,13.0,9.4,1500.0,0.0,0.0,0.0,0.0,0.0,0.0,0.0,0.0,0.0,0.0,0.0,0.0,0.0,0.0,0.108983,0.061793,0.081225
sub-0101207_ses-1_run-1_task-rest_bold_cleaned,101207,1,Awake,13.0,9.4,1500.0,0.0,0.0,0.0,0.0,0.0,0.0,0.0,0.0,0.0,0.0,0.0,0.0,0.0,0.0,0.093993,0.047272,0.078869
sub-0101208_ses-1_run-1_task-rest_bold_cleaned,101208,1,Awake,26.0,9.4,1500.0,0.0,0.0,0.0,0.0,0.0,0.0,0.0,0.0,0.0,0.0,0.0,0.0,0.0,0.0,0.087433,0.05152,0.069942
sub-0101210_ses-1_run-1_task-rest_bold_cleaned,101210,1,Awake,26.0,9.4,1500.0,0.0,0.0,0.0,0.0,0.0,0.0,0.0,0.0,0.0,0.0,0.0,0.0,0.0,0.0,0.155791,0.089217,0.138621
sub-0101211_ses-1_run-1_task-rest_bold_cleaned,101211,1,Awake,26.0,9.4,1500.0,0.0,0.0,0.0,0.0,0.0,0.0,0.0,0.0,0.0,0.0,0.0,0.0,0.0,0.0,0.13123,0.09155,0.120177
sub-0101212_ses-1_run-1_task-rest_bold_cleaned,101212,1,Awake,26.0,9.4,1500.0,0.0,0.0,0.0,0.0,0.0,0.0,0.0,0.0,0.0,0.0,0.0,0.0,0.0,0.0,0.213502,0.066308,0.155193
sub-0101213_ses-1_run-1_task-rest_bold_cleaned,101213,1,Awake,26.0,9.4,1500.0,0.0,0.0,0.0,0.0,0.0,0.0,0.0,0.0,0.0,0.0,0.0,0.0,0.0,0.0,0.08539,0.047067,0.07761
sub-0101214_ses-1_run-1_task-rest_bold_cleaned,101214,1,Awake,26.0,9.4,1500.0,0.0,0.0,0.0,0.0,0.0,0.0,0.0,0.0,0.0,0.0,0.0,0.0,0.0,0.0,0.079503,0.06881,0.079298
sub-0101215_ses-1_run-1_task-rest_bold_cleaned,101215,1,Awake,26.0,9.4,1500.0,0.0,0.0,0.0,0.0,0.0,0.0,0.0,0.0,0.0,0.0,0.0,0.0,0.0,0.0,0.098302,0.068104,0.094743
sub-0101216_ses-1_run-1_task-rest_bold_cleaned,101216,1,Awake,26.0,9.4,1500.0,0.0,0.0,0.0,0.0,0.0,0.0,0.0,0.0,0.0,0.0,0.0,0.0,0.0,0.0,0.213974,0.085341,0.154274
sub-0101217_ses-1_run-1_task-rest_bold_cleaned,101217,1,Awake,26.0,9.4,1500.0,0.0,0.0,0.0,0.0,0.0,0.0,0.0,0.0,0.0,0.0,0.0,0.0,0.0,0.0,0.126009,0.084149,0.11658
sub-0101218_ses-1_run-1_task-rest_bold_cleaned,101218,1,Awake,44.0,9.4,1500.0,0.0,0.0,0.0,0.0,0.0,0.0,0.0,0.0,0.0,0.0,0.0,0.0,0.0,0.0,0.098585,0.057398,0.110062
sub-0101219_ses-1_run-1_task-rest_bold_cleaned,101219,1,Awake,44.0,9.4,1500.0,0.0,0.0,0.0,0.0,0.0,0.0,0.0,0.0,0.0,0.0,0.0,0.0,0.0,0.0,0.088073,0.061487,0.146768
sub-0101220_ses-1_run-1_task-rest_bold_cleaned,101220,1,Awake,44.0,9.4,1500.0,0.0,0.0,0.0,0.0,0.0,0.0,0.0,0.0,0.0,0.0,0.0,0.0,0.0,0.0,0.082947,0.064329,0.11011
sub-0101221_ses-1_run-1_task-rest_bold_cleaned,101221,1,Awake,44.0,9.4,1500.0,0.0,0.0,0.0,0.0,0.0,0.0,0.0,0.0,0.0,0.0,0.0,0.0,0.0,0.0,0.095049,0.069052,0.133477
sub-0101222_ses-1_run-1_task-rest_bold_cleaned,101222,1,Awake,44.0,9.4,1500.0,0.0,0.0,0.0,0.0,0.0,0.0,0.0,0.0,0.0,0.0,0.0,0.0,0.0,0.0,0.108259,0.077837,0.082933
sub-0101223_ses-1_run-1_task-rest_bold_cleaned,101223,1,Awake,44.0,9.4,1500.0,0.0,0.0,0.0,0.0,0.0,0.0,0.0,0.0,0.0,0.0,0.0,0.0,0.0,0.0,0.114584,0.065009,0.085932
sub-0101225_ses-1_run-1_task-rest_bold_cleaned,101225,1,Awake,44.0,9.4,1500.0,0.0,0.0,0.0,0.0,0.0,0.0,0.0,0.0,0.0,0.0,0.0,0.0,0.0,0.0,0.104437,0.063471,0.101413
sub-0101300_ses-1_run-1_task-rest_bold_cleaned,101300,1,Awake,20.0,9.4,1250.0,0.0,0.0,1.0,0.0,0.0,0.0,1.0,0.0,0.0,0.0,0.0,0.0,0.0,0.0,0.236481,0.147128,0.210074
sub-0101300_ses-1_run-2_task-rest_bold_cleaned,101300,1,Awake,20.0,9.4,1250.0,0.0,0.0,1.0,0.0,0.0,0.0,1.0,0.0,0.0,0.0,0.0,0.0,0.0,0.0,0.272528,0.165165,0.227974
sub-0101300_ses-1_run-3_task-rest_bold_cleaned,101300,1,Awake,20.0,9.4,1250.0,0.0,0.0,1.0,0.0,0.0,0.0,1.0,0.0,0.0,0.0,0.0,0.0,0.0,0.0,0.30434,0.17053,0.226126
sub-0101300_ses-1_run-4_task-rest_bold_cleaned,101300,1,Awake,20.0,9.4,1250.0,0.0,0.0,1.0,0.0,0.0,0.0,1.0,0.0,0.0,0.0,0.0,0.0,0.0,0.0,0.248282,0.147269,0.260163
sub-0101301_ses-1_run-1_task-rest_bold_cleaned,101301,1,Awake,20.0,9.4,1250.0,0.0,0.0,1.0,0.0,0.0,0.0,1.0,0.0,0.0,0.0,0.0,0.0,0.0,0.0,0.233341,0.158852,0.251675
sub-0101301_ses-1_run-2_task-rest_bold_cleaned,101301,1,Awake,20.0,9.4,1250.0,0.0,0.0,1.0,0.0,0.0,0.0,1.0,0.0,0.0,0.0,0.0,0.0,0.0,0.0,0.29569,0.181589,0.241668
sub-0101301_ses-1_run-3_task-rest_bold_cleaned,101301,1,Awake,20.0,9.4,1250.0,0.0,0.0,1.0,0.0,0.0,0.0,1.0,0.0,0.0,0.0,0.0,0.0,0.0,0.0,0.274197,0.197212,0.30421
sub-0101301_ses-1_run-4_task-rest_bold_cleaned,101301,1,Awake,20.0,9.4,1250.0,0.0,0.0,1.0,0.0,0.0,0.0,1.0,0.0,0.0,0.0,0.0,0.0,0.0,0.0,0.327995,0.168975,0.275531
sub-0101302_ses-1_run-1_task-rest_bold_cleaned,101302,1,Awake,20.0,9.4,1250.0,0.0,0.0,1.0,0.0,0.0,0.0,1.0,0.0,0.0,0.0,0.0,0.0,0.0,0.0,0.238714,0.140211,0.195484
sub-0101302_ses-1_run-2_task-rest_bold_cleaned,101302,1,Awake,20.0,9.4,1250.0,0.0,0.0,1.0,0.0,0.0,0.0,1.0,0.0,0.0,0.0,0.0,0.0,0.0,0.0,0.210332,0.181792,0.245985
sub-0101302_ses-1_run-3_task-rest_bold_cleaned,101302,1,Awake,20.0,9.4,1250.0,0.0,0.0,1.0,0.0,0.0,0.0,1.0,0.0,0.0,0.0,0.0,0.0,0.0,0.0,0.202226,0.153709,0.23511
sub-0101302_ses-1_run-4_task-rest_bold_cleaned,101302,1,Awake,20.0,9.4,1250.0,0.0,0.0,1.0,0.0,0.0,0.0,1.0,0.0,0.0,0.0,0.0,0.0,0.0,0.0,0.25203,0.162045,0.253326
sub-0101303_ses-1_run-1_task-rest_bold_cleaned,101303,1,Awake,19.0,9.4,1250.0,0.0,0.0,1.0,0.0,0.0,0.0,1.0,0.0,0.0,0.0,0.0,0.0,0.0,0.0,0.220525,0.122578,0.260826
sub-0101303_ses-1_run-2_task-rest_bold_cleaned,101303,1,Awake,19.0,9.4,1250.0,0.0,0.0,1.0,0.0,0.0,0.0,1.0,0.0,0.0,0.0,0.0,0.0,0.0,0.0,0.250849,0.167365,0.226183
sub-0101303_ses-1_run-3_task-rest_bold_cleaned,101303,1,Awake,19.0,9.4,1250.0,0.0,0.0,1.0,0.0,0.0,0.0,1.0,0.0,0.0,0.0,0.0,0.0,0.0,0.0,0.254816,0.140404,0.24219
sub-0101303_ses-1_run-4_task-rest_bold_cleaned,101303,1,Awake,19.0,9.4,1250.0,0.0,0.0,1.0,0.0,0.0,0.0,1.0,0.0,0.0,0.0,0.0,0.0,0.0,0.0,0.208982,0.150828,0.219726
sub-0101304_ses-1_run-1_task-rest_bold_cleaned,101304,1,Awake,20.0,9.4,1250.0,0.0,0.0,1.0,0.0,0.0,0.0,1.0,0.0,0.0,0.0,0.0,0.0,0.0,0.0,0.210286,0.138327,0.205098
sub-0101304_ses-1_run-2_task-rest_bold_cleaned,101304,1,Awake,20.0,9.4,1250.0,0.0,0.0,1.0,0.0,0.0,0.0,1.0,0.0,0.0,0.0,0.0,0.0,0.0,0.0,0.22221,0.152098,0.218034
sub-0101304_ses-1_run-3_task-rest_bold_cleaned,101304,1,Awake,20.0,9.4,1250.0,0.0,0.0,1.0,0.0,0.0,0.0,1.0,0.0,0.0,0.0,0.0,0.0,0.0,0.0,0.24751,0.173936,0.228692
sub-0101304_ses-1_run-4_task-rest_bold_cleaned,101304,1,Awake,20.0,9.4,1250.0,0.0,0.0,1.0,0.0,0.0,0.0,1.0,0.0,0.0,0.0,0.0,0.0,0.0,0.0,0.240722,0.156851,0.249756
sub-0101305_ses-1_run-1_task-rest_bold_cleaned,101305,1,Awake,19.0,9.4,1250.0,0.0,0.0,1.0,0.0,0.0,0.0,1.0,0.0,0.0,0.0,0.0,0.0,0.0,0.0,0.215428,0.126049,0.279026
sub-0101305_ses-1_run-2_task-rest_bold_cleaned,101305,1,Awake,19.0,9.4,1250.0,0.0,0.0,1.0,0.0,0.0,0.0,1.0,0.0,0.0,0.0,0.0,0.0,0.0,0.0,0.200217,0.145847,0.261397
sub-0101305_ses-1_run-3_task-rest_bold_cleaned,101305,1,Awake,19.0,9.4,1250.0,0.0,0.0,1.0,0.0,0.0,0.0,1.0,0.0,0.0,0.0,0.0,0.0,0.0,0.0,0.26196,0.166129,0.299515
sub-0101305_ses-1_run-4_task-rest_bold_cleaned,101305,1,Awake,19.0,9.4,1250.0,0.0,0.0,1.0,0.0,0.0,0.0,1.0,0.0,0.0,0.0,0.0,0.0,0.0,0.0,0.24504,0.188158,0.227438
sub-0101306_ses-1_run-1_task-rest_bold_cleaned,101306,1,Awake,19.0,9.4,1250.0,0.0,0.0,1.0,0.0,0.0,0.0,1.0,0.0,0.0,0.0,0.0,0.0,0.0,0.0,0.245155,0.144768,0.19846
sub-0101306_ses-1_run-2_task-rest_bold_cleaned,101306,1,Awake,19.0,9.4,1250.0,0.0,0.0,1.0,0.0,0.0,0.0,1.0,0.0,0.0,0.0,0.0,0.0,0.0,0.0,0.261723,0.152491,0.231314
sub-0101306_ses-1_run-3_task-rest_bold_cleaned,101306,1,Awake,19.0,9.4,1250.0,0.0,0.0,1.0,0.0,0.0,0.0,1.0,0.0,0.0,0.0,0.0,0.0,0.0,0.0,0.24261,0.117565,0.240095
sub-0101306_ses-1_run-4_task-rest_bold_cleaned,101306,1,Awake,19.0,9.4,1250.0,0.0,0.0,1.0,0.0,0.0,0.0,1.0,0.0,0.0,0.0,0.0,0.0,0.0,0.0,0.233203,0.150005,0.217274
sub-0101307_ses-1_run-1_task-rest_bold_cleaned,101307,1,Awake,19.0,9.4,1250.0,0.0,0.0,1.0,0.0,0.0,0.0,1.0,0.0,0.0,0.0,0.0,0.0,0.0,0.0,0.212866,0.140987,0.243316
sub-0101307_ses-1_run-2_task-rest_bold_cleaned,101307,1,Awake,19.0,9.4,1250.0,0.0,0.0,1.0,0.0,0.0,0.0,1.0,0.0,0.0,0.0,0.0,0.0,0.0,0.0,0.235526,0.096615,0.208449
sub-0101307_ses-1_run-3_task-rest_bold_cleaned,101307,1,Awake,19.0,9.4,1250.0,0.0,0.0,1.0,0.0,0.0,0.0,1.0,0.0,0.0,0.0,0.0,0.0,0.0,0.0,0.225076,0.12296,0.25402
sub-0101307_ses-1_run-4_task-rest_bold_cleaned,101307,1,Awake,19.0,9.4,1250.0,0.0,0.0,1.0,0.0,0.0,0.0,1.0,0.0,0.0,0.0,0.0,0.0,0.0,0.0,0.199404,0.10564,0.212908
sub-0101400_ses-1_run-1_task-rest_bold_cleaned,101400,1,Awake,9.0,7.0,2000.0,0.0,1.0,1.0,0.0,1.0,0.0,0.0,0.0,0.0,0.0,0.0,0.0,0.0,0.0,0.076095,0.031745,0.047578
sub-0101401_ses-1_run-1_task-rest_bold_cleaned,101401,1,Awake,9.0,7.0,2000.0,0.0,1.0,1.0,0.0,1.0,0.0,0.0,0.0,0.0,0.0,0.0,0.0,0.0,0.0,0.076443,0.04541,0.053949
sub-0101402_ses-1_run-1_task-rest_bold_cleaned,101402,1,Awake,9.0,7.0,2000.0,0.0,1.0,1.0,0.0,1.0,0.0,0.0,0.0,0.0,0.0,0.0,0.0,0.0,0.0,0.210818,0.030679,0.04902
sub-0101403_ses-1_run-1_task-rest_bold_cleaned,101403,1,Awake,9.0,7.0,2000.0,0.0,1.0,1.0,0.0,1.0,0.0,0.0,0.0,0.0,0.0,0.0,0.0,0.0,0.0,0.138642,0.05734,0.120076
sub-0101502_ses-1_run-1_task-rest_bold_cleaned,101502,1,Awake,12.0,11.7,1500.0,1.0,1.0,0.0,0.0,0.0,0.0,0.0,0.0,0.0,0.0,0.0,0.0,0.0,0.0,0.342344,0.235303,0.390157
sub-0101505_ses-1_run-1_task-rest_bold_cleaned,101505,1,Awake,12.0,11.7,1500.0,1.0,1.0,0.0,0.0,0.0,0.0,0.0,0.0,0.0,0.0,0.0,0.0,0.0,0.0,0.385243,0.13279,0.151762
sub-0101600_ses-1_run-1_task-rest_bold_cleaned,101600,1,Awake,14.0,9.4,1500.0,1.0,1.0,1.0,0.0,0.0,0.0,1.0,0.0,0.0,0.0,0.0,0.0,0.0,0.0,0.109063,0.048645,0.088075
sub-0101600_ses-1_run-2_task-rest_bold_cleaned,101600,1,Awake,14.0,9.4,1500.0,1.0,1.0,1.0,0.0,0.0,0.0,1.0,0.0,0.0,0.0,0.0,0.0,0.0,0.0,0.118574,0.042467,0.080149
sub-0101600_ses-1_run-3_task-rest_bold_cleaned,101600,1,Awake,14.0,9.4,1500.0,1.0,1.0,1.0,0.0,0.0,0.0,1.0,0.0,0.0,0.0,0.0,0.0,0.0,0.0,0.134263,0.061711,0.088215
sub-0101600_ses-1_run-4_task-rest_bold_cleaned,101600,1,Awake,14.0,9.4,1500.0,1.0,1.0,1.0,0.0,0.0,0.0,1.0,0.0,0.0,0.0,0.0,0.0,0.0,0.0,0.182725,0.094553,0.177722
sub-0101601_ses-1_run-1_task-rest_bold_cleaned,101601,1,Awake,14.0,9.4,1500.0,1.0,1.0,1.0,0.0,0.0,0.0,1.0,0.0,0.0,0.0,0.0,0.0,0.0,0.0,0.08743,0.05681,0.107634
sub-0101601_ses-1_run-2_task-rest_bold_cleaned,101601,1,Awake,14.0,9.4,1500.0,1.0,1.0,1.0,0.0,0.0,0.0,1.0,0.0,0.0,0.0,0.0,0.0,0.0,0.0,0.150809,0.114051,0.14557
sub-0101602_ses-1_run-1_task-rest_bold_cleaned,101602,1,Awake,18.0,9.4,1500.0,1.0,1.0,1.0,0.0,0.0,0.0,1.0,0.0,0.0,0.0,0.0,0.0,0.0,0.0,0.08319,0.054108,0.087327
sub-0101602_ses-1_run-2_task-rest_bold_cleaned,101602,1,Awake,18.0,9.4,1500.0,1.0,1.0,1.0,0.0,0.0,0.0,1.0,0.0,0.0,0.0,0.0,0.0,0.0,0.0,0.120475,0.074823,0.120201
sub-0101602_ses-1_run-3_task-rest_bold_cleaned,101602,1,Awake,18.0,9.4,1500.0,1.0,1.0,1.0,0.0,0.0,0.0,1.0,0.0,0.0,0.0,0.0,0.0,0.0,0.0,0.16598,0.0708,0.156949
sub-0101602_ses-1_run-4_task-rest_bold_cleaned,101602,1,Awake,18.0,9.4,1500.0,1.0,1.0,1.0,0.0,0.0,0.0,1.0,0.0,0.0,0.0,0.0,0.0,0.0,0.0,0.146097,0.067257,0.129645
sub-0101603_ses-1_run-1_task-rest_bold_cleaned,101603,1,Awake,18.0,9.4,1500.0,1.0,1.0,1.0,0.0,0.0,0.0,1.0,0.0,0.0,0.0,0.0,0.0,0.0,0.0,0.114764,0.101509,0.124252
sub-0101603_ses-1_run-2_task-rest_bold_cleaned,101603,1,Awake,18.0,9.4,1500.0,1.0,1.0,1.0,0.0,0.0,0.0,1.0,0.0,0.0,0.0,0.0,0.0,0.0,0.0,0.168742,0.105568,0.238531
sub-0101603_ses-1_run-3_task-rest_bold_cleaned,101603,1,Awake,18.0,9.4,1500.0,1.0,1.0,1.0,0.0,0.0,0.0,1.0,0.0,0.0,0.0,0.0,0.0,0.0,0.0,0.172926,0.136613,0.208921
sub-0101603_ses-1_run-4_task-rest_bold_cleaned,101603,1,Awake,18.0,9.4,1500.0,1.0,1.0,1.0,0.0,0.0,0.0,1.0,0.0,0.0,0.0,0.0,0.0,0.0,0.0,0.16114,0.139007,0.204363
sub-0101604_ses-1_run-1_task-rest_bold_cleaned,101604,1,Awake,18.0,9.4,1500.0,1.0,1.0,1.0,0.0,0.0,0.0,1.0,0.0,0.0,0.0,0.0,0.0,0.0,0.0,0.065833,0.04127,0.089671
sub-0101604_ses-1_run-2_task-rest_bold_cleaned,101604,1,Awake,18.0,9.4,1500.0,1.0,1.0,1.0,0.0,0.0,0.0,1.0,0.0,0.0,0.0,0.0,0.0,0.0,0.0,0.10566,0.082474,0.142353
sub-0101604_ses-1_run-3_task-rest_bold_cleaned,101604,1,Awake,18.0,9.4,1500.0,1.0,1.0,1.0,0.0,0.0,0.0,1.0,0.0,0.0,0.0,0.0,0.0,0.0,0.0,0.1079,0.105384,0.153074
sub-0101604_ses-1_run-4_task-rest_bold_cleaned,101604,1,Awake,18.0,9.4,1500.0,1.0,1.0,1.0,0.0,0.0,0.0,1.0,0.0,0.0,0.0,0.0,0.0,0.0,0.0,0.15378,0.072043,0.161582
sub-0101605_ses-1_run-1_task-rest_bold_cleaned,101605,1,Awake,19.0,9.4,1500.0,1.0,1.0,1.0,0.0,0.0,0.0,1.0,0.0,0.0,0.0,0.0,0.0,0.0,0.0,0.131735,0.097124,0.106235
sub-0101605_ses-1_run-2_task-rest_bold_cleaned,101605,1,Awake,19.0,9.4,1500.0,1.0,1.0,1.0,0.0,0.0,0.0,1.0,0.0,0.0,0.0,0.0,0.0,0.0,0.0,0.124719,0.088992,0.142678
sub-0101605_ses-1_run-3_task-rest_bold_cleaned,101605,1,Awake,19.0,9.4,1500.0,1.0,1.0,1.0,0.0,0.0,0.0,1.0,0.0,0.0,0.0,0.0,0.0,0.0,0.0,0.182552,0.144607,0.210626
sub-0101605_ses-1_run-4_task-rest_bold_cleaned,101605,1,Awake,19.0,9.4,1500.0,1.0,1.0,1.0,0.0,0.0,0.0,1.0,0.0,0.0,0.0,0.0,0.0,0.0,0.0,0.194394,0.124364,0.207751
sub-0101606_ses-1_run-1_task-rest_bold_cleaned,101606,1,Awake,16.0,9.4,1500.0,1.0,1.0,1.0,0.0,0.0,0.0,1.0,0.0,0.0,0.0,0.0,0.0,0.0,0.0,0.093503,0.046229,0.106467
sub-0101606_ses-1_run-2_task-rest_bold_cleaned,101606,1,Awake,16.0,9.4,1500.0,1.0,1.0,1.0,0.0,0.0,0.0,1.0,0.0,0.0,0.0,0.0,0.0,0.0,0.0,0.10327,0.062539,0.109941
sub-0101606_ses-1_run-3_task-rest_bold_cleaned,101606,1,Awake,16.0,9.4,1500.0,1.0,1.0,1.0,0.0,0.0,0.0,1.0,0.0,0.0,0.0,0.0,0.0,0.0,0.0,0.118797,0.092667,0.154706
sub-0101606_ses-1_run-4_task-rest_bold_cleaned,101606,1,Awake,16.0,9.4,1500.0,1.0,1.0,1.0,0.0,0.0,0.0,1.0,0.0,0.0,0.0,0.0,0.0,0.0,0.0,0.09563,0.079082,0.203221
sub-0300200_ses-1_run-1_task-rest_bold_cleaned,300200,1,Awake,24.0,7.0,1000.0,0.0,0.0,0.0,0.0,0.0,0.0,0.0,0.0,0.0,0.0,0.0,0.0,0.0,0.0,0.12231,0.134386,0.182357
sub-0300201_ses-1_run-1_task-rest_bold_cleaned,300201,1,Awake,25.0,7.0,1000.0,0.0,0.0,0.0,0.0,0.0,0.0,0.0,0.0,0.0,0.0,0.0,0.0,0.0,0.0,0.275903,0.179112,0.255392
sub-0300202_ses-1_run-1_task-rest_bold_cleaned,300202,1,Awake,26.0,7.0,1000.0,0.0,0.0,0.0,0.0,0.0,0.0,0.0,0.0,0.0,0.0,0.0,0.0,0.0,0.0,0.161275,0.091772,0.231036
sub-0300203_ses-1_run-1_task-rest_bold_cleaned,300203,1,Awake,27.0,7.0,1000.0,0.0,0.0,0.0,0.0,0.0,0.0,0.0,0.0,0.0,0.0,0.0,0.0,0.0,0.0,0.115146,0.090098,0.169963
sub-0300204_ses-1_run-1_task-rest_bold_cleaned,300204,1,Awake,28.0,7.0,1000.0,0.0,0.0,0.0,0.0,0.0,0.0,0.0,0.0,0.0,0.0,0.0,0.0,0.0,0.0,0.158042,0.102709,0.194062
sub-0300205_ses-1_run-1_task-rest_bold_cleaned,300205,1,Awake,29.0,7.0,1000.0,0.0,0.0,0.0,0.0,0.0,0.0,0.0,0.0,0.0,0.0,0.0,0.0,0.0,0.0,0.198361,0.098967,0.139092
sub-0300206_ses-1_run-1_task-rest_bold_cleaned,300206,1,Awake,30.0,7.0,1000.0,0.0,0.0,0.0,0.0,0.0,0.0,0.0,0.0,0.0,0.0,0.0,0.0,0.0,0.0,0.166456,0.115321,0.206218
sub-0300207_ses-1_run-1_task-rest_bold_cleaned,300207,1,Awake,31.0,7.0,1000.0,0.0,0.0,0.0,0.0,0.0,0.0,0.0,0.0,0.0,0.0,0.0,0.0,0.0,0.0,0.149025,0.105415,0.284747
sub-0300208_ses-1_run-1_task-rest_bold_cleaned,300208,1,Awake,32.0,7.0,1000.0,0.0,0.0,0.0,0.0,0.0,0.0,0.0,0.0,0.0,0.0,0.0,0.0,0.0,0.0,0.191034,0.093849,0.528651
sub-0300209_ses-1_run-1_task-rest_bold_cleaned,300209,1,Awake,33.0,7.0,1000.0,0.0,0.0,0.0,0.0,0.0,0.0,0.0,0.0,0.0,0.0,0.0,0.0,0.0,0.0,0.13849,0.122639,0.490768
sub-0300300_ses-1_run-1_task-rest_bold_cleaned,300300,1,Awake,10.0,9.4,2500.0,1.0,0.0,0.0,1.0,0.0,0.0,1.0,0.0,0.0,0.0,0.0,0.0,0.0,0.0,0.320456,0.230301,0.334836
sub-0300300_ses-1_run-2_task-rest_bold_cleaned,300300,1,Awake,10.0,9.4,2500.0,1.0,0.0,0.0,1.0,0.0,0.0,1.0,0.0,0.0,0.0,0.0,0.0,0.0,0.0,0.295457,0.221361,0.256048
sub-0300300_ses-1_run-3_task-rest_bold_cleaned,300300,1,Awake,10.0,9.4,2500.0,1.0,0.0,0.0,1.0,0.0,0.0,1.0,0.0,0.0,0.0,0.0,0.0,0.0,0.0,0.240429,0.212227,0.301757
sub-0300300_ses-1_run-4_task-rest_bold_cleaned,300300,1,Awake,10.0,9.4,2500.0,1.0,0.0,0.0,1.0,0.0,0.0,1.0,0.0,0.0,0.0,0.0,0.0,0.0,0.0,0.364532,0.282498,0.38827
sub-0300300_ses-2_run-1_task-rest_bold_cleaned,300300,2,Awake,10.0,9.4,2500.0,1.0,0.0,0.0,1.0,0.0,0.0,1.0,0.0,0.0,0.0,0.0,0.0,0.0,0.0,0.390142,0.234875,0.347301
sub-0300300_ses-2_run-2_task-rest_bold_cleaned,300300,2,Awake,10.0,9.4,2500.0,1.0,0.0,0.0,1.0,0.0,0.0,1.0,0.0,0.0,0.0,0.0,0.0,0.0,0.0,0.274832,0.229201,0.301582
sub-0300300_ses-2_run-3_task-rest_bold_cleaned,300300,2,Awake,10.0,9.4,2500.0,1.0,0.0,0.0,1.0,0.0,0.0,1.0,0.0,0.0,0.0,0.0,0.0,0.0,0.0,0.307364,0.221564,0.310122
sub-0300300_ses-2_run-4_task-rest_bold_cleaned,300300,2,Awake,10.0,9.4,2500.0,1.0,0.0,0.0,1.0,0.0,0.0,1.0,0.0,0.0,0.0,0.0,0.0,0.0,0.0,0.327174,0.199366,0.318853
sub-0300300_ses-3_run-1_task-rest_bold_cleaned,300300,3,Awake,10.0,9.4,2500.0,1.0,0.0,0.0,1.0,0.0,0.0,1.0,0.0,0.0,0.0,0.0,0.0,0.0,0.0,0.295184,0.194084,0.222207
sub-0300300_ses-3_run-2_task-rest_bold_cleaned,300300,3,Awake,10.0,9.4,2500.0,1.0,0.0,0.0,1.0,0.0,0.0,1.0,0.0,0.0,0.0,0.0,0.0,0.0,0.0,0.30612,0.173474,0.282772
sub-0300300_ses-3_run-3_task-rest_bold_cleaned,300300,3,Awake,10.0,9.4,2500.0,1.0,0.0,0.0,1.0,0.0,0.0,1.0,0.0,0.0,0.0,0.0,0.0,0.0,0.0,0.330716,0.208875,0.340547
sub-0300300_ses-3_run-4_task-rest_bold_cleaned,300300,3,Awake,10.0,9.4,2500.0,1.0,0.0,0.0,1.0,0.0,0.0,1.0,0.0,0.0,0.0,0.0,0.0,0.0,0.0,0.282462,0.203224,0.262771
sub-0300300_ses-4_run-2_task-rest_bold_cleaned,300300,4,Awake,10.0,9.4,2500.0,1.0,0.0,0.0,1.0,0.0,0.0,1.0,0.0,0.0,0.0,0.0,0.0,0.0,0.0,0.323895,0.173068,0.312054
sub-0300300_ses-4_run-3_task-rest_bold_cleaned,300300,4,Awake,10.0,9.4,2500.0,1.0,0.0,0.0,1.0,0.0,0.0,1.0,0.0,0.0,0.0,0.0,0.0,0.0,0.0,0.344077,0.225271,0.339521
sub-0300300_ses-4_run-4_task-rest_bold_cleaned,300300,4,Awake,10.0,9.4,2500.0,1.0,0.0,0.0,1.0,0.0,0.0,1.0,0.0,0.0,0.0,0.0,0.0,0.0,0.0,0.324735,0.20327,0.424977
sub-0300300_ses-5_run-1_task-rest_bold_cleaned,300300,5,Awake,10.0,9.4,2500.0,1.0,0.0,0.0,1.0,0.0,0.0,1.0,0.0,0.0,0.0,0.0,0.0,0.0,0.0,0.313266,0.162445,0.312583
sub-0300300_ses-5_run-2_task-rest_bold_cleaned,300300,5,Awake,10.0,9.4,2500.0,1.0,0.0,0.0,1.0,0.0,0.0,1.0,0.0,0.0,0.0,0.0,0.0,0.0,0.0,0.31645,0.18813,0.266242
sub-0300300_ses-5_run-3_task-rest_bold_cleaned,300300,5,Awake,10.0,9.4,2500.0,1.0,0.0,0.0,1.0,0.0,0.0,1.0,0.0,0.0,0.0,0.0,0.0,0.0,0.0,0.264528,0.22325,0.248515
sub-0300300_ses-5_run-4_task-rest_bold_cleaned,300300,5,Awake,10.0,9.4,2500.0,1.0,0.0,0.0,1.0,0.0,0.0,1.0,0.0,0.0,0.0,0.0,0.0,0.0,0.0,0.326949,0.175943,0.251445
sub-0300300_ses-6_run-1_task-rest_bold_cleaned,300300,6,Awake,10.0,9.4,2500.0,1.0,0.0,0.0,1.0,0.0,0.0,1.0,0.0,0.0,0.0,0.0,0.0,0.0,0.0,0.263998,0.185435,0.27026
sub-0300300_ses-6_run-2_task-rest_bold_cleaned,300300,6,Awake,10.0,9.4,2500.0,1.0,0.0,0.0,1.0,0.0,0.0,1.0,0.0,0.0,0.0,0.0,0.0,0.0,0.0,0.458637,0.233472,0.341919
sub-0300300_ses-6_run-3_task-rest_bold_cleaned,300300,6,Awake,10.0,9.4,2500.0,1.0,0.0,0.0,1.0,0.0,0.0,1.0,0.0,0.0,0.0,0.0,0.0,0.0,0.0,0.3706,0.21568,0.314027
sub-0300300_ses-6_run-4_task-rest_bold_cleaned,300300,6,Awake,10.0,9.4,2500.0,1.0,0.0,0.0,1.0,0.0,0.0,1.0,0.0,0.0,0.0,0.0,0.0,0.0,0.0,0.62617,0.402795,0.312163
sub-0300300_ses-7_run-1_task-rest_bold_cleaned,300300,7,Awake,10.0,9.4,2500.0,1.0,0.0,0.0,1.0,0.0,0.0,1.0,0.0,0.0,0.0,0.0,0.0,0.0,0.0,0.211811,0.224168,0.200885
sub-0300300_ses-7_run-2_task-rest_bold_cleaned,300300,7,Awake,10.0,9.4,2500.0,1.0,0.0,0.0,1.0,0.0,0.0,1.0,0.0,0.0,0.0,0.0,0.0,0.0,0.0,0.293777,0.212522,0.253943
sub-0300300_ses-7_run-3_task-rest_bold_cleaned,300300,7,Awake,10.0,9.4,2500.0,1.0,0.0,0.0,1.0,0.0,0.0,1.0,0.0,0.0,0.0,0.0,0.0,0.0,0.0,0.26039,0.175699,0.280098
sub-0300300_ses-7_run-4_task-rest_bold_cleaned,300300,7,Awake,10.0,9.4,2500.0,1.0,0.0,0.0,1.0,0.0,0.0,1.0,0.0,0.0,0.0,0.0,0.0,0.0,0.0,0.36409,0.304397,0.299906
sub-0300301_ses-1_run-1_task-rest_bold_cleaned,300301,1,Awake,10.0,9.4,2500.0,1.0,0.0,0.0,1.0,0.0,0.0,1.0,0.0,0.0,0.0,0.0,0.0,0.0,0.0,0.26346,0.235418,0.357892
sub-0300301_ses-1_run-2_task-rest_bold_cleaned,300301,1,Awake,10.0,9.4,2500.0,1.0,0.0,0.0,1.0,0.0,0.0,1.0,0.0,0.0,0.0,0.0,0.0,0.0,0.0,0.290741,0.201266,0.283648
sub-0300301_ses-1_run-3_task-rest_bold_cleaned,300301,1,Awake,10.0,9.4,2500.0,1.0,0.0,0.0,1.0,0.0,0.0,1.0,0.0,0.0,0.0,0.0,0.0,0.0,0.0,0.316137,0.162274,0.375507
sub-0300301_ses-1_run-4_task-rest_bold_cleaned,300301,1,Awake,10.0,9.4,2500.0,1.0,0.0,0.0,1.0,0.0,0.0,1.0,0.0,0.0,0.0,0.0,0.0,0.0,0.0,0.299045,0.160731,0.359098
sub-0300301_ses-2_run-1_task-rest_bold_cleaned,300301,2,Awake,10.0,9.4,2500.0,1.0,0.0,0.0,1.0,0.0,0.0,1.0,0.0,0.0,0.0,0.0,0.0,0.0,0.0,0.262402,0.17354,0.3217
sub-0300301_ses-2_run-2_task-rest_bold_cleaned,300301,2,Awake,10.0,9.4,2500.0,1.0,0.0,0.0,1.0,0.0,0.0,1.0,0.0,0.0,0.0,0.0,0.0,0.0,0.0,0.380591,0.208727,0.330163
sub-0300301_ses-2_run-3_task-rest_bold_cleaned,300301,2,Awake,10.0,9.4,2500.0,1.0,0.0,0.0,1.0,0.0,0.0,1.0,0.0,0.0,0.0,0.0,0.0,0.0,0.0,0.355812,0.216465,0.317609
sub-0300301_ses-2_run-4_task-rest_bold_cleaned,300301,2,Awake,10.0,9.4,2500.0,1.0,0.0,0.0,1.0,0.0,0.0,1.0,0.0,0.0,0.0,0.0,0.0,0.0,0.0,0.416725,0.186361,0.358273
sub-0300301_ses-3_run-1_task-rest_bold_cleaned,300301,3,Awake,10.0,9.4,2500.0,1.0,0.0,0.0,1.0,0.0,0.0,1.0,0.0,0.0,0.0,0.0,0.0,0.0,0.0,0.30486,0.161383,0.311484
sub-0300301_ses-3_run-2_task-rest_bold_cleaned,300301,3,Awake,10.0,9.4,2500.0,1.0,0.0,0.0,1.0,0.0,0.0,1.0,0.0,0.0,0.0,0.0,0.0,0.0,0.0,0.361089,0.194123,0.413825
sub-0300301_ses-3_run-3_task-rest_bold_cleaned,300301,3,Awake,10.0,9.4,2500.0,1.0,0.0,0.0,1.0,0.0,0.0,1.0,0.0,0.0,0.0,0.0,0.0,0.0,0.0,0.293043,0.211723,0.312461
sub-0300301_ses-3_run-4_task-rest_bold_cleaned,300301,3,Awake,10.0,9.4,2500.0,1.0,0.0,0.0,1.0,0.0,0.0,1.0,0.0,0.0,0.0,0.0,0.0,0.0,0.0,0.298928,0.189028,0.287921
sub-0300301_ses-4_run-1_task-rest_bold_cleaned,300301,4,Awake,10.0,9.4,2500.0,1.0,0.0,0.0,1.0,0.0,0.0,1.0,0.0,0.0,0.0,0.0,0.0,0.0,0.0,0.279512,0.141713,0.350925
sub-0300301_ses-4_run-2_task-rest_bold_cleaned,300301,4,Awake,10.0,9.4,2500.0,1.0,0.0,0.0,1.0,0.0,0.0,1.0,0.0,0.0,0.0,0.0,0.0,0.0,0.0,0.371127,0.271992,0.443022
sub-0300301_ses-4_run-4_task-rest_bold_cleaned,300301,4,Awake,10.0,9.4,2500.0,1.0,0.0,0.0,1.0,0.0,0.0,1.0,0.0,0.0,0.0,0.0,0.0,0.0,0.0,0.265075,0.193666,0.348604
sub-0300301_ses-5_run-1_task-rest_bold_cleaned,300301,5,Awake,10.0,9.4,2500.0,1.0,0.0,0.0,1.0,0.0,0.0,1.0,0.0,0.0,0.0,0.0,0.0,0.0,0.0,0.334091,0.240171,0.307755
sub-0300301_ses-5_run-2_task-rest_bold_cleaned,300301,5,Awake,10.0,9.4,2500.0,1.0,0.0,0.0,1.0,0.0,0.0,1.0,0.0,0.0,0.0,0.0,0.0,0.0,0.0,0.348662,0.184165,0.272809
sub-0300301_ses-5_run-3_task-rest_bold_cleaned,300301,5,Awake,10.0,9.4,2500.0,1.0,0.0,0.0,1.0,0.0,0.0,1.0,0.0,0.0,0.0,0.0,0.0,0.0,0.0,0.32367,0.24246,0.39788
sub-0300301_ses-5_run-4_task-rest_bold_cleaned,300301,5,Awake,10.0,9.4,2500.0,1.0,0.0,0.0,1.0,0.0,0.0,1.0,0.0,0.0,0.0,0.0,0.0,0.0,0.0,0.553309,0.184049,0.438588
sub-0300301_ses-6_run-1_task-rest_bold_cleaned,300301,6,Awake,10.0,9.4,2500.0,1.0,0.0,0.0,1.0,0.0,0.0,1.0,0.0,0.0,0.0,0.0,0.0,0.0,0.0,0.380697,0.188052,0.314187
sub-0300301_ses-6_run-2_task-rest_bold_cleaned,300301,6,Awake,10.0,9.4,2500.0,1.0,0.0,0.0,1.0,0.0,0.0,1.0,0.0,0.0,0.0,0.0,0.0,0.0,0.0,0.328504,0.174719,0.301246
sub-0300301_ses-6_run-3_task-rest_bold_cleaned,300301,6,Awake,10.0,9.4,2500.0,1.0,0.0,0.0,1.0,0.0,0.0,1.0,0.0,0.0,0.0,0.0,0.0,0.0,0.0,0.310817,0.180971,0.239646
sub-0300301_ses-6_run-4_task-rest_bold_cleaned,300301,6,Awake,10.0,9.4,2500.0,1.0,0.0,0.0,1.0,0.0,0.0,1.0,0.0,0.0,0.0,0.0,0.0,0.0,0.0,0.278024,0.194617,0.242694
sub-0300301_ses-7_run-1_task-rest_bold_cleaned,300301,7,Awake,10.0,9.4,2500.0,1.0,0.0,0.0,1.0,0.0,0.0,1.0,0.0,0.0,0.0,0.0,0.0,0.0,0.0,0.248534,0.13798,0.300263
sub-0300301_ses-7_run-2_task-rest_bold_cleaned,300301,7,Awake,10.0,9.4,2500.0,1.0,0.0,0.0,1.0,0.0,0.0,1.0,0.0,0.0,0.0,0.0,0.0,0.0,0.0,0.212537,0.138116,0.272999
sub-0300301_ses-7_run-3_task-rest_bold_cleaned,300301,7,Awake,10.0,9.4,2500.0,1.0,0.0,0.0,1.0,0.0,0.0,1.0,0.0,0.0,0.0,0.0,0.0,0.0,0.0,0.336657,0.184451,0.334911
sub-0300301_ses-7_run-4_task-rest_bold_cleaned,300301,7,Awake,10.0,9.4,2500.0,1.0,0.0,0.0,1.0,0.0,0.0,1.0,0.0,0.0,0.0,0.0,0.0,0.0,0.0,0.20728,0.165399,0.278093
sub-0300302_ses-1_run-1_task-rest_bold_cleaned,300302,1,Awake,10.0,9.4,2500.0,1.0,0.0,0.0,1.0,0.0,0.0,1.0,0.0,0.0,0.0,0.0,0.0,0.0,0.0,0.398967,0.142796,0.282354
sub-0300302_ses-1_run-3_task-rest_bold_cleaned,300302,1,Awake,10.0,9.4,2500.0,1.0,0.0,0.0,1.0,0.0,0.0,1.0,0.0,0.0,0.0,0.0,0.0,0.0,0.0,0.315018,0.250343,0.352667
sub-0300302_ses-1_run-4_task-rest_bold_cleaned,300302,1,Awake,10.0,9.4,2500.0,1.0,0.0,0.0,1.0,0.0,0.0,1.0,0.0,0.0,0.0,0.0,0.0,0.0,0.0,0.315183,0.188113,0.326257
sub-0300302_ses-2_run-1_task-rest_bold_cleaned,300302,2,Awake,10.0,9.4,2500.0,1.0,0.0,0.0,1.0,0.0,0.0,1.0,0.0,0.0,0.0,0.0,0.0,0.0,0.0,0.308507,0.139558,0.274754
sub-0300302_ses-2_run-3_task-rest_bold_cleaned,300302,2,Awake,10.0,9.4,2500.0,1.0,0.0,0.0,1.0,0.0,0.0,1.0,0.0,0.0,0.0,0.0,0.0,0.0,0.0,0.330793,0.226155,0.336927
sub-0300302_ses-3_run-1_task-rest_bold_cleaned,300302,3,Awake,10.0,9.4,2500.0,1.0,0.0,0.0,1.0,0.0,0.0,1.0,0.0,0.0,0.0,0.0,0.0,0.0,0.0,0.224183,0.124567,0.267789
sub-0300302_ses-3_run-2_task-rest_bold_cleaned,300302,3,Awake,10.0,9.4,2500.0,1.0,0.0,0.0,1.0,0.0,0.0,1.0,0.0,0.0,0.0,0.0,0.0,0.0,0.0,0.249372,0.174327,0.251005
sub-0300302_ses-3_run-3_task-rest_bold_cleaned,300302,3,Awake,10.0,9.4,2500.0,1.0,0.0,0.0,1.0,0.0,0.0,1.0,0.0,0.0,0.0,0.0,0.0,0.0,0.0,0.21462,0.164883,0.243917
sub-0300302_ses-3_run-4_task-rest_bold_cleaned,300302,3,Awake,10.0,9.4,2500.0,1.0,0.0,0.0,1.0,0.0,0.0,1.0,0.0,0.0,0.0,0.0,0.0,0.0,0.0,0.361159,0.224933,0.279414
sub-0300302_ses-4_run-2_task-rest_bold_cleaned,300302,4,Awake,10.0,9.4,2500.0,1.0,0.0,0.0,1.0,0.0,0.0,1.0,0.0,0.0,0.0,0.0,0.0,0.0,0.0,0.242683,0.148608,0.276631
sub-0300302_ses-4_run-3_task-rest_bold_cleaned,300302,4,Awake,10.0,9.4,2500.0,1.0,0.0,0.0,1.0,0.0,0.0,1.0,0.0,0.0,0.0,0.0,0.0,0.0,0.0,0.301178,0.236808,0.312678
sub-0300302_ses-4_run-4_task-rest_bold_cleaned,300302,4,Awake,10.0,9.4,2500.0,1.0,0.0,0.0,1.0,0.0,0.0,1.0,0.0,0.0,0.0,0.0,0.0,0.0,0.0,0.270007,0.223874,0.31311
sub-0300302_ses-5_run-1_task-rest_bold_cleaned,300302,5,Awake,10.0,9.4,2500.0,1.0,0.0,0.0,1.0,0.0,0.0,1.0,0.0,0.0,0.0,0.0,0.0,0.0,0.0,0.225957,0.148009,0.250945
sub-0300302_ses-5_run-2_task-rest_bold_cleaned,300302,5,Awake,10.0,9.4,2500.0,1.0,0.0,0.0,1.0,0.0,0.0,1.0,0.0,0.0,0.0,0.0,0.0,0.0,0.0,0.234915,0.152305,0.289971
sub-0300302_ses-5_run-3_task-rest_bold_cleaned,300302,5,Awake,10.0,9.4,2500.0,1.0,0.0,0.0,1.0,0.0,0.0,1.0,0.0,0.0,0.0,0.0,0.0,0.0,0.0,0.304656,0.207457,0.357056
sub-0300302_ses-5_run-4_task-rest_bold_cleaned,300302,5,Awake,10.0,9.4,2500.0,1.0,0.0,0.0,1.0,0.0,0.0,1.0,0.0,0.0,0.0,0.0,0.0,0.0,0.0,0.351192,0.233352,0.308731
sub-0300302_ses-6_run-1_task-rest_bold_cleaned,300302,6,Awake,10.0,9.4,2500.0,1.0,0.0,0.0,1.0,0.0,0.0,1.0,0.0,0.0,0.0,0.0,0.0,0.0,0.0,0.258723,0.209771,0.25987
sub-0300302_ses-6_run-2_task-rest_bold_cleaned,300302,6,Awake,10.0,9.4,2500.0,1.0,0.0,0.0,1.0,0.0,0.0,1.0,0.0,0.0,0.0,0.0,0.0,0.0,0.0,0.279115,0.147442,0.238547
sub-0300302_ses-6_run-3_task-rest_bold_cleaned,300302,6,Awake,10.0,9.4,2500.0,1.0,0.0,0.0,1.0,0.0,0.0,1.0,0.0,0.0,0.0,0.0,0.0,0.0,0.0,0.412968,0.202866,0.267315
sub-0300302_ses-6_run-4_task-rest_bold_cleaned,300302,6,Awake,10.0,9.4,2500.0,1.0,0.0,0.0,1.0,0.0,0.0,1.0,0.0,0.0,0.0,0.0,0.0,0.0,0.0,0.243782,0.188122,0.297282
sub-0300302_ses-7_run-1_task-rest_bold_cleaned,300302,7,Awake,10.0,9.4,2500.0,1.0,0.0,0.0,1.0,0.0,0.0,1.0,0.0,0.0,0.0,0.0,0.0,0.0,0.0,0.232557,0.14339,0.26849
sub-0300302_ses-7_run-2_task-rest_bold_cleaned,300302,7,Awake,10.0,9.4,2500.0,1.0,0.0,0.0,1.0,0.0,0.0,1.0,0.0,0.0,0.0,0.0,0.0,0.0,0.0,0.258084,0.171822,0.297101
sub-0300302_ses-7_run-3_task-rest_bold_cleaned,300302,7,Awake,10.0,9.4,2500.0,1.0,0.0,0.0,1.0,0.0,0.0,1.0,0.0,0.0,0.0,0.0,0.0,0.0,0.0,0.2059,0.143272,0.301866
sub-0300302_ses-7_run-4_task-rest_bold_cleaned,300302,7,Awake,10.0,9.4,2500.0,1.0,0.0,0.0,1.0,0.0,0.0,1.0,0.0,0.0,0.0,0.0,0.0,0.0,0.0,0.197687,0.167652,0.322904
sub-0300303_ses-1_run-1_task-rest_bold_cleaned,300303,1,Awake,10.0,9.4,2500.0,1.0,0.0,0.0,1.0,0.0,0.0,1.0,0.0,0.0,0.0,0.0,0.0,0.0,0.0,0.268073,0.207571,0.351929
sub-0300303_ses-1_run-2_task-rest_bold_cleaned,300303,1,Awake,10.0,9.4,2500.0,1.0,0.0,0.0,1.0,0.0,0.0,1.0,0.0,0.0,0.0,0.0,0.0,0.0,0.0,0.505463,0.346704,0.446503
sub-0300303_ses-1_run-3_task-rest_bold_cleaned,300303,1,Awake,10.0,9.4,2500.0,1.0,0.0,0.0,1.0,0.0,0.0,1.0,0.0,0.0,0.0,0.0,0.0,0.0,0.0,0.353529,0.221267,0.396427
sub-0300303_ses-1_run-4_task-rest_bold_cleaned,300303,1,Awake,10.0,9.4,2500.0,1.0,0.0,0.0,1.0,0.0,0.0,1.0,0.0,0.0,0.0,0.0,0.0,0.0,0.0,0.261125,0.201442,0.367968
sub-0300303_ses-2_run-1_task-rest_bold_cleaned,300303,2,Awake,10.0,9.4,2500.0,1.0,0.0,0.0,1.0,0.0,0.0,1.0,0.0,0.0,0.0,0.0,0.0,0.0,0.0,0.547352,0.247102,0.433212
sub-0300303_ses-2_run-2_task-rest_bold_cleaned,300303,2,Awake,10.0,9.4,2500.0,1.0,0.0,0.0,1.0,0.0,0.0,1.0,0.0,0.0,0.0,0.0,0.0,0.0,0.0,0.351695,0.214063,0.283544
sub-0300303_ses-2_run-3_task-rest_bold_cleaned,300303,2,Awake,10.0,9.4,2500.0,1.0,0.0,0.0,1.0,0.0,0.0,1.0,0.0,0.0,0.0,0.0,0.0,0.0,0.0,0.49173,0.223294,0.320493
sub-0300303_ses-2_run-4_task-rest_bold_cleaned,300303,2,Awake,10.0,9.4,2500.0,1.0,0.0,0.0,1.0,0.0,0.0,1.0,0.0,0.0,0.0,0.0,0.0,0.0,0.0,0.291941,0.242408,0.374017
sub-0300303_ses-3_run-1_task-rest_bold_cleaned,300303,3,Awake,10.0,9.4,2500.0,1.0,0.0,0.0,1.0,0.0,0.0,1.0,0.0,0.0,0.0,0.0,0.0,0.0,0.0,0.256288,0.194792,0.297801
sub-0300303_ses-3_run-2_task-rest_bold_cleaned,300303,3,Awake,10.0,9.4,2500.0,1.0,0.0,0.0,1.0,0.0,0.0,1.0,0.0,0.0,0.0,0.0,0.0,0.0,0.0,0.307382,0.189719,0.347621
sub-0300303_ses-3_run-3_task-rest_bold_cleaned,300303,3,Awake,10.0,9.4,2500.0,1.0,0.0,0.0,1.0,0.0,0.0,1.0,0.0,0.0,0.0,0.0,0.0,0.0,0.0,0.322281,0.209156,0.368588
sub-0300303_ses-3_run-4_task-rest_bold_cleaned,300303,3,Awake,10.0,9.4,2500.0,1.0,0.0,0.0,1.0,0.0,0.0,1.0,0.0,0.0,0.0,0.0,0.0,0.0,0.0,0.462109,0.201469,0.304192
sub-0300303_ses-5_run-1_task-rest_bold_cleaned,300303,5,Awake,10.0,9.4,2500.0,1.0,0.0,0.0,1.0,0.0,0.0,1.0,0.0,0.0,0.0,0.0,0.0,0.0,0.0,0.337119,0.172391,0.309501
sub-0300303_ses-5_run-2_task-rest_bold_cleaned,300303,5,Awake,10.0,9.4,2500.0,1.0,0.0,0.0,1.0,0.0,0.0,1.0,0.0,0.0,0.0,0.0,0.0,0.0,0.0,0.270715,0.213151,0.342972
sub-0300303_ses-5_run-3_task-rest_bold_cleaned,300303,5,Awake,10.0,9.4,2500.0,1.0,0.0,0.0,1.0,0.0,0.0,1.0,0.0,0.0,0.0,0.0,0.0,0.0,0.0,0.299662,0.168638,0.333287
sub-0300303_ses-5_run-4_task-rest_bold_cleaned,300303,5,Awake,10.0,9.4,2500.0,1.0,0.0,0.0,1.0,0.0,0.0,1.0,0.0,0.0,0.0,0.0,0.0,0.0,0.0,0.354519,0.237431,0.272034
sub-0300303_ses-6_run-1_task-rest_bold_cleaned,300303,6,Awake,10.0,9.4,2500.0,1.0,0.0,0.0,1.0,0.0,0.0,1.0,0.0,0.0,0.0,0.0,0.0,0.0,0.0,0.295441,0.202495,0.274631
sub-0300303_ses-6_run-2_task-rest_bold_cleaned,300303,6,Awake,10.0,9.4,2500.0,1.0,0.0,0.0,1.0,0.0,0.0,1.0,0.0,0.0,0.0,0.0,0.0,0.0,0.0,0.260204,0.154442,0.274614
sub-0300303_ses-6_run-3_task-rest_bold_cleaned,300303,6,Awake,10.0,9.4,2500.0,1.0,0.0,0.0,1.0,0.0,0.0,1.0,0.0,0.0,0.0,0.0,0.0,0.0,0.0,0.356958,0.19854,0.327261
sub-0300303_ses-6_run-4_task-rest_bold_cleaned,300303,6,Awake,10.0,9.4,2500.0,1.0,0.0,0.0,1.0,0.0,0.0,1.0,0.0,0.0,0.0,0.0,0.0,0.0,0.0,0.299023,0.218981,0.281494
sub-0300304_ses-1_run-1_task-rest_bold_cleaned,300304,1,Awake,10.0,9.4,2500.0,1.0,0.0,0.0,1.0,0.0,0.0,1.0,0.0,0.0,0.0,0.0,0.0,0.0,0.0,0.34569,0.240832,0.323388
sub-0300304_ses-1_run-2_task-rest_bold_cleaned,300304,1,Awake,10.0,9.4,2500.0,1.0,0.0,0.0,1.0,0.0,0.0,1.0,0.0,0.0,0.0,0.0,0.0,0.0,0.0,0.408731,0.323015,0.381851
sub-0300304_ses-1_run-3_task-rest_bold_cleaned,300304,1,Awake,10.0,9.4,2500.0,1.0,0.0,0.0,1.0,0.0,0.0,1.0,0.0,0.0,0.0,0.0,0.0,0.0,0.0,0.361954,0.227433,0.445506
sub-0300304_ses-1_run-4_task-rest_bold_cleaned,300304,1,Awake,10.0,9.4,2500.0,1.0,0.0,0.0,1.0,0.0,0.0,1.0,0.0,0.0,0.0,0.0,0.0,0.0,0.0,0.358323,0.303903,0.71774
sub-0300304_ses-2_run-1_task-rest_bold_cleaned,300304,2,Awake,10.0,9.4,2500.0,1.0,0.0,0.0,1.0,0.0,0.0,1.0,0.0,0.0,0.0,0.0,0.0,0.0,0.0,0.351955,0.33254,0.377258
sub-0300304_ses-2_run-2_task-rest_bold_cleaned,300304,2,Awake,10.0,9.4,2500.0,1.0,0.0,0.0,1.0,0.0,0.0,1.0,0.0,0.0,0.0,0.0,0.0,0.0,0.0,0.325304,0.27625,0.296225
sub-0300304_ses-2_run-4_task-rest_bold_cleaned,300304,2,Awake,10.0,9.4,2500.0,1.0,0.0,0.0,1.0,0.0,0.0,1.0,0.0,0.0,0.0,0.0,0.0,0.0,0.0,0.216802,0.212093,0.310214
sub-0300304_ses-3_run-1_task-rest_bold_cleaned,300304,3,Awake,10.0,9.4,2500.0,1.0,0.0,0.0,1.0,0.0,0.0,1.0,0.0,0.0,0.0,0.0,0.0,0.0,0.0,0.273882,0.29319,0.334318
sub-0300304_ses-3_run-2_task-rest_bold_cleaned,300304,3,Awake,10.0,9.4,2500.0,1.0,0.0,0.0,1.0,0.0,0.0,1.0,0.0,0.0,0.0,0.0,0.0,0.0,0.0,0.332771,0.210807,0.2968
sub-0300304_ses-4_run-1_task-rest_bold_cleaned,300304,4,Awake,10.0,9.4,2500.0,1.0,0.0,0.0,1.0,0.0,0.0,1.0,0.0,0.0,0.0,0.0,0.0,0.0,0.0,0.307181,0.224538,0.387053
sub-0300304_ses-4_run-2_task-rest_bold_cleaned,300304,4,Awake,10.0,9.4,2500.0,1.0,0.0,0.0,1.0,0.0,0.0,1.0,0.0,0.0,0.0,0.0,0.0,0.0,0.0,0.463212,0.225877,0.346515
sub-0300304_ses-4_run-3_task-rest_bold_cleaned,300304,4,Awake,10.0,9.4,2500.0,1.0,0.0,0.0,1.0,0.0,0.0,1.0,0.0,0.0,0.0,0.0,0.0,0.0,0.0,0.408619,0.236818,0.350752
sub-0300304_ses-4_run-4_task-rest_bold_cleaned,300304,4,Awake,10.0,9.4,2500.0,1.0,0.0,0.0,1.0,0.0,0.0,1.0,0.0,0.0,0.0,0.0,0.0,0.0,0.0,0.449365,0.311923,0.382214
sub-0300304_ses-5_run-1_task-rest_bold_cleaned,300304,5,Awake,10.0,9.4,2500.0,1.0,0.0,0.0,1.0,0.0,0.0,1.0,0.0,0.0,0.0,0.0,0.0,0.0,0.0,0.246556,0.173077,0.249595
sub-0300304_ses-5_run-2_task-rest_bold_cleaned,300304,5,Awake,10.0,9.4,2500.0,1.0,0.0,0.0,1.0,0.0,0.0,1.0,0.0,0.0,0.0,0.0,0.0,0.0,0.0,0.394795,0.271898,0.392287
sub-0300304_ses-5_run-3_task-rest_bold_cleaned,300304,5,Awake,10.0,9.4,2500.0,1.0,0.0,0.0,1.0,0.0,0.0,1.0,0.0,0.0,0.0,0.0,0.0,0.0,0.0,0.301781,0.177733,0.378792
sub-0300304_ses-5_run-4_task-rest_bold_cleaned,300304,5,Awake,10.0,9.4,2500.0,1.0,0.0,0.0,1.0,0.0,0.0,1.0,0.0,0.0,0.0,0.0,0.0,0.0,0.0,0.384147,0.215641,0.30572
sub-0300304_ses-6_run-1_task-rest_bold_cleaned,300304,6,Awake,10.0,9.4,2500.0,1.0,0.0,0.0,1.0,0.0,0.0,1.0,0.0,0.0,0.0,0.0,0.0,0.0,0.0,0.32563,0.216291,0.509844
sub-0300304_ses-6_run-2_task-rest_bold_cleaned,300304,6,Awake,10.0,9.4,2500.0,1.0,0.0,0.0,1.0,0.0,0.0,1.0,0.0,0.0,0.0,0.0,0.0,0.0,0.0,0.278007,0.216179,0.49942
sub-0300304_ses-6_run-3_task-rest_bold_cleaned,300304,6,Awake,10.0,9.4,2500.0,1.0,0.0,0.0,1.0,0.0,0.0,1.0,0.0,0.0,0.0,0.0,0.0,0.0,0.0,0.396429,0.295745,0.453137
sub-0300305_ses-1_run-1_task-rest_bold_cleaned,300305,1,Awake,10.0,9.4,2500.0,1.0,0.0,0.0,1.0,0.0,0.0,1.0,0.0,0.0,0.0,0.0,0.0,0.0,0.0,0.245783,0.169053,0.26924
sub-0300305_ses-1_run-2_task-rest_bold_cleaned,300305,1,Awake,10.0,9.4,2500.0,1.0,0.0,0.0,1.0,0.0,0.0,1.0,0.0,0.0,0.0,0.0,0.0,0.0,0.0,0.373314,0.237902,0.358392
sub-0300305_ses-1_run-3_task-rest_bold_cleaned,300305,1,Awake,10.0,9.4,2500.0,1.0,0.0,0.0,1.0,0.0,0.0,1.0,0.0,0.0,0.0,0.0,0.0,0.0,0.0,0.269958,0.23541,0.464998
sub-0300305_ses-1_run-4_task-rest_bold_cleaned,300305,1,Awake,10.0,9.4,2500.0,1.0,0.0,0.0,1.0,0.0,0.0,1.0,0.0,0.0,0.0,0.0,0.0,0.0,0.0,0.296231,0.170743,0.304068
sub-0300305_ses-2_run-1_task-rest_bold_cleaned,300305,2,Awake,10.0,9.4,2500.0,1.0,0.0,0.0,1.0,0.0,0.0,1.0,0.0,0.0,0.0,0.0,0.0,0.0,0.0,0.271394,0.258185,0.36831
sub-0300305_ses-2_run-2_task-rest_bold_cleaned,300305,2,Awake,10.0,9.4,2500.0,1.0,0.0,0.0,1.0,0.0,0.0,1.0,0.0,0.0,0.0,0.0,0.0,0.0,0.0,0.31619,0.206984,0.315945
sub-0300305_ses-2_run-3_task-rest_bold_cleaned,300305,2,Awake,10.0,9.4,2500.0,1.0,0.0,0.0,1.0,0.0,0.0,1.0,0.0,0.0,0.0,0.0,0.0,0.0,0.0,0.32857,0.265719,0.413222
sub-0300305_ses-2_run-4_task-rest_bold_cleaned,300305,2,Awake,10.0,9.4,2500.0,1.0,0.0,0.0,1.0,0.0,0.0,1.0,0.0,0.0,0.0,0.0,0.0,0.0,0.0,0.313843,0.203075,0.37915
sub-0300305_ses-3_run-1_task-rest_bold_cleaned,300305,3,Awake,10.0,9.4,2500.0,1.0,0.0,0.0,1.0,0.0,0.0,1.0,0.0,0.0,0.0,0.0,0.0,0.0,0.0,0.260769,0.250227,0.352413
sub-0300305_ses-3_run-2_task-rest_bold_cleaned,300305,3,Awake,10.0,9.4,2500.0,1.0,0.0,0.0,1.0,0.0,0.0,1.0,0.0,0.0,0.0,0.0,0.0,0.0,0.0,0.273847,0.176351,0.367814
sub-0300305_ses-3_run-3_task-rest_bold_cleaned,300305,3,Awake,10.0,9.4,2500.0,1.0,0.0,0.0,1.0,0.0,0.0,1.0,0.0,0.0,0.0,0.0,0.0,0.0,0.0,0.275978,0.166953,0.336314
sub-0300305_ses-3_run-4_task-rest_bold_cleaned,300305,3,Awake,10.0,9.4,2500.0,1.0,0.0,0.0,1.0,0.0,0.0,1.0,0.0,0.0,0.0,0.0,0.0,0.0,0.0,0.295544,0.222689,0.342504
sub-0300305_ses-4_run-1_task-rest_bold_cleaned,300305,4,Awake,10.0,9.4,2500.0,1.0,0.0,0.0,1.0,0.0,0.0,1.0,0.0,0.0,0.0,0.0,0.0,0.0,0.0,0.388607,0.280532,0.410265
sub-0300305_ses-4_run-2_task-rest_bold_cleaned,300305,4,Awake,10.0,9.4,2500.0,1.0,0.0,0.0,1.0,0.0,0.0,1.0,0.0,0.0,0.0,0.0,0.0,0.0,0.0,0.384664,0.246976,0.402264
sub-0300305_ses-4_run-3_task-rest_bold_cleaned,300305,4,Awake,10.0,9.4,2500.0,1.0,0.0,0.0,1.0,0.0,0.0,1.0,0.0,0.0,0.0,0.0,0.0,0.0,0.0,0.404812,0.271394,0.379098
sub-0300305_ses-4_run-4_task-rest_bold_cleaned,300305,4,Awake,10.0,9.4,2500.0,1.0,0.0,0.0,1.0,0.0,0.0,1.0,0.0,0.0,0.0,0.0,0.0,0.0,0.0,0.385553,0.279531,0.346118
sub-0300305_ses-5_run-1_task-rest_bold_cleaned,300305,5,Awake,10.0,9.4,2500.0,1.0,0.0,0.0,1.0,0.0,0.0,1.0,0.0,0.0,0.0,0.0,0.0,0.0,0.0,0.340542,0.232898,0.389018
sub-0300305_ses-5_run-2_task-rest_bold_cleaned,300305,5,Awake,10.0,9.4,2500.0,1.0,0.0,0.0,1.0,0.0,0.0,1.0,0.0,0.0,0.0,0.0,0.0,0.0,0.0,0.299138,0.228886,0.442285
sub-0300305_ses-5_run-3_task-rest_bold_cleaned,300305,5,Awake,10.0,9.4,2500.0,1.0,0.0,0.0,1.0,0.0,0.0,1.0,0.0,0.0,0.0,0.0,0.0,0.0,0.0,0.346123,0.244188,0.388974
sub-0300305_ses-5_run-4_task-rest_bold_cleaned,300305,5,Awake,10.0,9.4,2500.0,1.0,0.0,0.0,1.0,0.0,0.0,1.0,0.0,0.0,0.0,0.0,0.0,0.0,0.0,0.448489,0.262441,0.491488
sub-0300305_ses-6_run-1_task-rest_bold_cleaned,300305,6,Awake,10.0,9.4,2500.0,1.0,0.0,0.0,1.0,0.0,0.0,1.0,0.0,0.0,0.0,0.0,0.0,0.0,0.0,0.355167,0.229939,0.425209
sub-0300305_ses-6_run-3_task-rest_bold_cleaned,300305,6,Awake,10.0,9.4,2500.0,1.0,0.0,0.0,1.0,0.0,0.0,1.0,0.0,0.0,0.0,0.0,0.0,0.0,0.0,0.458308,0.300914,0.406283
sub-0300305_ses-6_run-4_task-rest_bold_cleaned,300305,6,Awake,10.0,9.4,2500.0,1.0,0.0,0.0,1.0,0.0,0.0,1.0,0.0,0.0,0.0,0.0,0.0,0.0,0.0,0.391789,0.328104,0.493951
sub-0300306_ses-1_run-1_task-rest_bold_cleaned,300306,1,Awake,10.0,9.4,2500.0,1.0,0.0,0.0,1.0,0.0,0.0,1.0,0.0,0.0,0.0,0.0,0.0,0.0,0.0,0.301309,0.172477,0.31009
sub-0300306_ses-1_run-2_task-rest_bold_cleaned,300306,1,Awake,10.0,9.4,2500.0,1.0,0.0,0.0,1.0,0.0,0.0,1.0,0.0,0.0,0.0,0.0,0.0,0.0,0.0,0.280559,0.191754,0.329701
sub-0300306_ses-1_run-3_task-rest_bold_cleaned,300306,1,Awake,10.0,9.4,2500.0,1.0,0.0,0.0,1.0,0.0,0.0,1.0,0.0,0.0,0.0,0.0,0.0,0.0,0.0,0.339992,0.288023,0.532666
sub-0300306_ses-1_run-4_task-rest_bold_cleaned,300306,1,Awake,10.0,9.4,2500.0,1.0,0.0,0.0,1.0,0.0,0.0,1.0,0.0,0.0,0.0,0.0,0.0,0.0,0.0,0.282001,0.281596,0.403048
sub-0300306_ses-2_run-1_task-rest_bold_cleaned,300306,2,Awake,10.0,9.4,2500.0,1.0,0.0,0.0,1.0,0.0,0.0,1.0,0.0,0.0,0.0,0.0,0.0,0.0,0.0,0.286108,0.366901,0.333456
sub-0300306_ses-2_run-2_task-rest_bold_cleaned,300306,2,Awake,10.0,9.4,2500.0,1.0,0.0,0.0,1.0,0.0,0.0,1.0,0.0,0.0,0.0,0.0,0.0,0.0,0.0,0.39293,0.261228,0.441183
sub-0300306_ses-2_run-3_task-rest_bold_cleaned,300306,2,Awake,10.0,9.4,2500.0,1.0,0.0,0.0,1.0,0.0,0.0,1.0,0.0,0.0,0.0,0.0,0.0,0.0,0.0,0.443031,0.377709,0.526718
sub-0300306_ses-2_run-4_task-rest_bold_cleaned,300306,2,Awake,10.0,9.4,2500.0,1.0,0.0,0.0,1.0,0.0,0.0,1.0,0.0,0.0,0.0,0.0,0.0,0.0,0.0,0.462601,0.327522,0.398018
sub-0300306_ses-3_run-1_task-rest_bold_cleaned,300306,3,Awake,10.0,9.4,2500.0,1.0,0.0,0.0,1.0,0.0,0.0,1.0,0.0,0.0,0.0,0.0,0.0,0.0,0.0,0.254912,0.189004,0.324678
sub-0300306_ses-3_run-2_task-rest_bold_cleaned,300306,3,Awake,10.0,9.4,2500.0,1.0,0.0,0.0,1.0,0.0,0.0,1.0,0.0,0.0,0.0,0.0,0.0,0.0,0.0,0.352317,0.250837,0.302921
sub-0300306_ses-3_run-3_task-rest_bold_cleaned,300306,3,Awake,10.0,9.4,2500.0,1.0,0.0,0.0,1.0,0.0,0.0,1.0,0.0,0.0,0.0,0.0,0.0,0.0,0.0,0.397821,0.230511,0.327762
sub-0300306_ses-3_run-4_task-rest_bold_cleaned,300306,3,Awake,10.0,9.4,2500.0,1.0,0.0,0.0,1.0,0.0,0.0,1.0,0.0,0.0,0.0,0.0,0.0,0.0,0.0,0.376358,0.317211,0.329446
sub-0300306_ses-4_run-1_task-rest_bold_cleaned,300306,4,Awake,10.0,9.4,2500.0,1.0,0.0,0.0,1.0,0.0,0.0,1.0,0.0,0.0,0.0,0.0,0.0,0.0,0.0,0.275018,0.250268,0.305161
sub-0300306_ses-4_run-2_task-rest_bold_cleaned,300306,4,Awake,10.0,9.4,2500.0,1.0,0.0,0.0,1.0,0.0,0.0,1.0,0.0,0.0,0.0,0.0,0.0,0.0,0.0,0.498403,0.223667,0.379222
sub-0300306_ses-4_run-3_task-rest_bold_cleaned,300306,4,Awake,10.0,9.4,2500.0,1.0,0.0,0.0,1.0,0.0,0.0,1.0,0.0,0.0,0.0,0.0,0.0,0.0,0.0,0.476337,0.416732,0.643819
sub-0300306_ses-5_run-1_task-rest_bold_cleaned,300306,5,Awake,10.0,9.4,2500.0,1.0,0.0,0.0,1.0,0.0,0.0,1.0,0.0,0.0,0.0,0.0,0.0,0.0,0.0,0.349777,0.181918,0.290008
sub-0300306_ses-5_run-2_task-rest_bold_cleaned,300306,5,Awake,10.0,9.4,2500.0,1.0,0.0,0.0,1.0,0.0,0.0,1.0,0.0,0.0,0.0,0.0,0.0,0.0,0.0,0.360959,0.152652,0.361368
sub-0300306_ses-5_run-3_task-rest_bold_cleaned,300306,5,Awake,10.0,9.4,2500.0,1.0,0.0,0.0,1.0,0.0,0.0,1.0,0.0,0.0,0.0,0.0,0.0,0.0,0.0,0.566158,0.381841,0.34629
sub-0300306_ses-5_run-4_task-rest_bold_cleaned,300306,5,Awake,10.0,9.4,2500.0,1.0,0.0,0.0,1.0,0.0,0.0,1.0,0.0,0.0,0.0,0.0,0.0,0.0,0.0,0.753387,0.184519,0.328549
sub-0300306_ses-6_run-1_task-rest_bold_cleaned,300306,6,Awake,10.0,9.4,2500.0,1.0,0.0,0.0,1.0,0.0,0.0,1.0,0.0,0.0,0.0,0.0,0.0,0.0,0.0,0.434143,0.344572,0.37833
sub-0300306_ses-6_run-3_task-rest_bold_cleaned,300306,6,Awake,10.0,9.4,2500.0,1.0,0.0,0.0,1.0,0.0,0.0,1.0,0.0,0.0,0.0,0.0,0.0,0.0,0.0,0.488375,0.358211,0.552042
sub-0300306_ses-6_run-4_task-rest_bold_cleaned,300306,6,Awake,10.0,9.4,2500.0,1.0,0.0,0.0,1.0,0.0,0.0,1.0,0.0,0.0,0.0,0.0,0.0,0.0,0.0,0.346108,0.406698,0.584323
sub-0300306_ses-7_run-1_task-rest_bold_cleaned,300306,7,Awake,10.0,9.4,2500.0,1.0,0.0,0.0,1.0,0.0,0.0,1.0,0.0,0.0,0.0,0.0,0.0,0.0,0.0,0.513862,0.256226,0.340223
sub-0300306_ses-7_run-2_task-rest_bold_cleaned,300306,7,Awake,10.0,9.4,2500.0,1.0,0.0,0.0,1.0,0.0,0.0,1.0,0.0,0.0,0.0,0.0,0.0,0.0,0.0,0.521148,0.3352,0.327624
sub-0300306_ses-7_run-4_task-rest_bold_cleaned,300306,7,Awake,10.0,9.4,2500.0,1.0,0.0,0.0,1.0,0.0,0.0,1.0,0.0,0.0,0.0,0.0,0.0,0.0,0.0,0.397131,0.268251,0.547774
sub-0300307_ses-1_run-1_task-rest_bold_cleaned,300307,1,Awake,10.0,9.4,2500.0,1.0,0.0,0.0,1.0,0.0,0.0,1.0,0.0,0.0,0.0,0.0,0.0,0.0,0.0,0.300692,0.204572,0.511509
sub-0300307_ses-1_run-2_task-rest_bold_cleaned,300307,1,Awake,10.0,9.4,2500.0,1.0,0.0,0.0,1.0,0.0,0.0,1.0,0.0,0.0,0.0,0.0,0.0,0.0,0.0,0.375231,0.278371,0.386861
sub-0300307_ses-1_run-3_task-rest_bold_cleaned,300307,1,Awake,10.0,9.4,2500.0,1.0,0.0,0.0,1.0,0.0,0.0,1.0,0.0,0.0,0.0,0.0,0.0,0.0,0.0,0.351495,0.24535,0.453772
sub-0300307_ses-1_run-4_task-rest_bold_cleaned,300307,1,Awake,10.0,9.4,2500.0,1.0,0.0,0.0,1.0,0.0,0.0,1.0,0.0,0.0,0.0,0.0,0.0,0.0,0.0,0.334739,0.189969,0.440758
sub-0300307_ses-2_run-1_task-rest_bold_cleaned,300307,2,Awake,10.0,9.4,2500.0,1.0,0.0,0.0,1.0,0.0,0.0,1.0,0.0,0.0,0.0,0.0,0.0,0.0,0.0,0.318219,0.273368,0.295214
sub-0300307_ses-2_run-2_task-rest_bold_cleaned,300307,2,Awake,10.0,9.4,2500.0,1.0,0.0,0.0,1.0,0.0,0.0,1.0,0.0,0.0,0.0,0.0,0.0,0.0,0.0,0.37506,0.269158,0.407432
sub-0300307_ses-2_run-3_task-rest_bold_cleaned,300307,2,Awake,10.0,9.4,2500.0,1.0,0.0,0.0,1.0,0.0,0.0,1.0,0.0,0.0,0.0,0.0,0.0,0.0,0.0,0.484515,0.283312,0.450322
sub-0300307_ses-2_run-4_task-rest_bold_cleaned,300307,2,Awake,10.0,9.4,2500.0,1.0,0.0,0.0,1.0,0.0,0.0,1.0,0.0,0.0,0.0,0.0,0.0,0.0,0.0,0.362129,0.226743,0.474963
sub-0300307_ses-3_run-1_task-rest_bold_cleaned,300307,3,Awake,10.0,9.4,2500.0,1.0,0.0,0.0,1.0,0.0,0.0,1.0,0.0,0.0,0.0,0.0,0.0,0.0,0.0,0.276163,0.207334,0.36295
sub-0300307_ses-3_run-2_task-rest_bold_cleaned,300307,3,Awake,10.0,9.4,2500.0,1.0,0.0,0.0,1.0,0.0,0.0,1.0,0.0,0.0,0.0,0.0,0.0,0.0,0.0,0.385784,0.254544,0.365977
sub-0300307_ses-3_run-3_task-rest_bold_cleaned,300307,3,Awake,10.0,9.4,2500.0,1.0,0.0,0.0,1.0,0.0,0.0,1.0,0.0,0.0,0.0,0.0,0.0,0.0,0.0,0.340743,0.246614,0.374488
sub-0300307_ses-3_run-4_task-rest_bold_cleaned,300307,3,Awake,10.0,9.4,2500.0,1.0,0.0,0.0,1.0,0.0,0.0,1.0,0.0,0.0,0.0,0.0,0.0,0.0,0.0,0.364983,0.231563,0.329965
sub-0300307_ses-4_run-1_task-rest_bold_cleaned,300307,4,Awake,10.0,9.4,2500.0,1.0,0.0,0.0,1.0,0.0,0.0,1.0,0.0,0.0,0.0,0.0,0.0,0.0,0.0,0.358954,0.256535,0.300716
sub-0300307_ses-4_run-2_task-rest_bold_cleaned,300307,4,Awake,10.0,9.4,2500.0,1.0,0.0,0.0,1.0,0.0,0.0,1.0,0.0,0.0,0.0,0.0,0.0,0.0,0.0,0.321016,0.293276,0.396542
sub-0300307_ses-4_run-4_task-rest_bold_cleaned,300307,4,Awake,10.0,9.4,2500.0,1.0,0.0,0.0,1.0,0.0,0.0,1.0,0.0,0.0,0.0,0.0,0.0,0.0,0.0,0.493184,0.285576,0.313272
sub-0300308_ses-1_run-1_task-rest_bold_cleaned,300308,1,Awake,10.0,9.4,2500.0,1.0,0.0,0.0,1.0,0.0,0.0,1.0,0.0,0.0,0.0,0.0,0.0,0.0,0.0,0.3305,0.188313,0.320287
sub-0300308_ses-1_run-2_task-rest_bold_cleaned,300308,1,Awake,10.0,9.4,2500.0,1.0,0.0,0.0,1.0,0.0,0.0,1.0,0.0,0.0,0.0,0.0,0.0,0.0,0.0,0.257059,0.218215,0.290997
sub-0300308_ses-1_run-3_task-rest_bold_cleaned,300308,1,Awake,10.0,9.4,2500.0,1.0,0.0,0.0,1.0,0.0,0.0,1.0,0.0,0.0,0.0,0.0,0.0,0.0,0.0,0.330049,0.199451,0.307233
sub-0300308_ses-1_run-4_task-rest_bold_cleaned,300308,1,Awake,10.0,9.4,2500.0,1.0,0.0,0.0,1.0,0.0,0.0,1.0,0.0,0.0,0.0,0.0,0.0,0.0,0.0,0.235443,0.247448,0.342328
sub-0300308_ses-2_run-1_task-rest_bold_cleaned,300308,2,Awake,10.0,9.4,2500.0,1.0,0.0,0.0,1.0,0.0,0.0,1.0,0.0,0.0,0.0,0.0,0.0,0.0,0.0,0.31659,0.195937,0.350401
sub-0300308_ses-2_run-2_task-rest_bold_cleaned,300308,2,Awake,10.0,9.4,2500.0,1.0,0.0,0.0,1.0,0.0,0.0,1.0,0.0,0.0,0.0,0.0,0.0,0.0,0.0,0.302709,0.22783,0.438516
sub-0300308_ses-2_run-3_task-rest_bold_cleaned,300308,2,Awake,10.0,9.4,2500.0,1.0,0.0,0.0,1.0,0.0,0.0,1.0,0.0,0.0,0.0,0.0,0.0,0.0,0.0,0.287323,0.213805,0.322592
sub-0300308_ses-2_run-4_task-rest_bold_cleaned,300308,2,Awake,10.0,9.4,2500.0,1.0,0.0,0.0,1.0,0.0,0.0,1.0,0.0,0.0,0.0,0.0,0.0,0.0,0.0,0.394496,0.268732,0.40403
sub-0300308_ses-3_run-1_task-rest_bold_cleaned,300308,3,Awake,10.0,9.4,2500.0,1.0,0.0,0.0,1.0,0.0,0.0,1.0,0.0,0.0,0.0,0.0,0.0,0.0,0.0,0.259448,0.246199,0.250336
sub-0300308_ses-3_run-2_task-rest_bold_cleaned,300308,3,Awake,10.0,9.4,2500.0,1.0,0.0,0.0,1.0,0.0,0.0,1.0,0.0,0.0,0.0,0.0,0.0,0.0,0.0,0.460328,0.250468,0.38885
sub-0300308_ses-3_run-3_task-rest_bold_cleaned,300308,3,Awake,10.0,9.4,2500.0,1.0,0.0,0.0,1.0,0.0,0.0,1.0,0.0,0.0,0.0,0.0,0.0,0.0,0.0,0.324721,0.313017,0.416272
sub-0300308_ses-3_run-4_task-rest_bold_cleaned,300308,3,Awake,10.0,9.4,2500.0,1.0,0.0,0.0,1.0,0.0,0.0,1.0,0.0,0.0,0.0,0.0,0.0,0.0,0.0,0.355756,0.24317,0.440441
sub-0300308_ses-4_run-1_task-rest_bold_cleaned,300308,4,Awake,10.0,9.4,2500.0,1.0,0.0,0.0,1.0,0.0,0.0,1.0,0.0,0.0,0.0,0.0,0.0,0.0,0.0,0.340296,0.248008,0.361001
sub-0300308_ses-4_run-2_task-rest_bold_cleaned,300308,4,Awake,10.0,9.4,2500.0,1.0,0.0,0.0,1.0,0.0,0.0,1.0,0.0,0.0,0.0,0.0,0.0,0.0,0.0,0.479714,0.249102,0.484953
sub-0300308_ses-4_run-3_task-rest_bold_cleaned,300308,4,Awake,10.0,9.4,2500.0,1.0,0.0,0.0,1.0,0.0,0.0,1.0,0.0,0.0,0.0,0.0,0.0,0.0,0.0,0.460115,0.237152,0.36843
sub-0300308_ses-4_run-4_task-rest_bold_cleaned,300308,4,Awake,10.0,9.4,2500.0,1.0,0.0,0.0,1.0,0.0,0.0,1.0,0.0,0.0,0.0,0.0,0.0,0.0,0.0,0.346803,0.24717,0.325078
sub-0300308_ses-5_run-1_task-rest_bold_cleaned,300308,5,Awake,10.0,9.4,2500.0,1.0,0.0,0.0,1.0,0.0,0.0,1.0,0.0,0.0,0.0,0.0,0.0,0.0,0.0,0.358041,0.181141,0.329646
sub-0300308_ses-5_run-2_task-rest_bold_cleaned,300308,5,Awake,10.0,9.4,2500.0,1.0,0.0,0.0,1.0,0.0,0.0,1.0,0.0,0.0,0.0,0.0,0.0,0.0,0.0,0.585261,0.234211,0.294786
sub-0300308_ses-5_run-3_task-rest_bold_cleaned,300308,5,Awake,10.0,9.4,2500.0,1.0,0.0,0.0,1.0,0.0,0.0,1.0,0.0,0.0,0.0,0.0,0.0,0.0,0.0,0.339016,0.199078,0.36309
sub-0300308_ses-5_run-4_task-rest_bold_cleaned,300308,5,Awake,10.0,9.4,2500.0,1.0,0.0,0.0,1.0,0.0,0.0,1.0,0.0,0.0,0.0,0.0,0.0,0.0,0.0,0.483202,0.226725,0.308384
sub-0300308_ses-6_run-1_task-rest_bold_cleaned,300308,6,Awake,10.0,9.4,2500.0,1.0,0.0,0.0,1.0,0.0,0.0,1.0,0.0,0.0,0.0,0.0,0.0,0.0,0.0,0.244419,0.21538,0.31467
sub-0300308_ses-6_run-2_task-rest_bold_cleaned,300308,6,Awake,10.0,9.4,2500.0,1.0,0.0,0.0,1.0,0.0,0.0,1.0,0.0,0.0,0.0,0.0,0.0,0.0,0.0,0.386486,0.309258,0.35736
sub-0300308_ses-6_run-3_task-rest_bold_cleaned,300308,6,Awake,10.0,9.4,2500.0,1.0,0.0,0.0,1.0,0.0,0.0,1.0,0.0,0.0,0.0,0.0,0.0,0.0,0.0,0.263288,0.255461,0.374716
sub-0300308_ses-6_run-4_task-rest_bold_cleaned,300308,6,Awake,10.0,9.4,2500.0,1.0,0.0,0.0,1.0,0.0,0.0,1.0,0.0,0.0,0.0,0.0,0.0,0.0,0.0,0.639486,0.333539,0.378197
sub-0300308_ses-7_run-1_task-rest_bold_cleaned,300308,7,Awake,10.0,9.4,2500.0,1.0,0.0,0.0,1.0,0.0,0.0,1.0,0.0,0.0,0.0,0.0,0.0,0.0,0.0,0.315556,0.185309,0.272897
sub-0300308_ses-7_run-2_task-rest_bold_cleaned,300308,7,Awake,10.0,9.4,2500.0,1.0,0.0,0.0,1.0,0.0,0.0,1.0,0.0,0.0,0.0,0.0,0.0,0.0,0.0,0.325277,0.239618,0.504853
sub-0300308_ses-7_run-3_task-rest_bold_cleaned,300308,7,Awake,10.0,9.4,2500.0,1.0,0.0,0.0,1.0,0.0,0.0,1.0,0.0,0.0,0.0,0.0,0.0,0.0,0.0,0.392562,0.250344,0.332166
sub-0300308_ses-7_run-4_task-rest_bold_cleaned,300308,7,Awake,10.0,9.4,2500.0,1.0,0.0,0.0,1.0,0.0,0.0,1.0,0.0,0.0,0.0,0.0,0.0,0.0,0.0,0.431277,0.285111,0.51506
sub-0300309_ses-1_run-1_task-rest_bold_cleaned,300309,1,Awake,10.0,9.4,2500.0,1.0,0.0,0.0,1.0,0.0,0.0,1.0,0.0,0.0,0.0,0.0,0.0,0.0,0.0,0.333808,0.20661,0.285119
sub-0300309_ses-1_run-2_task-rest_bold_cleaned,300309,1,Awake,10.0,9.4,2500.0,1.0,0.0,0.0,1.0,0.0,0.0,1.0,0.0,0.0,0.0,0.0,0.0,0.0,0.0,0.264186,0.217112,0.312425
sub-0300309_ses-1_run-3_task-rest_bold_cleaned,300309,1,Awake,10.0,9.4,2500.0,1.0,0.0,0.0,1.0,0.0,0.0,1.0,0.0,0.0,0.0,0.0,0.0,0.0,0.0,0.266896,0.229129,0.358012
sub-0300309_ses-1_run-4_task-rest_bold_cleaned,300309,1,Awake,10.0,9.4,2500.0,1.0,0.0,0.0,1.0,0.0,0.0,1.0,0.0,0.0,0.0,0.0,0.0,0.0,0.0,0.397763,0.244623,0.358309
sub-0300309_ses-2_run-1_task-rest_bold_cleaned,300309,2,Awake,10.0,9.4,2500.0,1.0,0.0,0.0,1.0,0.0,0.0,1.0,0.0,0.0,0.0,0.0,0.0,0.0,0.0,0.31969,0.247691,0.401778
sub-0300309_ses-2_run-2_task-rest_bold_cleaned,300309,2,Awake,10.0,9.4,2500.0,1.0,0.0,0.0,1.0,0.0,0.0,1.0,0.0,0.0,0.0,0.0,0.0,0.0,0.0,0.380672,0.295632,0.433571
sub-0300309_ses-2_run-3_task-rest_bold_cleaned,300309,2,Awake,10.0,9.4,2500.0,1.0,0.0,0.0,1.0,0.0,0.0,1.0,0.0,0.0,0.0,0.0,0.0,0.0,0.0,0.359327,0.171967,0.32369
sub-0300309_ses-2_run-4_task-rest_bold_cleaned,300309,2,Awake,10.0,9.4,2500.0,1.0,0.0,0.0,1.0,0.0,0.0,1.0,0.0,0.0,0.0,0.0,0.0,0.0,0.0,0.353749,0.23789,0.472188
sub-0300309_ses-3_run-1_task-rest_bold_cleaned,300309,3,Awake,10.0,9.4,2500.0,1.0,0.0,0.0,1.0,0.0,0.0,1.0,0.0,0.0,0.0,0.0,0.0,0.0,0.0,0.352292,0.192604,0.383213
sub-0300309_ses-3_run-2_task-rest_bold_cleaned,300309,3,Awake,10.0,9.4,2500.0,1.0,0.0,0.0,1.0,0.0,0.0,1.0,0.0,0.0,0.0,0.0,0.0,0.0,0.0,0.472552,0.366076,0.416016
sub-0300309_ses-3_run-3_task-rest_bold_cleaned,300309,3,Awake,10.0,9.4,2500.0,1.0,0.0,0.0,1.0,0.0,0.0,1.0,0.0,0.0,0.0,0.0,0.0,0.0,0.0,0.303566,0.251929,0.375493
sub-0300309_ses-3_run-4_task-rest_bold_cleaned,300309,3,Awake,10.0,9.4,2500.0,1.0,0.0,0.0,1.0,0.0,0.0,1.0,0.0,0.0,0.0,0.0,0.0,0.0,0.0,0.587366,0.282273,0.450918
sub-0300309_ses-4_run-1_task-rest_bold_cleaned,300309,4,Awake,10.0,9.4,2500.0,1.0,0.0,0.0,1.0,0.0,0.0,1.0,0.0,0.0,0.0,0.0,0.0,0.0,0.0,0.381296,0.293482,0.712472
sub-0300309_ses-4_run-2_task-rest_bold_cleaned,300309,4,Awake,10.0,9.4,2500.0,1.0,0.0,0.0,1.0,0.0,0.0,1.0,0.0,0.0,0.0,0.0,0.0,0.0,0.0,0.639358,0.323522,0.654223
sub-0300309_ses-4_run-4_task-rest_bold_cleaned,300309,4,Awake,10.0,9.4,2500.0,1.0,0.0,0.0,1.0,0.0,0.0,1.0,0.0,0.0,0.0,0.0,0.0,0.0,0.0,0.411533,0.315588,0.458803
sub-0300309_ses-5_run-1_task-rest_bold_cleaned,300309,5,Awake,10.0,9.4,2500.0,1.0,0.0,0.0,1.0,0.0,0.0,1.0,0.0,0.0,0.0,0.0,0.0,0.0,0.0,0.551428,0.263618,0.531553
sub-0300309_ses-5_run-2_task-rest_bold_cleaned,300309,5,Awake,10.0,9.4,2500.0,1.0,0.0,0.0,1.0,0.0,0.0,1.0,0.0,0.0,0.0,0.0,0.0,0.0,0.0,0.501598,0.323512,0.467382
sub-0300309_ses-5_run-3_task-rest_bold_cleaned,300309,5,Awake,10.0,9.4,2500.0,1.0,0.0,0.0,1.0,0.0,0.0,1.0,0.0,0.0,0.0,0.0,0.0,0.0,0.0,0.455716,0.24402,0.438447
sub-0300309_ses-6_run-1_task-rest_bold_cleaned,300309,6,Awake,10.0,9.4,2500.0,1.0,0.0,0.0,1.0,0.0,0.0,1.0,0.0,0.0,0.0,0.0,0.0,0.0,0.0,0.310076,0.207097,0.331664
sub-0300309_ses-6_run-2_task-rest_bold_cleaned,300309,6,Awake,10.0,9.4,2500.0,1.0,0.0,0.0,1.0,0.0,0.0,1.0,0.0,0.0,0.0,0.0,0.0,0.0,0.0,0.357976,0.367048,0.356068
sub-0300309_ses-6_run-3_task-rest_bold_cleaned,300309,6,Awake,10.0,9.4,2500.0,1.0,0.0,0.0,1.0,0.0,0.0,1.0,0.0,0.0,0.0,0.0,0.0,0.0,0.0,0.304766,0.223923,0.362864
sub-0300309_ses-6_run-4_task-rest_bold_cleaned,300309,6,Awake,10.0,9.4,2500.0,1.0,0.0,0.0,1.0,0.0,0.0,1.0,0.0,0.0,0.0,0.0,0.0,0.0,0.0,0.39438,0.326519,0.391123
sub-0300310_ses-1_run-1_task-rest_bold_cleaned,300310,1,Awake,10.0,9.4,2500.0,1.0,0.0,0.0,1.0,0.0,0.0,1.0,0.0,0.0,0.0,0.0,0.0,0.0,0.0,0.29495,0.253281,0.272198
sub-0300310_ses-1_run-2_task-rest_bold_cleaned,300310,1,Awake,10.0,9.4,2500.0,1.0,0.0,0.0,1.0,0.0,0.0,1.0,0.0,0.0,0.0,0.0,0.0,0.0,0.0,0.439497,0.511324,0.835334
sub-0300310_ses-1_run-3_task-rest_bold_cleaned,300310,1,Awake,10.0,9.4,2500.0,1.0,0.0,0.0,1.0,0.0,0.0,1.0,0.0,0.0,0.0,0.0,0.0,0.0,0.0,0.345197,0.283283,0.319106
sub-0300310_ses-1_run-4_task-rest_bold_cleaned,300310,1,Awake,10.0,9.4,2500.0,1.0,0.0,0.0,1.0,0.0,0.0,1.0,0.0,0.0,0.0,0.0,0.0,0.0,0.0,0.350897,0.26944,0.318673
sub-0300310_ses-2_run-1_task-rest_bold_cleaned,300310,2,Awake,10.0,9.4,2500.0,1.0,0.0,0.0,1.0,0.0,0.0,1.0,0.0,0.0,0.0,0.0,0.0,0.0,0.0,0.260439,0.169438,0.280021
sub-0300310_ses-2_run-2_task-rest_bold_cleaned,300310,2,Awake,10.0,9.4,2500.0,1.0,0.0,0.0,1.0,0.0,0.0,1.0,0.0,0.0,0.0,0.0,0.0,0.0,0.0,0.270001,0.223007,0.309238
sub-0300310_ses-2_run-3_task-rest_bold_cleaned,300310,2,Awake,10.0,9.4,2500.0,1.0,0.0,0.0,1.0,0.0,0.0,1.0,0.0,0.0,0.0,0.0,0.0,0.0,0.0,0.244396,0.1429,0.389109
sub-0300310_ses-2_run-4_task-rest_bold_cleaned,300310,2,Awake,10.0,9.4,2500.0,1.0,0.0,0.0,1.0,0.0,0.0,1.0,0.0,0.0,0.0,0.0,0.0,0.0,0.0,0.328887,0.179669,0.374436
sub-0300310_ses-3_run-1_task-rest_bold_cleaned,300310,3,Awake,10.0,9.4,2500.0,1.0,0.0,0.0,1.0,0.0,0.0,1.0,0.0,0.0,0.0,0.0,0.0,0.0,0.0,0.326654,0.260154,0.292395
sub-0300310_ses-3_run-2_task-rest_bold_cleaned,300310,3,Awake,10.0,9.4,2500.0,1.0,0.0,0.0,1.0,0.0,0.0,1.0,0.0,0.0,0.0,0.0,0.0,0.0,0.0,0.317024,0.20769,0.261062
sub-0300310_ses-3_run-3_task-rest_bold_cleaned,300310,3,Awake,10.0,9.4,2500.0,1.0,0.0,0.0,1.0,0.0,0.0,1.0,0.0,0.0,0.0,0.0,0.0,0.0,0.0,0.447661,0.31109,0.294271
sub-0300310_ses-3_run-4_task-rest_bold_cleaned,300310,3,Awake,10.0,9.4,2500.0,1.0,0.0,0.0,1.0,0.0,0.0,1.0,0.0,0.0,0.0,0.0,0.0,0.0,0.0,0.283958,0.258006,0.252271
sub-0300310_ses-4_run-1_task-rest_bold_cleaned,300310,4,Awake,10.0,9.4,2500.0,1.0,0.0,0.0,1.0,0.0,0.0,1.0,0.0,0.0,0.0,0.0,0.0,0.0,0.0,0.260017,0.187534,0.290042
sub-0300310_ses-4_run-2_task-rest_bold_cleaned,300310,4,Awake,10.0,9.4,2500.0,1.0,0.0,0.0,1.0,0.0,0.0,1.0,0.0,0.0,0.0,0.0,0.0,0.0,0.0,0.300851,0.221546,0.350476
sub-0300310_ses-4_run-3_task-rest_bold_cleaned,300310,4,Awake,10.0,9.4,2500.0,1.0,0.0,0.0,1.0,0.0,0.0,1.0,0.0,0.0,0.0,0.0,0.0,0.0,0.0,0.403102,0.25856,0.41755
sub-0300310_ses-4_run-4_task-rest_bold_cleaned,300310,4,Awake,10.0,9.4,2500.0,1.0,0.0,0.0,1.0,0.0,0.0,1.0,0.0,0.0,0.0,0.0,0.0,0.0,0.0,0.488937,0.267735,0.361757
sub-0300310_ses-5_run-1_task-rest_bold_cleaned,300310,5,Awake,10.0,9.4,2500.0,1.0,0.0,0.0,1.0,0.0,0.0,1.0,0.0,0.0,0.0,0.0,0.0,0.0,0.0,0.235282,0.182294,0.239387
sub-0300310_ses-6_run-1_task-rest_bold_cleaned,300310,6,Awake,10.0,9.4,2500.0,1.0,0.0,0.0,1.0,0.0,0.0,1.0,0.0,0.0,0.0,0.0,0.0,0.0,0.0,0.308537,0.191183,0.258937
sub-0300310_ses-6_run-2_task-rest_bold_cleaned,300310,6,Awake,10.0,9.4,2500.0,1.0,0.0,0.0,1.0,0.0,0.0,1.0,0.0,0.0,0.0,0.0,0.0,0.0,0.0,0.365095,0.239354,0.340508
sub-0300310_ses-6_run-3_task-rest_bold_cleaned,300310,6,Awake,10.0,9.4,2500.0,1.0,0.0,0.0,1.0,0.0,0.0,1.0,0.0,0.0,0.0,0.0,0.0,0.0,0.0,0.401114,0.247372,0.367638
sub-0300310_ses-6_run-4_task-rest_bold_cleaned,300310,6,Awake,10.0,9.4,2500.0,1.0,0.0,0.0,1.0,0.0,0.0,1.0,0.0,0.0,0.0,0.0,0.0,0.0,0.0,0.368087,0.246725,0.339132
sub-0300311_ses-1_run-2_task-rest_bold_cleaned,300311,1,Awake,10.0,9.4,2500.0,1.0,0.0,0.0,1.0,0.0,0.0,1.0,0.0,0.0,0.0,0.0,0.0,0.0,0.0,0.337385,0.165742,0.440548
sub-0300311_ses-1_run-4_task-rest_bold_cleaned,300311,1,Awake,10.0,9.4,2500.0,1.0,0.0,0.0,1.0,0.0,0.0,1.0,0.0,0.0,0.0,0.0,0.0,0.0,0.0,0.312932,0.282506,0.452576
sub-0300311_ses-2_run-1_task-rest_bold_cleaned,300311,2,Awake,10.0,9.4,2500.0,1.0,0.0,0.0,1.0,0.0,0.0,1.0,0.0,0.0,0.0,0.0,0.0,0.0,0.0,0.275314,0.256777,0.350704
sub-0300311_ses-2_run-2_task-rest_bold_cleaned,300311,2,Awake,10.0,9.4,2500.0,1.0,0.0,0.0,1.0,0.0,0.0,1.0,0.0,0.0,0.0,0.0,0.0,0.0,0.0,0.290367,0.204224,0.309339
sub-0300311_ses-2_run-3_task-rest_bold_cleaned,300311,2,Awake,10.0,9.4,2500.0,1.0,0.0,0.0,1.0,0.0,0.0,1.0,0.0,0.0,0.0,0.0,0.0,0.0,0.0,0.400735,0.274689,0.458313
sub-0300311_ses-3_run-1_task-rest_bold_cleaned,300311,3,Awake,10.0,9.4,2500.0,1.0,0.0,0.0,1.0,0.0,0.0,1.0,0.0,0.0,0.0,0.0,0.0,0.0,0.0,0.240258,0.197582,0.429901
sub-0300311_ses-3_run-2_task-rest_bold_cleaned,300311,3,Awake,10.0,9.4,2500.0,1.0,0.0,0.0,1.0,0.0,0.0,1.0,0.0,0.0,0.0,0.0,0.0,0.0,0.0,0.282264,0.214786,0.418475
sub-0300311_ses-3_run-3_task-rest_bold_cleaned,300311,3,Awake,10.0,9.4,2500.0,1.0,0.0,0.0,1.0,0.0,0.0,1.0,0.0,0.0,0.0,0.0,0.0,0.0,0.0,0.319019,0.239445,0.578724
sub-0300311_ses-3_run-4_task-rest_bold_cleaned,300311,3,Awake,10.0,9.4,2500.0,1.0,0.0,0.0,1.0,0.0,0.0,1.0,0.0,0.0,0.0,0.0,0.0,0.0,0.0,0.263627,0.199935,0.492406
sub-0300311_ses-4_run-1_task-rest_bold_cleaned,300311,4,Awake,10.0,9.4,2500.0,1.0,0.0,0.0,1.0,0.0,0.0,1.0,0.0,0.0,0.0,0.0,0.0,0.0,0.0,0.384889,0.279349,0.424671
sub-0300311_ses-4_run-2_task-rest_bold_cleaned,300311,4,Awake,10.0,9.4,2500.0,1.0,0.0,0.0,1.0,0.0,0.0,1.0,0.0,0.0,0.0,0.0,0.0,0.0,0.0,0.412912,0.34898,0.39287
sub-0300311_ses-4_run-3_task-rest_bold_cleaned,300311,4,Awake,10.0,9.4,2500.0,1.0,0.0,0.0,1.0,0.0,0.0,1.0,0.0,0.0,0.0,0.0,0.0,0.0,0.0,0.49075,0.326688,0.400743
sub-0300311_ses-4_run-4_task-rest_bold_cleaned,300311,4,Awake,10.0,9.4,2500.0,1.0,0.0,0.0,1.0,0.0,0.0,1.0,0.0,0.0,0.0,0.0,0.0,0.0,0.0,0.377032,0.323019,0.440588
sub-0300311_ses-5_run-1_task-rest_bold_cleaned,300311,5,Awake,10.0,9.4,2500.0,1.0,0.0,0.0,1.0,0.0,0.0,1.0,0.0,0.0,0.0,0.0,0.0,0.0,0.0,0.262042,0.189203,0.337604
sub-0300311_ses-5_run-2_task-rest_bold_cleaned,300311,5,Awake,10.0,9.4,2500.0,1.0,0.0,0.0,1.0,0.0,0.0,1.0,0.0,0.0,0.0,0.0,0.0,0.0,0.0,0.329725,0.264313,0.491321
sub-0300311_ses-5_run-3_task-rest_bold_cleaned,300311,5,Awake,10.0,9.4,2500.0,1.0,0.0,0.0,1.0,0.0,0.0,1.0,0.0,0.0,0.0,0.0,0.0,0.0,0.0,0.284987,0.172497,0.487238
sub-0300311_ses-5_run-4_task-rest_bold_cleaned,300311,5,Awake,10.0,9.4,2500.0,1.0,0.0,0.0,1.0,0.0,0.0,1.0,0.0,0.0,0.0,0.0,0.0,0.0,0.0,0.31779,0.255784,0.440246
sub-0300311_ses-6_run-1_task-rest_bold_cleaned,300311,6,Awake,10.0,9.4,2500.0,1.0,0.0,0.0,1.0,0.0,0.0,1.0,0.0,0.0,0.0,0.0,0.0,0.0,0.0,0.232041,0.198043,0.257522
sub-0300311_ses-6_run-2_task-rest_bold_cleaned,300311,6,Awake,10.0,9.4,2500.0,1.0,0.0,0.0,1.0,0.0,0.0,1.0,0.0,0.0,0.0,0.0,0.0,0.0,0.0,0.273762,0.180999,0.38186
sub-0300311_ses-6_run-3_task-rest_bold_cleaned,300311,6,Awake,10.0,9.4,2500.0,1.0,0.0,0.0,1.0,0.0,0.0,1.0,0.0,0.0,0.0,0.0,0.0,0.0,0.0,0.282267,0.191501,0.301912
sub-0300311_ses-6_run-4_task-rest_bold_cleaned,300311,6,Awake,10.0,9.4,2500.0,1.0,0.0,0.0,1.0,0.0,0.0,1.0,0.0,0.0,0.0,0.0,0.0,0.0,0.0,0.329234,0.220973,0.34826
sub-0300311_ses-7_run-1_task-rest_bold_cleaned,300311,7,Awake,10.0,9.4,2500.0,1.0,0.0,0.0,1.0,0.0,0.0,1.0,0.0,0.0,0.0,0.0,0.0,0.0,0.0,0.23812,0.205738,0.463749
sub-0300311_ses-7_run-2_task-rest_bold_cleaned,300311,7,Awake,10.0,9.4,2500.0,1.0,0.0,0.0,1.0,0.0,0.0,1.0,0.0,0.0,0.0,0.0,0.0,0.0,0.0,0.201283,0.232041,0.393477
sub-0300311_ses-7_run-3_task-rest_bold_cleaned,300311,7,Awake,10.0,9.4,2500.0,1.0,0.0,0.0,1.0,0.0,0.0,1.0,0.0,0.0,0.0,0.0,0.0,0.0,0.0,0.292721,0.253355,0.340563
sub-0300311_ses-7_run-4_task-rest_bold_cleaned,300311,7,Awake,10.0,9.4,2500.0,1.0,0.0,0.0,1.0,0.0,0.0,1.0,0.0,0.0,0.0,0.0,0.0,0.0,0.0,0.186731,0.244114,0.287703
sub-0300312_ses-1_run-1_task-rest_bold_cleaned,300312,1,Awake,10.0,9.4,2500.0,1.0,0.0,0.0,1.0,0.0,0.0,1.0,0.0,0.0,0.0,0.0,0.0,0.0,0.0,0.243025,0.224856,0.305351
sub-0300312_ses-1_run-2_task-rest_bold_cleaned,300312,1,Awake,10.0,9.4,2500.0,1.0,0.0,0.0,1.0,0.0,0.0,1.0,0.0,0.0,0.0,0.0,0.0,0.0,0.0,0.292232,0.188533,0.322674
sub-0300312_ses-1_run-3_task-rest_bold_cleaned,300312,1,Awake,10.0,9.4,2500.0,1.0,0.0,0.0,1.0,0.0,0.0,1.0,0.0,0.0,0.0,0.0,0.0,0.0,0.0,0.359473,0.216604,0.337046
sub-0300312_ses-1_run-4_task-rest_bold_cleaned,300312,1,Awake,10.0,9.4,2500.0,1.0,0.0,0.0,1.0,0.0,0.0,1.0,0.0,0.0,0.0,0.0,0.0,0.0,0.0,0.309832,0.213631,0.32176
sub-0300312_ses-2_run-1_task-rest_bold_cleaned,300312,2,Awake,10.0,9.4,2500.0,1.0,0.0,0.0,1.0,0.0,0.0,1.0,0.0,0.0,0.0,0.0,0.0,0.0,0.0,0.257025,0.151026,0.263163
sub-0300312_ses-2_run-2_task-rest_bold_cleaned,300312,2,Awake,10.0,9.4,2500.0,1.0,0.0,0.0,1.0,0.0,0.0,1.0,0.0,0.0,0.0,0.0,0.0,0.0,0.0,0.30221,0.247098,0.298922
sub-0300312_ses-2_run-3_task-rest_bold_cleaned,300312,2,Awake,10.0,9.4,2500.0,1.0,0.0,0.0,1.0,0.0,0.0,1.0,0.0,0.0,0.0,0.0,0.0,0.0,0.0,0.246714,0.148113,0.319961
sub-0300312_ses-2_run-4_task-rest_bold_cleaned,300312,2,Awake,10.0,9.4,2500.0,1.0,0.0,0.0,1.0,0.0,0.0,1.0,0.0,0.0,0.0,0.0,0.0,0.0,0.0,0.326464,0.222434,0.350288
sub-0300312_ses-3_run-1_task-rest_bold_cleaned,300312,3,Awake,10.0,9.4,2500.0,1.0,0.0,0.0,1.0,0.0,0.0,1.0,0.0,0.0,0.0,0.0,0.0,0.0,0.0,0.27279,0.213104,0.394317
sub-0300312_ses-3_run-2_task-rest_bold_cleaned,300312,3,Awake,10.0,9.4,2500.0,1.0,0.0,0.0,1.0,0.0,0.0,1.0,0.0,0.0,0.0,0.0,0.0,0.0,0.0,0.218394,0.154928,0.318798
sub-0300312_ses-3_run-3_task-rest_bold_cleaned,300312,3,Awake,10.0,9.4,2500.0,1.0,0.0,0.0,1.0,0.0,0.0,1.0,0.0,0.0,0.0,0.0,0.0,0.0,0.0,0.344061,0.264065,0.370303
sub-0300312_ses-3_run-4_task-rest_bold_cleaned,300312,3,Awake,10.0,9.4,2500.0,1.0,0.0,0.0,1.0,0.0,0.0,1.0,0.0,0.0,0.0,0.0,0.0,0.0,0.0,0.304693,0.240973,0.321904
sub-0300312_ses-4_run-1_task-rest_bold_cleaned,300312,4,Awake,10.0,9.4,2500.0,1.0,0.0,0.0,1.0,0.0,0.0,1.0,0.0,0.0,0.0,0.0,0.0,0.0,0.0,0.414113,0.3449,0.551057
sub-0300312_ses-4_run-2_task-rest_bold_cleaned,300312,4,Awake,10.0,9.4,2500.0,1.0,0.0,0.0,1.0,0.0,0.0,1.0,0.0,0.0,0.0,0.0,0.0,0.0,0.0,0.250591,0.203151,0.357039
sub-0300312_ses-4_run-3_task-rest_bold_cleaned,300312,4,Awake,10.0,9.4,2500.0,1.0,0.0,0.0,1.0,0.0,0.0,1.0,0.0,0.0,0.0,0.0,0.0,0.0,0.0,0.322219,0.388799,0.397964
sub-0300312_ses-4_run-4_task-rest_bold_cleaned,300312,4,Awake,10.0,9.4,2500.0,1.0,0.0,0.0,1.0,0.0,0.0,1.0,0.0,0.0,0.0,0.0,0.0,0.0,0.0,0.306455,0.282042,0.300186
sub-0300312_ses-5_run-1_task-rest_bold_cleaned,300312,5,Awake,10.0,9.4,2500.0,1.0,0.0,0.0,1.0,0.0,0.0,1.0,0.0,0.0,0.0,0.0,0.0,0.0,0.0,0.275647,0.237012,0.351257
sub-0300312_ses-5_run-2_task-rest_bold_cleaned,300312,5,Awake,10.0,9.4,2500.0,1.0,0.0,0.0,1.0,0.0,0.0,1.0,0.0,0.0,0.0,0.0,0.0,0.0,0.0,0.297052,0.230474,0.260362
sub-0300312_ses-5_run-4_task-rest_bold_cleaned,300312,5,Awake,10.0,9.4,2500.0,1.0,0.0,0.0,1.0,0.0,0.0,1.0,0.0,0.0,0.0,0.0,0.0,0.0,0.0,0.352345,0.271558,0.39653
sub-0300313_ses-1_run-1_task-rest_bold_cleaned,300313,1,Awake,10.0,9.4,2500.0,1.0,0.0,0.0,1.0,0.0,0.0,1.0,0.0,0.0,0.0,0.0,0.0,0.0,0.0,0.287226,0.208069,0.284906
sub-0300313_ses-1_run-2_task-rest_bold_cleaned,300313,1,Awake,10.0,9.4,2500.0,1.0,0.0,0.0,1.0,0.0,0.0,1.0,0.0,0.0,0.0,0.0,0.0,0.0,0.0,0.326808,0.215261,0.27134
sub-0300313_ses-1_run-3_task-rest_bold_cleaned,300313,1,Awake,10.0,9.4,2500.0,1.0,0.0,0.0,1.0,0.0,0.0,1.0,0.0,0.0,0.0,0.0,0.0,0.0,0.0,0.302394,0.177846,0.282986
sub-0300313_ses-1_run-4_task-rest_bold_cleaned,300313,1,Awake,10.0,9.4,2500.0,1.0,0.0,0.0,1.0,0.0,0.0,1.0,0.0,0.0,0.0,0.0,0.0,0.0,0.0,0.27025,0.203999,0.329264
sub-0300313_ses-2_run-1_task-rest_bold_cleaned,300313,2,Awake,10.0,9.4,2500.0,1.0,0.0,0.0,1.0,0.0,0.0,1.0,0.0,0.0,0.0,0.0,0.0,0.0,0.0,0.353174,0.266204,0.324022
sub-0300313_ses-2_run-2_task-rest_bold_cleaned,300313,2,Awake,10.0,9.4,2500.0,1.0,0.0,0.0,1.0,0.0,0.0,1.0,0.0,0.0,0.0,0.0,0.0,0.0,0.0,0.380065,0.270934,0.309137
sub-0300313_ses-2_run-3_task-rest_bold_cleaned,300313,2,Awake,10.0,9.4,2500.0,1.0,0.0,0.0,1.0,0.0,0.0,1.0,0.0,0.0,0.0,0.0,0.0,0.0,0.0,0.588449,0.283464,0.294019
sub-0300313_ses-2_run-4_task-rest_bold_cleaned,300313,2,Awake,10.0,9.4,2500.0,1.0,0.0,0.0,1.0,0.0,0.0,1.0,0.0,0.0,0.0,0.0,0.0,0.0,0.0,0.31607,0.204156,0.288757
sub-0300313_ses-3_run-1_task-rest_bold_cleaned,300313,3,Awake,10.0,9.4,2500.0,1.0,0.0,0.0,1.0,0.0,0.0,1.0,0.0,0.0,0.0,0.0,0.0,0.0,0.0,0.281336,0.153196,0.263415
sub-0300313_ses-3_run-2_task-rest_bold_cleaned,300313,3,Awake,10.0,9.4,2500.0,1.0,0.0,0.0,1.0,0.0,0.0,1.0,0.0,0.0,0.0,0.0,0.0,0.0,0.0,0.375849,0.262717,0.31299
sub-0300313_ses-3_run-3_task-rest_bold_cleaned,300313,3,Awake,10.0,9.4,2500.0,1.0,0.0,0.0,1.0,0.0,0.0,1.0,0.0,0.0,0.0,0.0,0.0,0.0,0.0,0.352889,0.247668,0.296127
sub-0300313_ses-3_run-4_task-rest_bold_cleaned,300313,3,Awake,10.0,9.4,2500.0,1.0,0.0,0.0,1.0,0.0,0.0,1.0,0.0,0.0,0.0,0.0,0.0,0.0,0.0,0.386892,0.271436,0.293018
sub-0300313_ses-4_run-1_task-rest_bold_cleaned,300313,4,Awake,10.0,9.4,2500.0,1.0,0.0,0.0,1.0,0.0,0.0,1.0,0.0,0.0,0.0,0.0,0.0,0.0,0.0,0.282067,0.221226,0.306602
sub-0300313_ses-4_run-2_task-rest_bold_cleaned,300313,4,Awake,10.0,9.4,2500.0,1.0,0.0,0.0,1.0,0.0,0.0,1.0,0.0,0.0,0.0,0.0,0.0,0.0,0.0,0.43073,0.274471,0.281121
sub-0300313_ses-4_run-3_task-rest_bold_cleaned,300313,4,Awake,10.0,9.4,2500.0,1.0,0.0,0.0,1.0,0.0,0.0,1.0,0.0,0.0,0.0,0.0,0.0,0.0,0.0,0.400414,0.248399,0.35697
sub-0300313_ses-4_run-4_task-rest_bold_cleaned,300313,4,Awake,10.0,9.4,2500.0,1.0,0.0,0.0,1.0,0.0,0.0,1.0,0.0,0.0,0.0,0.0,0.0,0.0,0.0,0.346448,0.182674,0.33238
sub-0300313_ses-5_run-1_task-rest_bold_cleaned,300313,5,Awake,10.0,9.4,2500.0,1.0,0.0,0.0,1.0,0.0,0.0,1.0,0.0,0.0,0.0,0.0,0.0,0.0,0.0,0.30517,0.185798,0.297939
sub-0300313_ses-5_run-2_task-rest_bold_cleaned,300313,5,Awake,10.0,9.4,2500.0,1.0,0.0,0.0,1.0,0.0,0.0,1.0,0.0,0.0,0.0,0.0,0.0,0.0,0.0,0.39133,0.21044,0.256618
sub-0300313_ses-5_run-3_task-rest_bold_cleaned,300313,5,Awake,10.0,9.4,2500.0,1.0,0.0,0.0,1.0,0.0,0.0,1.0,0.0,0.0,0.0,0.0,0.0,0.0,0.0,0.407517,0.270835,0.358417
sub-0300313_ses-5_run-4_task-rest_bold_cleaned,300313,5,Awake,10.0,9.4,2500.0,1.0,0.0,0.0,1.0,0.0,0.0,1.0,0.0,0.0,0.0,0.0,0.0,0.0,0.0,0.264582,0.230349,0.346894
sub-0300313_ses-6_run-1_task-rest_bold_cleaned,300313,6,Awake,10.0,9.4,2500.0,1.0,0.0,0.0,1.0,0.0,0.0,1.0,0.0,0.0,0.0,0.0,0.0,0.0,0.0,0.228635,0.184673,0.301843
sub-0300313_ses-6_run-2_task-rest_bold_cleaned,300313,6,Awake,10.0,9.4,2500.0,1.0,0.0,0.0,1.0,0.0,0.0,1.0,0.0,0.0,0.0,0.0,0.0,0.0,0.0,0.277222,0.229095,0.406097
sub-0300313_ses-6_run-3_task-rest_bold_cleaned,300313,6,Awake,10.0,9.4,2500.0,1.0,0.0,0.0,1.0,0.0,0.0,1.0,0.0,0.0,0.0,0.0,0.0,0.0,0.0,0.27165,0.19619,0.274077
sub-0300313_ses-6_run-4_task-rest_bold_cleaned,300313,6,Awake,10.0,9.4,2500.0,1.0,0.0,0.0,1.0,0.0,0.0,1.0,0.0,0.0,0.0,0.0,0.0,0.0,0.0,0.314194,0.229869,0.388857
sub-0300313_ses-7_run-1_task-rest_bold_cleaned,300313,7,Awake,10.0,9.4,2500.0,1.0,0.0,0.0,1.0,0.0,0.0,1.0,0.0,0.0,0.0,0.0,0.0,0.0,0.0,0.300827,0.198162,0.317693
sub-0300313_ses-7_run-2_task-rest_bold_cleaned,300313,7,Awake,10.0,9.4,2500.0,1.0,0.0,0.0,1.0,0.0,0.0,1.0,0.0,0.0,0.0,0.0,0.0,0.0,0.0,0.375545,0.190372,0.287362
sub-0300313_ses-7_run-3_task-rest_bold_cleaned,300313,7,Awake,10.0,9.4,2500.0,1.0,0.0,0.0,1.0,0.0,0.0,1.0,0.0,0.0,0.0,0.0,0.0,0.0,0.0,0.342632,0.230218,0.300521
sub-0300313_ses-7_run-4_task-rest_bold_cleaned,300313,7,Awake,10.0,9.4,2500.0,1.0,0.0,0.0,1.0,0.0,0.0,1.0,0.0,0.0,0.0,0.0,0.0,0.0,0.0,0.424817,0.183327,0.33078
sub-0300314_ses-1_run-1_task-rest_bold_cleaned,300314,1,Awake,10.0,9.4,2500.0,1.0,0.0,0.0,1.0,0.0,0.0,1.0,0.0,0.0,0.0,0.0,0.0,0.0,0.0,0.272663,0.186915,0.293373
sub-0300314_ses-1_run-2_task-rest_bold_cleaned,300314,1,Awake,10.0,9.4,2500.0,1.0,0.0,0.0,1.0,0.0,0.0,1.0,0.0,0.0,0.0,0.0,0.0,0.0,0.0,0.266421,0.163147,0.215132
sub-0300314_ses-1_run-3_task-rest_bold_cleaned,300314,1,Awake,10.0,9.4,2500.0,1.0,0.0,0.0,1.0,0.0,0.0,1.0,0.0,0.0,0.0,0.0,0.0,0.0,0.0,0.284886,0.184741,0.225615
sub-0300314_ses-1_run-4_task-rest_bold_cleaned,300314,1,Awake,10.0,9.4,2500.0,1.0,0.0,0.0,1.0,0.0,0.0,1.0,0.0,0.0,0.0,0.0,0.0,0.0,0.0,0.202955,0.195384,0.239962
sub-0300314_ses-2_run-1_task-rest_bold_cleaned,300314,2,Awake,10.0,9.4,2500.0,1.0,0.0,0.0,1.0,0.0,0.0,1.0,0.0,0.0,0.0,0.0,0.0,0.0,0.0,0.190011,0.145629,0.247817
sub-0300314_ses-2_run-2_task-rest_bold_cleaned,300314,2,Awake,10.0,9.4,2500.0,1.0,0.0,0.0,1.0,0.0,0.0,1.0,0.0,0.0,0.0,0.0,0.0,0.0,0.0,0.209975,0.146749,0.245677
sub-0300314_ses-2_run-3_task-rest_bold_cleaned,300314,2,Awake,10.0,9.4,2500.0,1.0,0.0,0.0,1.0,0.0,0.0,1.0,0.0,0.0,0.0,0.0,0.0,0.0,0.0,0.280805,0.193082,0.283854
sub-0300314_ses-2_run-4_task-rest_bold_cleaned,300314,2,Awake,10.0,9.4,2500.0,1.0,0.0,0.0,1.0,0.0,0.0,1.0,0.0,0.0,0.0,0.0,0.0,0.0,0.0,0.300118,0.169273,0.267924
sub-0300314_ses-3_run-1_task-rest_bold_cleaned,300314,3,Awake,10.0,9.4,2500.0,1.0,0.0,0.0,1.0,0.0,0.0,1.0,0.0,0.0,0.0,0.0,0.0,0.0,0.0,0.243879,0.1372,0.268949
sub-0300314_ses-3_run-2_task-rest_bold_cleaned,300314,3,Awake,10.0,9.4,2500.0,1.0,0.0,0.0,1.0,0.0,0.0,1.0,0.0,0.0,0.0,0.0,0.0,0.0,0.0,0.253716,0.191028,0.27714
sub-0300314_ses-3_run-3_task-rest_bold_cleaned,300314,3,Awake,10.0,9.4,2500.0,1.0,0.0,0.0,1.0,0.0,0.0,1.0,0.0,0.0,0.0,0.0,0.0,0.0,0.0,0.286947,0.159226,0.232891
sub-0300314_ses-3_run-4_task-rest_bold_cleaned,300314,3,Awake,10.0,9.4,2500.0,1.0,0.0,0.0,1.0,0.0,0.0,1.0,0.0,0.0,0.0,0.0,0.0,0.0,0.0,0.390516,0.202043,0.31112
sub-0300314_ses-4_run-1_task-rest_bold_cleaned,300314,4,Awake,10.0,9.4,2500.0,1.0,0.0,0.0,1.0,0.0,0.0,1.0,0.0,0.0,0.0,0.0,0.0,0.0,0.0,0.202833,0.200581,0.310275
sub-0300314_ses-4_run-2_task-rest_bold_cleaned,300314,4,Awake,10.0,9.4,2500.0,1.0,0.0,0.0,1.0,0.0,0.0,1.0,0.0,0.0,0.0,0.0,0.0,0.0,0.0,0.267269,0.124442,0.224221
sub-0300314_ses-4_run-3_task-rest_bold_cleaned,300314,4,Awake,10.0,9.4,2500.0,1.0,0.0,0.0,1.0,0.0,0.0,1.0,0.0,0.0,0.0,0.0,0.0,0.0,0.0,0.314555,0.188286,0.319159
sub-0300314_ses-4_run-4_task-rest_bold_cleaned,300314,4,Awake,10.0,9.4,2500.0,1.0,0.0,0.0,1.0,0.0,0.0,1.0,0.0,0.0,0.0,0.0,0.0,0.0,0.0,0.317857,0.183843,0.406289
sub-0300314_ses-5_run-1_task-rest_bold_cleaned,300314,5,Awake,10.0,9.4,2500.0,1.0,0.0,0.0,1.0,0.0,0.0,1.0,0.0,0.0,0.0,0.0,0.0,0.0,0.0,0.305732,0.184673,0.26431
sub-0300314_ses-5_run-2_task-rest_bold_cleaned,300314,5,Awake,10.0,9.4,2500.0,1.0,0.0,0.0,1.0,0.0,0.0,1.0,0.0,0.0,0.0,0.0,0.0,0.0,0.0,0.278605,0.183696,0.282573
sub-0300314_ses-5_run-3_task-rest_bold_cleaned,300314,5,Awake,10.0,9.4,2500.0,1.0,0.0,0.0,1.0,0.0,0.0,1.0,0.0,0.0,0.0,0.0,0.0,0.0,0.0,0.385326,0.171796,0.280946
sub-0300314_ses-5_run-4_task-rest_bold_cleaned,300314,5,Awake,10.0,9.4,2500.0,1.0,0.0,0.0,1.0,0.0,0.0,1.0,0.0,0.0,0.0,0.0,0.0,0.0,0.0,0.239043,0.195387,0.343833
sub-0300314_ses-6_run-1_task-rest_bold_cleaned,300314,6,Awake,10.0,9.4,2500.0,1.0,0.0,0.0,1.0,0.0,0.0,1.0,0.0,0.0,0.0,0.0,0.0,0.0,0.0,0.26601,0.177877,0.239207
sub-0300314_ses-6_run-2_task-rest_bold_cleaned,300314,6,Awake,10.0,9.4,2500.0,1.0,0.0,0.0,1.0,0.0,0.0,1.0,0.0,0.0,0.0,0.0,0.0,0.0,0.0,0.267878,0.164065,0.260773
sub-0300314_ses-6_run-3_task-rest_bold_cleaned,300314,6,Awake,10.0,9.4,2500.0,1.0,0.0,0.0,1.0,0.0,0.0,1.0,0.0,0.0,0.0,0.0,0.0,0.0,0.0,0.369536,0.230104,0.32906
sub-0300314_ses-6_run-4_task-rest_bold_cleaned,300314,6,Awake,10.0,9.4,2500.0,1.0,0.0,0.0,1.0,0.0,0.0,1.0,0.0,0.0,0.0,0.0,0.0,0.0,0.0,0.286376,0.173616,0.27553
sub-0300315_ses-1_run-1_task-rest_bold_cleaned,300315,1,Awake,10.0,9.4,2500.0,1.0,0.0,0.0,1.0,0.0,0.0,1.0,0.0,0.0,0.0,0.0,0.0,0.0,0.0,0.217739,0.248162,0.34168
sub-0300315_ses-1_run-2_task-rest_bold_cleaned,300315,1,Awake,10.0,9.4,2500.0,1.0,0.0,0.0,1.0,0.0,0.0,1.0,0.0,0.0,0.0,0.0,0.0,0.0,0.0,0.279691,0.161429,0.242082
sub-0300315_ses-2_run-1_task-rest_bold_cleaned,300315,2,Awake,10.0,9.4,2500.0,1.0,0.0,0.0,1.0,0.0,0.0,1.0,0.0,0.0,0.0,0.0,0.0,0.0,0.0,0.314978,0.308136,0.454715
sub-0300315_ses-2_run-2_task-rest_bold_cleaned,300315,2,Awake,10.0,9.4,2500.0,1.0,0.0,0.0,1.0,0.0,0.0,1.0,0.0,0.0,0.0,0.0,0.0,0.0,0.0,0.303667,0.183228,0.337753
sub-0300315_ses-2_run-3_task-rest_bold_cleaned,300315,2,Awake,10.0,9.4,2500.0,1.0,0.0,0.0,1.0,0.0,0.0,1.0,0.0,0.0,0.0,0.0,0.0,0.0,0.0,0.297277,0.243055,0.361954
sub-0300315_ses-2_run-4_task-rest_bold_cleaned,300315,2,Awake,10.0,9.4,2500.0,1.0,0.0,0.0,1.0,0.0,0.0,1.0,0.0,0.0,0.0,0.0,0.0,0.0,0.0,0.331426,0.203267,0.382969
sub-0300315_ses-3_run-1_task-rest_bold_cleaned,300315,3,Awake,10.0,9.4,2500.0,1.0,0.0,0.0,1.0,0.0,0.0,1.0,0.0,0.0,0.0,0.0,0.0,0.0,0.0,0.29672,0.210865,0.360988
sub-0300315_ses-3_run-2_task-rest_bold_cleaned,300315,3,Awake,10.0,9.4,2500.0,1.0,0.0,0.0,1.0,0.0,0.0,1.0,0.0,0.0,0.0,0.0,0.0,0.0,0.0,0.319469,0.293469,0.423265
sub-0300315_ses-3_run-3_task-rest_bold_cleaned,300315,3,Awake,10.0,9.4,2500.0,1.0,0.0,0.0,1.0,0.0,0.0,1.0,0.0,0.0,0.0,0.0,0.0,0.0,0.0,0.327627,0.276205,0.415884
sub-0300315_ses-3_run-4_task-rest_bold_cleaned,300315,3,Awake,10.0,9.4,2500.0,1.0,0.0,0.0,1.0,0.0,0.0,1.0,0.0,0.0,0.0,0.0,0.0,0.0,0.0,0.368638,0.227321,0.445206
sub-0300315_ses-4_run-1_task-rest_bold_cleaned,300315,4,Awake,10.0,9.4,2500.0,1.0,0.0,0.0,1.0,0.0,0.0,1.0,0.0,0.0,0.0,0.0,0.0,0.0,0.0,0.303504,0.229781,0.276991
sub-0300315_ses-4_run-2_task-rest_bold_cleaned,300315,4,Awake,10.0,9.4,2500.0,1.0,0.0,0.0,1.0,0.0,0.0,1.0,0.0,0.0,0.0,0.0,0.0,0.0,0.0,0.25623,0.2712,0.286425
sub-0300315_ses-4_run-3_task-rest_bold_cleaned,300315,4,Awake,10.0,9.4,2500.0,1.0,0.0,0.0,1.0,0.0,0.0,1.0,0.0,0.0,0.0,0.0,0.0,0.0,0.0,0.260852,0.153146,0.258219
sub-0300315_ses-4_run-4_task-rest_bold_cleaned,300315,4,Awake,10.0,9.4,2500.0,1.0,0.0,0.0,1.0,0.0,0.0,1.0,0.0,0.0,0.0,0.0,0.0,0.0,0.0,0.274214,0.24317,0.379122
sub-0300315_ses-5_run-1_task-rest_bold_cleaned,300315,5,Awake,10.0,9.4,2500.0,1.0,0.0,0.0,1.0,0.0,0.0,1.0,0.0,0.0,0.0,0.0,0.0,0.0,0.0,0.2593,0.200509,0.361418
sub-0300315_ses-5_run-2_task-rest_bold_cleaned,300315,5,Awake,10.0,9.4,2500.0,1.0,0.0,0.0,1.0,0.0,0.0,1.0,0.0,0.0,0.0,0.0,0.0,0.0,0.0,0.318364,0.254801,0.333413
sub-0300315_ses-5_run-3_task-rest_bold_cleaned,300315,5,Awake,10.0,9.4,2500.0,1.0,0.0,0.0,1.0,0.0,0.0,1.0,0.0,0.0,0.0,0.0,0.0,0.0,0.0,0.3047,0.184556,0.428024
sub-0300315_ses-5_run-4_task-rest_bold_cleaned,300315,5,Awake,10.0,9.4,2500.0,1.0,0.0,0.0,1.0,0.0,0.0,1.0,0.0,0.0,0.0,0.0,0.0,0.0,0.0,0.364789,0.221278,0.370524
sub-0300315_ses-6_run-1_task-rest_bold_cleaned,300315,6,Awake,10.0,9.4,2500.0,1.0,0.0,0.0,1.0,0.0,0.0,1.0,0.0,0.0,0.0,0.0,0.0,0.0,0.0,0.455731,0.170503,0.443217
sub-0300315_ses-6_run-2_task-rest_bold_cleaned,300315,6,Awake,10.0,9.4,2500.0,1.0,0.0,0.0,1.0,0.0,0.0,1.0,0.0,0.0,0.0,0.0,0.0,0.0,0.0,0.2954,0.232514,0.382935
sub-0300315_ses-6_run-3_task-rest_bold_cleaned,300315,6,Awake,10.0,9.4,2500.0,1.0,0.0,0.0,1.0,0.0,0.0,1.0,0.0,0.0,0.0,0.0,0.0,0.0,0.0,0.344385,0.244814,0.464675
sub-0300315_ses-6_run-4_task-rest_bold_cleaned,300315,6,Awake,10.0,9.4,2500.0,1.0,0.0,0.0,1.0,0.0,0.0,1.0,0.0,0.0,0.0,0.0,0.0,0.0,0.0,0.319687,0.15999,0.436007
sub-0300315_ses-7_run-1_task-rest_bold_cleaned,300315,7,Awake,10.0,9.4,2500.0,1.0,0.0,0.0,1.0,0.0,0.0,1.0,0.0,0.0,0.0,0.0,0.0,0.0,0.0,0.289229,0.187155,0.333301
sub-0300315_ses-7_run-2_task-rest_bold_cleaned,300315,7,Awake,10.0,9.4,2500.0,1.0,0.0,0.0,1.0,0.0,0.0,1.0,0.0,0.0,0.0,0.0,0.0,0.0,0.0,0.344324,0.255174,0.355436
sub-0300315_ses-7_run-3_task-rest_bold_cleaned,300315,7,Awake,10.0,9.4,2500.0,1.0,0.0,0.0,1.0,0.0,0.0,1.0,0.0,0.0,0.0,0.0,0.0,0.0,0.0,0.331998,0.225579,0.377228
sub-0300316_ses-1_run-1_task-rest_bold_cleaned,300316,1,Awake,10.0,9.4,2500.0,1.0,0.0,0.0,1.0,0.0,0.0,1.0,0.0,0.0,0.0,0.0,0.0,0.0,0.0,0.229893,0.159648,0.373605
sub-0300316_ses-1_run-2_task-rest_bold_cleaned,300316,1,Awake,10.0,9.4,2500.0,1.0,0.0,0.0,1.0,0.0,0.0,1.0,0.0,0.0,0.0,0.0,0.0,0.0,0.0,0.342476,0.207451,0.305011
sub-0300316_ses-1_run-3_task-rest_bold_cleaned,300316,1,Awake,10.0,9.4,2500.0,1.0,0.0,0.0,1.0,0.0,0.0,1.0,0.0,0.0,0.0,0.0,0.0,0.0,0.0,0.274911,0.220147,0.336962
sub-0300316_ses-1_run-4_task-rest_bold_cleaned,300316,1,Awake,10.0,9.4,2500.0,1.0,0.0,0.0,1.0,0.0,0.0,1.0,0.0,0.0,0.0,0.0,0.0,0.0,0.0,0.303664,0.239898,0.374631
sub-0300316_ses-2_run-1_task-rest_bold_cleaned,300316,2,Awake,10.0,9.4,2500.0,1.0,0.0,0.0,1.0,0.0,0.0,1.0,0.0,0.0,0.0,0.0,0.0,0.0,0.0,0.258025,0.236981,0.393975
sub-0300316_ses-2_run-2_task-rest_bold_cleaned,300316,2,Awake,10.0,9.4,2500.0,1.0,0.0,0.0,1.0,0.0,0.0,1.0,0.0,0.0,0.0,0.0,0.0,0.0,0.0,0.497926,0.3092,0.351561
sub-0300316_ses-2_run-3_task-rest_bold_cleaned,300316,2,Awake,10.0,9.4,2500.0,1.0,0.0,0.0,1.0,0.0,0.0,1.0,0.0,0.0,0.0,0.0,0.0,0.0,0.0,0.361276,0.243461,0.542361
sub-0300316_ses-2_run-4_task-rest_bold_cleaned,300316,2,Awake,10.0,9.4,2500.0,1.0,0.0,0.0,1.0,0.0,0.0,1.0,0.0,0.0,0.0,0.0,0.0,0.0,0.0,0.254546,0.31519,0.486635
sub-0300316_ses-3_run-1_task-rest_bold_cleaned,300316,3,Awake,10.0,9.4,2500.0,1.0,0.0,0.0,1.0,0.0,0.0,1.0,0.0,0.0,0.0,0.0,0.0,0.0,0.0,0.294301,0.244848,0.336391
sub-0300316_ses-3_run-2_task-rest_bold_cleaned,300316,3,Awake,10.0,9.4,2500.0,1.0,0.0,0.0,1.0,0.0,0.0,1.0,0.0,0.0,0.0,0.0,0.0,0.0,0.0,0.427572,0.327079,0.35769
sub-0300316_ses-3_run-3_task-rest_bold_cleaned,300316,3,Awake,10.0,9.4,2500.0,1.0,0.0,0.0,1.0,0.0,0.0,1.0,0.0,0.0,0.0,0.0,0.0,0.0,0.0,0.506533,0.400942,0.325424
sub-0300316_ses-3_run-4_task-rest_bold_cleaned,300316,3,Awake,10.0,9.4,2500.0,1.0,0.0,0.0,1.0,0.0,0.0,1.0,0.0,0.0,0.0,0.0,0.0,0.0,0.0,0.359516,0.252642,0.320156
sub-0300316_ses-4_run-1_task-rest_bold_cleaned,300316,4,Awake,10.0,9.4,2500.0,1.0,0.0,0.0,1.0,0.0,0.0,1.0,0.0,0.0,0.0,0.0,0.0,0.0,0.0,0.298994,0.297499,0.341906
sub-0300316_ses-4_run-2_task-rest_bold_cleaned,300316,4,Awake,10.0,9.4,2500.0,1.0,0.0,0.0,1.0,0.0,0.0,1.0,0.0,0.0,0.0,0.0,0.0,0.0,0.0,0.357899,0.229669,0.366697
sub-0300316_ses-4_run-3_task-rest_bold_cleaned,300316,4,Awake,10.0,9.4,2500.0,1.0,0.0,0.0,1.0,0.0,0.0,1.0,0.0,0.0,0.0,0.0,0.0,0.0,0.0,0.301279,0.251141,0.292708
sub-0300316_ses-4_run-4_task-rest_bold_cleaned,300316,4,Awake,10.0,9.4,2500.0,1.0,0.0,0.0,1.0,0.0,0.0,1.0,0.0,0.0,0.0,0.0,0.0,0.0,0.0,0.32969,0.297103,0.355358
sub-0300316_ses-5_run-1_task-rest_bold_cleaned,300316,5,Awake,10.0,9.4,2500.0,1.0,0.0,0.0,1.0,0.0,0.0,1.0,0.0,0.0,0.0,0.0,0.0,0.0,0.0,0.27986,0.208743,0.263694
sub-0300316_ses-5_run-2_task-rest_bold_cleaned,300316,5,Awake,10.0,9.4,2500.0,1.0,0.0,0.0,1.0,0.0,0.0,1.0,0.0,0.0,0.0,0.0,0.0,0.0,0.0,0.358029,0.263367,0.322619
sub-0300316_ses-5_run-3_task-rest_bold_cleaned,300316,5,Awake,10.0,9.4,2500.0,1.0,0.0,0.0,1.0,0.0,0.0,1.0,0.0,0.0,0.0,0.0,0.0,0.0,0.0,0.375284,0.335124,0.383418
sub-0300316_ses-5_run-4_task-rest_bold_cleaned,300316,5,Awake,10.0,9.4,2500.0,1.0,0.0,0.0,1.0,0.0,0.0,1.0,0.0,0.0,0.0,0.0,0.0,0.0,0.0,0.405171,0.397467,0.454711
sub-0300316_ses-6_run-1_task-rest_bold_cleaned,300316,6,Awake,10.0,9.4,2500.0,1.0,0.0,0.0,1.0,0.0,0.0,1.0,0.0,0.0,0.0,0.0,0.0,0.0,0.0,0.288856,0.264077,0.327356
sub-0300316_ses-6_run-2_task-rest_bold_cleaned,300316,6,Awake,10.0,9.4,2500.0,1.0,0.0,0.0,1.0,0.0,0.0,1.0,0.0,0.0,0.0,0.0,0.0,0.0,0.0,0.272828,0.273785,0.257014
sub-0300316_ses-6_run-3_task-rest_bold_cleaned,300316,6,Awake,10.0,9.4,2500.0,1.0,0.0,0.0,1.0,0.0,0.0,1.0,0.0,0.0,0.0,0.0,0.0,0.0,0.0,0.36104,0.271775,0.337797
sub-0300316_ses-6_run-4_task-rest_bold_cleaned,300316,6,Awake,10.0,9.4,2500.0,1.0,0.0,0.0,1.0,0.0,0.0,1.0,0.0,0.0,0.0,0.0,0.0,0.0,0.0,0.314591,0.375549,0.44629
sub-0300316_ses-7_run-1_task-rest_bold_cleaned,300316,7,Awake,10.0,9.4,2500.0,1.0,0.0,0.0,1.0,0.0,0.0,1.0,0.0,0.0,0.0,0.0,0.0,0.0,0.0,0.287715,0.162378,0.350097
sub-0300316_ses-7_run-2_task-rest_bold_cleaned,300316,7,Awake,10.0,9.4,2500.0,1.0,0.0,0.0,1.0,0.0,0.0,1.0,0.0,0.0,0.0,0.0,0.0,0.0,0.0,0.381461,0.278563,0.352339
sub-0300316_ses-7_run-4_task-rest_bold_cleaned,300316,7,Awake,10.0,9.4,2500.0,1.0,0.0,0.0,1.0,0.0,0.0,1.0,0.0,0.0,0.0,0.0,0.0,0.0,0.0,0.353626,0.225911,0.302505
sub-0300317_ses-1_run-1_task-rest_bold_cleaned,300317,1,Awake,10.0,9.4,2500.0,1.0,0.0,0.0,1.0,0.0,0.0,1.0,0.0,0.0,0.0,0.0,0.0,0.0,0.0,0.313001,0.26112,0.34952
sub-0300317_ses-1_run-2_task-rest_bold_cleaned,300317,1,Awake,10.0,9.4,2500.0,1.0,0.0,0.0,1.0,0.0,0.0,1.0,0.0,0.0,0.0,0.0,0.0,0.0,0.0,0.36584,0.154172,0.323085
sub-0300317_ses-1_run-3_task-rest_bold_cleaned,300317,1,Awake,10.0,9.4,2500.0,1.0,0.0,0.0,1.0,0.0,0.0,1.0,0.0,0.0,0.0,0.0,0.0,0.0,0.0,0.347298,0.399363,0.422455
sub-0300317_ses-1_run-4_task-rest_bold_cleaned,300317,1,Awake,10.0,9.4,2500.0,1.0,0.0,0.0,1.0,0.0,0.0,1.0,0.0,0.0,0.0,0.0,0.0,0.0,0.0,0.381886,0.239476,0.507709
sub-0300317_ses-2_run-1_task-rest_bold_cleaned,300317,2,Awake,10.0,9.4,2500.0,1.0,0.0,0.0,1.0,0.0,0.0,1.0,0.0,0.0,0.0,0.0,0.0,0.0,0.0,0.20649,0.21157,0.336683
sub-0300317_ses-2_run-2_task-rest_bold_cleaned,300317,2,Awake,10.0,9.4,2500.0,1.0,0.0,0.0,1.0,0.0,0.0,1.0,0.0,0.0,0.0,0.0,0.0,0.0,0.0,0.210639,0.236052,0.302777
sub-0300317_ses-2_run-3_task-rest_bold_cleaned,300317,2,Awake,10.0,9.4,2500.0,1.0,0.0,0.0,1.0,0.0,0.0,1.0,0.0,0.0,0.0,0.0,0.0,0.0,0.0,0.347501,0.257412,0.320264
sub-0300317_ses-2_run-4_task-rest_bold_cleaned,300317,2,Awake,10.0,9.4,2500.0,1.0,0.0,0.0,1.0,0.0,0.0,1.0,0.0,0.0,0.0,0.0,0.0,0.0,0.0,0.371249,0.217357,0.388431
sub-0300317_ses-3_run-1_task-rest_bold_cleaned,300317,3,Awake,10.0,9.4,2500.0,1.0,0.0,0.0,1.0,0.0,0.0,1.0,0.0,0.0,0.0,0.0,0.0,0.0,0.0,0.249594,0.265514,0.428888
sub-0300317_ses-3_run-2_task-rest_bold_cleaned,300317,3,Awake,10.0,9.4,2500.0,1.0,0.0,0.0,1.0,0.0,0.0,1.0,0.0,0.0,0.0,0.0,0.0,0.0,0.0,0.32164,0.247641,0.364766
sub-0300317_ses-3_run-3_task-rest_bold_cleaned,300317,3,Awake,10.0,9.4,2500.0,1.0,0.0,0.0,1.0,0.0,0.0,1.0,0.0,0.0,0.0,0.0,0.0,0.0,0.0,0.331505,0.258682,0.402873
sub-0300317_ses-3_run-4_task-rest_bold_cleaned,300317,3,Awake,10.0,9.4,2500.0,1.0,0.0,0.0,1.0,0.0,0.0,1.0,0.0,0.0,0.0,0.0,0.0,0.0,0.0,0.301504,0.249354,0.329171
sub-0300317_ses-4_run-1_task-rest_bold_cleaned,300317,4,Awake,10.0,9.4,2500.0,1.0,0.0,0.0,1.0,0.0,0.0,1.0,0.0,0.0,0.0,0.0,0.0,0.0,0.0,0.338656,0.232457,0.350231
sub-0300317_ses-4_run-2_task-rest_bold_cleaned,300317,4,Awake,10.0,9.4,2500.0,1.0,0.0,0.0,1.0,0.0,0.0,1.0,0.0,0.0,0.0,0.0,0.0,0.0,0.0,0.332617,0.266816,0.368878
sub-0300317_ses-4_run-3_task-rest_bold_cleaned,300317,4,Awake,10.0,9.4,2500.0,1.0,0.0,0.0,1.0,0.0,0.0,1.0,0.0,0.0,0.0,0.0,0.0,0.0,0.0,0.313426,0.296035,0.3752
sub-0300317_ses-4_run-4_task-rest_bold_cleaned,300317,4,Awake,10.0,9.4,2500.0,1.0,0.0,0.0,1.0,0.0,0.0,1.0,0.0,0.0,0.0,0.0,0.0,0.0,0.0,0.299502,0.227012,0.34261
sub-0300317_ses-5_run-1_task-rest_bold_cleaned,300317,5,Awake,10.0,9.4,2500.0,1.0,0.0,0.0,1.0,0.0,0.0,1.0,0.0,0.0,0.0,0.0,0.0,0.0,0.0,0.343821,0.237985,0.334422
sub-0300317_ses-5_run-2_task-rest_bold_cleaned,300317,5,Awake,10.0,9.4,2500.0,1.0,0.0,0.0,1.0,0.0,0.0,1.0,0.0,0.0,0.0,0.0,0.0,0.0,0.0,0.303901,0.268193,0.265808
sub-0300317_ses-5_run-3_task-rest_bold_cleaned,300317,5,Awake,10.0,9.4,2500.0,1.0,0.0,0.0,1.0,0.0,0.0,1.0,0.0,0.0,0.0,0.0,0.0,0.0,0.0,0.333612,0.25723,0.242437
sub-0300317_ses-6_run-1_task-rest_bold_cleaned,300317,6,Awake,10.0,9.4,2500.0,1.0,0.0,0.0,1.0,0.0,0.0,1.0,0.0,0.0,0.0,0.0,0.0,0.0,0.0,0.335819,0.283774,0.376624
sub-0300317_ses-6_run-2_task-rest_bold_cleaned,300317,6,Awake,10.0,9.4,2500.0,1.0,0.0,0.0,1.0,0.0,0.0,1.0,0.0,0.0,0.0,0.0,0.0,0.0,0.0,0.298656,0.20127,0.400168
sub-0300317_ses-6_run-3_task-rest_bold_cleaned,300317,6,Awake,10.0,9.4,2500.0,1.0,0.0,0.0,1.0,0.0,0.0,1.0,0.0,0.0,0.0,0.0,0.0,0.0,0.0,0.332126,0.245539,0.292446
sub-0300317_ses-6_run-4_task-rest_bold_cleaned,300317,6,Awake,10.0,9.4,2500.0,1.0,0.0,0.0,1.0,0.0,0.0,1.0,0.0,0.0,0.0,0.0,0.0,0.0,0.0,0.316689,0.295379,0.324016
sub-0300318_ses-1_run-1_task-rest_bold_cleaned,300318,1,Awake,10.0,9.4,2500.0,1.0,0.0,0.0,1.0,0.0,0.0,1.0,0.0,0.0,0.0,0.0,0.0,0.0,0.0,0.251211,0.202803,0.278395
sub-0300318_ses-1_run-2_task-rest_bold_cleaned,300318,1,Awake,10.0,9.4,2500.0,1.0,0.0,0.0,1.0,0.0,0.0,1.0,0.0,0.0,0.0,0.0,0.0,0.0,0.0,0.286714,0.250032,0.369045
sub-0300318_ses-1_run-3_task-rest_bold_cleaned,300318,1,Awake,10.0,9.4,2500.0,1.0,0.0,0.0,1.0,0.0,0.0,1.0,0.0,0.0,0.0,0.0,0.0,0.0,0.0,0.27239,0.162103,0.284154
sub-0300318_ses-1_run-4_task-rest_bold_cleaned,300318,1,Awake,10.0,9.4,2500.0,1.0,0.0,0.0,1.0,0.0,0.0,1.0,0.0,0.0,0.0,0.0,0.0,0.0,0.0,0.335319,0.182056,0.365784
sub-0300318_ses-2_run-1_task-rest_bold_cleaned,300318,2,Awake,10.0,9.4,2500.0,1.0,0.0,0.0,1.0,0.0,0.0,1.0,0.0,0.0,0.0,0.0,0.0,0.0,0.0,0.231721,0.190745,0.324612
sub-0300318_ses-2_run-2_task-rest_bold_cleaned,300318,2,Awake,10.0,9.4,2500.0,1.0,0.0,0.0,1.0,0.0,0.0,1.0,0.0,0.0,0.0,0.0,0.0,0.0,0.0,0.277108,0.224212,0.231322
sub-0300318_ses-2_run-3_task-rest_bold_cleaned,300318,2,Awake,10.0,9.4,2500.0,1.0,0.0,0.0,1.0,0.0,0.0,1.0,0.0,0.0,0.0,0.0,0.0,0.0,0.0,0.298552,0.227154,0.345941
sub-0300318_ses-2_run-4_task-rest_bold_cleaned,300318,2,Awake,10.0,9.4,2500.0,1.0,0.0,0.0,1.0,0.0,0.0,1.0,0.0,0.0,0.0,0.0,0.0,0.0,0.0,0.303869,0.235587,0.32592
sub-0300318_ses-3_run-1_task-rest_bold_cleaned,300318,3,Awake,10.0,9.4,2500.0,1.0,0.0,0.0,1.0,0.0,0.0,1.0,0.0,0.0,0.0,0.0,0.0,0.0,0.0,0.340352,0.181322,0.316253
sub-0300318_ses-3_run-2_task-rest_bold_cleaned,300318,3,Awake,10.0,9.4,2500.0,1.0,0.0,0.0,1.0,0.0,0.0,1.0,0.0,0.0,0.0,0.0,0.0,0.0,0.0,0.232981,0.249219,0.338392
sub-0300318_ses-3_run-3_task-rest_bold_cleaned,300318,3,Awake,10.0,9.4,2500.0,1.0,0.0,0.0,1.0,0.0,0.0,1.0,0.0,0.0,0.0,0.0,0.0,0.0,0.0,0.27093,0.198106,0.243322
sub-0300318_ses-3_run-4_task-rest_bold_cleaned,300318,3,Awake,10.0,9.4,2500.0,1.0,0.0,0.0,1.0,0.0,0.0,1.0,0.0,0.0,0.0,0.0,0.0,0.0,0.0,0.282494,0.195961,0.317149
sub-0300318_ses-4_run-1_task-rest_bold_cleaned,300318,4,Awake,10.0,9.4,2500.0,1.0,0.0,0.0,1.0,0.0,0.0,1.0,0.0,0.0,0.0,0.0,0.0,0.0,0.0,0.28642,0.192155,0.369441
sub-0300318_ses-4_run-2_task-rest_bold_cleaned,300318,4,Awake,10.0,9.4,2500.0,1.0,0.0,0.0,1.0,0.0,0.0,1.0,0.0,0.0,0.0,0.0,0.0,0.0,0.0,0.392108,0.320612,0.305588
sub-0300318_ses-4_run-3_task-rest_bold_cleaned,300318,4,Awake,10.0,9.4,2500.0,1.0,0.0,0.0,1.0,0.0,0.0,1.0,0.0,0.0,0.0,0.0,0.0,0.0,0.0,0.325812,0.259967,0.306208
sub-0300318_ses-4_run-4_task-rest_bold_cleaned,300318,4,Awake,10.0,9.4,2500.0,1.0,0.0,0.0,1.0,0.0,0.0,1.0,0.0,0.0,0.0,0.0,0.0,0.0,0.0,0.298652,0.225027,0.318246
sub-0300318_ses-5_run-1_task-rest_bold_cleaned,300318,5,Awake,10.0,9.4,2500.0,1.0,0.0,0.0,1.0,0.0,0.0,1.0,0.0,0.0,0.0,0.0,0.0,0.0,0.0,0.288,0.19945,0.329096
sub-0300318_ses-5_run-2_task-rest_bold_cleaned,300318,5,Awake,10.0,9.4,2500.0,1.0,0.0,0.0,1.0,0.0,0.0,1.0,0.0,0.0,0.0,0.0,0.0,0.0,0.0,0.23369,0.262038,0.361423
sub-0300318_ses-5_run-3_task-rest_bold_cleaned,300318,5,Awake,10.0,9.4,2500.0,1.0,0.0,0.0,1.0,0.0,0.0,1.0,0.0,0.0,0.0,0.0,0.0,0.0,0.0,0.264853,0.246019,0.317671
sub-0300318_ses-5_run-4_task-rest_bold_cleaned,300318,5,Awake,10.0,9.4,2500.0,1.0,0.0,0.0,1.0,0.0,0.0,1.0,0.0,0.0,0.0,0.0,0.0,0.0,0.0,0.282621,0.254003,0.365821
sub-0300318_ses-6_run-2_task-rest_bold_cleaned,300318,6,Awake,10.0,9.4,2500.0,1.0,0.0,0.0,1.0,0.0,0.0,1.0,0.0,0.0,0.0,0.0,0.0,0.0,0.0,0.332341,0.265,0.295866
sub-0300318_ses-6_run-3_task-rest_bold_cleaned,300318,6,Awake,10.0,9.4,2500.0,1.0,0.0,0.0,1.0,0.0,0.0,1.0,0.0,0.0,0.0,0.0,0.0,0.0,0.0,0.287299,0.162886,0.316491
sub-0300318_ses-6_run-4_task-rest_bold_cleaned,300318,6,Awake,10.0,9.4,2500.0,1.0,0.0,0.0,1.0,0.0,0.0,1.0,0.0,0.0,0.0,0.0,0.0,0.0,0.0,0.245942,0.23266,0.345826
sub-0300500_ses-1_run-1_task-rest_bold_cleaned,300500,1,Awake,12.0,9.4,2500.0,0.0,0.0,0.0,0.0,0.0,0.0,1.0,0.0,0.0,0.0,0.0,0.0,0.0,0.0,0.336292,0.247677,0.223449
sub-0300500_ses-1_run-2_task-rest_bold_cleaned,300500,1,Awake,12.0,9.4,2500.0,0.0,0.0,0.0,0.0,0.0,0.0,1.0,0.0,0.0,0.0,0.0,0.0,0.0,0.0,0.349518,0.237437,0.302987
sub-0300500_ses-1_run-3_task-rest_bold_cleaned,300500,1,Awake,12.0,9.4,2500.0,0.0,0.0,0.0,0.0,0.0,0.0,1.0,0.0,0.0,0.0,0.0,0.0,0.0,0.0,0.32996,0.388982,0.471006
sub-0300500_ses-1_run-4_task-rest_bold_cleaned,300500,1,Awake,12.0,9.4,2500.0,0.0,0.0,0.0,0.0,0.0,0.0,1.0,0.0,0.0,0.0,0.0,0.0,0.0,0.0,0.433374,0.256138,0.333337
sub-0300500_ses-2_run-1_task-rest_bold_cleaned,300500,2,Awake,12.0,9.4,2500.0,0.0,0.0,0.0,0.0,0.0,0.0,1.0,0.0,0.0,0.0,0.0,0.0,0.0,0.0,0.371074,0.279782,0.354778
sub-0300500_ses-2_run-2_task-rest_bold_cleaned,300500,2,Awake,12.0,9.4,2500.0,0.0,0.0,0.0,0.0,0.0,0.0,1.0,0.0,0.0,0.0,0.0,0.0,0.0,0.0,0.336409,0.326328,0.449946
sub-0300500_ses-2_run-3_task-rest_bold_cleaned,300500,2,Awake,12.0,9.4,2500.0,0.0,0.0,0.0,0.0,0.0,0.0,1.0,0.0,0.0,0.0,0.0,0.0,0.0,0.0,0.400451,0.321282,0.387233
sub-0300500_ses-2_run-4_task-rest_bold_cleaned,300500,2,Awake,12.0,9.4,2500.0,0.0,0.0,0.0,0.0,0.0,0.0,1.0,0.0,0.0,0.0,0.0,0.0,0.0,0.0,0.404195,0.244546,0.522299
sub-0300500_ses-3_run-1_task-rest_bold_cleaned,300500,3,Awake,12.0,9.4,2500.0,0.0,0.0,0.0,0.0,0.0,0.0,1.0,0.0,0.0,0.0,0.0,0.0,0.0,0.0,0.341188,0.299361,0.521487
sub-0300500_ses-3_run-2_task-rest_bold_cleaned,300500,3,Awake,12.0,9.4,2500.0,0.0,0.0,0.0,0.0,0.0,0.0,1.0,0.0,0.0,0.0,0.0,0.0,0.0,0.0,0.490929,0.38314,0.582189
sub-0300500_ses-3_run-3_task-rest_bold_cleaned,300500,3,Awake,12.0,9.4,2500.0,0.0,0.0,0.0,0.0,0.0,0.0,1.0,0.0,0.0,0.0,0.0,0.0,0.0,0.0,0.450183,0.442792,0.479111
sub-0300500_ses-3_run-4_task-rest_bold_cleaned,300500,3,Awake,12.0,9.4,2500.0,0.0,0.0,0.0,0.0,0.0,0.0,1.0,0.0,0.0,0.0,0.0,0.0,0.0,0.0,0.367694,0.462683,0.632625
sub-0300500_ses-4_run-1_task-rest_bold_cleaned,300500,4,Awake,12.0,9.4,2500.0,0.0,0.0,0.0,0.0,0.0,0.0,1.0,0.0,0.0,0.0,0.0,0.0,0.0,0.0,0.388967,0.281299,0.29931
sub-0300500_ses-4_run-2_task-rest_bold_cleaned,300500,4,Awake,12.0,9.4,2500.0,0.0,0.0,0.0,0.0,0.0,0.0,1.0,0.0,0.0,0.0,0.0,0.0,0.0,0.0,0.440091,0.287142,0.403024
sub-0300500_ses-4_run-3_task-rest_bold_cleaned,300500,4,Awake,12.0,9.4,2500.0,0.0,0.0,0.0,0.0,0.0,0.0,1.0,0.0,0.0,0.0,0.0,0.0,0.0,0.0,0.372828,0.266238,0.402018
sub-0300500_ses-4_run-4_task-rest_bold_cleaned,300500,4,Awake,12.0,9.4,2500.0,0.0,0.0,0.0,0.0,0.0,0.0,1.0,0.0,0.0,0.0,0.0,0.0,0.0,0.0,0.504835,0.455503,0.41775
sub-0300500_ses-5_run-1_task-rest_bold_cleaned,300500,5,Awake,12.0,9.4,2500.0,0.0,0.0,0.0,0.0,0.0,0.0,1.0,0.0,0.0,0.0,0.0,0.0,0.0,0.0,0.362938,0.342887,0.392453
sub-0300500_ses-5_run-2_task-rest_bold_cleaned,300500,5,Awake,12.0,9.4,2500.0,0.0,0.0,0.0,0.0,0.0,0.0,1.0,0.0,0.0,0.0,0.0,0.0,0.0,0.0,0.44348,0.282392,0.496407
sub-0300500_ses-5_run-3_task-rest_bold_cleaned,300500,5,Awake,12.0,9.4,2500.0,0.0,0.0,0.0,0.0,0.0,0.0,1.0,0.0,0.0,0.0,0.0,0.0,0.0,0.0,0.473342,0.398348,0.445052
sub-0300500_ses-5_run-4_task-rest_bold_cleaned,300500,5,Awake,12.0,9.4,2500.0,0.0,0.0,0.0,0.0,0.0,0.0,1.0,0.0,0.0,0.0,0.0,0.0,0.0,0.0,0.438447,0.393908,0.538678
sub-0300500_ses-6_run-1_task-rest_bold_cleaned,300500,6,Awake,12.0,9.4,2500.0,0.0,0.0,0.0,0.0,0.0,0.0,1.0,0.0,0.0,0.0,0.0,0.0,0.0,0.0,0.342527,0.306922,0.388068
sub-0300500_ses-6_run-2_task-rest_bold_cleaned,300500,6,Awake,12.0,9.4,2500.0,0.0,0.0,0.0,0.0,0.0,0.0,1.0,0.0,0.0,0.0,0.0,0.0,0.0,0.0,0.246969,0.195946,0.294169
sub-0300500_ses-6_run-3_task-rest_bold_cleaned,300500,6,Awake,12.0,9.4,2500.0,0.0,0.0,0.0,0.0,0.0,0.0,1.0,0.0,0.0,0.0,0.0,0.0,0.0,0.0,0.329387,0.324194,0.302118
sub-0300500_ses-6_run-4_task-rest_bold_cleaned,300500,6,Awake,12.0,9.4,2500.0,0.0,0.0,0.0,0.0,0.0,0.0,1.0,0.0,0.0,0.0,0.0,0.0,0.0,0.0,0.239692,0.265891,0.399743
sub-0300500_ses-7_run-1_task-rest_bold_cleaned,300500,7,Awake,12.0,9.4,2500.0,0.0,0.0,0.0,0.0,0.0,0.0,1.0,0.0,0.0,0.0,0.0,0.0,0.0,0.0,0.212153,0.192716,0.279798
sub-0300500_ses-7_run-2_task-rest_bold_cleaned,300500,7,Awake,12.0,9.4,2500.0,0.0,0.0,0.0,0.0,0.0,0.0,1.0,0.0,0.0,0.0,0.0,0.0,0.0,0.0,0.232675,0.141866,0.263488
sub-0300500_ses-7_run-3_task-rest_bold_cleaned,300500,7,Awake,12.0,9.4,2500.0,0.0,0.0,0.0,0.0,0.0,0.0,1.0,0.0,0.0,0.0,0.0,0.0,0.0,0.0,0.34132,0.186945,0.293863
sub-0300500_ses-7_run-4_task-rest_bold_cleaned,300500,7,Awake,12.0,9.4,2500.0,0.0,0.0,0.0,0.0,0.0,0.0,1.0,0.0,0.0,0.0,0.0,0.0,0.0,0.0,0.257457,0.20207,0.302341
sub-0300500_ses-8_run-1_task-rest_bold_cleaned,300500,8,Awake,12.0,9.4,2500.0,0.0,0.0,0.0,0.0,0.0,0.0,1.0,0.0,0.0,0.0,0.0,0.0,0.0,0.0,0.284391,0.1626,0.285701
sub-0300500_ses-8_run-2_task-rest_bold_cleaned,300500,8,Awake,12.0,9.4,2500.0,0.0,0.0,0.0,0.0,0.0,0.0,1.0,0.0,0.0,0.0,0.0,0.0,0.0,0.0,0.212309,0.192632,0.243332
sub-0300500_ses-8_run-3_task-rest_bold_cleaned,300500,8,Awake,12.0,9.4,2500.0,0.0,0.0,0.0,0.0,0.0,0.0,1.0,0.0,0.0,0.0,0.0,0.0,0.0,0.0,0.246518,0.183251,0.284031
sub-0300500_ses-8_run-4_task-rest_bold_cleaned,300500,8,Awake,12.0,9.4,2500.0,0.0,0.0,0.0,0.0,0.0,0.0,1.0,0.0,0.0,0.0,0.0,0.0,0.0,0.0,0.306786,0.21064,0.238316
sub-0300501_ses-1_run-1_task-rest_bold_cleaned,300501,1,Awake,12.0,9.4,2500.0,0.0,0.0,0.0,0.0,0.0,0.0,1.0,0.0,0.0,0.0,0.0,0.0,0.0,0.0,0.546544,0.345082,0.473151
sub-0300501_ses-1_run-2_task-rest_bold_cleaned,300501,1,Awake,12.0,9.4,2500.0,0.0,0.0,0.0,0.0,0.0,0.0,1.0,0.0,0.0,0.0,0.0,0.0,0.0,0.0,0.510713,0.296023,0.353492
sub-0300501_ses-1_run-3_task-rest_bold_cleaned,300501,1,Awake,12.0,9.4,2500.0,0.0,0.0,0.0,0.0,0.0,0.0,1.0,0.0,0.0,0.0,0.0,0.0,0.0,0.0,0.409934,0.213028,0.307084
sub-0300501_ses-1_run-4_task-rest_bold_cleaned,300501,1,Awake,12.0,9.4,2500.0,0.0,0.0,0.0,0.0,0.0,0.0,1.0,0.0,0.0,0.0,0.0,0.0,0.0,0.0,0.390537,0.23852,0.310099
sub-0300501_ses-2_run-1_task-rest_bold_cleaned,300501,2,Awake,12.0,9.4,2500.0,0.0,0.0,0.0,0.0,0.0,0.0,1.0,0.0,0.0,0.0,0.0,0.0,0.0,0.0,0.350846,0.214911,0.35263
sub-0300501_ses-2_run-2_task-rest_bold_cleaned,300501,2,Awake,12.0,9.4,2500.0,0.0,0.0,0.0,0.0,0.0,0.0,1.0,0.0,0.0,0.0,0.0,0.0,0.0,0.0,0.542189,0.248675,0.453568
sub-0300501_ses-2_run-3_task-rest_bold_cleaned,300501,2,Awake,12.0,9.4,2500.0,0.0,0.0,0.0,0.0,0.0,0.0,1.0,0.0,0.0,0.0,0.0,0.0,0.0,0.0,0.40137,0.283487,0.393199
sub-0300501_ses-2_run-4_task-rest_bold_cleaned,300501,2,Awake,12.0,9.4,2500.0,0.0,0.0,0.0,0.0,0.0,0.0,1.0,0.0,0.0,0.0,0.0,0.0,0.0,0.0,0.421439,0.260338,0.410975
sub-0300501_ses-3_run-1_task-rest_bold_cleaned,300501,3,Awake,12.0,9.4,2500.0,0.0,0.0,0.0,0.0,0.0,0.0,1.0,0.0,0.0,0.0,0.0,0.0,0.0,0.0,0.501677,0.241503,0.32797
sub-0300501_ses-3_run-2_task-rest_bold_cleaned,300501,3,Awake,12.0,9.4,2500.0,0.0,0.0,0.0,0.0,0.0,0.0,1.0,0.0,0.0,0.0,0.0,0.0,0.0,0.0,0.506416,0.281209,0.351333
sub-0300501_ses-3_run-3_task-rest_bold_cleaned,300501,3,Awake,12.0,9.4,2500.0,0.0,0.0,0.0,0.0,0.0,0.0,1.0,0.0,0.0,0.0,0.0,0.0,0.0,0.0,0.378992,0.20889,0.405481
sub-0300501_ses-3_run-4_task-rest_bold_cleaned,300501,3,Awake,12.0,9.4,2500.0,0.0,0.0,0.0,0.0,0.0,0.0,1.0,0.0,0.0,0.0,0.0,0.0,0.0,0.0,0.327599,0.160291,0.286388
sub-0300501_ses-4_run-1_task-rest_bold_cleaned,300501,4,Awake,12.0,9.4,2500.0,0.0,0.0,0.0,0.0,0.0,0.0,1.0,0.0,0.0,0.0,0.0,0.0,0.0,0.0,0.223959,0.209258,0.225502
sub-0300501_ses-4_run-2_task-rest_bold_cleaned,300501,4,Awake,12.0,9.4,2500.0,0.0,0.0,0.0,0.0,0.0,0.0,1.0,0.0,0.0,0.0,0.0,0.0,0.0,0.0,0.232584,0.140534,0.237335
sub-0300501_ses-4_run-3_task-rest_bold_cleaned,300501,4,Awake,12.0,9.4,2500.0,0.0,0.0,0.0,0.0,0.0,0.0,1.0,0.0,0.0,0.0,0.0,0.0,0.0,0.0,0.238441,0.184424,0.258068
sub-0300501_ses-4_run-4_task-rest_bold_cleaned,300501,4,Awake,12.0,9.4,2500.0,0.0,0.0,0.0,0.0,0.0,0.0,1.0,0.0,0.0,0.0,0.0,0.0,0.0,0.0,0.270735,0.187337,0.318838
sub-0300501_ses-5_run-1_task-rest_bold_cleaned,300501,5,Awake,12.0,9.4,2500.0,0.0,0.0,0.0,0.0,0.0,0.0,1.0,0.0,0.0,0.0,0.0,0.0,0.0,0.0,0.344699,0.239664,0.402864
sub-0300501_ses-5_run-2_task-rest_bold_cleaned,300501,5,Awake,12.0,9.4,2500.0,0.0,0.0,0.0,0.0,0.0,0.0,1.0,0.0,0.0,0.0,0.0,0.0,0.0,0.0,0.284677,0.24578,0.365767
sub-0300501_ses-5_run-3_task-rest_bold_cleaned,300501,5,Awake,12.0,9.4,2500.0,0.0,0.0,0.0,0.0,0.0,0.0,1.0,0.0,0.0,0.0,0.0,0.0,0.0,0.0,0.282992,0.196079,0.26752
sub-0300501_ses-5_run-4_task-rest_bold_cleaned,300501,5,Awake,12.0,9.4,2500.0,0.0,0.0,0.0,0.0,0.0,0.0,1.0,0.0,0.0,0.0,0.0,0.0,0.0,0.0,0.268541,0.210187,0.302375
sub-0300501_ses-6_run-1_task-rest_bold_cleaned,300501,6,Awake,12.0,9.4,2500.0,0.0,0.0,0.0,0.0,0.0,0.0,1.0,0.0,0.0,0.0,0.0,0.0,0.0,0.0,0.651099,0.331711,0.591708
sub-0300501_ses-6_run-2_task-rest_bold_cleaned,300501,6,Awake,12.0,9.4,2500.0,0.0,0.0,0.0,0.0,0.0,0.0,1.0,0.0,0.0,0.0,0.0,0.0,0.0,0.0,0.696822,0.540599,0.618933
sub-0300501_ses-6_run-3_task-rest_bold_cleaned,300501,6,Awake,12.0,9.4,2500.0,0.0,0.0,0.0,0.0,0.0,0.0,1.0,0.0,0.0,0.0,0.0,0.0,0.0,0.0,0.724153,0.287709,0.407509
sub-0300501_ses-6_run-4_task-rest_bold_cleaned,300501,6,Awake,12.0,9.4,2500.0,0.0,0.0,0.0,0.0,0.0,0.0,1.0,0.0,0.0,0.0,0.0,0.0,0.0,0.0,0.580751,0.353372,0.635699
sub-0300501_ses-7_run-1_task-rest_bold_cleaned,300501,7,Awake,12.0,9.4,2500.0,0.0,0.0,0.0,0.0,0.0,0.0,1.0,0.0,0.0,0.0,0.0,0.0,0.0,0.0,0.256248,0.187074,0.295035
sub-0300501_ses-7_run-2_task-rest_bold_cleaned,300501,7,Awake,12.0,9.4,2500.0,0.0,0.0,0.0,0.0,0.0,0.0,1.0,0.0,0.0,0.0,0.0,0.0,0.0,0.0,0.250069,0.231537,0.282418
sub-0300501_ses-7_run-3_task-rest_bold_cleaned,300501,7,Awake,12.0,9.4,2500.0,0.0,0.0,0.0,0.0,0.0,0.0,1.0,0.0,0.0,0.0,0.0,0.0,0.0,0.0,0.309728,0.150158,0.304685
sub-0300501_ses-7_run-4_task-rest_bold_cleaned,300501,7,Awake,12.0,9.4,2500.0,0.0,0.0,0.0,0.0,0.0,0.0,1.0,0.0,0.0,0.0,0.0,0.0,0.0,0.0,0.270312,0.197122,0.251704
sub-0300502_ses-1_run-1_task-rest_bold_cleaned,300502,1,Awake,12.0,9.4,2500.0,0.0,0.0,0.0,0.0,0.0,0.0,1.0,0.0,0.0,0.0,0.0,0.0,0.0,0.0,0.528547,0.491426,0.396664
sub-0300502_ses-1_run-2_task-rest_bold_cleaned,300502,1,Awake,12.0,9.4,2500.0,0.0,0.0,0.0,0.0,0.0,0.0,1.0,0.0,0.0,0.0,0.0,0.0,0.0,0.0,0.463936,0.365225,0.397786
sub-0300502_ses-1_run-3_task-rest_bold_cleaned,300502,1,Awake,12.0,9.4,2500.0,0.0,0.0,0.0,0.0,0.0,0.0,1.0,0.0,0.0,0.0,0.0,0.0,0.0,0.0,0.382826,0.321689,0.387513
sub-0300502_ses-1_run-4_task-rest_bold_cleaned,300502,1,Awake,12.0,9.4,2500.0,0.0,0.0,0.0,0.0,0.0,0.0,1.0,0.0,0.0,0.0,0.0,0.0,0.0,0.0,0.395985,0.390794,0.378993
sub-0300502_ses-2_run-1_task-rest_bold_cleaned,300502,2,Awake,12.0,9.4,2500.0,0.0,0.0,0.0,0.0,0.0,0.0,1.0,0.0,0.0,0.0,0.0,0.0,0.0,0.0,0.667621,0.439594,0.513908
sub-0300502_ses-2_run-2_task-rest_bold_cleaned,300502,2,Awake,12.0,9.4,2500.0,0.0,0.0,0.0,0.0,0.0,0.0,1.0,0.0,0.0,0.0,0.0,0.0,0.0,0.0,0.611481,0.523178,0.55681
sub-0300502_ses-2_run-3_task-rest_bold_cleaned,300502,2,Awake,12.0,9.4,2500.0,0.0,0.0,0.0,0.0,0.0,0.0,1.0,0.0,0.0,0.0,0.0,0.0,0.0,0.0,0.528216,0.380706,0.743411
sub-0300502_ses-3_run-1_task-rest_bold_cleaned,300502,3,Awake,12.0,9.4,2500.0,0.0,0.0,0.0,0.0,0.0,0.0,1.0,0.0,0.0,0.0,0.0,0.0,0.0,0.0,0.654304,0.323309,0.495537
sub-0300502_ses-3_run-2_task-rest_bold_cleaned,300502,3,Awake,12.0,9.4,2500.0,0.0,0.0,0.0,0.0,0.0,0.0,1.0,0.0,0.0,0.0,0.0,0.0,0.0,0.0,0.641028,0.318575,0.419083
sub-0300502_ses-3_run-3_task-rest_bold_cleaned,300502,3,Awake,12.0,9.4,2500.0,0.0,0.0,0.0,0.0,0.0,0.0,1.0,0.0,0.0,0.0,0.0,0.0,0.0,0.0,0.960322,0.335269,0.516408
sub-0300502_ses-3_run-4_task-rest_bold_cleaned,300502,3,Awake,12.0,9.4,2500.0,0.0,0.0,0.0,0.0,0.0,0.0,1.0,0.0,0.0,0.0,0.0,0.0,0.0,0.0,0.763058,0.320165,0.517194
sub-0300502_ses-4_run-1_task-rest_bold_cleaned,300502,4,Awake,12.0,9.4,2500.0,0.0,0.0,0.0,0.0,0.0,0.0,1.0,0.0,0.0,0.0,0.0,0.0,0.0,0.0,0.257728,0.224583,0.298434
sub-0300502_ses-4_run-2_task-rest_bold_cleaned,300502,4,Awake,12.0,9.4,2500.0,0.0,0.0,0.0,0.0,0.0,0.0,1.0,0.0,0.0,0.0,0.0,0.0,0.0,0.0,0.280255,0.197039,0.30392
sub-0300502_ses-4_run-3_task-rest_bold_cleaned,300502,4,Awake,12.0,9.4,2500.0,0.0,0.0,0.0,0.0,0.0,0.0,1.0,0.0,0.0,0.0,0.0,0.0,0.0,0.0,0.28638,0.161879,0.314452
sub-0300502_ses-4_run-4_task-rest_bold_cleaned,300502,4,Awake,12.0,9.4,2500.0,0.0,0.0,0.0,0.0,0.0,0.0,1.0,0.0,0.0,0.0,0.0,0.0,0.0,0.0,0.340265,0.208326,0.324091
sub-0300502_ses-5_run-1_task-rest_bold_cleaned,300502,5,Awake,12.0,9.4,2500.0,0.0,0.0,0.0,0.0,0.0,0.0,1.0,0.0,0.0,0.0,0.0,0.0,0.0,0.0,0.306478,0.203085,0.333238
sub-0300502_ses-5_run-2_task-rest_bold_cleaned,300502,5,Awake,12.0,9.4,2500.0,0.0,0.0,0.0,0.0,0.0,0.0,1.0,0.0,0.0,0.0,0.0,0.0,0.0,0.0,0.452528,0.192132,0.395773
sub-0300502_ses-5_run-3_task-rest_bold_cleaned,300502,5,Awake,12.0,9.4,2500.0,0.0,0.0,0.0,0.0,0.0,0.0,1.0,0.0,0.0,0.0,0.0,0.0,0.0,0.0,0.445204,0.179065,0.307613
sub-0300502_ses-5_run-4_task-rest_bold_cleaned,300502,5,Awake,12.0,9.4,2500.0,0.0,0.0,0.0,0.0,0.0,0.0,1.0,0.0,0.0,0.0,0.0,0.0,0.0,0.0,0.419641,0.263898,0.437717
sub-0300502_ses-6_run-1_task-rest_bold_cleaned,300502,6,Awake,12.0,9.4,2500.0,0.0,0.0,0.0,0.0,0.0,0.0,1.0,0.0,0.0,0.0,0.0,0.0,0.0,0.0,0.38968,0.35134,0.455147
sub-0300502_ses-6_run-2_task-rest_bold_cleaned,300502,6,Awake,12.0,9.4,2500.0,0.0,0.0,0.0,0.0,0.0,0.0,1.0,0.0,0.0,0.0,0.0,0.0,0.0,0.0,0.613529,0.523005,0.587908
sub-0300502_ses-6_run-3_task-rest_bold_cleaned,300502,6,Awake,12.0,9.4,2500.0,0.0,0.0,0.0,0.0,0.0,0.0,1.0,0.0,0.0,0.0,0.0,0.0,0.0,0.0,0.534067,0.4657,0.621257
sub-0300502_ses-6_run-4_task-rest_bold_cleaned,300502,6,Awake,12.0,9.4,2500.0,0.0,0.0,0.0,0.0,0.0,0.0,1.0,0.0,0.0,0.0,0.0,0.0,0.0,0.0,0.958936,0.449377,0.621388
sub-0300502_ses-7_run-1_task-rest_bold_cleaned,300502,7,Awake,12.0,9.4,2500.0,0.0,0.0,0.0,0.0,0.0,0.0,1.0,0.0,0.0,0.0,0.0,0.0,0.0,0.0,0.398056,0.283665,0.405035
sub-0300502_ses-7_run-2_task-rest_bold_cleaned,300502,7,Awake,12.0,9.4,2500.0,0.0,0.0,0.0,0.0,0.0,0.0,1.0,0.0,0.0,0.0,0.0,0.0,0.0,0.0,0.430471,0.209159,0.353338
sub-0300502_ses-7_run-3_task-rest_bold_cleaned,300502,7,Awake,12.0,9.4,2500.0,0.0,0.0,0.0,0.0,0.0,0.0,1.0,0.0,0.0,0.0,0.0,0.0,0.0,0.0,0.389648,0.264039,0.492242
sub-0300502_ses-7_run-4_task-rest_bold_cleaned,300502,7,Awake,12.0,9.4,2500.0,0.0,0.0,0.0,0.0,0.0,0.0,1.0,0.0,0.0,0.0,0.0,0.0,0.0,0.0,0.437428,0.297642,0.41126
sub-0300503_ses-1_run-1_task-rest_bold_cleaned,300503,1,Awake,12.0,9.4,2500.0,0.0,0.0,0.0,0.0,0.0,0.0,1.0,0.0,0.0,0.0,0.0,0.0,0.0,0.0,0.468685,0.385438,0.632835
sub-0300503_ses-1_run-2_task-rest_bold_cleaned,300503,1,Awake,12.0,9.4,2500.0,0.0,0.0,0.0,0.0,0.0,0.0,1.0,0.0,0.0,0.0,0.0,0.0,0.0,0.0,0.388935,0.358039,0.522871
sub-0300503_ses-1_run-3_task-rest_bold_cleaned,300503,1,Awake,12.0,9.4,2500.0,0.0,0.0,0.0,0.0,0.0,0.0,1.0,0.0,0.0,0.0,0.0,0.0,0.0,0.0,0.497256,0.369426,0.476558
sub-0300503_ses-1_run-4_task-rest_bold_cleaned,300503,1,Awake,12.0,9.4,2500.0,0.0,0.0,0.0,0.0,0.0,0.0,1.0,0.0,0.0,0.0,0.0,0.0,0.0,0.0,0.461081,0.322948,0.45711
sub-0300503_ses-2_run-1_task-rest_bold_cleaned,300503,2,Awake,12.0,9.4,2500.0,0.0,0.0,0.0,0.0,0.0,0.0,1.0,0.0,0.0,0.0,0.0,0.0,0.0,0.0,0.535891,0.429291,0.575708
sub-0300503_ses-2_run-2_task-rest_bold_cleaned,300503,2,Awake,12.0,9.4,2500.0,0.0,0.0,0.0,0.0,0.0,0.0,1.0,0.0,0.0,0.0,0.0,0.0,0.0,0.0,0.455725,0.40327,0.463198
sub-0300503_ses-2_run-3_task-rest_bold_cleaned,300503,2,Awake,12.0,9.4,2500.0,0.0,0.0,0.0,0.0,0.0,0.0,1.0,0.0,0.0,0.0,0.0,0.0,0.0,0.0,0.582013,0.409445,0.592254
sub-0300503_ses-2_run-4_task-rest_bold_cleaned,300503,2,Awake,12.0,9.4,2500.0,0.0,0.0,0.0,0.0,0.0,0.0,1.0,0.0,0.0,0.0,0.0,0.0,0.0,0.0,0.670197,0.236324,0.586846
sub-0300503_ses-3_run-1_task-rest_bold_cleaned,300503,3,Awake,12.0,9.4,2500.0,0.0,0.0,0.0,0.0,0.0,0.0,1.0,0.0,0.0,0.0,0.0,0.0,0.0,0.0,0.340496,0.226849,0.402648
sub-0300503_ses-3_run-2_task-rest_bold_cleaned,300503,3,Awake,12.0,9.4,2500.0,0.0,0.0,0.0,0.0,0.0,0.0,1.0,0.0,0.0,0.0,0.0,0.0,0.0,0.0,0.455341,0.260853,0.361737
sub-0300503_ses-3_run-3_task-rest_bold_cleaned,300503,3,Awake,12.0,9.4,2500.0,0.0,0.0,0.0,0.0,0.0,0.0,1.0,0.0,0.0,0.0,0.0,0.0,0.0,0.0,0.615092,0.299246,0.380886
sub-0300503_ses-3_run-4_task-rest_bold_cleaned,300503,3,Awake,12.0,9.4,2500.0,0.0,0.0,0.0,0.0,0.0,0.0,1.0,0.0,0.0,0.0,0.0,0.0,0.0,0.0,0.55764,0.297761,0.498046
sub-0300503_ses-4_run-1_task-rest_bold_cleaned,300503,4,Awake,12.0,9.4,2500.0,0.0,0.0,0.0,0.0,0.0,0.0,1.0,0.0,0.0,0.0,0.0,0.0,0.0,0.0,0.676901,0.385023,0.525067
sub-0300503_ses-4_run-2_task-rest_bold_cleaned,300503,4,Awake,12.0,9.4,2500.0,0.0,0.0,0.0,0.0,0.0,0.0,1.0,0.0,0.0,0.0,0.0,0.0,0.0,0.0,0.615493,0.404798,0.527415
sub-0300503_ses-4_run-3_task-rest_bold_cleaned,300503,4,Awake,12.0,9.4,2500.0,0.0,0.0,0.0,0.0,0.0,0.0,1.0,0.0,0.0,0.0,0.0,0.0,0.0,0.0,0.603942,0.329936,0.465467
sub-0300503_ses-4_run-4_task-rest_bold_cleaned,300503,4,Awake,12.0,9.4,2500.0,0.0,0.0,0.0,0.0,0.0,0.0,1.0,0.0,0.0,0.0,0.0,0.0,0.0,0.0,0.605451,0.234625,0.442618
sub-0300503_ses-5_run-1_task-rest_bold_cleaned,300503,5,Awake,12.0,9.4,2500.0,0.0,0.0,0.0,0.0,0.0,0.0,1.0,0.0,0.0,0.0,0.0,0.0,0.0,0.0,0.366178,0.302354,0.335285
sub-0300503_ses-5_run-2_task-rest_bold_cleaned,300503,5,Awake,12.0,9.4,2500.0,0.0,0.0,0.0,0.0,0.0,0.0,1.0,0.0,0.0,0.0,0.0,0.0,0.0,0.0,0.423316,0.32277,0.407071
sub-0300503_ses-5_run-3_task-rest_bold_cleaned,300503,5,Awake,12.0,9.4,2500.0,0.0,0.0,0.0,0.0,0.0,0.0,1.0,0.0,0.0,0.0,0.0,0.0,0.0,0.0,0.472943,0.363326,0.466827
sub-0300503_ses-5_run-4_task-rest_bold_cleaned,300503,5,Awake,12.0,9.4,2500.0,0.0,0.0,0.0,0.0,0.0,0.0,1.0,0.0,0.0,0.0,0.0,0.0,0.0,0.0,0.447666,0.321594,0.447614
sub-0300503_ses-6_run-1_task-rest_bold_cleaned,300503,6,Awake,12.0,9.4,2500.0,0.0,0.0,0.0,0.0,0.0,0.0,1.0,0.0,0.0,0.0,0.0,0.0,0.0,0.0,0.461274,0.335982,0.494025
sub-0300503_ses-6_run-2_task-rest_bold_cleaned,300503,6,Awake,12.0,9.4,2500.0,0.0,0.0,0.0,0.0,0.0,0.0,1.0,0.0,0.0,0.0,0.0,0.0,0.0,0.0,0.490635,0.331986,0.474781
sub-0300503_ses-6_run-3_task-rest_bold_cleaned,300503,6,Awake,12.0,9.4,2500.0,0.0,0.0,0.0,0.0,0.0,0.0,1.0,0.0,0.0,0.0,0.0,0.0,0.0,0.0,0.536385,0.308229,0.375206
sub-0300503_ses-6_run-4_task-rest_bold_cleaned,300503,6,Awake,12.0,9.4,2500.0,0.0,0.0,0.0,0.0,0.0,0.0,1.0,0.0,0.0,0.0,0.0,0.0,0.0,0.0,0.591902,0.351827,0.464383
sub-0300503_ses-7_run-1_task-rest_bold_cleaned,300503,7,Awake,12.0,9.4,2500.0,0.0,0.0,0.0,0.0,0.0,0.0,1.0,0.0,0.0,0.0,0.0,0.0,0.0,0.0,0.496384,0.325372,0.381785
sub-0300503_ses-7_run-2_task-rest_bold_cleaned,300503,7,Awake,12.0,9.4,2500.0,0.0,0.0,0.0,0.0,0.0,0.0,1.0,0.0,0.0,0.0,0.0,0.0,0.0,0.0,0.583874,0.276268,0.480049
sub-0300503_ses-7_run-3_task-rest_bold_cleaned,300503,7,Awake,12.0,9.4,2500.0,0.0,0.0,0.0,0.0,0.0,0.0,1.0,0.0,0.0,0.0,0.0,0.0,0.0,0.0,0.47447,0.313531,0.503047
sub-0300503_ses-7_run-4_task-rest_bold_cleaned,300503,7,Awake,12.0,9.4,2500.0,0.0,0.0,0.0,0.0,0.0,0.0,1.0,0.0,0.0,0.0,0.0,0.0,0.0,0.0,0.49154,0.216929,0.443025
sub-0300504_ses-1_run-1_task-rest_bold_cleaned,300504,1,Awake,12.0,9.4,2500.0,0.0,0.0,0.0,0.0,0.0,0.0,1.0,0.0,0.0,0.0,0.0,0.0,0.0,0.0,0.530498,0.47293,0.628223
sub-0300504_ses-1_run-2_task-rest_bold_cleaned,300504,1,Awake,12.0,9.4,2500.0,0.0,0.0,0.0,0.0,0.0,0.0,1.0,0.0,0.0,0.0,0.0,0.0,0.0,0.0,0.455178,0.393219,0.456693
sub-0300504_ses-1_run-3_task-rest_bold_cleaned,300504,1,Awake,12.0,9.4,2500.0,0.0,0.0,0.0,0.0,0.0,0.0,1.0,0.0,0.0,0.0,0.0,0.0,0.0,0.0,0.663099,0.426464,0.523259
sub-0300504_ses-2_run-1_task-rest_bold_cleaned,300504,2,Awake,12.0,9.4,2500.0,0.0,0.0,0.0,0.0,0.0,0.0,1.0,0.0,0.0,0.0,0.0,0.0,0.0,0.0,0.388947,0.320737,0.42076
sub-0300504_ses-2_run-2_task-rest_bold_cleaned,300504,2,Awake,12.0,9.4,2500.0,0.0,0.0,0.0,0.0,0.0,0.0,1.0,0.0,0.0,0.0,0.0,0.0,0.0,0.0,0.436614,0.310612,0.358951
sub-0300504_ses-2_run-3_task-rest_bold_cleaned,300504,2,Awake,12.0,9.4,2500.0,0.0,0.0,0.0,0.0,0.0,0.0,1.0,0.0,0.0,0.0,0.0,0.0,0.0,0.0,0.409199,0.289714,0.432683
sub-0300504_ses-2_run-4_task-rest_bold_cleaned,300504,2,Awake,12.0,9.4,2500.0,0.0,0.0,0.0,0.0,0.0,0.0,1.0,0.0,0.0,0.0,0.0,0.0,0.0,0.0,0.55116,0.344074,0.507948
sub-0300504_ses-3_run-1_task-rest_bold_cleaned,300504,3,Awake,12.0,9.4,2500.0,0.0,0.0,0.0,0.0,0.0,0.0,1.0,0.0,0.0,0.0,0.0,0.0,0.0,0.0,0.394946,0.316371,0.355027
sub-0300504_ses-3_run-2_task-rest_bold_cleaned,300504,3,Awake,12.0,9.4,2500.0,0.0,0.0,0.0,0.0,0.0,0.0,1.0,0.0,0.0,0.0,0.0,0.0,0.0,0.0,0.466909,0.360509,0.500842
sub-0300504_ses-3_run-3_task-rest_bold_cleaned,300504,3,Awake,12.0,9.4,2500.0,0.0,0.0,0.0,0.0,0.0,0.0,1.0,0.0,0.0,0.0,0.0,0.0,0.0,0.0,0.363639,0.276316,0.394378
sub-0300504_ses-3_run-4_task-rest_bold_cleaned,300504,3,Awake,12.0,9.4,2500.0,0.0,0.0,0.0,0.0,0.0,0.0,1.0,0.0,0.0,0.0,0.0,0.0,0.0,0.0,0.470054,0.468126,0.498892
sub-0300504_ses-4_run-1_task-rest_bold_cleaned,300504,4,Awake,12.0,9.4,2500.0,0.0,0.0,0.0,0.0,0.0,0.0,1.0,0.0,0.0,0.0,0.0,0.0,0.0,0.0,0.453962,0.266443,0.523799
sub-0300504_ses-4_run-2_task-rest_bold_cleaned,300504,4,Awake,12.0,9.4,2500.0,0.0,0.0,0.0,0.0,0.0,0.0,1.0,0.0,0.0,0.0,0.0,0.0,0.0,0.0,0.406655,0.273014,0.551052
sub-0300504_ses-4_run-3_task-rest_bold_cleaned,300504,4,Awake,12.0,9.4,2500.0,0.0,0.0,0.0,0.0,0.0,0.0,1.0,0.0,0.0,0.0,0.0,0.0,0.0,0.0,0.546644,0.278636,0.480956
sub-0300504_ses-4_run-4_task-rest_bold_cleaned,300504,4,Awake,12.0,9.4,2500.0,0.0,0.0,0.0,0.0,0.0,0.0,1.0,0.0,0.0,0.0,0.0,0.0,0.0,0.0,0.437643,0.337426,0.440541
sub-0300504_ses-5_run-1_task-rest_bold_cleaned,300504,5,Awake,12.0,9.4,2500.0,0.0,0.0,0.0,0.0,0.0,0.0,1.0,0.0,0.0,0.0,0.0,0.0,0.0,0.0,0.513374,0.418954,0.67167
sub-0300504_ses-5_run-2_task-rest_bold_cleaned,300504,5,Awake,12.0,9.4,2500.0,0.0,0.0,0.0,0.0,0.0,0.0,1.0,0.0,0.0,0.0,0.0,0.0,0.0,0.0,0.578142,0.300373,0.452284
sub-0300504_ses-5_run-3_task-rest_bold_cleaned,300504,5,Awake,12.0,9.4,2500.0,0.0,0.0,0.0,0.0,0.0,0.0,1.0,0.0,0.0,0.0,0.0,0.0,0.0,0.0,0.586251,0.421769,0.537144
sub-0300504_ses-5_run-4_task-rest_bold_cleaned,300504,5,Awake,12.0,9.4,2500.0,0.0,0.0,0.0,0.0,0.0,0.0,1.0,0.0,0.0,0.0,0.0,0.0,0.0,0.0,0.507387,0.22525,0.406607
sub-0300504_ses-6_run-1_task-rest_bold_cleaned,300504,6,Awake,12.0,9.4,2500.0,0.0,0.0,0.0,0.0,0.0,0.0,1.0,0.0,0.0,0.0,0.0,0.0,0.0,0.0,0.493465,0.33934,0.56059
sub-0300504_ses-6_run-2_task-rest_bold_cleaned,300504,6,Awake,12.0,9.4,2500.0,0.0,0.0,0.0,0.0,0.0,0.0,1.0,0.0,0.0,0.0,0.0,0.0,0.0,0.0,0.574288,0.430551,0.368789
sub-0300504_ses-6_run-3_task-rest_bold_cleaned,300504,6,Awake,12.0,9.4,2500.0,0.0,0.0,0.0,0.0,0.0,0.0,1.0,0.0,0.0,0.0,0.0,0.0,0.0,0.0,0.416806,0.347723,0.582539
sub-0300504_ses-6_run-4_task-rest_bold_cleaned,300504,6,Awake,12.0,9.4,2500.0,0.0,0.0,0.0,0.0,0.0,0.0,1.0,0.0,0.0,0.0,0.0,0.0,0.0,0.0,0.59207,0.295329,0.59394
sub-0300504_ses-7_run-1_task-rest_bold_cleaned,300504,7,Awake,12.0,9.4,2500.0,0.0,0.0,0.0,0.0,0.0,0.0,1.0,0.0,0.0,0.0,0.0,0.0,0.0,0.0,0.470396,0.312924,0.498968
sub-0300504_ses-7_run-2_task-rest_bold_cleaned,300504,7,Awake,12.0,9.4,2500.0,0.0,0.0,0.0,0.0,0.0,0.0,1.0,0.0,0.0,0.0,0.0,0.0,0.0,0.0,0.551837,0.431991,0.482745
sub-0300504_ses-7_run-3_task-rest_bold_cleaned,300504,7,Awake,12.0,9.4,2500.0,0.0,0.0,0.0,0.0,0.0,0.0,1.0,0.0,0.0,0.0,0.0,0.0,0.0,0.0,0.517155,0.337331,0.430195
sub-0300504_ses-7_run-4_task-rest_bold_cleaned,300504,7,Awake,12.0,9.4,2500.0,0.0,0.0,0.0,0.0,0.0,0.0,1.0,0.0,0.0,0.0,0.0,0.0,0.0,0.0,0.562063,0.320797,0.516168
sub-0300505_ses-1_run-1_task-rest_bold_cleaned,300505,1,Awake,12.0,9.4,2500.0,0.0,0.0,0.0,0.0,0.0,0.0,1.0,0.0,0.0,0.0,0.0,0.0,0.0,0.0,0.70267,0.433736,0.611471
sub-0300505_ses-1_run-2_task-rest_bold_cleaned,300505,1,Awake,12.0,9.4,2500.0,0.0,0.0,0.0,0.0,0.0,0.0,1.0,0.0,0.0,0.0,0.0,0.0,0.0,0.0,0.559255,0.347659,0.599263
sub-0300505_ses-1_run-3_task-rest_bold_cleaned,300505,1,Awake,12.0,9.4,2500.0,0.0,0.0,0.0,0.0,0.0,0.0,1.0,0.0,0.0,0.0,0.0,0.0,0.0,0.0,0.513308,0.414214,0.523504
sub-0300505_ses-1_run-4_task-rest_bold_cleaned,300505,1,Awake,12.0,9.4,2500.0,0.0,0.0,0.0,0.0,0.0,0.0,1.0,0.0,0.0,0.0,0.0,0.0,0.0,0.0,0.450494,0.314293,0.511884
sub-0300505_ses-2_run-1_task-rest_bold_cleaned,300505,2,Awake,12.0,9.4,2500.0,0.0,0.0,0.0,0.0,0.0,0.0,1.0,0.0,0.0,0.0,0.0,0.0,0.0,0.0,0.754006,0.33218,0.71611
sub-0300505_ses-2_run-2_task-rest_bold_cleaned,300505,2,Awake,12.0,9.4,2500.0,0.0,0.0,0.0,0.0,0.0,0.0,1.0,0.0,0.0,0.0,0.0,0.0,0.0,0.0,0.54919,0.312129,0.567053
sub-0300505_ses-2_run-3_task-rest_bold_cleaned,300505,2,Awake,12.0,9.4,2500.0,0.0,0.0,0.0,0.0,0.0,0.0,1.0,0.0,0.0,0.0,0.0,0.0,0.0,0.0,0.49044,0.384448,0.532605
sub-0300505_ses-2_run-4_task-rest_bold_cleaned,300505,2,Awake,12.0,9.4,2500.0,0.0,0.0,0.0,0.0,0.0,0.0,1.0,0.0,0.0,0.0,0.0,0.0,0.0,0.0,0.639613,0.344358,0.722071
sub-0300505_ses-3_run-1_task-rest_bold_cleaned,300505,3,Awake,12.0,9.4,2500.0,0.0,0.0,0.0,0.0,0.0,0.0,1.0,0.0,0.0,0.0,0.0,0.0,0.0,0.0,0.467983,0.436601,0.550438
sub-0300505_ses-3_run-2_task-rest_bold_cleaned,300505,3,Awake,12.0,9.4,2500.0,0.0,0.0,0.0,0.0,0.0,0.0,1.0,0.0,0.0,0.0,0.0,0.0,0.0,0.0,0.753344,0.490346,0.455607
sub-0300505_ses-3_run-3_task-rest_bold_cleaned,300505,3,Awake,12.0,9.4,2500.0,0.0,0.0,0.0,0.0,0.0,0.0,1.0,0.0,0.0,0.0,0.0,0.0,0.0,0.0,0.645743,0.415434,0.555576
sub-0300505_ses-3_run-4_task-rest_bold_cleaned,300505,3,Awake,12.0,9.4,2500.0,0.0,0.0,0.0,0.0,0.0,0.0,1.0,0.0,0.0,0.0,0.0,0.0,0.0,0.0,0.554239,0.512441,0.47783
sub-0300505_ses-4_run-1_task-rest_bold_cleaned,300505,4,Awake,12.0,9.4,2500.0,0.0,0.0,0.0,0.0,0.0,0.0,1.0,0.0,0.0,0.0,0.0,0.0,0.0,0.0,0.43134,0.401228,0.666213
sub-0300505_ses-4_run-2_task-rest_bold_cleaned,300505,4,Awake,12.0,9.4,2500.0,0.0,0.0,0.0,0.0,0.0,0.0,1.0,0.0,0.0,0.0,0.0,0.0,0.0,0.0,0.445304,0.398874,0.632237
sub-0300505_ses-4_run-3_task-rest_bold_cleaned,300505,4,Awake,12.0,9.4,2500.0,0.0,0.0,0.0,0.0,0.0,0.0,1.0,0.0,0.0,0.0,0.0,0.0,0.0,0.0,0.406456,0.436076,0.756393
sub-0300505_ses-4_run-4_task-rest_bold_cleaned,300505,4,Awake,12.0,9.4,2500.0,0.0,0.0,0.0,0.0,0.0,0.0,1.0,0.0,0.0,0.0,0.0,0.0,0.0,0.0,0.490018,0.391412,0.769448
sub-0300505_ses-5_run-1_task-rest_bold_cleaned,300505,5,Awake,12.0,9.4,2500.0,0.0,0.0,0.0,0.0,0.0,0.0,1.0,0.0,0.0,0.0,0.0,0.0,0.0,0.0,0.428116,0.382301,0.452067
sub-0300505_ses-5_run-2_task-rest_bold_cleaned,300505,5,Awake,12.0,9.4,2500.0,0.0,0.0,0.0,0.0,0.0,0.0,1.0,0.0,0.0,0.0,0.0,0.0,0.0,0.0,0.447667,0.384547,0.503473
sub-0300505_ses-5_run-3_task-rest_bold_cleaned,300505,5,Awake,12.0,9.4,2500.0,0.0,0.0,0.0,0.0,0.0,0.0,1.0,0.0,0.0,0.0,0.0,0.0,0.0,0.0,0.46472,0.350514,0.639243
sub-0300505_ses-5_run-4_task-rest_bold_cleaned,300505,5,Awake,12.0,9.4,2500.0,0.0,0.0,0.0,0.0,0.0,0.0,1.0,0.0,0.0,0.0,0.0,0.0,0.0,0.0,0.407095,0.4036,0.531044
sub-0300505_ses-6_run-1_task-rest_bold_cleaned,300505,6,Awake,12.0,9.4,2500.0,0.0,0.0,0.0,0.0,0.0,0.0,1.0,0.0,0.0,0.0,0.0,0.0,0.0,0.0,0.337091,0.276685,0.4738
sub-0300505_ses-6_run-2_task-rest_bold_cleaned,300505,6,Awake,12.0,9.4,2500.0,0.0,0.0,0.0,0.0,0.0,0.0,1.0,0.0,0.0,0.0,0.0,0.0,0.0,0.0,0.279423,0.235427,0.528758
sub-0300505_ses-6_run-3_task-rest_bold_cleaned,300505,6,Awake,12.0,9.4,2500.0,0.0,0.0,0.0,0.0,0.0,0.0,1.0,0.0,0.0,0.0,0.0,0.0,0.0,0.0,0.388194,0.293486,0.405603
sub-0300505_ses-6_run-4_task-rest_bold_cleaned,300505,6,Awake,12.0,9.4,2500.0,0.0,0.0,0.0,0.0,0.0,0.0,1.0,0.0,0.0,0.0,0.0,0.0,0.0,0.0,0.44298,0.303172,0.43812
sub-0300505_ses-7_run-1_task-rest_bold_cleaned,300505,7,Awake,12.0,9.4,2500.0,0.0,0.0,0.0,0.0,0.0,0.0,1.0,0.0,0.0,0.0,0.0,0.0,0.0,0.0,0.379933,0.417899,0.553609
sub-0300505_ses-7_run-2_task-rest_bold_cleaned,300505,7,Awake,12.0,9.4,2500.0,0.0,0.0,0.0,0.0,0.0,0.0,1.0,0.0,0.0,0.0,0.0,0.0,0.0,0.0,0.411294,0.586462,0.703017
sub-0300505_ses-7_run-3_task-rest_bold_cleaned,300505,7,Awake,12.0,9.4,2500.0,0.0,0.0,0.0,0.0,0.0,0.0,1.0,0.0,0.0,0.0,0.0,0.0,0.0,0.0,0.559093,0.633955,0.852336
sub-0300505_ses-7_run-4_task-rest_bold_cleaned,300505,7,Awake,12.0,9.4,2500.0,0.0,0.0,0.0,0.0,0.0,0.0,1.0,0.0,0.0,0.0,0.0,0.0,0.0,0.0,0.539472,0.361706,0.641435
sub-0300506_ses-1_run-1_task-rest_bold_cleaned,300506,1,Awake,12.0,9.4,2500.0,0.0,0.0,0.0,0.0,0.0,0.0,1.0,0.0,0.0,0.0,0.0,0.0,0.0,0.0,0.523228,0.414588,0.687951
sub-0300506_ses-1_run-2_task-rest_bold_cleaned,300506,1,Awake,12.0,9.4,2500.0,0.0,0.0,0.0,0.0,0.0,0.0,1.0,0.0,0.0,0.0,0.0,0.0,0.0,0.0,0.497381,0.319089,0.621537
sub-0300506_ses-1_run-3_task-rest_bold_cleaned,300506,1,Awake,12.0,9.4,2500.0,0.0,0.0,0.0,0.0,0.0,0.0,1.0,0.0,0.0,0.0,0.0,0.0,0.0,0.0,0.510818,0.446637,0.643286
sub-0300506_ses-1_run-4_task-rest_bold_cleaned,300506,1,Awake,12.0,9.4,2500.0,0.0,0.0,0.0,0.0,0.0,0.0,1.0,0.0,0.0,0.0,0.0,0.0,0.0,0.0,0.438141,0.516082,0.674335
sub-0300506_ses-2_run-1_task-rest_bold_cleaned,300506,2,Awake,12.0,9.4,2500.0,0.0,0.0,0.0,0.0,0.0,0.0,1.0,0.0,0.0,0.0,0.0,0.0,0.0,0.0,0.340875,0.341451,0.411029
sub-0300506_ses-2_run-2_task-rest_bold_cleaned,300506,2,Awake,12.0,9.4,2500.0,0.0,0.0,0.0,0.0,0.0,0.0,1.0,0.0,0.0,0.0,0.0,0.0,0.0,0.0,0.33141,0.330445,0.385807
sub-0300506_ses-2_run-3_task-rest_bold_cleaned,300506,2,Awake,12.0,9.4,2500.0,0.0,0.0,0.0,0.0,0.0,0.0,1.0,0.0,0.0,0.0,0.0,0.0,0.0,0.0,0.413437,0.278804,0.412252
sub-0300506_ses-2_run-4_task-rest_bold_cleaned,300506,2,Awake,12.0,9.4,2500.0,0.0,0.0,0.0,0.0,0.0,0.0,1.0,0.0,0.0,0.0,0.0,0.0,0.0,0.0,0.337031,0.410061,0.562375
sub-0300506_ses-3_run-1_task-rest_bold_cleaned,300506,3,Awake,12.0,9.4,2500.0,0.0,0.0,0.0,0.0,0.0,0.0,1.0,0.0,0.0,0.0,0.0,0.0,0.0,0.0,0.353937,0.315524,0.443865
sub-0300506_ses-3_run-2_task-rest_bold_cleaned,300506,3,Awake,12.0,9.4,2500.0,0.0,0.0,0.0,0.0,0.0,0.0,1.0,0.0,0.0,0.0,0.0,0.0,0.0,0.0,0.344283,0.254184,0.439159
sub-0300506_ses-3_run-3_task-rest_bold_cleaned,300506,3,Awake,12.0,9.4,2500.0,0.0,0.0,0.0,0.0,0.0,0.0,1.0,0.0,0.0,0.0,0.0,0.0,0.0,0.0,0.337797,0.298076,0.44541
sub-0300506_ses-3_run-4_task-rest_bold_cleaned,300506,3,Awake,12.0,9.4,2500.0,0.0,0.0,0.0,0.0,0.0,0.0,1.0,0.0,0.0,0.0,0.0,0.0,0.0,0.0,0.32768,0.380929,0.418575
sub-0300506_ses-4_run-1_task-rest_bold_cleaned,300506,4,Awake,12.0,9.4,2500.0,0.0,0.0,0.0,0.0,0.0,0.0,1.0,0.0,0.0,0.0,0.0,0.0,0.0,0.0,0.33227,0.256052,0.314153
sub-0300506_ses-4_run-2_task-rest_bold_cleaned,300506,4,Awake,12.0,9.4,2500.0,0.0,0.0,0.0,0.0,0.0,0.0,1.0,0.0,0.0,0.0,0.0,0.0,0.0,0.0,0.308833,0.511618,0.394439
sub-0300506_ses-4_run-4_task-rest_bold_cleaned,300506,4,Awake,12.0,9.4,2500.0,0.0,0.0,0.0,0.0,0.0,0.0,1.0,0.0,0.0,0.0,0.0,0.0,0.0,0.0,0.443347,0.293867,0.325084
sub-0300506_ses-5_run-1_task-rest_bold_cleaned,300506,5,Awake,12.0,9.4,2500.0,0.0,0.0,0.0,0.0,0.0,0.0,1.0,0.0,0.0,0.0,0.0,0.0,0.0,0.0,0.29587,0.292519,0.444854
sub-0300506_ses-5_run-2_task-rest_bold_cleaned,300506,5,Awake,12.0,9.4,2500.0,0.0,0.0,0.0,0.0,0.0,0.0,1.0,0.0,0.0,0.0,0.0,0.0,0.0,0.0,0.363625,0.341953,0.499583
sub-0300506_ses-5_run-3_task-rest_bold_cleaned,300506,5,Awake,12.0,9.4,2500.0,0.0,0.0,0.0,0.0,0.0,0.0,1.0,0.0,0.0,0.0,0.0,0.0,0.0,0.0,0.318211,0.328811,0.496561
sub-0300506_ses-5_run-4_task-rest_bold_cleaned,300506,5,Awake,12.0,9.4,2500.0,0.0,0.0,0.0,0.0,0.0,0.0,1.0,0.0,0.0,0.0,0.0,0.0,0.0,0.0,0.425041,0.356555,0.46195
sub-0300506_ses-6_run-1_task-rest_bold_cleaned,300506,6,Awake,12.0,9.4,2500.0,0.0,0.0,0.0,0.0,0.0,0.0,1.0,0.0,0.0,0.0,0.0,0.0,0.0,0.0,0.22095,0.210472,0.227078
sub-0300506_ses-6_run-2_task-rest_bold_cleaned,300506,6,Awake,12.0,9.4,2500.0,0.0,0.0,0.0,0.0,0.0,0.0,1.0,0.0,0.0,0.0,0.0,0.0,0.0,0.0,0.238027,0.167797,0.254378
sub-0300506_ses-6_run-3_task-rest_bold_cleaned,300506,6,Awake,12.0,9.4,2500.0,0.0,0.0,0.0,0.0,0.0,0.0,1.0,0.0,0.0,0.0,0.0,0.0,0.0,0.0,0.22902,0.18458,0.270984
sub-0300506_ses-6_run-4_task-rest_bold_cleaned,300506,6,Awake,12.0,9.4,2500.0,0.0,0.0,0.0,0.0,0.0,0.0,1.0,0.0,0.0,0.0,0.0,0.0,0.0,0.0,0.225721,0.237024,0.229155
sub-0300507_ses-1_run-1_task-rest_bold_cleaned,300507,1,Awake,12.0,9.4,2500.0,0.0,0.0,0.0,0.0,0.0,0.0,1.0,0.0,0.0,0.0,0.0,0.0,0.0,0.0,0.552885,0.305413,0.465023
sub-0300507_ses-1_run-2_task-rest_bold_cleaned,300507,1,Awake,12.0,9.4,2500.0,0.0,0.0,0.0,0.0,0.0,0.0,1.0,0.0,0.0,0.0,0.0,0.0,0.0,0.0,0.628563,0.482823,0.537967
sub-0300507_ses-1_run-3_task-rest_bold_cleaned,300507,1,Awake,12.0,9.4,2500.0,0.0,0.0,0.0,0.0,0.0,0.0,1.0,0.0,0.0,0.0,0.0,0.0,0.0,0.0,0.575055,0.336312,0.450637
sub-0300507_ses-1_run-4_task-rest_bold_cleaned,300507,1,Awake,12.0,9.4,2500.0,0.0,0.0,0.0,0.0,0.0,0.0,1.0,0.0,0.0,0.0,0.0,0.0,0.0,0.0,0.623641,0.524634,0.507189
sub-0300507_ses-2_run-1_task-rest_bold_cleaned,300507,2,Awake,12.0,9.4,2500.0,0.0,0.0,0.0,0.0,0.0,0.0,1.0,0.0,0.0,0.0,0.0,0.0,0.0,0.0,0.385984,0.228073,0.357659
sub-0300507_ses-2_run-2_task-rest_bold_cleaned,300507,2,Awake,12.0,9.4,2500.0,0.0,0.0,0.0,0.0,0.0,0.0,1.0,0.0,0.0,0.0,0.0,0.0,0.0,0.0,0.391502,0.257129,0.368181
sub-0300507_ses-2_run-3_task-rest_bold_cleaned,300507,2,Awake,12.0,9.4,2500.0,0.0,0.0,0.0,0.0,0.0,0.0,1.0,0.0,0.0,0.0,0.0,0.0,0.0,0.0,0.555305,0.371322,0.435613
sub-0300507_ses-2_run-4_task-rest_bold_cleaned,300507,2,Awake,12.0,9.4,2500.0,0.0,0.0,0.0,0.0,0.0,0.0,1.0,0.0,0.0,0.0,0.0,0.0,0.0,0.0,0.410359,0.237505,0.407241
sub-0300507_ses-3_run-1_task-rest_bold_cleaned,300507,3,Awake,12.0,9.4,2500.0,0.0,0.0,0.0,0.0,0.0,0.0,1.0,0.0,0.0,0.0,0.0,0.0,0.0,0.0,0.356377,0.301689,0.371296
sub-0300507_ses-3_run-2_task-rest_bold_cleaned,300507,3,Awake,12.0,9.4,2500.0,0.0,0.0,0.0,0.0,0.0,0.0,1.0,0.0,0.0,0.0,0.0,0.0,0.0,0.0,0.472465,0.233986,0.362361
sub-0300507_ses-3_run-3_task-rest_bold_cleaned,300507,3,Awake,12.0,9.4,2500.0,0.0,0.0,0.0,0.0,0.0,0.0,1.0,0.0,0.0,0.0,0.0,0.0,0.0,0.0,0.486243,0.314066,0.588907
sub-0300507_ses-3_run-4_task-rest_bold_cleaned,300507,3,Awake,12.0,9.4,2500.0,0.0,0.0,0.0,0.0,0.0,0.0,1.0,0.0,0.0,0.0,0.0,0.0,0.0,0.0,0.36979,0.347514,0.470656
sub-0300507_ses-4_run-1_task-rest_bold_cleaned,300507,4,Awake,12.0,9.4,2500.0,0.0,0.0,0.0,0.0,0.0,0.0,1.0,0.0,0.0,0.0,0.0,0.0,0.0,0.0,0.426301,0.298825,0.388524
sub-0300507_ses-4_run-2_task-rest_bold_cleaned,300507,4,Awake,12.0,9.4,2500.0,0.0,0.0,0.0,0.0,0.0,0.0,1.0,0.0,0.0,0.0,0.0,0.0,0.0,0.0,0.360424,0.294054,0.397592
sub-0300507_ses-4_run-3_task-rest_bold_cleaned,300507,4,Awake,12.0,9.4,2500.0,0.0,0.0,0.0,0.0,0.0,0.0,1.0,0.0,0.0,0.0,0.0,0.0,0.0,0.0,0.404317,0.228021,0.346244
sub-0300507_ses-4_run-4_task-rest_bold_cleaned,300507,4,Awake,12.0,9.4,2500.0,0.0,0.0,0.0,0.0,0.0,0.0,1.0,0.0,0.0,0.0,0.0,0.0,0.0,0.0,0.434596,0.326587,0.4233
sub-0300507_ses-5_run-1_task-rest_bold_cleaned,300507,5,Awake,12.0,9.4,2500.0,0.0,0.0,0.0,0.0,0.0,0.0,1.0,0.0,0.0,0.0,0.0,0.0,0.0,0.0,0.327344,0.240478,0.285148
sub-0300507_ses-5_run-2_task-rest_bold_cleaned,300507,5,Awake,12.0,9.4,2500.0,0.0,0.0,0.0,0.0,0.0,0.0,1.0,0.0,0.0,0.0,0.0,0.0,0.0,0.0,0.39604,0.305385,0.30335
sub-0300507_ses-5_run-3_task-rest_bold_cleaned,300507,5,Awake,12.0,9.4,2500.0,0.0,0.0,0.0,0.0,0.0,0.0,1.0,0.0,0.0,0.0,0.0,0.0,0.0,0.0,0.450702,0.260732,0.362168
sub-0300507_ses-5_run-4_task-rest_bold_cleaned,300507,5,Awake,12.0,9.4,2500.0,0.0,0.0,0.0,0.0,0.0,0.0,1.0,0.0,0.0,0.0,0.0,0.0,0.0,0.0,0.404126,0.24665,0.387557
sub-0300507_ses-6_run-1_task-rest_bold_cleaned,300507,6,Awake,12.0,9.4,2500.0,0.0,0.0,0.0,0.0,0.0,0.0,1.0,0.0,0.0,0.0,0.0,0.0,0.0,0.0,0.469422,0.313989,0.406733
sub-0300507_ses-6_run-2_task-rest_bold_cleaned,300507,6,Awake,12.0,9.4,2500.0,0.0,0.0,0.0,0.0,0.0,0.0,1.0,0.0,0.0,0.0,0.0,0.0,0.0,0.0,0.455919,0.282102,0.38263
sub-0300507_ses-6_run-3_task-rest_bold_cleaned,300507,6,Awake,12.0,9.4,2500.0,0.0,0.0,0.0,0.0,0.0,0.0,1.0,0.0,0.0,0.0,0.0,0.0,0.0,0.0,0.569754,0.315617,0.411313
sub-0300507_ses-6_run-4_task-rest_bold_cleaned,300507,6,Awake,12.0,9.4,2500.0,0.0,0.0,0.0,0.0,0.0,0.0,1.0,0.0,0.0,0.0,0.0,0.0,0.0,0.0,0.41694,0.28666,0.393431
sub-0300507_ses-7_run-1_task-rest_bold_cleaned,300507,7,Awake,12.0,9.4,2500.0,0.0,0.0,0.0,0.0,0.0,0.0,1.0,0.0,0.0,0.0,0.0,0.0,0.0,0.0,0.363173,0.264002,0.369433
sub-0300507_ses-7_run-2_task-rest_bold_cleaned,300507,7,Awake,12.0,9.4,2500.0,0.0,0.0,0.0,0.0,0.0,0.0,1.0,0.0,0.0,0.0,0.0,0.0,0.0,0.0,0.421858,0.34373,0.352278
sub-0300507_ses-7_run-3_task-rest_bold_cleaned,300507,7,Awake,12.0,9.4,2500.0,0.0,0.0,0.0,0.0,0.0,0.0,1.0,0.0,0.0,0.0,0.0,0.0,0.0,0.0,0.459133,0.267919,0.356613
sub-0300507_ses-7_run-4_task-rest_bold_cleaned,300507,7,Awake,12.0,9.4,2500.0,0.0,0.0,0.0,0.0,0.0,0.0,1.0,0.0,0.0,0.0,0.0,0.0,0.0,0.0,0.408346,0.254602,0.400522
sub-0300508_ses-1_run-1_task-rest_bold_cleaned,300508,1,Awake,12.0,9.4,2500.0,0.0,0.0,0.0,0.0,0.0,0.0,1.0,0.0,0.0,0.0,0.0,0.0,0.0,0.0,0.72646,0.4283,0.629204
sub-0300508_ses-1_run-2_task-rest_bold_cleaned,300508,1,Awake,12.0,9.4,2500.0,0.0,0.0,0.0,0.0,0.0,0.0,1.0,0.0,0.0,0.0,0.0,0.0,0.0,0.0,0.676654,0.252228,0.660528
sub-0300508_ses-1_run-3_task-rest_bold_cleaned,300508,1,Awake,12.0,9.4,2500.0,0.0,0.0,0.0,0.0,0.0,0.0,1.0,0.0,0.0,0.0,0.0,0.0,0.0,0.0,0.758177,0.406939,0.670897
sub-0300508_ses-1_run-4_task-rest_bold_cleaned,300508,1,Awake,12.0,9.4,2500.0,0.0,0.0,0.0,0.0,0.0,0.0,1.0,0.0,0.0,0.0,0.0,0.0,0.0,0.0,0.830147,0.385551,0.784952
sub-0300508_ses-2_run-1_task-rest_bold_cleaned,300508,2,Awake,12.0,9.4,2500.0,0.0,0.0,0.0,0.0,0.0,0.0,1.0,0.0,0.0,0.0,0.0,0.0,0.0,0.0,0.353952,0.423265,0.383967
sub-0300508_ses-2_run-2_task-rest_bold_cleaned,300508,2,Awake,12.0,9.4,2500.0,0.0,0.0,0.0,0.0,0.0,0.0,1.0,0.0,0.0,0.0,0.0,0.0,0.0,0.0,0.585418,0.373962,0.49172
sub-0300508_ses-2_run-3_task-rest_bold_cleaned,300508,2,Awake,12.0,9.4,2500.0,0.0,0.0,0.0,0.0,0.0,0.0,1.0,0.0,0.0,0.0,0.0,0.0,0.0,0.0,0.570879,0.374919,0.485861
sub-0300508_ses-2_run-4_task-rest_bold_cleaned,300508,2,Awake,12.0,9.4,2500.0,0.0,0.0,0.0,0.0,0.0,0.0,1.0,0.0,0.0,0.0,0.0,0.0,0.0,0.0,0.439893,0.324505,0.738096
sub-0300508_ses-3_run-1_task-rest_bold_cleaned,300508,3,Awake,12.0,9.4,2500.0,0.0,0.0,0.0,0.0,0.0,0.0,1.0,0.0,0.0,0.0,0.0,0.0,0.0,0.0,0.511554,0.302877,0.492718
sub-0300508_ses-3_run-2_task-rest_bold_cleaned,300508,3,Awake,12.0,9.4,2500.0,0.0,0.0,0.0,0.0,0.0,0.0,1.0,0.0,0.0,0.0,0.0,0.0,0.0,0.0,0.50051,0.308944,0.490658
sub-0300508_ses-3_run-3_task-rest_bold_cleaned,300508,3,Awake,12.0,9.4,2500.0,0.0,0.0,0.0,0.0,0.0,0.0,1.0,0.0,0.0,0.0,0.0,0.0,0.0,0.0,0.632375,0.387388,0.408016
sub-0300508_ses-3_run-4_task-rest_bold_cleaned,300508,3,Awake,12.0,9.4,2500.0,0.0,0.0,0.0,0.0,0.0,0.0,1.0,0.0,0.0,0.0,0.0,0.0,0.0,0.0,0.590488,0.409226,0.487205
sub-0300508_ses-4_run-1_task-rest_bold_cleaned,300508,4,Awake,12.0,9.4,2500.0,0.0,0.0,0.0,0.0,0.0,0.0,1.0,0.0,0.0,0.0,0.0,0.0,0.0,0.0,0.408813,0.233936,0.377948
sub-0300508_ses-4_run-2_task-rest_bold_cleaned,300508,4,Awake,12.0,9.4,2500.0,0.0,0.0,0.0,0.0,0.0,0.0,1.0,0.0,0.0,0.0,0.0,0.0,0.0,0.0,0.526136,0.246138,0.41184
sub-0300508_ses-4_run-4_task-rest_bold_cleaned,300508,4,Awake,12.0,9.4,2500.0,0.0,0.0,0.0,0.0,0.0,0.0,1.0,0.0,0.0,0.0,0.0,0.0,0.0,0.0,0.93203,0.394684,0.475551
sub-0300508_ses-5_run-1_task-rest_bold_cleaned,300508,5,Awake,12.0,9.4,2500.0,0.0,0.0,0.0,0.0,0.0,0.0,1.0,0.0,0.0,0.0,0.0,0.0,0.0,0.0,0.495562,0.2671,0.368209
sub-0300508_ses-5_run-2_task-rest_bold_cleaned,300508,5,Awake,12.0,9.4,2500.0,0.0,0.0,0.0,0.0,0.0,0.0,1.0,0.0,0.0,0.0,0.0,0.0,0.0,0.0,0.504782,0.275598,0.3829
sub-0300508_ses-5_run-3_task-rest_bold_cleaned,300508,5,Awake,12.0,9.4,2500.0,0.0,0.0,0.0,0.0,0.0,0.0,1.0,0.0,0.0,0.0,0.0,0.0,0.0,0.0,0.592643,0.289967,0.351438
sub-0300508_ses-5_run-4_task-rest_bold_cleaned,300508,5,Awake,12.0,9.4,2500.0,0.0,0.0,0.0,0.0,0.0,0.0,1.0,0.0,0.0,0.0,0.0,0.0,0.0,0.0,0.88203,0.221702,0.493082
sub-0300508_ses-6_run-1_task-rest_bold_cleaned,300508,6,Awake,12.0,9.4,2500.0,0.0,0.0,0.0,0.0,0.0,0.0,1.0,0.0,0.0,0.0,0.0,0.0,0.0,0.0,0.304806,0.269495,0.38992
sub-0300508_ses-6_run-2_task-rest_bold_cleaned,300508,6,Awake,12.0,9.4,2500.0,0.0,0.0,0.0,0.0,0.0,0.0,1.0,0.0,0.0,0.0,0.0,0.0,0.0,0.0,0.490058,0.324611,0.580288
sub-0300508_ses-6_run-3_task-rest_bold_cleaned,300508,6,Awake,12.0,9.4,2500.0,0.0,0.0,0.0,0.0,0.0,0.0,1.0,0.0,0.0,0.0,0.0,0.0,0.0,0.0,0.382446,0.299568,0.392247
sub-0300508_ses-6_run-4_task-rest_bold_cleaned,300508,6,Awake,12.0,9.4,2500.0,0.0,0.0,0.0,0.0,0.0,0.0,1.0,0.0,0.0,0.0,0.0,0.0,0.0,0.0,0.300554,0.345218,0.361885
sub-0300508_ses-7_run-1_task-rest_bold_cleaned,300508,7,Awake,12.0,9.4,2500.0,0.0,0.0,0.0,0.0,0.0,0.0,1.0,0.0,0.0,0.0,0.0,0.0,0.0,0.0,0.411562,0.373065,0.414684
sub-0300508_ses-7_run-2_task-rest_bold_cleaned,300508,7,Awake,12.0,9.4,2500.0,0.0,0.0,0.0,0.0,0.0,0.0,1.0,0.0,0.0,0.0,0.0,0.0,0.0,0.0,0.564956,0.393061,0.638035
sub-0300508_ses-7_run-3_task-rest_bold_cleaned,300508,7,Awake,12.0,9.4,2500.0,0.0,0.0,0.0,0.0,0.0,0.0,1.0,0.0,0.0,0.0,0.0,0.0,0.0,0.0,0.479725,0.351127,0.406535
sub-0300508_ses-7_run-4_task-rest_bold_cleaned,300508,7,Awake,12.0,9.4,2500.0,0.0,0.0,0.0,0.0,0.0,0.0,1.0,0.0,0.0,0.0,0.0,0.0,0.0,0.0,0.503751,0.409649,0.478096
sub-0300509_ses-1_run-1_task-rest_bold_cleaned,300509,1,Awake,12.0,9.4,2500.0,0.0,0.0,0.0,0.0,0.0,0.0,1.0,0.0,0.0,0.0,0.0,0.0,0.0,0.0,0.508055,0.491769,0.572192
sub-0300509_ses-1_run-2_task-rest_bold_cleaned,300509,1,Awake,12.0,9.4,2500.0,0.0,0.0,0.0,0.0,0.0,0.0,1.0,0.0,0.0,0.0,0.0,0.0,0.0,0.0,0.543113,0.413381,0.766425
sub-0300509_ses-1_run-3_task-rest_bold_cleaned,300509,1,Awake,12.0,9.4,2500.0,0.0,0.0,0.0,0.0,0.0,0.0,1.0,0.0,0.0,0.0,0.0,0.0,0.0,0.0,0.508297,0.41898,0.548442
sub-0300509_ses-2_run-1_task-rest_bold_cleaned,300509,2,Awake,12.0,9.4,2500.0,0.0,0.0,0.0,0.0,0.0,0.0,1.0,0.0,0.0,0.0,0.0,0.0,0.0,0.0,0.351386,0.312359,0.344852
sub-0300509_ses-2_run-2_task-rest_bold_cleaned,300509,2,Awake,12.0,9.4,2500.0,0.0,0.0,0.0,0.0,0.0,0.0,1.0,0.0,0.0,0.0,0.0,0.0,0.0,0.0,0.471048,0.320454,0.39184
sub-0300509_ses-2_run-3_task-rest_bold_cleaned,300509,2,Awake,12.0,9.4,2500.0,0.0,0.0,0.0,0.0,0.0,0.0,1.0,0.0,0.0,0.0,0.0,0.0,0.0,0.0,0.319586,0.328431,0.340572
sub-0300509_ses-2_run-4_task-rest_bold_cleaned,300509,2,Awake,12.0,9.4,2500.0,0.0,0.0,0.0,0.0,0.0,0.0,1.0,0.0,0.0,0.0,0.0,0.0,0.0,0.0,0.333181,0.408046,0.308456
sub-0300509_ses-3_run-1_task-rest_bold_cleaned,300509,3,Awake,12.0,9.4,2500.0,0.0,0.0,0.0,0.0,0.0,0.0,1.0,0.0,0.0,0.0,0.0,0.0,0.0,0.0,0.341212,0.206076,0.293667
sub-0300509_ses-3_run-3_task-rest_bold_cleaned,300509,3,Awake,12.0,9.4,2500.0,0.0,0.0,0.0,0.0,0.0,0.0,1.0,0.0,0.0,0.0,0.0,0.0,0.0,0.0,0.219776,0.167635,0.278812
sub-0300509_ses-3_run-4_task-rest_bold_cleaned,300509,3,Awake,12.0,9.4,2500.0,0.0,0.0,0.0,0.0,0.0,0.0,1.0,0.0,0.0,0.0,0.0,0.0,0.0,0.0,0.254505,0.212718,0.306784
sub-0300509_ses-4_run-1_task-rest_bold_cleaned,300509,4,Awake,12.0,9.4,2500.0,0.0,0.0,0.0,0.0,0.0,0.0,1.0,0.0,0.0,0.0,0.0,0.0,0.0,0.0,0.495396,0.1968,0.384602
sub-0300509_ses-4_run-2_task-rest_bold_cleaned,300509,4,Awake,12.0,9.4,2500.0,0.0,0.0,0.0,0.0,0.0,0.0,1.0,0.0,0.0,0.0,0.0,0.0,0.0,0.0,0.380662,0.261592,0.36838
sub-0300509_ses-4_run-3_task-rest_bold_cleaned,300509,4,Awake,12.0,9.4,2500.0,0.0,0.0,0.0,0.0,0.0,0.0,1.0,0.0,0.0,0.0,0.0,0.0,0.0,0.0,0.387715,0.276553,0.47871
sub-0300509_ses-5_run-1_task-rest_bold_cleaned,300509,5,Awake,12.0,9.4,2500.0,0.0,0.0,0.0,0.0,0.0,0.0,1.0,0.0,0.0,0.0,0.0,0.0,0.0,0.0,0.475922,0.377844,0.54937
sub-0300509_ses-5_run-3_task-rest_bold_cleaned,300509,5,Awake,12.0,9.4,2500.0,0.0,0.0,0.0,0.0,0.0,0.0,1.0,0.0,0.0,0.0,0.0,0.0,0.0,0.0,0.83104,0.538885,0.693706
sub-0300509_ses-6_run-1_task-rest_bold_cleaned,300509,6,Awake,12.0,9.4,2500.0,0.0,0.0,0.0,0.0,0.0,0.0,1.0,0.0,0.0,0.0,0.0,0.0,0.0,0.0,0.364409,0.197146,0.253448
sub-0300509_ses-6_run-2_task-rest_bold_cleaned,300509,6,Awake,12.0,9.4,2500.0,0.0,0.0,0.0,0.0,0.0,0.0,1.0,0.0,0.0,0.0,0.0,0.0,0.0,0.0,0.286803,0.187389,0.255615
sub-0300509_ses-6_run-3_task-rest_bold_cleaned,300509,6,Awake,12.0,9.4,2500.0,0.0,0.0,0.0,0.0,0.0,0.0,1.0,0.0,0.0,0.0,0.0,0.0,0.0,0.0,0.303458,0.298455,0.386289
sub-0300509_ses-6_run-4_task-rest_bold_cleaned,300509,6,Awake,12.0,9.4,2500.0,0.0,0.0,0.0,0.0,0.0,0.0,1.0,0.0,0.0,0.0,0.0,0.0,0.0,0.0,0.387403,0.27348,0.392038
sub-0300509_ses-7_run-1_task-rest_bold_cleaned,300509,7,Awake,12.0,9.4,2500.0,0.0,0.0,0.0,0.0,0.0,0.0,1.0,0.0,0.0,0.0,0.0,0.0,0.0,0.0,0.375813,0.276033,0.447901
sub-0300509_ses-7_run-2_task-rest_bold_cleaned,300509,7,Awake,12.0,9.4,2500.0,0.0,0.0,0.0,0.0,0.0,0.0,1.0,0.0,0.0,0.0,0.0,0.0,0.0,0.0,0.562388,0.473906,0.453955
sub-0300509_ses-7_run-3_task-rest_bold_cleaned,300509,7,Awake,12.0,9.4,2500.0,0.0,0.0,0.0,0.0,0.0,0.0,1.0,0.0,0.0,0.0,0.0,0.0,0.0,0.0,0.660206,0.504402,0.571472
sub-0300509_ses-7_run-4_task-rest_bold_cleaned,300509,7,Awake,12.0,9.4,2500.0,0.0,0.0,0.0,0.0,0.0,0.0,1.0,0.0,0.0,0.0,0.0,0.0,0.0,0.0,0.645877,0.572525,0.568928
sub-0300510_ses-1_run-1_task-rest_bold_cleaned,300510,1,Awake,12.0,9.4,2500.0,0.0,0.0,0.0,0.0,0.0,0.0,1.0,0.0,0.0,0.0,0.0,0.0,0.0,0.0,0.38374,0.217292,0.460891
sub-0300510_ses-1_run-2_task-rest_bold_cleaned,300510,1,Awake,12.0,9.4,2500.0,0.0,0.0,0.0,0.0,0.0,0.0,1.0,0.0,0.0,0.0,0.0,0.0,0.0,0.0,0.329316,0.239518,0.280022
sub-0300510_ses-1_run-3_task-rest_bold_cleaned,300510,1,Awake,12.0,9.4,2500.0,0.0,0.0,0.0,0.0,0.0,0.0,1.0,0.0,0.0,0.0,0.0,0.0,0.0,0.0,0.329841,0.306692,0.371409
sub-0300510_ses-1_run-4_task-rest_bold_cleaned,300510,1,Awake,12.0,9.4,2500.0,0.0,0.0,0.0,0.0,0.0,0.0,1.0,0.0,0.0,0.0,0.0,0.0,0.0,0.0,0.31482,0.277321,0.27155
sub-0300510_ses-2_run-1_task-rest_bold_cleaned,300510,2,Awake,12.0,9.4,2500.0,0.0,0.0,0.0,0.0,0.0,0.0,1.0,0.0,0.0,0.0,0.0,0.0,0.0,0.0,0.303826,0.288802,0.278848
sub-0300510_ses-2_run-2_task-rest_bold_cleaned,300510,2,Awake,12.0,9.4,2500.0,0.0,0.0,0.0,0.0,0.0,0.0,1.0,0.0,0.0,0.0,0.0,0.0,0.0,0.0,0.311366,0.272376,0.344169
sub-0300510_ses-2_run-3_task-rest_bold_cleaned,300510,2,Awake,12.0,9.4,2500.0,0.0,0.0,0.0,0.0,0.0,0.0,1.0,0.0,0.0,0.0,0.0,0.0,0.0,0.0,0.385523,0.326522,0.362901
sub-0300510_ses-2_run-4_task-rest_bold_cleaned,300510,2,Awake,12.0,9.4,2500.0,0.0,0.0,0.0,0.0,0.0,0.0,1.0,0.0,0.0,0.0,0.0,0.0,0.0,0.0,0.376282,0.394538,0.404197
sub-0300510_ses-3_run-1_task-rest_bold_cleaned,300510,3,Awake,12.0,9.4,2500.0,0.0,0.0,0.0,0.0,0.0,0.0,1.0,0.0,0.0,0.0,0.0,0.0,0.0,0.0,0.187497,0.202058,0.297962
sub-0300510_ses-3_run-2_task-rest_bold_cleaned,300510,3,Awake,12.0,9.4,2500.0,0.0,0.0,0.0,0.0,0.0,0.0,1.0,0.0,0.0,0.0,0.0,0.0,0.0,0.0,0.204745,0.167648,0.22237
sub-0300510_ses-3_run-3_task-rest_bold_cleaned,300510,3,Awake,12.0,9.4,2500.0,0.0,0.0,0.0,0.0,0.0,0.0,1.0,0.0,0.0,0.0,0.0,0.0,0.0,0.0,0.207304,0.135252,0.226023
sub-0300510_ses-3_run-4_task-rest_bold_cleaned,300510,3,Awake,12.0,9.4,2500.0,0.0,0.0,0.0,0.0,0.0,0.0,1.0,0.0,0.0,0.0,0.0,0.0,0.0,0.0,0.331718,0.240048,0.328221
sub-0300510_ses-4_run-1_task-rest_bold_cleaned,300510,4,Awake,12.0,9.4,2500.0,0.0,0.0,0.0,0.0,0.0,0.0,1.0,0.0,0.0,0.0,0.0,0.0,0.0,0.0,0.378563,0.363431,0.440482
sub-0300510_ses-4_run-2_task-rest_bold_cleaned,300510,4,Awake,12.0,9.4,2500.0,0.0,0.0,0.0,0.0,0.0,0.0,1.0,0.0,0.0,0.0,0.0,0.0,0.0,0.0,0.367848,0.318456,0.544253
sub-0300510_ses-4_run-3_task-rest_bold_cleaned,300510,4,Awake,12.0,9.4,2500.0,0.0,0.0,0.0,0.0,0.0,0.0,1.0,0.0,0.0,0.0,0.0,0.0,0.0,0.0,0.468592,0.458304,0.502145
sub-0300510_ses-4_run-4_task-rest_bold_cleaned,300510,4,Awake,12.0,9.4,2500.0,0.0,0.0,0.0,0.0,0.0,0.0,1.0,0.0,0.0,0.0,0.0,0.0,0.0,0.0,0.613832,0.481372,0.824311
sub-0300510_ses-5_run-1_task-rest_bold_cleaned,300510,5,Awake,12.0,9.4,2500.0,0.0,0.0,0.0,0.0,0.0,0.0,1.0,0.0,0.0,0.0,0.0,0.0,0.0,0.0,0.345148,0.282159,0.390746
sub-0300510_ses-5_run-2_task-rest_bold_cleaned,300510,5,Awake,12.0,9.4,2500.0,0.0,0.0,0.0,0.0,0.0,0.0,1.0,0.0,0.0,0.0,0.0,0.0,0.0,0.0,0.286151,0.253533,0.40806
sub-0300510_ses-5_run-3_task-rest_bold_cleaned,300510,5,Awake,12.0,9.4,2500.0,0.0,0.0,0.0,0.0,0.0,0.0,1.0,0.0,0.0,0.0,0.0,0.0,0.0,0.0,0.2935,0.328759,0.428301
sub-0300510_ses-5_run-4_task-rest_bold_cleaned,300510,5,Awake,12.0,9.4,2500.0,0.0,0.0,0.0,0.0,0.0,0.0,1.0,0.0,0.0,0.0,0.0,0.0,0.0,0.0,0.356864,0.302257,0.425831
sub-0300511_ses-1_run-1_task-rest_bold_cleaned,300511,1,Awake,12.0,9.4,2500.0,0.0,0.0,0.0,0.0,0.0,0.0,1.0,0.0,0.0,0.0,0.0,0.0,0.0,0.0,0.358178,0.237365,0.415151
sub-0300511_ses-1_run-2_task-rest_bold_cleaned,300511,1,Awake,12.0,9.4,2500.0,0.0,0.0,0.0,0.0,0.0,0.0,1.0,0.0,0.0,0.0,0.0,0.0,0.0,0.0,0.377278,0.272736,0.484354
sub-0300511_ses-1_run-4_task-rest_bold_cleaned,300511,1,Awake,12.0,9.4,2500.0,0.0,0.0,0.0,0.0,0.0,0.0,1.0,0.0,0.0,0.0,0.0,0.0,0.0,0.0,0.364648,0.431469,0.460769
sub-0300511_ses-2_run-1_task-rest_bold_cleaned,300511,2,Awake,12.0,9.4,2500.0,0.0,0.0,0.0,0.0,0.0,0.0,1.0,0.0,0.0,0.0,0.0,0.0,0.0,0.0,0.544047,0.327081,0.403799
sub-0300511_ses-2_run-2_task-rest_bold_cleaned,300511,2,Awake,12.0,9.4,2500.0,0.0,0.0,0.0,0.0,0.0,0.0,1.0,0.0,0.0,0.0,0.0,0.0,0.0,0.0,0.423497,0.303333,0.435647
sub-0300511_ses-2_run-3_task-rest_bold_cleaned,300511,2,Awake,12.0,9.4,2500.0,0.0,0.0,0.0,0.0,0.0,0.0,1.0,0.0,0.0,0.0,0.0,0.0,0.0,0.0,0.421877,0.459082,0.505732
sub-0300511_ses-2_run-4_task-rest_bold_cleaned,300511,2,Awake,12.0,9.4,2500.0,0.0,0.0,0.0,0.0,0.0,0.0,1.0,0.0,0.0,0.0,0.0,0.0,0.0,0.0,0.461724,0.467476,0.421929
sub-0300511_ses-3_run-1_task-rest_bold_cleaned,300511,3,Awake,12.0,9.4,2500.0,0.0,0.0,0.0,0.0,0.0,0.0,1.0,0.0,0.0,0.0,0.0,0.0,0.0,0.0,0.41796,0.341358,0.477607
sub-0300511_ses-3_run-2_task-rest_bold_cleaned,300511,3,Awake,12.0,9.4,2500.0,0.0,0.0,0.0,0.0,0.0,0.0,1.0,0.0,0.0,0.0,0.0,0.0,0.0,0.0,0.410548,0.281133,0.636511
sub-0300511_ses-3_run-3_task-rest_bold_cleaned,300511,3,Awake,12.0,9.4,2500.0,0.0,0.0,0.0,0.0,0.0,0.0,1.0,0.0,0.0,0.0,0.0,0.0,0.0,0.0,0.471006,0.321053,0.675946
sub-0300511_ses-3_run-4_task-rest_bold_cleaned,300511,3,Awake,12.0,9.4,2500.0,0.0,0.0,0.0,0.0,0.0,0.0,1.0,0.0,0.0,0.0,0.0,0.0,0.0,0.0,0.381571,0.408609,0.566198
sub-0300511_ses-4_run-1_task-rest_bold_cleaned,300511,4,Awake,12.0,9.4,2500.0,0.0,0.0,0.0,0.0,0.0,0.0,1.0,0.0,0.0,0.0,0.0,0.0,0.0,0.0,0.307997,0.153297,0.304836
sub-0300511_ses-4_run-2_task-rest_bold_cleaned,300511,4,Awake,12.0,9.4,2500.0,0.0,0.0,0.0,0.0,0.0,0.0,1.0,0.0,0.0,0.0,0.0,0.0,0.0,0.0,0.426085,0.222543,0.351386
sub-0300511_ses-4_run-3_task-rest_bold_cleaned,300511,4,Awake,12.0,9.4,2500.0,0.0,0.0,0.0,0.0,0.0,0.0,1.0,0.0,0.0,0.0,0.0,0.0,0.0,0.0,0.413849,0.227405,0.328432
sub-0300511_ses-4_run-4_task-rest_bold_cleaned,300511,4,Awake,12.0,9.4,2500.0,0.0,0.0,0.0,0.0,0.0,0.0,1.0,0.0,0.0,0.0,0.0,0.0,0.0,0.0,0.351966,0.223098,0.281452
sub-0300511_ses-5_run-1_task-rest_bold_cleaned,300511,5,Awake,12.0,9.4,2500.0,0.0,0.0,0.0,0.0,0.0,0.0,1.0,0.0,0.0,0.0,0.0,0.0,0.0,0.0,0.265569,0.27919,0.481689
sub-0300511_ses-5_run-4_task-rest_bold_cleaned,300511,5,Awake,12.0,9.4,2500.0,0.0,0.0,0.0,0.0,0.0,0.0,1.0,0.0,0.0,0.0,0.0,0.0,0.0,0.0,0.53895,0.423511,0.554517
sub-0300511_ses-6_run-3_task-rest_bold_cleaned,300511,6,Awake,12.0,9.4,2500.0,0.0,0.0,0.0,0.0,0.0,0.0,1.0,0.0,0.0,0.0,0.0,0.0,0.0,0.0,0.277056,0.244611,0.446199
sub-0300511_ses-6_run-4_task-rest_bold_cleaned,300511,6,Awake,12.0,9.4,2500.0,0.0,0.0,0.0,0.0,0.0,0.0,1.0,0.0,0.0,0.0,0.0,0.0,0.0,0.0,0.417392,0.281437,0.418465
sub-0300512_ses-1_run-1_task-rest_bold_cleaned,300512,1,Awake,12.0,9.4,2500.0,0.0,0.0,0.0,0.0,0.0,0.0,1.0,0.0,0.0,0.0,0.0,0.0,0.0,0.0,0.355969,0.15272,0.269962
sub-0300512_ses-1_run-2_task-rest_bold_cleaned,300512,1,Awake,12.0,9.4,2500.0,0.0,0.0,0.0,0.0,0.0,0.0,1.0,0.0,0.0,0.0,0.0,0.0,0.0,0.0,0.349601,0.236888,0.281887
sub-0300512_ses-1_run-3_task-rest_bold_cleaned,300512,1,Awake,12.0,9.4,2500.0,0.0,0.0,0.0,0.0,0.0,0.0,1.0,0.0,0.0,0.0,0.0,0.0,0.0,0.0,0.296456,0.174939,0.305884
sub-0300512_ses-2_run-1_task-rest_bold_cleaned,300512,2,Awake,12.0,9.4,2500.0,0.0,0.0,0.0,0.0,0.0,0.0,1.0,0.0,0.0,0.0,0.0,0.0,0.0,0.0,0.327092,0.147326,0.357082
sub-0300512_ses-2_run-2_task-rest_bold_cleaned,300512,2,Awake,12.0,9.4,2500.0,0.0,0.0,0.0,0.0,0.0,0.0,1.0,0.0,0.0,0.0,0.0,0.0,0.0,0.0,0.290416,0.186238,0.269121
sub-0300512_ses-2_run-3_task-rest_bold_cleaned,300512,2,Awake,12.0,9.4,2500.0,0.0,0.0,0.0,0.0,0.0,0.0,1.0,0.0,0.0,0.0,0.0,0.0,0.0,0.0,0.295169,0.171593,0.318495
sub-0300512_ses-2_run-4_task-rest_bold_cleaned,300512,2,Awake,12.0,9.4,2500.0,0.0,0.0,0.0,0.0,0.0,0.0,1.0,0.0,0.0,0.0,0.0,0.0,0.0,0.0,0.340532,0.246643,0.289298
sub-0300512_ses-3_run-1_task-rest_bold_cleaned,300512,3,Awake,12.0,9.4,2500.0,0.0,0.0,0.0,0.0,0.0,0.0,1.0,0.0,0.0,0.0,0.0,0.0,0.0,0.0,0.218134,0.174859,0.221434
sub-0300512_ses-3_run-2_task-rest_bold_cleaned,300512,3,Awake,12.0,9.4,2500.0,0.0,0.0,0.0,0.0,0.0,0.0,1.0,0.0,0.0,0.0,0.0,0.0,0.0,0.0,0.266968,0.163596,0.227571
sub-0300512_ses-3_run-4_task-rest_bold_cleaned,300512,3,Awake,12.0,9.4,2500.0,0.0,0.0,0.0,0.0,0.0,0.0,1.0,0.0,0.0,0.0,0.0,0.0,0.0,0.0,0.229271,0.173436,0.238087
sub-0300512_ses-4_run-1_task-rest_bold_cleaned,300512,4,Awake,12.0,9.4,2500.0,0.0,0.0,0.0,0.0,0.0,0.0,1.0,0.0,0.0,0.0,0.0,0.0,0.0,0.0,0.292318,0.150762,0.242577
sub-0300512_ses-4_run-2_task-rest_bold_cleaned,300512,4,Awake,12.0,9.4,2500.0,0.0,0.0,0.0,0.0,0.0,0.0,1.0,0.0,0.0,0.0,0.0,0.0,0.0,0.0,0.163528,0.147911,0.269583
sub-0300512_ses-4_run-3_task-rest_bold_cleaned,300512,4,Awake,12.0,9.4,2500.0,0.0,0.0,0.0,0.0,0.0,0.0,1.0,0.0,0.0,0.0,0.0,0.0,0.0,0.0,0.243825,0.144454,0.27029
sub-0300512_ses-4_run-4_task-rest_bold_cleaned,300512,4,Awake,12.0,9.4,2500.0,0.0,0.0,0.0,0.0,0.0,0.0,1.0,0.0,0.0,0.0,0.0,0.0,0.0,0.0,0.207271,0.127996,0.271299
sub-0300512_ses-5_run-1_task-rest_bold_cleaned,300512,5,Awake,12.0,9.4,2500.0,0.0,0.0,0.0,0.0,0.0,0.0,1.0,0.0,0.0,0.0,0.0,0.0,0.0,0.0,0.193278,0.115954,0.181933
sub-0300512_ses-5_run-2_task-rest_bold_cleaned,300512,5,Awake,12.0,9.4,2500.0,0.0,0.0,0.0,0.0,0.0,0.0,1.0,0.0,0.0,0.0,0.0,0.0,0.0,0.0,0.212907,0.143534,0.221752
sub-0300512_ses-5_run-3_task-rest_bold_cleaned,300512,5,Awake,12.0,9.4,2500.0,0.0,0.0,0.0,0.0,0.0,0.0,1.0,0.0,0.0,0.0,0.0,0.0,0.0,0.0,0.196381,0.151526,0.222161
sub-0300512_ses-5_run-4_task-rest_bold_cleaned,300512,5,Awake,12.0,9.4,2500.0,0.0,0.0,0.0,0.0,0.0,0.0,1.0,0.0,0.0,0.0,0.0,0.0,0.0,0.0,0.196166,0.144985,0.200892
sub-0300512_ses-6_run-3_task-rest_bold_cleaned,300512,6,Awake,12.0,9.4,2500.0,0.0,0.0,0.0,0.0,0.0,0.0,1.0,0.0,0.0,0.0,0.0,0.0,0.0,0.0,0.283252,0.179615,0.260153
sub-0300512_ses-6_run-4_task-rest_bold_cleaned,300512,6,Awake,12.0,9.4,2500.0,0.0,0.0,0.0,0.0,0.0,0.0,1.0,0.0,0.0,0.0,0.0,0.0,0.0,0.0,0.368858,0.200015,0.294787
sub-MFC054_ses-1,sub-MFC054,1,Douglas,11.0,7.0,1000.0,1.0,0.0,0.0,0.0,0.0,0.0,0.0,0.0,0.0,0.0,1.0,0.0,0.0,0.0,0.036481,0.081251,0.058579
sub-MFC055_ses-1,sub-MFC055,1,Douglas,11.0,7.0,1000.0,1.0,0.0,0.0,0.0,0.0,0.0,0.0,0.0,0.0,0.0,1.0,0.0,0.0,0.0,0.039758,0.017117,0.046134
sub-MFC056_ses-1,sub-MFC056,1,Douglas,11.0,7.0,1000.0,1.0,0.0,0.0,0.0,0.0,0.0,0.0,0.0,0.0,0.0,1.0,0.0,0.0,0.0,0.041916,0.02922,0.055793
sub-MFC057_ses-1,sub-MFC057,1,Douglas,11.0,7.0,1000.0,1.0,0.0,0.0,0.0,0.0,0.0,0.0,0.0,0.0,0.0,1.0,0.0,0.0,0.0,0.047379,0.050595,0.063263
sub-MFC058_ses-1,sub-MFC058,1,Douglas,11.0,7.0,1000.0,1.0,0.0,0.0,0.0,0.0,0.0,0.0,0.0,0.0,0.0,1.0,0.0,0.0,0.0,0.04833,0.022294,0.049967
sub-MFC059_ses-1,sub-MFC059,1,Douglas,11.0,7.0,1000.0,1.0,0.0,0.0,0.0,0.0,0.0,0.0,0.0,1.0,0.0,0.0,0.0,0.0,0.0,0.03807,0.064019,0.062158
sub-MFC059_ses-2,sub-MFC059,2,Douglas,12.0,7.0,1000.0,1.0,0.0,0.0,0.0,0.0,0.0,0.0,0.0,1.0,0.0,0.0,0.0,0.0,0.0,0.05007,0.037562,0.051434
sub-MFC060_ses-1,sub-MFC060,1,Douglas,11.0,7.0,1000.0,1.0,0.0,0.0,0.0,0.0,0.0,0.0,0.0,1.0,0.0,0.0,0.0,0.0,0.0,0.036133,0.023296,0.036958
sub-MFC060_ses-2,sub-MFC060,2,Douglas,12.0,7.0,1000.0,1.0,0.0,0.0,0.0,0.0,0.0,0.0,0.0,1.0,0.0,0.0,0.0,0.0,0.0,0.038783,0.027216,0.041163
sub-MFC061_ses-1,sub-MFC061,1,Douglas,11.0,7.0,1000.0,1.0,0.0,0.0,0.0,0.0,0.0,0.0,0.0,1.0,0.0,0.0,0.0,0.0,0.0,0.032496,0.032864,0.05452
sub-MFC061_ses-2,sub-MFC061,2,Douglas,12.0,7.0,1000.0,1.0,0.0,0.0,0.0,0.0,0.0,0.0,0.0,1.0,0.0,0.0,0.0,0.0,0.0,0.038871,0.031369,0.047719
sub-MFC062_ses-1,sub-MFC062,1,Douglas,11.0,7.0,1000.0,1.0,0.0,0.0,0.0,0.0,0.0,0.0,0.0,1.0,0.0,0.0,0.0,0.0,0.0,0.034445,0.025103,0.051116
sub-MFC062_ses-2,sub-MFC062,2,Douglas,12.0,7.0,1000.0,1.0,0.0,0.0,0.0,0.0,0.0,0.0,0.0,1.0,0.0,0.0,0.0,0.0,0.0,0.059921,0.061686,0.081955
sub-MFC063_ses-1,sub-MFC063,1,Douglas,11.0,7.0,1000.0,1.0,0.0,0.0,0.0,0.0,0.0,0.0,0.0,1.0,0.0,0.0,0.0,0.0,0.0,0.040308,0.030615,0.059727
sub-MFC063_ses-2,sub-MFC063,2,Douglas,12.0,7.0,1000.0,1.0,0.0,0.0,0.0,0.0,0.0,0.0,0.0,1.0,0.0,0.0,0.0,0.0,0.0,0.06579,0.041458,0.060749
sub-MFC064_ses-1,sub-MFC064,1,Douglas,12.0,7.0,1000.0,1.0,0.0,0.0,0.0,0.0,0.0,0.0,1.0,0.0,0.0,0.0,0.0,0.0,0.0,0.059873,0.049473,0.068317
sub-MFC065_ses-1,sub-MFC065,1,Douglas,12.0,7.0,1000.0,1.0,0.0,0.0,0.0,0.0,0.0,0.0,1.0,0.0,0.0,0.0,0.0,0.0,0.0,0.040423,0.05177,0.043219
sub-MFC066_ses-1,sub-MFC066,1,Douglas,12.0,7.0,1000.0,1.0,0.0,0.0,0.0,0.0,0.0,0.0,1.0,0.0,0.0,0.0,0.0,0.0,0.0,0.061977,0.099126,0.064607
sub-MFC067_ses-1,sub-MFC067,1,Douglas,12.0,7.0,1000.0,1.0,0.0,0.0,0.0,0.0,0.0,0.0,1.0,0.0,0.0,0.0,0.0,0.0,0.0,0.048217,0.045493,0.048492
sub-MFC068_ses-1,sub-MFC068,1,Douglas,12.0,7.0,1000.0,1.0,0.0,0.0,0.0,0.0,0.0,0.0,1.0,0.0,0.0,0.0,0.0,0.0,0.0,0.032797,0.037009,0.062637
sub-23_task-rest,sub-23,1,Env_Enrichment,9.0,11.1,1500.0,0.0,0.0,0.0,0.0,0.0,0.0,1.0,0.0,1.0,0.0,0.0,0.0,0.0,0.0,0.132673,0.070689,0.103309
sub-24_task-rest,sub-24,1,Env_Enrichment,9.0,11.1,1500.0,1.0,0.0,0.0,0.0,0.0,0.0,1.0,0.0,1.0,0.0,0.0,0.0,0.0,0.0,0.093188,0.067543,0.09864
sub-25_task-rest,sub-25,1,Env_Enrichment,9.0,11.1,1500.0,0.0,0.0,0.0,0.0,0.0,0.0,1.0,0.0,1.0,0.0,0.0,0.0,0.0,0.0,0.077409,0.062206,0.123696
sub-26_task-rest,sub-26,1,Env_Enrichment,9.0,11.1,1500.0,0.0,0.0,0.0,0.0,0.0,0.0,1.0,0.0,1.0,0.0,0.0,0.0,0.0,0.0,0.089117,0.055326,0.083508
sub-27_task-rest,sub-27,1,Env_Enrichment,9.0,11.1,1500.0,1.0,0.0,0.0,0.0,0.0,0.0,1.0,0.0,1.0,0.0,0.0,0.0,0.0,0.0,0.087589,0.072942,0.092994
sub-28_task-rest,sub-28,1,Env_Enrichment,9.0,11.1,1500.0,0.0,0.0,0.0,0.0,0.0,0.0,1.0,0.0,1.0,0.0,0.0,0.0,0.0,0.0,0.073658,0.070343,0.100078
sub-29_task-rest,sub-29,1,Env_Enrichment,9.0,11.1,1500.0,1.0,0.0,0.0,0.0,0.0,0.0,1.0,0.0,1.0,0.0,0.0,0.0,0.0,0.0,0.098935,0.061864,0.091555
sub-30_task-rest,sub-30,1,Env_Enrichment,9.0,11.1,1500.0,0.0,0.0,0.0,0.0,0.0,0.0,1.0,0.0,1.0,0.0,0.0,0.0,0.0,0.0,0.074914,0.051057,0.080726
sub-31_task-rest,sub-31,1,Env_Enrichment,9.0,11.1,1500.0,0.0,0.0,0.0,0.0,0.0,0.0,1.0,0.0,1.0,0.0,0.0,0.0,0.0,0.0,0.063203,0.039205,0.10958
sub-32_task-rest,sub-32,1,Env_Enrichment,9.0,11.1,1500.0,0.0,0.0,0.0,0.0,0.0,0.0,1.0,0.0,1.0,0.0,0.0,0.0,0.0,0.0,0.076194,0.04871,0.072345
sub-33_task-rest,sub-33,1,Env_Enrichment,9.0,11.1,1500.0,0.0,0.0,0.0,0.0,0.0,0.0,1.0,0.0,1.0,0.0,0.0,0.0,0.0,0.0,0.065937,0.043414,0.065581
sub-34_task-rest,sub-34,1,Env_Enrichment,9.0,11.1,1500.0,0.0,0.0,0.0,0.0,0.0,0.0,1.0,0.0,1.0,0.0,0.0,0.0,0.0,0.0,0.080619,0.047784,0.080041
sub-35_task-rest,sub-35,1,Env_Enrichment,9.0,11.1,1500.0,0.0,0.0,0.0,0.0,0.0,0.0,1.0,0.0,1.0,0.0,0.0,0.0,0.0,0.0,0.057902,0.046903,0.078326
sub-36_task-rest,sub-36,1,Env_Enrichment,9.0,11.1,1500.0,1.0,0.0,0.0,0.0,0.0,0.0,1.0,0.0,1.0,0.0,0.0,0.0,0.0,0.0,0.074001,0.061234,0.09025
sub-37_task-rest,sub-37,1,Env_Enrichment,9.0,11.1,1500.0,1.0,0.0,0.0,0.0,0.0,0.0,1.0,0.0,1.0,0.0,0.0,0.0,0.0,0.0,0.091879,0.056525,0.077849
sub-38_task-rest,sub-38,1,Env_Enrichment,9.0,11.1,1500.0,1.0,0.0,0.0,0.0,0.0,0.0,1.0,0.0,1.0,0.0,0.0,0.0,0.0,0.0,0.079221,0.06791,0.09083
sub-39_task-rest,sub-39,1,Env_Enrichment,9.0,11.1,1500.0,1.0,0.0,0.0,0.0,0.0,0.0,1.0,0.0,1.0,0.0,0.0,0.0,0.0,0.0,0.081056,0.051145,0.079428
sub-40_task-rest,sub-40,1,Env_Enrichment,9.0,11.1,1500.0,1.0,0.0,0.0,0.0,0.0,0.0,1.0,0.0,1.0,0.0,0.0,0.0,0.0,0.0,0.082361,0.065954,0.095737
sub-41_task-rest,sub-41,1,Env_Enrichment,9.0,11.1,1500.0,0.0,0.0,0.0,0.0,0.0,0.0,1.0,0.0,1.0,0.0,0.0,0.0,0.0,0.0,0.109148,0.094941,0.124995
sub-43_task-rest,sub-43,1,Env_Enrichment,9.0,11.1,1500.0,0.0,0.0,0.0,0.0,0.0,0.0,1.0,0.0,1.0,0.0,0.0,0.0,0.0,0.0,0.101834,0.113661,0.166952
sub-44_task-rest,sub-44,1,Env_Enrichment,9.0,11.1,1500.0,0.0,0.0,0.0,0.0,0.0,0.0,1.0,0.0,1.0,0.0,0.0,0.0,0.0,0.0,0.093818,0.054774,0.098567
sub-45_task-rest,sub-45,1,Env_Enrichment,9.0,11.1,1500.0,0.0,0.0,0.0,0.0,0.0,0.0,1.0,0.0,1.0,0.0,0.0,0.0,0.0,0.0,0.146494,0.08315,0.175642
sub-46_task-rest,sub-46,1,Env_Enrichment,9.0,11.1,1500.0,0.0,0.0,0.0,0.0,0.0,0.0,1.0,0.0,1.0,0.0,0.0,0.0,0.0,0.0,0.159325,0.066816,0.15939
sub-47_task-rest,sub-47,1,Env_Enrichment,9.0,11.1,1500.0,0.0,0.0,0.0,0.0,0.0,0.0,1.0,0.0,1.0,0.0,0.0,0.0,0.0,0.0,0.076308,0.068568,0.103623
sub-48_task-rest,sub-48,1,Env_Enrichment,9.0,11.1,1500.0,0.0,0.0,0.0,0.0,0.0,0.0,1.0,0.0,1.0,0.0,0.0,0.0,0.0,0.0,0.11084,0.085742,0.220225
sub-49_task-rest,sub-49,1,Env_Enrichment,9.0,11.1,1500.0,0.0,0.0,0.0,0.0,0.0,0.0,1.0,0.0,1.0,0.0,0.0,0.0,0.0,0.0,0.070547,0.04657,0.068406
sub-50_task-rest,sub-50,1,Env_Enrichment,9.0,11.1,1500.0,1.0,0.0,0.0,0.0,0.0,0.0,1.0,0.0,1.0,0.0,0.0,0.0,0.0,0.0,0.108747,0.103869,0.125269
sub-51_task-rest,sub-51,1,Env_Enrichment,9.0,11.1,1500.0,1.0,0.0,0.0,0.0,0.0,0.0,1.0,0.0,1.0,0.0,0.0,0.0,0.0,0.0,0.110007,0.074,0.099571
sub-52_task-rest,sub-52,1,Env_Enrichment,9.0,11.1,1500.0,1.0,0.0,0.0,0.0,0.0,0.0,1.0,0.0,1.0,0.0,0.0,0.0,0.0,0.0,0.101662,0.071782,0.164135
sub-53_task-rest,sub-53,1,Env_Enrichment,9.0,11.1,1500.0,1.0,0.0,0.0,0.0,0.0,0.0,1.0,0.0,1.0,0.0,0.0,0.0,0.0,0.0,0.109002,0.074052,0.132754
sub-54_task-rest,sub-54,1,Env_Enrichment,9.0,11.1,1500.0,1.0,0.0,0.0,0.0,0.0,0.0,1.0,0.0,1.0,0.0,0.0,0.0,0.0,0.0,0.098409,0.069321,0.120136
sub-55_task-rest,sub-55,1,Env_Enrichment,9.0,11.1,1500.0,1.0,0.0,0.0,0.0,0.0,0.0,1.0,0.0,1.0,0.0,0.0,0.0,0.0,0.0,0.099526,0.077283,0.157148
sub-56_task-rest,sub-56,1,Env_Enrichment,9.0,11.1,1500.0,1.0,0.0,0.0,0.0,0.0,0.0,1.0,0.0,1.0,0.0,0.0,0.0,0.0,0.0,0.105047,0.05103,0.089522
sub-57_task-rest,sub-57,1,Env_Enrichment,9.0,11.1,1500.0,1.0,0.0,0.0,0.0,0.0,0.0,1.0,0.0,1.0,0.0,0.0,0.0,0.0,0.0,0.078583,0.070675,0.138647
sub-62_task-rest,sub-62,1,Env_Enrichment,9.0,11.1,1500.0,0.0,0.0,0.0,0.0,0.0,0.0,1.0,0.0,1.0,0.0,0.0,0.0,0.0,0.0,0.080903,0.056228,0.071843
sub-63_task-rest,sub-63,1,Env_Enrichment,9.0,11.1,1500.0,0.0,0.0,0.0,0.0,0.0,0.0,1.0,0.0,1.0,0.0,0.0,0.0,0.0,0.0,0.061461,0.047225,0.064482
sub-67_task-rest,sub-67,1,Env_Enrichment,9.0,11.1,1500.0,0.0,0.0,0.0,0.0,0.0,0.0,1.0,0.0,1.0,0.0,0.0,0.0,0.0,0.0,0.075229,0.053837,0.090699
sub-68_task-rest,sub-68,1,Env_Enrichment,9.0,11.1,1500.0,0.0,0.0,0.0,0.0,0.0,0.0,1.0,0.0,1.0,0.0,0.0,0.0,0.0,0.0,0.080591,0.064538,0.105328
sub-001_task-rest,sub-001,1,Florida,28.0,7.0,1500.0,1.0,0.0,0.0,0.0,0.0,0.0,1.0,0.0,0.0,0.0,1.0,0.0,0.0,0.0,0.038664,0.033317,0.07208
sub-002_task-rest,sub-002,1,Florida,28.0,7.0,1500.0,0.0,0.0,0.0,0.0,0.0,0.0,1.0,0.0,0.0,0.0,1.0,0.0,0.0,0.0,0.034476,0.020536,0.039485
sub-003_task-rest,sub-003,1,Florida,28.0,7.0,1500.0,1.0,0.0,0.0,0.0,0.0,0.0,1.0,0.0,0.0,0.0,1.0,0.0,0.0,0.0,0.060538,0.035908,0.052905
sub-004_task-rest,sub-004,1,Florida,28.0,7.0,1500.0,0.0,0.0,0.0,0.0,0.0,0.0,1.0,0.0,0.0,0.0,1.0,0.0,0.0,0.0,0.062744,0.034525,0.03857
sub-008_task-rest,sub-008,1,Florida,28.0,7.0,1500.0,0.0,0.0,0.0,0.0,0.0,0.0,1.0,0.0,0.0,0.0,1.0,0.0,0.0,0.0,0.048215,0.03747,0.052788
sub-015_task-rest,sub-015,1,Florida,28.0,7.0,1500.0,1.0,0.0,0.0,0.0,0.0,0.0,1.0,0.0,0.0,0.0,1.0,0.0,0.0,0.0,0.02537,0.019713,0.046262
sub-016_task-rest,sub-016,1,Florida,28.0,7.0,1500.0,1.0,0.0,0.0,0.0,0.0,0.0,1.0,0.0,0.0,0.0,1.0,0.0,0.0,0.0,0.072147,0.035851,0.053161
sub-019_task-rest,sub-019,1,Florida,28.0,7.0,1500.0,1.0,0.0,0.0,0.0,0.0,0.0,1.0,0.0,0.0,0.0,1.0,0.0,0.0,0.0,0.062257,0.030513,0.062228
sub-020_task-rest,sub-020,1,Florida,28.0,7.0,1500.0,1.0,0.0,0.0,0.0,0.0,0.0,1.0,0.0,0.0,0.0,1.0,0.0,0.0,0.0,0.213706,0.161504,0.339673
sub-021_task-rest,sub-021,1,Florida,28.0,7.0,1500.0,0.0,0.0,0.0,0.0,0.0,0.0,1.0,0.0,0.0,0.0,1.0,0.0,0.0,0.0,0.127144,0.058412,0.114914
sub-022_task-rest,sub-022,1,Florida,28.0,7.0,1500.0,0.0,0.0,0.0,0.0,0.0,0.0,1.0,0.0,0.0,0.0,1.0,0.0,0.0,0.0,0.058988,0.041087,0.110276
sub-023_task-rest,sub-023,1,Florida,28.0,7.0,1500.0,0.0,0.0,0.0,0.0,0.0,0.0,1.0,0.0,0.0,0.0,1.0,0.0,0.0,0.0,0.112478,0.046777,0.088766
sub-COMR194c_ses-PND30,sub-COMR194c-PND30,1,Longitudinal,4.0,9.4,1000.0,1.0,0.0,0.0,0.0,0.0,0.0,0.0,0.0,0.0,0.0,0.0,0.0,1.0,0.0,0.115286,0.060903,0.069485
sub-COMR194c_ses-PND90,sub-COMR194c-PND90,2,Longitudinal,12.0,9.4,1000.0,1.0,0.0,0.0,0.0,0.0,0.0,0.0,0.0,0.0,0.0,0.0,0.0,1.0,0.0,0.092119,0.050792,0.059145
sub-COMR194f_ses-PND30,sub-COMR194f-PND30,1,Longitudinal,4.0,9.4,1000.0,0.0,0.0,0.0,0.0,0.0,0.0,0.0,0.0,0.0,0.0,0.0,0.0,1.0,0.0,0.050895,0.04395,0.060325
sub-COMR194f_ses-PND90,sub-COMR194f-PND90,2,Longitudinal,12.0,9.4,1000.0,0.0,0.0,0.0,0.0,0.0,0.0,0.0,0.0,0.0,0.0,0.0,0.0,1.0,0.0,0.151422,0.078198,0.083812
sub-COMR202d_ses-PND30,sub-COMR202d-PND30,1,Longitudinal,4.0,9.4,1000.0,0.0,0.0,0.0,0.0,0.0,0.0,0.0,0.0,0.0,0.0,0.0,0.0,1.0,0.0,0.062101,0.039337,0.050148
sub-COMR202d_ses-PND90,sub-COMR202d-PND90,2,Longitudinal,12.0,9.4,1000.0,0.0,0.0,0.0,0.0,0.0,0.0,0.0,0.0,0.0,0.0,0.0,0.0,1.0,0.0,0.176766,0.059364,0.078153
sub-COMR221c_ses-PND30,sub-COMR221c-PND30,1,Longitudinal,4.0,9.4,1000.0,1.0,0.0,0.0,0.0,0.0,0.0,0.0,0.0,0.0,0.0,0.0,0.0,1.0,0.0,0.1201,0.04699,0.069033
sub-COMR221c_ses-PND90,sub-COMR221c-PND90,2,Longitudinal,12.0,9.4,1000.0,1.0,0.0,0.0,0.0,0.0,0.0,0.0,0.0,0.0,0.0,0.0,0.0,1.0,0.0,0.065537,0.046444,0.039794
sub-COMR221f_ses-PND30,sub-COMR221f-PND30,1,Longitudinal,4.0,9.4,1000.0,0.0,0.0,0.0,0.0,0.0,0.0,0.0,0.0,0.0,0.0,0.0,0.0,1.0,0.0,0.105412,0.044698,0.067596
sub-COMR221f_ses-PND90,sub-COMR221f-PND90,2,Longitudinal,12.0,9.4,1000.0,0.0,0.0,0.0,0.0,0.0,0.0,0.0,0.0,0.0,0.0,0.0,0.0,1.0,0.0,0.171897,0.118471,0.22776
sub-COMR232a_ses-PND30,sub-COMR232a-PND30,1,Longitudinal,4.0,9.4,1000.0,1.0,0.0,0.0,0.0,0.0,0.0,0.0,0.0,0.0,0.0,0.0,0.0,1.0,0.0,0.054408,0.029866,0.047192
sub-COMR232a_ses-PND90,sub-COMR232a-PND90,2,Longitudinal,12.0,9.4,1000.0,1.0,0.0,0.0,0.0,0.0,0.0,0.0,0.0,0.0,0.0,0.0,0.0,1.0,0.0,0.089935,0.043351,0.072857
sub-COMR232b_ses-PND30,sub-COMR232b-PND30,1,Longitudinal,4.0,9.4,1000.0,0.0,0.0,0.0,0.0,0.0,0.0,0.0,0.0,0.0,0.0,0.0,0.0,1.0,0.0,0.072479,0.040582,0.053403
sub-COMR232b_ses-PND90,sub-COMR232b-PND90,2,Longitudinal,12.0,9.4,1000.0,0.0,0.0,0.0,0.0,0.0,0.0,0.0,0.0,0.0,0.0,0.0,0.0,1.0,0.0,0.196422,0.073992,0.072533
sub-COMR232f_ses-PND30,sub-COMR232f-PND30,1,Longitudinal,4.0,9.4,1000.0,0.0,0.0,0.0,0.0,0.0,0.0,0.0,0.0,0.0,0.0,0.0,0.0,1.0,0.0,0.074902,0.045762,0.066793
sub-COMR232f_ses-PND90,sub-COMR232f-PND90,2,Longitudinal,12.0,9.4,1000.0,0.0,0.0,0.0,0.0,0.0,0.0,0.0,0.0,0.0,0.0,0.0,0.0,1.0,0.0,0.159484,0.078207,0.125303
sub-COMR233a_ses-PND30,sub-COMR233a-PND30,1,Longitudinal,4.0,9.4,1000.0,0.0,0.0,0.0,0.0,0.0,0.0,0.0,0.0,0.0,0.0,0.0,0.0,1.0,0.0,0.072942,0.042042,0.066141
sub-COMR233a_ses-PND90,sub-COMR233a-PND90,2,Longitudinal,12.0,9.4,1000.0,0.0,0.0,0.0,0.0,0.0,0.0,0.0,0.0,0.0,0.0,0.0,0.0,1.0,0.0,0.104001,0.044063,0.05478
sub-COMR233f_ses-PND30,sub-COMR233f-PND30,1,Longitudinal,4.0,9.4,1000.0,1.0,0.0,0.0,0.0,0.0,0.0,0.0,0.0,0.0,0.0,0.0,0.0,1.0,0.0,0.069263,0.040521,0.062088
sub-COMR233f_ses-PND90,sub-COMR233f-PND90,2,Longitudinal,12.0,9.4,1000.0,1.0,0.0,0.0,0.0,0.0,0.0,0.0,0.0,0.0,0.0,0.0,0.0,1.0,0.0,0.090054,0.055735,0.061318
sub-COMR242d_ses-PND30,sub-COMR242d-PND30,1,Longitudinal,4.0,9.4,1000.0,1.0,0.0,0.0,0.0,0.0,0.0,0.0,0.0,0.0,0.0,0.0,0.0,1.0,0.0,0.040898,0.02902,0.038218
sub-COMR242d_ses-PND90,sub-COMR242d-PND90,2,Longitudinal,12.0,9.4,1000.0,1.0,0.0,0.0,0.0,0.0,0.0,0.0,0.0,0.0,0.0,0.0,0.0,1.0,0.0,0.082786,0.050914,0.079474
sub-COMR242i_ses-PND30,sub-COMR242i-PND30,1,Longitudinal,4.0,9.4,1000.0,0.0,0.0,0.0,0.0,0.0,0.0,0.0,0.0,0.0,0.0,0.0,0.0,1.0,0.0,0.099811,0.050949,0.07671
sub-COMR291e_ses-PND30,sub-COMR291e-PND30,1,Longitudinal,4.0,9.4,1000.0,0.0,0.0,0.0,0.0,0.0,0.0,0.0,0.0,0.0,0.0,0.0,0.0,1.0,0.0,0.112897,0.035837,0.054638
sub-COMR291e_ses-PND90,sub-COMR291e-PND90,2,Longitudinal,12.0,9.4,1000.0,0.0,0.0,0.0,0.0,0.0,0.0,0.0,0.0,0.0,0.0,0.0,0.0,1.0,0.0,0.076431,0.051285,0.071216
sub-COMR291f_ses-PND30,sub-COMR291f-PND30,1,Longitudinal,4.0,9.4,1000.0,0.0,0.0,0.0,0.0,0.0,0.0,0.0,0.0,0.0,0.0,0.0,0.0,1.0,0.0,0.082843,0.039203,0.048544
sub-COMR291f_ses-PND90,sub-COMR291f-PND90,2,Longitudinal,12.0,9.4,1000.0,0.0,0.0,0.0,0.0,0.0,0.0,0.0,0.0,0.0,0.0,0.0,0.0,1.0,0.0,0.07953,0.046992,0.055428
sub-COMR291h_ses-PND30,sub-COMR291h-PND30,1,Longitudinal,4.0,9.4,1000.0,0.0,0.0,0.0,0.0,0.0,0.0,0.0,0.0,0.0,0.0,0.0,0.0,1.0,0.0,0.061082,0.040379,0.065793
sub-COMR291h_ses-PND90,sub-COMR291h-PND90,2,Longitudinal,12.0,9.4,1000.0,0.0,0.0,0.0,0.0,0.0,0.0,0.0,0.0,0.0,0.0,0.0,0.0,1.0,0.0,0.086492,0.050373,0.06352
sub-COMR301d_ses-PND30,sub-COMR301d-PND30,1,Longitudinal,4.0,9.4,1000.0,0.0,0.0,0.0,0.0,0.0,0.0,0.0,0.0,0.0,0.0,0.0,0.0,1.0,0.0,0.107916,0.05185,0.067782
sub-COMR301d_ses-PND90,sub-COMR301d-PND90,2,Longitudinal,12.0,9.4,1000.0,0.0,0.0,0.0,0.0,0.0,0.0,0.0,0.0,0.0,0.0,0.0,0.0,1.0,0.0,0.05321,0.044072,0.051316
sub-COMR301f_ses-PND30,sub-COMR301f-PND30,1,Longitudinal,4.0,9.4,1000.0,1.0,0.0,0.0,0.0,0.0,0.0,0.0,0.0,0.0,0.0,0.0,0.0,1.0,0.0,0.068108,0.031974,0.062173
sub-COMR301f_ses-PND90,sub-COMR301f-PND90,2,Longitudinal,12.0,9.4,1000.0,1.0,0.0,0.0,0.0,0.0,0.0,0.0,0.0,0.0,0.0,0.0,0.0,1.0,0.0,0.084925,0.058055,0.085908
sub-COMR321a_ses-PND30,sub-COMR321a-PND30,1,Longitudinal,4.0,9.4,1000.0,1.0,0.0,0.0,0.0,0.0,0.0,0.0,0.0,0.0,0.0,0.0,0.0,1.0,0.0,0.057506,0.039238,0.049411
sub-COMR321a_ses-PND90,sub-COMR321a-PND90,2,Longitudinal,12.0,9.4,1000.0,1.0,0.0,0.0,0.0,0.0,0.0,0.0,0.0,0.0,0.0,0.0,0.0,1.0,0.0,0.230363,0.099369,0.081798
sub-COMR331a_ses-PND30,sub-COMR331a-PND30,1,Longitudinal,4.0,9.4,1000.0,1.0,0.0,0.0,0.0,0.0,0.0,0.0,0.0,0.0,0.0,0.0,0.0,1.0,0.0,0.059813,0.034453,0.061266
sub-COMR331a_ses-PND90,sub-COMR331a-PND90,2,Longitudinal,12.0,9.4,1000.0,1.0,0.0,0.0,0.0,0.0,0.0,0.0,0.0,0.0,0.0,0.0,0.0,1.0,0.0,0.084214,0.034948,0.077123
sub-COMR331b_ses-PND30,sub-COMR331b-PND30,1,Longitudinal,4.0,9.4,1000.0,1.0,0.0,0.0,0.0,0.0,0.0,0.0,0.0,0.0,0.0,0.0,0.0,1.0,0.0,0.094662,0.040649,0.066015
sub-COMR331b_ses-PND90,sub-COMR331b-PND90,2,Longitudinal,12.0,9.4,1000.0,1.0,0.0,0.0,0.0,0.0,0.0,0.0,0.0,0.0,0.0,0.0,0.0,1.0,0.0,0.085371,0.049591,0.072561
sub-COMR331c_ses-PND30,sub-COMR331c-PND30,1,Longitudinal,4.0,9.4,1000.0,1.0,0.0,0.0,0.0,0.0,0.0,0.0,0.0,0.0,0.0,0.0,0.0,1.0,0.0,0.054165,0.039961,0.06671
sub-COMR331c_ses-PND90,sub-COMR331c-PND90,2,Longitudinal,12.0,9.4,1000.0,1.0,0.0,0.0,0.0,0.0,0.0,0.0,0.0,0.0,0.0,0.0,0.0,1.0,0.0,0.141091,0.049124,0.096627
sub-COMR331e_ses-PND30,sub-COMR331e-PND30,1,Longitudinal,4.0,9.4,1000.0,0.0,0.0,0.0,0.0,0.0,0.0,0.0,0.0,0.0,0.0,0.0,0.0,1.0,0.0,0.103895,0.051257,0.05622
sub-COMR331e_ses-PND90,sub-COMR331e-PND90,2,Longitudinal,12.0,9.4,1000.0,0.0,0.0,0.0,0.0,0.0,0.0,0.0,0.0,0.0,0.0,0.0,0.0,1.0,0.0,0.128568,0.060832,0.073635
sub-COMR332d_ses-PND30,sub-COMR332d-PND30,1,Longitudinal,4.0,9.4,1000.0,1.0,0.0,0.0,0.0,0.0,0.0,0.0,0.0,0.0,0.0,0.0,0.0,1.0,0.0,0.063554,0.042935,0.077699
sub-COMR332d_ses-PND90,sub-COMR332d-PND90,2,Longitudinal,12.0,9.4,1000.0,1.0,0.0,0.0,0.0,0.0,0.0,0.0,0.0,0.0,0.0,0.0,0.0,1.0,0.0,0.217527,0.099632,0.125657
sub-COMR332f_ses-PND30,sub-COMR332f-PND30,1,Longitudinal,4.0,9.4,1000.0,0.0,0.0,0.0,0.0,0.0,0.0,0.0,0.0,0.0,0.0,0.0,0.0,1.0,0.0,0.071836,0.041468,0.07739
sub-COMR332f_ses-PND90,sub-COMR332f-PND90,2,Longitudinal,12.0,9.4,1000.0,0.0,0.0,0.0,0.0,0.0,0.0,0.0,0.0,0.0,0.0,0.0,0.0,1.0,0.0,0.165609,0.07607,0.056837
sub-COMR341a_ses-PND30,sub-COMR341a-PND30,1,Longitudinal,4.0,9.4,1000.0,0.0,0.0,0.0,0.0,0.0,0.0,0.0,0.0,0.0,0.0,0.0,0.0,1.0,0.0,0.057021,0.058407,0.077336
sub-COMR351b_ses-PND30,sub-COMR351b-PND30,1,Longitudinal,4.0,9.4,1000.0,1.0,0.0,0.0,0.0,0.0,0.0,0.0,0.0,0.0,0.0,0.0,0.0,1.0,0.0,0.084466,0.038764,0.053358
sub-COMR351b_ses-PND90,sub-COMR351b-PND90,2,Longitudinal,12.0,9.4,1000.0,1.0,0.0,0.0,0.0,0.0,0.0,0.0,0.0,0.0,0.0,0.0,0.0,1.0,0.0,0.225511,0.039878,0.073268
sub-COMR351i_ses-PND30,sub-COMR351i-PND30,1,Longitudinal,4.0,9.4,1000.0,0.0,0.0,0.0,0.0,0.0,0.0,0.0,0.0,0.0,0.0,0.0,0.0,1.0,0.0,0.117432,0.048453,0.07307
sub-COMR351i_ses-PND90,sub-COMR351i-PND90,2,Longitudinal,12.0,9.4,1000.0,0.0,0.0,0.0,0.0,0.0,0.0,0.0,0.0,0.0,0.0,0.0,0.0,1.0,0.0,0.104204,0.044849,0.082164
sub-COMR381a_ses-PND90,sub-COMR381a-PND90,2,Longitudinal,12.0,9.4,1000.0,1.0,0.0,0.0,0.0,0.0,0.0,0.0,0.0,0.0,0.0,0.0,0.0,1.0,0.0,0.056113,0.037339,0.060279
sub-COMR381e_ses-PND30,sub-COMR381e-PND30,1,Longitudinal,4.0,9.4,1000.0,1.0,0.0,0.0,0.0,0.0,0.0,0.0,0.0,0.0,0.0,0.0,0.0,1.0,0.0,0.079619,0.051781,0.06931
sub-COMR381e_ses-PND90,sub-COMR381e-PND90,2,Longitudinal,12.0,9.4,1000.0,1.0,0.0,0.0,0.0,0.0,0.0,0.0,0.0,0.0,0.0,0.0,0.0,1.0,0.0,0.099883,0.076563,0.083747
sub-COMR381g_ses-PND30,sub-COMR381g-PND30,1,Longitudinal,4.0,9.4,1000.0,1.0,0.0,0.0,0.0,0.0,0.0,0.0,0.0,0.0,0.0,0.0,0.0,1.0,0.0,0.069677,0.050311,0.062824
sub-COMR381g_ses-PND90,sub-COMR381g-PND90,2,Longitudinal,12.0,9.4,1000.0,1.0,0.0,0.0,0.0,0.0,0.0,0.0,0.0,0.0,0.0,0.0,0.0,1.0,0.0,0.089506,0.065828,0.08261
sub-COMR391b_ses-PND30,sub-COMR391b-PND30,1,Longitudinal,4.0,9.4,1000.0,1.0,0.0,0.0,0.0,0.0,0.0,0.0,0.0,0.0,0.0,0.0,0.0,1.0,0.0,0.086051,0.036282,0.073986
sub-COMR391b_ses-PND90,sub-COMR391b-PND90,2,Longitudinal,12.0,9.4,1000.0,1.0,0.0,0.0,0.0,0.0,0.0,0.0,0.0,0.0,0.0,0.0,0.0,1.0,0.0,0.055233,0.043059,0.064204
sub-COMR421b_ses-PND30,sub-COMR421b-PND30,1,Longitudinal,4.0,9.4,1000.0,1.0,0.0,0.0,0.0,0.0,0.0,0.0,0.0,0.0,0.0,0.0,0.0,1.0,0.0,0.065852,0.037478,0.068845
sub-COMR421b_ses-PND90,sub-COMR421b-PND90,2,Longitudinal,12.0,9.4,1000.0,1.0,0.0,0.0,0.0,0.0,0.0,0.0,0.0,0.0,0.0,0.0,0.0,1.0,0.0,0.098046,0.070214,0.111319
sub-COMR421f_ses-PND30,sub-COMR421f-PND30,1,Longitudinal,4.0,9.4,1000.0,0.0,0.0,0.0,0.0,0.0,0.0,0.0,0.0,0.0,0.0,0.0,0.0,1.0,0.0,0.075674,0.04274,0.06455
sub-COMR421f_ses-PND90,sub-COMR421f-PND90,2,Longitudinal,12.0,9.4,1000.0,0.0,0.0,0.0,0.0,0.0,0.0,0.0,0.0,0.0,0.0,0.0,0.0,1.0,0.0,0.079152,0.044811,0.0735
sub-COMR431c_ses-PND30,sub-COMR431c-PND30,1,Longitudinal,4.0,9.4,1000.0,0.0,0.0,0.0,0.0,0.0,0.0,0.0,0.0,0.0,0.0,0.0,0.0,1.0,0.0,0.096194,0.066549,0.165617
sub-COMR431c_ses-PND90,sub-COMR431c-PND90,2,Longitudinal,12.0,9.4,1000.0,0.0,0.0,0.0,0.0,0.0,0.0,0.0,0.0,0.0,0.0,0.0,0.0,1.0,0.0,0.081477,0.061236,0.085864
sub-jgrADc41L_ses-1,c41L,1,3xTG,13.0,11.75,1000.0,1.0,1.0,0.0,0.0,0.0,0.0,0.0,0.0,0.0,0.0,0.0,0.0,1.0,0.0,0.082204,0.056696,0.051011
sub-jgrADc41L_ses-2,c41L,2,3xTG,26.0,11.75,1000.0,1.0,1.0,0.0,0.0,0.0,0.0,0.0,0.0,0.0,0.0,0.0,0.0,1.0,0.0,0.059524,0.039399,0.040905
sub-jgrADc41R_ses-1,c41R,1,3xTG,13.0,11.75,1000.0,1.0,1.0,0.0,0.0,0.0,0.0,0.0,0.0,0.0,0.0,0.0,0.0,1.0,0.0,0.088724,0.043597,0.046683
sub-jgrADc41R_ses-2,c41R,2,3xTG,26.0,11.75,1000.0,1.0,1.0,0.0,0.0,0.0,0.0,0.0,0.0,0.0,0.0,0.0,0.0,1.0,0.0,0.065227,0.04645,0.059343
sub-jgrADc42L_ses-1,c42L,1,3xTG,13.0,11.75,1000.0,1.0,1.0,0.0,0.0,0.0,0.0,0.0,0.0,0.0,0.0,0.0,0.0,1.0,0.0,0.099489,0.058958,0.050504
sub-jgrADc42L_ses-2,c42L,2,3xTG,26.0,11.75,1000.0,1.0,1.0,0.0,0.0,0.0,0.0,0.0,0.0,0.0,0.0,0.0,0.0,1.0,0.0,0.062669,0.046465,0.050759
sub-jgrADc42R_ses-1,c42R,1,3xTG,13.0,11.75,1000.0,1.0,1.0,0.0,0.0,0.0,0.0,0.0,0.0,0.0,0.0,0.0,0.0,1.0,0.0,0.091413,0.049463,0.061848
sub-jgrADc42R_ses-2,c42R,2,3xTG,26.0,11.75,1000.0,1.0,1.0,0.0,0.0,0.0,0.0,0.0,0.0,0.0,0.0,0.0,0.0,1.0,0.0,0.063496,0.049752,0.053013
sub-jgrADc51L_ses-1,c51L,1,3xTG,13.0,11.75,1000.0,1.0,1.0,0.0,0.0,0.0,0.0,0.0,0.0,0.0,0.0,0.0,0.0,1.0,0.0,0.094984,0.071899,0.043382
sub-jgrADc51L_ses-2,c51L,2,3xTG,26.0,11.75,1000.0,1.0,1.0,0.0,0.0,0.0,0.0,0.0,0.0,0.0,0.0,0.0,0.0,1.0,0.0,0.108908,0.063629,0.055733
sub-jgrADc71L_ses-1,c71L,1,3xTG,13.0,11.75,1000.0,1.0,1.0,0.0,0.0,0.0,0.0,0.0,0.0,0.0,0.0,0.0,0.0,1.0,0.0,0.084703,0.046446,0.061596
sub-jgrADc71L_ses-2,c71L,2,3xTG,26.0,11.75,1000.0,1.0,1.0,0.0,0.0,0.0,0.0,0.0,0.0,0.0,0.0,0.0,0.0,1.0,0.0,0.081043,0.059706,0.052952
sub-jgrADc71R_ses-1,c71R,1,3xTG,13.0,11.75,1000.0,1.0,1.0,0.0,0.0,0.0,0.0,0.0,0.0,0.0,0.0,0.0,0.0,1.0,0.0,0.088206,0.050875,0.053437
sub-jgrADc71R_ses-2,c71R,2,3xTG,26.0,11.75,1000.0,1.0,1.0,0.0,0.0,0.0,0.0,0.0,0.0,0.0,0.0,0.0,0.0,1.0,0.0,0.08483,0.047693,0.054671
sub-jgrAesAWc11R1L_ses-1_run-1,sub-jgrAesAWc11R1L_ses-1,1,Awake_Rest,12.0,11.7,1200.0,0.0,0.0,0.0,0.0,0.0,0.0,0.0,0.0,0.0,0.0,0.0,0.0,0.0,0.0,0.25335,0.100227,0.215763
sub-jgrAesAWc11R1L_ses-1_run-2,sub-jgrAesAWc11R1L_ses-1,1,Awake_Rest,12.0,11.7,1200.0,0.0,0.0,0.0,0.0,0.0,0.0,0.0,0.0,0.0,0.0,0.0,0.0,0.0,0.0,0.319943,0.203632,0.332874
sub-jgrAesAWc11R1L_ses-1_run-3,sub-jgrAesAWc11R1L_ses-1,1,Awake_Rest,12.0,11.7,1200.0,0.0,0.0,0.0,0.0,0.0,0.0,0.0,0.0,0.0,0.0,0.0,0.0,0.0,0.0,0.259395,0.078444,0.172506
sub-jgrAesAWc11R1L_ses-2_run-1,sub-jgrAesAWc11R1L_ses-2,2,Awake_Rest,12.0,11.7,1200.0,0.0,0.0,0.0,0.0,0.0,0.0,0.0,0.0,0.0,0.0,0.0,0.0,0.0,0.0,0.163304,0.079951,0.084654
sub-jgrAesAWc11R1L_ses-2_run-2,sub-jgrAesAWc11R1L_ses-2,2,Awake_Rest,12.0,11.7,1200.0,0.0,0.0,0.0,0.0,0.0,0.0,0.0,0.0,0.0,0.0,0.0,0.0,0.0,0.0,0.150999,0.150513,0.100446
sub-jgrAesAWc11R1L_ses-2_run-3,sub-jgrAesAWc11R1L_ses-2,2,Awake_Rest,12.0,11.7,1200.0,0.0,0.0,0.0,0.0,0.0,0.0,0.0,0.0,0.0,0.0,0.0,0.0,0.0,0.0,0.256942,0.138568,0.249868
sub-jgrAesAWc11R_ses-1_run-1,sub-jgrAesAWc11R_ses-1,1,Awake_Rest,12.0,11.7,1200.0,0.0,0.0,0.0,0.0,0.0,0.0,0.0,0.0,0.0,0.0,0.0,0.0,0.0,0.0,0.322976,0.187603,0.430799
sub-jgrAesAWc11R_ses-1_run-2,sub-jgrAesAWc11R_ses-1,1,Awake_Rest,12.0,11.7,1200.0,0.0,0.0,0.0,0.0,0.0,0.0,0.0,0.0,0.0,0.0,0.0,0.0,0.0,0.0,0.249791,0.15702,0.260328
sub-jgrAesAWc11R_ses-1_run-3,sub-jgrAesAWc11R_ses-1,1,Awake_Rest,12.0,11.7,1200.0,0.0,0.0,0.0,0.0,0.0,0.0,0.0,0.0,0.0,0.0,0.0,0.0,0.0,0.0,0.201348,0.254738,0.296165
sub-jgrAesAWc11R_ses-2_run-1,sub-jgrAesAWc11R_ses-2,2,Awake_Rest,12.0,11.7,1200.0,0.0,0.0,0.0,0.0,0.0,0.0,0.0,0.0,0.0,0.0,0.0,0.0,0.0,0.0,0.138103,0.072843,0.252748
sub-jgrAesAWc11R_ses-2_run-2,sub-jgrAesAWc11R_ses-2,2,Awake_Rest,12.0,11.7,1200.0,0.0,0.0,0.0,0.0,0.0,0.0,0.0,0.0,0.0,0.0,0.0,0.0,0.0,0.0,0.197558,0.086925,0.240773
sub-jgrAesAWc11R_ses-2_run-3,sub-jgrAesAWc11R_ses-2,2,Awake_Rest,12.0,11.7,1200.0,0.0,0.0,0.0,0.0,0.0,0.0,0.0,0.0,0.0,0.0,0.0,0.0,0.0,0.0,0.156629,0.103473,0.257109
sub-jgrAesAWc12R_ses-1_run-1,sub-jgrAesAWc12R_ses-1,1,Awake_Rest,12.0,11.7,1200.0,0.0,0.0,0.0,0.0,0.0,0.0,0.0,0.0,0.0,0.0,0.0,0.0,0.0,0.0,0.198936,0.091265,0.120256
sub-jgrAesAWc12R_ses-1_run-2,sub-jgrAesAWc12R_ses-1,1,Awake_Rest,12.0,11.7,1200.0,0.0,0.0,0.0,0.0,0.0,0.0,0.0,0.0,0.0,0.0,0.0,0.0,0.0,0.0,0.199813,0.169419,0.245564
sub-jgrAesAWc12R_ses-1_run-3,sub-jgrAesAWc12R_ses-1,1,Awake_Rest,12.0,11.7,1200.0,0.0,0.0,0.0,0.0,0.0,0.0,0.0,0.0,0.0,0.0,0.0,0.0,0.0,0.0,0.184022,0.202986,0.204699
sub-jgrAesAWc12R_ses-2_run-1,sub-jgrAesAWc12R_ses-2,2,Awake_Rest,12.0,11.7,1200.0,0.0,0.0,0.0,0.0,0.0,0.0,0.0,0.0,0.0,0.0,0.0,0.0,0.0,0.0,0.212964,0.155897,0.19283
sub-jgrAesAWc12R_ses-2_run-2,sub-jgrAesAWc12R_ses-2,2,Awake_Rest,12.0,11.7,1200.0,0.0,0.0,0.0,0.0,0.0,0.0,0.0,0.0,0.0,0.0,0.0,0.0,0.0,0.0,0.290166,0.124282,0.223379
sub-jgrAesAWc12R_ses-2_run-3,sub-jgrAesAWc12R_ses-2,2,Awake_Rest,12.0,11.7,1200.0,0.0,0.0,0.0,0.0,0.0,0.0,0.0,0.0,0.0,0.0,0.0,0.0,0.0,0.0,0.317077,0.093879,0.227463
sub-jgrAesAWc1NT_ses-1_run-1,sub-jgrAesAWc1NT_ses-1,1,Awake_Rest,12.0,11.7,1200.0,0.0,0.0,0.0,0.0,0.0,0.0,0.0,0.0,0.0,0.0,0.0,0.0,0.0,0.0,0.166202,0.090081,0.108832
sub-jgrAesAWc1NT_ses-1_run-2,sub-jgrAesAWc1NT_ses-1,1,Awake_Rest,12.0,11.7,1200.0,0.0,0.0,0.0,0.0,0.0,0.0,0.0,0.0,0.0,0.0,0.0,0.0,0.0,0.0,0.120449,0.102504,0.118591
sub-jgrAesAWc1NT_ses-1_run-3,sub-jgrAesAWc1NT_ses-1,1,Awake_Rest,12.0,11.7,1200.0,0.0,0.0,0.0,0.0,0.0,0.0,0.0,0.0,0.0,0.0,0.0,0.0,0.0,0.0,0.25572,0.217156,0.36586
sub-jgrAesAWc1NT_ses-2_run-1,sub-jgrAesAWc1NT_ses-2,2,Awake_Rest,12.0,11.7,1200.0,0.0,0.0,0.0,0.0,0.0,0.0,0.0,0.0,0.0,0.0,0.0,0.0,0.0,0.0,0.353073,0.164869,0.263864
sub-jgrAesAWc1NT_ses-2_run-2,sub-jgrAesAWc1NT_ses-2,2,Awake_Rest,12.0,11.7,1200.0,0.0,0.0,0.0,0.0,0.0,0.0,0.0,0.0,0.0,0.0,0.0,0.0,0.0,0.0,0.284617,0.150802,0.284797
sub-jgrAesAWc1NT_ses-2_run-3,sub-jgrAesAWc1NT_ses-2,2,Awake_Rest,12.0,11.7,1200.0,0.0,0.0,0.0,0.0,0.0,0.0,0.0,0.0,0.0,0.0,0.0,0.0,0.0,0.0,0.281244,0.104878,0.298311
sub-jgrAesAWc21L_ses-1_run-1,sub-jgrAesAWc21L_ses-1,1,Awake_Rest,12.0,11.7,1200.0,0.0,0.0,0.0,0.0,0.0,0.0,0.0,0.0,0.0,0.0,0.0,0.0,0.0,0.0,0.104378,0.0554,0.12062
sub-jgrAesAWc21L_ses-1_run-2,sub-jgrAesAWc21L_ses-1,1,Awake_Rest,12.0,11.7,1200.0,0.0,0.0,0.0,0.0,0.0,0.0,0.0,0.0,0.0,0.0,0.0,0.0,0.0,0.0,0.171913,0.086875,0.174672
sub-jgrAesAWc21L_ses-1_run-3,sub-jgrAesAWc21L_ses-1,1,Awake_Rest,12.0,11.7,1200.0,0.0,0.0,0.0,0.0,0.0,0.0,0.0,0.0,0.0,0.0,0.0,0.0,0.0,0.0,0.17382,0.068858,0.181304
sub-jgrAesAWc21L_ses-2_run-1,sub-jgrAesAWc21L_ses-2,2,Awake_Rest,12.0,11.7,1200.0,0.0,0.0,0.0,0.0,0.0,0.0,0.0,0.0,0.0,0.0,0.0,0.0,0.0,0.0,0.145628,0.112342,0.243523
sub-jgrAesAWc21L_ses-2_run-2,sub-jgrAesAWc21L_ses-2,2,Awake_Rest,12.0,11.7,1200.0,0.0,0.0,0.0,0.0,0.0,0.0,0.0,0.0,0.0,0.0,0.0,0.0,0.0,0.0,0.138171,0.070233,0.122015
sub-jgrAesAWc21L_ses-2_run-3,sub-jgrAesAWc21L_ses-2,2,Awake_Rest,12.0,11.7,1200.0,0.0,0.0,0.0,0.0,0.0,0.0,0.0,0.0,0.0,0.0,0.0,0.0,0.0,0.0,0.143222,0.063936,0.086128
sub-jgrAesAWc21R1L_ses-1_run-1,sub-jgrAesAWc21R1L_ses-1,1,Awake_Rest,12.0,11.7,1200.0,0.0,0.0,0.0,0.0,0.0,0.0,0.0,0.0,0.0,0.0,0.0,0.0,0.0,0.0,0.202389,0.18289,0.163116
sub-jgrAesAWc21R1L_ses-1_run-2,sub-jgrAesAWc21R1L_ses-1,1,Awake_Rest,12.0,11.7,1200.0,0.0,0.0,0.0,0.0,0.0,0.0,0.0,0.0,0.0,0.0,0.0,0.0,0.0,0.0,0.384416,0.138035,0.440555
sub-jgrAesAWc21R1L_ses-1_run-3,sub-jgrAesAWc21R1L_ses-1,1,Awake_Rest,12.0,11.7,1200.0,0.0,0.0,0.0,0.0,0.0,0.0,0.0,0.0,0.0,0.0,0.0,0.0,0.0,0.0,0.275516,0.129801,0.160867
sub-jgrAesAWc21R1L_ses-2_run-1,sub-jgrAesAWc21R1L_ses-2,2,Awake_Rest,12.0,11.7,1200.0,0.0,0.0,0.0,0.0,0.0,0.0,0.0,0.0,0.0,0.0,0.0,0.0,0.0,0.0,0.145741,0.090826,0.243449
sub-jgrAesAWc21R1L_ses-2_run-2,sub-jgrAesAWc21R1L_ses-2,2,Awake_Rest,12.0,11.7,1200.0,0.0,0.0,0.0,0.0,0.0,0.0,0.0,0.0,0.0,0.0,0.0,0.0,0.0,0.0,0.251999,0.088907,0.183514
sub-jgrAesAWc21R1L_ses-2_run-3,sub-jgrAesAWc21R1L_ses-2,2,Awake_Rest,12.0,11.7,1200.0,0.0,0.0,0.0,0.0,0.0,0.0,0.0,0.0,0.0,0.0,0.0,0.0,0.0,0.0,0.22621,0.182483,0.155866
sub-jgrAesAWc21R_ses-1_run-1,sub-jgrAesAWc21R_ses-1,1,Awake_Rest,12.0,11.7,1200.0,0.0,0.0,0.0,0.0,0.0,0.0,0.0,0.0,0.0,0.0,0.0,0.0,0.0,0.0,0.108301,0.052671,0.157448
sub-jgrAesAWc21R_ses-1_run-3,sub-jgrAesAWc21R_ses-1,1,Awake_Rest,12.0,11.7,1200.0,0.0,0.0,0.0,0.0,0.0,0.0,0.0,0.0,0.0,0.0,0.0,0.0,0.0,0.0,0.116296,0.092462,0.262075
sub-jgrAesAWc21R_ses-2_run-1,sub-jgrAesAWc21R_ses-2,2,Awake_Rest,12.0,11.7,1200.0,0.0,0.0,0.0,0.0,0.0,0.0,0.0,0.0,0.0,0.0,0.0,0.0,0.0,0.0,0.120371,0.107858,0.136583
sub-jgrAesAWc21R_ses-2_run-2,sub-jgrAesAWc21R_ses-2,2,Awake_Rest,12.0,11.7,1200.0,0.0,0.0,0.0,0.0,0.0,0.0,0.0,0.0,0.0,0.0,0.0,0.0,0.0,0.0,0.120521,0.085949,0.160987
sub-jgrAesAWc21R_ses-2_run-3,sub-jgrAesAWc21R_ses-2,2,Awake_Rest,12.0,11.7,1200.0,0.0,0.0,0.0,0.0,0.0,0.0,0.0,0.0,0.0,0.0,0.0,0.0,0.0,0.0,0.186732,0.149646,0.187917
sub-jgrAesAWc22R_ses-1_run-1,sub-jgrAesAWc22R_ses-1,1,Awake_Rest,12.0,11.7,1200.0,0.0,0.0,0.0,0.0,0.0,0.0,0.0,0.0,0.0,0.0,0.0,0.0,0.0,0.0,0.144363,0.070526,0.084238
sub-jgrAesAWc22R_ses-1_run-2,sub-jgrAesAWc22R_ses-1,1,Awake_Rest,12.0,11.7,1200.0,0.0,0.0,0.0,0.0,0.0,0.0,0.0,0.0,0.0,0.0,0.0,0.0,0.0,0.0,0.199176,0.130488,0.141708
sub-jgrAesAWc22R_ses-1_run-3,sub-jgrAesAWc22R_ses-1,1,Awake_Rest,12.0,11.7,1200.0,0.0,0.0,0.0,0.0,0.0,0.0,0.0,0.0,0.0,0.0,0.0,0.0,0.0,0.0,0.230753,0.121952,0.170253
sub-jgrAesAWc22R_ses-2_run-1,sub-jgrAesAWc22R_ses-2,2,Awake_Rest,12.0,11.7,1200.0,0.0,0.0,0.0,0.0,0.0,0.0,0.0,0.0,0.0,0.0,0.0,0.0,0.0,0.0,0.164238,0.070553,0.11627
sub-jgrAesAWc22R_ses-2_run-2,sub-jgrAesAWc22R_ses-2,2,Awake_Rest,12.0,11.7,1200.0,0.0,0.0,0.0,0.0,0.0,0.0,0.0,0.0,0.0,0.0,0.0,0.0,0.0,0.0,0.179454,0.166903,0.208728
sub-jgrAesAWc22R_ses-2_run-3,sub-jgrAesAWc22R_ses-2,2,Awake_Rest,12.0,11.7,1200.0,0.0,0.0,0.0,0.0,0.0,0.0,0.0,0.0,0.0,0.0,0.0,0.0,0.0,0.0,0.168856,0.076892,0.232399
sub-jgrAesISOc11L_ses-1_run-1,sub-jgrAesISOc11L_ses-1,1,Awake_Rest,12.0,11.7,1200.0,0.0,0.0,0.0,0.0,0.0,0.0,0.0,0.0,0.0,0.0,1.0,0.0,0.0,0.0,0.104771,0.044956,0.059275
sub-jgrAesISOc11L_ses-1_run-2,sub-jgrAesISOc11L_ses-1,1,Awake_Rest,12.0,11.7,1200.0,0.0,0.0,0.0,0.0,0.0,0.0,0.0,0.0,0.0,0.0,1.0,0.0,0.0,0.0,0.104094,0.055283,0.089956
sub-jgrAesISOc11L_ses-1_run-3,sub-jgrAesISOc11L_ses-1,1,Awake_Rest,12.0,11.7,1200.0,0.0,0.0,0.0,0.0,0.0,0.0,0.0,0.0,0.0,0.0,1.0,0.0,0.0,0.0,0.077728,0.077039,0.096283
sub-jgrAesISOc11R1L_ses-1_run-1,sub-jgrAesISOc11R1L_ses-1,1,Awake_Rest,12.0,11.7,1200.0,0.0,0.0,0.0,0.0,0.0,0.0,0.0,0.0,0.0,0.0,1.0,0.0,0.0,0.0,0.088811,0.088467,0.081784
sub-jgrAesISOc11R1L_ses-1_run-2,sub-jgrAesISOc11R1L_ses-1,1,Awake_Rest,12.0,11.7,1200.0,0.0,0.0,0.0,0.0,0.0,0.0,0.0,0.0,0.0,0.0,1.0,0.0,0.0,0.0,0.061331,0.096385,0.108224
sub-jgrAesISOc11R1L_ses-1_run-3,sub-jgrAesISOc11R1L_ses-1,1,Awake_Rest,12.0,11.7,1200.0,0.0,0.0,0.0,0.0,0.0,0.0,0.0,0.0,0.0,0.0,1.0,0.0,0.0,0.0,0.073648,0.079638,0.082706
sub-jgrAesISOc11R1L_ses-2_run-1,sub-jgrAesISOc11R1L_ses-2,2,Awake_Rest,12.0,11.7,1200.0,0.0,0.0,0.0,0.0,0.0,0.0,0.0,0.0,0.0,0.0,1.0,0.0,0.0,0.0,0.110353,0.095516,0.096697
sub-jgrAesISOc11R1L_ses-2_run-2,sub-jgrAesISOc11R1L_ses-2,2,Awake_Rest,12.0,11.7,1200.0,0.0,0.0,0.0,0.0,0.0,0.0,0.0,0.0,0.0,0.0,1.0,0.0,0.0,0.0,0.079044,0.046997,0.089633
sub-jgrAesISOc11R1L_ses-2_run-3,sub-jgrAesISOc11R1L_ses-2,2,Awake_Rest,12.0,11.7,1200.0,0.0,0.0,0.0,0.0,0.0,0.0,0.0,0.0,0.0,0.0,1.0,0.0,0.0,0.0,0.11395,0.061037,0.077661
sub-jgrAesISOc11R_ses-1_run-1,sub-jgrAesISOc11R_ses-1,1,Awake_Rest,12.0,11.7,1200.0,0.0,0.0,0.0,0.0,0.0,0.0,0.0,0.0,0.0,0.0,1.0,0.0,0.0,0.0,0.086697,0.026224,0.071593
sub-jgrAesISOc11R_ses-1_run-2,sub-jgrAesISOc11R_ses-1,1,Awake_Rest,12.0,11.7,1200.0,0.0,0.0,0.0,0.0,0.0,0.0,0.0,0.0,0.0,0.0,1.0,0.0,0.0,0.0,0.061064,0.07293,0.052521
sub-jgrAesISOc11R_ses-1_run-3,sub-jgrAesISOc11R_ses-1,1,Awake_Rest,12.0,11.7,1200.0,0.0,0.0,0.0,0.0,0.0,0.0,0.0,0.0,0.0,0.0,1.0,0.0,0.0,0.0,0.062792,0.035353,0.032807
sub-jgrAesISOc11R_ses-2_run-1,sub-jgrAesISOc11R_ses-2,2,Awake_Rest,12.0,11.7,1200.0,0.0,0.0,0.0,0.0,0.0,0.0,0.0,0.0,0.0,0.0,1.0,0.0,0.0,0.0,0.05655,0.073467,0.089805
sub-jgrAesISOc11R_ses-2_run-2,sub-jgrAesISOc11R_ses-2,2,Awake_Rest,12.0,11.7,1200.0,0.0,0.0,0.0,0.0,0.0,0.0,0.0,0.0,0.0,0.0,1.0,0.0,0.0,0.0,0.048578,0.071723,0.078137
sub-jgrAesISOc11R_ses-2_run-3,sub-jgrAesISOc11R_ses-2,2,Awake_Rest,12.0,11.7,1200.0,0.0,0.0,0.0,0.0,0.0,0.0,0.0,0.0,0.0,0.0,1.0,0.0,0.0,0.0,0.043115,0.024652,0.033255
sub-jgrAesISOc12R_ses-1_run-1,sub-jgrAesISOc12R_ses-1,1,Awake_Rest,12.0,11.7,1200.0,0.0,0.0,0.0,0.0,0.0,0.0,0.0,0.0,0.0,0.0,1.0,0.0,0.0,0.0,0.04422,0.042911,0.046812
sub-jgrAesISOc12R_ses-1_run-2,sub-jgrAesISOc12R_ses-1,1,Awake_Rest,12.0,11.7,1200.0,0.0,0.0,0.0,0.0,0.0,0.0,0.0,0.0,0.0,0.0,1.0,0.0,0.0,0.0,0.040172,0.044213,0.059339
sub-jgrAesISOc12R_ses-1_run-3,sub-jgrAesISOc12R_ses-1,1,Awake_Rest,12.0,11.7,1200.0,0.0,0.0,0.0,0.0,0.0,0.0,0.0,0.0,0.0,0.0,1.0,0.0,0.0,0.0,0.062202,0.02092,0.060533
sub-jgrAesISOc12R_ses-2_run-1,sub-jgrAesISOc12R_ses-2,2,Awake_Rest,12.0,11.7,1200.0,0.0,0.0,0.0,0.0,0.0,0.0,0.0,0.0,0.0,0.0,1.0,0.0,0.0,0.0,0.050104,0.037601,0.032975
sub-jgrAesISOc12R_ses-2_run-2,sub-jgrAesISOc12R_ses-2,2,Awake_Rest,12.0,11.7,1200.0,0.0,0.0,0.0,0.0,0.0,0.0,0.0,0.0,0.0,0.0,1.0,0.0,0.0,0.0,0.058664,0.024286,0.081383
sub-jgrAesISOc12R_ses-2_run-3,sub-jgrAesISOc12R_ses-2,2,Awake_Rest,12.0,11.7,1200.0,0.0,0.0,0.0,0.0,0.0,0.0,0.0,0.0,0.0,0.0,1.0,0.0,0.0,0.0,0.059657,0.024143,0.048715
sub-jgrAesISOc1NT_ses-1_run-1,sub-jgrAesISOc1NT_ses-1,1,Awake_Rest,12.0,11.7,1200.0,0.0,0.0,0.0,0.0,0.0,0.0,0.0,0.0,0.0,0.0,1.0,0.0,0.0,0.0,0.138156,0.065678,0.10061
sub-jgrAesISOc1NT_ses-1_run-2,sub-jgrAesISOc1NT_ses-1,1,Awake_Rest,12.0,11.7,1200.0,0.0,0.0,0.0,0.0,0.0,0.0,0.0,0.0,0.0,0.0,1.0,0.0,0.0,0.0,0.110054,0.089594,0.11774
sub-jgrAesISOc1NT_ses-1_run-3,sub-jgrAesISOc1NT_ses-1,1,Awake_Rest,12.0,11.7,1200.0,0.0,0.0,0.0,0.0,0.0,0.0,0.0,0.0,0.0,0.0,1.0,0.0,0.0,0.0,0.152259,0.092354,0.107297
sub-jgrAesISOc1NT_ses-2_run-1,sub-jgrAesISOc1NT_ses-2,2,Awake_Rest,12.0,11.7,1200.0,0.0,0.0,0.0,0.0,0.0,0.0,0.0,0.0,0.0,0.0,1.0,0.0,0.0,0.0,0.058212,0.042879,0.055554
sub-jgrAesISOc1NT_ses-2_run-2,sub-jgrAesISOc1NT_ses-2,2,Awake_Rest,12.0,11.7,1200.0,0.0,0.0,0.0,0.0,0.0,0.0,0.0,0.0,0.0,0.0,1.0,0.0,0.0,0.0,0.037174,0.021761,0.045576
sub-jgrAesISOc1NT_ses-2_run-3,sub-jgrAesISOc1NT_ses-2,2,Awake_Rest,12.0,11.7,1200.0,0.0,0.0,0.0,0.0,0.0,0.0,0.0,0.0,0.0,0.0,1.0,0.0,0.0,0.0,0.038633,0.031597,0.041848
sub-jgrAesISOc21L_ses-1_run-1,sub-jgrAesISOc21L_ses-1,1,Awake_Rest,12.0,11.7,1200.0,0.0,0.0,0.0,0.0,0.0,0.0,0.0,0.0,0.0,0.0,1.0,0.0,0.0,0.0,0.047323,0.054189,0.05504
sub-jgrAesISOc21L_ses-1_run-2,sub-jgrAesISOc21L_ses-1,1,Awake_Rest,12.0,11.7,1200.0,0.0,0.0,0.0,0.0,0.0,0.0,0.0,0.0,0.0,0.0,1.0,0.0,0.0,0.0,0.05406,0.033835,0.044641
sub-jgrAesISOc21L_ses-1_run-3,sub-jgrAesISOc21L_ses-1,1,Awake_Rest,12.0,11.7,1200.0,0.0,0.0,0.0,0.0,0.0,0.0,0.0,0.0,0.0,0.0,1.0,0.0,0.0,0.0,0.048884,0.046902,0.056509
sub-jgrAesISOc21L_ses-2_run-1,sub-jgrAesISOc21L_ses-2,2,Awake_Rest,12.0,11.7,1200.0,0.0,0.0,0.0,0.0,0.0,0.0,0.0,0.0,0.0,0.0,1.0,0.0,0.0,0.0,0.131974,0.134917,0.187994
sub-jgrAesISOc21L_ses-2_run-2,sub-jgrAesISOc21L_ses-2,2,Awake_Rest,12.0,11.7,1200.0,0.0,0.0,0.0,0.0,0.0,0.0,0.0,0.0,0.0,0.0,1.0,0.0,0.0,0.0,0.152791,0.100058,0.167765
sub-jgrAesISOc21L_ses-2_run-3,sub-jgrAesISOc21L_ses-2,2,Awake_Rest,12.0,11.7,1200.0,0.0,0.0,0.0,0.0,0.0,0.0,0.0,0.0,0.0,0.0,1.0,0.0,0.0,0.0,0.104729,0.023597,0.091874
sub-jgrAesISOc21R1L_ses-1_run-1,sub-jgrAesISOc21R1L_ses-1,1,Awake_Rest,12.0,11.7,1200.0,0.0,0.0,0.0,0.0,0.0,0.0,0.0,0.0,0.0,0.0,1.0,0.0,0.0,0.0,0.1011,0.098095,0.08263
sub-jgrAesISOc21R1L_ses-1_run-2,sub-jgrAesISOc21R1L_ses-1,1,Awake_Rest,12.0,11.7,1200.0,0.0,0.0,0.0,0.0,0.0,0.0,0.0,0.0,0.0,0.0,1.0,0.0,0.0,0.0,0.052094,0.041941,0.056665
sub-jgrAesISOc21R1L_ses-1_run-3,sub-jgrAesISOc21R1L_ses-1,1,Awake_Rest,12.0,11.7,1200.0,0.0,0.0,0.0,0.0,0.0,0.0,0.0,0.0,0.0,0.0,1.0,0.0,0.0,0.0,0.06705,0.061418,0.087374
sub-jgrAesISOc21R1L_ses-2_run-1,sub-jgrAesISOc21R1L_ses-2,2,Awake_Rest,12.0,11.7,1200.0,0.0,0.0,0.0,0.0,0.0,0.0,0.0,0.0,0.0,0.0,1.0,0.0,0.0,0.0,0.124291,0.031761,0.051312
sub-jgrAesISOc21R1L_ses-2_run-2,sub-jgrAesISOc21R1L_ses-2,2,Awake_Rest,12.0,11.7,1200.0,0.0,0.0,0.0,0.0,0.0,0.0,0.0,0.0,0.0,0.0,1.0,0.0,0.0,0.0,0.071976,0.037419,0.05064
sub-jgrAesISOc21R1L_ses-2_run-3,sub-jgrAesISOc21R1L_ses-2,2,Awake_Rest,12.0,11.7,1200.0,0.0,0.0,0.0,0.0,0.0,0.0,0.0,0.0,0.0,0.0,1.0,0.0,0.0,0.0,0.048113,0.029397,0.056632
sub-jgrAesISOc21R_ses-1_run-1,sub-jgrAesISOc21R_ses-1,1,Awake_Rest,12.0,11.7,1200.0,0.0,0.0,0.0,0.0,0.0,0.0,0.0,0.0,0.0,0.0,1.0,0.0,0.0,0.0,0.051998,0.027545,0.039656
sub-jgrAesISOc21R_ses-1_run-2,sub-jgrAesISOc21R_ses-1,1,Awake_Rest,12.0,11.7,1200.0,0.0,0.0,0.0,0.0,0.0,0.0,0.0,0.0,0.0,0.0,1.0,0.0,0.0,0.0,0.056149,0.031261,0.041605
sub-jgrAesISOc21R_ses-1_run-3,sub-jgrAesISOc21R_ses-1,1,Awake_Rest,12.0,11.7,1200.0,0.0,0.0,0.0,0.0,0.0,0.0,0.0,0.0,0.0,0.0,1.0,0.0,0.0,0.0,0.029702,0.038215,0.033386
sub-jgrAesISOc21R_ses-2_run-1,sub-jgrAesISOc21R_ses-2,2,Awake_Rest,12.0,11.7,1200.0,0.0,0.0,0.0,0.0,0.0,0.0,0.0,0.0,0.0,0.0,1.0,0.0,0.0,0.0,0.112959,0.119137,0.065637
sub-jgrAesISOc21R_ses-2_run-2,sub-jgrAesISOc21R_ses-2,2,Awake_Rest,12.0,11.7,1200.0,0.0,0.0,0.0,0.0,0.0,0.0,0.0,0.0,0.0,0.0,1.0,0.0,0.0,0.0,0.081175,0.085824,0.08075
sub-jgrAesISOc21R_ses-2_run-3,sub-jgrAesISOc21R_ses-2,2,Awake_Rest,12.0,11.7,1200.0,0.0,0.0,0.0,0.0,0.0,0.0,0.0,0.0,0.0,0.0,1.0,0.0,0.0,0.0,0.06584,0.084986,0.068756
sub-jgrAesISOc22R_ses-1_run-1,sub-jgrAesISOc22R_ses-1,1,Awake_Rest,12.0,11.7,1200.0,0.0,0.0,0.0,0.0,0.0,0.0,0.0,0.0,0.0,0.0,1.0,0.0,0.0,0.0,0.03644,0.040256,0.089952
sub-jgrAesISOc22R_ses-1_run-2,sub-jgrAesISOc22R_ses-1,1,Awake_Rest,12.0,11.7,1200.0,0.0,0.0,0.0,0.0,0.0,0.0,0.0,0.0,0.0,0.0,1.0,0.0,0.0,0.0,0.064347,0.058533,0.086669
sub-jgrAesISOc22R_ses-1_run-3,sub-jgrAesISOc22R_ses-1,1,Awake_Rest,12.0,11.7,1200.0,0.0,0.0,0.0,0.0,0.0,0.0,0.0,0.0,0.0,0.0,1.0,0.0,0.0,0.0,0.037382,0.04122,0.091223
sub-jgrAesISOc22R_ses-2_run-1,sub-jgrAesISOc22R_ses-2,2,Awake_Rest,12.0,11.7,1200.0,0.0,0.0,0.0,0.0,0.0,0.0,0.0,0.0,0.0,0.0,1.0,0.0,0.0,0.0,0.099884,0.12305,0.235713
sub-jgrAesISOc22R_ses-2_run-2,sub-jgrAesISOc22R_ses-2,2,Awake_Rest,12.0,11.7,1200.0,0.0,0.0,0.0,0.0,0.0,0.0,0.0,0.0,0.0,0.0,1.0,0.0,0.0,0.0,0.05662,0.034227,0.076561
sub-jgrAesISOc22R_ses-2_run-3,sub-jgrAesISOc22R_ses-2,2,Awake_Rest,12.0,11.7,1200.0,0.0,0.0,0.0,0.0,0.0,0.0,0.0,0.0,0.0,0.0,1.0,0.0,0.0,0.0,0.0507,0.026232,0.066448
sub-jgrAesISOc2NT_ses-1_run-1,sub-jgrAesISOc2NT_ses-1,1,Awake_Rest,12.0,11.7,1200.0,0.0,0.0,0.0,0.0,0.0,0.0,0.0,0.0,0.0,0.0,1.0,0.0,0.0,0.0,0.081874,0.11487,0.091731
sub-jgrAesISOc2NT_ses-1_run-2,sub-jgrAesISOc2NT_ses-1,1,Awake_Rest,12.0,11.7,1200.0,0.0,0.0,0.0,0.0,0.0,0.0,0.0,0.0,0.0,0.0,1.0,0.0,0.0,0.0,0.066107,0.051482,0.065294
sub-jgrAesISOc2NT_ses-1_run-3,sub-jgrAesISOc2NT_ses-1,1,Awake_Rest,12.0,11.7,1200.0,0.0,0.0,0.0,0.0,0.0,0.0,0.0,0.0,0.0,0.0,1.0,0.0,0.0,0.0,0.051772,0.051398,0.052765
sub-jgrAesISOc2NT_ses-2_run-1,sub-jgrAesISOc2NT_ses-2,2,Awake_Rest,12.0,11.7,1200.0,0.0,0.0,0.0,0.0,0.0,0.0,0.0,0.0,0.0,0.0,1.0,0.0,0.0,0.0,0.15001,0.099677,0.149096
sub-jgrAesISOc2NT_ses-2_run-2,sub-jgrAesISOc2NT_ses-2,2,Awake_Rest,12.0,11.7,1200.0,0.0,0.0,0.0,0.0,0.0,0.0,0.0,0.0,0.0,0.0,1.0,0.0,0.0,0.0,0.05961,0.031263,0.048473
sub-jgrAesISOc2NT_ses-2_run-3,sub-jgrAesISOc2NT_ses-2,2,Awake_Rest,12.0,11.7,1200.0,0.0,0.0,0.0,0.0,0.0,0.0,0.0,0.0,0.0,0.0,1.0,0.0,0.0,0.0,0.076873,0.067783,0.062899
sub-jgrAesMEDISOc11L_ses-1_run-2,sub-jgrAesMEDISOc11L_ses-1,1,Awake_Rest,12.0,11.7,1200.0,0.0,0.0,0.0,0.0,0.0,0.0,0.0,0.0,0.0,0.0,0.0,0.0,1.0,0.0,0.075491,0.045963,0.057737
sub-jgrAesMEDISOc11L_ses-1_run-3,sub-jgrAesMEDISOc11L_ses-1,1,Awake_Rest,12.0,11.7,1200.0,0.0,0.0,0.0,0.0,0.0,0.0,0.0,0.0,0.0,0.0,0.0,0.0,1.0,0.0,0.078934,0.082318,0.0504
sub-jgrAesMEDISOc11L_ses-2_run-1,sub-jgrAesMEDISOc11L_ses-2,2,Awake_Rest,12.0,11.7,1200.0,0.0,0.0,0.0,0.0,0.0,0.0,0.0,0.0,0.0,0.0,0.0,0.0,1.0,0.0,0.102502,0.047201,0.045153
sub-jgrAesMEDISOc11L_ses-2_run-2,sub-jgrAesMEDISOc11L_ses-2,2,Awake_Rest,12.0,11.7,1200.0,0.0,0.0,0.0,0.0,0.0,0.0,0.0,0.0,0.0,0.0,0.0,0.0,1.0,0.0,0.079305,0.041293,0.027222
sub-jgrAesMEDISOc11L_ses-2_run-3,sub-jgrAesMEDISOc11L_ses-2,2,Awake_Rest,12.0,11.7,1200.0,0.0,0.0,0.0,0.0,0.0,0.0,0.0,0.0,0.0,0.0,0.0,0.0,1.0,0.0,0.077025,0.039366,0.054681
sub-jgrAesMEDISOc11R1L_ses-1_run-1,sub-jgrAesMEDISOc11R1L_ses-1,1,Awake_Rest,12.0,11.7,1200.0,0.0,0.0,0.0,0.0,0.0,0.0,0.0,0.0,0.0,0.0,0.0,0.0,1.0,0.0,0.080391,0.041724,0.04284
sub-jgrAesMEDISOc11R1L_ses-1_run-2,sub-jgrAesMEDISOc11R1L_ses-1,1,Awake_Rest,12.0,11.7,1200.0,0.0,0.0,0.0,0.0,0.0,0.0,0.0,0.0,0.0,0.0,0.0,0.0,1.0,0.0,0.090018,0.042505,0.05005
sub-jgrAesMEDISOc11R1L_ses-1_run-3,sub-jgrAesMEDISOc11R1L_ses-1,1,Awake_Rest,12.0,11.7,1200.0,0.0,0.0,0.0,0.0,0.0,0.0,0.0,0.0,0.0,0.0,0.0,0.0,1.0,0.0,0.0737,0.042534,0.039936
sub-jgrAesMEDISOc11R1L_ses-2_run-1,sub-jgrAesMEDISOc11R1L_ses-2,2,Awake_Rest,12.0,11.7,1200.0,0.0,0.0,0.0,0.0,0.0,0.0,0.0,0.0,0.0,0.0,0.0,0.0,1.0,0.0,0.082783,0.051335,0.039465
sub-jgrAesMEDISOc11R1L_ses-2_run-2,sub-jgrAesMEDISOc11R1L_ses-2,2,Awake_Rest,12.0,11.7,1200.0,0.0,0.0,0.0,0.0,0.0,0.0,0.0,0.0,0.0,0.0,0.0,0.0,1.0,0.0,0.06176,0.034083,0.042601
sub-jgrAesMEDISOc11R1L_ses-2_run-3,sub-jgrAesMEDISOc11R1L_ses-2,2,Awake_Rest,12.0,11.7,1200.0,0.0,0.0,0.0,0.0,0.0,0.0,0.0,0.0,0.0,0.0,0.0,0.0,1.0,0.0,0.108274,0.042838,0.038118
sub-jgrAesMEDISOc11R_ses-1_run-1,sub-jgrAesMEDISOc11R_ses-1,1,Awake_Rest,12.0,11.7,1200.0,0.0,0.0,0.0,0.0,0.0,0.0,0.0,0.0,0.0,0.0,0.0,0.0,1.0,0.0,0.13253,0.054203,0.053025
sub-jgrAesMEDISOc11R_ses-1_run-2,sub-jgrAesMEDISOc11R_ses-1,1,Awake_Rest,12.0,11.7,1200.0,0.0,0.0,0.0,0.0,0.0,0.0,0.0,0.0,0.0,0.0,0.0,0.0,1.0,0.0,0.214565,0.145635,0.158139
sub-jgrAesMEDISOc11R_ses-1_run-3,sub-jgrAesMEDISOc11R_ses-1,1,Awake_Rest,12.0,11.7,1200.0,0.0,0.0,0.0,0.0,0.0,0.0,0.0,0.0,0.0,0.0,0.0,0.0,1.0,0.0,0.161389,0.054704,0.071378
sub-jgrAesMEDISOc11R_ses-2_run-1,sub-jgrAesMEDISOc11R_ses-2,2,Awake_Rest,12.0,11.7,1200.0,0.0,0.0,0.0,0.0,0.0,0.0,0.0,0.0,0.0,0.0,0.0,0.0,1.0,0.0,0.073478,0.045765,0.045338
sub-jgrAesMEDISOc11R_ses-2_run-2,sub-jgrAesMEDISOc11R_ses-2,2,Awake_Rest,12.0,11.7,1200.0,0.0,0.0,0.0,0.0,0.0,0.0,0.0,0.0,0.0,0.0,0.0,0.0,1.0,0.0,0.087399,0.049232,0.049459
sub-jgrAesMEDISOc11R_ses-2_run-3,sub-jgrAesMEDISOc11R_ses-2,2,Awake_Rest,12.0,11.7,1200.0,0.0,0.0,0.0,0.0,0.0,0.0,0.0,0.0,0.0,0.0,0.0,0.0,1.0,0.0,0.111239,0.044516,0.054266
sub-jgrAesMEDISOc12R_ses-1_run-1,sub-jgrAesMEDISOc12R_ses-1,1,Awake_Rest,12.0,11.7,1200.0,0.0,0.0,0.0,0.0,0.0,0.0,0.0,0.0,0.0,0.0,0.0,0.0,1.0,0.0,0.082611,0.055478,0.064077
sub-jgrAesMEDISOc12R_ses-1_run-2,sub-jgrAesMEDISOc12R_ses-1,1,Awake_Rest,12.0,11.7,1200.0,0.0,0.0,0.0,0.0,0.0,0.0,0.0,0.0,0.0,0.0,0.0,0.0,1.0,0.0,0.127154,0.050168,0.052376
sub-jgrAesMEDISOc12R_ses-1_run-3,sub-jgrAesMEDISOc12R_ses-1,1,Awake_Rest,12.0,11.7,1200.0,0.0,0.0,0.0,0.0,0.0,0.0,0.0,0.0,0.0,0.0,0.0,0.0,1.0,0.0,0.081482,0.063667,0.05235
sub-jgrAesMEDISOc12R_ses-2_run-1,sub-jgrAesMEDISOc12R_ses-2,2,Awake_Rest,12.0,11.7,1200.0,0.0,0.0,0.0,0.0,0.0,0.0,0.0,0.0,0.0,0.0,0.0,0.0,1.0,0.0,0.084785,0.028788,0.037387
sub-jgrAesMEDISOc12R_ses-2_run-2,sub-jgrAesMEDISOc12R_ses-2,2,Awake_Rest,12.0,11.7,1200.0,0.0,0.0,0.0,0.0,0.0,0.0,0.0,0.0,0.0,0.0,0.0,0.0,1.0,0.0,0.078412,0.036927,0.03857
sub-jgrAesMEDISOc12R_ses-2_run-3,sub-jgrAesMEDISOc12R_ses-2,2,Awake_Rest,12.0,11.7,1200.0,0.0,0.0,0.0,0.0,0.0,0.0,0.0,0.0,0.0,0.0,0.0,0.0,1.0,0.0,0.09245,0.034253,0.040294
sub-jgrAesMEDISOc1NT_ses-1_run-1,sub-jgrAesMEDISOc1NT_ses-1,1,Awake_Rest,12.0,11.7,1200.0,0.0,0.0,0.0,0.0,0.0,0.0,0.0,0.0,0.0,0.0,0.0,0.0,1.0,0.0,0.06799,0.055016,0.042037
sub-jgrAesMEDISOc1NT_ses-1_run-2,sub-jgrAesMEDISOc1NT_ses-1,1,Awake_Rest,12.0,11.7,1200.0,0.0,0.0,0.0,0.0,0.0,0.0,0.0,0.0,0.0,0.0,0.0,0.0,1.0,0.0,0.123296,0.062418,0.044017
sub-jgrAesMEDISOc1NT_ses-1_run-3,sub-jgrAesMEDISOc1NT_ses-1,1,Awake_Rest,12.0,11.7,1200.0,0.0,0.0,0.0,0.0,0.0,0.0,0.0,0.0,0.0,0.0,0.0,0.0,1.0,0.0,0.061917,0.056113,0.064644
sub-jgrAesMEDISOc1NT_ses-2_run-1,sub-jgrAesMEDISOc1NT_ses-2,2,Awake_Rest,12.0,11.7,1200.0,0.0,0.0,0.0,0.0,0.0,0.0,0.0,0.0,0.0,0.0,0.0,0.0,1.0,0.0,0.108258,0.04759,0.047643
sub-jgrAesMEDISOc1NT_ses-2_run-2,sub-jgrAesMEDISOc1NT_ses-2,2,Awake_Rest,12.0,11.7,1200.0,0.0,0.0,0.0,0.0,0.0,0.0,0.0,0.0,0.0,0.0,0.0,0.0,1.0,0.0,0.085739,0.053041,0.029918
sub-jgrAesMEDISOc1NT_ses-2_run-3,sub-jgrAesMEDISOc1NT_ses-2,2,Awake_Rest,12.0,11.7,1200.0,0.0,0.0,0.0,0.0,0.0,0.0,0.0,0.0,0.0,0.0,0.0,0.0,1.0,0.0,0.111829,0.058754,0.043046
sub-jgrAesMEDISOc21L_ses-1_run-1,sub-jgrAesMEDISOc21L_ses-1,1,Awake_Rest,12.0,11.7,1200.0,0.0,0.0,0.0,0.0,0.0,0.0,0.0,0.0,0.0,0.0,0.0,0.0,1.0,0.0,0.066627,0.05147,0.046428
sub-jgrAesMEDISOc21L_ses-1_run-2,sub-jgrAesMEDISOc21L_ses-1,1,Awake_Rest,12.0,11.7,1200.0,0.0,0.0,0.0,0.0,0.0,0.0,0.0,0.0,0.0,0.0,0.0,0.0,1.0,0.0,0.071553,0.0498,0.041594
sub-jgrAesMEDISOc21L_ses-1_run-3,sub-jgrAesMEDISOc21L_ses-1,1,Awake_Rest,12.0,11.7,1200.0,0.0,0.0,0.0,0.0,0.0,0.0,0.0,0.0,0.0,0.0,0.0,0.0,1.0,0.0,0.070505,0.052453,0.053338
sub-jgrAesMEDISOc21L_ses-2_run-1,sub-jgrAesMEDISOc21L_ses-2,2,Awake_Rest,12.0,11.7,1200.0,0.0,0.0,0.0,0.0,0.0,0.0,0.0,0.0,0.0,0.0,0.0,0.0,1.0,0.0,0.081302,0.050036,0.050192
sub-jgrAesMEDISOc21L_ses-2_run-2,sub-jgrAesMEDISOc21L_ses-2,2,Awake_Rest,12.0,11.7,1200.0,0.0,0.0,0.0,0.0,0.0,0.0,0.0,0.0,0.0,0.0,0.0,0.0,1.0,0.0,0.062005,0.042332,0.037893
sub-jgrAesMEDISOc21L_ses-2_run-3,sub-jgrAesMEDISOc21L_ses-2,2,Awake_Rest,12.0,11.7,1200.0,0.0,0.0,0.0,0.0,0.0,0.0,0.0,0.0,0.0,0.0,0.0,0.0,1.0,0.0,0.065128,0.054164,0.04648
sub-jgrAesMEDISOc21R1L_ses-1_run-1,sub-jgrAesMEDISOc21R1L_ses-1,1,Awake_Rest,12.0,11.7,1200.0,0.0,0.0,0.0,0.0,0.0,0.0,0.0,0.0,0.0,0.0,0.0,0.0,1.0,0.0,0.136704,0.092049,0.042494
sub-jgrAesMEDISOc21R1L_ses-1_run-2,sub-jgrAesMEDISOc21R1L_ses-1,1,Awake_Rest,12.0,11.7,1200.0,0.0,0.0,0.0,0.0,0.0,0.0,0.0,0.0,0.0,0.0,0.0,0.0,1.0,0.0,0.066875,0.017296,0.029532
sub-jgrAesMEDISOc21R1L_ses-1_run-3,sub-jgrAesMEDISOc21R1L_ses-1,1,Awake_Rest,12.0,11.7,1200.0,0.0,0.0,0.0,0.0,0.0,0.0,0.0,0.0,0.0,0.0,0.0,0.0,1.0,0.0,0.148184,0.077324,0.11278
sub-jgrAesMEDISOc21R1L_ses-2_run-1,sub-jgrAesMEDISOc21R1L_ses-2,2,Awake_Rest,12.0,11.7,1200.0,0.0,0.0,0.0,0.0,0.0,0.0,0.0,0.0,0.0,0.0,0.0,0.0,1.0,0.0,0.049964,0.039601,0.03985
sub-jgrAesMEDISOc21R1L_ses-2_run-2,sub-jgrAesMEDISOc21R1L_ses-2,2,Awake_Rest,12.0,11.7,1200.0,0.0,0.0,0.0,0.0,0.0,0.0,0.0,0.0,0.0,0.0,0.0,0.0,1.0,0.0,0.053751,0.04565,0.049741
sub-jgrAesMEDISOc21R1L_ses-2_run-3,sub-jgrAesMEDISOc21R1L_ses-2,2,Awake_Rest,12.0,11.7,1200.0,0.0,0.0,0.0,0.0,0.0,0.0,0.0,0.0,0.0,0.0,0.0,0.0,1.0,0.0,0.062614,0.034712,0.039453
sub-jgrAesMEDISOc21R_ses-1_run-1,sub-jgrAesMEDISOc21R_ses-1,1,Awake_Rest,12.0,11.7,1200.0,0.0,0.0,0.0,0.0,0.0,0.0,0.0,0.0,0.0,0.0,0.0,0.0,1.0,0.0,0.054789,0.040095,0.039401
sub-jgrAesMEDISOc21R_ses-1_run-2,sub-jgrAesMEDISOc21R_ses-1,1,Awake_Rest,12.0,11.7,1200.0,0.0,0.0,0.0,0.0,0.0,0.0,0.0,0.0,0.0,0.0,0.0,0.0,1.0,0.0,0.06174,0.037215,0.035351
sub-jgrAesMEDISOc21R_ses-1_run-3,sub-jgrAesMEDISOc21R_ses-1,1,Awake_Rest,12.0,11.7,1200.0,0.0,0.0,0.0,0.0,0.0,0.0,0.0,0.0,0.0,0.0,0.0,0.0,1.0,0.0,0.053467,0.053747,0.038263
sub-jgrAesMEDISOc21R_ses-2_run-1,sub-jgrAesMEDISOc21R_ses-2,2,Awake_Rest,12.0,11.7,1200.0,0.0,0.0,0.0,0.0,0.0,0.0,0.0,0.0,0.0,0.0,0.0,0.0,1.0,0.0,0.055816,0.030895,0.038652
sub-jgrAesMEDISOc21R_ses-2_run-2,sub-jgrAesMEDISOc21R_ses-2,2,Awake_Rest,12.0,11.7,1200.0,0.0,0.0,0.0,0.0,0.0,0.0,0.0,0.0,0.0,0.0,0.0,0.0,1.0,0.0,0.081518,0.047469,0.036113
sub-jgrAesMEDISOc21R_ses-2_run-3,sub-jgrAesMEDISOc21R_ses-2,2,Awake_Rest,12.0,11.7,1200.0,0.0,0.0,0.0,0.0,0.0,0.0,0.0,0.0,0.0,0.0,0.0,0.0,1.0,0.0,0.058031,0.034128,0.035271
sub-jgrAesMEDISOc22r_ses-1_run-1,sub-jgrAesMEDISOc22r_ses-1,1,Awake_Rest,12.0,11.7,1200.0,0.0,0.0,0.0,0.0,0.0,0.0,0.0,0.0,0.0,0.0,0.0,0.0,1.0,0.0,0.231188,0.081256,0.06307
sub-jgrAesMEDISOc22r_ses-1_run-2,sub-jgrAesMEDISOc22r_ses-1,1,Awake_Rest,12.0,11.7,1200.0,0.0,0.0,0.0,0.0,0.0,0.0,0.0,0.0,0.0,0.0,0.0,0.0,1.0,0.0,0.109816,0.054208,0.049339
sub-jgrAesMEDISOc22r_ses-1_run-3,sub-jgrAesMEDISOc22r_ses-1,1,Awake_Rest,12.0,11.7,1200.0,0.0,0.0,0.0,0.0,0.0,0.0,0.0,0.0,0.0,0.0,0.0,0.0,1.0,0.0,0.114968,0.101567,0.086378
sub-jgrAesMEDISOc22r_ses-2_run-1,sub-jgrAesMEDISOc22r_ses-2,2,Awake_Rest,12.0,11.7,1200.0,0.0,0.0,0.0,0.0,0.0,0.0,0.0,0.0,0.0,0.0,0.0,0.0,1.0,0.0,0.065536,0.044422,0.041809
sub-jgrAesMEDISOc22r_ses-2_run-2,sub-jgrAesMEDISOc22r_ses-2,2,Awake_Rest,12.0,11.7,1200.0,0.0,0.0,0.0,0.0,0.0,0.0,0.0,0.0,0.0,0.0,0.0,0.0,1.0,0.0,0.094845,0.075698,0.052165
sub-jgrAesMEDISOc22r_ses-2_run-3,sub-jgrAesMEDISOc22r_ses-2,2,Awake_Rest,12.0,11.7,1200.0,0.0,0.0,0.0,0.0,0.0,0.0,0.0,0.0,0.0,0.0,0.0,0.0,1.0,0.0,0.085171,0.053588,0.055307
sub-jgrAesMEDISOc2NT_ses-1_run-1,sub-jgrAesMEDISOc2NT_ses-1,1,Awake_Rest,12.0,11.7,1200.0,0.0,0.0,0.0,0.0,0.0,0.0,0.0,0.0,0.0,0.0,0.0,0.0,1.0,0.0,0.071484,0.047549,0.03856
sub-jgrAesMEDISOc2NT_ses-1_run-2,sub-jgrAesMEDISOc2NT_ses-1,1,Awake_Rest,12.0,11.7,1200.0,0.0,0.0,0.0,0.0,0.0,0.0,0.0,0.0,0.0,0.0,0.0,0.0,1.0,0.0,0.060086,0.049411,0.040023
sub-jgrAesMEDISOc2NT_ses-1_run-3,sub-jgrAesMEDISOc2NT_ses-1,1,Awake_Rest,12.0,11.7,1200.0,0.0,0.0,0.0,0.0,0.0,0.0,0.0,0.0,0.0,0.0,0.0,0.0,1.0,0.0,0.082973,0.04749,0.050454
sub-jgrAesMEDISOc2NT_ses-2_run-1,sub-jgrAesMEDISOc2NT_ses-2,2,Awake_Rest,12.0,11.7,1200.0,0.0,0.0,0.0,0.0,0.0,0.0,0.0,0.0,0.0,0.0,0.0,0.0,1.0,0.0,0.060205,0.067519,0.052434
sub-jgrAesMEDISOc2NT_ses-2_run-2,sub-jgrAesMEDISOc2NT_ses-2,2,Awake_Rest,12.0,11.7,1200.0,0.0,0.0,0.0,0.0,0.0,0.0,0.0,0.0,0.0,0.0,0.0,0.0,1.0,0.0,0.084391,0.050787,0.052095
sub-jgrAesMEDISOc2NT_ses-2_run-3,sub-jgrAesMEDISOc2NT_ses-2,2,Awake_Rest,12.0,11.7,1200.0,0.0,0.0,0.0,0.0,0.0,0.0,0.0,0.0,0.0,0.0,0.0,0.0,1.0,0.0,0.072274,0.03372,0.040037
sub-001_ses-1,sub-001,1,Multicenter,7.0,7.0,1000.0,1.0,1.0,1.0,0.0,0.0,0.0,0.0,0.0,0.0,0.0,0.0,0.0,1.0,0.0,0.062486,0.043093,0.040295
sub-002_ses-1,sub-002,1,Multicenter,7.0,7.0,1000.0,1.0,1.0,1.0,0.0,0.0,0.0,0.0,0.0,0.0,0.0,0.0,0.0,1.0,0.0,0.059461,0.037075,0.034011
sub-003_ses-1,sub-003,1,Multicenter,7.0,7.0,1000.0,1.0,1.0,1.0,0.0,0.0,0.0,0.0,0.0,0.0,0.0,0.0,0.0,1.0,0.0,0.07224,0.038524,0.041434
sub-004_ses-1,sub-004,1,Multicenter,7.0,7.0,1000.0,1.0,1.0,1.0,0.0,0.0,0.0,0.0,0.0,0.0,0.0,0.0,0.0,1.0,0.0,0.061508,0.039478,0.034348
sub-005_ses-1,sub-005,1,Multicenter,7.0,7.0,1000.0,1.0,1.0,1.0,0.0,0.0,0.0,0.0,0.0,0.0,0.0,0.0,0.0,1.0,0.0,0.06712,0.033755,0.036532
sub-006_ses-1,sub-006,1,Multicenter,7.0,7.0,1000.0,1.0,1.0,1.0,0.0,0.0,0.0,0.0,0.0,0.0,0.0,0.0,0.0,1.0,0.0,0.080295,0.042202,0.040752
sub-007_ses-1,sub-007,1,Multicenter,7.0,7.0,1000.0,1.0,1.0,1.0,0.0,0.0,0.0,0.0,0.0,0.0,0.0,0.0,0.0,1.0,0.0,0.073834,0.046097,0.036215
sub-008_ses-1,sub-008,1,Multicenter,7.0,7.0,1000.0,1.0,1.0,1.0,0.0,0.0,0.0,0.0,0.0,0.0,0.0,0.0,0.0,1.0,0.0,0.064371,0.037966,0.038343
sub-009_ses-1,sub-009,1,Multicenter,7.0,7.0,1000.0,0.0,1.0,1.0,0.0,0.0,0.0,0.0,0.0,0.0,0.0,0.0,0.0,1.0,0.0,0.078591,0.032605,0.035036
sub-010_ses-1,sub-010,1,Multicenter,7.0,7.0,1000.0,0.0,1.0,1.0,0.0,0.0,0.0,0.0,0.0,0.0,0.0,0.0,0.0,1.0,0.0,0.077257,0.036375,0.044641
sub-011_ses-1,sub-011,1,Multicenter,7.0,7.0,1000.0,0.0,1.0,1.0,0.0,0.0,0.0,0.0,0.0,0.0,0.0,0.0,0.0,1.0,0.0,0.082743,0.044841,0.048735
sub-012_ses-1,sub-012,1,Multicenter,7.0,7.0,1000.0,0.0,1.0,1.0,0.0,0.0,0.0,0.0,0.0,0.0,0.0,0.0,0.0,1.0,0.0,0.059897,0.0377,0.044792
sub-013_ses-1,sub-013,1,Multicenter,7.0,7.0,1000.0,0.0,1.0,1.0,0.0,0.0,0.0,0.0,0.0,0.0,0.0,0.0,0.0,1.0,0.0,0.064778,0.04248,0.05121
sub-014_ses-1,sub-014,1,Multicenter,7.0,7.0,1000.0,1.0,1.0,1.0,0.0,0.0,0.0,0.0,0.0,0.0,0.0,0.0,0.0,1.0,0.0,0.066341,0.035709,0.039447
sub-015_ses-1,sub-015,1,Multicenter,7.0,7.0,1000.0,1.0,1.0,1.0,0.0,0.0,0.0,0.0,0.0,0.0,0.0,0.0,0.0,1.0,0.0,0.099195,0.042582,0.043321
sub-016_ses-1,sub-016,1,Multicenter,7.0,9.4,1000.0,1.0,1.0,1.0,0.0,0.0,0.0,0.0,0.0,0.0,0.0,0.0,0.0,1.0,0.0,0.061348,0.030104,0.043566
sub-017_ses-1,sub-017,1,Multicenter,7.0,9.4,1000.0,1.0,1.0,1.0,0.0,0.0,0.0,0.0,0.0,0.0,0.0,0.0,0.0,1.0,0.0,0.052257,0.023771,0.03047
sub-018_ses-1,sub-018,1,Multicenter,7.0,9.4,1000.0,1.0,1.0,1.0,0.0,0.0,0.0,0.0,0.0,0.0,0.0,0.0,0.0,1.0,0.0,0.038211,0.02618,0.031038
sub-019_ses-1,sub-019,1,Multicenter,7.0,9.4,1000.0,1.0,1.0,1.0,0.0,0.0,0.0,0.0,0.0,0.0,0.0,0.0,0.0,1.0,0.0,0.041778,0.026881,0.038043
sub-020_ses-1,sub-020,1,Multicenter,7.0,9.4,1000.0,1.0,1.0,1.0,0.0,0.0,0.0,0.0,0.0,0.0,0.0,0.0,0.0,1.0,0.0,0.064668,0.049168,0.048694
sub-021_ses-1,sub-021,1,Multicenter,7.0,9.4,1000.0,1.0,1.0,1.0,0.0,0.0,0.0,0.0,0.0,0.0,0.0,0.0,0.0,1.0,0.0,0.02876,0.017915,0.031722
sub-022_ses-1,sub-022,1,Multicenter,7.0,9.4,1000.0,1.0,1.0,1.0,0.0,0.0,0.0,0.0,0.0,0.0,0.0,0.0,0.0,1.0,0.0,0.051673,0.039786,0.03423
sub-023_ses-1,sub-023,1,Multicenter,7.0,9.4,1000.0,1.0,1.0,1.0,0.0,0.0,0.0,0.0,0.0,0.0,0.0,0.0,0.0,1.0,0.0,0.050832,0.040122,0.026801
sub-024_ses-1,sub-024,1,Multicenter,7.0,9.4,1000.0,1.0,1.0,1.0,0.0,0.0,0.0,0.0,0.0,0.0,0.0,0.0,0.0,1.0,0.0,0.060379,0.02887,0.037038
sub-025_ses-1,sub-025,1,Multicenter,7.0,9.4,1000.0,1.0,1.0,1.0,0.0,0.0,0.0,0.0,0.0,0.0,0.0,0.0,0.0,1.0,0.0,0.030251,0.025717,0.049773
sub-026_ses-1,sub-026,1,Multicenter,7.0,9.4,1000.0,1.0,1.0,1.0,0.0,0.0,0.0,0.0,0.0,0.0,0.0,0.0,0.0,1.0,0.0,0.050796,0.035028,0.035125
sub-027_ses-1,sub-027,1,Multicenter,7.0,9.4,1000.0,1.0,1.0,1.0,0.0,0.0,0.0,0.0,0.0,0.0,0.0,0.0,0.0,1.0,0.0,0.040979,0.021721,0.036055
sub-028_ses-1,sub-028,1,Multicenter,7.0,9.4,1000.0,1.0,1.0,1.0,0.0,0.0,0.0,0.0,0.0,0.0,0.0,0.0,0.0,1.0,0.0,0.041929,0.03205,0.033363
sub-029_ses-1,sub-029,1,Multicenter,7.0,9.4,1000.0,1.0,1.0,1.0,0.0,0.0,0.0,0.0,0.0,0.0,0.0,0.0,0.0,1.0,0.0,0.062765,0.033699,0.056482
sub-030_ses-1,sub-030,1,Multicenter,7.0,9.4,1000.0,1.0,1.0,1.0,0.0,0.0,0.0,0.0,0.0,0.0,0.0,0.0,0.0,1.0,0.0,0.068736,0.032995,0.032404
sub-034_ses-1,sub-034,1,Multicenter,7.0,7.0,1700.0,1.0,1.0,0.0,0.0,0.0,0.0,0.0,0.0,0.0,0.0,0.0,1.0,0.0,0.0,0.031903,0.026001,0.041625
sub-037_ses-1,sub-037,1,Multicenter,7.0,7.0,1700.0,1.0,1.0,0.0,0.0,0.0,0.0,0.0,0.0,0.0,0.0,0.0,1.0,0.0,0.0,0.035263,0.027099,0.046719
sub-039_ses-1,sub-039,1,Multicenter,7.0,7.0,1700.0,1.0,1.0,0.0,0.0,0.0,0.0,0.0,0.0,0.0,0.0,0.0,1.0,0.0,0.0,0.043473,0.034325,0.041387
sub-040_ses-1,sub-040,1,Multicenter,7.0,7.0,1700.0,1.0,1.0,0.0,0.0,0.0,0.0,0.0,0.0,0.0,0.0,0.0,1.0,0.0,0.0,0.075151,0.03706,0.046022
sub-046_ses-1,sub-046,1,Multicenter,7.0,7.0,1200.0,1.0,0.0,1.0,0.0,0.0,0.0,0.0,0.0,0.0,1.0,0.0,0.0,0.0,0.0,0.13008,0.079618,0.0938
sub-047_ses-1,sub-047,1,Multicenter,7.0,7.0,1200.0,1.0,0.0,1.0,0.0,0.0,0.0,0.0,0.0,0.0,1.0,0.0,0.0,0.0,0.0,0.171089,0.066579,0.11452
sub-048_ses-1,sub-048,1,Multicenter,7.0,7.0,1200.0,1.0,0.0,1.0,0.0,0.0,0.0,0.0,0.0,0.0,1.0,0.0,0.0,0.0,0.0,0.088186,0.056666,0.07939
sub-049_ses-1,sub-049,1,Multicenter,7.0,7.0,1200.0,1.0,0.0,1.0,0.0,0.0,0.0,0.0,0.0,0.0,1.0,0.0,0.0,0.0,0.0,0.115981,0.060048,0.068674
sub-050_ses-1,sub-050,1,Multicenter,7.0,7.0,1200.0,1.0,0.0,1.0,0.0,0.0,0.0,0.0,0.0,0.0,1.0,0.0,0.0,0.0,0.0,0.131998,0.061911,0.103534
sub-051_ses-1,sub-051,1,Multicenter,7.0,7.0,1200.0,1.0,0.0,1.0,0.0,0.0,0.0,0.0,0.0,0.0,1.0,0.0,0.0,0.0,0.0,0.130643,0.080534,0.117314
sub-052_ses-1,sub-052,1,Multicenter,7.0,7.0,1200.0,1.0,0.0,1.0,0.0,0.0,0.0,0.0,0.0,0.0,1.0,0.0,0.0,0.0,0.0,0.137265,0.07769,0.079181
sub-053_ses-1,sub-053,1,Multicenter,7.0,7.0,1200.0,1.0,0.0,1.0,0.0,0.0,0.0,0.0,0.0,0.0,1.0,0.0,0.0,0.0,0.0,0.07654,0.05497,0.097742
sub-054_ses-1,sub-054,1,Multicenter,7.0,7.0,1200.0,1.0,0.0,1.0,0.0,0.0,0.0,0.0,0.0,0.0,1.0,0.0,0.0,0.0,0.0,0.110169,0.057746,0.089246
sub-055_ses-1,sub-055,1,Multicenter,7.0,7.0,1200.0,1.0,0.0,1.0,0.0,0.0,0.0,0.0,0.0,0.0,1.0,0.0,0.0,0.0,0.0,0.124259,0.101451,0.100203
sub-056_ses-1,sub-056,1,Multicenter,7.0,7.0,1200.0,1.0,0.0,1.0,0.0,0.0,0.0,0.0,0.0,0.0,1.0,0.0,0.0,0.0,0.0,0.099492,0.060052,0.092962
sub-057_ses-1,sub-057,1,Multicenter,7.0,7.0,1200.0,1.0,0.0,1.0,0.0,0.0,0.0,0.0,0.0,0.0,1.0,0.0,0.0,0.0,0.0,0.131807,0.089386,0.081235
sub-058_ses-1,sub-058,1,Multicenter,7.0,7.0,1200.0,1.0,0.0,1.0,0.0,0.0,0.0,0.0,0.0,0.0,1.0,0.0,0.0,0.0,0.0,0.130406,0.077849,0.093031
sub-059_ses-1,sub-059,1,Multicenter,7.0,7.0,1200.0,1.0,0.0,1.0,0.0,0.0,0.0,0.0,0.0,0.0,1.0,0.0,0.0,0.0,0.0,0.119587,0.071911,0.151564
sub-060_ses-1,sub-060,1,Multicenter,7.0,7.0,1200.0,1.0,0.0,1.0,0.0,0.0,0.0,0.0,0.0,0.0,1.0,0.0,0.0,0.0,0.0,0.094824,0.07328,0.079039
sub-091_ses-1,sub-091,1,Multicenter,7.0,11.75,1000.0,0.0,1.0,1.0,0.0,0.0,0.0,0.0,0.0,0.0,0.0,0.0,0.0,1.0,0.0,0.082051,0.041851,0.04395
sub-092_ses-1,sub-092,1,Multicenter,7.0,11.75,1000.0,0.0,1.0,1.0,0.0,0.0,0.0,0.0,0.0,0.0,0.0,0.0,0.0,1.0,0.0,0.096384,0.055086,0.051221
sub-093_ses-1,sub-093,1,Multicenter,7.0,11.75,1000.0,0.0,1.0,1.0,0.0,0.0,0.0,0.0,0.0,0.0,0.0,0.0,0.0,1.0,0.0,0.088788,0.048085,0.057801
sub-094_ses-1,sub-094,1,Multicenter,7.0,11.75,1000.0,0.0,1.0,1.0,0.0,0.0,0.0,0.0,0.0,0.0,0.0,0.0,0.0,1.0,0.0,0.119831,0.058558,0.052162
sub-095_ses-1,sub-095,1,Multicenter,7.0,11.75,1000.0,0.0,1.0,1.0,0.0,0.0,0.0,0.0,0.0,0.0,0.0,0.0,0.0,1.0,0.0,0.094866,0.076807,0.047943
sub-096_ses-1,sub-096,1,Multicenter,7.0,11.75,1000.0,0.0,1.0,1.0,0.0,0.0,0.0,0.0,0.0,0.0,0.0,0.0,0.0,1.0,0.0,0.093593,0.05098,0.053843
sub-097_ses-1,sub-097,1,Multicenter,7.0,11.75,1000.0,0.0,1.0,1.0,0.0,0.0,0.0,0.0,0.0,0.0,0.0,0.0,0.0,1.0,0.0,0.0839,0.046248,0.063171
sub-098_ses-1,sub-098,1,Multicenter,7.0,11.75,1000.0,0.0,1.0,1.0,0.0,0.0,0.0,0.0,0.0,0.0,0.0,0.0,0.0,1.0,0.0,0.09117,0.053043,0.054163
sub-099_ses-1,sub-099,1,Multicenter,7.0,11.75,1000.0,0.0,1.0,1.0,0.0,0.0,0.0,0.0,0.0,0.0,0.0,0.0,0.0,1.0,0.0,0.071223,0.038956,0.059933
sub-100_ses-1,sub-100,1,Multicenter,7.0,11.75,1000.0,0.0,1.0,1.0,0.0,0.0,0.0,0.0,0.0,0.0,0.0,0.0,0.0,1.0,0.0,0.065108,0.046216,0.061628
sub-101_ses-1,sub-101,1,Multicenter,7.0,11.75,1000.0,0.0,1.0,1.0,0.0,0.0,0.0,0.0,0.0,0.0,0.0,0.0,0.0,1.0,0.0,0.060229,0.047323,0.048939
sub-102_ses-1,sub-102,1,Multicenter,7.0,11.75,1000.0,0.0,1.0,1.0,0.0,0.0,0.0,0.0,0.0,0.0,0.0,0.0,0.0,1.0,0.0,0.064115,0.049005,0.05287
sub-103_ses-1,sub-103,1,Multicenter,7.0,11.75,1000.0,0.0,1.0,1.0,0.0,0.0,0.0,0.0,0.0,0.0,0.0,0.0,0.0,1.0,0.0,0.13904,0.061734,0.053652
sub-104_ses-1,sub-104,1,Multicenter,7.0,11.75,1000.0,0.0,1.0,1.0,0.0,0.0,0.0,0.0,0.0,0.0,0.0,0.0,0.0,1.0,0.0,0.087742,0.062798,0.057695
sub-105_ses-1,sub-105,1,Multicenter,7.0,11.75,1000.0,0.0,1.0,1.0,0.0,0.0,0.0,0.0,0.0,0.0,0.0,0.0,0.0,1.0,0.0,0.089559,0.044818,0.053586
sub-106_ses-1,sub-106,1,Multicenter,7.0,9.4,1500.0,0.0,0.0,1.0,0.0,0.0,0.0,0.0,0.0,0.0,0.0,1.0,0.0,0.0,0.0,0.062167,0.038311,0.062239
sub-107_ses-1,sub-107,1,Multicenter,7.0,9.4,1500.0,0.0,0.0,1.0,0.0,0.0,0.0,0.0,0.0,0.0,0.0,1.0,0.0,0.0,0.0,0.070305,0.035121,0.040261
sub-108_ses-1,sub-108,1,Multicenter,7.0,9.4,1500.0,0.0,0.0,1.0,0.0,0.0,0.0,0.0,0.0,0.0,0.0,1.0,0.0,0.0,0.0,0.081329,0.042429,0.058499
sub-109_ses-1,sub-109,1,Multicenter,7.0,9.4,1500.0,0.0,0.0,1.0,0.0,0.0,0.0,0.0,0.0,0.0,0.0,1.0,0.0,0.0,0.0,0.0951,0.025006,0.043155
sub-110_ses-1,sub-110,1,Multicenter,7.0,9.4,1500.0,0.0,0.0,1.0,0.0,0.0,0.0,0.0,0.0,0.0,0.0,1.0,0.0,0.0,0.0,0.117466,0.037077,0.055829
sub-111_ses-1,sub-111,1,Multicenter,7.0,9.4,1500.0,0.0,0.0,1.0,0.0,0.0,0.0,0.0,0.0,0.0,0.0,1.0,0.0,0.0,0.0,0.08546,0.029134,0.039126
sub-112_ses-1,sub-112,1,Multicenter,7.0,9.4,1500.0,0.0,0.0,1.0,0.0,0.0,0.0,0.0,0.0,0.0,0.0,1.0,0.0,0.0,0.0,0.083343,0.031541,0.047231
sub-113_ses-1,sub-113,1,Multicenter,7.0,9.4,1500.0,0.0,0.0,1.0,0.0,0.0,0.0,0.0,0.0,0.0,0.0,1.0,0.0,0.0,0.0,0.053427,0.026388,0.039314
sub-114_ses-1,sub-114,1,Multicenter,7.0,9.4,1500.0,0.0,0.0,1.0,0.0,0.0,0.0,0.0,0.0,0.0,0.0,1.0,0.0,0.0,0.0,0.030588,0.019777,0.052684
sub-115_ses-1,sub-115,1,Multicenter,7.0,9.4,1500.0,0.0,0.0,1.0,0.0,0.0,0.0,0.0,0.0,0.0,0.0,1.0,0.0,0.0,0.0,0.040185,0.021727,0.035658
sub-116_ses-1,sub-116,1,Multicenter,7.0,9.4,1500.0,0.0,0.0,1.0,0.0,0.0,0.0,0.0,0.0,0.0,0.0,1.0,0.0,0.0,0.0,0.053476,0.029633,0.049743
sub-117_ses-1,sub-117,1,Multicenter,7.0,9.4,1500.0,0.0,0.0,1.0,0.0,0.0,0.0,0.0,0.0,0.0,0.0,1.0,0.0,0.0,0.0,0.081294,0.052032,0.080647
sub-118_ses-1,sub-118,1,Multicenter,7.0,9.4,1500.0,0.0,0.0,1.0,0.0,0.0,0.0,0.0,0.0,0.0,0.0,1.0,0.0,0.0,0.0,0.100762,0.039429,0.070358
sub-119_ses-1,sub-119,1,Multicenter,7.0,9.4,1500.0,0.0,0.0,1.0,0.0,0.0,0.0,0.0,0.0,0.0,0.0,1.0,0.0,0.0,0.0,0.049594,0.045326,0.069986
sub-120_ses-1,sub-120,1,Multicenter,7.0,9.4,1500.0,0.0,0.0,1.0,0.0,0.0,0.0,0.0,0.0,0.0,0.0,1.0,0.0,0.0,0.0,0.10783,0.07015,0.088139
sub-136_ses-1,sub-136,1,Multicenter,7.0,9.4,1000.0,1.0,0.0,0.0,0.0,0.0,0.0,0.0,0.0,0.0,0.0,0.0,0.0,1.0,0.0,0.149115,0.051985,0.094236
sub-137_ses-1,sub-137,1,Multicenter,7.0,9.4,1000.0,1.0,0.0,0.0,0.0,0.0,0.0,0.0,0.0,0.0,0.0,0.0,0.0,1.0,0.0,0.039115,0.023474,0.047362
sub-138_ses-1,sub-138,1,Multicenter,7.0,9.4,1000.0,1.0,0.0,0.0,0.0,0.0,0.0,0.0,0.0,0.0,0.0,0.0,0.0,1.0,0.0,0.111773,0.048038,0.06301
sub-139_ses-1,sub-139,1,Multicenter,7.0,9.4,1000.0,1.0,0.0,0.0,0.0,0.0,0.0,0.0,0.0,0.0,0.0,0.0,0.0,1.0,0.0,0.077553,0.058434,0.088363
sub-140_ses-1,sub-140,1,Multicenter,7.0,9.4,1000.0,1.0,0.0,0.0,0.0,0.0,0.0,0.0,0.0,0.0,0.0,0.0,0.0,1.0,0.0,0.105451,0.069212,0.077221
sub-141_ses-1,sub-141,1,Multicenter,7.0,9.4,1000.0,1.0,0.0,0.0,0.0,0.0,0.0,0.0,0.0,0.0,0.0,0.0,0.0,1.0,0.0,0.11609,0.069026,0.097721
sub-142_ses-1,sub-142,1,Multicenter,7.0,9.4,1000.0,1.0,0.0,0.0,0.0,0.0,0.0,0.0,0.0,0.0,0.0,0.0,0.0,1.0,0.0,0.096228,0.061301,0.065874
sub-143_ses-1,sub-143,1,Multicenter,7.0,9.4,1000.0,1.0,0.0,0.0,0.0,0.0,0.0,0.0,0.0,0.0,0.0,0.0,0.0,1.0,0.0,0.074198,0.03679,0.048912
sub-144_ses-1,sub-144,1,Multicenter,7.0,9.4,1000.0,1.0,0.0,0.0,0.0,0.0,0.0,0.0,0.0,0.0,0.0,0.0,0.0,1.0,0.0,0.138704,0.081803,0.153944
sub-145_ses-1,sub-145,1,Multicenter,7.0,9.4,1000.0,1.0,0.0,0.0,0.0,0.0,0.0,0.0,0.0,0.0,0.0,0.0,0.0,1.0,0.0,0.051068,0.04445,0.074672
sub-146_ses-1,sub-146,1,Multicenter,7.0,9.4,1000.0,1.0,0.0,0.0,0.0,0.0,0.0,0.0,0.0,0.0,0.0,0.0,0.0,1.0,0.0,0.158375,0.083051,0.159478
sub-147_ses-1,sub-147,1,Multicenter,7.0,9.4,1000.0,1.0,0.0,0.0,0.0,0.0,0.0,0.0,0.0,0.0,0.0,0.0,0.0,1.0,0.0,0.129201,0.050124,0.057914
sub-148_ses-1,sub-148,1,Multicenter,7.0,9.4,1000.0,1.0,0.0,0.0,0.0,0.0,0.0,0.0,0.0,0.0,0.0,0.0,0.0,1.0,0.0,0.041977,0.027622,0.049208
sub-149_ses-1,sub-149,1,Multicenter,7.0,9.4,1000.0,1.0,0.0,0.0,0.0,0.0,0.0,0.0,0.0,0.0,0.0,0.0,0.0,1.0,0.0,0.041893,0.033045,0.11366
sub-150_ses-1,sub-150,1,Multicenter,7.0,9.4,1000.0,1.0,0.0,0.0,0.0,0.0,0.0,0.0,0.0,0.0,0.0,0.0,0.0,1.0,0.0,0.061765,0.038605,0.052274
sub-226_ses-1,sub-226,1,Multicenter,7.0,11.75,1000.0,1.0,1.0,0.0,0.0,0.0,0.0,0.0,0.0,0.0,0.0,1.0,0.0,0.0,0.0,0.150773,0.112843,0.191364
sub-227_ses-1,sub-227,1,Multicenter,7.0,11.75,1000.0,1.0,1.0,0.0,0.0,0.0,0.0,0.0,0.0,0.0,0.0,1.0,0.0,0.0,0.0,0.082875,0.069157,0.099657
sub-228_ses-1,sub-228,1,Multicenter,7.0,11.75,1000.0,1.0,1.0,0.0,0.0,0.0,0.0,0.0,0.0,0.0,0.0,1.0,0.0,0.0,0.0,0.063112,0.03889,0.059387
sub-229_ses-1,sub-229,1,Multicenter,7.0,11.75,1000.0,1.0,1.0,0.0,0.0,0.0,0.0,0.0,0.0,0.0,0.0,1.0,0.0,0.0,0.0,0.060329,0.035058,0.06217
sub-230_ses-1,sub-230,1,Multicenter,7.0,11.75,1000.0,1.0,1.0,0.0,0.0,0.0,0.0,0.0,0.0,0.0,0.0,1.0,0.0,0.0,0.0,0.096839,0.068094,0.099646
sub-233_ses-1,sub-233,1,Multicenter,7.0,11.75,1000.0,1.0,1.0,0.0,0.0,0.0,0.0,0.0,0.0,0.0,0.0,1.0,0.0,0.0,0.0,0.066428,0.061926,0.091505
sub-235_ses-1,sub-235,1,Multicenter,7.0,11.75,1000.0,1.0,1.0,0.0,0.0,0.0,0.0,0.0,0.0,0.0,0.0,1.0,0.0,0.0,0.0,0.050635,0.04133,0.075734
sub-236_ses-1,sub-236,1,Multicenter,7.0,11.75,1000.0,1.0,1.0,0.0,0.0,0.0,0.0,0.0,0.0,0.0,0.0,1.0,0.0,0.0,0.0,0.052162,0.032727,0.062564
sub-237_ses-1,sub-237,1,Multicenter,7.0,11.75,1000.0,1.0,1.0,0.0,0.0,0.0,0.0,0.0,0.0,0.0,0.0,1.0,0.0,0.0,0.0,0.051623,0.035042,0.069611
sub-238_ses-1,sub-238,1,Multicenter,7.0,11.75,1000.0,1.0,1.0,0.0,0.0,0.0,0.0,0.0,0.0,0.0,0.0,1.0,0.0,0.0,0.0,0.088854,0.060235,0.130549
sub-239_ses-1,sub-239,1,Multicenter,7.0,11.75,1000.0,1.0,1.0,0.0,0.0,0.0,0.0,0.0,0.0,0.0,0.0,1.0,0.0,0.0,0.0,0.049571,0.063486,0.077696
sub-240_ses-1,sub-240,1,Multicenter,7.0,11.75,1000.0,1.0,1.0,0.0,0.0,0.0,0.0,0.0,0.0,0.0,0.0,1.0,0.0,0.0,0.0,0.065844,0.038791,0.089178
sub-001_ses-1,sub-001,1,Psilocybin,7.0,9.4,1700.0,1.0,1.0,1.0,0.0,0.0,1.0,0.0,0.0,0.0,0.0,0.0,0.0,1.0,0.0,0.059571,0.032517,0.039125
sub-006_ses-1,sub-006,1,Psilocybin,7.0,9.4,1700.0,1.0,1.0,1.0,0.0,0.0,1.0,0.0,0.0,0.0,0.0,0.0,0.0,1.0,0.0,0.048005,0.028703,0.043884
sub-009_ses-1,sub-009,1,Psilocybin,7.0,9.4,1700.0,1.0,1.0,1.0,0.0,0.0,1.0,0.0,0.0,0.0,0.0,0.0,0.0,1.0,0.0,0.077566,0.030335,0.0485
sub-011_ses-1,sub-011,1,Psilocybin,7.0,9.4,1700.0,1.0,1.0,1.0,0.0,0.0,1.0,0.0,0.0,0.0,0.0,0.0,0.0,1.0,0.0,0.042822,0.030147,0.036932
sub-014_ses-1,sub-014,1,Psilocybin,7.0,9.4,1700.0,1.0,1.0,1.0,0.0,0.0,1.0,0.0,0.0,0.0,0.0,0.0,0.0,1.0,0.0,0.037023,0.021665,0.039656
sub-016_ses-1,sub-016,1,Psilocybin,7.0,9.4,1700.0,1.0,1.0,1.0,0.0,0.0,1.0,0.0,0.0,0.0,0.0,0.0,0.0,1.0,0.0,0.076287,0.034443,0.044528
sub-019_ses-1,sub-019,1,Psilocybin,7.0,9.4,1700.0,1.0,1.0,1.0,0.0,0.0,1.0,0.0,0.0,0.0,0.0,0.0,0.0,1.0,0.0,0.049454,0.032837,0.04454
sub-022_ses-1,sub-022,1,Psilocybin,7.0,9.4,1700.0,1.0,1.0,1.0,0.0,0.0,1.0,0.0,0.0,0.0,0.0,0.0,0.0,1.0,0.0,0.071747,0.047446,0.045732
sub-025_ses-1,sub-025,1,Psilocybin,7.0,9.4,1700.0,1.0,1.0,1.0,0.0,0.0,1.0,0.0,0.0,0.0,0.0,0.0,0.0,1.0,0.0,0.093936,0.04373,0.054788
sub-028_ses-1,sub-028,1,Psilocybin,7.0,9.4,1700.0,1.0,1.0,1.0,0.0,0.0,1.0,0.0,0.0,0.0,0.0,0.0,0.0,1.0,0.0,0.066096,0.045082,0.056528
sub-031_ses-1,sub-031,1,Psilocybin,7.0,9.4,1700.0,1.0,1.0,1.0,0.0,0.0,1.0,0.0,0.0,0.0,0.0,0.0,0.0,1.0,0.0,0.065979,0.039381,0.0465
sub-034_ses-1,sub-034,1,Psilocybin,7.0,9.4,1700.0,1.0,1.0,1.0,0.0,0.0,1.0,0.0,0.0,0.0,0.0,0.0,0.0,1.0,0.0,0.073072,0.039991,0.051308
sub-037_ses-1,sub-037,1,Psilocybin,7.0,9.4,1700.0,1.0,1.0,1.0,0.0,0.0,1.0,0.0,0.0,0.0,0.0,0.0,0.0,1.0,0.0,0.067282,0.034574,0.050854
sub-039_ses-1,sub-039,1,Psilocybin,7.0,9.4,1700.0,1.0,1.0,1.0,0.0,0.0,1.0,0.0,0.0,0.0,0.0,0.0,0.0,1.0,0.0,0.093954,0.05199,0.058054
sub-040_ses-1,sub-040,1,Psilocybin,7.0,9.4,1700.0,1.0,1.0,1.0,0.0,0.0,1.0,0.0,0.0,0.0,0.0,0.0,0.0,1.0,0.0,0.099424,0.048652,0.059227
sub-001_ses-1,sub-001,1,Psilocybin_Pilot,7.0,9.4,1700.0,1.0,1.0,1.0,0.0,0.0,1.0,0.0,0.0,0.0,0.0,0.0,0.0,1.0,0.0,0.047264,0.032716,0.042713
sub-002_ses-1,sub-002,1,Psilocybin_Pilot,7.0,9.4,1700.0,1.0,1.0,1.0,0.0,0.0,1.0,0.0,0.0,0.0,0.0,0.0,0.0,1.0,0.0,0.071431,0.034429,0.053361
sub-003_ses-1,sub-003,1,Psilocybin_Pilot,7.0,9.4,1700.0,1.0,1.0,1.0,0.0,0.0,1.0,0.0,0.0,0.0,0.0,0.0,0.0,1.0,0.0,0.056348,0.037086,0.049545
sub-004_ses-1,sub-004,1,Psilocybin_Pilot,7.0,9.4,1700.0,1.0,1.0,1.0,0.0,0.0,1.0,0.0,0.0,0.0,0.0,0.0,0.0,1.0,0.0,0.064446,0.041967,0.040979
sub-006_ses-1,sub-006,1,Psilocybin_Pilot,7.0,9.4,1700.0,1.0,1.0,1.0,0.0,0.0,1.0,0.0,0.0,0.0,0.0,0.0,0.0,1.0,0.0,0.071911,0.040079,0.046006
sub-007_ses-1,sub-007,1,Psilocybin_Pilot,7.0,9.4,1700.0,1.0,1.0,1.0,0.0,0.0,1.0,0.0,0.0,0.0,0.0,0.0,0.0,1.0,0.0,0.06736,0.041282,0.043836
sub-008_ses-1,sub-008,1,Psilocybin_Pilot,7.0,9.4,1700.0,1.0,1.0,1.0,0.0,0.0,1.0,0.0,0.0,0.0,0.0,0.0,0.0,1.0,0.0,0.039352,0.030478,0.032008
sub-009_ses-1,sub-009,1,Psilocybin_Pilot,7.0,9.4,1700.0,1.0,1.0,1.0,0.0,0.0,1.0,0.0,0.0,0.0,0.0,0.0,0.0,1.0,0.0,0.051407,0.029923,0.042403
sub-010_ses-1,sub-010,1,Psilocybin_Pilot,7.0,9.4,1700.0,1.0,1.0,1.0,0.0,0.0,1.0,0.0,0.0,0.0,0.0,0.0,0.0,1.0,0.0,0.063834,0.033531,0.065012
sub-011_ses-1,sub-011,1,Psilocybin_Pilot,7.0,9.4,1700.0,1.0,1.0,1.0,0.0,0.0,1.0,0.0,0.0,0.0,0.0,0.0,0.0,1.0,0.0,0.057972,0.027344,0.038417
sub-012_ses-1,sub-012,1,Psilocybin_Pilot,7.0,9.4,1700.0,1.0,1.0,1.0,0.0,0.0,1.0,0.0,0.0,0.0,0.0,0.0,0.0,1.0,0.0,0.053226,0.028917,0.035171
sub-013_ses-1,sub-013,1,Psilocybin_Pilot,7.0,9.4,1700.0,1.0,1.0,1.0,0.0,0.0,1.0,0.0,0.0,0.0,0.0,0.0,0.0,1.0,0.0,0.064087,0.036794,0.043684
sub-014_ses-1,sub-014,1,Psilocybin_Pilot,7.0,9.4,1700.0,1.0,1.0,1.0,0.0,0.0,1.0,0.0,0.0,0.0,0.0,0.0,0.0,1.0,0.0,0.040189,0.02814,0.039291
sub-015_ses-1,sub-015,1,Psilocybin_Pilot,7.0,9.4,1700.0,1.0,1.0,1.0,0.0,0.0,1.0,0.0,0.0,0.0,0.0,0.0,0.0,1.0,0.0,0.063135,0.029513,0.052392
sub-016_ses-1,sub-016,1,Psilocybin_Pilot,7.0,9.4,1700.0,1.0,1.0,1.0,0.0,0.0,1.0,0.0,0.0,0.0,0.0,0.0,0.0,1.0,0.0,0.060475,0.040804,0.04637
sub-017_ses-1,sub-017,1,Psilocybin_Pilot,7.0,9.4,1700.0,1.0,1.0,1.0,0.0,0.0,1.0,0.0,0.0,0.0,0.0,0.0,0.0,1.0,0.0,0.045002,0.04207,0.038486
sub-018_ses-1,sub-018,1,Psilocybin_Pilot,7.0,9.4,1700.0,1.0,1.0,1.0,0.0,0.0,1.0,0.0,0.0,0.0,0.0,0.0,0.0,1.0,0.0,0.055117,0.041933,0.05278
sub-019_ses-1,sub-019,1,Psilocybin_Pilot,7.0,9.4,1700.0,1.0,1.0,1.0,0.0,0.0,1.0,0.0,0.0,0.0,0.0,0.0,0.0,1.0,0.0,0.061229,0.035236,0.032349
sub-020_ses-1,sub-020,1,Psilocybin_Pilot,7.0,9.4,1700.0,1.0,1.0,1.0,0.0,0.0,1.0,0.0,0.0,0.0,0.0,0.0,0.0,1.0,0.0,0.066101,0.032125,0.037253
sub-021_ses-1,sub-021,1,Psilocybin_Pilot,7.0,9.4,1700.0,1.0,1.0,1.0,0.0,0.0,1.0,0.0,0.0,0.0,0.0,0.0,0.0,1.0,0.0,0.049151,0.03234,0.039216
sub-022_ses-1,sub-022,1,Psilocybin_Pilot,7.0,9.4,1700.0,1.0,1.0,1.0,0.0,0.0,1.0,0.0,0.0,0.0,0.0,0.0,0.0,1.0,0.0,0.055647,0.040585,0.042755
sub-023_ses-1,sub-023,1,Psilocybin_Pilot,7.0,9.4,1700.0,1.0,1.0,1.0,0.0,0.0,1.0,0.0,0.0,0.0,0.0,0.0,0.0,1.0,0.0,0.049958,0.039656,0.051887
sub-024_ses-1,sub-024,1,Psilocybin_Pilot,7.0,9.4,1700.0,1.0,1.0,1.0,0.0,0.0,1.0,0.0,0.0,0.0,0.0,0.0,0.0,1.0,0.0,0.076709,0.034076,0.041204
sub-025_ses-1,sub-025,1,Psilocybin_Pilot,7.0,9.4,1700.0,1.0,1.0,1.0,0.0,0.0,1.0,0.0,0.0,0.0,0.0,0.0,0.0,1.0,0.0,0.059593,0.034312,0.044585
sub-C01S015_ses-1,sub-C01S015,1,Sexdifference,16.0,7.0,1000.0,0.0,0.0,0.0,0.0,0.0,0.0,0.0,0.0,1.0,0.0,0.0,0.0,0.0,0.0,0.126982,0.032734,0.072452
sub-C01S016_ses-1,sub-C01S016,1,Sexdifference,16.0,7.0,1000.0,0.0,0.0,0.0,0.0,0.0,0.0,0.0,0.0,1.0,0.0,0.0,0.0,0.0,0.0,0.046308,0.034067,0.061904
sub-C01S017_ses-1,sub-C01S017,1,Sexdifference,16.0,7.0,1000.0,0.0,0.0,0.0,0.0,0.0,0.0,0.0,0.0,1.0,0.0,0.0,0.0,0.0,0.0,0.032581,0.029385,0.045151
sub-C01S018_ses-1,sub-C01S018,1,Sexdifference,16.0,7.0,1000.0,0.0,0.0,0.0,0.0,0.0,0.0,0.0,0.0,1.0,0.0,0.0,0.0,0.0,0.0,0.083725,0.031003,0.081554
sub-C01S019_ses-1,sub-C01S019,1,Sexdifference,16.0,7.0,1000.0,0.0,0.0,0.0,0.0,0.0,0.0,0.0,0.0,1.0,0.0,0.0,0.0,0.0,0.0,0.039124,0.028707,0.053258
sub-C02S006_ses-1,sub-C02S006,1,Sexdifference,16.0,7.0,1000.0,0.0,0.0,0.0,0.0,0.0,0.0,0.0,0.0,1.0,0.0,0.0,0.0,0.0,0.0,0.109021,0.046134,0.088864
sub-C02S007_ses-1,sub-C02S007,1,Sexdifference,16.0,7.0,1000.0,0.0,0.0,0.0,0.0,0.0,0.0,0.0,0.0,1.0,0.0,0.0,0.0,0.0,0.0,0.140847,0.030649,0.083069
sub-C02S008_ses-1,sub-C02S008,1,Sexdifference,16.0,7.0,1000.0,0.0,0.0,0.0,0.0,0.0,0.0,0.0,0.0,1.0,0.0,0.0,0.0,0.0,0.0,0.079646,0.066924,0.084616
sub-C02S009_ses-1,sub-C02S009,1,Sexdifference,16.0,7.0,1000.0,0.0,0.0,0.0,0.0,0.0,0.0,0.0,0.0,1.0,0.0,0.0,0.0,0.0,0.0,0.037284,0.034268,0.043633
sub-C02S010_ses-1,sub-C02S010,1,Sexdifference,16.0,7.0,1000.0,0.0,0.0,0.0,0.0,0.0,0.0,0.0,0.0,1.0,0.0,0.0,0.0,0.0,0.0,0.067582,0.045232,0.071668
sub-C03S020_ses-1,sub-C03S020,1,Sexdifference,16.0,7.0,1000.0,0.0,0.0,0.0,0.0,0.0,0.0,0.0,0.0,1.0,0.0,0.0,0.0,0.0,0.0,0.055019,0.034558,0.053423
sub-C03S021_ses-1,sub-C03S021,1,Sexdifference,16.0,7.0,1000.0,0.0,0.0,0.0,0.0,0.0,0.0,0.0,0.0,1.0,0.0,0.0,0.0,0.0,0.0,0.056579,0.036845,0.07425
sub-C03S022_ses-1,sub-C03S022,1,Sexdifference,16.0,7.0,1000.0,0.0,0.0,0.0,0.0,0.0,0.0,0.0,0.0,1.0,0.0,0.0,0.0,0.0,0.0,0.102791,0.043318,0.072191
sub-C03S023_ses-1,sub-C03S023,1,Sexdifference,16.0,7.0,1000.0,0.0,0.0,0.0,0.0,0.0,0.0,0.0,0.0,1.0,0.0,0.0,0.0,0.0,0.0,0.098386,0.037595,0.074923
sub-C03S024_ses-1,sub-C03S024,1,Sexdifference,16.0,7.0,1000.0,0.0,0.0,0.0,0.0,0.0,0.0,0.0,0.0,1.0,0.0,0.0,0.0,0.0,0.0,0.066085,0.034691,0.041067
sub-C04S025_ses-1,sub-C04S025,1,Sexdifference,16.0,7.0,1000.0,0.0,0.0,0.0,0.0,0.0,0.0,0.0,0.0,1.0,0.0,0.0,0.0,0.0,0.0,0.038176,0.023976,0.044373
sub-C04S026_ses-1,sub-C04S026,1,Sexdifference,16.0,7.0,1000.0,0.0,0.0,0.0,0.0,0.0,0.0,0.0,0.0,1.0,0.0,0.0,0.0,0.0,0.0,0.09667,0.030663,0.052028
sub-C04S027_ses-1,sub-C04S027,1,Sexdifference,16.0,7.0,1000.0,0.0,0.0,0.0,0.0,0.0,0.0,0.0,0.0,1.0,0.0,0.0,0.0,0.0,0.0,0.132981,0.041795,0.060072
sub-C04S028_ses-1,sub-C04S028,1,Sexdifference,16.0,7.0,1000.0,0.0,0.0,0.0,0.0,0.0,0.0,0.0,0.0,1.0,0.0,0.0,0.0,0.0,0.0,0.090337,0.042311,0.072585
sub-C04S029_ses-1,sub-C04S029,1,Sexdifference,16.0,7.0,1000.0,0.0,0.0,0.0,0.0,0.0,0.0,0.0,0.0,1.0,0.0,0.0,0.0,0.0,0.0,0.104848,0.052802,0.102018
sub-C05S030_ses-1,sub-C05S030,1,Sexdifference,16.0,7.0,1000.0,1.0,0.0,0.0,0.0,0.0,0.0,0.0,0.0,1.0,0.0,0.0,0.0,0.0,0.0,0.066924,0.046991,0.05599
sub-C05S031_ses-1,sub-C05S031,1,Sexdifference,16.0,7.0,1000.0,1.0,0.0,0.0,0.0,0.0,0.0,0.0,0.0,1.0,0.0,0.0,0.0,0.0,0.0,0.043381,0.036901,0.077297
sub-C05S032_ses-1,sub-C05S032,1,Sexdifference,16.0,7.0,1000.0,1.0,0.0,0.0,0.0,0.0,0.0,0.0,0.0,1.0,0.0,0.0,0.0,0.0,0.0,0.046495,0.030796,0.056542
sub-C06S033_ses-1,sub-C06S033,1,Sexdifference,16.0,7.0,1000.0,1.0,0.0,0.0,0.0,0.0,0.0,0.0,0.0,1.0,0.0,0.0,0.0,0.0,0.0,0.069015,0.046614,0.05922
sub-C06S034_ses-1,sub-C06S034,1,Sexdifference,16.0,7.0,1000.0,1.0,0.0,0.0,0.0,0.0,0.0,0.0,0.0,1.0,0.0,0.0,0.0,0.0,0.0,0.050437,0.033288,0.0504
sub-C06S035_ses-1,sub-C06S035,1,Sexdifference,16.0,7.0,1000.0,1.0,0.0,0.0,0.0,0.0,0.0,0.0,0.0,1.0,0.0,0.0,0.0,0.0,0.0,0.04348,0.028045,0.04405
sub-C06S036_ses-1,sub-C06S036,1,Sexdifference,16.0,7.0,1000.0,1.0,0.0,0.0,0.0,0.0,0.0,0.0,0.0,1.0,0.0,0.0,0.0,0.0,0.0,0.042013,0.030738,0.052984
sub-C07S037_ses-1,sub-C07S037,1,Sexdifference,16.0,7.0,1000.0,1.0,0.0,0.0,0.0,0.0,0.0,0.0,0.0,1.0,0.0,0.0,0.0,0.0,0.0,0.06413,0.045111,0.070798
sub-C07S038_ses-1,sub-C07S038,1,Sexdifference,16.0,7.0,1000.0,1.0,0.0,0.0,0.0,0.0,0.0,0.0,0.0,1.0,0.0,0.0,0.0,0.0,0.0,0.095992,0.044333,0.101777
sub-C07S039_ses-1,sub-C07S039,1,Sexdifference,16.0,7.0,1000.0,1.0,0.0,0.0,0.0,0.0,0.0,0.0,0.0,1.0,0.0,0.0,0.0,0.0,0.0,0.0521,0.04182,0.05499
sub-C07S040_ses-1,sub-C07S040,1,Sexdifference,16.0,7.0,1000.0,1.0,0.0,0.0,0.0,0.0,0.0,0.0,0.0,1.0,0.0,0.0,0.0,0.0,0.0,0.060209,0.041479,0.062953
sub-C08S011_ses-1,sub-C08S011,1,Sexdifference,16.0,7.0,1000.0,1.0,0.0,0.0,0.0,0.0,0.0,0.0,0.0,1.0,0.0,0.0,0.0,0.0,0.0,0.068089,0.041855,0.05596
sub-C08S012_ses-1,sub-C08S012,1,Sexdifference,16.0,7.0,1000.0,1.0,0.0,0.0,0.0,0.0,0.0,0.0,0.0,1.0,0.0,0.0,0.0,0.0,0.0,0.045217,0.027817,0.053556
sub-C08S013_ses-1,sub-C08S013,1,Sexdifference,16.0,7.0,1000.0,1.0,0.0,0.0,0.0,0.0,0.0,0.0,0.0,1.0,0.0,0.0,0.0,0.0,0.0,0.049973,0.069597,0.087265
sub-C08S014_ses-1,sub-C08S014,1,Sexdifference,16.0,7.0,1000.0,1.0,0.0,0.0,0.0,0.0,0.0,0.0,0.0,1.0,0.0,0.0,0.0,0.0,0.0,0.092633,0.038429,0.048582
sub-C09S001_ses-1,sub-C09S001,1,Sexdifference,16.0,7.0,1000.0,1.0,0.0,0.0,0.0,0.0,0.0,0.0,0.0,1.0,0.0,0.0,0.0,0.0,0.0,0.058488,0.028094,0.047181
sub-C09S002_ses-1,sub-C09S002,1,Sexdifference,16.0,7.0,1000.0,1.0,0.0,0.0,0.0,0.0,0.0,0.0,0.0,1.0,0.0,0.0,0.0,0.0,0.0,0.06351,0.04865,0.062075
sub-C09S003_ses-1,sub-C09S003,1,Sexdifference,16.0,7.0,1000.0,1.0,0.0,0.0,0.0,0.0,0.0,0.0,0.0,1.0,0.0,0.0,0.0,0.0,0.0,0.077791,0.044955,0.080206
sub-C09S004_ses-1,sub-C09S004,1,Sexdifference,16.0,7.0,1000.0,1.0,0.0,0.0,0.0,0.0,0.0,0.0,0.0,1.0,0.0,0.0,0.0,0.0,0.0,0.041158,0.029747,0.056957
sub-C09S005_ses-1,sub-C09S005,1,Sexdifference,16.0,7.0,1000.0,1.0,0.0,0.0,0.0,0.0,0.0,0.0,0.0,1.0,0.0,0.0,0.0,0.0,0.0,0.047967,0.041961,0.058245
sub-C10S041_ses-2,sub-C10S041,2,Sexdifference,16.0,7.0,1000.0,1.0,0.0,0.0,0.0,0.0,0.0,0.0,0.0,1.0,0.0,0.0,0.0,0.0,0.0,0.247156,0.104784,0.151148
sub-C10S046_ses-2,sub-C10S046,2,Sexdifference,16.0,7.0,1000.0,0.0,0.0,0.0,0.0,0.0,0.0,0.0,0.0,1.0,0.0,0.0,0.0,0.0,0.0,0.37694,0.127077,0.274357
sub-C10S047_ses-2,sub-C10S047,2,Sexdifference,16.0,7.0,1000.0,0.0,0.0,0.0,0.0,0.0,0.0,0.0,0.0,1.0,0.0,0.0,0.0,0.0,0.0,0.113551,0.095054,0.059996
sub-C10S048_ses-2,sub-C10S048,2,Sexdifference,16.0,7.0,1000.0,0.0,0.0,0.0,0.0,0.0,0.0,0.0,0.0,1.0,0.0,0.0,0.0,0.0,0.0,0.121364,0.083249,0.074183
sub-C10S049_ses-2,sub-C10S049,2,Sexdifference,16.0,7.0,1000.0,0.0,0.0,0.0,0.0,0.0,0.0,0.0,0.0,1.0,0.0,0.0,0.0,0.0,0.0,0.188929,0.057568,0.098023
sub-C10S050_ses-2,sub-C10S050,2,Sexdifference,16.0,7.0,1000.0,0.0,0.0,0.0,0.0,0.0,0.0,0.0,0.0,1.0,0.0,0.0,0.0,0.0,0.0,0.095995,0.086768,0.061955
sub-C11S042_ses-2,sub-C11S042,2,Sexdifference,16.0,7.0,1000.0,1.0,0.0,0.0,0.0,0.0,0.0,0.0,0.0,1.0,0.0,0.0,0.0,0.0,0.0,0.068875,0.035415,0.089299
sub-C11S043_ses-2,sub-C11S043,2,Sexdifference,16.0,7.0,1000.0,1.0,0.0,0.0,0.0,0.0,0.0,0.0,0.0,1.0,0.0,0.0,0.0,0.0,0.0,0.06416,0.029485,0.042985
sub-C11S044_ses-2,sub-C11S044,2,Sexdifference,16.0,7.0,1000.0,1.0,0.0,0.0,0.0,0.0,0.0,0.0,0.0,1.0,0.0,0.0,0.0,0.0,0.0,0.07912,0.048058,0.111326
sub-C11S045_ses-2,sub-C11S045,2,Sexdifference,16.0,7.0,1000.0,1.0,0.0,0.0,0.0,0.0,0.0,0.0,0.0,1.0,0.0,0.0,0.0,0.0,0.0,0.088534,0.04578,0.084404
sub-C12S056_ses-2,sub-C12S056,2,Sexdifference,16.0,7.0,1000.0,1.0,0.0,0.0,0.0,0.0,0.0,0.0,0.0,1.0,0.0,0.0,0.0,0.0,0.0,0.151983,0.059732,0.060845
sub-C12S057_ses-2,sub-C12S057,2,Sexdifference,16.0,7.0,1000.0,1.0,0.0,0.0,0.0,0.0,0.0,0.0,0.0,1.0,0.0,0.0,0.0,0.0,0.0,0.123722,0.059487,0.067434
sub-C12S058_ses-2,sub-C12S058,2,Sexdifference,16.0,7.0,1000.0,1.0,0.0,0.0,0.0,0.0,0.0,0.0,0.0,1.0,0.0,0.0,0.0,0.0,0.0,0.106639,0.068195,0.071477
sub-C12S059_ses-2,sub-C12S059,2,Sexdifference,16.0,7.0,1000.0,1.0,0.0,0.0,0.0,0.0,0.0,0.0,0.0,1.0,0.0,0.0,0.0,0.0,0.0,0.113024,0.083209,0.068186
sub-C12S060_ses-2,sub-C12S060,2,Sexdifference,16.0,7.0,1000.0,1.0,0.0,0.0,0.0,0.0,0.0,0.0,0.0,1.0,0.0,0.0,0.0,0.0,0.0,0.106857,0.060853,0.072142
sub-C13S051_ses-2,sub-C13S051,2,Sexdifference,16.0,7.0,1000.0,0.0,0.0,0.0,0.0,0.0,0.0,0.0,0.0,1.0,0.0,0.0,0.0,0.0,0.0,0.134461,0.067989,0.05735
sub-C13S052_ses-2,sub-C13S052,2,Sexdifference,16.0,7.0,1000.0,0.0,0.0,0.0,0.0,0.0,0.0,0.0,0.0,1.0,0.0,0.0,0.0,0.0,0.0,0.15349,0.125399,0.23991
sub-C13S053_ses-2,sub-C13S053,2,Sexdifference,16.0,7.0,1000.0,0.0,0.0,0.0,0.0,0.0,0.0,0.0,0.0,1.0,0.0,0.0,0.0,0.0,0.0,0.120228,0.039673,0.075628
sub-C13S054_ses-2,sub-C13S054,2,Sexdifference,16.0,7.0,1000.0,0.0,0.0,0.0,0.0,0.0,0.0,0.0,0.0,1.0,0.0,0.0,0.0,0.0,0.0,0.095799,0.051292,0.064739
sub-C13S055_ses-2,sub-C13S055,2,Sexdifference,16.0,7.0,1000.0,0.0,0.0,0.0,0.0,0.0,0.0,0.0,0.0,1.0,0.0,0.0,0.0,0.0,0.0,0.142068,0.090477,0.086666
sub-07_task-rest,sub-07,1,Propofol,12.0,9.4,2000.0,1.0,0.0,0.0,0.0,0.0,0.0,0.0,0.0,0.0,0.0,0.0,0.0,0.0,1.0,0.181053,0.149063,0.309318
sub-08_task-rest,sub-08,1,Propofol,12.0,9.4,2000.0,0.0,0.0,0.0,0.0,0.0,0.0,0.0,0.0,0.0,0.0,0.0,0.0,0.0,1.0,0.199688,0.139005,0.215876
sub-06_task-rest,sub-06,1,Alvino,12.0,7.0,1000.0,1.0,0.0,1.0,0.0,0.0,0.0,0.0,0.0,0.0,1.0,0.0,0.0,0.0,0.0,0.079395,0.053031,0.091193
sub-07_task-rest,sub-07,1,Alvino,12.0,7.0,1000.0,1.0,0.0,1.0,0.0,0.0,0.0,0.0,0.0,0.0,1.0,0.0,0.0,0.0,0.0,0.076084,0.046624,0.08341
sub-08_task-rest,sub-08,1,Alvino,12.0,7.0,1000.0,0.0,0.0,1.0,0.0,0.0,0.0,0.0,0.0,0.0,1.0,0.0,0.0,0.0,0.0,0.097826,0.057026,0.08376
sub-09_task-rest,sub-09,1,Alvino,12.0,7.0,1000.0,0.0,0.0,1.0,0.0,0.0,0.0,0.0,0.0,0.0,1.0,0.0,0.0,0.0,0.0,0.057724,0.037989,0.065414
sub-14_task-rest,sub-14,1,Alvino,12.0,7.0,1000.0,0.0,0.0,1.0,0.0,0.0,0.0,0.0,0.0,0.0,1.0,0.0,0.0,0.0,0.0,0.075264,0.04623,0.057693
sub-15_task-rest,sub-15,1,Alvino,12.0,7.0,1000.0,0.0,0.0,1.0,0.0,0.0,0.0,0.0,0.0,0.0,1.0,0.0,0.0,0.0,0.0,0.068031,0.042679,0.068376
sub-16_task-rest,sub-16,1,Alvino,12.0,7.0,1000.0,0.0,0.0,1.0,0.0,0.0,0.0,0.0,0.0,0.0,1.0,0.0,0.0,0.0,0.0,0.06401,0.044528,0.070824
sub-17_task-rest,sub-17,1,Alvino,12.0,7.0,1000.0,1.0,0.0,1.0,0.0,0.0,0.0,0.0,0.0,0.0,1.0,0.0,0.0,0.0,0.0,0.207038,0.165685,0.302432
sub-18_task-rest,sub-18,1,Alvino,12.0,7.0,1000.0,1.0,0.0,1.0,0.0,0.0,0.0,0.0,0.0,0.0,1.0,0.0,0.0,0.0,0.0,0.064625,0.039048,0.065722
sub-19_task-rest,sub-19,1,Alvino,12.0,7.0,1000.0,1.0,0.0,1.0,0.0,0.0,0.0,0.0,0.0,0.0,1.0,0.0,0.0,0.0,0.0,0.112626,0.071483,0.120458
sub-33_task-rest,sub-33,1,Alvino,12.0,7.0,1000.0,1.0,0.0,1.0,0.0,0.0,0.0,0.0,0.0,0.0,1.0,0.0,0.0,0.0,0.0,0.072156,0.045414,0.070779
sub-37_task-rest,sub-37,1,Alvino,12.0,7.0,1000.0,1.0,0.0,1.0,0.0,0.0,0.0,0.0,0.0,0.0,1.0,0.0,0.0,0.0,0.0,0.227667,0.103093,0.218692
sub-49_task-rest,sub-49,1,Alvino,12.0,7.0,1000.0,1.0,0.0,1.0,0.0,0.0,0.0,0.0,0.0,0.0,1.0,0.0,0.0,0.0,0.0,0.08163,0.051363,0.075521
sub-51_task-rest,sub-51,1,Alvino,12.0,7.0,1000.0,1.0,0.0,1.0,0.0,0.0,0.0,0.0,0.0,0.0,1.0,0.0,0.0,0.0,0.0,0.073612,0.043579,0.071734
sub-54_task-rest,sub-54,1,Alvino,12.0,7.0,1000.0,0.0,0.0,1.0,0.0,0.0,0.0,0.0,0.0,0.0,1.0,0.0,0.0,0.0,0.0,0.075784,0.043626,0.06767
sub-59_task-rest,sub-59,1,Alvino,12.0,7.0,1000.0,1.0,0.0,1.0,0.0,0.0,0.0,0.0,0.0,0.0,1.0,0.0,0.0,0.0,0.0,0.067509,0.046226,0.080837
sub-71_task-rest,sub-71,1,Alvino,12.0,7.0,1000.0,1.0,0.0,1.0,0.0,0.0,0.0,0.0,0.0,0.0,1.0,0.0,0.0,0.0,0.0,0.07114,0.04599,0.081632
sub-73_task-rest,sub-73,1,Alvino,12.0,7.0,1000.0,1.0,0.0,1.0,0.0,0.0,0.0,0.0,0.0,0.0,1.0,0.0,0.0,0.0,0.0,0.108313,0.058514,0.208666
sub-81_task-rest,sub-81,1,Alvino,12.0,7.0,1000.0,1.0,0.0,1.0,0.0,0.0,0.0,0.0,0.0,0.0,1.0,0.0,0.0,0.0,0.0,0.073887,0.046388,0.073519
sub-82_task-rest,sub-82,1,Alvino,12.0,7.0,1000.0,1.0,0.0,1.0,0.0,0.0,0.0,0.0,0.0,0.0,1.0,0.0,0.0,0.0,0.0,0.068778,0.043632,0.079291
sub-83_task-rest,sub-83,1,Alvino,12.0,7.0,1000.0,0.0,0.0,1.0,0.0,0.0,0.0,0.0,0.0,0.0,1.0,0.0,0.0,0.0,0.0,0.068632,0.059775,0.072717
sub-84_task-rest,sub-84,1,Alvino,12.0,7.0,1000.0,0.0,0.0,1.0,0.0,0.0,0.0,0.0,0.0,0.0,1.0,0.0,0.0,0.0,0.0,0.069366,0.052197,0.094529
