subject,comp1,comp2,comp3,comp4,comp5,comp6,comp7,comp8,comp9,comp10,comp11,comp12,comp13,comp14,comp15,comp16,comp17,comp18
sub-0100100_ses-1,0.080495 ,0.098474 ,0.114468 ,0.075640 ,0.062307 ,0.054010 ,0.046308 ,0.074807 ,0.073279 ,0.038724 ,0.076055 ,0.073271 ,0.047264 ,0.041018 ,0.061271 ,0.074997 ,0.044077 ,0.048933
sub-0100101_ses-1,0.124921 ,0.118759 ,0.141769 ,0.089887 ,0.063125 ,0.070274 ,0.058579 ,0.059824 ,0.097931 ,0.056971 ,0.118733 ,0.076449 ,0.050775 ,0.040541 ,0.054388 ,0.071685 ,0.076146 ,0.054609
sub-0100102_ses-1,0.078614 ,0.109265 ,0.121399 ,0.081270 ,0.069492 ,0.070683 ,0.059093 ,0.067771 ,0.103806 ,0.069914 ,0.105347 ,0.111538 ,0.055667 ,0.040283 ,0.082954 ,0.085356 ,0.067969 ,0.049316
sub-0100103_ses-1,0.085199 ,0.162053 ,0.140070 ,0.079652 ,0.093249 ,0.069337 ,0.062055 ,0.054130 ,0.107579 ,0.052930 ,0.090121 ,0.062174 ,0.049908 ,0.040879 ,0.046181 ,0.073097 ,0.047932 ,0.061054
sub-0100200_ses-1,0.444197 ,0.218354 ,0.361291 ,0.189678 ,0.159223 ,0.156644 ,0.221429 ,0.361740 ,0.252028 ,0.113044 ,0.307416 ,0.366787 ,0.165517 ,0.115571 ,0.187124 ,0.186063 ,0.187952 ,0.196527
sub-0100201_ses-1,0.437696 ,0.338220 ,0.267641 ,0.171042 ,0.149254 ,0.173963 ,0.233282 ,0.374607 ,0.281700 ,0.167406 ,0.185701 ,0.298344 ,0.133148 ,0.110813 ,0.201679 ,0.193444 ,0.149668 ,0.242229
sub-0100202_ses-1,0.347199 ,0.206202 ,0.307294 ,0.165641 ,0.149469 ,0.245927 ,0.226676 ,0.320406 ,0.287945 ,0.136167 ,0.370843 ,0.287522 ,0.200587 ,0.121968 ,0.230480 ,0.218468 ,0.244087 ,0.493313
sub-0100203_ses-1,2.801606 ,0.893086 ,0.650329 ,0.510263 ,0.810870 ,0.392631 ,0.720231 ,0.687995 ,2.127921 ,0.498856 ,0.337080 ,1.051962 ,0.279853 ,0.372232 ,0.649383 ,0.495720 ,0.396846 ,1.725064
sub-0100204_ses-1,0.311444 ,0.208569 ,0.309312 ,0.337581 ,0.245963 ,0.362305 ,0.502234 ,0.461785 ,0.282127 ,0.352928 ,0.439351 ,0.736352 ,0.242483 ,0.158275 ,0.234349 ,0.187671 ,0.367328 ,0.193294
sub-0100205_ses-1,0.601149 ,0.340847 ,0.330999 ,0.496601 ,0.225443 ,0.455146 ,0.506493 ,0.525366 ,0.346362 ,0.366038 ,0.609183 ,0.463177 ,0.228217 ,0.137737 ,0.185426 ,0.202345 ,0.504673 ,0.498509
sub-0100206_ses-1,2.072949 ,0.623816 ,0.525443 ,0.334172 ,0.773444 ,0.291288 ,0.420212 ,0.415776 ,1.761378 ,0.306175 ,0.301740 ,0.578620 ,0.275455 ,0.213571 ,0.505148 ,0.348355 ,0.119027 ,1.196193
sub-0100207_ses-1,0.476855 ,0.287777 ,0.267542 ,0.231068 ,0.241801 ,0.204164 ,0.542581 ,0.372519 ,0.375975 ,0.208485 ,0.629887 ,0.856209 ,0.201210 ,0.155916 ,0.327105 ,0.167667 ,0.363745 ,0.277941
sub-0100301_ses-1,0.208824 ,0.100832 ,0.179752 ,0.079713 ,0.074807 ,0.063927 ,0.071899 ,0.097420 ,0.117149 ,0.062956 ,0.105086 ,0.090247 ,0.083810 ,0.105312 ,0.111512 ,0.115424 ,0.096238 ,0.118966
sub-0100302_ses-1,0.160445 ,0.080035 ,0.121838 ,0.068801 ,0.081628 ,0.077841 ,0.071936 ,0.108693 ,0.134225 ,0.047276 ,0.115132 ,0.143272 ,0.079298 ,0.076856 ,0.082956 ,0.153694 ,0.080169 ,0.091515
sub-0100303_ses-1,0.167037 ,0.113704 ,0.138696 ,0.088070 ,0.099897 ,0.074165 ,0.079442 ,0.086857 ,0.090960 ,0.054938 ,0.098238 ,0.123856 ,0.063880 ,0.091068 ,0.077537 ,0.128731 ,0.081865 ,0.094667
sub-0100304_ses-1,0.241301 ,0.119916 ,0.123578 ,0.086748 ,0.065700 ,0.065717 ,0.094124 ,0.104713 ,0.099404 ,0.062599 ,0.129376 ,0.095680 ,0.066602 ,0.097708 ,0.081307 ,0.163111 ,0.097171 ,0.098872
sub-0100305_ses-1,0.218011 ,0.095672 ,0.128367 ,0.090670 ,0.079887 ,0.072676 ,0.066171 ,0.088026 ,0.104192 ,0.066340 ,0.122019 ,0.103425 ,0.137760 ,0.110617 ,0.153698 ,0.149019 ,0.087768 ,0.074175
sub-0100306_ses-1,0.209957 ,0.091828 ,0.125665 ,0.101418 ,0.119408 ,0.073359 ,0.102257 ,0.131760 ,0.100463 ,0.070231 ,0.137471 ,0.141743 ,0.079095 ,0.086759 ,0.101727 ,0.173184 ,0.095696 ,0.071497
sub-0100307_ses-1,0.200786 ,0.094838 ,0.104531 ,0.081268 ,0.085010 ,0.082521 ,0.102795 ,0.112178 ,0.111867 ,0.059143 ,0.171411 ,0.126439 ,0.104573 ,0.077368 ,0.105177 ,0.139349 ,0.107944 ,0.086659
sub-0100308_ses-1,0.114111 ,0.090842 ,0.101485 ,0.078727 ,0.092762 ,0.078169 ,0.118301 ,0.106626 ,0.118893 ,0.071790 ,0.202944 ,0.117228 ,0.086861 ,0.066709 ,0.116798 ,0.095263 ,0.137933 ,0.086521
sub-0100309_ses-1,0.137364 ,0.095917 ,0.108515 ,0.082271 ,0.077038 ,0.077869 ,0.109378 ,0.100844 ,0.086264 ,0.050050 ,0.115045 ,0.130666 ,0.077699 ,0.071653 ,0.081324 ,0.108443 ,0.080793 ,0.056641
sub-0100310_ses-1,0.270758 ,0.119451 ,0.110687 ,0.117355 ,0.098988 ,0.083682 ,0.113950 ,0.129959 ,0.103845 ,0.077253 ,0.142222 ,0.118159 ,0.112839 ,0.109411 ,0.113899 ,0.126517 ,0.161700 ,0.069548
sub-0100311_ses-1,0.156725 ,0.075351 ,0.124719 ,0.069865 ,0.080242 ,0.061308 ,0.096529 ,0.096317 ,0.112265 ,0.082695 ,0.102278 ,0.119811 ,0.082349 ,0.089839 ,0.086803 ,0.125119 ,0.077637 ,0.096003
sub-0100400_ses-1,0.149280 ,0.144981 ,0.127521 ,0.142182 ,0.115581 ,0.156425 ,0.207417 ,0.425847 ,0.161325 ,0.104405 ,0.189151 ,0.366768 ,0.164903 ,0.088423 ,0.216826 ,0.217073 ,0.318026 ,0.106629
sub-0100400_ses-2,0.195026 ,0.152115 ,0.190225 ,0.109387 ,0.120267 ,0.136643 ,0.246095 ,0.205693 ,0.137448 ,0.101304 ,0.204914 ,0.354598 ,0.082920 ,0.098907 ,0.173190 ,0.139379 ,0.195859 ,0.121972
sub-0100400_ses-2,0.129834 ,0.134848 ,0.187581 ,0.220296 ,0.090643 ,0.170738 ,0.251383 ,0.254655 ,0.161325 ,0.150211 ,0.177620 ,0.229479 ,0.125887 ,0.097686 ,0.178232 ,0.086292 ,0.204825 ,0.131738
sub-0100400_ses-2,0.164207 ,0.158807 ,0.111899 ,0.132014 ,0.116843 ,0.123691 ,0.157279 ,0.172771 ,0.169665 ,0.139722 ,0.198352 ,0.222565 ,0.095605 ,0.099144 ,0.133268 ,0.114200 ,0.187517 ,0.143029
sub-0100401_ses-1,0.313532 ,0.180437 ,0.139415 ,0.237282 ,0.194909 ,0.169877 ,0.480877 ,0.322286 ,0.139995 ,0.101061 ,0.303303 ,0.318619 ,0.174479 ,0.128340 ,0.176623 ,0.176605 ,0.290592 ,0.115884
sub-0100401_ses-2,0.247174 ,0.173528 ,0.197358 ,0.243008 ,0.151271 ,0.199244 ,0.351760 ,0.406101 ,0.144006 ,0.120904 ,0.307984 ,0.489106 ,0.119456 ,0.159021 ,0.169117 ,0.154113 ,0.197445 ,0.168129
sub-0100401_ses-2,0.177664 ,0.208475 ,0.166173 ,0.199282 ,0.108116 ,0.134863 ,0.204951 ,0.299818 ,0.203341 ,0.114660 ,0.228424 ,0.501617 ,0.121237 ,0.092979 ,0.196022 ,0.165427 ,0.197368 ,0.080296
sub-0100401_ses-2,0.199491 ,0.151921 ,0.178969 ,0.114748 ,0.126816 ,0.110846 ,0.202113 ,0.309314 ,0.160666 ,0.076503 ,0.231980 ,0.414694 ,0.096076 ,0.108314 ,0.137428 ,0.147563 ,0.199841 ,0.141280
sub-0100402_ses-1,0.095690 ,0.092242 ,0.119764 ,0.097825 ,0.108171 ,0.091296 ,0.198336 ,0.215969 ,0.136228 ,0.108915 ,0.285188 ,0.373890 ,0.086447 ,0.068358 ,0.155703 ,0.126013 ,0.194423 ,0.074990
sub-0100402_ses-2,0.185461 ,0.148857 ,0.152043 ,0.134407 ,0.117242 ,0.129281 ,0.240070 ,0.352192 ,0.176180 ,0.091103 ,0.173012 ,0.497267 ,0.151377 ,0.138721 ,0.239864 ,0.218938 ,0.357181 ,0.119595
sub-0100402_ses-2,0.123187 ,0.130271 ,0.153649 ,0.127709 ,0.115526 ,0.100181 ,0.243777 ,0.153667 ,0.175681 ,0.066718 ,0.174502 ,0.330008 ,0.101639 ,0.076941 ,0.150395 ,0.240931 ,0.358274 ,0.121585
sub-0100402_ses-2,0.152230 ,0.124558 ,0.124909 ,0.096723 ,0.149020 ,0.125153 ,0.246333 ,0.310784 ,0.130456 ,0.084634 ,0.131429 ,0.382165 ,0.090017 ,0.105424 ,0.145068 ,0.184099 ,0.209816 ,0.118894
sub-0100403_ses-1,0.215067 ,0.165185 ,0.143708 ,0.135489 ,0.103882 ,0.114883 ,0.174941 ,0.170910 ,0.191338 ,0.070631 ,0.211647 ,0.259020 ,0.116041 ,0.088272 ,0.175930 ,0.117395 ,0.207479 ,0.111758
sub-0100403_ses-1,0.121551 ,0.154174 ,0.120758 ,0.128917 ,0.077187 ,0.078829 ,0.179307 ,0.168681 ,0.161678 ,0.087355 ,0.141994 ,0.229449 ,0.105846 ,0.115602 ,0.137795 ,0.102220 ,0.193953 ,0.112567
sub-0100403_ses-2,0.179318 ,0.140086 ,0.122982 ,0.187714 ,0.116632 ,0.150452 ,0.273264 ,0.355810 ,0.211056 ,0.135747 ,0.168637 ,0.280060 ,0.120532 ,0.075230 ,0.238560 ,0.079830 ,0.261530 ,0.131223
sub-0100403_ses-2,0.170366 ,0.140502 ,0.129336 ,0.162673 ,0.100507 ,0.123343 ,0.211796 ,0.241802 ,0.209844 ,0.102919 ,0.161305 ,0.251636 ,0.133607 ,0.097642 ,0.179608 ,0.158049 ,0.322334 ,0.108182
sub-0100403_ses-2,0.186716 ,0.134015 ,0.132725 ,0.198492 ,0.117810 ,0.202705 ,0.330516 ,0.407120 ,0.264870 ,0.106684 ,0.211563 ,0.387518 ,0.135254 ,0.126914 ,0.191414 ,0.163368 ,0.281772 ,0.202841
sub-0100404_ses-1,0.171087 ,0.155799 ,0.126949 ,0.181795 ,0.132655 ,0.139479 ,0.325114 ,0.163043 ,0.135522 ,0.118704 ,0.214223 ,0.208540 ,0.094155 ,0.106906 ,0.168397 ,0.135997 ,0.185224 ,0.095755
sub-0100404_ses-2,0.213743 ,0.167434 ,0.161474 ,0.142686 ,0.137633 ,0.129180 ,0.259981 ,0.225494 ,0.212021 ,0.108054 ,0.175032 ,0.289123 ,0.152337 ,0.085020 ,0.222676 ,0.211688 ,0.387024 ,0.169786
sub-0100404_ses-2,0.213708 ,0.151132 ,0.160467 ,0.213387 ,0.180254 ,0.154117 ,0.311174 ,0.419941 ,0.175658 ,0.081309 ,0.296715 ,0.260123 ,0.162906 ,0.110234 ,0.298157 ,0.237435 ,0.327659 ,0.144042
sub-0100404_ses-2,0.159801 ,0.134359 ,0.130716 ,0.132592 ,0.125560 ,0.131919 ,0.233405 ,0.264674 ,0.137309 ,0.110687 ,0.168605 ,0.251910 ,0.135700 ,0.079210 ,0.163219 ,0.145883 ,0.264874 ,0.110669
sub-0100500_ses-2,0.345674 ,0.341008 ,0.305203 ,0.184422 ,0.177306 ,0.168336 ,0.213048 ,0.314649 ,0.314032 ,0.229564 ,0.420021 ,0.326245 ,0.309728 ,0.173405 ,0.543164 ,0.266957 ,0.226543 ,0.177426
sub-0100500_ses-5,0.157215 ,0.107270 ,0.114241 ,0.095400 ,0.077867 ,0.126208 ,0.080304 ,0.086498 ,0.164198 ,0.096477 ,0.127720 ,0.108933 ,0.096713 ,0.099664 ,0.144950 ,0.073054 ,0.096507 ,0.035176
sub-0100501_ses-1,0.091256 ,0.167069 ,0.221684 ,0.090163 ,0.107953 ,0.116615 ,0.076109 ,0.072585 ,0.120179 ,0.081081 ,0.107262 ,0.108091 ,0.094575 ,0.062889 ,0.103145 ,0.071864 ,0.099741 ,0.088020
sub-0100501_ses-1,0.097565 ,0.155952 ,0.213517 ,0.095654 ,0.096173 ,0.118841 ,0.088326 ,0.078501 ,0.121892 ,0.085985 ,0.122070 ,0.116396 ,0.102822 ,0.064806 ,0.096502 ,0.078672 ,0.101197 ,0.091946
sub-0100501_ses-1,0.090778 ,0.156171 ,0.210350 ,0.097579 ,0.087275 ,0.120996 ,0.091173 ,0.087793 ,0.112319 ,0.084917 ,0.122316 ,0.114449 ,0.104101 ,0.064685 ,0.096983 ,0.065433 ,0.111650 ,0.094387
sub-0100501_ses-1,0.110483 ,0.148771 ,0.217911 ,0.104003 ,0.092942 ,0.122724 ,0.085730 ,0.096547 ,0.129206 ,0.078034 ,0.107466 ,0.107999 ,0.105807 ,0.077613 ,0.097943 ,0.085586 ,0.135343 ,0.103589
sub-0100501_ses-1,0.094460 ,0.146929 ,0.173067 ,0.086997 ,0.082181 ,0.120572 ,0.079936 ,0.090351 ,0.116475 ,0.068432 ,0.110348 ,0.107428 ,0.109492 ,0.059866 ,0.090622 ,0.070309 ,0.097659 ,0.090469
sub-0100501_ses-1,0.090940 ,0.136624 ,0.198281 ,0.091412 ,0.080590 ,0.126223 ,0.091273 ,0.071824 ,0.109289 ,0.077003 ,0.112880 ,0.100672 ,0.094077 ,0.065907 ,0.091270 ,0.067971 ,0.108392 ,0.084232
sub-0100501_ses-1,0.086088 ,0.163118 ,0.208926 ,0.099838 ,0.106752 ,0.134115 ,0.097815 ,0.088255 ,0.114887 ,0.072195 ,0.103061 ,0.105964 ,0.096509 ,0.071014 ,0.078022 ,0.068193 ,0.081656 ,0.077574
sub-0100501_ses-1,0.102875 ,0.152976 ,0.212195 ,0.096368 ,0.093163 ,0.117091 ,0.089195 ,0.082272 ,0.123808 ,0.073522 ,0.120485 ,0.110280 ,0.109609 ,0.069801 ,0.105289 ,0.099762 ,0.115179 ,0.105129
sub-0100501_ses-1,0.090338 ,0.173622 ,0.220667 ,0.093727 ,0.103479 ,0.136693 ,0.078717 ,0.085200 ,0.107379 ,0.073989 ,0.115047 ,0.113560 ,0.087177 ,0.065363 ,0.096508 ,0.079971 ,0.110189 ,0.111525
sub-0100501_ses-1,0.104809 ,0.188082 ,0.225947 ,0.108696 ,0.103782 ,0.125460 ,0.092848 ,0.088095 ,0.134373 ,0.089806 ,0.147844 ,0.158718 ,0.105785 ,0.066702 ,0.099351 ,0.076544 ,0.123058 ,0.099525
sub-0100501_ses-1,0.132303 ,0.112505 ,0.169718 ,0.080039 ,0.109294 ,0.131098 ,0.073964 ,0.078686 ,0.163636 ,0.097805 ,0.125344 ,0.111100 ,0.101353 ,0.058195 ,0.104896 ,0.075596 ,0.094353 ,0.045913
sub-0100501_ses-1,0.101122 ,0.172669 ,0.219401 ,0.091978 ,0.100379 ,0.122931 ,0.069331 ,0.083558 ,0.112652 ,0.070741 ,0.117939 ,0.117619 ,0.116399 ,0.066982 ,0.086567 ,0.064095 ,0.107696 ,0.088501
sub-0100501_ses-1,0.094098 ,0.163994 ,0.206113 ,0.113248 ,0.103724 ,0.139512 ,0.087369 ,0.071993 ,0.114041 ,0.066054 ,0.122601 ,0.103734 ,0.103891 ,0.073838 ,0.097906 ,0.082287 ,0.107364 ,0.098543
sub-0100501_ses-1,0.091350 ,0.159221 ,0.213771 ,0.093374 ,0.100046 ,0.142685 ,0.085925 ,0.092782 ,0.109951 ,0.073041 ,0.104418 ,0.119270 ,0.109943 ,0.063735 ,0.089214 ,0.074552 ,0.113900 ,0.096340
sub-0100501_ses-1,0.100718 ,0.178947 ,0.233311 ,0.108062 ,0.113954 ,0.148723 ,0.093479 ,0.086297 ,0.126054 ,0.076719 ,0.117362 ,0.106531 ,0.115194 ,0.072736 ,0.097957 ,0.080899 ,0.111666 ,0.092003
sub-0100501_ses-1,0.093536 ,0.180095 ,0.253997 ,0.110482 ,0.128388 ,0.156199 ,0.085557 ,0.069476 ,0.122680 ,0.069813 ,0.125984 ,0.121378 ,0.098207 ,0.065908 ,0.096222 ,0.066923 ,0.123860 ,0.101765
sub-0100501_ses-1,0.111662 ,0.147428 ,0.202500 ,0.097279 ,0.105400 ,0.136924 ,0.090445 ,0.110021 ,0.142322 ,0.092936 ,0.097648 ,0.119638 ,0.113552 ,0.080990 ,0.115062 ,0.080278 ,0.104216 ,0.057667
sub-0100501_ses-1,0.098730 ,0.136545 ,0.195959 ,0.089344 ,0.091009 ,0.146277 ,0.075399 ,0.096421 ,0.122801 ,0.097921 ,0.124038 ,0.119333 ,0.139593 ,0.070088 ,0.110396 ,0.082637 ,0.106928 ,0.098658
sub-0100501_ses-1,0.102540 ,0.120619 ,0.170545 ,0.084191 ,0.076209 ,0.107637 ,0.071475 ,0.097919 ,0.115233 ,0.077118 ,0.108397 ,0.112194 ,0.111082 ,0.069885 ,0.093952 ,0.082407 ,0.099208 ,0.097071
sub-0100501_ses-1,0.091307 ,0.146523 ,0.185399 ,0.086273 ,0.088703 ,0.129002 ,0.085265 ,0.090795 ,0.108936 ,0.081850 ,0.103016 ,0.096963 ,0.095027 ,0.063202 ,0.096167 ,0.074752 ,0.093479 ,0.102082
sub-0100501_ses-1,0.082083 ,0.128776 ,0.184391 ,0.093679 ,0.079941 ,0.110279 ,0.074748 ,0.086844 ,0.135971 ,0.082015 ,0.115558 ,0.114411 ,0.109250 ,0.069061 ,0.112115 ,0.064682 ,0.117974 ,0.096450
sub-0100501_ses-1,0.093933 ,0.162162 ,0.201463 ,0.102046 ,0.103933 ,0.111980 ,0.087893 ,0.083817 ,0.099652 ,0.076612 ,0.126004 ,0.105656 ,0.082367 ,0.067066 ,0.091991 ,0.086536 ,0.091812 ,0.086837
sub-0100501_ses-1,0.086615 ,0.139112 ,0.198329 ,0.105050 ,0.083417 ,0.118564 ,0.090959 ,0.077778 ,0.117798 ,0.079083 ,0.123883 ,0.122831 ,0.095475 ,0.065218 ,0.094028 ,0.075818 ,0.097544 ,0.083954
sub-0100501_ses-1,0.089368 ,0.160321 ,0.238872 ,0.131356 ,0.093933 ,0.111494 ,0.084445 ,0.091397 ,0.136718 ,0.096791 ,0.116808 ,0.103905 ,0.120873 ,0.069881 ,0.100231 ,0.074126 ,0.095817 ,0.096424
sub-0100502_ses-1,0.109094 ,0.107992 ,0.133307 ,0.094778 ,0.093181 ,0.082837 ,0.096321 ,0.144565 ,0.126406 ,0.238773 ,0.129459 ,0.176441 ,0.070471 ,0.070718 ,0.096877 ,0.073135 ,0.103655 ,0.056855
sub-0100502_ses-2,0.210836 ,0.241800 ,0.784037 ,0.652855 ,0.495150 ,0.541242 ,0.306516 ,0.675114 ,0.382994 ,0.391135 ,1.994471 ,0.478875 ,0.690760 ,0.264087 ,0.354985 ,0.500465 ,0.630833 ,0.236605
sub-0100502_ses-3,0.106011 ,0.205377 ,0.141904 ,0.239889 ,0.146464 ,0.179984 ,0.220331 ,0.159155 ,0.386234 ,0.175247 ,0.302636 ,0.416590 ,0.257773 ,0.105301 ,0.206508 ,0.139828 ,0.296836 ,0.072528
sub-0100502_ses-4,0.086428 ,0.099229 ,0.073369 ,0.068511 ,0.075794 ,0.076168 ,0.074949 ,0.083558 ,0.096146 ,0.065455 ,0.109788 ,0.076420 ,0.069754 ,0.058913 ,0.086152 ,0.069747 ,0.083947 ,0.061657
sub-0100502_ses-4,0.077654 ,0.077482 ,0.082043 ,0.084603 ,0.070861 ,0.078845 ,0.080525 ,0.060362 ,0.090286 ,0.073689 ,0.099856 ,0.074877 ,0.069668 ,0.049995 ,0.086590 ,0.062169 ,0.094358 ,0.052331
sub-0100502_ses-4,0.081436 ,0.066128 ,0.061852 ,0.063543 ,0.062625 ,0.070137 ,0.062407 ,0.064366 ,0.086646 ,0.054513 ,0.080560 ,0.081884 ,0.075507 ,0.040779 ,0.070625 ,0.060329 ,0.076114 ,0.064175
sub-0100502_ses-4,0.078975 ,0.092078 ,0.071412 ,0.070633 ,0.079250 ,0.078113 ,0.068314 ,0.063187 ,0.079592 ,0.064313 ,0.096336 ,0.086350 ,0.078253 ,0.061015 ,0.077728 ,0.065892 ,0.076630 ,0.062886
sub-0100502_ses-4,0.080294 ,0.095725 ,0.091930 ,0.077878 ,0.087061 ,0.076565 ,0.071349 ,0.076144 ,0.092920 ,0.062913 ,0.102765 ,0.094201 ,0.066839 ,0.059052 ,0.080833 ,0.062937 ,0.087131 ,0.056227
sub-0100502_ses-4,0.076838 ,0.076976 ,0.077481 ,0.075357 ,0.075484 ,0.076154 ,0.073331 ,0.072829 ,0.086333 ,0.065446 ,0.100731 ,0.086571 ,0.082571 ,0.051033 ,0.082663 ,0.068660 ,0.089653 ,0.060562
sub-0100502_ses-4,0.083250 ,0.079655 ,0.079668 ,0.073040 ,0.068641 ,0.078205 ,0.073528 ,0.071785 ,0.092066 ,0.057440 ,0.121135 ,0.092830 ,0.074311 ,0.055262 ,0.076111 ,0.063447 ,0.086950 ,0.050090
sub-0100502_ses-4,0.082189 ,0.085211 ,0.094407 ,0.066436 ,0.072545 ,0.071977 ,0.063062 ,0.083610 ,0.073089 ,0.077144 ,0.094371 ,0.081128 ,0.088671 ,0.062005 ,0.082885 ,0.056518 ,0.082001 ,0.061677
sub-0100502_ses-4,0.078312 ,0.072566 ,0.072948 ,0.092996 ,0.074617 ,0.064720 ,0.071656 ,0.088358 ,0.082232 ,0.075719 ,0.093791 ,0.090562 ,0.067554 ,0.053003 ,0.082073 ,0.057761 ,0.086149 ,0.061682
sub-0100502_ses-4,0.076936 ,0.070906 ,0.070630 ,0.063135 ,0.063630 ,0.065409 ,0.057009 ,0.066963 ,0.082210 ,0.050524 ,0.087485 ,0.082881 ,0.074088 ,0.050290 ,0.079505 ,0.056063 ,0.080152 ,0.063713
sub-0100502_ses-4,0.047778 ,0.051783 ,0.059348 ,0.067355 ,0.046000 ,0.055196 ,0.052602 ,0.067430 ,0.063162 ,0.052959 ,0.103414 ,0.093920 ,0.071975 ,0.053388 ,0.083865 ,0.053902 ,0.089201 ,0.030113
sub-0100502_ses-4,0.085087 ,0.082696 ,0.074549 ,0.082233 ,0.072322 ,0.077035 ,0.075228 ,0.066722 ,0.074775 ,0.060537 ,0.112433 ,0.088262 ,0.088110 ,0.058921 ,0.089153 ,0.059334 ,0.096425 ,0.058126
sub-0100502_ses-4,0.083379 ,0.070175 ,0.075163 ,0.074421 ,0.062068 ,0.075177 ,0.069305 ,0.065569 ,0.085339 ,0.061235 ,0.102328 ,0.086056 ,0.078393 ,0.057309 ,0.071747 ,0.062954 ,0.086902 ,0.055179
sub-0100502_ses-4,0.090641 ,0.066687 ,0.067635 ,0.073406 ,0.080201 ,0.084734 ,0.069213 ,0.077976 ,0.083110 ,0.065882 ,0.096467 ,0.099253 ,0.072813 ,0.060216 ,0.080566 ,0.055678 ,0.079029 ,0.051184
sub-0100502_ses-4,0.089020 ,0.080332 ,0.073196 ,0.080006 ,0.083220 ,0.068379 ,0.070860 ,0.072467 ,0.077002 ,0.055011 ,0.101828 ,0.079096 ,0.067966 ,0.060523 ,0.073886 ,0.071585 ,0.084789 ,0.074231
sub-0100502_ses-4,0.080629 ,0.072575 ,0.075707 ,0.078507 ,0.074606 ,0.072003 ,0.072988 ,0.063171 ,0.086810 ,0.060160 ,0.090692 ,0.085917 ,0.072621 ,0.057955 ,0.085002 ,0.060024 ,0.082976 ,0.057191
sub-0100502_ses-4,0.072661 ,0.062425 ,0.073288 ,0.057821 ,0.050210 ,0.057176 ,0.049860 ,0.058887 ,0.079478 ,0.055980 ,0.094167 ,0.096767 ,0.090574 ,0.059625 ,0.094136 ,0.060338 ,0.074608 ,0.031758
sub-0100502_ses-4,0.088133 ,0.098447 ,0.074737 ,0.078922 ,0.076398 ,0.081113 ,0.073357 ,0.068746 ,0.084275 ,0.072323 ,0.113121 ,0.090303 ,0.079992 ,0.052848 ,0.084120 ,0.064003 ,0.096332 ,0.065405
sub-0100502_ses-4,0.088264 ,0.086551 ,0.074539 ,0.086177 ,0.068440 ,0.080435 ,0.067557 ,0.082524 ,0.094172 ,0.069074 ,0.107757 ,0.086629 ,0.092024 ,0.055959 ,0.073570 ,0.062832 ,0.093650 ,0.074169
sub-0100502_ses-4,0.081180 ,0.086185 ,0.095940 ,0.090507 ,0.078774 ,0.081828 ,0.073361 ,0.070781 ,0.087165 ,0.056269 ,0.106063 ,0.086617 ,0.080365 ,0.055012 ,0.079740 ,0.065691 ,0.082596 ,0.062938
sub-0100502_ses-4,0.086665 ,0.087420 ,0.093355 ,0.081734 ,0.080819 ,0.070390 ,0.063274 ,0.060148 ,0.105044 ,0.062546 ,0.103840 ,0.083492 ,0.081778 ,0.056172 ,0.067328 ,0.067142 ,0.097412 ,0.086908
sub-0100502_ses-4,0.080280 ,0.085793 ,0.066038 ,0.063047 ,0.067298 ,0.063942 ,0.065065 ,0.061424 ,0.086709 ,0.063388 ,0.086219 ,0.077457 ,0.071251 ,0.052576 ,0.078202 ,0.064624 ,0.081873 ,0.067276
sub-0100502_ses-4,0.089994 ,0.098788 ,0.078214 ,0.076603 ,0.081408 ,0.079330 ,0.077319 ,0.071934 ,0.095864 ,0.064318 ,0.107744 ,0.083867 ,0.083178 ,0.071510 ,0.092947 ,0.063172 ,0.095375 ,0.054706
sub-0100502_ses-4,0.086690 ,0.093734 ,0.077453 ,0.077426 ,0.071343 ,0.073064 ,0.064516 ,0.068798 ,0.090283 ,0.065271 ,0.106423 ,0.100207 ,0.084323 ,0.054837 ,0.082797 ,0.079934 ,0.080356 ,0.047772
sub-0100503_ses-1,0.072156 ,0.126647 ,0.102793 ,0.072419 ,0.081562 ,0.093857 ,0.068742 ,0.070753 ,0.107791 ,0.062895 ,0.087361 ,0.101185 ,0.075210 ,0.037397 ,0.080494 ,0.055708 ,0.080983 ,0.075429
sub-0100503_ses-2,0.064163 ,0.074505 ,0.086423 ,0.057631 ,0.062426 ,0.077527 ,0.063399 ,0.062068 ,0.068115 ,0.063714 ,0.089603 ,0.092430 ,0.050826 ,0.027240 ,0.050108 ,0.043920 ,0.093754 ,0.036778
sub-0100504_ses-1,0.258757 ,0.190941 ,0.231604 ,0.123009 ,0.291048 ,0.231209 ,0.189171 ,0.187747 ,0.152809 ,0.207602 ,0.252908 ,0.185549 ,0.139123 ,0.109392 ,0.290322 ,0.181672 ,0.250743 ,0.051178
sub-0100504_ses-2,0.221898 ,0.145367 ,0.292635 ,0.295439 ,0.282570 ,0.516229 ,0.581474 ,0.703611 ,0.313827 ,0.240483 ,1.355206 ,1.248906 ,0.394125 ,0.196141 ,0.510947 ,0.655491 ,1.233870 ,0.220577
sub-0100504_ses-3,0.113410 ,0.084532 ,0.167756 ,0.253539 ,0.158059 ,0.384943 ,0.344840 ,0.706962 ,0.118446 ,0.243771 ,0.791698 ,0.771972 ,0.125929 ,0.160400 ,0.018951 ,0.280493 ,0.792820 ,0.113658
sub-0100505_ses-1,0.141706 ,0.132934 ,0.133166 ,0.095000 ,0.121055 ,0.113698 ,0.108033 ,0.103966 ,0.158395 ,0.089863 ,0.151300 ,0.167223 ,0.137135 ,0.091140 ,0.138206 ,0.108250 ,0.107992 ,0.117889
sub-0100505_ses-1,0.138646 ,0.152988 ,0.164692 ,0.099693 ,0.122184 ,0.103268 ,0.110470 ,0.104431 ,0.147729 ,0.080849 ,0.136999 ,0.136840 ,0.125653 ,0.105956 ,0.136890 ,0.110178 ,0.114497 ,0.115156
sub-0100505_ses-1,0.133113 ,0.153055 ,0.131972 ,0.110883 ,0.130278 ,0.094392 ,0.109883 ,0.124597 ,0.143845 ,0.098190 ,0.140056 ,0.132941 ,0.131202 ,0.098766 ,0.116075 ,0.092827 ,0.108808 ,0.117877
sub-0100505_ses-1,0.138088 ,0.147045 ,0.169607 ,0.115217 ,0.116519 ,0.114015 ,0.100099 ,0.104399 ,0.159617 ,0.099127 ,0.155265 ,0.143809 ,0.120456 ,0.093498 ,0.121970 ,0.103711 ,0.096901 ,0.120499
sub-0100505_ses-1,0.126974 ,0.141352 ,0.158312 ,0.110686 ,0.133247 ,0.110620 ,0.113221 ,0.116582 ,0.166519 ,0.095036 ,0.157611 ,0.135877 ,0.119663 ,0.098833 ,0.126529 ,0.097380 ,0.108256 ,0.123663
sub-0100505_ses-1,0.134886 ,0.164239 ,0.152051 ,0.116135 ,0.144742 ,0.096686 ,0.113079 ,0.115232 ,0.157589 ,0.088007 ,0.164126 ,0.162354 ,0.126979 ,0.096394 ,0.116001 ,0.116007 ,0.115140 ,0.137273
sub-0100505_ses-1,0.142147 ,0.136660 ,0.153466 ,0.100306 ,0.125700 ,0.098497 ,0.113641 ,0.118768 ,0.127887 ,0.107523 ,0.150694 ,0.159186 ,0.136008 ,0.103269 ,0.133729 ,0.109426 ,0.115250 ,0.120579
sub-0100505_ses-1,0.129755 ,0.142763 ,0.169511 ,0.103890 ,0.115924 ,0.105737 ,0.088162 ,0.109168 ,0.140863 ,0.094815 ,0.139159 ,0.177614 ,0.131638 ,0.087716 ,0.128118 ,0.108616 ,0.117563 ,0.104279
sub-0100505_ses-1,0.150081 ,0.153215 ,0.131732 ,0.096786 ,0.125340 ,0.114159 ,0.094764 ,0.115401 ,0.153228 ,0.082842 ,0.161260 ,0.161384 ,0.148585 ,0.090319 ,0.120395 ,0.100931 ,0.128263 ,0.111373
sub-0100505_ses-1,0.119267 ,0.159473 ,0.175947 ,0.099445 ,0.136887 ,0.108237 ,0.113330 ,0.114865 ,0.159602 ,0.077070 ,0.152144 ,0.148196 ,0.120841 ,0.085941 ,0.123552 ,0.103066 ,0.107950 ,0.124062
sub-0100505_ses-1,0.135493 ,0.152896 ,0.164913 ,0.107324 ,0.138539 ,0.114313 ,0.097950 ,0.093436 ,0.135454 ,0.092208 ,0.134553 ,0.150455 ,0.114079 ,0.090285 ,0.122231 ,0.115409 ,0.098749 ,0.138151
sub-0100505_ses-1,0.157214 ,0.185210 ,0.153746 ,0.100517 ,0.126508 ,0.118103 ,0.106616 ,0.128717 ,0.136701 ,0.092338 ,0.161989 ,0.143964 ,0.133906 ,0.105334 ,0.147715 ,0.132793 ,0.109128 ,0.124848
sub-0100505_ses-1,0.145458 ,0.156702 ,0.166487 ,0.093103 ,0.128462 ,0.115995 ,0.086197 ,0.109850 ,0.146253 ,0.086430 ,0.140613 ,0.162272 ,0.126845 ,0.086393 ,0.126785 ,0.114272 ,0.114115 ,0.108289
sub-0100505_ses-1,0.144857 ,0.161900 ,0.133276 ,0.102248 ,0.131006 ,0.116249 ,0.095634 ,0.110607 ,0.127146 ,0.090284 ,0.155594 ,0.153359 ,0.129423 ,0.093391 ,0.148216 ,0.123240 ,0.132432 ,0.122980
sub-0100505_ses-1,0.148497 ,0.163184 ,0.169162 ,0.110224 ,0.107944 ,0.117575 ,0.120069 ,0.108502 ,0.155324 ,0.088986 ,0.140289 ,0.173188 ,0.124801 ,0.093266 ,0.137349 ,0.130936 ,0.111049 ,0.106286
sub-0100505_ses-1,0.127289 ,0.147271 ,0.162909 ,0.134774 ,0.104000 ,0.106110 ,0.121135 ,0.092471 ,0.135567 ,0.091051 ,0.155935 ,0.164791 ,0.139775 ,0.095335 ,0.135831 ,0.109137 ,0.115916 ,0.114557
sub-0100505_ses-1,0.134896 ,0.133960 ,0.154234 ,0.119794 ,0.137999 ,0.097816 ,0.102239 ,0.106146 ,0.126366 ,0.111481 ,0.143445 ,0.156638 ,0.134155 ,0.077461 ,0.128945 ,0.097185 ,0.117354 ,0.117514
sub-0100505_ses-1,0.139616 ,0.166039 ,0.155357 ,0.108462 ,0.138447 ,0.107730 ,0.112082 ,0.100702 ,0.150511 ,0.110924 ,0.155306 ,0.143430 ,0.141246 ,0.083763 ,0.133972 ,0.121568 ,0.109230 ,0.107880
sub-0100505_ses-1,0.125948 ,0.135871 ,0.143583 ,0.110757 ,0.118486 ,0.100933 ,0.097746 ,0.090051 ,0.138948 ,0.090685 ,0.124519 ,0.152574 ,0.122505 ,0.083885 ,0.122645 ,0.101073 ,0.112831 ,0.110153
sub-0100505_ses-1,0.134627 ,0.145258 ,0.142887 ,0.100309 ,0.116414 ,0.093851 ,0.115388 ,0.106346 ,0.128380 ,0.109638 ,0.149056 ,0.157882 ,0.114626 ,0.094805 ,0.134471 ,0.109094 ,0.104934 ,0.123227
sub-0100505_ses-1,0.128415 ,0.145752 ,0.145027 ,0.107484 ,0.118042 ,0.112272 ,0.112880 ,0.102096 ,0.152616 ,0.096685 ,0.163203 ,0.156735 ,0.135873 ,0.087684 ,0.142494 ,0.091458 ,0.120366 ,0.129112
sub-0100505_ses-1,0.130033 ,0.152362 ,0.148564 ,0.117123 ,0.124599 ,0.089176 ,0.092755 ,0.103565 ,0.139839 ,0.102409 ,0.146580 ,0.161088 ,0.134337 ,0.084385 ,0.117232 ,0.096493 ,0.127295 ,0.113760
sub-0100505_ses-1,0.127780 ,0.130814 ,0.152401 ,0.105132 ,0.124641 ,0.078694 ,0.099901 ,0.107797 ,0.155953 ,0.095322 ,0.149987 ,0.149013 ,0.126675 ,0.090865 ,0.134162 ,0.093473 ,0.102641 ,0.126124
sub-0100505_ses-1,0.130857 ,0.150923 ,0.134880 ,0.104942 ,0.110464 ,0.091479 ,0.110215 ,0.096449 ,0.154022 ,0.095827 ,0.149057 ,0.172900 ,0.130415 ,0.081697 ,0.130469 ,0.107259 ,0.113235 ,0.128007
sub-0100506_ses-1,0.311137 ,0.265037 ,0.277188 ,0.161564 ,0.170253 ,0.197279 ,0.153509 ,0.159202 ,0.258270 ,0.134237 ,0.207196 ,0.171028 ,0.255731 ,0.143963 ,0.227498 ,0.180108 ,0.161443 ,0.114709
sub-0100506_ses-1,0.259941 ,0.191817 ,0.270918 ,0.161445 ,0.175068 ,0.146083 ,0.147122 ,0.131298 ,0.226154 ,0.113804 ,0.212106 ,0.177997 ,0.196904 ,0.154001 ,0.183640 ,0.152953 ,0.150216 ,0.128847
sub-0100506_ses-1,0.378623 ,0.273059 ,0.243390 ,0.170826 ,0.209996 ,0.200404 ,0.163705 ,0.170216 ,0.290928 ,0.129353 ,0.230860 ,0.195390 ,0.200921 ,0.152011 ,0.228396 ,0.192826 ,0.162431 ,0.142519
sub-0100506_ses-1,0.269514 ,0.264283 ,0.269939 ,0.175817 ,0.146192 ,0.156735 ,0.162325 ,0.114035 ,0.313458 ,0.136698 ,0.212788 ,0.192484 ,0.200510 ,0.148948 ,0.205712 ,0.197548 ,0.147818 ,0.135914
sub-0100506_ses-1,0.201905 ,0.226776 ,0.248288 ,0.160989 ,0.137043 ,0.188940 ,0.133482 ,0.130570 ,0.252733 ,0.116776 ,0.229700 ,0.184265 ,0.201428 ,0.155000 ,0.178094 ,0.171679 ,0.166716 ,0.134269
sub-0100506_ses-1,0.313002 ,0.247933 ,0.260125 ,0.174967 ,0.154234 ,0.205218 ,0.155184 ,0.139503 ,0.270085 ,0.113130 ,0.228793 ,0.185870 ,0.199706 ,0.145234 ,0.203769 ,0.184139 ,0.172108 ,0.126337
sub-0100506_ses-1,0.304830 ,0.242611 ,0.235706 ,0.158708 ,0.158223 ,0.170589 ,0.132517 ,0.147856 ,0.271868 ,0.121246 ,0.217243 ,0.214077 ,0.218830 ,0.149912 ,0.216762 ,0.184004 ,0.187051 ,0.129614
sub-0100506_ses-1,0.317791 ,0.261638 ,0.234033 ,0.160482 ,0.197278 ,0.195940 ,0.202558 ,0.144306 ,0.276874 ,0.129064 ,0.206893 ,0.194376 ,0.237985 ,0.152589 ,0.208624 ,0.171125 ,0.170109 ,0.139740
sub-0100506_ses-1,0.291813 ,0.221608 ,0.242369 ,0.171043 ,0.182634 ,0.158718 ,0.161883 ,0.140435 ,0.276728 ,0.123493 ,0.200420 ,0.208944 ,0.244849 ,0.162165 ,0.181970 ,0.183478 ,0.186064 ,0.125541
sub-0100506_ses-1,0.286746 ,0.216085 ,0.292338 ,0.170988 ,0.149083 ,0.146453 ,0.146753 ,0.129327 ,0.249514 ,0.106200 ,0.218553 ,0.230387 ,0.226918 ,0.152170 ,0.200672 ,0.179406 ,0.167207 ,0.125011
sub-0100506_ses-1,0.254179 ,0.170552 ,0.232808 ,0.198830 ,0.151466 ,0.164787 ,0.168177 ,0.190486 ,0.259137 ,0.158579 ,0.224033 ,0.205263 ,0.229096 ,0.145431 ,0.190976 ,0.175718 ,0.155775 ,0.120641
sub-0100506_ses-1,0.249919 ,0.211767 ,0.270093 ,0.182767 ,0.161392 ,0.146076 ,0.174765 ,0.132829 ,0.260684 ,0.113000 ,0.194979 ,0.210858 ,0.210353 ,0.142170 ,0.206539 ,0.158651 ,0.177873 ,0.125495
sub-0100506_ses-1,0.289247 ,0.204059 ,0.208570 ,0.163881 ,0.180525 ,0.164408 ,0.142464 ,0.120135 ,0.245851 ,0.126974 ,0.209824 ,0.187993 ,0.207244 ,0.159597 ,0.193482 ,0.174033 ,0.163746 ,0.130712
sub-0100506_ses-1,0.344365 ,0.246710 ,0.269153 ,0.167854 ,0.191736 ,0.152844 ,0.183756 ,0.164448 ,0.316843 ,0.158162 ,0.209954 ,0.190558 ,0.205287 ,0.158383 ,0.205889 ,0.163387 ,0.173289 ,0.123532
sub-0100506_ses-1,0.305879 ,0.224424 ,0.241660 ,0.160578 ,0.161265 ,0.164905 ,0.184968 ,0.149334 ,0.291296 ,0.139081 ,0.214287 ,0.215310 ,0.224307 ,0.170385 ,0.195317 ,0.165827 ,0.152170 ,0.109443
sub-0100506_ses-1,0.383224 ,0.263687 ,0.292322 ,0.188594 ,0.193300 ,0.179140 ,0.193740 ,0.198590 ,0.298678 ,0.140268 ,0.236564 ,0.227811 ,0.203852 ,0.152433 ,0.243389 ,0.194868 ,0.176259 ,0.139045
sub-0100506_ses-1,0.290240 ,0.188611 ,0.221398 ,0.182167 ,0.216210 ,0.205801 ,0.173187 ,0.140126 ,0.345358 ,0.147107 ,0.235342 ,0.194917 ,0.202734 ,0.151490 ,0.183546 ,0.200263 ,0.176208 ,0.127318
sub-0100506_ses-1,0.389906 ,0.298729 ,0.299338 ,0.211016 ,0.186623 ,0.203490 ,0.188117 ,0.151622 ,0.316560 ,0.151039 ,0.263927 ,0.175534 ,0.258325 ,0.165468 ,0.206777 ,0.189694 ,0.173188 ,0.166980
sub-0100506_ses-1,0.345512 ,0.325630 ,0.290381 ,0.183453 ,0.178353 ,0.203685 ,0.172936 ,0.173187 ,0.291788 ,0.126470 ,0.223095 ,0.187507 ,0.224459 ,0.187415 ,0.209125 ,0.200395 ,0.181494 ,0.128656
sub-0100506_ses-1,0.323765 ,0.343847 ,0.353552 ,0.212089 ,0.176838 ,0.197748 ,0.166599 ,0.198400 ,0.337237 ,0.170753 ,0.228213 ,0.188019 ,0.238634 ,0.172041 ,0.230356 ,0.186130 ,0.141058 ,0.134148
sub-0100506_ses-1,0.307595 ,0.278259 ,0.306026 ,0.201892 ,0.198257 ,0.206804 ,0.177220 ,0.133853 ,0.331616 ,0.163859 ,0.196407 ,0.163536 ,0.225297 ,0.165922 ,0.213254 ,0.167158 ,0.170335 ,0.131729
sub-0100506_ses-1,0.339993 ,0.287236 ,0.329566 ,0.167837 ,0.201281 ,0.206761 ,0.185596 ,0.166716 ,0.302589 ,0.132565 ,0.277461 ,0.199816 ,0.245165 ,0.169546 ,0.202436 ,0.185254 ,0.166594 ,0.152708
sub-0100506_ses-1,0.266159 ,0.303164 ,0.309617 ,0.182908 ,0.198195 ,0.160202 ,0.148232 ,0.137302 ,0.335894 ,0.133289 ,0.261724 ,0.170218 ,0.242843 ,0.157659 ,0.185792 ,0.138607 ,0.180624 ,0.141082
sub-0100506_ses-1,0.273305 ,0.272225 ,0.243181 ,0.165651 ,0.150974 ,0.157091 ,0.167561 ,0.144361 ,0.256414 ,0.104091 ,0.225529 ,0.185558 ,0.250477 ,0.163609 ,0.210978 ,0.171148 ,0.147039 ,0.156596
sub-0100507_ses-1,0.265942 ,0.255181 ,0.316142 ,0.173709 ,0.208864 ,0.174689 ,0.183488 ,0.161642 ,0.258194 ,0.162018 ,0.331526 ,0.213464 ,0.230415 ,0.149301 ,0.230999 ,0.152205 ,0.233151 ,0.226879
sub-0100507_ses-1,0.237357 ,0.243632 ,0.283404 ,0.201949 ,0.179908 ,0.237166 ,0.185545 ,0.206864 ,0.262280 ,0.149384 ,0.265970 ,0.203495 ,0.243140 ,0.180542 ,0.263227 ,0.172346 ,0.214374 ,0.219435
sub-0100507_ses-1,0.282320 ,0.238660 ,0.282231 ,0.216927 ,0.240702 ,0.176421 ,0.174336 ,0.191225 ,0.278838 ,0.133997 ,0.327937 ,0.237719 ,0.311350 ,0.151685 ,0.276957 ,0.167130 ,0.226800 ,0.224781
sub-0100507_ses-1,0.298354 ,0.625203 ,0.306295 ,0.463106 ,0.282138 ,0.240278 ,0.231231 ,0.257962 ,0.769834 ,0.395556 ,0.390522 ,0.486923 ,0.310447 ,0.180870 ,0.387683 ,0.159870 ,0.414754 ,0.192537
sub-0100507_ses-1,0.251468 ,0.233476 ,0.267533 ,0.199494 ,0.198113 ,0.183885 ,0.179944 ,0.174094 ,0.265763 ,0.126204 ,0.313520 ,0.191589 ,0.252820 ,0.176500 ,0.261045 ,0.173992 ,0.243102 ,0.218800
sub-0100507_ses-1,0.271326 ,0.237893 ,0.304384 ,0.204021 ,0.203362 ,0.202797 ,0.163545 ,0.183958 ,0.263901 ,0.153490 ,0.308421 ,0.216839 ,0.241187 ,0.174045 ,0.285178 ,0.189280 ,0.206600 ,0.219447
sub-0100507_ses-1,0.248034 ,0.265190 ,0.292178 ,0.239205 ,0.200451 ,0.181056 ,0.181791 ,0.175542 ,0.295104 ,0.183857 ,0.308679 ,0.252752 ,0.257167 ,0.179840 ,0.316324 ,0.167930 ,0.249016 ,0.197378
sub-0100507_ses-1,0.285490 ,0.277644 ,0.291203 ,0.218977 ,0.194923 ,0.206155 ,0.197014 ,0.162597 ,0.301896 ,0.177457 ,0.337919 ,0.239288 ,0.287913 ,0.180007 ,0.292821 ,0.193093 ,0.217530 ,0.240686
sub-0100507_ses-1,0.215518 ,0.240684 ,0.306097 ,0.213415 ,0.177709 ,0.171494 ,0.190058 ,0.151324 ,0.266878 ,0.191852 ,0.318954 ,0.218567 ,0.249087 ,0.176029 ,0.258039 ,0.154130 ,0.257267 ,0.162360
sub-0100507_ses-1,0.264245 ,0.256024 ,0.369137 ,0.209330 ,0.250350 ,0.227682 ,0.212049 ,0.175973 ,0.272518 ,0.155911 ,0.291170 ,0.208009 ,0.262165 ,0.186083 ,0.277949 ,0.178492 ,0.249731 ,0.211768
sub-0100507_ses-1,0.203268 ,0.222134 ,0.240274 ,0.208506 ,0.163021 ,0.173438 ,0.139072 ,0.143158 ,0.236072 ,0.163353 ,0.250361 ,0.168169 ,0.219940 ,0.150497 ,0.234633 ,0.140413 ,0.191576 ,0.203955
sub-0100507_ses-1,0.197583 ,0.250852 ,0.326985 ,0.189069 ,0.198959 ,0.236374 ,0.178990 ,0.189922 ,0.255588 ,0.180496 ,0.297415 ,0.248425 ,0.240549 ,0.159417 ,0.224360 ,0.165486 ,0.232678 ,0.120669
sub-0100507_ses-1,0.244230 ,0.294899 ,0.373260 ,0.196460 ,0.211551 ,0.237096 ,0.184756 ,0.164285 ,0.267595 ,0.133312 ,0.315672 ,0.242458 ,0.262954 ,0.164852 ,0.281185 ,0.192160 ,0.217442 ,0.198178
sub-0100507_ses-1,0.262473 ,0.487168 ,0.355456 ,0.423566 ,0.219081 ,0.276097 ,0.234077 ,0.263688 ,0.687451 ,0.299121 ,0.490885 ,0.511440 ,0.313320 ,0.155894 ,0.321352 ,0.187529 ,0.429444 ,0.221845
sub-0100507_ses-1,0.257426 ,0.221442 ,0.264180 ,0.192606 ,0.190094 ,0.197306 ,0.202524 ,0.173539 ,0.260520 ,0.163290 ,0.333488 ,0.220599 ,0.235647 ,0.170812 ,0.271117 ,0.172922 ,0.213980 ,0.201136
sub-0100507_ses-1,0.218451 ,0.248394 ,0.294529 ,0.237166 ,0.219825 ,0.223065 ,0.199052 ,0.183298 ,0.256516 ,0.185226 ,0.364341 ,0.281026 ,0.223095 ,0.157084 ,0.287447 ,0.165402 ,0.240710 ,0.144987
sub-0100507_ses-1,0.243900 ,0.253442 ,0.225819 ,0.257781 ,0.205380 ,0.236167 ,0.246245 ,0.246556 ,0.285422 ,0.224239 ,0.339094 ,0.299789 ,0.257645 ,0.174509 ,0.355401 ,0.208430 ,0.336563 ,0.225731
sub-0100507_ses-1,0.212968 ,0.199384 ,0.201426 ,0.145519 ,0.169402 ,0.156039 ,0.146694 ,0.136059 ,0.231538 ,0.166313 ,0.251370 ,0.232270 ,0.240844 ,0.154968 ,0.217721 ,0.164875 ,0.176564 ,0.215162
sub-0100507_ses-1,0.199846 ,0.211937 ,0.269285 ,0.219968 ,0.177948 ,0.184481 ,0.156268 ,0.157697 ,0.230934 ,0.168110 ,0.266366 ,0.210043 ,0.226927 ,0.121931 ,0.220197 ,0.158234 ,0.189427 ,0.223672
sub-0100507_ses-1,0.246899 ,0.202198 ,0.268049 ,0.194897 ,0.182469 ,0.161885 ,0.141444 ,0.143292 ,0.245928 ,0.155890 ,0.241313 ,0.206722 ,0.215106 ,0.139756 ,0.222016 ,0.154567 ,0.217274 ,0.199363
sub-0100507_ses-1,0.243939 ,0.199703 ,0.265812 ,0.183912 ,0.173085 ,0.167403 ,0.154069 ,0.134370 ,0.227079 ,0.147546 ,0.251391 ,0.211205 ,0.218395 ,0.132069 ,0.226161 ,0.160008 ,0.221851 ,0.183983
sub-0100507_ses-1,0.203906 ,0.208407 ,0.304740 ,0.176871 ,0.187205 ,0.184408 ,0.142199 ,0.156124 ,0.199155 ,0.126879 ,0.314029 ,0.232162 ,0.203410 ,0.136096 ,0.219921 ,0.145604 ,0.202830 ,0.181125
sub-0100507_ses-1,0.187920 ,0.188370 ,0.325521 ,0.165732 ,0.191676 ,0.181177 ,0.156779 ,0.150232 ,0.237855 ,0.164608 ,0.242368 ,0.176556 ,0.212266 ,0.131624 ,0.180768 ,0.154691 ,0.206755 ,0.179308
sub-0100507_ses-1,0.295827 ,0.661813 ,0.312882 ,0.444308 ,0.201154 ,0.215462 ,0.435355 ,0.341068 ,0.938752 ,0.276083 ,0.348476 ,0.732799 ,0.247186 ,0.125188 ,0.242697 ,0.155542 ,0.325893 ,0.397363
sub-0100508_ses-1,0.231109 ,0.273142 ,0.329620 ,0.291394 ,0.199259 ,0.288417 ,0.200520 ,0.198262 ,0.389185 ,0.249533 ,0.269127 ,0.204389 ,0.258139 ,0.196482 ,0.278572 ,0.184280 ,0.240513 ,0.205543
sub-0100508_ses-1,0.272283 ,0.272083 ,0.369660 ,0.306135 ,0.244211 ,0.269106 ,0.249817 ,0.151067 ,0.373526 ,0.263236 ,0.263923 ,0.224160 ,0.265075 ,0.198839 ,0.293134 ,0.193070 ,0.265525 ,0.229432
sub-0100508_ses-1,0.214398 ,0.240655 ,0.350619 ,0.245799 ,0.259252 ,0.265332 ,0.227888 ,0.159162 ,0.373590 ,0.254824 ,0.262212 ,0.251747 ,0.274580 ,0.183896 ,0.281411 ,0.174415 ,0.251074 ,0.208302
sub-0100508_ses-1,0.215966 ,0.297840 ,0.333594 ,0.262477 ,0.205346 ,0.290264 ,0.164642 ,0.178425 ,0.289561 ,0.245784 ,0.247783 ,0.230409 ,0.255698 ,0.167019 ,0.267298 ,0.177718 ,0.266231 ,0.173201
sub-0100508_ses-1,0.240724 ,0.301294 ,0.364552 ,0.273409 ,0.226877 ,0.243457 ,0.194020 ,0.184690 ,0.376834 ,0.232137 ,0.247859 ,0.221576 ,0.277679 ,0.174588 ,0.277797 ,0.185615 ,0.257007 ,0.250314
sub-0100508_ses-1,0.228967 ,0.275024 ,0.330874 ,0.319754 ,0.236866 ,0.224342 ,0.192102 ,0.167010 ,0.400773 ,0.257329 ,0.261011 ,0.260891 ,0.295032 ,0.192244 ,0.291258 ,0.199215 ,0.264982 ,0.253186
sub-0100508_ses-1,0.251835 ,0.377220 ,0.413794 ,0.441439 ,0.232168 ,0.258831 ,0.190561 ,0.185410 ,0.463541 ,0.387350 ,0.262223 ,0.228737 ,0.328661 ,0.195842 ,0.335805 ,0.188728 ,0.281179 ,0.271886
sub-0100508_ses-1,0.239627 ,0.318043 ,0.347881 ,0.388926 ,0.224761 ,0.236261 ,0.156436 ,0.192646 ,0.410963 ,0.258857 ,0.280549 ,0.212898 ,0.280459 ,0.209685 ,0.274350 ,0.193117 ,0.319216 ,0.224718
sub-0100508_ses-1,0.244556 ,0.303149 ,0.388271 ,0.373064 ,0.213411 ,0.237033 ,0.189525 ,0.201230 ,0.402694 ,0.274433 ,0.255219 ,0.245720 ,0.265215 ,0.193879 ,0.308909 ,0.197418 ,0.256228 ,0.314659
sub-0100508_ses-1,0.254995 ,0.429476 ,0.446807 ,0.416732 ,0.230561 ,0.260845 ,0.180891 ,0.165278 ,0.465406 ,0.363826 ,0.308688 ,0.262130 ,0.280170 ,0.211255 ,0.309650 ,0.215250 ,0.286262 ,0.186263
sub-0100508_ses-1,0.180026 ,0.287015 ,0.320040 ,0.228262 ,0.180724 ,0.217283 ,0.162207 ,0.171158 ,0.255813 ,0.181388 ,0.223426 ,0.204033 ,0.254461 ,0.195855 ,0.239705 ,0.152907 ,0.218837 ,0.130212
sub-0100508_ses-1,0.254053 ,0.408464 ,0.409870 ,0.530204 ,0.241578 ,0.257206 ,0.170945 ,0.208383 ,0.467090 ,0.372749 ,0.287021 ,0.253638 ,0.289913 ,0.157747 ,0.338000 ,0.208374 ,0.272875 ,0.282251
sub-0100508_ses-1,0.313217 ,0.736249 ,0.426190 ,0.524422 ,0.223760 ,0.258043 ,0.205262 ,0.198892 ,0.673957 ,0.481697 ,0.319618 ,0.217951 ,0.295677 ,0.239803 ,0.367669 ,0.221030 ,0.328201 ,0.363406
sub-0100508_ses-1,0.232054 ,0.536393 ,0.392564 ,0.567430 ,0.207268 ,0.240466 ,0.176931 ,0.161948 ,0.453807 ,0.450623 ,0.288692 ,0.212994 ,0.294880 ,0.225369 ,0.370374 ,0.183537 ,0.284634 ,0.298348
sub-0100508_ses-1,0.259684 ,0.276364 ,0.309915 ,0.310109 ,0.187599 ,0.230744 ,0.151475 ,0.171347 ,0.365506 ,0.238560 ,0.291158 ,0.224342 ,0.286118 ,0.190418 ,0.283763 ,0.177033 ,0.268324 ,0.272217
sub-0100508_ses-1,0.224251 ,0.302174 ,0.312060 ,0.359401 ,0.199298 ,0.233020 ,0.168560 ,0.170045 ,0.325209 ,0.274546 ,0.250167 ,0.215074 ,0.281857 ,0.183340 ,0.236807 ,0.172372 ,0.269105 ,0.203041
sub-0100508_ses-1,0.169352 ,0.297293 ,0.325391 ,0.213450 ,0.207158 ,0.219651 ,0.157038 ,0.171775 ,0.284647 ,0.203208 ,0.234994 ,0.206538 ,0.255816 ,0.185986 ,0.243602 ,0.146739 ,0.207081 ,0.110941
sub-0100508_ses-1,0.245145 ,0.290425 ,0.349287 ,0.252701 ,0.174467 ,0.245217 ,0.156328 ,0.161792 ,0.311680 ,0.214972 ,0.240081 ,0.216555 ,0.239005 ,0.198645 ,0.247302 ,0.165372 ,0.214129 ,0.139363
sub-0100508_ses-1,0.201019 ,0.284275 ,0.341683 ,0.236765 ,0.207324 ,0.227517 ,0.146274 ,0.144004 ,0.336261 ,0.208604 ,0.264350 ,0.251682 ,0.246725 ,0.176124 ,0.281154 ,0.193831 ,0.231619 ,0.160755
sub-0100508_ses-1,0.208954 ,0.235586 ,0.285382 ,0.241437 ,0.204698 ,0.219913 ,0.184064 ,0.131509 ,0.332376 ,0.249468 ,0.267601 ,0.252237 ,0.258217 ,0.163713 ,0.241223 ,0.154523 ,0.241746 ,0.204956
sub-0100508_ses-1,0.240975 ,0.305273 ,0.374222 ,0.219826 ,0.218614 ,0.219508 ,0.258719 ,0.164242 ,0.366822 ,0.247330 ,0.232884 ,0.223677 ,0.239975 ,0.171924 ,0.254609 ,0.158395 ,0.235364 ,0.180323
sub-0100508_ses-1,0.195889 ,0.261935 ,0.335963 ,0.202891 ,0.196480 ,0.246792 ,0.183461 ,0.161215 ,0.322903 ,0.243135 ,0.263971 ,0.218200 ,0.275607 ,0.178328 ,0.249049 ,0.168027 ,0.223999 ,0.194703
sub-0100508_ses-1,0.214563 ,0.301781 ,0.336585 ,0.220603 ,0.227664 ,0.246662 ,0.183645 ,0.175368 ,0.407530 ,0.266784 ,0.274222 ,0.239771 ,0.268587 ,0.216715 ,0.249207 ,0.185605 ,0.253609 ,0.237668
sub-0100508_ses-1,0.202998 ,0.273625 ,0.401112 ,0.263752 ,0.215162 ,0.266782 ,0.227393 ,0.171215 ,0.353960 ,0.229577 ,0.308727 ,0.221328 ,0.233688 ,0.210905 ,0.250289 ,0.176955 ,0.278389 ,0.195645
sub-0100509_ses-1,0.200984 ,0.266387 ,0.220329 ,0.170545 ,0.174072 ,0.183458 ,0.161743 ,0.159571 ,0.246930 ,0.133216 ,0.227726 ,0.223144 ,0.190924 ,0.144461 ,0.234481 ,0.159356 ,0.160115 ,0.196839
sub-0100509_ses-1,0.190272 ,0.290845 ,0.292150 ,0.168489 ,0.179086 ,0.181632 ,0.143861 ,0.161590 ,0.268024 ,0.155411 ,0.203650 ,0.217882 ,0.191209 ,0.130423 ,0.210026 ,0.139916 ,0.177423 ,0.168371
sub-0100509_ses-1,0.191630 ,0.245642 ,0.264666 ,0.194161 ,0.168730 ,0.157026 ,0.118812 ,0.134122 ,0.231511 ,0.134603 ,0.207197 ,0.176645 ,0.171825 ,0.138499 ,0.192963 ,0.145020 ,0.192577 ,0.139226
sub-0100509_ses-1,0.187057 ,0.278485 ,0.224622 ,0.166122 ,0.183706 ,0.204928 ,0.177186 ,0.184789 ,0.266713 ,0.123896 ,0.189998 ,0.232805 ,0.199661 ,0.134353 ,0.198185 ,0.148761 ,0.179735 ,0.179265
sub-0100509_ses-1,0.222909 ,0.249768 ,0.228434 ,0.180134 ,0.177829 ,0.182110 ,0.154041 ,0.170337 ,0.233159 ,0.133523 ,0.236369 ,0.233265 ,0.204748 ,0.123915 ,0.252861 ,0.179118 ,0.159638 ,0.154074
sub-0100509_ses-1,0.190529 ,0.273740 ,0.266407 ,0.166420 ,0.203153 ,0.173703 ,0.129941 ,0.164136 ,0.279657 ,0.141591 ,0.207060 ,0.192812 ,0.168911 ,0.148205 ,0.223683 ,0.129477 ,0.180773 ,0.150405
sub-0100509_ses-1,0.191155 ,0.248917 ,0.256316 ,0.169082 ,0.179943 ,0.167028 ,0.153752 ,0.149941 ,0.225117 ,0.129310 ,0.198412 ,0.201750 ,0.201226 ,0.137262 ,0.226412 ,0.135153 ,0.187954 ,0.163264
sub-0100509_ses-1,0.215781 ,0.263399 ,0.248395 ,0.161683 ,0.187635 ,0.196358 ,0.156196 ,0.165406 ,0.238888 ,0.129079 ,0.211990 ,0.228427 ,0.219070 ,0.137116 ,0.233470 ,0.140612 ,0.186798 ,0.174305
sub-0100509_ses-1,0.226774 ,0.252702 ,0.240880 ,0.157432 ,0.191320 ,0.190566 ,0.140551 ,0.161939 ,0.286527 ,0.146545 ,0.227076 ,0.234380 ,0.211423 ,0.121790 ,0.224501 ,0.158716 ,0.179826 ,0.191723
sub-0100509_ses-1,0.197380 ,0.242804 ,0.283319 ,0.160338 ,0.226348 ,0.167290 ,0.125931 ,0.145956 ,0.230537 ,0.132921 ,0.189295 ,0.172430 ,0.171621 ,0.152320 ,0.187482 ,0.146334 ,0.161401 ,0.161149
sub-0100509_ses-1,0.212036 ,0.235824 ,0.227871 ,0.186443 ,0.194316 ,0.145025 ,0.125752 ,0.139028 ,0.255908 ,0.140439 ,0.194478 ,0.175893 ,0.179977 ,0.151088 ,0.229365 ,0.146169 ,0.161389 ,0.140808
sub-0100509_ses-1,0.167468 ,0.268432 ,0.281224 ,0.151843 ,0.216317 ,0.196559 ,0.137838 ,0.139930 ,0.209869 ,0.133846 ,0.177816 ,0.165821 ,0.221654 ,0.144873 ,0.199490 ,0.126442 ,0.181553 ,0.143446
sub-0100509_ses-1,0.229930 ,0.243207 ,0.275092 ,0.170461 ,0.191541 ,0.205569 ,0.158780 ,0.190243 ,0.239455 ,0.149828 ,0.211535 ,0.231327 ,0.214921 ,0.146586 ,0.202843 ,0.134142 ,0.189317 ,0.157532
sub-0100509_ses-1,0.225622 ,0.276886 ,0.197621 ,0.173713 ,0.179410 ,0.176778 ,0.152185 ,0.195009 ,0.231772 ,0.133308 ,0.218405 ,0.214602 ,0.202060 ,0.131706 ,0.245881 ,0.176373 ,0.182348 ,0.156120
sub-0100509_ses-1,0.236460 ,0.307088 ,0.235060 ,0.178106 ,0.207467 ,0.198337 ,0.173447 ,0.147413 ,0.256002 ,0.154446 ,0.261752 ,0.245213 ,0.186770 ,0.154266 ,0.241242 ,0.171541 ,0.186407 ,0.156260
sub-0100509_ses-1,0.220475 ,0.261217 ,0.261603 ,0.177260 ,0.176675 ,0.179455 ,0.173174 ,0.146598 ,0.240996 ,0.146286 ,0.207523 ,0.195241 ,0.218725 ,0.115018 ,0.235414 ,0.167226 ,0.169761 ,0.151362
sub-0100509_ses-1,0.209029 ,0.259579 ,0.237427 ,0.192374 ,0.184043 ,0.190382 ,0.127561 ,0.168312 ,0.280655 ,0.132802 ,0.216008 ,0.227601 ,0.157753 ,0.135561 ,0.213651 ,0.124773 ,0.165939 ,0.184594
sub-0100509_ses-1,0.216442 ,0.268360 ,0.225503 ,0.175820 ,0.154002 ,0.184202 ,0.156418 ,0.175123 ,0.246738 ,0.138727 ,0.209696 ,0.226744 ,0.190596 ,0.146065 ,0.238529 ,0.155813 ,0.158207 ,0.184604
sub-0100509_ses-1,0.215977 ,0.204624 ,0.229117 ,0.174378 ,0.153202 ,0.158482 ,0.134836 ,0.150700 ,0.225490 ,0.150958 ,0.210210 ,0.182759 ,0.203664 ,0.132931 ,0.222306 ,0.150050 ,0.164886 ,0.166628
sub-0100509_ses-1,0.183818 ,0.247442 ,0.205945 ,0.158147 ,0.191755 ,0.174886 ,0.125817 ,0.127241 ,0.211823 ,0.140590 ,0.195783 ,0.173337 ,0.186829 ,0.112109 ,0.193769 ,0.143313 ,0.163515 ,0.140554
sub-0100509_ses-1,0.229814 ,0.275454 ,0.189136 ,0.173256 ,0.159167 ,0.193370 ,0.155429 ,0.146748 ,0.239654 ,0.140015 ,0.214353 ,0.213145 ,0.188779 ,0.134590 ,0.252342 ,0.170362 ,0.184395 ,0.211045
sub-0100509_ses-1,0.213715 ,0.270688 ,0.230447 ,0.173479 ,0.187119 ,0.181881 ,0.141527 ,0.176478 ,0.255181 ,0.130703 ,0.203205 ,0.184159 ,0.178126 ,0.132384 ,0.217424 ,0.134761 ,0.169642 ,0.166819
sub-0100509_ses-1,0.182655 ,0.249522 ,0.250521 ,0.164205 ,0.181488 ,0.188365 ,0.155176 ,0.143621 ,0.222307 ,0.149304 ,0.195723 ,0.184576 ,0.182911 ,0.128078 ,0.183948 ,0.140100 ,0.182698 ,0.211621
sub-0100509_ses-1,0.167230 ,0.220467 ,0.248933 ,0.162280 ,0.184065 ,0.188369 ,0.127358 ,0.143336 ,0.214226 ,0.122397 ,0.199083 ,0.207965 ,0.165165 ,0.142696 ,0.212432 ,0.164286 ,0.166778 ,0.166295
sub-0100510_ses-1,0.083256 ,0.155968 ,0.166929 ,0.089499 ,0.084001 ,0.090080 ,0.083481 ,0.074756 ,0.137823 ,0.055851 ,0.110625 ,0.122513 ,0.077008 ,0.049419 ,0.078186 ,0.058929 ,0.074106 ,0.023947
sub-0100512_ses-1,0.217871 ,0.171292 ,0.151114 ,0.114241 ,0.120436 ,0.132393 ,0.117748 ,0.137710 ,0.153217 ,0.131033 ,0.170704 ,0.166126 ,0.167216 ,0.081137 ,0.140733 ,0.143688 ,0.152616 ,0.109948
sub-0100512_ses-1,0.212931 ,0.162355 ,0.135284 ,0.135589 ,0.141147 ,0.127840 ,0.115287 ,0.100839 ,0.149918 ,0.120249 ,0.185433 ,0.179753 ,0.153108 ,0.101391 ,0.119879 ,0.135782 ,0.160243 ,0.113792
sub-0100512_ses-1,0.182517 ,0.170630 ,0.137097 ,0.147422 ,0.111620 ,0.152099 ,0.109099 ,0.134191 ,0.158109 ,0.115318 ,0.197828 ,0.171337 ,0.144616 ,0.090634 ,0.125019 ,0.129755 ,0.144713 ,0.090148
sub-0100512_ses-1,0.217274 ,0.163138 ,0.162741 ,0.140165 ,0.146089 ,0.121276 ,0.120834 ,0.113142 ,0.153812 ,0.105382 ,0.164040 ,0.177465 ,0.143935 ,0.090018 ,0.114758 ,0.132092 ,0.171088 ,0.106026
sub-0100512_ses-1,0.177061 ,0.188485 ,0.160708 ,0.135031 ,0.147252 ,0.141979 ,0.135985 ,0.110577 ,0.145168 ,0.112185 ,0.180086 ,0.162938 ,0.141702 ,0.096475 ,0.132170 ,0.130976 ,0.174862 ,0.099275
sub-0100512_ses-1,0.204295 ,0.180762 ,0.198190 ,0.137053 ,0.143425 ,0.128547 ,0.124174 ,0.136318 ,0.153627 ,0.111787 ,0.184177 ,0.165200 ,0.158181 ,0.087044 ,0.140778 ,0.133242 ,0.153807 ,0.108649
sub-0100512_ses-1,0.196179 ,0.176784 ,0.171107 ,0.149634 ,0.149767 ,0.139616 ,0.105715 ,0.131146 ,0.152980 ,0.142494 ,0.214536 ,0.181087 ,0.129969 ,0.097314 ,0.114132 ,0.123327 ,0.157540 ,0.103708
sub-0100512_ses-1,0.213996 ,0.178552 ,0.187498 ,0.136707 ,0.140351 ,0.158624 ,0.125741 ,0.112303 ,0.162743 ,0.109404 ,0.203631 ,0.189044 ,0.155717 ,0.089925 ,0.138501 ,0.140367 ,0.175982 ,0.103875
sub-0100512_ses-1,0.213551 ,0.223253 ,0.234981 ,0.150070 ,0.172582 ,0.150597 ,0.117605 ,0.106774 ,0.156959 ,0.087093 ,0.184197 ,0.167566 ,0.158827 ,0.097170 ,0.144296 ,0.133555 ,0.147745 ,0.094198
sub-0100512_ses-1,0.216190 ,0.191950 ,0.200908 ,0.157330 ,0.145724 ,0.151946 ,0.127204 ,0.135664 ,0.151581 ,0.139541 ,0.189907 ,0.172054 ,0.166332 ,0.091282 ,0.149482 ,0.131762 ,0.169487 ,0.114578
sub-0100512_ses-1,0.158253 ,0.169830 ,0.193922 ,0.150371 ,0.132693 ,0.113109 ,0.111555 ,0.125460 ,0.148013 ,0.144749 ,0.168896 ,0.168233 ,0.125000 ,0.095524 ,0.131255 ,0.123799 ,0.172143 ,0.083983
sub-0100512_ses-1,0.213325 ,0.204963 ,0.249965 ,0.144139 ,0.167070 ,0.162929 ,0.132297 ,0.128574 ,0.152758 ,0.120056 ,0.158448 ,0.197120 ,0.137816 ,0.093574 ,0.125015 ,0.125304 ,0.154403 ,0.107217
sub-0100512_ses-1,0.184320 ,0.210881 ,0.228355 ,0.137329 ,0.162049 ,0.124756 ,0.130549 ,0.129207 ,0.188877 ,0.111875 ,0.185955 ,0.196694 ,0.143251 ,0.118176 ,0.128226 ,0.117557 ,0.170178 ,0.098879
sub-0100512_ses-1,0.164829 ,0.197539 ,0.230352 ,0.149871 ,0.139111 ,0.171006 ,0.129798 ,0.121929 ,0.138851 ,0.118241 ,0.200875 ,0.191340 ,0.147219 ,0.094678 ,0.128680 ,0.132523 ,0.153575 ,0.106442
sub-0100512_ses-1,0.209853 ,0.204452 ,0.222424 ,0.148284 ,0.157731 ,0.162537 ,0.130685 ,0.112869 ,0.155628 ,0.128406 ,0.176872 ,0.200070 ,0.152306 ,0.107371 ,0.121635 ,0.138581 ,0.143917 ,0.100980
sub-0100512_ses-1,0.250465 ,0.206664 ,0.230438 ,0.155670 ,0.124648 ,0.162903 ,0.142362 ,0.126417 ,0.181045 ,0.127241 ,0.212414 ,0.165225 ,0.164346 ,0.096215 ,0.131995 ,0.139437 ,0.168616 ,0.103295
sub-0100512_ses-1,0.156736 ,0.197627 ,0.203827 ,0.131622 ,0.157200 ,0.150307 ,0.108026 ,0.124871 ,0.167471 ,0.112292 ,0.189232 ,0.153444 ,0.136913 ,0.099416 ,0.125100 ,0.127684 ,0.144704 ,0.092488
sub-0100512_ses-1,0.242253 ,0.246599 ,0.184306 ,0.167920 ,0.165357 ,0.136587 ,0.132249 ,0.140986 ,0.269349 ,0.145838 ,0.183818 ,0.233014 ,0.163379 ,0.078465 ,0.174008 ,0.129486 ,0.164481 ,0.162887
sub-0100512_ses-1,0.222411 ,0.225117 ,0.182628 ,0.128024 ,0.141872 ,0.138543 ,0.109325 ,0.130231 ,0.231250 ,0.131418 ,0.175483 ,0.209100 ,0.129276 ,0.108787 ,0.152398 ,0.123361 ,0.175015 ,0.145151
sub-0100512_ses-1,0.204837 ,0.160313 ,0.159124 ,0.126335 ,0.133855 ,0.145071 ,0.105556 ,0.120201 ,0.144769 ,0.119880 ,0.194901 ,0.175906 ,0.152075 ,0.093418 ,0.128019 ,0.113495 ,0.171001 ,0.098706
sub-0100512_ses-1,0.229137 ,0.169539 ,0.134326 ,0.127886 ,0.133630 ,0.140457 ,0.117951 ,0.115254 ,0.155493 ,0.125205 ,0.201149 ,0.148429 ,0.161923 ,0.105503 ,0.139024 ,0.123029 ,0.159568 ,0.093846
sub-0100512_ses-1,0.235453 ,0.154804 ,0.159577 ,0.138174 ,0.160139 ,0.126468 ,0.116435 ,0.139899 ,0.146736 ,0.125828 ,0.201489 ,0.176480 ,0.184398 ,0.091934 ,0.140264 ,0.145370 ,0.155304 ,0.100295
sub-0100512_ses-1,0.266752 ,0.179945 ,0.141278 ,0.129805 ,0.132555 ,0.150762 ,0.120905 ,0.124346 ,0.168303 ,0.121268 ,0.204029 ,0.184671 ,0.138813 ,0.085035 ,0.123671 ,0.144188 ,0.163365 ,0.096809
sub-0100512_ses-1,0.218456 ,0.170533 ,0.141757 ,0.116079 ,0.159300 ,0.149422 ,0.128118 ,0.129583 ,0.178395 ,0.109352 ,0.197265 ,0.165296 ,0.153388 ,0.092796 ,0.130226 ,0.134876 ,0.163612 ,0.106609
sub-0100600_ses-2,0.206078 ,0.080097 ,0.215674 ,0.085155 ,0.097882 ,0.154355 ,0.208953 ,0.147711 ,0.143251 ,0.152416 ,0.267507 ,0.234378 ,0.124875 ,0.147590 ,0.149971 ,0.156150 ,0.154243 ,0.075180
sub-0100600_ses-6,0.134461 ,0.079428 ,0.159301 ,0.140966 ,0.083723 ,0.084183 ,0.089985 ,0.114672 ,0.113305 ,0.078305 ,0.195022 ,0.100402 ,0.082353 ,0.086487 ,0.089234 ,0.105191 ,0.144938 ,0.042939
sub-0100601_ses-1,0.152831 ,0.117409 ,0.117937 ,0.124650 ,0.089933 ,0.100542 ,0.118411 ,0.125665 ,0.132716 ,0.081963 ,0.184266 ,0.121871 ,0.090980 ,0.082808 ,0.113961 ,0.168571 ,0.077095 ,0.062680
sub-0100601_ses-5,0.207871 ,0.172273 ,0.251371 ,0.199872 ,0.229757 ,0.182238 ,0.308307 ,0.204048 ,0.189771 ,0.164505 ,0.287126 ,0.275317 ,0.137172 ,0.115084 ,0.121457 ,0.189793 ,0.221349 ,0.088625
sub-0100602_ses-2,0.700687 ,0.162270 ,0.320067 ,0.392984 ,0.228154 ,0.115989 ,0.446096 ,0.184150 ,0.321880 ,0.155058 ,0.642264 ,0.340597 ,0.198321 ,0.227449 ,0.402504 ,0.695124 ,0.367955 ,0.091440
sub-0100602_ses-4,0.524420 ,0.163041 ,0.149747 ,0.272967 ,0.162726 ,0.123945 ,0.229015 ,0.141951 ,0.399775 ,0.168626 ,0.362120 ,0.155621 ,0.249585 ,0.095661 ,0.327836 ,0.374710 ,0.145535 ,0.105059
sub-0100603_ses-1,0.541410 ,0.371301 ,0.502491 ,0.968607 ,0.323164 ,0.523398 ,1.195859 ,0.433946 ,0.503185 ,0.792039 ,0.958845 ,0.589717 ,0.479473 ,0.409573 ,0.890812 ,0.875100 ,0.601132 ,0.257706
sub-0100603_ses-3,0.420686 ,0.165430 ,0.159743 ,0.286183 ,0.152731 ,0.140057 ,0.384448 ,0.270119 ,0.376373 ,0.138914 ,0.534070 ,0.363087 ,0.259131 ,0.123418 ,0.217128 ,0.319321 ,0.287867 ,0.122108
sub-0100604_ses-3,0.422005 ,0.152181 ,0.155728 ,0.332250 ,0.149629 ,0.125293 ,0.334589 ,0.134847 ,0.368813 ,0.190825 ,0.349113 ,0.182221 ,0.219961 ,0.108036 ,0.166831 ,0.478375 ,0.179317 ,0.117630
sub-0100604_ses-4,0.439530 ,0.166711 ,0.230637 ,0.337294 ,0.214916 ,0.121044 ,0.249291 ,0.129829 ,0.297863 ,0.170133 ,0.372204 ,0.254605 ,0.196805 ,0.157106 ,0.131394 ,0.324163 ,0.258928 ,0.099833
sub-0100605_ses-1,0.343564 ,0.262495 ,0.203553 ,0.326851 ,0.283251 ,0.157684 ,0.479351 ,0.195093 ,0.377383 ,0.265514 ,0.374651 ,0.240946 ,0.231667 ,0.086196 ,0.254670 ,0.286014 ,0.172610 ,0.101594
sub-0100605_ses-3,0.325766 ,0.232651 ,0.190636 ,0.303095 ,0.290793 ,0.169032 ,0.302012 ,0.193288 ,0.349971 ,0.191960 ,0.619641 ,0.298938 ,0.247116 ,0.098647 ,0.282112 ,0.295052 ,0.208905 ,0.103731
sub-0100606_ses-3,0.896744 ,0.167214 ,0.228877 ,0.753988 ,0.238703 ,0.182852 ,0.457200 ,0.407322 ,0.439754 ,0.300205 ,0.739661 ,0.491420 ,0.259488 ,0.160442 ,0.323230 ,1.040542 ,0.300274 ,0.141819
sub-0100607_ses-1,0.269017 ,0.162685 ,0.188537 ,0.257481 ,0.227012 ,0.151441 ,0.352585 ,0.318142 ,0.284587 ,0.212495 ,0.395826 ,0.155917 ,0.149078 ,0.076566 ,0.181605 ,0.270891 ,0.197775 ,0.114818
sub-0100607_ses-2,0.355666 ,0.192475 ,0.208930 ,0.173505 ,0.164942 ,0.121356 ,0.189876 ,0.217563 ,0.366742 ,0.131672 ,0.454588 ,0.134210 ,0.172989 ,0.139460 ,0.209434 ,0.290706 ,0.155494 ,0.121986
sub-0100608_ses-1,0.655178 ,0.400081 ,0.414784 ,0.412258 ,0.286323 ,0.408572 ,0.778837 ,0.415836 ,0.394667 ,0.224674 ,0.731291 ,0.751532 ,0.371682 ,0.345186 ,0.594647 ,0.353449 ,0.620921 ,0.188457
sub-0100608_ses-2,0.608245 ,0.235924 ,0.537306 ,0.429615 ,0.265963 ,0.416685 ,0.562494 ,0.879394 ,0.354827 ,0.380354 ,0.659213 ,0.633602 ,0.271747 ,0.373134 ,0.419761 ,0.723389 ,0.387287 ,0.173367
sub-0100609_ses-1,0.204366 ,0.245047 ,0.234366 ,0.319662 ,0.231183 ,0.267783 ,0.392124 ,0.268846 ,0.240166 ,0.231055 ,0.267024 ,0.288891 ,0.178072 ,0.091385 ,0.176166 ,0.216780 ,0.305505 ,0.123152
sub-0100609_ses-1,0.182167 ,0.156221 ,0.217042 ,0.260231 ,0.182233 ,0.232280 ,0.232339 ,0.194755 ,0.224116 ,0.147492 ,0.340176 ,0.274726 ,0.113705 ,0.061957 ,0.118486 ,0.177182 ,0.198007 ,0.078383
sub-0100700_ses-1,0.167926 ,0.208829 ,0.194809 ,0.172736 ,0.164790 ,0.138867 ,0.123109 ,0.185852 ,0.184255 ,0.128681 ,0.195997 ,0.245146 ,0.197114 ,0.139600 ,0.167575 ,0.157416 ,0.160088 ,0.146493
sub-0100701_ses-1,0.166793 ,0.161383 ,0.167833 ,0.131633 ,0.157763 ,0.137439 ,0.135369 ,0.134556 ,0.181715 ,0.099012 ,0.170029 ,0.174059 ,0.140209 ,0.112347 ,0.151680 ,0.138060 ,0.145101 ,0.128573
sub-0100702_ses-1,0.183334 ,0.183205 ,0.176419 ,0.141832 ,0.177332 ,0.142984 ,0.126848 ,0.121033 ,0.159324 ,0.105529 ,0.164400 ,0.160323 ,0.126604 ,0.100703 ,0.168875 ,0.136566 ,0.155462 ,0.127120
sub-0100703_ses-1,0.172719 ,0.169601 ,0.192023 ,0.150873 ,0.149865 ,0.137663 ,0.119643 ,0.181208 ,0.166229 ,0.111290 ,0.153587 ,0.195068 ,0.160069 ,0.118182 ,0.170038 ,0.167909 ,0.179491 ,0.117957
sub-0100704_ses-1,0.208850 ,0.202245 ,0.173282 ,0.137580 ,0.171686 ,0.149928 ,0.143673 ,0.226220 ,0.212256 ,0.130929 ,0.202374 ,0.174782 ,0.151421 ,0.139858 ,0.189147 ,0.195789 ,0.166077 ,0.164454
sub-0100705_ses-1,0.245546 ,0.230244 ,0.164521 ,0.141738 ,0.161976 ,0.164777 ,0.132897 ,0.169187 ,0.201123 ,0.122969 ,0.204638 ,0.202371 ,0.164283 ,0.137244 ,0.172270 ,0.192657 ,0.189616 ,0.168045
sub-0100706_ses-1,0.164388 ,0.206093 ,0.195252 ,0.172480 ,0.161619 ,0.143618 ,0.125253 ,0.181454 ,0.186198 ,0.120326 ,0.188689 ,0.255039 ,0.197960 ,0.141157 ,0.167784 ,0.153873 ,0.159441 ,0.145616
sub-0100800_ses-1,0.317788 ,0.189541 ,0.243057 ,0.221977 ,0.156187 ,0.189390 ,0.224678 ,0.247832 ,0.236186 ,0.199008 ,0.299408 ,0.226383 ,0.164047 ,0.136810 ,0.198845 ,0.257039 ,0.191997 ,0.186420
sub-0100800_ses-1,0.312661 ,0.247962 ,0.321970 ,0.588473 ,0.184957 ,0.243264 ,0.338166 ,0.307265 ,0.241490 ,0.270572 ,0.410765 ,0.388733 ,0.222486 ,0.172490 ,0.231106 ,0.475356 ,0.509104 ,0.231901
sub-0100800_ses-1,0.498914 ,0.202975 ,0.446364 ,0.239494 ,0.260253 ,0.188213 ,0.223429 ,0.220519 ,0.285378 ,0.169705 ,0.303836 ,0.254866 ,0.321553 ,0.135522 ,0.290815 ,0.466476 ,0.304745 ,0.217530
sub-0100800_ses-1,0.263092 ,0.220932 ,0.229809 ,0.388979 ,0.183785 ,0.216757 ,0.280465 ,0.279532 ,0.203752 ,0.200661 ,0.279205 ,0.254089 ,0.202887 ,0.146372 ,0.220542 ,0.387309 ,0.415891 ,0.159134
sub-0100801_ses-1,0.419810 ,0.263697 ,0.278682 ,0.305102 ,0.250532 ,0.278277 ,0.389501 ,0.266523 ,0.262631 ,0.235385 ,0.263920 ,0.294062 ,0.289293 ,0.169836 ,0.321433 ,0.296980 ,0.254502 ,0.302322
sub-0100801_ses-1,0.248397 ,0.177145 ,0.177848 ,0.240774 ,0.194998 ,0.230543 ,0.207642 ,0.233224 ,0.212052 ,0.167526 ,0.236194 ,0.272056 ,0.166768 ,0.117529 ,0.215892 ,0.229872 ,0.169898 ,0.153304
sub-0100801_ses-1,0.298406 ,0.229131 ,0.321347 ,0.209275 ,0.204453 ,0.197050 ,0.311517 ,0.167652 ,0.222192 ,0.143694 ,0.240835 ,0.277448 ,0.197031 ,0.170794 ,0.257206 ,0.196824 ,0.211396 ,0.180200
sub-0100801_ses-1,0.314856 ,0.270789 ,0.323891 ,0.259319 ,0.334527 ,0.281722 ,0.315976 ,0.400694 ,0.324614 ,0.234399 ,0.372191 ,0.385826 ,0.249387 ,0.184895 ,0.273748 ,0.212413 ,0.308830 ,0.262472
sub-0100802_ses-1,0.395948 ,0.304402 ,0.363761 ,0.233240 ,0.306642 ,0.282442 ,0.186879 ,0.182978 ,0.270061 ,0.173527 ,0.305245 ,0.193805 ,0.242199 ,0.157609 ,0.339548 ,0.267663 ,0.241945 ,0.159461
sub-0100802_ses-1,0.241233 ,0.207500 ,0.231518 ,0.154490 ,0.206667 ,0.174336 ,0.152283 ,0.182377 ,0.216666 ,0.162003 ,0.278314 ,0.231036 ,0.191892 ,0.153990 ,0.308472 ,0.223039 ,0.222832 ,0.189414
sub-0100802_ses-1,0.376885 ,0.421843 ,0.415243 ,0.300794 ,0.321645 ,0.299070 ,0.172420 ,0.216270 ,0.304906 ,0.236140 ,0.334905 ,0.261962 ,0.311404 ,0.164250 ,0.399895 ,0.311127 ,0.291417 ,0.221336
sub-0100802_ses-1,0.265397 ,0.252668 ,0.279053 ,0.210240 ,0.241568 ,0.215792 ,0.178344 ,0.205398 ,0.238374 ,0.135272 ,0.335486 ,0.226677 ,0.194031 ,0.146026 ,0.343485 ,0.272938 ,0.330968 ,0.177277
sub-0100803_ses-1,0.275959 ,0.257733 ,0.272047 ,0.227300 ,0.231034 ,0.184487 ,0.373468 ,0.226671 ,0.236604 ,0.152714 ,0.233214 ,0.249095 ,0.201496 ,0.165484 ,0.164116 ,0.232185 ,0.241925 ,0.132306
sub-0100803_ses-1,0.230580 ,0.179352 ,0.183052 ,0.167872 ,0.162921 ,0.158356 ,0.189988 ,0.227004 ,0.184465 ,0.118718 ,0.214717 ,0.225908 ,0.159112 ,0.116228 ,0.150108 ,0.181854 ,0.172164 ,0.124065
sub-0100803_ses-1,0.376555 ,0.223741 ,0.266794 ,0.286936 ,0.226470 ,0.236125 ,0.306502 ,0.183701 ,0.230987 ,0.166184 ,0.274936 ,0.268127 ,0.198174 ,0.161788 ,0.227447 ,0.335075 ,0.208767 ,0.168874
sub-0100803_ses-1,0.461164 ,0.292274 ,0.286272 ,0.400849 ,0.232665 ,0.288829 ,0.282737 ,0.267474 ,0.278484 ,0.188992 ,0.375045 ,0.387780 ,0.211039 ,0.163151 ,0.232384 ,0.219030 ,0.249130 ,0.170441
sub-0100804_ses-1,0.468542 ,0.268962 ,0.301213 ,0.201587 ,0.213049 ,0.202125 ,0.187516 ,0.223391 ,0.247052 ,0.151326 ,0.264720 ,0.251488 ,0.190751 ,0.154477 ,0.313855 ,0.359693 ,0.331706 ,0.180866
sub-0100804_ses-1,0.357156 ,0.253947 ,0.249352 ,0.189927 ,0.286503 ,0.219337 ,0.167784 ,0.198587 ,0.237995 ,0.146918 ,0.318665 ,0.286134 ,0.223419 ,0.214129 ,0.300857 ,0.329558 ,0.339659 ,0.176122
sub-0100804_ses-1,0.440625 ,0.237976 ,0.265780 ,0.188240 ,0.197549 ,0.213169 ,0.170874 ,0.196382 ,0.290700 ,0.137642 ,0.245883 ,0.264458 ,0.249792 ,0.135886 ,0.309169 ,0.282732 ,0.263494 ,0.196701
sub-0100804_ses-1,0.237491 ,0.189782 ,0.224427 ,0.151192 ,0.211480 ,0.181432 ,0.199353 ,0.190678 ,0.228695 ,0.189209 ,0.213945 ,0.256982 ,0.182532 ,0.188626 ,0.276830 ,0.255407 ,0.296391 ,0.181344
sub-0100805_ses-1,0.253318 ,0.229971 ,0.249619 ,0.179906 ,0.192669 ,0.209066 ,0.159306 ,0.169073 ,0.224817 ,0.142806 ,0.275917 ,0.185030 ,0.215777 ,0.198387 ,0.210217 ,0.251277 ,0.203705 ,0.149410
sub-0100805_ses-1,0.226001 ,0.183326 ,0.160221 ,0.155266 ,0.151995 ,0.148980 ,0.194455 ,0.193726 ,0.189667 ,0.146960 ,0.266981 ,0.265453 ,0.174798 ,0.126434 ,0.189318 ,0.180228 ,0.178519 ,0.148934
sub-0100805_ses-1,0.251653 ,0.249695 ,0.282967 ,0.148927 ,0.182833 ,0.150379 ,0.163795 ,0.216150 ,0.197974 ,0.123932 ,0.242507 ,0.246913 ,0.187282 ,0.221724 ,0.241026 ,0.280234 ,0.206449 ,0.175810
sub-0100805_ses-1,0.256389 ,0.193653 ,0.245226 ,0.186350 ,0.166203 ,0.204014 ,0.257459 ,0.232979 ,0.235496 ,0.129634 ,0.317280 ,0.229926 ,0.167858 ,0.165207 ,0.229420 ,0.195379 ,0.247190 ,0.157341
sub-0100806_ses-1,0.205811 ,0.283329 ,0.235748 ,0.171301 ,0.178598 ,0.198601 ,0.211048 ,0.205400 ,0.256759 ,0.172236 ,0.246466 ,0.257814 ,0.184379 ,0.122635 ,0.200581 ,0.177293 ,0.274569 ,0.148352
sub-0100806_ses-1,0.233256 ,0.320229 ,0.199801 ,0.191511 ,0.189004 ,0.159996 ,0.165022 ,0.221280 ,0.275967 ,0.197416 ,0.266217 ,0.255474 ,0.213536 ,0.143972 ,0.276147 ,0.167144 ,0.273973 ,0.160320
sub-0100806_ses-1,0.262192 ,0.315180 ,0.281189 ,0.245615 ,0.179924 ,0.154710 ,0.199211 ,0.185631 ,0.276292 ,0.182521 ,0.222936 ,0.244649 ,0.273573 ,0.134491 ,0.272825 ,0.130109 ,0.235039 ,0.168178
sub-0100806_ses-1,0.180124 ,0.276015 ,0.206411 ,0.251560 ,0.163238 ,0.161002 ,0.138201 ,0.174816 ,0.285828 ,0.182185 ,0.282216 ,0.273675 ,0.189162 ,0.125721 ,0.263682 ,0.159855 ,0.270393 ,0.153288
sub-0100807_ses-1,0.168673 ,0.220017 ,0.268548 ,0.145897 ,0.196985 ,0.175499 ,0.140327 ,0.153378 ,0.190333 ,0.116856 ,0.172994 ,0.175100 ,0.164310 ,0.150790 ,0.213091 ,0.185239 ,0.150658 ,0.140325
sub-0100807_ses-1,0.258322 ,0.182172 ,0.171935 ,0.140316 ,0.146680 ,0.184667 ,0.157552 ,0.156575 ,0.182884 ,0.094201 ,0.249284 ,0.158865 ,0.165528 ,0.104565 ,0.162884 ,0.161150 ,0.227051 ,0.137201
sub-0100807_ses-1,0.233917 ,0.173837 ,0.205469 ,0.135277 ,0.233576 ,0.220667 ,0.165714 ,0.178801 ,0.221955 ,0.121307 ,0.221858 ,0.181761 ,0.186461 ,0.162179 ,0.198146 ,0.172198 ,0.164635 ,0.157926
sub-0100807_ses-1,0.280606 ,0.230319 ,0.202797 ,0.222523 ,0.148235 ,0.280984 ,0.267734 ,0.178329 ,0.242516 ,0.137168 ,0.253180 ,0.314913 ,0.164662 ,0.154419 ,0.223753 ,0.259878 ,0.265394 ,0.191302
sub-0100808_ses-1,0.287941 ,0.301626 ,0.497545 ,0.232899 ,0.341785 ,0.211644 ,0.254470 ,0.208642 ,0.307814 ,0.170018 ,0.243808 ,0.294635 ,0.221546 ,0.201347 ,0.268102 ,0.278854 ,0.285836 ,0.234387
sub-0100808_ses-1,0.263216 ,0.242939 ,0.366721 ,0.233412 ,0.170802 ,0.236102 ,0.176435 ,0.246103 ,0.232851 ,0.145206 ,0.233562 ,0.270530 ,0.196192 ,0.168629 ,0.206141 ,0.231022 ,0.213744 ,0.130818
sub-0100808_ses-1,0.399990 ,0.348061 ,0.505974 ,0.211281 ,0.290409 ,0.268699 ,0.221817 ,0.216729 ,0.387855 ,0.171649 ,0.292305 ,0.257408 ,0.235903 ,0.214038 ,0.291092 ,0.437499 ,0.282881 ,0.215125
sub-0100808_ses-1,0.334940 ,0.245872 ,0.297562 ,0.263025 ,0.190278 ,0.247685 ,0.251548 ,0.239177 ,0.257063 ,0.201356 ,0.290469 ,0.245436 ,0.170824 ,0.164327 ,0.203472 ,0.282031 ,0.212098 ,0.177307
sub-0100900_ses-1,0.256502 ,0.230197 ,0.304014 ,0.224163 ,0.240889 ,0.151578 ,0.198370 ,0.281807 ,0.417291 ,0.163194 ,0.269198 ,0.299891 ,0.210640 ,0.280578 ,0.252556 ,0.211362 ,0.255554 ,0.247385
sub-0100900_ses-1,0.291030 ,0.311368 ,0.288521 ,0.162906 ,0.283112 ,0.282157 ,0.308871 ,0.274801 ,0.488046 ,0.170036 ,0.297287 ,0.273699 ,0.213505 ,0.165646 ,0.271185 ,0.197353 ,0.216302 ,0.262715
sub-0100900_ses-1,0.317434 ,0.248675 ,0.337302 ,0.311981 ,0.308616 ,0.191547 ,0.193770 ,0.191596 ,0.373175 ,0.191404 ,0.275294 ,0.295499 ,0.440687 ,0.176658 ,0.251587 ,0.208896 ,0.266674 ,0.349671
sub-0100900_ses-1,0.362818 ,0.484287 ,0.450645 ,0.335879 ,0.332108 ,0.268410 ,0.477333 ,0.224566 ,0.395399 ,0.327989 ,0.422456 ,0.340138 ,0.275337 ,0.139034 ,0.252681 ,0.234915 ,0.301162 ,0.313637
sub-0100900_ses-1,0.597745 ,0.894791 ,0.263139 ,0.008822 ,0.232096 ,0.410536 ,0.014314 ,0.032820 ,0.515223 ,0.253833 ,0.000000 ,0.017902 ,0.339192 ,0.196412 ,0.454363 ,0.038895 ,0.022875 ,0.906762
sub-0100900_ses-1,0.611895 ,0.663562 ,0.461868 ,0.210359 ,0.550518 ,0.354952 ,0.117677 ,0.057004 ,0.544370 ,0.196429 ,-0.000000 ,0.086444 ,0.637803 ,0.465222 ,0.694933 ,0.390426 ,0.023618 ,0.519195
sub-0100900_ses-1,0.339643 ,0.254357 ,0.412769 ,0.314650 ,0.243344 ,0.380603 ,0.266200 ,0.275026 ,0.359840 ,0.195400 ,0.338260 ,0.284256 ,0.249745 ,0.181083 ,0.226147 ,0.272637 ,0.299386 ,0.204534
sub-0100900_ses-1,0.520134 ,0.592215 ,0.374924 ,0.340070 ,0.295911 ,0.228631 ,0.208596 ,0.198021 ,0.524459 ,0.260733 ,0.331810 ,0.107359 ,0.388503 ,0.194858 ,0.344597 ,0.460357 ,0.421090 ,0.334165
sub-0100900_ses-1,0.331981 ,0.271689 ,0.383110 ,0.364865 ,0.217408 ,0.416533 ,0.388642 ,0.317631 ,0.557659 ,0.240896 ,0.312887 ,0.328245 ,0.244079 ,0.257870 ,0.287923 ,0.291700 ,0.359692 ,0.250244
sub-0100900_ses-1,0.902375 ,1.045796 ,0.596809 ,0.362022 ,0.531439 ,0.199746 ,0.202121 ,0.080093 ,0.809179 ,0.278738 ,0.003876 ,0.118215 ,0.427101 ,0.425733 ,0.740530 ,0.187043 ,0.068602 ,0.557941
sub-0100900_ses-2,0.194057 ,0.183072 ,0.211739 ,0.174015 ,0.152064 ,0.121869 ,0.140343 ,0.186445 ,0.231238 ,0.125031 ,0.239707 ,0.176036 ,0.177150 ,0.115534 ,0.188890 ,0.142468 ,0.155917 ,0.140399
sub-0100900_ses-2,0.328990 ,0.277370 ,0.285250 ,0.226370 ,0.289889 ,0.184645 ,0.301422 ,0.347374 ,0.237327 ,0.146520 ,0.470041 ,0.459184 ,0.179365 ,0.126024 ,0.257214 ,0.185092 ,0.347639 ,0.115116
sub-0100900_ses-2,0.556756 ,0.469924 ,0.451578 ,0.345265 ,0.493854 ,0.237364 ,0.176071 ,0.199768 ,0.549876 ,0.306495 ,0.296722 ,0.127582 ,0.440271 ,0.462447 ,0.818280 ,0.237191 ,0.266184 ,0.507351
sub-0100900_ses-2,0.963035 ,1.240649 ,0.664732 ,0.236208 ,0.588747 ,0.410523 ,0.091695 ,0.184777 ,1.163352 ,0.469204 ,0.000001 ,0.101908 ,0.779867 ,0.576819 ,1.653661 ,0.424895 ,0.029018 ,0.464778
sub-0100900_ses-2,0.313218 ,0.222168 ,0.241697 ,0.186373 ,0.239820 ,0.147831 ,0.222790 ,0.411188 ,0.258549 ,0.147434 ,0.274728 ,0.339445 ,0.163896 ,0.110847 ,0.265852 ,0.283940 ,0.265356 ,0.132318
sub-0100900_ses-2,0.274242 ,0.504927 ,0.252198 ,0.258087 ,0.179505 ,0.308792 ,0.492330 ,0.267459 ,0.399763 ,0.243942 ,0.306988 ,0.286829 ,0.307211 ,0.182932 ,0.358567 ,0.180539 ,0.423660 ,0.283133
sub-0100900_ses-2,0.269852 ,0.226006 ,0.229550 ,0.250637 ,0.206772 ,0.208212 ,0.392967 ,0.348958 ,0.324595 ,0.153949 ,0.397698 ,0.239319 ,0.232532 ,0.247947 ,0.248379 ,0.334252 ,0.350013 ,0.187602
sub-0100900_ses-2,0.488891 ,0.656741 ,0.469883 ,0.154782 ,0.316342 ,0.191397 ,0.120256 ,0.068146 ,0.621078 ,0.118693 ,0.000000 ,0.116188 ,0.468713 ,0.370244 ,0.606479 ,0.253899 ,0.036235 ,0.425620
sub-0100901_ses-1,0.310330 ,0.173095 ,0.184508 ,0.184221 ,0.166821 ,0.150098 ,0.183759 ,0.267040 ,0.297674 ,0.127952 ,0.238396 ,0.284895 ,0.146981 ,0.099234 ,0.292717 ,0.227094 ,0.262510 ,0.204272
sub-0100901_ses-1,0.434187 ,0.517058 ,0.378310 ,0.472646 ,0.358776 ,0.325395 ,0.641033 ,0.250565 ,0.566412 ,0.276879 ,0.794001 ,0.264794 ,0.346399 ,0.211646 ,0.535557 ,0.199615 ,0.364046 ,0.276457
sub-0100901_ses-1,0.292903 ,0.265293 ,0.254527 ,0.212600 ,0.245288 ,0.188044 ,0.246747 ,0.279579 ,0.344501 ,0.167617 ,0.313994 ,0.300307 ,0.262759 ,0.188567 ,0.417048 ,0.262968 ,0.335853 ,0.228332
sub-0100901_ses-1,0.571474 ,0.579369 ,0.490168 ,0.284355 ,0.528879 ,0.415281 ,0.270680 ,0.454545 ,0.864476 ,0.326821 ,0.305281 ,0.150613 ,0.659367 ,0.516140 ,0.924979 ,0.648999 ,0.801127 ,0.297711
sub-0100901_ses-1,0.233805 ,0.228330 ,0.228733 ,0.161652 ,0.234454 ,0.177740 ,0.219573 ,0.264404 ,0.265634 ,0.149577 ,0.295809 ,0.303748 ,0.204694 ,0.133598 ,0.264234 ,0.206879 ,0.224304 ,0.226748
sub-0100901_ses-1,0.240299 ,0.371502 ,0.497313 ,0.305509 ,0.399367 ,0.314319 ,0.815385 ,0.290107 ,0.429584 ,0.265025 ,0.570317 ,0.668944 ,0.376875 ,0.237309 ,0.454484 ,0.338410 ,0.407315 ,0.178333
sub-0100901_ses-1,0.173431 ,0.231736 ,0.234298 ,0.190671 ,0.188230 ,0.179621 ,0.175086 ,0.137496 ,0.257650 ,0.216599 ,0.204555 ,0.311212 ,0.185564 ,0.139211 ,0.165594 ,0.184715 ,0.194150 ,0.125115
sub-0100901_ses-2,0.566363 ,0.657280 ,0.307592 ,0.131856 ,0.390493 ,0.338458 ,0.115899 ,0.093251 ,0.823367 ,0.194332 ,0.000000 ,0.275782 ,0.561098 ,0.351569 ,0.473780 ,0.305987 ,0.057029 ,0.550303
sub-0100901_ses-2,0.310559 ,0.194930 ,0.204850 ,0.183361 ,0.135354 ,0.189207 ,0.258644 ,0.315839 ,0.338333 ,0.151379 ,0.285225 ,0.299231 ,0.201532 ,0.128149 ,0.209986 ,0.166259 ,0.273638 ,0.159365
sub-0100901_ses-2,0.431044 ,0.279444 ,0.205075 ,0.258062 ,0.208493 ,0.222657 ,0.215985 ,0.396081 ,0.335436 ,0.198841 ,0.393431 ,0.345592 ,0.169572 ,0.212726 ,0.337257 ,0.202412 ,0.260574 ,0.219466
sub-0100901_ses-2,0.271073 ,0.264329 ,0.225376 ,0.242886 ,0.190334 ,0.239251 ,0.292794 ,0.447690 ,0.241364 ,0.171313 ,0.264887 ,0.458811 ,0.220733 ,0.153158 ,0.220676 ,0.223350 ,0.251601 ,0.172810
sub-0100901_ses-2,0.789930 ,0.262978 ,0.254930 ,0.279279 ,0.318110 ,0.209308 ,0.482664 ,0.449558 ,0.267541 ,0.373425 ,0.457854 ,0.370751 ,0.291196 ,0.185335 ,0.583093 ,0.558617 ,0.313427 ,0.298713
sub-0100901_ses-2,0.300114 ,0.208418 ,0.374077 ,0.264300 ,0.289246 ,0.262322 ,0.708112 ,0.511270 ,0.236968 ,0.271583 ,0.485055 ,0.468283 ,0.269688 ,0.128012 ,0.244911 ,0.314583 ,0.318143 ,0.240375
sub-0100901_ses-2,0.198937 ,0.277965 ,0.225545 ,0.223315 ,0.206305 ,0.168550 ,0.218949 ,0.150425 ,0.204035 ,0.222171 ,0.237103 ,0.219439 ,0.235603 ,0.172101 ,0.239614 ,0.185934 ,0.265373 ,0.163209
sub-0100901_ses-3,0.367965 ,0.316500 ,0.284060 ,0.444648 ,0.287523 ,0.307543 ,0.469097 ,0.273929 ,0.420474 ,0.267001 ,0.510050 ,0.606478 ,0.411479 ,0.236939 ,0.371869 ,0.413519 ,0.473342 ,0.228656
sub-0100901_ses-3,0.449775 ,0.200463 ,0.152332 ,0.265761 ,0.126059 ,0.138506 ,0.265943 ,0.476083 ,0.293662 ,0.292297 ,0.497468 ,1.153732 ,0.280512 ,0.310004 ,0.237762 ,0.676078 ,0.842100 ,0.209373
sub-0100901_ses-3,0.294908 ,0.303299 ,0.255054 ,0.345042 ,0.272845 ,0.258560 ,0.338328 ,0.228485 ,0.361935 ,0.296066 ,0.633180 ,0.410794 ,0.356293 ,0.234304 ,0.313260 ,0.315613 ,0.441941 ,0.165024
sub-0100901_ses-3,0.399353 ,0.457863 ,0.438310 ,0.365234 ,0.450720 ,0.332050 ,0.370131 ,0.236748 ,0.479745 ,0.319388 ,0.619906 ,0.515188 ,0.320255 ,0.296487 ,0.551867 ,0.328020 ,0.859772 ,0.310060
sub-0100901_ses-3,0.315278 ,0.434912 ,0.245527 ,0.332776 ,0.337818 ,0.308028 ,0.250905 ,0.263577 ,0.400576 ,0.208967 ,0.375444 ,0.293552 ,0.392946 ,0.239976 ,0.321674 ,0.241182 ,0.305965 ,0.220107
sub-0100901_ses-3,0.241544 ,0.362808 ,0.239590 ,0.304739 ,0.296821 ,0.221301 ,0.215316 ,0.211785 ,0.354153 ,0.221033 ,0.266821 ,0.251432 ,0.230794 ,0.182473 ,0.282635 ,0.231940 ,0.241240 ,0.159739
sub-0100902_ses-1,0.815954 ,2.186966 ,0.976549 ,0.841697 ,1.117483 ,0.815465 ,0.629098 ,0.339918 ,1.951892 ,0.999800 ,0.937605 ,0.389356 ,0.766559 ,0.444929 ,0.460840 ,0.338323 ,0.331901 ,1.380690
sub-0100902_ses-1,1.197928 ,2.531918 ,1.242006 ,0.716456 ,0.873523 ,0.810348 ,0.881670 ,0.387429 ,2.636007 ,1.171470 ,0.669772 ,0.173793 ,0.808710 ,0.427084 ,0.696828 ,0.388058 ,0.103436 ,2.059832
sub-0100902_ses-1,0.517829 ,0.313458 ,0.354866 ,0.305422 ,0.263079 ,0.307918 ,0.249969 ,0.280258 ,0.372348 ,0.172991 ,0.632881 ,0.294598 ,0.659227 ,0.260014 ,0.635903 ,0.372175 ,0.492578 ,0.321357
sub-0100902_ses-1,0.722864 ,1.291754 ,0.741560 ,0.908621 ,0.638382 ,0.796788 ,0.598470 ,0.643915 ,2.674899 ,1.075295 ,0.858347 ,0.153045 ,0.516462 ,0.338880 ,0.562472 ,0.358214 ,0.100673 ,1.487690
sub-0100902_ses-2,0.370928 ,0.491799 ,0.331124 ,0.262996 ,0.262595 ,0.234501 ,0.150268 ,0.192239 ,0.476002 ,0.178814 ,0.235166 ,0.203601 ,0.271797 ,0.212092 ,0.291641 ,0.190893 ,0.228476 ,0.287613
sub-0100902_ses-2,0.338372 ,0.455299 ,0.238002 ,0.262269 ,0.279603 ,0.207915 ,0.164211 ,0.228896 ,0.568705 ,0.214037 ,0.382909 ,0.266761 ,0.222586 ,0.220067 ,0.332791 ,0.233101 ,0.269371 ,0.275628
sub-0100902_ses-2,0.187598 ,0.275749 ,0.297933 ,0.183948 ,0.196500 ,0.200599 ,0.147104 ,0.125874 ,0.295678 ,0.208535 ,0.204166 ,0.170264 ,0.189510 ,0.132008 ,0.194654 ,0.164114 ,0.190398 ,0.138738
sub-0100902_ses-2,1.776653 ,1.033660 ,0.728030 ,0.422418 ,0.791743 ,0.770988 ,0.161158 ,0.069360 ,1.531310 ,0.394704 ,0.000000 ,0.277272 ,0.569804 ,0.337676 ,1.283051 ,0.403126 ,0.114483 ,0.935516
sub-0100902_ses-2,0.258454 ,0.319334 ,0.275731 ,0.298284 ,0.217522 ,0.164950 ,0.203345 ,0.279939 ,0.326965 ,0.231392 ,0.312967 ,0.249603 ,0.259255 ,0.206406 ,0.422338 ,0.257294 ,0.235715 ,0.372724
sub-0100902_ses-2,0.220469 ,0.389279 ,0.409823 ,0.272835 ,0.269679 ,0.318564 ,0.329293 ,0.376924 ,0.355265 ,0.257564 ,0.566929 ,0.405175 ,0.369318 ,0.231320 ,0.332137 ,0.282375 ,0.331115 ,0.198027
sub-0100902_ses-2,0.167733 ,0.208852 ,0.230085 ,0.123079 ,0.188665 ,0.162826 ,0.139624 ,0.129412 ,0.253265 ,0.139450 ,0.162367 ,0.132959 ,0.141891 ,0.113559 ,0.163340 ,0.120831 ,0.140299 ,0.120145
sub-0100902_ses-3,0.349192 ,0.295496 ,0.404034 ,0.334575 ,0.256933 ,0.170813 ,0.363359 ,0.290019 ,0.498334 ,0.219170 ,0.659778 ,0.185911 ,0.296618 ,0.231064 ,0.417710 ,0.500334 ,0.558461 ,0.199860
sub-0100902_ses-3,0.470517 ,0.307120 ,0.233976 ,0.273254 ,0.295311 ,0.377033 ,0.199248 ,0.234707 ,0.396555 ,0.209046 ,0.596320 ,0.376489 ,0.354626 ,0.231751 ,0.443968 ,0.348017 ,0.341374 ,0.233679
sub-0100902_ses-3,0.280805 ,0.249576 ,0.260980 ,0.260933 ,0.291628 ,0.230563 ,0.283672 ,0.345930 ,0.477167 ,0.315269 ,0.695885 ,0.626090 ,0.378105 ,0.204866 ,0.290714 ,0.376190 ,0.853630 ,0.152451
sub-0100902_ses-3,0.278628 ,0.375265 ,0.331170 ,0.268022 ,0.334776 ,0.334990 ,0.371386 ,0.290066 ,0.374992 ,0.364877 ,0.673277 ,0.400694 ,0.361897 ,0.204566 ,0.322991 ,0.347117 ,0.994758 ,0.229774
sub-0100902_ses-3,0.181121 ,0.217175 ,0.197412 ,0.170742 ,0.149166 ,0.141448 ,0.120813 ,0.129839 ,0.249263 ,0.150434 ,0.191982 ,0.145878 ,0.155758 ,0.123561 ,0.178932 ,0.129803 ,0.153959 ,0.162034
sub-0100902_ses-3,0.172931 ,0.186522 ,0.155271 ,0.161585 ,0.145641 ,0.134536 ,0.114779 ,0.111993 ,0.199162 ,0.113384 ,0.170762 ,0.136696 ,0.148814 ,0.103753 ,0.183319 ,0.139753 ,0.205997 ,0.127287
sub-0100903_ses-1,0.366883 ,0.139052 ,0.182127 ,0.239091 ,0.239524 ,0.242747 ,0.192027 ,0.274655 ,0.274339 ,0.170777 ,0.611216 ,0.359610 ,0.429437 ,0.352920 ,0.397532 ,0.334305 ,0.348852 ,0.091056
sub-0100903_ses-1,0.404400 ,0.292394 ,0.497704 ,0.297199 ,0.350655 ,0.340377 ,0.216099 ,0.266637 ,0.576684 ,0.196996 ,0.476997 ,0.335705 ,0.639404 ,0.345806 ,0.561200 ,0.320347 ,0.507218 ,0.301956
sub-0100903_ses-1,0.221942 ,0.141241 ,0.134859 ,0.147176 ,0.167629 ,0.159069 ,0.318366 ,0.376426 ,0.229456 ,0.140481 ,0.276313 ,0.421966 ,0.308956 ,0.199167 ,0.314000 ,0.256530 ,0.431482 ,0.091110
sub-0100903_ses-1,0.468533 ,0.249311 ,0.530623 ,0.210686 ,0.396013 ,0.184945 ,0.122959 ,0.151871 ,0.438575 ,0.122839 ,0.387105 ,0.191306 ,0.395265 ,0.248122 ,0.528087 ,0.252108 ,0.262914 ,0.281245
sub-0100903_ses-1,0.464839 ,0.259787 ,0.311370 ,0.214902 ,0.311717 ,0.286385 ,0.388303 ,0.416415 ,0.266833 ,0.277670 ,0.775544 ,0.471951 ,0.325355 ,0.201011 ,0.331330 ,0.463699 ,0.377712 ,0.212570
sub-0100903_ses-1,0.243144 ,0.201845 ,0.184363 ,0.142829 ,0.140232 ,0.216760 ,0.139986 ,0.302615 ,0.373811 ,0.132605 ,0.251180 ,0.330292 ,0.186472 ,0.122052 ,0.223555 ,0.137147 ,0.345775 ,0.212323
sub-0100903_ses-1,0.094129 ,0.127211 ,0.171103 ,0.106318 ,0.088600 ,0.122052 ,0.122775 ,0.163877 ,0.141208 ,0.106759 ,0.153638 ,0.192295 ,0.147467 ,0.092637 ,0.171179 ,0.113323 ,0.164860 ,0.097976
sub-0100903_ses-2,0.405047 ,0.302668 ,0.736396 ,0.334524 ,0.237734 ,0.258242 ,0.202833 ,0.165329 ,0.458521 ,0.201902 ,0.265263 ,0.240863 ,0.499084 ,0.199984 ,0.404210 ,0.216924 ,0.278295 ,0.383279
sub-0100903_ses-2,0.471244 ,0.551515 ,0.766068 ,0.182816 ,0.462209 ,0.586219 ,0.325967 ,0.265743 ,0.575726 ,0.143618 ,0.371483 ,0.280083 ,0.380887 ,0.255072 ,0.381532 ,0.389506 ,0.380097 ,0.268894
sub-0100903_ses-2,0.637131 ,0.505873 ,0.716873 ,0.584215 ,0.392709 ,0.420131 ,0.311979 ,0.332818 ,0.760802 ,0.348953 ,0.750841 ,0.404071 ,0.605732 ,0.663669 ,0.678323 ,0.276029 ,0.523342 ,0.481656
sub-0100903_ses-2,0.227885 ,0.337714 ,0.324248 ,0.227710 ,0.191453 ,0.221963 ,0.167115 ,0.216430 ,0.416915 ,0.185015 ,0.307940 ,0.207998 ,0.275021 ,0.196013 ,0.332277 ,0.159328 ,0.254685 ,0.221402
sub-0100903_ses-2,0.237725 ,0.342794 ,0.301068 ,0.184702 ,0.199303 ,0.199856 ,0.138120 ,0.103777 ,0.470415 ,0.140844 ,0.316786 ,0.197174 ,0.256874 ,0.189678 ,0.178554 ,0.158465 ,0.238449 ,0.149183
sub-0100903_ses-2,0.177051 ,0.245697 ,0.148262 ,0.137112 ,0.140626 ,0.133714 ,0.127723 ,0.133984 ,0.219420 ,0.078581 ,0.169025 ,0.177952 ,0.174221 ,0.128546 ,0.175627 ,0.132310 ,0.147585 ,0.150476
sub-0100903_ses-3,0.396292 ,0.131357 ,0.397759 ,0.249599 ,0.233204 ,0.268619 ,0.486219 ,0.357332 ,0.252945 ,0.143725 ,0.364882 ,0.404428 ,0.345168 ,0.212575 ,0.352153 ,0.225174 ,0.840004 ,0.208466
sub-0100903_ses-3,1.178465 ,0.376083 ,0.438064 ,0.327826 ,0.416486 ,0.272857 ,0.381597 ,0.278316 ,0.351365 ,0.247987 ,0.476479 ,0.437178 ,0.330690 ,0.283906 ,0.682845 ,0.256512 ,0.411090 ,0.232767
sub-0100903_ses-3,0.852055 ,0.326747 ,0.336224 ,0.289008 ,0.472069 ,0.446430 ,0.536561 ,0.389722 ,0.369182 ,0.216277 ,0.420351 ,0.465453 ,0.366026 ,0.288547 ,0.821959 ,0.260716 ,0.558023 ,0.324127
sub-0100903_ses-3,0.823063 ,0.446473 ,0.673930 ,0.310622 ,0.432606 ,0.515730 ,0.756682 ,0.547551 ,0.996854 ,0.559213 ,0.803198 ,0.508235 ,0.904160 ,0.633679 ,1.476874 ,0.503061 ,0.609503 ,0.293240
sub-0100903_ses-3,0.177511 ,0.150122 ,0.221609 ,0.167279 ,0.160425 ,0.187330 ,0.127254 ,0.192945 ,0.251203 ,0.157728 ,0.264748 ,0.245253 ,0.213596 ,0.178679 ,0.240545 ,0.179147 ,0.224796 ,0.156510
sub-0100903_ses-3,0.130037 ,0.184850 ,0.227631 ,0.141982 ,0.147924 ,0.234552 ,0.180125 ,0.135078 ,0.212246 ,0.136235 ,0.221531 ,0.217974 ,0.162048 ,0.139910 ,0.196091 ,0.149055 ,0.236521 ,0.137125
sub-0100903_ses-4,1.007731 ,0.512783 ,0.482487 ,0.431218 ,0.485986 ,0.387188 ,0.769395 ,0.338978 ,0.499635 ,0.353049 ,0.720023 ,0.625565 ,0.458776 ,0.459818 ,0.908708 ,0.468693 ,0.432827 ,0.285364
sub-0100903_ses-4,0.777123 ,0.294080 ,0.392149 ,0.252820 ,0.394732 ,0.376637 ,0.243382 ,0.724963 ,0.460274 ,0.178587 ,0.311714 ,0.369662 ,0.593659 ,0.297017 ,0.689469 ,0.529770 ,0.500985 ,0.206697
sub-0100903_ses-4,0.523507 ,0.339915 ,0.380933 ,0.388739 ,0.422934 ,0.467455 ,0.617458 ,0.522381 ,0.429434 ,0.424073 ,0.549080 ,0.806128 ,0.459089 ,0.351242 ,0.461142 ,0.862634 ,0.808303 ,0.252723
sub-0100903_ses-4,1.508912 ,0.311436 ,0.321312 ,0.565028 ,0.534808 ,0.412966 ,0.346053 ,0.454321 ,0.499419 ,0.275235 ,0.877611 ,0.537286 ,0.837388 ,0.533651 ,1.511402 ,1.337519 ,0.958166 ,0.228066
sub-0100903_ses-4,0.297278 ,0.133644 ,0.188488 ,0.173376 ,0.267243 ,0.186039 ,0.195948 ,0.250244 ,0.257312 ,0.162635 ,0.303260 ,0.345776 ,0.316303 ,0.196336 ,0.346479 ,0.480535 ,0.281909 ,0.132858
sub-0100903_ses-4,0.167285 ,0.193553 ,0.222491 ,0.163766 ,0.168141 ,0.208542 ,0.126337 ,0.149726 ,0.218351 ,0.139009 ,0.226202 ,0.169161 ,0.179887 ,0.157055 ,0.189029 ,0.165579 ,0.231588 ,0.138209
sub-0100904_ses-1,0.507041 ,0.535351 ,0.687135 ,0.260726 ,0.343094 ,0.279885 ,0.199707 ,0.210300 ,0.782501 ,0.243221 ,0.275445 ,0.212265 ,0.553136 ,0.397164 ,0.797097 ,0.377992 ,0.302367 ,0.420479
sub-0100904_ses-1,0.506350 ,0.436413 ,0.538412 ,0.499431 ,0.344447 ,0.290953 ,0.236727 ,0.179500 ,0.690126 ,0.199884 ,0.455667 ,0.261485 ,0.514097 ,0.375585 ,0.825631 ,0.415780 ,0.320973 ,0.367220
sub-0100904_ses-1,0.618221 ,0.459225 ,0.879684 ,0.382772 ,0.453323 ,0.303562 ,0.340629 ,0.437328 ,0.514820 ,0.245609 ,0.581590 ,0.558456 ,0.457845 ,0.332825 ,0.553518 ,0.549034 ,0.528385 ,0.316295
sub-0100904_ses-1,0.552134 ,0.404258 ,0.638495 ,0.367302 ,0.380614 ,0.399655 ,0.399356 ,0.317946 ,0.541446 ,0.243452 ,0.704012 ,0.429994 ,0.368856 ,0.525356 ,0.586529 ,0.447533 ,0.316142 ,0.327135
sub-0100904_ses-1,0.855973 ,0.878908 ,0.606575 ,0.461152 ,0.629944 ,0.306616 ,0.238639 ,0.153453 ,0.907949 ,0.439497 ,0.387106 ,0.208250 ,1.176603 ,0.584048 ,0.838046 ,0.296554 ,0.454333 ,0.740353
sub-0100904_ses-1,0.361260 ,0.496299 ,0.347830 ,0.190775 ,0.289028 ,0.212348 ,0.164121 ,0.151392 ,0.444773 ,0.212134 ,0.254294 ,0.211713 ,0.324562 ,0.257709 ,0.259031 ,0.257899 ,0.248306 ,0.321760
sub-0100904_ses-1,0.193799 ,0.154488 ,0.133351 ,0.168298 ,0.187321 ,0.141074 ,0.142291 ,0.152407 ,0.162501 ,0.115349 ,0.220478 ,0.181073 ,0.160166 ,0.100095 ,0.230592 ,0.156246 ,0.205494 ,0.138839
sub-0100904_ses-2,0.289362 ,0.161963 ,0.191360 ,0.183007 ,0.164044 ,0.144348 ,0.134063 ,0.193416 ,0.311212 ,0.154989 ,0.334706 ,0.241292 ,0.330277 ,0.233660 ,0.336663 ,0.207805 ,0.250480 ,0.150989
sub-0100904_ses-2,0.311723 ,0.254585 ,0.435135 ,0.291703 ,0.365934 ,0.294712 ,0.278853 ,0.200101 ,0.344585 ,0.186640 ,0.455601 ,0.220689 ,0.256353 ,0.298190 ,0.415037 ,0.229543 ,0.282251 ,0.189328
sub-0100904_ses-2,1.492149 ,2.109938 ,1.904189 ,2.221204 ,2.509247 ,2.593986 ,1.893885 ,0.776009 ,1.557916 ,1.739794 ,1.552170 ,1.040573 ,1.484487 ,0.820209 ,0.540701 ,0.705951 ,0.358234 ,0.916811
sub-0100904_ses-2,0.646790 ,0.218247 ,0.273760 ,0.235945 ,0.266476 ,0.283307 ,0.234424 ,0.204519 ,0.453314 ,0.223749 ,0.363647 ,0.298684 ,0.483104 ,0.456149 ,0.546102 ,0.397395 ,0.512505 ,0.352661
sub-0100904_ses-2,0.250887 ,0.311405 ,0.525956 ,0.322524 ,0.378799 ,0.284498 ,0.216169 ,0.304000 ,0.278461 ,0.241492 ,0.393245 ,0.518219 ,0.312726 ,0.297186 ,0.342197 ,0.271710 ,0.344597 ,0.135624
sub-0100904_ses-3,0.360188 ,0.481617 ,0.362734 ,0.366251 ,0.289560 ,0.240459 ,0.183693 ,0.174680 ,0.903275 ,0.326643 ,0.494391 ,0.387046 ,0.401095 ,0.337142 ,0.697704 ,0.448730 ,0.345798 ,0.210097
sub-0100904_ses-3,0.324839 ,0.444524 ,0.218496 ,0.428015 ,0.245589 ,0.310081 ,0.346308 ,0.236502 ,0.383236 ,0.176717 ,0.414443 ,0.235364 ,0.236293 ,0.156167 ,0.392152 ,0.244135 ,0.320379 ,0.243561
sub-0100904_ses-3,0.535248 ,0.325490 ,0.445319 ,0.284782 ,0.247603 ,0.267946 ,0.164723 ,0.253265 ,0.683991 ,0.193478 ,0.422305 ,0.360411 ,0.562911 ,0.279697 ,0.730975 ,0.343925 ,0.337777 ,0.377566
sub-0100904_ses-3,0.503817 ,0.372783 ,0.242213 ,0.444526 ,0.298682 ,0.304921 ,0.292108 ,0.328244 ,0.881502 ,0.600465 ,0.436627 ,0.477989 ,0.583907 ,0.439106 ,0.661607 ,0.398594 ,0.446089 ,0.325493
sub-0100904_ses-3,0.244523 ,0.325755 ,0.397503 ,0.180455 ,0.194429 ,0.193532 ,0.162005 ,0.142353 ,0.318001 ,0.170196 ,0.239808 ,0.230462 ,0.234940 ,0.170436 ,0.248741 ,0.160693 ,0.203015 ,0.196200
sub-0100904_ses-3,0.217626 ,0.319275 ,0.254603 ,0.163681 ,0.180548 ,0.182570 ,0.134591 ,0.144515 ,0.302387 ,0.160687 ,0.247555 ,0.153930 ,0.259813 ,0.133258 ,0.269256 ,0.118392 ,0.160078 ,0.172882
sub-0100904_ses-4,0.439781 ,0.293207 ,0.209708 ,0.235129 ,0.262576 ,0.234428 ,0.300580 ,0.268016 ,0.343124 ,0.171004 ,0.341922 ,0.281722 ,0.357362 ,0.292517 ,0.476432 ,0.415443 ,0.574839 ,0.233491
sub-0100904_ses-4,0.342637 ,0.232521 ,0.265834 ,0.216902 ,0.218901 ,0.219538 ,0.169822 ,0.290812 ,0.338077 ,0.155301 ,0.372697 ,0.395347 ,0.290603 ,0.161228 ,0.379667 ,0.217640 ,0.216052 ,0.224368
sub-0100904_ses-4,0.345182 ,0.259331 ,0.640289 ,0.282503 ,0.315545 ,0.244268 ,0.227304 ,0.203604 ,0.251962 ,0.257707 ,0.497597 ,0.514296 ,0.299647 ,0.297203 ,0.329598 ,0.557789 ,0.616324 ,0.149047
sub-0100904_ses-4,0.495028 ,0.228354 ,0.235580 ,0.188745 ,0.291025 ,0.248124 ,0.153323 ,0.232220 ,0.335184 ,0.184354 ,0.444849 ,0.302435 ,0.304552 ,0.354419 ,0.782728 ,0.593245 ,0.845774 ,0.351816
sub-0100904_ses-4,0.182146 ,0.194534 ,0.185611 ,0.347973 ,0.212833 ,0.278097 ,0.385418 ,0.320470 ,0.411672 ,0.238475 ,0.616525 ,0.348381 ,0.218054 ,0.257099 ,0.229610 ,0.161643 ,0.356781 ,0.123030
sub-0100904_ses-4,0.165699 ,0.212176 ,0.237418 ,0.143968 ,0.168017 ,0.263006 ,0.147791 ,0.191398 ,0.249325 ,0.127136 ,0.225427 ,0.186310 ,0.196900 ,0.122677 ,0.168357 ,0.173248 ,0.163504 ,0.102699
sub-0100904_ses-4,0.203903 ,0.191965 ,0.257308 ,0.191615 ,0.135983 ,0.149785 ,0.115632 ,0.140508 ,0.208448 ,0.150225 ,0.138277 ,0.112247 ,0.221035 ,0.132150 ,0.189588 ,0.158738 ,0.141409 ,0.132743
sub-0101100_ses-1,0.274215 ,0.305368 ,0.289131 ,0.188021 ,0.206626 ,0.149990 ,0.153423 ,0.124506 ,0.426459 ,0.170933 ,0.189899 ,0.184710 ,0.174499 ,0.156472 ,0.205191 ,0.214042 ,0.236182 ,0.276795
sub-0101100_ses-1,0.295453 ,0.328894 ,0.278620 ,0.204652 ,0.241694 ,0.131455 ,0.146143 ,0.089767 ,0.286956 ,0.144717 ,0.181400 ,0.184065 ,0.146013 ,0.141104 ,0.223842 ,0.189987 ,0.173214 ,0.226505
sub-0101100_ses-1,0.237152 ,0.354253 ,0.310684 ,0.194117 ,0.247001 ,0.134881 ,0.113980 ,0.183432 ,0.380576 ,0.213317 ,0.174207 ,0.152545 ,0.128661 ,0.154096 ,0.218375 ,0.150735 ,0.209984 ,0.280944
sub-0101101_ses-1,0.143695 ,0.233770 ,0.203100 ,0.170056 ,0.145703 ,0.142410 ,0.144035 ,0.116879 ,0.237275 ,0.152018 ,0.203382 ,0.189809 ,0.131325 ,0.158167 ,0.120350 ,0.150040 ,0.191970 ,0.192587
sub-0101101_ses-1,0.187973 ,0.277719 ,0.182932 ,0.227494 ,0.154439 ,0.161475 ,0.133138 ,0.126092 ,0.310251 ,0.178576 ,0.191556 ,0.125822 ,0.137776 ,0.080676 ,0.109582 ,0.159234 ,0.191688 ,0.143224
sub-0101101_ses-1,0.143030 ,0.248476 ,0.171626 ,0.196481 ,0.134036 ,0.159913 ,0.112892 ,0.110591 ,0.262603 ,0.161234 ,0.165475 ,0.126376 ,0.089864 ,0.111748 ,0.144195 ,0.107570 ,0.160641 ,0.164669
sub-0101102_ses-1,0.257306 ,0.278539 ,0.185209 ,0.214969 ,0.176002 ,0.218327 ,0.167343 ,0.138869 ,0.335056 ,0.142835 ,0.249648 ,0.192112 ,0.184024 ,0.181663 ,0.332820 ,0.131394 ,0.213157 ,0.245121
sub-0101102_ses-1,0.296567 ,0.243488 ,0.174339 ,0.181476 ,0.128495 ,0.175096 ,0.149362 ,0.200718 ,0.277721 ,0.192031 ,0.274546 ,0.183865 ,0.141692 ,0.141741 ,0.263702 ,0.193702 ,0.188365 ,0.221030
sub-0101102_ses-1,0.228349 ,0.231318 ,0.160378 ,0.214816 ,0.152546 ,0.166371 ,0.178954 ,0.137557 ,0.242133 ,0.164512 ,0.329626 ,0.168555 ,0.174886 ,0.147335 ,0.318737 ,0.123386 ,0.202377 ,0.215710
sub-0101103_ses-1,0.178672 ,0.201624 ,0.168733 ,0.165309 ,0.169859 ,0.157432 ,0.129014 ,0.131276 ,0.271794 ,0.167819 ,0.201178 ,0.157784 ,0.117329 ,0.102078 ,0.185291 ,0.140796 ,0.164572 ,0.190143
sub-0101103_ses-1,0.297501 ,0.217036 ,0.201419 ,0.170616 ,0.237654 ,0.173214 ,0.134767 ,0.098901 ,0.266327 ,0.158736 ,0.229939 ,0.176427 ,0.165656 ,0.159870 ,0.136505 ,0.153176 ,0.203485 ,0.176427
sub-0101103_ses-1,0.241294 ,0.233909 ,0.186621 ,0.219698 ,0.211633 ,0.154768 ,0.131493 ,0.185868 ,0.256258 ,0.148876 ,0.213450 ,0.185605 ,0.110157 ,0.178431 ,0.189208 ,0.153139 ,0.170966 ,0.212889
sub-0101104_ses-1,0.212211 ,0.262079 ,0.183434 ,0.211029 ,0.151676 ,0.150497 ,0.120441 ,0.080180 ,0.201546 ,0.124878 ,0.188609 ,0.173909 ,0.110330 ,0.114990 ,0.132414 ,0.108353 ,0.193566 ,0.157761
sub-0101104_ses-1,0.333175 ,0.279880 ,0.221629 ,0.168041 ,0.173612 ,0.172789 ,0.243904 ,0.118710 ,0.281760 ,0.166811 ,0.251638 ,0.185216 ,0.159745 ,0.137715 ,0.192964 ,0.176644 ,0.208735 ,0.172127
sub-0101104_ses-1,0.217767 ,0.223207 ,0.208732 ,0.205074 ,0.130074 ,0.115167 ,0.172792 ,0.135543 ,0.349902 ,0.172374 ,0.179931 ,0.153069 ,0.156504 ,0.121063 ,0.138923 ,0.179810 ,0.178346 ,0.236578
sub-0101105_ses-1,0.396895 ,0.332221 ,0.352701 ,0.254797 ,0.155042 ,0.175064 ,0.205156 ,0.191517 ,0.288459 ,0.128150 ,0.351589 ,0.206319 ,0.134797 ,0.214961 ,0.365027 ,0.189038 ,0.288231 ,0.109151
sub-0101105_ses-1,0.383680 ,0.306560 ,0.329732 ,0.232276 ,0.173663 ,0.208871 ,0.171002 ,0.192217 ,0.353817 ,0.231204 ,0.329482 ,0.200186 ,0.157433 ,0.172854 ,0.376637 ,0.230218 ,0.266327 ,0.157479
sub-0101105_ses-1,0.423381 ,0.362379 ,0.323566 ,0.218586 ,0.176654 ,0.161976 ,0.169250 ,0.190159 ,0.340865 ,0.183552 ,0.401893 ,0.260799 ,0.176055 ,0.191051 ,0.407362 ,0.208421 ,0.298513 ,0.162171
sub-0101106_ses-1,0.251520 ,0.254690 ,0.227581 ,0.163944 ,0.129959 ,0.176438 ,0.153676 ,0.162807 ,0.248234 ,0.145802 ,0.259928 ,0.243704 ,0.159666 ,0.123717 ,0.313688 ,0.132318 ,0.247605 ,0.176648
sub-0101106_ses-1,0.198922 ,0.323858 ,0.187888 ,0.165134 ,0.155746 ,0.167490 ,0.137369 ,0.233022 ,0.203522 ,0.180451 ,0.227575 ,0.141920 ,0.148014 ,0.121123 ,0.247512 ,0.118544 ,0.160530 ,0.176846
sub-0101106_ses-1,0.172877 ,0.281312 ,0.333772 ,0.181770 ,0.156482 ,0.167878 ,0.196977 ,0.285104 ,0.335744 ,0.134089 ,0.216844 ,0.252463 ,0.201301 ,0.221064 ,0.245128 ,0.213504 ,0.289213 ,0.358569
sub-0101107_ses-1,0.298153 ,0.271339 ,0.264234 ,0.193037 ,0.153471 ,0.150996 ,0.202907 ,0.187873 ,0.316753 ,0.158835 ,0.282223 ,0.189879 ,0.140258 ,0.153990 ,0.298485 ,0.169042 ,0.203542 ,0.223481
sub-0101107_ses-1,0.213889 ,0.307442 ,0.261972 ,0.207583 ,0.225615 ,0.137330 ,0.231124 ,0.190877 ,0.443073 ,0.110594 ,0.356051 ,0.238144 ,0.189289 ,0.217297 ,0.326086 ,0.320477 ,0.256913 ,0.207440
sub-0101107_ses-1,0.435811 ,0.279959 ,0.249657 ,0.222433 ,0.157346 ,0.163150 ,0.170732 ,0.166150 ,0.331469 ,0.183735 ,0.343995 ,0.197174 ,0.119000 ,0.211865 ,0.364824 ,0.212785 ,0.221940 ,0.279025
sub-0101108_ses-1,0.254170 ,0.273332 ,0.202237 ,0.217907 ,0.224472 ,0.197393 ,0.147732 ,0.185258 ,0.347491 ,0.126025 ,0.237096 ,0.189036 ,0.115221 ,0.132061 ,0.160996 ,0.144035 ,0.158503 ,0.217713
sub-0101108_ses-1,0.198552 ,0.339508 ,0.198356 ,0.230837 ,0.272437 ,0.161014 ,0.170161 ,0.181455 ,0.394776 ,0.175463 ,0.286689 ,0.178951 ,0.149155 ,0.116106 ,0.152929 ,0.110850 ,0.170230 ,0.213550
sub-0101108_ses-1,0.226767 ,0.293486 ,0.214928 ,0.197569 ,0.253616 ,0.152250 ,0.131135 ,0.158864 ,0.285352 ,0.139393 ,0.260121 ,0.207472 ,0.161066 ,0.162557 ,0.171931 ,0.117795 ,0.175129 ,0.188449
sub-0101109_ses-1,0.249517 ,0.309497 ,0.196865 ,0.196503 ,0.261361 ,0.149214 ,0.171222 ,0.306527 ,0.441400 ,0.178454 ,0.217452 ,0.167850 ,0.134849 ,0.138888 ,0.225968 ,0.134290 ,0.148081 ,0.289117
sub-0101109_ses-1,0.201427 ,0.244077 ,0.225984 ,0.123384 ,0.199255 ,0.191888 ,0.137033 ,0.152758 ,0.342036 ,0.160622 ,0.246536 ,0.194578 ,0.146787 ,0.123125 ,0.248337 ,0.115382 ,0.142042 ,0.247528
sub-0101109_ses-1,0.309932 ,0.328514 ,0.268693 ,0.219730 ,0.227430 ,0.186806 ,0.137955 ,0.188842 ,0.252419 ,0.173635 ,0.218592 ,0.179820 ,0.163046 ,0.149769 ,0.229607 ,0.125753 ,0.162258 ,0.216379
sub-0101110_ses-1,0.215821 ,0.392300 ,0.261403 ,0.218027 ,0.219909 ,0.188347 ,0.132902 ,0.148116 ,0.346162 ,0.110298 ,0.249350 ,0.163292 ,0.130893 ,0.149126 ,0.199224 ,0.125831 ,0.228246 ,0.169032
sub-0101110_ses-1,0.295551 ,0.368326 ,0.196004 ,0.239508 ,0.287204 ,0.171105 ,0.132375 ,0.185902 ,0.373007 ,0.178043 ,0.339217 ,0.194710 ,0.145864 ,0.158215 ,0.226073 ,0.152579 ,0.185312 ,0.286408
sub-0101110_ses-1,0.211444 ,0.238277 ,0.223412 ,0.269478 ,0.191885 ,0.158486 ,0.133271 ,0.182841 ,0.341806 ,0.199728 ,0.334816 ,0.161594 ,0.147663 ,0.150238 ,0.227848 ,0.121504 ,0.235115 ,0.239986
sub-0101111_ses-1,0.132563 ,0.223201 ,0.187842 ,0.190699 ,0.166305 ,0.140383 ,0.153024 ,0.153300 ,0.207516 ,0.173679 ,0.232709 ,0.193942 ,0.128739 ,0.156983 ,0.154976 ,0.156505 ,0.177831 ,0.166320
sub-0101111_ses-1,0.246478 ,0.254228 ,0.227942 ,0.249145 ,0.157601 ,0.160151 ,0.155084 ,0.101061 ,0.272733 ,0.191174 ,0.239761 ,0.193714 ,0.114678 ,0.167933 ,0.126531 ,0.148924 ,0.272328 ,0.191724
sub-0101111_ses-1,0.207142 ,0.279108 ,0.153038 ,0.300379 ,0.168047 ,0.149365 ,0.141246 ,0.160780 ,0.322234 ,0.143130 ,0.526329 ,0.240693 ,0.182839 ,0.181158 ,0.172681 ,0.155041 ,0.326281 ,0.255743
sub-0101112_ses-1,0.210300 ,0.251428 ,0.193872 ,0.213104 ,0.195324 ,0.108338 ,0.151207 ,0.124567 ,0.272029 ,0.189563 ,0.206241 ,0.152366 ,0.109722 ,0.097967 ,0.127318 ,0.151869 ,0.158481 ,0.197834
sub-0101112_ses-1,0.248497 ,0.330008 ,0.275152 ,0.239628 ,0.219196 ,0.173347 ,0.177461 ,0.168821 ,0.269818 ,0.175248 ,0.244856 ,0.174844 ,0.160534 ,0.184343 ,0.205041 ,0.178118 ,0.174266 ,0.215522
sub-0101112_ses-1,0.320683 ,0.309798 ,0.329607 ,0.191823 ,0.251865 ,0.191848 ,0.170739 ,0.115831 ,0.391184 ,0.148050 ,0.295704 ,0.157040 ,0.204794 ,0.211911 ,0.227020 ,0.183633 ,0.184421 ,0.253675
sub-0101113_ses-1,0.374329 ,0.442785 ,0.251964 ,0.280933 ,0.263945 ,0.237522 ,0.242914 ,0.175358 ,0.390814 ,0.170214 ,0.250194 ,0.233727 ,0.208191 ,0.210414 ,0.367135 ,0.193484 ,0.306730 ,0.268790
sub-0101113_ses-1,0.327040 ,0.398707 ,0.208249 ,0.258255 ,0.236660 ,0.209306 ,0.271880 ,0.188068 ,0.306166 ,0.217053 ,0.289658 ,0.166235 ,0.198812 ,0.134651 ,0.438257 ,0.196232 ,0.270531 ,0.216127
sub-0101113_ses-1,0.412199 ,0.371593 ,0.254646 ,0.330511 ,0.276568 ,0.236476 ,0.308706 ,0.140924 ,0.445167 ,0.219842 ,0.352721 ,0.220490 ,0.222315 ,0.189238 ,0.347261 ,0.228751 ,0.277491 ,0.252449
sub-0101114_ses-1,0.207693 ,0.235126 ,0.217116 ,0.189945 ,0.158247 ,0.156620 ,0.158004 ,0.163759 ,0.244717 ,0.180841 ,0.304350 ,0.208423 ,0.139921 ,0.195954 ,0.160515 ,0.146417 ,0.241729 ,0.151388
sub-0101114_ses-1,0.150037 ,0.250255 ,0.212171 ,0.198303 ,0.174644 ,0.151414 ,0.151238 ,0.152726 ,0.255674 ,0.159485 ,0.198651 ,0.188221 ,0.135986 ,0.115202 ,0.178343 ,0.139890 ,0.190969 ,0.148758
sub-0101114_ses-1,0.171950 ,0.224389 ,0.244147 ,0.215788 ,0.207240 ,0.141422 ,0.180689 ,0.154238 ,0.252883 ,0.169279 ,0.275604 ,0.157308 ,0.171921 ,0.136394 ,0.168554 ,0.129743 ,0.144682 ,0.152314
sub-0101115_ses-1,0.253377 ,0.415892 ,0.257691 ,0.258319 ,0.245815 ,0.172717 ,0.128630 ,0.154119 ,0.376667 ,0.235400 ,0.348018 ,0.201326 ,0.161859 ,0.122280 ,0.242490 ,0.135869 ,0.200388 ,0.253404
sub-0101115_ses-1,0.247885 ,0.383570 ,0.215728 ,0.281633 ,0.285932 ,0.171575 ,0.192606 ,0.231906 ,0.446713 ,0.257748 ,0.235560 ,0.178675 ,0.164245 ,0.155186 ,0.251947 ,0.151032 ,0.217183 ,0.335269
sub-0101115_ses-1,0.268271 ,0.368541 ,0.197024 ,0.309076 ,0.188017 ,0.167772 ,0.167375 ,0.254543 ,0.295898 ,0.307430 ,0.236589 ,0.154113 ,0.164326 ,0.188378 ,0.271992 ,0.231434 ,0.212716 ,0.288112
sub-0101116_ses-1,0.365000 ,0.425080 ,0.212298 ,0.260660 ,0.196401 ,0.154354 ,0.149977 ,0.158750 ,0.327501 ,0.153717 ,0.267389 ,0.135671 ,0.134538 ,0.144464 ,0.277025 ,0.098285 ,0.238384 ,0.210071
sub-0101116_ses-1,0.283831 ,0.298462 ,0.199271 ,0.222111 ,0.210205 ,0.188925 ,0.157233 ,0.141702 ,0.292876 ,0.131329 ,0.365440 ,0.166671 ,0.101208 ,0.150242 ,0.287253 ,0.113564 ,0.348244 ,0.192784
sub-0101116_ses-1,0.302393 ,0.342562 ,0.231551 ,0.182830 ,0.175395 ,0.160714 ,0.170429 ,0.130877 ,0.271042 ,0.178421 ,0.292530 ,0.162041 ,0.140536 ,0.150010 ,0.313310 ,0.127628 ,0.353152 ,0.139989
sub-0101200_ses-1,0.061598 ,0.079147 ,0.073937 ,0.053910 ,0.051255 ,0.074863 ,0.067877 ,0.058849 ,0.069421 ,0.051089 ,0.057918 ,0.082897 ,0.103904 ,0.066590 ,0.093441 ,0.052944 ,0.073775 ,0.041804
sub-0101201_ses-1,0.067861 ,0.103194 ,0.081785 ,0.076166 ,0.073636 ,0.076720 ,0.156413 ,0.093761 ,0.085031 ,0.055409 ,0.080513 ,0.111486 ,0.073604 ,0.047787 ,0.121725 ,0.071200 ,0.075843 ,0.053761
sub-0101202_ses-1,0.083004 ,0.058455 ,0.066724 ,0.051703 ,0.051630 ,0.061872 ,0.083850 ,0.071122 ,0.063294 ,0.047168 ,0.064325 ,0.138161 ,0.063288 ,0.052657 ,0.096566 ,0.072212 ,0.087128 ,0.066995
sub-0101203_ses-1,0.049497 ,0.083888 ,0.068430 ,0.040853 ,0.062795 ,0.077552 ,0.059042 ,0.051429 ,0.078228 ,0.052256 ,0.074795 ,0.067091 ,0.063736 ,0.045220 ,0.069604 ,0.062073 ,0.079119 ,0.041392
sub-0101204_ses-1,0.061652 ,0.073800 ,0.049174 ,0.056417 ,0.052550 ,0.044810 ,0.069016 ,0.052980 ,0.066960 ,0.040800 ,0.068756 ,0.071508 ,0.064029 ,0.040938 ,0.060843 ,0.040809 ,0.060672 ,0.044014
sub-0101205_ses-1,0.080221 ,0.095506 ,0.090177 ,0.050942 ,0.065624 ,0.069735 ,0.089452 ,0.072800 ,0.099851 ,0.055172 ,0.062550 ,0.164743 ,0.081212 ,0.061940 ,0.101291 ,0.074124 ,0.115665 ,0.056967
sub-0101206_ses-1,0.091605 ,0.108983 ,0.101634 ,0.068434 ,0.072609 ,0.068313 ,0.068817 ,0.067487 ,0.069778 ,0.061793 ,0.081225 ,0.078129 ,0.076967 ,0.052426 ,0.073801 ,0.060811 ,0.099099 ,0.034452
sub-0101207_ses-1,0.071602 ,0.093993 ,0.069765 ,0.059866 ,0.068943 ,0.059732 ,0.064509 ,0.058961 ,0.088072 ,0.047272 ,0.078869 ,0.068371 ,0.069297 ,0.053121 ,0.083970 ,0.070973 ,0.095003 ,0.042382
sub-0101208_ses-1,0.127672 ,0.087433 ,0.069829 ,0.048204 ,0.058663 ,0.067249 ,0.078930 ,0.070205 ,0.103985 ,0.051520 ,0.069942 ,0.087307 ,0.103567 ,0.070637 ,0.100974 ,0.072207 ,0.106898 ,0.038822
sub-0101209_ses-1,0.247604 ,0.182674 ,0.158808 ,0.167590 ,0.128015 ,0.136104 ,0.137143 ,0.232000 ,0.209281 ,0.118382 ,0.196857 ,0.265678 ,0.171585 ,0.142569 ,0.271904 ,0.289836 ,0.275844 ,0.107734
sub-0101210_ses-1,0.333221 ,0.155791 ,0.223068 ,0.144397 ,0.139623 ,0.137569 ,0.121360 ,0.202422 ,0.172236 ,0.089217 ,0.138621 ,0.157616 ,0.148423 ,0.129112 ,0.228843 ,0.213091 ,0.166234 ,0.288684
sub-0101211_ses-1,0.300641 ,0.131230 ,0.161511 ,0.094198 ,0.122569 ,0.107438 ,0.184629 ,0.139995 ,0.194461 ,0.091550 ,0.120177 ,0.200988 ,0.129103 ,0.126135 ,0.201656 ,0.170391 ,0.120985 ,0.242483
sub-0101212_ses-1,0.185831 ,0.213502 ,0.251737 ,0.122186 ,0.160913 ,0.149424 ,0.130531 ,0.161174 ,0.145773 ,0.066308 ,0.155193 ,0.117784 ,0.115561 ,0.073036 ,0.103635 ,0.150212 ,0.127004 ,0.104550
sub-0101213_ses-1,0.101218 ,0.085390 ,0.079963 ,0.077680 ,0.090647 ,0.082081 ,0.115183 ,0.089653 ,0.086420 ,0.047067 ,0.077610 ,0.144796 ,0.085723 ,0.063265 ,0.082246 ,0.103918 ,0.115776 ,0.066569
sub-0101214_ses-1,0.104569 ,0.079503 ,0.105129 ,0.066923 ,0.097305 ,0.066536 ,0.074485 ,0.060128 ,0.085720 ,0.068810 ,0.079298 ,0.085557 ,0.076965 ,0.060205 ,0.093855 ,0.075982 ,0.097679 ,0.048380
sub-0101215_ses-1,0.116155 ,0.098302 ,0.073683 ,0.069315 ,0.085870 ,0.099895 ,0.103400 ,0.087190 ,0.091588 ,0.068104 ,0.094743 ,0.139336 ,0.100327 ,0.071697 ,0.100823 ,0.113886 ,0.155623 ,0.055380
sub-0101216_ses-1,0.271007 ,0.213974 ,0.208883 ,0.099783 ,0.112576 ,0.089154 ,0.109510 ,0.176330 ,0.145282 ,0.085341 ,0.154274 ,0.195487 ,0.107869 ,0.136901 ,0.173367 ,0.226817 ,0.151210 ,0.193381
sub-0101217_ses-1,0.176950 ,0.126009 ,0.126456 ,0.090401 ,0.111863 ,0.090892 ,0.137510 ,0.125972 ,0.138944 ,0.084149 ,0.116580 ,0.116180 ,0.079502 ,0.072425 ,0.137471 ,0.188902 ,0.120595 ,0.080098
sub-0101218_ses-1,0.092729 ,0.098585 ,0.101547 ,0.073356 ,0.064576 ,0.067761 ,0.103256 ,0.061342 ,0.090248 ,0.057398 ,0.110062 ,0.116346 ,0.076676 ,0.076736 ,0.092208 ,0.078490 ,0.085784 ,0.059590
sub-0101219_ses-1,0.118364 ,0.088073 ,0.103428 ,0.081463 ,0.081077 ,0.094951 ,0.186012 ,0.072369 ,0.089168 ,0.061487 ,0.146768 ,0.097161 ,0.078344 ,0.061431 ,0.092840 ,0.080098 ,0.111669 ,0.062235
sub-0101220_ses-1,0.137076 ,0.082947 ,0.095390 ,0.062751 ,0.062054 ,0.077915 ,0.138397 ,0.098992 ,0.097073 ,0.064329 ,0.110110 ,0.140896 ,0.070711 ,0.077285 ,0.115903 ,0.073580 ,0.107981 ,0.063863
sub-0101221_ses-1,0.126638 ,0.095049 ,0.118564 ,0.072153 ,0.088603 ,0.094391 ,0.147896 ,0.098975 ,0.126944 ,0.069052 ,0.133477 ,0.128803 ,0.081524 ,0.078924 ,0.132483 ,0.113172 ,0.147840 ,0.096834
sub-0101222_ses-1,0.159466 ,0.108259 ,0.141384 ,0.098897 ,0.097021 ,0.104169 ,0.125976 ,0.098907 ,0.090046 ,0.077837 ,0.082933 ,0.112090 ,0.078133 ,0.078228 ,0.112175 ,0.120586 ,0.114190 ,0.127052
sub-0101223_ses-1,0.109743 ,0.114584 ,0.120470 ,0.085842 ,0.075416 ,0.071672 ,0.106976 ,0.068254 ,0.119720 ,0.065009 ,0.085932 ,0.114335 ,0.073322 ,0.064553 ,0.065190 ,0.068239 ,0.087299 ,0.079822
sub-0101224_ses-1,0.224198 ,0.150772 ,0.185782 ,0.183969 ,0.159276 ,0.136383 ,0.189438 ,0.150200 ,0.185158 ,0.131166 ,0.164701 ,0.166135 ,0.207184 ,0.127614 ,0.207979 ,0.131791 ,0.204476 ,0.058286
sub-0101225_ses-1,0.135448 ,0.104437 ,0.112752 ,0.072972 ,0.082940 ,0.088668 ,0.087606 ,0.099248 ,0.106078 ,0.063471 ,0.101413 ,0.119158 ,0.086242 ,0.078359 ,0.089878 ,0.076232 ,0.085031 ,0.062911
sub-0101300_ses-1,0.241782 ,0.236481 ,0.212948 ,0.239589 ,0.217855 ,0.167548 ,0.149526 ,0.363810 ,0.340491 ,0.147128 ,0.210074 ,0.315136 ,0.196042 ,0.152116 ,0.212474 ,0.182300 ,0.200019 ,0.193409
sub-0101300_ses-1,0.260524 ,0.272528 ,0.207227 ,0.212981 ,0.199917 ,0.155836 ,0.184706 ,0.371928 ,0.308238 ,0.165165 ,0.227974 ,0.286917 ,0.222109 ,0.168436 ,0.237581 ,0.233061 ,0.225865 ,0.177652
sub-0101300_ses-1,0.228675 ,0.304340 ,0.241081 ,0.185022 ,0.202094 ,0.185069 ,0.166367 ,0.492223 ,0.368374 ,0.170530 ,0.226126 ,0.380626 ,0.186184 ,0.140854 ,0.257827 ,0.267491 ,0.227316 ,0.255760
sub-0101300_ses-1,0.238247 ,0.248282 ,0.213622 ,0.255695 ,0.176742 ,0.217101 ,0.184092 ,0.423590 ,0.299075 ,0.147269 ,0.260163 ,0.422407 ,0.224386 ,0.193400 ,0.228612 ,0.223388 ,0.217504 ,0.180900
sub-0101301_ses-1,0.258093 ,0.233341 ,0.186730 ,0.206871 ,0.196296 ,0.202593 ,0.167033 ,0.261138 ,0.279016 ,0.158852 ,0.251675 ,0.252261 ,0.223756 ,0.151250 ,0.226093 ,0.263212 ,0.245435 ,0.206478
sub-0101301_ses-1,0.362052 ,0.295690 ,0.301087 ,0.241814 ,0.157346 ,0.218005 ,0.168841 ,0.326966 ,0.337064 ,0.181589 ,0.241668 ,0.400476 ,0.219289 ,0.176866 ,0.224571 ,0.253462 ,0.226008 ,0.230661
sub-0101301_ses-1,0.303247 ,0.274197 ,0.264265 ,0.321277 ,0.211785 ,0.218240 ,0.136238 ,0.421008 ,0.345174 ,0.197212 ,0.304210 ,0.372850 ,0.207653 ,0.192001 ,0.239684 ,0.252798 ,0.303106 ,0.227497
sub-0101301_ses-1,0.250548 ,0.327995 ,0.284893 ,0.220668 ,0.219417 ,0.262637 ,0.159500 ,0.323961 ,0.419832 ,0.168975 ,0.275531 ,0.301085 ,0.241569 ,0.221866 ,0.229549 ,0.214430 ,0.336132 ,0.198196
sub-0101302_ses-1,0.170770 ,0.238714 ,0.221521 ,0.195263 ,0.166649 ,0.165950 ,0.158657 ,0.188876 ,0.213260 ,0.140211 ,0.195484 ,0.267834 ,0.178853 ,0.155248 ,0.209687 ,0.153141 ,0.210050 ,0.158378
sub-0101302_ses-1,0.248565 ,0.210332 ,0.218889 ,0.217176 ,0.206425 ,0.223790 ,0.167974 ,0.282623 ,0.281251 ,0.181792 ,0.245985 ,0.311994 ,0.192657 ,0.192710 ,0.234781 ,0.206349 ,0.225621 ,0.195416
sub-0101302_ses-1,0.199472 ,0.202226 ,0.204237 ,0.184091 ,0.171471 ,0.207425 ,0.147044 ,0.310738 ,0.243451 ,0.153709 ,0.235110 ,0.321990 ,0.202611 ,0.160455 ,0.212921 ,0.190416 ,0.164719 ,0.192722
sub-0101302_ses-1,0.313221 ,0.252030 ,0.247813 ,0.212133 ,0.175021 ,0.166102 ,0.143331 ,0.405462 ,0.245023 ,0.162045 ,0.253326 ,0.280230 ,0.208393 ,0.181529 ,0.222378 ,0.182403 ,0.220780 ,0.180272
sub-0101303_ses-1,0.344604 ,0.220525 ,0.339948 ,0.208953 ,0.191242 ,0.187043 ,0.188054 ,0.395841 ,0.409236 ,0.122578 ,0.260826 ,0.331609 ,0.184163 ,0.144725 ,0.215916 ,0.264141 ,0.197725 ,0.314673
sub-0101303_ses-1,0.324671 ,0.250849 ,0.284502 ,0.257918 ,0.176531 ,0.192466 ,0.388268 ,0.521461 ,0.342980 ,0.167365 ,0.226183 ,0.486826 ,0.200436 ,0.147386 ,0.219967 ,0.290162 ,0.202983 ,0.193888
sub-0101303_ses-1,0.332986 ,0.254816 ,0.233783 ,0.229249 ,0.155066 ,0.172881 ,0.233062 ,0.483891 ,0.398875 ,0.140404 ,0.242190 ,0.452123 ,0.166540 ,0.167093 ,0.223292 ,0.220978 ,0.196628 ,0.214790
sub-0101303_ses-1,0.197230 ,0.208982 ,0.215245 ,0.179573 ,0.178770 ,0.172105 ,0.199160 ,0.244762 ,0.257165 ,0.150828 ,0.219726 ,0.340648 ,0.193183 ,0.150899 ,0.246962 ,0.191034 ,0.164393 ,0.177725
sub-0101304_ses-1,0.308758 ,0.210286 ,0.258532 ,0.193607 ,0.146857 ,0.154240 ,0.173668 ,0.261159 ,0.285982 ,0.138327 ,0.205098 ,0.282490 ,0.195366 ,0.180275 ,0.233928 ,0.187328 ,0.186113 ,0.151924
sub-0101304_ses-1,0.428896 ,0.222210 ,0.255362 ,0.186720 ,0.186259 ,0.148687 ,0.167715 ,0.278476 ,0.368684 ,0.152098 ,0.218034 ,0.301525 ,0.172667 ,0.158450 ,0.212890 ,0.235567 ,0.220023 ,0.247487
sub-0101304_ses-1,0.381062 ,0.247510 ,0.279367 ,0.198428 ,0.207636 ,0.164506 ,0.175495 ,0.266847 ,0.343254 ,0.173936 ,0.228692 ,0.256568 ,0.177120 ,0.155579 ,0.192474 ,0.183600 ,0.246630 ,0.240544
sub-0101304_ses-1,0.314444 ,0.240722 ,0.241013 ,0.205000 ,0.166144 ,0.160732 ,0.183946 ,0.263846 ,0.337005 ,0.156851 ,0.249756 ,0.271390 ,0.171057 ,0.146841 ,0.220708 ,0.211221 ,0.232715 ,0.216726
sub-0101305_ses-1,0.207907 ,0.215428 ,0.180072 ,0.188138 ,0.144361 ,0.199588 ,0.187759 ,0.314755 ,0.263178 ,0.126049 ,0.279026 ,0.279968 ,0.190340 ,0.124563 ,0.203154 ,0.206651 ,0.211482 ,0.148452
sub-0101305_ses-1,0.220632 ,0.200217 ,0.218542 ,0.226323 ,0.199109 ,0.169712 ,0.146518 ,0.310233 ,0.274037 ,0.145847 ,0.261397 ,0.255399 ,0.204529 ,0.160618 ,0.177421 ,0.200416 ,0.207652 ,0.192881
sub-0101305_ses-1,0.214073 ,0.261960 ,0.212415 ,0.183184 ,0.200578 ,0.202212 ,0.228475 ,0.382433 ,0.285661 ,0.166129 ,0.299515 ,0.249234 ,0.161619 ,0.150668 ,0.243824 ,0.272574 ,0.203534 ,0.214070
sub-0101305_ses-1,0.214533 ,0.245040 ,0.199638 ,0.200257 ,0.204647 ,0.183435 ,0.163903 ,0.308238 ,0.268506 ,0.188158 ,0.227438 ,0.392473 ,0.209737 ,0.136527 ,0.185345 ,0.231803 ,0.236983 ,0.228943
sub-0101306_ses-1,0.174478 ,0.245155 ,0.245961 ,0.214021 ,0.157070 ,0.167360 ,0.142169 ,0.203225 ,0.263702 ,0.144768 ,0.198460 ,0.213118 ,0.169689 ,0.140852 ,0.187287 ,0.147925 ,0.156520 ,0.142387
sub-0101306_ses-1,0.310322 ,0.261723 ,0.200896 ,0.188433 ,0.221520 ,0.171675 ,0.174238 ,0.312155 ,0.338099 ,0.152491 ,0.231314 ,0.245776 ,0.202166 ,0.187273 ,0.256505 ,0.207044 ,0.203857 ,0.183183
sub-0101306_ses-1,0.216039 ,0.242610 ,0.165990 ,0.220011 ,0.190823 ,0.163743 ,0.195069 ,0.321570 ,0.270297 ,0.117565 ,0.240095 ,0.263512 ,0.195094 ,0.155436 ,0.206486 ,0.179871 ,0.189039 ,0.145612
sub-0101306_ses-1,0.252965 ,0.233203 ,0.224899 ,0.221250 ,0.174297 ,0.157962 ,0.140017 ,0.383955 ,0.273206 ,0.150005 ,0.217274 ,0.240598 ,0.171699 ,0.187247 ,0.237547 ,0.279834 ,0.239629 ,0.219124
sub-0101307_ses-1,0.202916 ,0.212866 ,0.201987 ,0.154014 ,0.154292 ,0.164162 ,0.159273 ,0.217819 ,0.230274 ,0.140987 ,0.243316 ,0.229756 ,0.177334 ,0.156365 ,0.207134 ,0.153309 ,0.193008 ,0.170597
sub-0101307_ses-1,0.240074 ,0.235526 ,0.196497 ,0.161674 ,0.171733 ,0.169591 ,0.146720 ,0.214096 ,0.217141 ,0.096615 ,0.208449 ,0.252283 ,0.155351 ,0.160821 ,0.206228 ,0.162917 ,0.206351 ,0.169280
sub-0101307_ses-1,0.317490 ,0.225076 ,0.235655 ,0.176513 ,0.142908 ,0.172443 ,0.143836 ,0.255740 ,0.268202 ,0.122960 ,0.254020 ,0.237573 ,0.192114 ,0.140120 ,0.210277 ,0.201617 ,0.196150 ,0.209796
sub-0101307_ses-1,0.242252 ,0.199404 ,0.213845 ,0.137826 ,0.196545 ,0.176600 ,0.148173 ,0.187320 ,0.248073 ,0.105640 ,0.212908 ,0.222924 ,0.181553 ,0.136716 ,0.207756 ,0.166233 ,0.196918 ,0.185025
sub-0101400_ses-1,0.056309 ,0.076095 ,0.090724 ,0.044944 ,0.042120 ,0.035967 ,0.069367 ,0.040977 ,0.060040 ,0.031745 ,0.047578 ,0.051367 ,0.036406 ,0.031226 ,0.039555 ,0.035307 ,0.052113 ,0.065187
sub-0101401_ses-1,0.097898 ,0.076443 ,0.061345 ,0.054543 ,0.061826 ,0.053752 ,0.072238 ,0.054763 ,0.098005 ,0.045410 ,0.053949 ,0.060309 ,0.071793 ,0.073520 ,0.070355 ,0.072433 ,0.073135 ,0.085259
sub-0101402_ses-1,0.102468 ,0.210818 ,0.180245 ,0.048331 ,0.084545 ,0.069526 ,0.153067 ,0.083205 ,0.104156 ,0.030679 ,0.049020 ,0.103711 ,0.069653 ,0.031883 ,0.073478 ,0.060044 ,0.113496 ,0.107614
sub-0101403_ses-1,0.123257 ,0.138642 ,0.113824 ,0.102238 ,0.076069 ,0.085993 ,0.086594 ,0.113350 ,0.144412 ,0.057340 ,0.120076 ,0.149897 ,0.075062 ,0.067581 ,0.065424 ,0.060721 ,0.073129 ,0.063028
sub-0101502_ses-1,0.445863 ,0.342344 ,0.364106 ,0.224520 ,0.189718 ,0.271380 ,0.440327 ,0.572154 ,0.437338 ,0.235303 ,0.390157 ,0.571053 ,0.235583 ,0.239839 ,0.201569 ,0.380592 ,0.345186 ,0.496902
sub-0101503_ses-1,0.766539 ,0.536424 ,0.573720 ,0.338312 ,0.308785 ,0.542616 ,0.698841 ,1.235370 ,0.899902 ,0.630765 ,0.696935 ,1.301349 ,0.330445 ,0.319214 ,0.488193 ,0.510978 ,0.570790 ,0.424946
sub-0101505_ses-1,0.297678 ,0.385243 ,0.296218 ,0.139416 ,0.158046 ,0.189157 ,0.319710 ,0.309234 ,0.398266 ,0.132790 ,0.151762 ,0.171180 ,0.233102 ,0.157260 ,0.160105 ,0.206269 ,0.183002 ,0.147155
sub-0101600_ses-1,0.091088 ,0.109063 ,0.095818 ,0.068375 ,0.067305 ,0.069661 ,0.059324 ,0.081443 ,0.091774 ,0.048645 ,0.088075 ,0.075380 ,0.050469 ,0.046213 ,0.074523 ,0.048491 ,0.059112 ,0.052536
sub-0101600_ses-1,0.128063 ,0.118574 ,0.130252 ,0.081854 ,0.082585 ,0.101437 ,0.074237 ,0.112947 ,0.095645 ,0.042467 ,0.080149 ,0.094396 ,0.055703 ,0.061040 ,0.061735 ,0.053072 ,0.066600 ,0.054454
sub-0101600_ses-1,0.113900 ,0.134263 ,0.174221 ,0.089217 ,0.074404 ,0.090270 ,0.077178 ,0.117806 ,0.083392 ,0.061711 ,0.088215 ,0.125929 ,0.054237 ,0.047490 ,0.059255 ,0.060835 ,0.066852 ,0.056768
sub-0101600_ses-1,0.291879 ,0.182725 ,0.375533 ,0.159764 ,0.093521 ,0.248537 ,0.242327 ,0.213029 ,0.187956 ,0.094553 ,0.177722 ,0.310995 ,0.091864 ,0.078826 ,0.134520 ,0.103855 ,0.110437 ,0.066859
sub-0101601_ses-1,0.127637 ,0.087430 ,0.112206 ,0.099442 ,0.063626 ,0.088055 ,0.060144 ,0.222646 ,0.121664 ,0.056810 ,0.107634 ,0.113131 ,0.063603 ,0.065690 ,0.081623 ,0.089723 ,0.076760 ,0.068583
sub-0101601_ses-1,0.230668 ,0.150809 ,0.138446 ,0.124292 ,0.088439 ,0.104746 ,0.233127 ,0.380232 ,0.149525 ,0.114051 ,0.145570 ,0.236747 ,0.097712 ,0.089964 ,0.123068 ,0.125114 ,0.141925 ,0.184881
sub-0101601_ses-1,0.282988 ,0.272659 ,0.209562 ,0.163768 ,0.189643 ,0.159379 ,0.352509 ,1.003886 ,0.214724 ,0.123085 ,0.351680 ,0.345249 ,0.189680 ,0.155296 ,0.272749 ,0.361248 ,0.197064 ,0.532880
sub-0101601_ses-1,0.290109 ,0.203906 ,0.191812 ,0.171167 ,0.165032 ,0.172243 ,0.371888 ,1.192684 ,0.232554 ,0.110735 ,0.278274 ,0.402076 ,0.123990 ,0.083024 ,0.204039 ,0.255523 ,0.158753 ,0.600450
sub-0101602_ses-1,0.069694 ,0.083190 ,0.105260 ,0.066017 ,0.080464 ,0.056539 ,0.053656 ,0.172654 ,0.073295 ,0.054108 ,0.087327 ,0.108577 ,0.047712 ,0.041903 ,0.055583 ,0.066678 ,0.062636 ,0.087862
sub-0101602_ses-1,0.142200 ,0.120475 ,0.122647 ,0.110550 ,0.059511 ,0.082091 ,0.131844 ,0.137045 ,0.126027 ,0.074823 ,0.120201 ,0.139916 ,0.065379 ,0.064700 ,0.091051 ,0.160050 ,0.103370 ,0.100609
sub-0101602_ses-1,0.155380 ,0.165980 ,0.135045 ,0.137044 ,0.083801 ,0.103551 ,0.137730 ,0.231591 ,0.114596 ,0.070800 ,0.156949 ,0.177844 ,0.078474 ,0.060818 ,0.122832 ,0.125609 ,0.097637 ,0.140680
sub-0101602_ses-1,0.157070 ,0.146097 ,0.144737 ,0.116733 ,0.090472 ,0.091276 ,0.150035 ,0.210097 ,0.128141 ,0.067257 ,0.129645 ,0.184980 ,0.068671 ,0.079119 ,0.126388 ,0.133314 ,0.113945 ,0.169663
sub-0101603_ses-1,0.143867 ,0.114764 ,0.108038 ,0.072538 ,0.059562 ,0.095232 ,0.161824 ,0.474385 ,0.099560 ,0.101509 ,0.124252 ,0.125128 ,0.074639 ,0.055987 ,0.071296 ,0.158816 ,0.072966 ,0.075660
sub-0101603_ses-1,0.215144 ,0.168742 ,0.194990 ,0.134934 ,0.117535 ,0.151289 ,0.248296 ,0.413772 ,0.129300 ,0.105568 ,0.238531 ,0.168802 ,0.086389 ,0.069380 ,0.097221 ,0.159612 ,0.135826 ,0.085115
sub-0101603_ses-1,0.237463 ,0.172926 ,0.139721 ,0.142016 ,0.133500 ,0.187495 ,0.246872 ,0.565330 ,0.181958 ,0.136613 ,0.208921 ,0.270073 ,0.127610 ,0.088621 ,0.153433 ,0.253982 ,0.125137 ,0.099650
sub-0101603_ses-1,0.283222 ,0.161140 ,0.170380 ,0.143672 ,0.117995 ,0.233558 ,0.277253 ,0.776955 ,0.192085 ,0.139007 ,0.204363 ,0.228451 ,0.150203 ,0.081633 ,0.143807 ,0.247646 ,0.147229 ,0.078353
sub-0101604_ses-1,0.108686 ,0.065833 ,0.111344 ,0.058395 ,0.076083 ,0.049855 ,0.068607 ,0.287952 ,0.112780 ,0.041270 ,0.089671 ,0.084019 ,0.044259 ,0.051373 ,0.057946 ,0.104627 ,0.055536 ,0.041966
sub-0101604_ses-1,0.248130 ,0.105660 ,0.142052 ,0.117510 ,0.099105 ,0.102515 ,0.175554 ,0.553631 ,0.137339 ,0.082474 ,0.142353 ,0.116298 ,0.080845 ,0.080501 ,0.115483 ,0.345850 ,0.118846 ,0.066754
sub-0101604_ses-1,0.235878 ,0.107900 ,0.147134 ,0.138495 ,0.141096 ,0.158065 ,0.241381 ,0.616128 ,0.160670 ,0.105384 ,0.153074 ,0.194804 ,0.079084 ,0.077609 ,0.126563 ,0.278996 ,0.204095 ,0.066180
sub-0101604_ses-1,0.258239 ,0.153780 ,0.165198 ,0.118416 ,0.157686 ,0.184652 ,0.367113 ,0.648609 ,0.176148 ,0.072043 ,0.161582 ,0.209945 ,0.080177 ,0.123401 ,0.186779 ,0.442344 ,0.246719 ,0.094589
sub-0101605_ses-1,0.170501 ,0.131735 ,0.152202 ,0.113276 ,0.122697 ,0.103033 ,0.140157 ,0.344991 ,0.105158 ,0.097124 ,0.106235 ,0.146548 ,0.070896 ,0.076745 ,0.125224 ,0.087579 ,0.085809 ,0.066852
sub-0101605_ses-1,0.234969 ,0.124719 ,0.168957 ,0.119008 ,0.087293 ,0.109826 ,0.158902 ,0.375329 ,0.149434 ,0.088992 ,0.142678 ,0.141500 ,0.063547 ,0.125232 ,0.139131 ,0.132990 ,0.099931 ,0.072253
sub-0101605_ses-1,0.185012 ,0.182552 ,0.181759 ,0.169248 ,0.117706 ,0.152929 ,0.249769 ,0.358698 ,0.146153 ,0.144607 ,0.210626 ,0.160616 ,0.093862 ,0.095281 ,0.194160 ,0.199796 ,0.148497 ,0.103294
sub-0101605_ses-1,0.216806 ,0.194394 ,0.198170 ,0.175736 ,0.121762 ,0.167112 ,0.267378 ,0.439385 ,0.185016 ,0.124364 ,0.207751 ,0.217450 ,0.091348 ,0.148334 ,0.205437 ,0.208094 ,0.145077 ,0.106322
sub-0101606_ses-1,0.072854 ,0.093503 ,0.115097 ,0.076509 ,0.081649 ,0.059190 ,0.068374 ,0.142699 ,0.082230 ,0.046229 ,0.106467 ,0.098952 ,0.055548 ,0.054122 ,0.061470 ,0.058672 ,0.061812 ,0.066975
sub-0101606_ses-1,0.085643 ,0.103270 ,0.131491 ,0.093623 ,0.103494 ,0.096476 ,0.098854 ,0.150030 ,0.081186 ,0.062539 ,0.109941 ,0.104551 ,0.053396 ,0.052074 ,0.073233 ,0.064720 ,0.059284 ,0.057095
sub-0101606_ses-1,0.110277 ,0.118797 ,0.136653 ,0.098847 ,0.143752 ,0.141655 ,0.120252 ,0.270766 ,0.084789 ,0.092667 ,0.154706 ,0.237264 ,0.070355 ,0.066986 ,0.075032 ,0.068866 ,0.076071 ,0.067384
sub-0101606_ses-1,0.134295 ,0.095630 ,0.130895 ,0.105575 ,0.113111 ,0.178592 ,0.151507 ,0.286995 ,0.121657 ,0.079082 ,0.203221 ,0.208801 ,0.056472 ,0.078793 ,0.096696 ,0.069621 ,0.092665 ,0.087711
sub-0300100_ses-1,0.122661 ,0.056709 ,0.044805 ,0.067346 ,0.061115 ,0.031894 ,0.111445 ,0.097790 ,0.164087 ,0.036919 ,0.197054 ,0.069590 ,0.048503 ,0.065640 ,0.096080 ,0.102754 ,0.030142 ,0.054741
sub-0300100_ses-1,0.057019 ,0.021977 ,0.016083 ,0.028417 ,0.051361 ,0.005105 ,0.027217 ,0.044925 ,0.041964 ,0.023536 ,0.050043 ,0.084103 ,0.037560 ,0.016779 ,0.046606 ,0.049113 ,0.028871 ,0.041017
sub-0300100_ses-1,0.167863 ,0.140834 ,0.093667 ,0.103904 ,0.074135 ,0.059434 ,0.080375 ,0.031805 ,0.057415 ,0.049601 ,0.131239 ,0.086785 ,0.044880 ,0.097046 ,0.168721 ,0.062466 ,0.052718 ,0.165288
sub-0300100_ses-1,0.114821 ,0.048012 ,0.055348 ,0.063254 ,0.018809 ,0.022888 ,0.121900 ,0.094960 ,0.002941 ,0.093486 ,0.122953 ,0.080800 ,0.057083 ,0.066766 ,0.044492 ,0.086619 ,0.068120 ,0.078230
sub-0300100_ses-2,0.038986 ,0.045967 ,0.035034 ,0.120933 ,0.033069 ,0.045278 ,0.043310 ,0.032941 ,0.090098 ,0.008928 ,0.062882 ,0.043962 ,0.015025 ,0.015940 ,0.079039 ,0.100364 ,0.065392 ,0.012229
sub-0300100_ses-2,0.074966 ,0.043153 ,0.044387 ,0.036196 ,0.015102 ,0.036275 ,0.056757 ,0.048211 ,0.029226 ,0.026839 ,0.035641 ,0.038417 ,0.022201 ,0.025865 ,0.031957 ,0.034744 ,0.000052 ,0.043458
sub-0300100_ses-2,0.043616 ,0.056075 ,0.058069 ,0.031254 ,0.087949 ,0.029249 ,0.073202 ,0.027417 ,0.073951 ,0.059459 ,0.129354 ,0.040919 ,0.083341 ,0.050733 ,0.090344 ,0.049081 ,0.032027 ,0.041417
sub-0300100_ses-2,0.082925 ,0.056021 ,0.007398 ,0.093161 ,0.080391 ,0.004580 ,0.051077 ,0.010609 ,0.067318 ,0.032274 ,0.030305 ,0.023658 ,0.040340 ,0.014928 ,0.039199 ,0.050588 ,0.046216 ,0.001484
sub-0300100_ses-3,0.035615 ,0.072416 ,0.136222 ,0.034571 ,0.053513 ,0.137171 ,0.025366 ,0.052533 ,0.064163 ,0.056104 ,0.030584 ,0.050242 ,0.061071 ,0.001981 ,0.034096 ,0.022588 ,0.022035 ,0.072957
sub-0300100_ses-3,0.136641 ,0.059650 ,0.052670 ,0.050671 ,0.043089 ,0.065003 ,0.071269 ,0.010124 ,0.032220 ,0.042646 ,0.023512 ,0.045794 ,0.015707 ,0.015924 ,0.041561 ,0.027786 ,0.064099 ,0.077312
sub-0300100_ses-3,0.060054 ,0.031336 ,0.090891 ,0.056451 ,0.075716 ,0.016954 ,0.128501 ,0.029415 ,0.028055 ,0.054094 ,0.085999 ,0.050524 ,0.031144 ,0.076598 ,0.016924 ,0.083663 ,0.057089 ,0.029658
sub-0300100_ses-3,0.108980 ,0.049351 ,0.039451 ,0.064552 ,0.054958 ,0.037020 ,0.053301 ,0.063092 ,0.032300 ,0.052184 ,0.062652 ,0.061972 ,0.025297 ,0.042391 ,0.046748 ,0.036365 ,0.036387 ,0.021833
sub-0300100_ses-4,0.057707 ,0.038605 ,0.090923 ,0.122623 ,0.178184 ,0.032108 ,0.020320 ,0.046779 ,0.026480 ,0.077700 ,0.036766 ,0.069288 ,0.105635 ,0.021490 ,0.094765 ,0.156592 ,0.046017 ,0.010452
sub-0300100_ses-4,0.014005 ,0.052201 ,0.039292 ,0.033360 ,0.001360 ,0.015425 ,0.074390 ,0.029860 ,0.019326 ,0.014195 ,0.036962 ,0.058491 ,0.037205 ,0.019254 ,0.026330 ,0.017881 ,0.022213 ,0.019199
sub-0300100_ses-4,0.074066 ,0.083736 ,0.033624 ,0.021367 ,0.008306 ,0.016472 ,0.042708 ,0.021110 ,0.019794 ,0.080526 ,0.049832 ,0.090846 ,0.039878 ,0.059141 ,0.083754 ,0.036777 ,0.059484 ,0.024743
sub-0300100_ses-4,0.075305 ,0.023794 ,0.061844 ,0.063288 ,0.041038 ,0.020059 ,0.073847 ,0.029897 ,0.072712 ,0.017379 ,0.044986 ,0.069716 ,0.039753 ,0.053386 ,0.036403 ,0.038000 ,0.018806 ,0.062332
sub-0300100_ses-5,0.063250 ,0.031361 ,0.080621 ,0.029523 ,0.036515 ,0.028023 ,0.039260 ,0.068675 ,0.033884 ,0.018108 ,0.040166 ,0.064298 ,0.047264 ,0.034773 ,0.088476 ,0.051411 ,0.035351 ,-0.005878
sub-0300100_ses-5,0.067149 ,0.063973 ,0.030734 ,0.007483 ,-0.000242 ,0.020523 ,0.017544 ,0.039517 ,0.034702 ,0.021221 ,0.035050 ,0.063498 ,0.016454 ,0.026107 ,0.046023 ,0.044714 ,0.044904 ,0.011967
sub-0300100_ses-5,0.121544 ,0.037360 ,0.028269 ,0.056292 ,0.061743 ,0.059059 ,0.032830 ,0.045005 ,0.038420 ,0.041306 ,0.062739 ,0.154293 ,0.028196 ,0.036642 ,0.039819 ,0.068830 ,0.037874 ,0.034655
sub-0300100_ses-5,0.052699 ,0.032593 ,0.057134 ,0.056944 ,0.081658 ,0.085323 ,0.052445 ,0.072621 ,0.049603 ,0.014172 ,0.005685 ,0.035596 ,0.035447 ,0.028597 ,0.057370 ,0.063583 ,0.034420 ,0.061413
sub-0300101_ses-2,0.062498 ,0.100937 ,0.084152 ,0.182684 ,0.060679 ,0.087125 ,0.054820 ,0.071842 ,0.070662 ,0.027945 ,0.099504 ,0.059591 ,0.004542 ,0.048711 ,0.053610 ,0.095738 ,0.080307 ,0.093892
sub-0300101_ses-2,0.043402 ,0.052206 ,0.054703 ,0.044141 ,0.016175 ,0.040784 ,0.036261 ,0.024623 ,0.030060 ,0.028684 ,0.049759 ,0.037513 ,0.043990 ,0.020886 ,0.058311 ,0.028642 ,0.038647 ,0.062601
sub-0300101_ses-2,0.070971 ,0.063907 ,0.018570 ,0.059116 ,0.055926 ,0.026163 ,0.103551 ,0.050641 ,0.133881 ,0.082270 ,0.043548 ,0.040551 ,0.043815 ,0.037036 ,0.102922 ,0.045854 ,0.097041 ,0.062928
sub-0300101_ses-2,0.075790 ,0.131728 ,0.061749 ,0.109387 ,0.124562 ,0.151377 ,0.173648 ,0.067713 ,0.083686 ,0.040817 ,0.255779 ,0.099201 ,0.098019 ,0.069127 ,0.108981 ,0.023069 ,0.039405 ,0.106112
sub-0300101_ses-3,0.162242 ,0.078817 ,0.061744 ,0.100582 ,0.150286 ,0.058103 ,0.084068 ,0.073917 ,0.085585 ,0.016519 ,0.042492 ,0.033965 ,0.034082 ,0.048210 ,0.070505 ,0.019302 ,0.149512 ,0.032433
sub-0300101_ses-3,0.167549 ,0.102483 ,0.034914 ,0.012948 ,0.046128 ,0.025753 ,0.085624 ,0.100866 ,0.197657 ,0.051802 ,0.109845 ,0.033403 ,0.036474 ,0.094844 ,0.024254 ,0.056952 ,0.106373 ,0.027882
sub-0300101_ses-3,0.150861 ,0.044107 ,0.073852 ,0.168654 ,0.015670 ,0.032077 ,0.131639 ,0.050540 ,0.039753 ,0.078287 ,0.057776 ,0.063512 ,0.101247 ,0.066955 ,0.107791 ,0.095351 ,0.065020 ,0.033027
sub-0300101_ses-3,0.135537 ,0.116125 ,0.042597 ,-0.004845 ,0.176491 ,0.033480 ,0.289204 ,0.197683 ,0.147500 ,0.050769 ,0.014470 ,0.205833 ,0.018853 ,0.041749 ,0.160888 ,0.295006 ,0.047968 ,0.032545
sub-0300101_ses-4,0.043940 ,0.050615 ,0.054780 ,0.014683 ,0.005818 ,0.060608 ,0.079974 ,0.095001 ,0.056370 ,-0.001857 ,0.106157 ,0.059330 ,0.069913 ,0.052287 ,0.043209 ,0.070858 ,0.024565 ,0.040971
sub-0300101_ses-4,0.051094 ,0.068650 ,0.110331 ,0.085807 ,0.010736 ,0.028180 ,0.099627 ,0.083844 ,0.041964 ,0.008555 ,0.035347 ,0.072657 ,0.063826 ,0.031049 ,0.014350 ,0.019310 ,0.035531 ,0.019168
sub-0300101_ses-4,0.070123 ,0.143410 ,0.056249 ,0.113215 ,0.039007 ,0.127783 ,0.074581 ,0.060450 ,0.018529 ,-0.008754 ,0.069014 ,0.033809 ,0.125342 ,0.097246 ,0.010884 ,0.050477 ,0.094542 ,0.056086
sub-0300101_ses-4,0.040067 ,0.052890 ,0.055283 ,0.040655 ,0.043808 ,0.051015 ,0.040294 ,0.025112 ,0.020671 ,0.050908 ,0.024564 ,0.069359 ,0.064446 ,0.023916 ,0.056775 ,0.039426 ,0.038686 ,0.009522
sub-0300101_ses-5,0.042411 ,0.073619 ,0.040456 ,0.026115 ,0.062607 ,0.032283 ,0.035234 ,0.050130 ,0.073234 ,0.014169 ,0.086910 ,0.034211 ,0.039498 ,0.026715 ,0.062776 ,0.043709 ,0.006899 ,0.067037
sub-0300101_ses-5,0.078265 ,0.038502 ,0.052998 ,0.038201 ,0.035144 ,0.013913 ,0.015804 ,0.017449 ,0.027000 ,0.018394 ,0.106515 ,0.037897 ,0.045321 ,0.043612 ,0.027527 ,0.049988 ,0.053237 ,0.026267
sub-0300101_ses-5,0.062245 ,0.085195 ,0.059710 ,0.130998 ,0.064044 ,0.072067 ,0.112705 ,0.080094 ,0.095509 ,0.012631 ,0.022762 ,0.060858 ,0.022128 ,0.057077 ,0.116248 ,0.123506 ,0.049879 ,0.045827
sub-0300101_ses-5,0.050802 ,0.118610 ,0.030569 ,0.035945 ,0.025548 ,0.023461 ,0.048202 ,0.027334 ,0.063582 ,0.029672 ,0.107275 ,0.030768 ,0.051687 ,0.100782 ,0.056313 ,0.048741 ,0.057908 ,0.023229
sub-0300101_ses-6,0.067316 ,0.075364 ,0.023582 ,0.079895 ,0.052839 ,0.033490 ,0.094414 ,0.024735 ,0.068648 ,0.067847 ,0.039869 ,0.078956 ,0.049916 ,0.071527 ,0.064881 ,0.061455 ,0.058132 ,0.054173
sub-0300101_ses-6,0.097189 ,0.027453 ,0.067978 ,0.100281 ,0.073822 ,0.071578 ,0.155963 ,0.040595 ,0.067376 ,0.070113 ,0.086927 ,0.029210 ,0.128219 ,0.019688 ,0.114039 ,0.066755 ,0.008718 ,0.015994
sub-0300101_ses-6,0.062922 ,0.051587 ,0.062840 ,0.020258 ,-0.000366 ,0.052471 ,0.045693 ,0.033599 ,0.016795 ,0.031569 ,0.054704 ,0.037392 ,0.011116 ,0.020778 ,0.025850 ,0.117699 ,0.040468 ,0.026874
sub-0300101_ses-6,0.064584 ,0.055018 ,0.001993 ,0.054611 ,0.023486 ,0.018124 ,0.119814 ,0.035550 ,0.086187 ,0.037922 ,0.084454 ,0.035931 ,0.040212 ,0.008925 ,0.054866 ,0.039130 ,0.012476 ,0.053167
sub-0300102_ses-2,0.080220 ,0.042057 ,0.028834 ,0.069232 ,0.034406 ,0.023838 ,0.112942 ,0.029402 ,0.032300 ,0.053408 ,0.023863 ,0.050141 ,0.025742 ,0.106128 ,0.107874 ,0.086492 ,0.047137 ,0.087053
sub-0300102_ses-2,0.097580 ,0.089783 ,0.025514 ,0.026491 ,0.028800 ,0.051580 ,0.080343 ,0.066192 ,0.038292 ,0.018765 ,0.042887 ,0.031211 ,0.042326 ,0.039010 ,0.054847 ,0.039984 ,0.055096 ,0.041472
sub-0300102_ses-2,0.062466 ,0.036493 ,0.139640 ,0.121836 ,0.038011 ,0.175316 ,0.279686 ,0.132799 ,0.064843 ,0.065710 ,0.089350 ,0.035049 ,0.086401 ,0.088619 ,0.104477 ,0.282587 ,0.111270 ,0.109587
sub-0300102_ses-2,0.323764 ,0.175794 ,0.139758 ,0.082501 ,0.059033 ,0.084613 ,0.288958 ,0.047699 ,0.070290 ,0.046112 ,0.076775 ,0.076405 ,0.102890 ,0.111106 ,0.160342 ,0.166621 ,0.065222 ,0.097344
sub-0300102_ses-3,0.189160 ,0.179304 ,0.005814 ,0.103187 ,0.123102 ,0.084522 ,0.118514 ,0.071685 ,0.177064 ,0.019737 ,0.045217 ,0.073548 ,0.024004 ,0.072616 ,0.319523 ,0.106108 ,0.035525 ,0.334913
sub-0300102_ses-3,0.114971 ,0.029852 ,0.068307 ,0.037628 ,0.053762 ,0.019356 ,0.181818 ,0.130776 ,0.082099 ,0.070047 ,0.072418 ,0.112547 ,0.009518 ,0.050531 ,0.054203 ,0.063764 ,0.089384 ,0.051813
sub-0300102_ses-3,0.117798 ,0.020416 ,0.079374 ,0.030302 ,0.028168 ,0.024861 ,0.083175 ,0.030123 ,0.114573 ,0.017300 ,0.050657 ,0.110918 ,0.052045 ,0.043559 ,0.065646 ,0.063461 ,0.100918 ,0.033699
sub-0300102_ses-3,0.075256 ,0.117788 ,0.148678 ,0.070650 ,0.082663 ,0.112670 ,0.081931 ,0.101739 ,0.098066 ,0.070750 ,0.113951 ,0.031833 ,0.088263 ,0.084418 ,0.094698 ,0.087439 ,0.084083 ,-0.003489
sub-0300102_ses-4,0.064533 ,0.077408 ,0.043627 ,0.143414 ,0.092765 ,0.051376 ,0.194067 ,0.059777 ,0.071136 ,0.040646 ,0.078521 ,0.031142 ,0.024477 ,0.021239 ,0.122167 ,0.155406 ,0.083238 ,0.070940
sub-0300102_ses-4,0.098645 ,0.043097 ,0.065836 ,0.101798 ,0.069255 ,0.027448 ,0.152286 ,0.011927 ,0.051640 ,0.045950 ,0.082801 ,0.074542 ,0.030069 ,0.021164 ,0.067276 ,0.067382 ,0.052752 ,0.017605
sub-0300102_ses-4,0.145269 ,0.077188 ,0.047232 ,0.063975 ,0.019773 ,0.095038 ,0.088145 ,0.001512 ,0.042277 ,0.033251 ,0.052495 ,0.115816 ,0.088444 ,0.101724 ,0.111714 ,0.132563 ,0.053384 ,0.018605
sub-0300102_ses-4,0.141407 ,0.069143 ,0.025793 ,0.121620 ,0.104838 ,0.049758 ,0.144174 ,0.064960 ,0.060286 ,0.114453 ,0.058033 ,0.157026 ,0.055683 ,0.023531 ,0.073626 ,0.061465 ,0.090326 ,0.064621
sub-0300102_ses-5,0.070963 ,0.028799 ,0.030645 ,0.076296 ,0.087129 ,0.048220 ,0.167948 ,0.131491 ,0.058008 ,0.120545 ,0.006064 ,0.058276 ,0.076794 ,0.036638 ,0.088124 ,0.095361 ,0.055938 ,0.038451
sub-0300102_ses-5,0.064817 ,0.046735 ,0.005651 ,0.092046 ,0.046106 ,0.078479 ,0.113562 ,0.024060 ,0.040727 ,0.064004 ,0.067290 ,0.071633 ,0.032185 ,0.014953 ,0.060241 ,0.039328 ,0.020519 ,0.034880
sub-0300102_ses-5,0.143400 ,0.096076 ,0.081291 ,0.088655 ,0.127928 ,0.093432 ,0.195075 ,0.053467 ,0.155142 ,0.109806 ,0.067411 ,0.072582 ,0.033207 ,0.038807 ,0.155064 ,0.086684 ,0.069181 ,0.204363
sub-0300102_ses-5,0.103886 ,0.060830 ,0.036688 ,0.019109 ,0.029336 ,0.029503 ,0.081421 ,0.031245 ,0.035986 ,0.059402 ,0.030065 ,0.019038 ,0.031802 ,0.011713 ,0.033933 ,0.021513 ,0.059481 ,0.025591
sub-0300103_ses-2,0.124859 ,0.051044 ,0.024371 ,0.038070 ,0.019028 ,0.036123 ,0.050263 ,0.026821 ,0.031841 ,0.040306 ,0.053185 ,0.080202 ,0.055322 ,0.030168 ,0.063057 ,0.086181 ,0.113622 ,0.023739
sub-0300103_ses-2,0.170843 ,0.043629 ,0.062433 ,0.257007 ,0.049925 ,0.040408 ,0.077515 ,0.147667 ,0.134083 ,0.049497 ,0.096093 ,0.094587 ,0.051078 ,0.092305 ,0.036559 ,0.056972 ,0.047336 ,0.068519
sub-0300103_ses-2,0.131355 ,0.043466 ,0.044900 ,0.101035 ,0.040790 ,0.036698 ,0.237740 ,0.077852 ,0.025348 ,0.028588 ,0.074353 ,0.132017 ,0.092311 ,0.115095 ,0.106443 ,0.174703 ,0.034898 ,0.023831
sub-0300103_ses-2,0.076760 ,0.066173 ,0.069328 ,0.015985 ,0.054423 ,0.023891 ,0.061322 ,0.055839 ,0.033440 ,0.062664 ,0.081059 ,0.089941 ,0.029986 ,0.051451 ,0.037909 ,0.235250 ,0.030466 ,0.131518
sub-0300103_ses-3,0.077670 ,0.025577 ,0.049387 ,0.056195 ,0.067874 ,0.026674 ,0.045231 ,0.042216 ,0.057195 ,0.002344 ,0.094520 ,0.063943 ,0.051188 ,0.024345 ,0.034675 ,0.071667 ,0.074997 ,0.044827
sub-0300103_ses-3,0.291646 ,0.399325 ,0.310104 ,0.150832 ,0.205421 ,0.127946 ,0.132701 ,0.046994 ,0.397707 ,0.036853 ,0.069006 ,0.050177 ,0.149678 ,0.085409 ,0.526770 ,0.304496 ,0.160480 ,0.417243
sub-0300103_ses-3,0.055356 ,0.039118 ,0.048064 ,0.035962 ,0.059758 ,0.070884 ,0.116608 ,0.046063 ,0.096391 ,0.027436 ,0.076593 ,0.081249 ,0.039168 ,0.005788 ,0.083460 ,0.073808 ,0.089584 ,0.039576
sub-0300103_ses-3,0.349331 ,0.115888 ,0.040410 ,0.112200 ,0.044637 ,0.177323 ,0.214301 ,0.154741 ,0.085674 ,0.040028 ,0.109001 ,0.226271 ,0.029515 ,0.094925 ,0.109218 ,0.066947 ,0.180321 ,0.112334
sub-0300103_ses-4,0.074103 ,0.106518 ,0.021565 ,-0.009917 ,0.078898 ,0.042094 ,0.086472 ,0.033005 ,0.088701 ,0.108454 ,0.179543 ,0.182977 ,0.040548 ,0.067553 ,0.057482 ,0.105083 ,0.058551 ,0.021537
sub-0300103_ses-4,0.145984 ,0.052655 ,0.069000 ,0.061234 ,0.037993 ,0.027757 ,0.103477 ,0.055293 ,0.054951 ,0.007700 ,0.034614 ,0.033211 ,0.035751 ,0.045501 ,0.066782 ,0.085321 ,0.078459 ,0.106345
sub-0300103_ses-4,0.239873 ,0.090468 ,0.001274 ,0.103795 ,0.121374 ,0.176274 ,0.080881 ,0.044584 ,0.024374 ,0.015193 ,0.139329 ,0.195879 ,0.100206 ,0.090411 ,0.159713 ,0.090994 ,0.087827 ,0.045858
sub-0300103_ses-4,0.130685 ,0.047843 ,0.039902 ,0.075089 ,0.066000 ,0.114732 ,0.176006 ,0.068328 ,0.107367 ,0.080583 ,0.025368 ,0.093664 ,0.050020 ,0.037126 ,0.024517 ,0.033060 ,0.039686 ,0.042515
sub-0300103_ses-5,0.057520 ,0.055779 ,0.032788 ,0.094672 ,0.018024 ,0.052618 ,0.030708 ,0.066425 ,0.025141 ,0.030052 ,0.049632 ,0.013215 ,0.045408 ,-0.007382 ,0.038026 ,0.021933 ,0.070772 ,0.068979
sub-0300103_ses-5,0.074285 ,0.055639 ,0.051376 ,0.051926 ,0.057850 ,0.016498 ,0.042277 ,0.044244 ,0.044266 ,0.018834 ,0.056025 ,0.051475 ,0.050396 ,0.018553 ,0.044940 ,0.014377 ,0.025765 ,0.028871
sub-0300103_ses-5,0.077720 ,0.029911 ,0.030557 ,0.037498 ,0.036858 ,0.006335 ,0.069634 ,0.073640 ,0.031260 ,0.054503 ,0.043554 ,0.048705 ,0.008072 ,0.012284 ,0.020019 ,0.044111 ,0.023780 ,0.023405
sub-0300103_ses-5,0.117556 ,0.061634 ,0.075846 ,0.114679 ,0.038162 ,0.060248 ,0.075068 ,0.066945 ,0.059501 ,0.033068 ,0.026445 ,0.057328 ,0.054461 ,0.004507 ,0.040473 ,0.070154 ,0.074040 ,0.047724
sub-0300103_ses-6,0.047643 ,0.131631 ,0.046715 ,0.137061 ,0.037711 ,0.069599 ,0.141131 ,0.067173 ,0.099573 ,0.102112 ,0.086006 ,0.039563 ,0.035077 ,0.023047 ,0.093991 ,0.101614 ,0.050884 ,0.089757
sub-0300103_ses-6,0.034153 ,0.044566 ,0.046646 ,0.119956 ,0.078611 ,0.028684 ,0.054696 ,0.047780 ,0.012693 ,0.023564 ,0.046410 ,0.049703 ,0.068248 ,0.019119 ,0.050822 ,0.041262 ,0.052926 ,0.019371
sub-0300103_ses-6,0.183221 ,0.063874 ,0.039466 ,0.103550 ,0.030736 ,0.041089 ,0.071815 ,0.037803 ,0.073126 ,0.020599 ,0.032844 ,0.063958 ,0.087448 ,0.047892 ,0.046235 ,0.028577 ,0.050177 ,0.048707
sub-0300103_ses-6,0.028459 ,0.028511 ,0.023967 ,0.070868 ,0.072998 ,0.032113 ,0.025842 ,0.018580 ,0.069129 ,0.037644 ,0.045978 ,0.030915 ,0.012084 ,0.039862 ,0.071481 ,0.028494 ,0.029699 ,0.037381
sub-0300104_ses-2,0.097632 ,0.192590 ,0.092549 ,0.064952 ,0.076498 ,0.039552 ,0.368675 ,0.129853 ,0.151759 ,0.039521 ,0.116263 ,0.089889 ,-0.017800 ,0.198067 ,0.068610 ,0.024388 ,0.203301 ,0.197788
sub-0300104_ses-2,0.069019 ,0.084939 ,0.055729 ,0.030586 ,0.058215 ,0.055402 ,0.090761 ,0.068153 ,0.078822 ,0.027908 ,0.152998 ,0.082643 ,0.023475 ,0.088893 ,0.084519 ,0.061999 ,0.079339 ,0.042679
sub-0300104_ses-2,0.101750 ,0.061597 ,0.027424 ,0.098478 ,0.060936 ,0.074873 ,0.137198 ,0.012771 ,0.058074 ,0.057517 ,0.074377 ,0.098774 ,0.042481 ,0.053264 ,0.026961 ,0.098511 ,0.038987 ,0.072189
sub-0300104_ses-2,0.106457 ,0.081240 ,0.076826 ,0.089934 ,0.090244 ,0.044562 ,0.050158 ,0.036477 ,0.081095 ,0.080362 ,0.082530 ,0.045798 ,0.041997 ,0.006434 ,0.048389 ,0.045112 ,0.058198 ,0.121751
sub-0300104_ses-3,0.124108 ,0.048720 ,0.042215 ,0.133970 ,0.018918 ,0.023022 ,0.059527 ,0.068804 ,0.024885 ,0.083144 ,0.040595 ,0.052571 ,0.004526 ,0.030099 ,0.012076 ,0.039343 ,0.058171 ,0.033581
sub-0300104_ses-3,0.190534 ,0.233324 ,0.127004 ,0.173088 ,0.208095 ,0.133952 ,0.065684 ,0.069915 ,0.067554 ,0.106392 ,0.076484 ,0.107693 ,0.067249 ,0.143980 ,0.117728 ,0.152479 ,0.097003 ,0.068927
sub-0300104_ses-3,0.076682 ,0.081720 ,0.023006 ,0.077514 ,0.086736 ,0.065262 ,0.093570 ,0.008632 ,0.084866 ,0.067162 ,0.077724 ,0.039835 ,0.043457 ,0.030785 ,0.014034 ,0.076369 ,0.035412 ,0.040571
sub-0300104_ses-3,0.070170 ,0.071144 ,0.104288 ,0.188074 ,0.102357 ,0.114763 ,0.184334 ,0.048499 ,0.067040 ,0.125063 ,0.090640 ,0.071413 ,0.121763 ,0.061075 ,0.027002 ,0.087486 ,0.075184 ,0.049555
sub-0300104_ses-4,0.025397 ,0.056839 ,0.055904 ,0.048222 ,0.047264 ,0.031612 ,0.038463 ,0.108010 ,0.024831 ,0.056854 ,0.140095 ,0.101011 ,0.038104 ,0.010843 ,0.045673 ,0.019959 ,0.027756 ,0.067223
sub-0300104_ses-4,0.062804 ,0.080798 ,0.063757 ,0.104686 ,0.037237 ,0.110679 ,0.080659 ,0.021120 ,0.046650 ,0.070920 ,0.027788 ,0.035711 ,0.034237 ,0.044229 ,0.028813 ,0.097443 ,0.053518 ,0.042989
sub-0300104_ses-4,0.019697 ,0.047152 ,0.031435 ,0.075941 ,0.055533 ,0.024272 ,0.055929 ,0.049614 ,0.040649 ,0.027870 ,0.045153 ,0.060412 ,0.019196 ,0.022078 ,0.065955 ,0.009538 ,0.047636 ,0.021922
sub-0300104_ses-4,0.148410 ,0.080576 ,0.087079 ,0.049321 ,0.049308 ,0.088587 ,0.134450 ,0.052657 ,0.164006 ,0.039591 ,0.168983 ,0.047835 ,0.051668 ,-0.014394 ,0.187231 ,0.089054 ,0.018228 ,0.077875
sub-0300104_ses-5,0.059285 ,0.034748 ,0.055297 ,0.076854 ,0.087762 ,0.035814 ,0.065266 ,0.022780 ,0.018610 ,0.101101 ,0.036868 ,0.039358 ,0.027899 ,-0.007054 ,0.104309 ,0.063054 ,0.058637 ,0.035442
sub-0300104_ses-5,0.078060 ,0.096780 ,0.075541 ,0.050227 ,0.085170 ,0.076823 ,0.027754 ,0.018630 ,0.093140 ,0.023359 ,0.072351 ,0.066453 ,0.027634 ,0.104359 ,0.037835 ,0.073198 ,0.072306 ,0.055328
sub-0300104_ses-5,0.043042 ,0.109045 ,0.067358 ,0.039348 ,0.029497 ,0.030265 ,0.078927 ,0.010920 ,0.028758 ,0.049433 ,0.096711 ,0.036830 ,-0.006544 ,0.031171 ,0.039299 ,0.078994 ,0.052753 ,0.036717
sub-0300104_ses-5,0.101502 ,0.158640 ,0.033297 ,0.168932 ,0.035955 ,0.096612 ,0.133907 ,0.052265 ,0.025723 ,0.091197 ,0.114541 ,0.082980 ,0.050577 ,0.076838 ,0.023227 ,0.075237 ,0.144305 ,0.058008
sub-0300104_ses-6,0.090863 ,0.164266 ,0.023704 ,0.088234 ,0.031022 ,0.100409 ,0.046272 ,0.045850 ,0.038195 ,0.051099 ,0.084473 ,0.068971 ,0.042944 ,0.026140 ,0.044552 ,0.065028 ,0.076364 ,0.076433
sub-0300104_ses-6,0.029607 ,0.104734 ,0.114485 ,0.060804 ,0.066214 ,0.046084 ,0.033956 ,0.040155 ,0.054573 ,0.064314 ,0.046793 ,0.026392 ,0.002599 ,0.024223 ,0.031296 ,0.061264 ,0.049069 ,0.059851
sub-0300104_ses-6,0.085170 ,0.116275 ,0.089559 ,0.123744 ,0.085217 ,0.024759 ,0.069345 ,0.026881 ,0.085737 ,0.025262 ,0.029952 ,0.058161 ,0.040658 ,0.052735 ,0.052991 ,0.062988 ,0.048001 ,0.045587
sub-0300104_ses-6,0.041471 ,0.080164 ,0.053867 ,0.102623 ,0.056575 ,0.018275 ,0.077993 ,0.048698 ,0.094034 ,0.078708 ,0.041769 ,0.081258 ,0.071276 ,0.061691 ,0.094846 ,0.127890 ,0.001034 ,0.061723
sub-0300105_ses-2,0.035142 ,0.044709 ,0.033514 ,0.128049 ,-0.023297 ,0.053205 ,0.020462 ,0.085943 ,0.058085 ,0.022722 ,0.042177 ,0.083941 ,0.060908 ,0.006403 ,0.034026 ,0.078395 ,0.018693 ,0.017265
sub-0300105_ses-2,0.094184 ,0.088500 ,0.005580 ,0.144543 ,0.035022 ,0.108418 ,0.061190 ,0.062449 ,0.087681 ,0.070824 ,0.086405 ,0.045105 ,0.029636 ,0.050543 ,0.092506 ,0.046221 ,0.045501 ,0.037141
sub-0300105_ses-2,0.140831 ,0.026875 ,0.018843 ,0.038030 ,0.012866 ,0.041040 ,0.037870 ,0.085622 ,0.043751 ,0.040756 ,0.086228 ,0.042418 ,0.030236 ,0.023551 ,0.031748 ,0.159787 ,0.054541 ,0.043527
sub-0300105_ses-2,0.120440 ,0.092930 ,0.019459 ,0.120812 ,0.063017 ,0.038894 ,0.066663 ,0.039202 ,0.124379 ,0.109372 ,0.047849 ,0.017978 ,0.038032 ,-0.002584 ,0.104239 ,0.098024 ,0.072169 ,0.122700
sub-0300105_ses-3,0.099778 ,0.111013 ,0.051981 ,0.045671 ,0.063229 ,0.069213 ,0.027836 ,0.092993 ,0.133974 ,0.037945 ,0.117817 ,0.051368 ,0.082837 ,0.016536 ,0.045464 ,0.062269 ,0.055131 ,0.062430
sub-0300105_ses-3,0.058688 ,0.124359 ,0.037727 ,0.106040 ,0.110853 ,0.063729 ,0.102050 ,0.014392 ,0.055264 ,0.119955 ,0.106701 ,0.035351 ,0.029343 ,0.167604 ,0.090609 ,0.060914 ,0.116595 ,0.027181
sub-0300105_ses-3,0.098701 ,0.149035 ,0.091782 ,0.070500 ,0.054422 ,0.071714 ,0.140954 ,0.080838 ,0.133946 ,0.063901 ,0.062418 ,0.093401 ,0.041567 ,0.087711 ,0.003782 ,0.146556 ,0.079178 ,0.121042
sub-0300105_ses-3,0.125410 ,0.085195 ,0.047121 ,0.280126 ,0.085030 ,0.026795 ,0.040289 ,0.082232 ,0.079859 ,0.071520 ,0.078067 ,0.053166 ,0.021760 ,0.032854 ,0.062022 ,0.034740 ,0.070394 ,0.022684
sub-0300105_ses-4,0.081741 ,0.199414 ,0.001334 ,0.172006 ,0.068313 ,0.025095 ,0.105397 ,0.070881 ,0.061322 ,0.055218 ,0.047429 ,0.125768 ,0.069489 ,0.021203 ,0.057162 ,0.077499 ,0.044914 ,0.057280
sub-0300105_ses-4,0.067024 ,0.069450 ,0.029480 ,0.156378 ,0.065630 ,0.076812 ,0.051198 ,0.029254 ,0.045343 ,0.095472 ,0.044952 ,0.075111 ,0.071456 ,0.037235 ,0.133414 ,0.095155 ,0.089856 ,0.076113
sub-0300105_ses-4,0.150359 ,0.095434 ,0.074319 ,0.142082 ,0.069593 ,0.083821 ,0.071174 ,0.018959 ,0.040793 ,0.119813 ,0.072707 ,0.157592 ,0.051372 ,0.025899 ,0.052946 ,0.049629 ,0.103182 ,0.161639
sub-0300105_ses-4,0.080111 ,0.093010 ,0.032404 ,0.087246 ,0.059420 ,0.074543 ,0.098330 ,0.049574 ,0.037462 ,0.025759 ,0.069111 ,0.122560 ,0.044231 ,0.102714 ,0.037298 ,0.084107 ,0.029612 ,0.054814
sub-0300105_ses-5,0.048204 ,0.040105 ,0.023689 ,0.060112 ,0.071537 ,0.033085 ,0.060851 ,0.027530 ,0.070844 ,0.047213 ,0.062684 ,0.068907 ,0.034443 ,0.030515 ,0.087932 ,0.081806 ,0.085567 ,0.012161
sub-0300105_ses-5,0.086274 ,0.030287 ,0.037817 ,0.057153 ,0.092122 ,0.050749 ,0.050474 ,0.037974 ,0.110400 ,0.023829 ,0.067685 ,0.045703 ,0.071057 ,0.108103 ,0.059148 ,0.114698 ,0.047829 ,0.057566
sub-0300105_ses-5,0.080510 ,0.066842 ,0.120884 ,0.086965 ,0.100158 ,0.024045 ,0.100367 ,0.052628 ,0.079445 ,0.066778 ,0.072506 ,0.039520 ,0.035291 ,0.069137 ,0.052897 ,0.026327 ,0.046184 ,0.009596
sub-0300105_ses-5,0.104159 ,0.026433 ,0.112479 ,0.093341 ,0.055624 ,0.065048 ,0.051224 ,0.059537 ,0.100829 ,0.012953 ,0.047076 ,0.115864 ,0.024142 ,0.051633 ,0.025923 ,0.078717 ,0.020330 ,0.018833
sub-0300200_ses-1,0.135693 ,0.122310 ,0.138596 ,0.097256 ,0.087473 ,0.109140 ,0.310346 ,0.256366 ,0.181266 ,0.134386 ,0.182357 ,0.239895 ,0.114115 ,0.082295 ,0.109831 ,0.222814 ,0.164854 ,0.125426
sub-0300201_ses-1,0.275640 ,0.275903 ,0.228496 ,0.132258 ,0.131597 ,0.271874 ,0.495146 ,0.446871 ,0.301445 ,0.179112 ,0.255392 ,0.278314 ,0.203296 ,0.147672 ,0.136370 ,0.277206 ,0.187446 ,0.356753
sub-0300202_ses-1,0.296490 ,0.161275 ,0.146893 ,0.200683 ,0.138839 ,0.213818 ,0.198646 ,0.258339 ,0.173183 ,0.091772 ,0.231036 ,0.270520 ,0.121395 ,0.105423 ,0.115590 ,0.302791 ,0.142407 ,0.114100
sub-0300203_ses-1,0.191668 ,0.115146 ,0.163985 ,0.172886 ,0.125615 ,0.169411 ,0.157923 ,0.248629 ,0.205288 ,0.090098 ,0.169963 ,0.242577 ,0.096729 ,0.096812 ,0.106202 ,0.221851 ,0.157086 ,0.108151
sub-0300204_ses-1,0.196246 ,0.158042 ,0.131894 ,0.152970 ,0.077428 ,0.219142 ,0.181167 ,0.215305 ,0.212533 ,0.102709 ,0.194062 ,0.188933 ,0.135184 ,0.107096 ,0.119170 ,0.273928 ,0.168040 ,0.101252
sub-0300205_ses-1,0.202477 ,0.198361 ,0.162303 ,0.124158 ,0.128177 ,0.137894 ,0.107268 ,0.244968 ,0.208672 ,0.098967 ,0.139092 ,0.213495 ,0.165810 ,0.155083 ,0.188638 ,0.142721 ,0.123180 ,0.053828
sub-0300206_ses-1,0.214255 ,0.166456 ,0.153161 ,0.123072 ,0.116186 ,0.218078 ,0.319634 ,0.270823 ,0.269100 ,0.115321 ,0.206218 ,0.157496 ,0.139571 ,0.106380 ,0.139266 ,0.311178 ,0.167326 ,0.298793
sub-0300207_ses-1,0.186079 ,0.149025 ,0.105793 ,0.150631 ,0.113055 ,0.103329 ,0.130662 ,0.188176 ,0.152304 ,0.105415 ,0.284747 ,0.170303 ,0.106997 ,0.077020 ,0.126273 ,0.140791 ,0.145856 ,0.133886
sub-0300208_ses-1,0.325660 ,0.191034 ,0.148626 ,0.150717 ,0.176663 ,0.141596 ,0.226723 ,0.267393 ,0.194621 ,0.093849 ,0.528651 ,0.182864 ,0.120407 ,0.146252 ,0.149806 ,0.291051 ,0.208942 ,0.135098
sub-0300209_ses-1,0.253134 ,0.138490 ,0.133499 ,0.167570 ,0.116479 ,0.151740 ,0.353683 ,0.214158 ,0.168132 ,0.122639 ,0.490768 ,0.238860 ,0.127356 ,0.115081 ,0.127462 ,0.297068 ,0.200503 ,0.227389
sub-0300300_ses-1,0.331851 ,0.320456 ,0.163543 ,0.270722 ,0.214941 ,0.155974 ,0.341894 ,0.286476 ,0.232742 ,0.230301 ,0.334836 ,0.313186 ,0.186912 ,0.158072 ,0.259500 ,0.239553 ,0.255500 ,0.172956
sub-0300300_ses-1,0.415903 ,0.295457 ,0.182959 ,0.210705 ,0.268684 ,0.205451 ,0.537363 ,0.319009 ,0.262843 ,0.221361 ,0.256048 ,0.247732 ,0.308313 ,0.237883 ,0.301906 ,0.430234 ,0.241222 ,0.207989
sub-0300300_ses-1,0.242664 ,0.240429 ,0.239516 ,0.380568 ,0.218608 ,0.254106 ,0.424610 ,0.229689 ,0.298578 ,0.212227 ,0.301757 ,0.368536 ,0.232182 ,0.169072 ,0.285365 ,0.219204 ,0.276773 ,0.173936
sub-0300300_ses-1,0.602674 ,0.364532 ,0.221158 ,0.374147 ,0.296265 ,0.448935 ,0.425230 ,0.312904 ,0.324686 ,0.282498 ,0.388270 ,0.323346 ,0.301053 ,0.210406 ,0.383648 ,0.417929 ,0.336987 ,0.265967
sub-0300300_ses-2,0.934702 ,0.390142 ,0.242487 ,0.336290 ,0.279488 ,0.243416 ,0.344620 ,0.321076 ,0.372169 ,0.234875 ,0.347301 ,0.315614 ,0.241664 ,0.194814 ,0.343699 ,0.607319 ,0.271427 ,0.226667
sub-0300300_ses-2,0.814553 ,0.274832 ,0.233168 ,0.237215 ,0.212796 ,0.190385 ,0.283098 ,0.287330 ,0.361802 ,0.229201 ,0.301582 ,0.298197 ,0.323444 ,0.234022 ,0.261968 ,0.604039 ,0.232469 ,0.265140
sub-0300300_ses-2,0.450315 ,0.307364 ,0.232734 ,0.297017 ,0.286708 ,0.283639 ,0.389661 ,0.331560 ,0.342503 ,0.221564 ,0.310122 ,0.295961 ,0.249889 ,0.227381 ,0.340984 ,0.466917 ,0.272832 ,0.573512
sub-0300300_ses-2,0.816958 ,0.327174 ,0.220639 ,0.262849 ,0.246065 ,0.244773 ,0.252355 ,0.300330 ,0.378301 ,0.199366 ,0.318853 ,0.328618 ,0.352003 ,0.172349 ,0.263984 ,0.591993 ,0.286830 ,0.176705
sub-0300300_ses-3,0.400209 ,0.295184 ,0.258366 ,0.229731 ,0.252916 ,0.237206 ,0.232439 ,0.245758 ,0.277281 ,0.194084 ,0.222207 ,0.237864 ,0.242595 ,0.196842 ,0.260731 ,0.247753 ,0.298164 ,0.185996
sub-0300300_ses-3,0.453597 ,0.306120 ,0.186319 ,0.257394 ,0.271341 ,0.248628 ,0.283427 ,0.297885 ,0.349330 ,0.173474 ,0.282772 ,0.399554 ,0.290388 ,0.264298 ,0.290346 ,0.405831 ,0.282703 ,0.206343
sub-0300300_ses-3,0.414238 ,0.330716 ,0.265240 ,0.300316 ,0.249901 ,0.279052 ,0.362077 ,0.254001 ,0.451462 ,0.208875 ,0.340547 ,0.269314 ,0.286354 ,0.220669 ,0.340943 ,0.425231 ,0.264519 ,0.212529
sub-0300300_ses-3,0.722004 ,0.282462 ,0.277910 ,0.279200 ,0.214242 ,0.248185 ,0.413293 ,0.296367 ,0.349735 ,0.203224 ,0.262771 ,0.446452 ,0.293670 ,0.221613 ,0.369707 ,0.501515 ,0.333875 ,0.199509
sub-0300300_ses-4,1.121241 ,0.395944 ,0.226820 ,0.403794 ,0.240634 ,0.331904 ,0.391141 ,0.274143 ,0.429503 ,0.269961 ,0.322516 ,0.379198 ,0.300892 ,0.224095 ,0.419788 ,0.548170 ,0.212032 ,0.294965
sub-0300300_ses-4,0.739151 ,0.323895 ,0.285277 ,0.298620 ,0.219945 ,0.270748 ,0.253405 ,0.230521 ,0.341457 ,0.173068 ,0.312054 ,0.428753 ,0.355756 ,0.224877 ,0.381691 ,0.521092 ,0.271688 ,0.342692
sub-0300300_ses-4,0.756991 ,0.344077 ,0.248962 ,0.350835 ,0.245545 ,0.259615 ,0.363335 ,0.287024 ,0.342706 ,0.225271 ,0.339521 ,0.486376 ,0.254826 ,0.182468 ,0.363092 ,0.517416 ,0.285167 ,0.341006
sub-0300300_ses-4,0.776408 ,0.324735 ,0.208666 ,0.323768 ,0.246566 ,0.200070 ,0.424040 ,0.344753 ,0.368088 ,0.203270 ,0.424977 ,0.368952 ,0.385913 ,0.203866 ,0.291849 ,0.615298 ,0.332002 ,0.296548
sub-0300300_ses-5,0.301732 ,0.313266 ,0.207822 ,0.232801 ,0.252893 ,0.213913 ,0.220010 ,0.217873 ,0.223357 ,0.162445 ,0.312583 ,0.238730 ,0.234653 ,0.177512 ,0.244028 ,0.238679 ,0.214367 ,0.168178
sub-0300300_ses-5,0.472920 ,0.316450 ,0.265464 ,0.235819 ,0.278398 ,0.231539 ,0.304441 ,0.237473 ,0.257868 ,0.188130 ,0.266242 ,0.350837 ,0.241743 ,0.147063 ,0.243624 ,0.322796 ,0.266526 ,0.217191
sub-0300300_ses-5,0.484265 ,0.264528 ,0.213386 ,0.292606 ,0.264464 ,0.230686 ,0.264232 ,0.278986 ,0.335043 ,0.223250 ,0.248515 ,0.304274 ,0.244034 ,0.163803 ,0.233746 ,0.260137 ,0.233983 ,0.211406
sub-0300300_ses-5,0.317860 ,0.326949 ,0.233135 ,0.307244 ,0.196419 ,0.253463 ,0.320814 ,0.247128 ,0.296684 ,0.175943 ,0.251445 ,0.249155 ,0.190489 ,0.128427 ,0.225065 ,0.234777 ,0.225235 ,0.217898
sub-0300300_ses-6,0.308422 ,0.263998 ,0.221955 ,0.251228 ,0.209771 ,0.240543 ,0.471014 ,0.301734 ,0.313777 ,0.185435 ,0.270260 ,0.295594 ,0.188590 ,0.191550 ,0.304164 ,0.297443 ,0.235002 ,0.176195
sub-0300300_ses-6,0.659820 ,0.458637 ,0.252964 ,0.361597 ,0.262806 ,0.293829 ,0.339226 ,0.339037 ,0.355876 ,0.233472 ,0.341919 ,0.321455 ,0.322068 ,0.184749 ,0.324142 ,0.658131 ,0.352870 ,0.253256
sub-0300300_ses-6,0.674500 ,0.370600 ,0.253993 ,0.298235 ,0.269272 ,0.217575 ,0.384206 ,0.295809 ,0.318886 ,0.215680 ,0.314027 ,0.327801 ,0.221444 ,0.189955 ,0.313545 ,0.574794 ,0.315517 ,0.179743
sub-0300300_ses-6,0.712230 ,0.626170 ,0.283655 ,0.343974 ,0.522852 ,0.369875 ,0.424441 ,0.352663 ,0.421145 ,0.402795 ,0.312163 ,0.321995 ,0.264390 ,0.207525 ,0.358932 ,0.588934 ,0.322283 ,0.297469
sub-0300300_ses-7,0.255145 ,0.211811 ,0.163411 ,0.249328 ,0.200604 ,0.185363 ,0.229734 ,0.208946 ,0.269287 ,0.224168 ,0.200885 ,0.227815 ,0.199085 ,0.158250 ,0.277060 ,0.301354 ,0.256048 ,0.192663
sub-0300300_ses-7,0.670725 ,0.293777 ,0.189018 ,0.249657 ,0.272072 ,0.210129 ,0.309268 ,0.247723 ,0.377492 ,0.212522 ,0.253943 ,0.319686 ,0.236281 ,0.196390 ,0.239636 ,0.423509 ,0.302596 ,0.250648
sub-0300300_ses-7,0.407793 ,0.260390 ,0.229747 ,0.204466 ,0.226273 ,0.198092 ,0.390933 ,0.285611 ,0.242880 ,0.175699 ,0.280098 ,0.297605 ,0.267111 ,0.179815 ,0.334392 ,0.568953 ,0.226757 ,0.230943
sub-0300300_ses-7,0.727175 ,0.364090 ,0.239357 ,0.334946 ,0.306326 ,0.330677 ,0.331533 ,0.261285 ,0.374702 ,0.304397 ,0.299906 ,0.319555 ,0.243675 ,0.232159 ,0.302646 ,0.467447 ,0.329189 ,0.213365
sub-0300301_ses-1,0.638996 ,0.263460 ,0.244891 ,0.299158 ,0.188832 ,0.171511 ,0.502487 ,0.287010 ,0.295363 ,0.235418 ,0.357892 ,0.279129 ,0.392543 ,0.167417 ,0.379819 ,0.824066 ,0.277161 ,0.285193
sub-0300301_ses-1,0.613375 ,0.290741 ,0.280801 ,0.274609 ,0.288485 ,0.215159 ,0.379504 ,0.220610 ,0.294331 ,0.201266 ,0.283648 ,0.258755 ,0.289069 ,0.202910 ,0.317119 ,0.386411 ,0.287774 ,0.261333
sub-0300301_ses-1,0.467197 ,0.316137 ,0.223969 ,0.257184 ,0.192563 ,0.180352 ,0.343127 ,0.208088 ,0.285400 ,0.162274 ,0.375507 ,0.311150 ,0.299882 ,0.170017 ,0.288479 ,0.373377 ,0.248784 ,0.309390
sub-0300301_ses-1,0.774353 ,0.299045 ,0.184803 ,0.349695 ,0.285265 ,0.272979 ,0.484116 ,0.250411 ,0.328134 ,0.160731 ,0.359098 ,0.307398 ,0.299869 ,0.221401 ,0.333997 ,0.523888 ,0.252721 ,0.317525
sub-0300301_ses-2,0.462606 ,0.262402 ,0.209710 ,0.261107 ,0.319316 ,0.187031 ,0.434420 ,0.220813 ,0.326104 ,0.173540 ,0.321700 ,0.241778 ,0.298696 ,0.227270 ,0.323135 ,0.483975 ,0.261583 ,0.255999
sub-0300301_ses-2,0.881397 ,0.380591 ,0.299008 ,0.406334 ,0.286296 ,0.248112 ,0.376468 ,0.267111 ,0.397240 ,0.208727 ,0.330163 ,0.385285 ,0.263995 ,0.236708 ,0.428831 ,0.509684 ,0.339243 ,0.326617
sub-0300301_ses-2,0.664370 ,0.355812 ,0.241441 ,0.303895 ,0.275416 ,0.194477 ,0.282316 ,0.209475 ,0.326938 ,0.216465 ,0.317609 ,0.412935 ,0.334781 ,0.301240 ,0.267492 ,0.547565 ,0.269748 ,0.298744
sub-0300301_ses-2,0.877404 ,0.416725 ,0.266670 ,0.315163 ,0.309474 ,0.218522 ,0.468497 ,0.274831 ,0.451739 ,0.186361 ,0.358273 ,0.316904 ,0.404017 ,0.358120 ,0.360564 ,0.726517 ,0.377081 ,0.388874
sub-0300301_ses-3,0.524341 ,0.304860 ,0.257698 ,0.208028 ,0.170941 ,0.215861 ,0.308116 ,0.288740 ,0.407968 ,0.161383 ,0.311484 ,0.326985 ,0.237351 ,0.188830 ,0.274620 ,0.362992 ,0.269489 ,0.221307
sub-0300301_ses-3,0.832806 ,0.361089 ,0.295810 ,0.349182 ,0.299281 ,0.202045 ,0.515968 ,0.232562 ,0.435056 ,0.194123 ,0.413825 ,0.333350 ,0.302733 ,0.143625 ,0.405380 ,0.601829 ,0.314171 ,0.290924
sub-0300301_ses-3,0.644299 ,0.293043 ,0.292860 ,0.287526 ,0.243506 ,0.211246 ,0.363670 ,0.263537 ,0.375286 ,0.211723 ,0.312461 ,0.338305 ,0.319114 ,0.192655 ,0.274390 ,0.403400 ,0.278451 ,0.233654
sub-0300301_ses-3,0.541812 ,0.298928 ,0.205405 ,0.236662 ,0.176325 ,0.233232 ,0.354854 ,0.236391 ,0.341333 ,0.189028 ,0.287921 ,0.258384 ,0.255173 ,0.224285 ,0.287852 ,0.451230 ,0.266031 ,0.252543
sub-0300301_ses-4,0.513431 ,0.279512 ,0.227614 ,0.257341 ,0.227809 ,0.216843 ,0.393473 ,0.262389 ,0.262333 ,0.141713 ,0.350925 ,0.244750 ,0.205611 ,0.162022 ,0.327790 ,0.533278 ,0.277769 ,0.227582
sub-0300301_ses-4,0.875791 ,0.371127 ,0.316304 ,0.323037 ,0.330441 ,0.265535 ,0.502342 ,0.244642 ,0.404842 ,0.271992 ,0.443022 ,0.333932 ,0.249457 ,0.232370 ,0.413700 ,0.600382 ,0.299044 ,0.352264
sub-0300301_ses-4,1.005037 ,0.318445 ,0.295862 ,0.326988 ,0.255677 ,0.286473 ,0.283575 ,0.175242 ,0.364874 ,0.233455 ,0.357743 ,0.354500 ,0.284018 ,0.186542 ,0.369132 ,0.545748 ,0.296240 ,0.329786
sub-0300301_ses-4,0.812176 ,0.265075 ,0.227329 ,0.258352 ,0.216936 ,0.250756 ,0.351078 ,0.257866 ,0.215548 ,0.193666 ,0.348604 ,0.285493 ,0.239640 ,0.157114 ,0.275941 ,0.608224 ,0.313262 ,0.268066
sub-0300301_ses-5,0.639937 ,0.334091 ,0.302480 ,0.311282 ,0.258391 ,0.266095 ,0.327033 ,0.256706 ,0.347198 ,0.240171 ,0.307755 ,0.379100 ,0.245029 ,0.191707 ,0.328160 ,0.646754 ,0.283748 ,0.259653
sub-0300301_ses-5,0.691129 ,0.348662 ,0.253552 ,0.321489 ,0.268023 ,0.200250 ,0.247149 ,0.204658 ,0.324003 ,0.184165 ,0.272809 ,0.352060 ,0.243053 ,0.227260 ,0.337626 ,0.450248 ,0.277339 ,0.340601
sub-0300301_ses-5,0.981556 ,0.323670 ,0.242020 ,0.390581 ,0.342933 ,0.288020 ,0.600273 ,0.283886 ,0.423180 ,0.242460 ,0.397880 ,0.387142 ,0.311021 ,0.207761 ,0.530030 ,0.742155 ,0.329276 ,0.445254
sub-0300301_ses-5,0.800188 ,0.553309 ,0.336360 ,0.326769 ,0.241397 ,0.235001 ,0.417584 ,0.277501 ,0.407689 ,0.184049 ,0.438588 ,0.350144 ,0.236041 ,0.222220 ,0.357969 ,0.578864 ,0.262462 ,0.532050
sub-0300301_ses-6,0.488473 ,0.380697 ,0.234647 ,0.336773 ,0.247555 ,0.177661 ,0.358991 ,0.219789 ,0.304357 ,0.188052 ,0.314187 ,0.265001 ,0.294880 ,0.187820 ,0.385931 ,0.480150 ,0.226208 ,0.318995
sub-0300301_ses-6,0.540554 ,0.328504 ,0.226620 ,0.237796 ,0.177324 ,0.203688 ,0.398711 ,0.220536 ,0.291424 ,0.174719 ,0.301246 ,0.312576 ,0.272115 ,0.194202 ,0.306858 ,0.461590 ,0.268205 ,0.217255
sub-0300301_ses-6,0.746708 ,0.310817 ,0.241271 ,0.273717 ,0.201137 ,0.194301 ,0.374624 ,0.240823 ,0.244695 ,0.180971 ,0.239646 ,0.300770 ,0.200543 ,0.154098 ,0.289779 ,0.360856 ,0.182358 ,0.216767
sub-0300301_ses-6,0.561862 ,0.278024 ,0.168306 ,0.217660 ,0.204811 ,0.223467 ,0.454213 ,0.286894 ,0.231066 ,0.194617 ,0.242694 ,0.316584 ,0.233913 ,0.156148 ,0.282163 ,0.335013 ,0.241648 ,0.358576
sub-0300301_ses-7,0.448121 ,0.248534 ,0.202443 ,0.227172 ,0.183439 ,0.167354 ,0.352992 ,0.211091 ,0.246988 ,0.137980 ,0.300263 ,0.242961 ,0.192840 ,0.125091 ,0.293338 ,0.347306 ,0.239499 ,0.219115
sub-0300301_ses-7,0.533784 ,0.212537 ,0.229697 ,0.335596 ,0.167890 ,0.185415 ,0.417812 ,0.202101 ,0.293855 ,0.138116 ,0.272999 ,0.284359 ,0.188018 ,0.163435 ,0.276059 ,0.443029 ,0.286806 ,0.193405
sub-0300301_ses-7,0.788850 ,0.336657 ,0.260226 ,0.380404 ,0.197759 ,0.252233 ,0.453983 ,0.224982 ,0.239499 ,0.184451 ,0.334911 ,0.244133 ,0.238965 ,0.128441 ,0.379585 ,0.529554 ,0.261211 ,0.278417
sub-0300301_ses-7,0.449310 ,0.207280 ,0.229781 ,0.253683 ,0.191925 ,0.206357 ,0.380049 ,0.230182 ,0.227349 ,0.165399 ,0.278093 ,0.245738 ,0.232039 ,0.172641 ,0.263887 ,0.367204 ,0.235073 ,0.271282
sub-0300302_ses-1,0.488043 ,0.398967 ,0.248443 ,0.327674 ,0.270307 ,0.183130 ,0.374724 ,0.220351 ,0.324652 ,0.142796 ,0.282354 ,0.270264 ,0.268106 ,0.263050 ,0.302264 ,0.364249 ,0.267853 ,0.347458
sub-0300302_ses-1,1.204158 ,0.375499 ,0.228671 ,0.377981 ,0.310573 ,0.334841 ,0.365088 ,0.283047 ,0.584541 ,0.273263 ,0.306684 ,0.370242 ,0.328344 ,0.318008 ,0.282694 ,0.505034 ,0.279522 ,0.305017
sub-0300302_ses-1,0.579931 ,0.315018 ,0.298006 ,0.393913 ,0.205688 ,0.303098 ,0.399770 ,0.276740 ,0.411604 ,0.250343 ,0.352667 ,0.282630 ,0.270762 ,0.212178 ,0.354925 ,0.687060 ,0.217341 ,0.461305
sub-0300302_ses-1,0.789621 ,0.315183 ,0.325454 ,0.287030 ,0.260879 ,0.336931 ,0.354030 ,0.286625 ,0.450248 ,0.188113 ,0.326257 ,0.345871 ,0.241933 ,0.189471 ,0.333537 ,0.402593 ,0.232206 ,0.298349
sub-0300302_ses-2,0.404995 ,0.308507 ,0.224691 ,0.350516 ,0.260954 ,0.274198 ,0.311090 ,0.255060 ,0.363174 ,0.139558 ,0.274754 ,0.214417 ,0.204660 ,0.134846 ,0.305447 ,0.609869 ,0.271237 ,0.315680
sub-0300302_ses-2,1.608598 ,0.381488 ,0.356586 ,0.371386 ,0.260136 ,0.295336 ,0.379876 ,0.256867 ,0.369072 ,0.272179 ,0.366052 ,0.358547 ,0.262892 ,0.246308 ,0.428625 ,0.599359 ,0.311694 ,0.430447
sub-0300302_ses-2,0.943929 ,0.330793 ,0.296754 ,0.347267 ,0.287509 ,0.259623 ,0.406929 ,0.319587 ,0.382755 ,0.226155 ,0.336927 ,0.314762 ,0.234295 ,0.184443 ,0.333094 ,0.505304 ,0.315302 ,0.407729
sub-0300302_ses-2,1.636048 ,0.405495 ,0.285860 ,0.575301 ,0.274240 ,0.422186 ,0.614336 ,0.339315 ,0.433166 ,0.272565 ,0.388988 ,0.416477 ,0.308724 ,0.233706 ,0.461116 ,0.709702 ,0.276169 ,0.567412
sub-0300302_ses-3,0.356386 ,0.224183 ,0.202170 ,0.192679 ,0.230662 ,0.217399 ,0.296766 ,0.215259 ,0.332604 ,0.124567 ,0.267789 ,0.224946 ,0.188743 ,0.164985 ,0.300580 ,0.395706 ,0.223159 ,0.180961
sub-0300302_ses-3,0.435477 ,0.249372 ,0.250572 ,0.288405 ,0.272294 ,0.220444 ,0.319938 ,0.259092 ,0.308592 ,0.174327 ,0.251005 ,0.275185 ,0.194136 ,0.200127 ,0.308382 ,0.317317 ,0.230134 ,0.258475
sub-0300302_ses-3,0.368679 ,0.214620 ,0.158886 ,0.230479 ,0.183534 ,0.192106 ,0.269153 ,0.236017 ,0.268133 ,0.164883 ,0.243917 ,0.223822 ,0.194962 ,0.162281 ,0.201942 ,0.300656 ,0.250530 ,0.284463
sub-0300302_ses-3,0.588589 ,0.361159 ,0.296604 ,0.309482 ,0.210274 ,0.239157 ,0.358408 ,0.313466 ,0.337934 ,0.224933 ,0.279414 ,0.268905 ,0.200131 ,0.216646 ,0.353412 ,0.349331 ,0.256999 ,0.388560
sub-0300302_ses-4,1.035682 ,0.265900 ,0.250334 ,0.356847 ,0.239293 ,0.205887 ,0.481908 ,0.257384 ,0.389155 ,0.162915 ,0.294201 ,0.313735 ,0.347233 ,0.160096 ,0.335011 ,0.465913 ,0.275130 ,0.334461
sub-0300302_ses-4,0.360060 ,0.242683 ,0.177419 ,0.206113 ,0.209551 ,0.177040 ,0.263537 ,0.203511 ,0.258022 ,0.148608 ,0.276631 ,0.208361 ,0.176437 ,0.150019 ,0.212626 ,0.354056 ,0.194186 ,0.241360
sub-0300302_ses-4,0.862778 ,0.301178 ,0.248397 ,0.431255 ,0.226343 ,0.294134 ,0.507172 ,0.279407 ,0.259160 ,0.236808 ,0.312678 ,0.245543 ,0.245939 ,0.184623 ,0.342392 ,0.435310 ,0.246115 ,0.360536
sub-0300302_ses-4,0.938861 ,0.270007 ,0.198738 ,0.342534 ,0.237594 ,0.240157 ,0.415443 ,0.231006 ,0.435178 ,0.223874 ,0.313110 ,0.301770 ,0.305080 ,0.196644 ,0.293003 ,0.444259 ,0.224393 ,0.314678
sub-0300302_ses-5,0.289447 ,0.225957 ,0.174151 ,0.208386 ,0.194743 ,0.189596 ,0.315448 ,0.244270 ,0.258286 ,0.148009 ,0.250945 ,0.185993 ,0.223756 ,0.161536 ,0.263739 ,0.258291 ,0.246118 ,0.186408
sub-0300302_ses-5,0.298013 ,0.234915 ,0.224011 ,0.212312 ,0.231054 ,0.178825 ,0.285984 ,0.218240 ,0.231804 ,0.152305 ,0.289971 ,0.231962 ,0.196080 ,0.170468 ,0.244454 ,0.233566 ,0.226128 ,0.253525
sub-0300302_ses-5,0.527575 ,0.304656 ,0.250225 ,0.242169 ,0.250298 ,0.266582 ,0.208412 ,0.256331 ,0.302367 ,0.207457 ,0.357056 ,0.353935 ,0.255618 ,0.218155 ,0.275661 ,0.355088 ,0.260413 ,0.318970
sub-0300302_ses-5,0.841493 ,0.351192 ,0.311692 ,0.343487 ,0.314218 ,0.350329 ,0.419297 ,0.286167 ,0.458949 ,0.233352 ,0.308731 ,0.288452 ,0.245170 ,0.188311 ,0.344376 ,0.456944 ,0.287010 ,0.344792
sub-0300302_ses-6,0.720879 ,0.258723 ,0.220768 ,0.175844 ,0.230451 ,0.185484 ,0.242198 ,0.219718 ,0.332600 ,0.209771 ,0.259870 ,0.256103 ,0.195501 ,0.187054 ,0.238922 ,0.316975 ,0.271380 ,0.220656
sub-0300302_ses-6,0.327364 ,0.279115 ,0.225320 ,0.195220 ,0.201651 ,0.234282 ,0.442032 ,0.239805 ,0.259328 ,0.147442 ,0.238547 ,0.349656 ,0.208504 ,0.128478 ,0.270924 ,0.325910 ,0.263322 ,0.214097
sub-0300302_ses-6,0.583367 ,0.412968 ,0.236190 ,0.257360 ,0.244116 ,0.238023 ,0.402796 ,0.213117 ,0.252459 ,0.202866 ,0.267315 ,0.280850 ,0.192184 ,0.145833 ,0.265906 ,0.240609 ,0.226787 ,0.236731
sub-0300302_ses-6,0.649743 ,0.243782 ,0.214664 ,0.343215 ,0.238441 ,0.205162 ,0.393050 ,0.234088 ,0.236347 ,0.188122 ,0.297282 ,0.275497 ,0.207243 ,0.205340 ,0.239867 ,0.479313 ,0.248022 ,0.244302
sub-0300302_ses-7,0.304203 ,0.232557 ,0.201433 ,0.159601 ,0.182455 ,0.191216 ,0.231122 ,0.228838 ,0.245507 ,0.143390 ,0.268490 ,0.207818 ,0.201177 ,0.137827 ,0.270172 ,0.285208 ,0.262414 ,0.185107
sub-0300302_ses-7,0.456571 ,0.258084 ,0.239559 ,0.222948 ,0.285522 ,0.286806 ,0.334360 ,0.226142 ,0.264699 ,0.171822 ,0.297101 ,0.324388 ,0.198535 ,0.137627 ,0.270948 ,0.370943 ,0.290470 ,0.234890
sub-0300302_ses-7,0.508125 ,0.205900 ,0.235223 ,0.220585 ,0.209236 ,0.176303 ,0.263550 ,0.199328 ,0.399327 ,0.143272 ,0.301866 ,0.245467 ,0.199661 ,0.160877 ,0.245185 ,0.365398 ,0.230889 ,0.229892
sub-0300302_ses-7,0.364844 ,0.197687 ,0.205127 ,0.200994 ,0.226796 ,0.174959 ,0.351501 ,0.248480 ,0.274792 ,0.167652 ,0.322904 ,0.202752 ,0.180108 ,0.128611 ,0.262083 ,0.321322 ,0.195547 ,0.208632
sub-0300303_ses-1,0.453111 ,0.268073 ,0.262049 ,0.242896 ,0.234457 ,0.211880 ,0.366072 ,0.297175 ,0.363374 ,0.207571 ,0.351929 ,0.257889 ,0.237222 ,0.164485 ,0.303912 ,0.247254 ,0.289982 ,0.208973
sub-0300303_ses-1,0.874941 ,0.505463 ,0.400109 ,0.510660 ,0.313653 ,0.314681 ,0.691042 ,0.349043 ,0.451640 ,0.346704 ,0.446503 ,0.800657 ,0.334091 ,0.246585 ,0.382312 ,0.463715 ,0.424094 ,0.365819
sub-0300303_ses-1,0.722286 ,0.353529 ,0.239430 ,0.399483 ,0.239598 ,0.312066 ,0.457740 ,0.330372 ,0.293388 ,0.221267 ,0.396427 ,0.410796 ,0.266682 ,0.148074 ,0.326234 ,0.435873 ,0.347471 ,0.315848
sub-0300303_ses-1,0.536881 ,0.261125 ,0.245412 ,0.335866 ,0.249418 ,0.277900 ,0.716625 ,0.271706 ,0.337411 ,0.201442 ,0.367968 ,0.399844 ,0.311845 ,0.219567 ,0.401419 ,0.371756 ,0.388619 ,0.291402
sub-0300303_ses-2,0.806491 ,0.547352 ,0.261264 ,0.370541 ,0.367178 ,0.287007 ,0.471732 ,0.387047 ,0.457610 ,0.247102 ,0.433212 ,0.357926 ,0.264145 ,0.175384 ,0.320369 ,0.499550 ,0.327734 ,0.423052
sub-0300303_ses-2,0.742459 ,0.351695 ,0.322517 ,0.294814 ,0.293167 ,0.264093 ,0.756346 ,0.354545 ,0.388470 ,0.214063 ,0.283544 ,0.394532 ,0.259438 ,0.227382 ,0.328419 ,0.601408 ,0.374988 ,0.472017
sub-0300303_ses-2,0.562098 ,0.491730 ,0.229153 ,0.242033 ,0.267538 ,0.238217 ,0.262331 ,0.286016 ,0.337470 ,0.223294 ,0.320493 ,0.470800 ,0.305172 ,0.218554 ,0.301087 ,0.478290 ,0.282988 ,0.253710
sub-0300303_ses-2,0.666071 ,0.291941 ,0.216990 ,0.333919 ,0.268709 ,0.370662 ,0.629156 ,0.309844 ,0.410304 ,0.242408 ,0.374017 ,0.467020 ,0.332106 ,0.224382 ,0.331301 ,0.796597 ,0.388948 ,0.242987
sub-0300303_ses-3,0.392676 ,0.256288 ,0.236942 ,0.262573 ,0.236342 ,0.196504 ,0.282029 ,0.218762 ,0.302083 ,0.194792 ,0.297801 ,0.328482 ,0.195022 ,0.197461 ,0.271098 ,0.423119 ,0.274640 ,0.198718
sub-0300303_ses-3,0.759763 ,0.307382 ,0.234823 ,0.296325 ,0.223797 ,0.240418 ,0.444112 ,0.304844 ,0.345866 ,0.189719 ,0.347621 ,0.281828 ,0.227987 ,0.211721 ,0.219208 ,0.386076 ,0.397538 ,0.230004
sub-0300303_ses-3,0.576046 ,0.322281 ,0.261270 ,0.427969 ,0.248114 ,0.315597 ,0.394044 ,0.342677 ,0.332757 ,0.209156 ,0.368588 ,0.409772 ,0.273809 ,0.207177 ,0.292740 ,0.538533 ,0.268327 ,0.297490
sub-0300303_ses-3,0.363855 ,0.462109 ,0.322939 ,0.304704 ,0.314938 ,0.197414 ,0.318640 ,0.238740 ,0.353365 ,0.201469 ,0.304192 ,0.293234 ,0.224610 ,0.156861 ,0.276068 ,0.401317 ,0.258811 ,0.216558
sub-0300303_ses-4,0.696112 ,0.263747 ,0.273360 ,0.258009 ,0.260921 ,0.257211 ,0.639458 ,0.317802 ,0.362017 ,0.204421 ,0.296042 ,0.412891 ,0.255817 ,0.214836 ,0.293771 ,0.463397 ,0.300122 ,0.190377
sub-0300303_ses-4,0.545337 ,0.421006 ,0.258104 ,0.362291 ,0.365432 ,0.314297 ,0.750059 ,0.358805 ,0.350712 ,0.347530 ,0.306350 ,0.362971 ,0.284300 ,0.210617 ,0.308548 ,0.387389 ,0.305639 ,0.210382
sub-0300303_ses-4,1.937285 ,0.756068 ,0.789899 ,0.522963 ,0.944531 ,0.213302 ,0.290863 ,0.716285 ,0.680834 ,0.543038 ,0.006898 ,0.369562 ,0.815529 ,0.943104 ,1.597417 ,1.486421 ,1.326389 ,0.509183
sub-0300303_ses-4,0.528831 ,0.556509 ,0.283593 ,0.553071 ,0.581258 ,0.309143 ,0.973543 ,0.467574 ,0.485231 ,0.484866 ,0.359124 ,0.313248 ,0.299314 ,0.190100 ,0.403465 ,0.744192 ,0.337119 ,0.255461
sub-0300303_ses-5,0.648871 ,0.337119 ,0.201990 ,0.295912 ,0.263740 ,0.291214 ,0.418290 ,0.180057 ,0.280611 ,0.172391 ,0.309501 ,0.331327 ,0.247239 ,0.205013 ,0.307404 ,0.469836 ,0.286537 ,0.208218
sub-0300303_ses-5,0.873169 ,0.270715 ,0.305027 ,0.306292 ,0.227762 ,0.218179 ,0.274288 ,0.286227 ,0.279382 ,0.213151 ,0.342972 ,0.305516 ,0.261396 ,0.156356 ,0.315940 ,0.405634 ,0.278732 ,0.262829
sub-0300303_ses-5,0.561626 ,0.299662 ,0.227039 ,0.279968 ,0.291150 ,0.230370 ,0.358716 ,0.263269 ,0.291787 ,0.168638 ,0.333287 ,0.326488 ,0.210476 ,0.183558 ,0.316582 ,0.273338 ,0.326953 ,0.244523
sub-0300303_ses-5,0.583290 ,0.354519 ,0.173197 ,0.254596 ,0.298609 ,0.235499 ,0.413750 ,0.291991 ,0.378687 ,0.237431 ,0.272034 ,0.353565 ,0.241925 ,0.203106 ,0.286119 ,0.455280 ,0.306793 ,0.316486
sub-0300303_ses-6,0.698218 ,0.295441 ,0.275938 ,0.291050 ,0.234942 ,0.248580 ,0.456248 ,0.298190 ,0.364843 ,0.202495 ,0.274631 ,0.243452 ,0.341530 ,0.237969 ,0.323213 ,0.492051 ,0.274861 ,0.210977
sub-0300303_ses-6,0.555513 ,0.260204 ,0.241719 ,0.242163 ,0.272874 ,0.259447 ,0.350514 ,0.224158 ,0.295918 ,0.154442 ,0.274614 ,0.282951 ,0.312424 ,0.218876 ,0.229827 ,0.368326 ,0.283210 ,0.243522
sub-0300303_ses-6,0.702407 ,0.356958 ,0.240139 ,0.272303 ,0.303642 ,0.270494 ,0.384459 ,0.228659 ,0.310792 ,0.198540 ,0.327261 ,0.264642 ,0.261431 ,0.236428 ,0.292189 ,0.337183 ,0.279086 ,0.308010
sub-0300303_ses-6,0.735717 ,0.299023 ,0.244989 ,0.377616 ,0.286951 ,0.287416 ,0.399697 ,0.305473 ,0.386803 ,0.218981 ,0.281494 ,0.279772 ,0.226298 ,0.222087 ,0.351244 ,0.294396 ,0.298531 ,0.354713
sub-0300304_ses-1,0.713068 ,0.345690 ,0.299928 ,0.305312 ,0.223364 ,0.282589 ,0.373962 ,0.308241 ,0.251786 ,0.240832 ,0.323388 ,0.310012 ,0.319717 ,0.224159 ,0.264536 ,0.483707 ,0.220365 ,0.174209
sub-0300304_ses-1,0.611498 ,0.408731 ,0.234655 ,0.521179 ,0.236662 ,0.344131 ,0.923054 ,0.347694 ,0.278580 ,0.323015 ,0.381851 ,0.553184 ,0.288907 ,0.241591 ,0.258999 ,0.653211 ,0.292273 ,0.298877
sub-0300304_ses-1,0.606611 ,0.361954 ,0.307991 ,0.377200 ,0.291729 ,0.314580 ,0.590176 ,0.315295 ,0.310492 ,0.227433 ,0.445506 ,0.514421 ,0.245132 ,0.245457 ,0.321539 ,0.509860 ,0.334706 ,0.215649
sub-0300304_ses-1,0.618132 ,0.358323 ,0.267980 ,0.499907 ,0.359395 ,0.293419 ,0.618376 ,0.333353 ,0.367506 ,0.303903 ,0.717740 ,0.480865 ,0.307560 ,0.212407 ,0.294619 ,0.513414 ,0.353360 ,0.263140
sub-0300304_ses-2,0.846530 ,0.351955 ,0.214278 ,0.366881 ,0.264742 ,0.305820 ,0.673076 ,0.310678 ,0.386903 ,0.332540 ,0.377258 ,0.445778 ,0.257960 ,0.187428 ,0.239510 ,0.481406 ,0.300483 ,0.261192
sub-0300304_ses-2,0.838030 ,0.325304 ,0.257589 ,0.381267 ,0.245726 ,0.325586 ,0.292563 ,0.278997 ,0.336775 ,0.276250 ,0.296225 ,0.404293 ,0.264753 ,0.234305 ,0.321696 ,0.401742 ,0.304769 ,0.231293
sub-0300304_ses-2,1.050594 ,0.418014 ,0.237095 ,0.368078 ,0.336702 ,0.352538 ,0.758918 ,0.441394 ,0.338823 ,0.308536 ,0.565328 ,0.513724 ,0.309250 ,0.201507 ,0.462512 ,0.745667 ,0.338454 ,0.249456
sub-0300304_ses-2,0.531808 ,0.216802 ,0.229380 ,0.303740 ,0.311228 ,0.246462 ,0.504400 ,0.305385 ,0.350739 ,0.212093 ,0.310214 ,0.430655 ,0.268252 ,0.223230 ,0.249651 ,0.470329 ,0.320815 ,0.176236
sub-0300304_ses-3,0.808207 ,0.273882 ,0.201930 ,0.438687 ,0.251826 ,0.279233 ,0.403995 ,0.327500 ,0.357169 ,0.293190 ,0.334318 ,0.335493 ,0.269583 ,0.184924 ,0.332034 ,0.469287 ,0.220751 ,0.269014
sub-0300304_ses-3,0.581489 ,0.332771 ,0.186167 ,0.233681 ,0.222243 ,0.199548 ,0.357926 ,0.196688 ,0.281005 ,0.210807 ,0.296800 ,0.290081 ,0.253468 ,0.175312 ,0.278779 ,0.306599 ,0.249669 ,0.190863
sub-0300304_ses-3,1.111324 ,0.617447 ,0.294581 ,0.420764 ,0.328279 ,0.264311 ,0.468349 ,0.316667 ,0.468877 ,0.249247 ,0.338225 ,0.289301 ,0.314957 ,0.228024 ,0.364188 ,0.595901 ,0.264196 ,0.496890
sub-0300304_ses-3,1.055990 ,0.417998 ,0.265914 ,0.359693 ,0.234511 ,0.344694 ,0.453326 ,0.316202 ,0.526259 ,0.272783 ,0.362769 ,0.302210 ,0.358669 ,0.244217 ,0.355221 ,0.659036 ,0.355264 ,0.247388
sub-0300304_ses-4,0.850639 ,0.307181 ,0.285023 ,0.351169 ,0.239005 ,0.279563 ,0.363715 ,0.269638 ,0.393622 ,0.224538 ,0.387053 ,0.428752 ,0.333535 ,0.236301 ,0.292654 ,0.428882 ,0.232949 ,0.222706
sub-0300304_ses-4,0.689575 ,0.463212 ,0.247481 ,0.490085 ,0.287623 ,0.270203 ,0.459708 ,0.276152 ,0.370394 ,0.225877 ,0.346515 ,0.391926 ,0.320305 ,0.216829 ,0.343536 ,0.417545 ,0.321465 ,0.278076
sub-0300304_ses-4,0.929361 ,0.408619 ,0.317962 ,0.476761 ,0.298757 ,0.312716 ,0.448974 ,0.339795 ,0.408890 ,0.236818 ,0.350752 ,0.480635 ,0.381258 ,0.281206 ,0.313075 ,0.525191 ,0.365348 ,0.255441
sub-0300304_ses-4,0.955921 ,0.449365 ,0.262262 ,0.353763 ,0.260445 ,0.334088 ,0.551733 ,0.264024 ,0.405790 ,0.311923 ,0.382214 ,0.393336 ,0.254490 ,0.208802 ,0.394066 ,0.489981 ,0.343045 ,0.291706
sub-0300304_ses-5,0.545899 ,0.246556 ,0.271617 ,0.303132 ,0.234757 ,0.205823 ,0.240884 ,0.256029 ,0.236348 ,0.173077 ,0.249595 ,0.295138 ,0.249720 ,0.173033 ,0.272354 ,0.281421 ,0.263742 ,0.194656
sub-0300304_ses-5,0.839601 ,0.394795 ,0.315857 ,0.419995 ,0.274619 ,0.338353 ,0.427950 ,0.372164 ,0.433023 ,0.271898 ,0.392287 ,0.448810 ,0.327806 ,0.256815 ,0.444655 ,0.480157 ,0.389696 ,0.285517
sub-0300304_ses-5,0.789957 ,0.301781 ,0.214081 ,0.305027 ,0.271733 ,0.234588 ,0.346177 ,0.266633 ,0.402881 ,0.177733 ,0.378792 ,0.345659 ,0.232169 ,0.180869 ,0.319264 ,0.376376 ,0.306449 ,0.251565
sub-0300304_ses-5,0.831251 ,0.384147 ,0.304347 ,0.296591 ,0.247325 ,0.243362 ,0.414052 ,0.335173 ,0.343239 ,0.215641 ,0.305720 ,0.329187 ,0.274409 ,0.190011 ,0.272894 ,0.530518 ,0.354632 ,0.248013
sub-0300304_ses-6,0.724961 ,0.325630 ,0.256172 ,0.259365 ,0.282430 ,0.280915 ,0.514395 ,0.365107 ,0.324599 ,0.216291 ,0.509844 ,0.367514 ,0.267157 ,0.237302 ,0.294429 ,0.748311 ,0.315859 ,0.257858
sub-0300304_ses-6,0.610362 ,0.278007 ,0.257669 ,0.225767 ,0.228833 ,0.197895 ,0.352379 ,0.338234 ,0.360638 ,0.216179 ,0.499420 ,0.300120 ,0.290184 ,0.170459 ,0.232194 ,0.543493 ,0.270929 ,0.222560
sub-0300304_ses-6,0.754516 ,0.396429 ,0.211580 ,0.342326 ,0.213544 ,0.329558 ,0.626855 ,0.368523 ,0.413653 ,0.295745 ,0.453137 ,0.497107 ,0.341089 ,0.233357 ,0.348440 ,0.583688 ,0.316755 ,0.337845
sub-0300304_ses-6,1.040047 ,0.372637 ,0.339328 ,0.437644 ,0.269263 ,0.270851 ,0.520011 ,0.429872 ,0.347621 ,0.302003 ,0.325975 ,0.475808 ,0.284395 ,0.247295 ,0.376819 ,0.466242 ,0.305301 ,0.282491
sub-0300305_ses-1,0.410343 ,0.245783 ,0.301101 ,0.241190 ,0.216306 ,0.183520 ,0.330088 ,0.189269 ,0.385318 ,0.169053 ,0.269240 ,0.331696 ,0.232291 ,0.210478 ,0.313791 ,0.274633 ,0.259921 ,0.212450
sub-0300305_ses-1,0.607710 ,0.373314 ,0.224429 ,0.395849 ,0.346073 ,0.274356 ,0.577844 ,0.241505 ,0.408649 ,0.237902 ,0.358392 ,0.277186 ,0.277548 ,0.241940 ,0.288054 ,0.408561 ,0.345154 ,0.309364
sub-0300305_ses-1,0.563100 ,0.269958 ,0.219695 ,0.329022 ,0.272512 ,0.284830 ,0.541652 ,0.256007 ,0.324273 ,0.235410 ,0.464998 ,0.395514 ,0.245625 ,0.183588 ,0.269979 ,0.266170 ,0.259452 ,0.197133
sub-0300305_ses-1,0.409107 ,0.296231 ,0.280046 ,0.255553 ,0.300086 ,0.173442 ,0.336091 ,0.213131 ,0.315357 ,0.170743 ,0.304068 ,0.259885 ,0.252322 ,0.186971 ,0.258651 ,0.304154 ,0.240989 ,0.237426
sub-0300305_ses-2,0.350806 ,0.271394 ,0.244460 ,0.248288 ,0.212624 ,0.245803 ,0.410330 ,0.320397 ,0.322241 ,0.258185 ,0.368310 ,0.430616 ,0.354076 ,0.247293 ,0.369156 ,0.457710 ,0.275276 ,0.212839
sub-0300305_ses-2,0.405186 ,0.316190 ,0.273152 ,0.356380 ,0.300276 ,0.208389 ,0.296387 ,0.169847 ,0.349420 ,0.206984 ,0.315945 ,0.344654 ,0.264457 ,0.207063 ,0.362569 ,0.308367 ,0.297909 ,0.226807
sub-0300305_ses-2,0.599961 ,0.328570 ,0.374054 ,0.407152 ,0.377644 ,0.267729 ,0.405831 ,0.258393 ,0.555783 ,0.265719 ,0.413222 ,0.452890 ,0.303493 ,0.244538 ,0.291387 ,0.374671 ,0.338436 ,0.306283
sub-0300305_ses-2,0.483973 ,0.313843 ,0.253119 ,0.358987 ,0.306846 ,0.321052 ,0.422048 ,0.228705 ,0.390685 ,0.203075 ,0.379150 ,0.339615 ,0.298226 ,0.233427 ,0.285582 ,0.330349 ,0.308645 ,0.274305
sub-0300305_ses-3,0.456506 ,0.260769 ,0.267050 ,0.244729 ,0.264166 ,0.255318 ,0.359431 ,0.290873 ,0.335099 ,0.250227 ,0.352413 ,0.356387 ,0.322035 ,0.255279 ,0.397333 ,0.408706 ,0.286799 ,0.220586
sub-0300305_ses-3,0.597972 ,0.273847 ,0.243388 ,0.310442 ,0.181822 ,0.229317 ,0.300849 ,0.249266 ,0.299493 ,0.176351 ,0.367814 ,0.283490 ,0.264360 ,0.257229 ,0.324794 ,0.332406 ,0.268277 ,0.256455
sub-0300305_ses-3,0.380568 ,0.275978 ,0.230990 ,0.223574 ,0.197604 ,0.255010 ,0.253497 ,0.234893 ,0.341272 ,0.166953 ,0.336314 ,0.359346 ,0.226922 ,0.192399 ,0.272650 ,0.285850 ,0.286715 ,0.248312
sub-0300305_ses-3,0.411110 ,0.295544 ,0.275918 ,0.444664 ,0.270335 ,0.379931 ,0.409389 ,0.225674 ,0.416251 ,0.222689 ,0.342504 ,0.364034 ,0.230425 ,0.307346 ,0.446447 ,0.500358 ,0.334609 ,0.307558
sub-0300305_ses-4,0.429640 ,0.388607 ,0.296166 ,0.367162 ,0.274691 ,0.224200 ,0.369425 ,0.210375 ,0.383690 ,0.280532 ,0.410265 ,0.348679 ,0.232046 ,0.238661 ,0.354030 ,0.248028 ,0.267836 ,0.301581
sub-0300305_ses-4,0.465992 ,0.384664 ,0.301715 ,0.403829 ,0.323427 ,0.233548 ,0.594588 ,0.295579 ,0.355477 ,0.246976 ,0.402264 ,0.371223 ,0.318091 ,0.223247 ,0.296616 ,0.442042 ,0.269469 ,0.338595
sub-0300305_ses-4,0.703644 ,0.404812 ,0.275854 ,0.648738 ,0.427987 ,0.290882 ,0.498342 ,0.235244 ,0.512717 ,0.271394 ,0.379098 ,0.353761 ,0.403051 ,0.390549 ,0.351633 ,0.439776 ,0.331447 ,0.299476
sub-0300305_ses-4,0.674187 ,0.385553 ,0.305750 ,0.464709 ,0.404738 ,0.319661 ,0.500210 ,0.319185 ,0.401914 ,0.279531 ,0.346118 ,0.500803 ,0.355117 ,0.292841 ,0.305781 ,0.554040 ,0.318709 ,0.389294
sub-0300305_ses-5,0.644620 ,0.340542 ,0.268575 ,0.388657 ,0.333815 ,0.231105 ,0.399395 ,0.224359 ,0.358396 ,0.232898 ,0.389018 ,0.413815 ,0.309166 ,0.241950 ,0.255335 ,0.387475 ,0.303239 ,0.272318
sub-0300305_ses-5,0.600693 ,0.299138 ,0.320474 ,0.429393 ,0.288293 ,0.273200 ,0.430212 ,0.231623 ,0.415547 ,0.228886 ,0.442285 ,0.455694 ,0.267691 ,0.285173 ,0.318829 ,0.356773 ,0.339217 ,0.223759
sub-0300305_ses-5,0.537778 ,0.346123 ,0.251311 ,0.337525 ,0.279373 ,0.314729 ,0.529445 ,0.171119 ,0.319082 ,0.244188 ,0.388974 ,0.338864 ,0.241793 ,0.180795 ,0.237877 ,0.339123 ,0.291198 ,0.254030
sub-0300305_ses-5,0.911862 ,0.448489 ,0.309645 ,0.643978 ,0.325560 ,0.340972 ,0.609104 ,0.393896 ,0.473541 ,0.262441 ,0.491488 ,0.605852 ,0.392054 ,0.370242 ,0.416973 ,0.910867 ,0.381590 ,0.341792
sub-0300305_ses-6,0.533720 ,0.355167 ,0.307578 ,0.287934 ,0.320352 ,0.285340 ,0.326014 ,0.231828 ,0.428855 ,0.229939 ,0.425209 ,0.495755 ,0.316441 ,0.193021 ,0.354460 ,0.403046 ,0.262753 ,0.280734
sub-0300305_ses-6,1.252096 ,0.913520 ,0.305028 ,0.628821 ,0.389698 ,0.310102 ,0.591736 ,0.279162 ,0.631526 ,0.342307 ,0.461600 ,0.583541 ,0.388064 ,0.283666 ,0.445560 ,0.591688 ,0.390673 ,0.317038
sub-0300305_ses-6,0.653150 ,0.458308 ,0.278074 ,0.474711 ,0.360667 ,0.231470 ,0.336937 ,0.406570 ,0.477713 ,0.300914 ,0.406283 ,0.522197 ,0.304221 ,0.269125 ,0.405369 ,0.420575 ,0.276460 ,0.319552
sub-0300305_ses-6,0.757854 ,0.391789 ,0.369179 ,0.458661 ,0.400326 ,0.375503 ,0.580924 ,0.267762 ,0.442934 ,0.328104 ,0.493951 ,0.642930 ,0.336123 ,0.304698 ,0.420044 ,0.641358 ,0.429653 ,0.351659
sub-0300306_ses-1,0.717890 ,0.301309 ,0.242686 ,0.336200 ,0.234126 ,0.255727 ,0.482629 ,0.224748 ,0.284954 ,0.172477 ,0.310090 ,0.334453 ,0.197231 ,0.179522 ,0.380046 ,0.539633 ,0.242173 ,0.227482
sub-0300306_ses-1,0.735723 ,0.280559 ,0.211816 ,0.377968 ,0.251599 ,0.257842 ,0.414965 ,0.245202 ,0.269673 ,0.191754 ,0.329701 ,0.287397 ,0.242763 ,0.174380 ,0.283303 ,0.340207 ,0.262264 ,0.202998
sub-0300306_ses-1,0.951335 ,0.339992 ,0.275338 ,0.299502 ,0.259897 ,0.262001 ,0.617914 ,0.254127 ,0.415574 ,0.288023 ,0.532666 ,0.518092 ,0.303711 ,0.169743 ,0.498187 ,0.582432 ,0.322965 ,0.252027
sub-0300306_ses-1,0.840003 ,0.282001 ,0.271465 ,0.327433 ,0.220887 ,0.243803 ,0.627569 ,0.312763 ,0.471101 ,0.281596 ,0.403048 ,0.586046 ,0.309435 ,0.174148 ,0.370352 ,0.474872 ,0.353729 ,0.256812
sub-0300306_ses-2,0.436204 ,0.286108 ,0.283994 ,0.536484 ,0.232697 ,0.309670 ,0.519734 ,0.245098 ,0.386983 ,0.366901 ,0.333456 ,0.281316 ,0.317381 ,0.253420 ,0.403239 ,0.423679 ,0.252499 ,0.228068
sub-0300306_ses-2,0.528669 ,0.392930 ,0.263080 ,0.482139 ,0.290209 ,0.267862 ,0.547876 ,0.263622 ,0.391301 ,0.261228 ,0.441183 ,0.562840 ,0.252893 ,0.226554 ,0.330151 ,0.364368 ,0.362232 ,0.263578
sub-0300306_ses-2,0.783439 ,0.443031 ,0.319584 ,0.691993 ,0.399188 ,0.322248 ,0.696363 ,0.339223 ,0.627629 ,0.377709 ,0.526718 ,0.525025 ,0.311836 ,0.248268 ,0.406092 ,0.694397 ,0.480033 ,0.316026
sub-0300306_ses-2,0.693994 ,0.462601 ,0.320743 ,0.725108 ,0.423623 ,0.265812 ,0.665498 ,0.256628 ,0.465344 ,0.327522 ,0.398018 ,0.484134 ,0.317081 ,0.269694 ,0.397830 ,0.517309 ,0.334135 ,0.248701
sub-0300306_ses-3,0.326510 ,0.254912 ,0.300129 ,0.205110 ,0.235277 ,0.185562 ,0.291653 ,0.198208 ,0.317007 ,0.189004 ,0.324678 ,0.319548 ,0.210093 ,0.203342 ,0.263995 ,0.343998 ,0.261671 ,0.165169
sub-0300306_ses-3,0.674404 ,0.352317 ,0.212336 ,0.368780 ,0.296355 ,0.218629 ,0.323775 ,0.190866 ,0.359384 ,0.250837 ,0.302921 ,0.271472 ,0.241347 ,0.220228 ,0.326189 ,0.374131 ,0.254882 ,0.227770
sub-0300306_ses-3,0.895634 ,0.397821 ,0.239290 ,0.378799 ,0.190786 ,0.216147 ,0.400921 ,0.233061 ,0.405265 ,0.230511 ,0.327762 ,0.274741 ,0.215718 ,0.221591 ,0.287820 ,0.328913 ,0.368459 ,0.235984
sub-0300306_ses-3,0.631156 ,0.376358 ,0.280228 ,0.527266 ,0.308806 ,0.288000 ,0.436096 ,0.213495 ,0.484468 ,0.317211 ,0.329446 ,0.360465 ,0.303197 ,0.314308 ,0.321173 ,0.461740 ,0.300588 ,0.322260
sub-0300306_ses-4,0.478017 ,0.275018 ,0.267635 ,0.338392 ,0.226412 ,0.264435 ,0.321961 ,0.244831 ,0.385338 ,0.250268 ,0.305161 ,0.414581 ,0.349828 ,0.201906 ,0.343144 ,0.545939 ,0.295726 ,0.255628
sub-0300306_ses-4,0.607534 ,0.498403 ,0.265239 ,0.484393 ,0.342869 ,0.272787 ,0.547947 ,0.192844 ,0.369481 ,0.223667 ,0.379222 ,0.334110 ,0.276747 ,0.204264 ,0.359749 ,0.424492 ,0.239921 ,0.338154
sub-0300306_ses-4,0.750278 ,0.476337 ,0.310263 ,0.518889 ,0.412636 ,0.363781 ,0.625026 ,0.397734 ,0.533303 ,0.416732 ,0.643819 ,0.723023 ,0.427406 ,0.308669 ,0.493192 ,0.413522 ,0.436861 ,0.349467
sub-0300306_ses-4,0.943635 ,0.857041 ,0.397820 ,0.929992 ,0.582804 ,0.572116 ,0.847023 ,0.429933 ,0.906745 ,0.521411 ,1.017410 ,0.949979 ,0.501974 ,0.491849 ,0.597187 ,0.746565 ,0.871956 ,0.519706
sub-0300306_ses-5,0.349457 ,0.349777 ,0.273630 ,0.256242 ,0.212902 ,0.223686 ,0.209115 ,0.220129 ,0.356115 ,0.181918 ,0.290008 ,0.261477 ,0.220612 ,0.208821 ,0.303058 ,0.278951 ,0.276319 ,0.251546
sub-0300306_ses-5,0.330482 ,0.360959 ,0.300688 ,0.366878 ,0.225718 ,0.244950 ,0.302349 ,0.271958 ,0.448570 ,0.152652 ,0.361368 ,0.230330 ,0.248776 ,0.267929 ,0.300439 ,0.289786 ,0.358701 ,0.364194
sub-0300306_ses-5,0.627210 ,0.566158 ,0.377166 ,0.507720 ,0.353846 ,0.336362 ,0.466553 ,0.382117 ,0.604520 ,0.381841 ,0.346290 ,0.500621 ,0.285215 ,0.217149 ,0.431370 ,0.362122 ,0.310807 ,0.471039
sub-0300306_ses-5,0.690713 ,0.753387 ,0.280228 ,0.392240 ,0.289137 ,0.244187 ,0.443149 ,0.233009 ,0.620428 ,0.184519 ,0.328549 ,0.330064 ,0.248966 ,0.188517 ,0.307642 ,0.375919 ,0.322700 ,0.543245
sub-0300306_ses-6,0.943994 ,0.434143 ,0.314837 ,0.473650 ,0.219352 ,0.230687 ,0.512948 ,0.282839 ,0.583163 ,0.344572 ,0.378330 ,0.446131 ,0.303887 ,0.268659 ,0.342067 ,0.470392 ,0.286552 ,0.275796
sub-0300306_ses-6,1.055089 ,0.658237 ,0.369068 ,0.593716 ,0.278905 ,0.292788 ,0.627408 ,0.336557 ,0.546247 ,0.260218 ,0.741833 ,0.600814 ,0.279937 ,0.277480 ,0.314084 ,0.422203 ,0.404644 ,0.658310
sub-0300306_ses-6,0.992981 ,0.488375 ,0.307570 ,0.549240 ,0.351943 ,0.387171 ,0.808793 ,0.235908 ,0.506752 ,0.358211 ,0.552042 ,0.416312 ,0.346142 ,0.336356 ,0.367668 ,0.640516 ,0.416098 ,0.323619
sub-0300306_ses-6,0.903458 ,0.346108 ,0.305296 ,0.785274 ,0.267314 ,0.393111 ,0.736281 ,0.388499 ,0.566581 ,0.406698 ,0.584323 ,0.522274 ,0.378078 ,0.402665 ,0.496477 ,0.524541 ,0.401928 ,0.215986
sub-0300306_ses-7,0.491469 ,0.513862 ,0.284419 ,0.584840 ,0.372412 ,0.305298 ,0.491910 ,0.265272 ,0.532762 ,0.256226 ,0.340223 ,0.377874 ,0.267370 ,0.216080 ,0.424340 ,0.357937 ,0.252416 ,0.254086
sub-0300306_ses-7,0.790210 ,0.521148 ,0.339297 ,0.565658 ,0.258033 ,0.497545 ,0.296913 ,0.226236 ,0.628549 ,0.335200 ,0.327624 ,0.455975 ,0.356640 ,0.286997 ,0.385801 ,0.593605 ,0.317305 ,0.440164
sub-0300306_ses-7,0.765873 ,1.023435 ,0.584997 ,0.797462 ,0.585782 ,0.488673 ,0.600158 ,0.372520 ,0.786822 ,0.463004 ,0.652333 ,0.472621 ,0.461785 ,0.498329 ,0.658531 ,0.725080 ,0.474262 ,0.509285
sub-0300306_ses-7,0.407242 ,0.397131 ,0.264113 ,0.393714 ,0.325181 ,0.266985 ,0.574209 ,0.326248 ,0.623803 ,0.268251 ,0.547774 ,0.598236 ,0.300622 ,0.249399 ,0.478586 ,0.301674 ,0.366519 ,0.256359
sub-0300307_ses-1,0.894164 ,0.300692 ,0.294343 ,0.326452 ,0.306107 ,0.241998 ,0.352225 ,0.305434 ,0.380710 ,0.204572 ,0.511509 ,0.579540 ,0.295932 ,0.235668 ,0.464737 ,0.482975 ,0.315122 ,0.285014
sub-0300307_ses-1,0.660646 ,0.375231 ,0.249137 ,0.344614 ,0.255131 ,0.310381 ,0.457582 ,0.331701 ,0.322765 ,0.278371 ,0.386861 ,0.576102 ,0.285141 ,0.211779 ,0.452064 ,0.408911 ,0.298875 ,0.248087
sub-0300307_ses-1,0.808257 ,0.351495 ,0.338268 ,0.341057 ,0.254056 ,0.308413 ,0.566861 ,0.318839 ,0.475068 ,0.245350 ,0.453772 ,0.667500 ,0.333219 ,0.225240 ,0.360937 ,0.529705 ,0.290997 ,0.388325
sub-0300307_ses-1,0.459484 ,0.334739 ,0.320979 ,0.417906 ,0.289692 ,0.309558 ,0.344284 ,0.359956 ,0.428558 ,0.189969 ,0.440758 ,0.580737 ,0.298481 ,0.214647 ,0.428109 ,0.419358 ,0.345094 ,0.343247
sub-0300307_ses-2,0.666411 ,0.318219 ,0.261847 ,0.442347 ,0.320253 ,0.315279 ,0.489726 ,0.226572 ,0.409589 ,0.273368 ,0.295214 ,0.372186 ,0.284301 ,0.195444 ,0.352869 ,0.447026 ,0.304880 ,0.254407
sub-0300307_ses-2,0.786384 ,0.375060 ,0.248047 ,0.488416 ,0.251332 ,0.471960 ,0.602014 ,0.434183 ,0.457540 ,0.269158 ,0.407432 ,0.443589 ,0.336456 ,0.221338 ,0.348387 ,0.412670 ,0.310894 ,0.434590
sub-0300307_ses-2,0.854906 ,0.484515 ,0.268524 ,0.468840 ,0.318510 ,0.344113 ,0.456272 ,0.359657 ,0.502487 ,0.283312 ,0.450322 ,0.354041 ,0.301393 ,0.260399 ,0.374220 ,0.392521 ,0.449994 ,0.315930
sub-0300307_ses-2,0.764551 ,0.362129 ,0.267101 ,0.527626 ,0.319372 ,0.244305 ,0.649486 ,0.293492 ,0.350799 ,0.226743 ,0.474963 ,0.416415 ,0.338438 ,0.382143 ,0.419174 ,0.509253 ,0.320085 ,0.352943
sub-0300307_ses-3,0.681648 ,0.276163 ,0.224004 ,0.353041 ,0.338427 ,0.219926 ,0.514150 ,0.327627 ,0.362071 ,0.207334 ,0.362950 ,0.364040 ,0.303266 ,0.218548 ,0.318533 ,0.450742 ,0.258723 ,0.244787
sub-0300307_ses-3,0.621853 ,0.385784 ,0.227393 ,0.382404 ,0.271089 ,0.317266 ,0.441339 ,0.190522 ,0.333781 ,0.254544 ,0.365977 ,0.329612 ,0.276875 ,0.258311 ,0.283672 ,0.369117 ,0.290115 ,0.218275
sub-0300307_ses-3,0.555501 ,0.340743 ,0.227906 ,0.430616 ,0.240480 ,0.328922 ,0.462206 ,0.227927 ,0.338928 ,0.246614 ,0.374488 ,0.329446 ,0.300110 ,0.288200 ,0.371644 ,0.554262 ,0.310641 ,0.256702
sub-0300307_ses-3,0.457832 ,0.364983 ,0.224111 ,0.387789 ,0.240578 ,0.297530 ,0.686671 ,0.225567 ,0.308172 ,0.231563 ,0.329965 ,0.311710 ,0.250865 ,0.248809 ,0.371299 ,0.416430 ,0.242432 ,0.280540
sub-0300307_ses-4,0.612167 ,0.358954 ,0.277788 ,0.433300 ,0.262625 ,0.321720 ,0.548613 ,0.292268 ,0.306354 ,0.256535 ,0.300716 ,0.311137 ,0.255150 ,0.191766 ,0.335730 ,0.302056 ,0.304639 ,0.275171
sub-0300307_ses-4,0.574460 ,0.321016 ,0.248075 ,0.454907 ,0.264752 ,0.381948 ,0.636270 ,0.273014 ,0.335445 ,0.293276 ,0.396542 ,0.251231 ,0.275307 ,0.204413 ,0.332404 ,0.393042 ,0.342747 ,0.439584
sub-0300307_ses-4,1.008948 ,0.441482 ,0.247608 ,0.344706 ,0.354838 ,0.368165 ,0.458174 ,0.274373 ,0.449160 ,0.281270 ,0.442118 ,0.291858 ,0.337209 ,0.305693 ,0.288635 ,0.482653 ,0.313399 ,0.314166
sub-0300307_ses-4,0.675540 ,0.493184 ,0.341875 ,0.469996 ,0.301738 ,0.360572 ,0.591517 ,0.235632 ,0.399815 ,0.285576 ,0.313272 ,0.312688 ,0.248189 ,0.306523 ,0.353511 ,0.596741 ,0.306407 ,0.301606
sub-0300308_ses-1,0.450980 ,0.330500 ,0.237227 ,0.227410 ,0.210676 ,0.246634 ,0.243842 ,0.240701 ,0.298229 ,0.188313 ,0.320287 ,0.278053 ,0.226837 ,0.187103 ,0.384202 ,0.282548 ,0.246236 ,0.181844
sub-0300308_ses-1,0.417998 ,0.257059 ,0.255420 ,0.350301 ,0.271890 ,0.296462 ,0.437611 ,0.288197 ,0.343813 ,0.218215 ,0.290997 ,0.271047 ,0.288956 ,0.255730 ,0.334029 ,0.407860 ,0.301135 ,0.274271
sub-0300308_ses-1,0.643862 ,0.330049 ,0.267084 ,0.348622 ,0.333494 ,0.263445 ,0.374822 ,0.257791 ,0.336724 ,0.199451 ,0.307233 ,0.272336 ,0.299463 ,0.175042 ,0.307173 ,0.398275 ,0.276802 ,0.269672
sub-0300308_ses-1,0.627498 ,0.235443 ,0.287136 ,0.423114 ,0.389016 ,0.245060 ,0.431685 ,0.247034 ,0.415196 ,0.247448 ,0.342328 ,0.353925 ,0.249479 ,0.297408 ,0.305135 ,0.421369 ,0.334302 ,0.255939
sub-0300308_ses-2,0.432796 ,0.316590 ,0.266518 ,0.240367 ,0.222871 ,0.312258 ,0.361107 ,0.251454 ,0.325959 ,0.195937 ,0.350401 ,0.348861 ,0.219431 ,0.234217 ,0.316563 ,0.374432 ,0.271699 ,0.231395
sub-0300308_ses-2,0.614893 ,0.302709 ,0.326276 ,0.443749 ,0.270297 ,0.309875 ,0.349678 ,0.305792 ,0.355956 ,0.227830 ,0.438516 ,0.353767 ,0.287305 ,0.212178 ,0.342667 ,0.297730 ,0.332318 ,0.258673
sub-0300308_ses-2,0.499502 ,0.287323 ,0.237410 ,0.400324 ,0.272277 ,0.209306 ,0.539525 ,0.244874 ,0.369778 ,0.213805 ,0.322592 ,0.305356 ,0.310435 ,0.251146 ,0.359809 ,0.413368 ,0.276370 ,0.182207
sub-0300308_ses-2,0.726391 ,0.394496 ,0.277851 ,0.408509 ,0.275076 ,0.287704 ,0.644096 ,0.278487 ,0.369125 ,0.268732 ,0.404030 ,0.359827 ,0.347572 ,0.239089 ,0.373894 ,0.387445 ,0.312468 ,0.309118
sub-0300308_ses-3,0.391212 ,0.259448 ,0.303400 ,0.360171 ,0.237605 ,0.309657 ,0.305753 ,0.218538 ,0.334834 ,0.246199 ,0.250336 ,0.220744 ,0.240570 ,0.229750 ,0.405541 ,0.529644 ,0.290407 ,0.240023
sub-0300308_ses-3,0.582390 ,0.460328 ,0.271475 ,0.392905 ,0.304573 ,0.216708 ,0.418469 ,0.217776 ,0.501469 ,0.250468 ,0.388850 ,0.276372 ,0.298145 ,0.329379 ,0.297398 ,0.359539 ,0.304411 ,0.277988
sub-0300308_ses-3,0.440708 ,0.324721 ,0.233592 ,0.581506 ,0.395380 ,0.367069 ,0.519601 ,0.290040 ,0.347047 ,0.313017 ,0.416272 ,0.320302 ,0.324869 ,0.192862 ,0.404956 ,0.485982 ,0.291895 ,0.189518
sub-0300308_ses-3,0.659037 ,0.355756 ,0.350411 ,0.400334 ,0.274704 ,0.243458 ,0.549813 ,0.285030 ,0.474976 ,0.243170 ,0.440441 ,0.357505 ,0.322881 ,0.282038 ,0.376164 ,0.457777 ,0.304679 ,0.411832
sub-0300308_ses-4,0.531935 ,0.340296 ,0.250594 ,0.416519 ,0.294828 ,0.363113 ,0.445860 ,0.238542 ,0.337088 ,0.248008 ,0.361001 ,0.266102 ,0.308306 ,0.194841 ,0.342828 ,0.582537 ,0.357339 ,0.283946
sub-0300308_ses-4,0.619848 ,0.479714 ,0.386769 ,0.366040 ,0.355071 ,0.404955 ,0.509781 ,0.290342 ,0.436765 ,0.249102 ,0.484953 ,0.365509 ,0.355883 ,0.295963 ,0.316076 ,0.514755 ,0.439345 ,0.332814
sub-0300308_ses-4,0.638525 ,0.460115 ,0.345745 ,0.420033 ,0.336973 ,0.246126 ,0.486375 ,0.267197 ,0.407412 ,0.237152 ,0.368430 ,0.451889 ,0.325343 ,0.300630 ,0.365242 ,0.386261 ,0.255151 ,0.215991
sub-0300308_ses-4,0.753675 ,0.346803 ,0.268653 ,0.464101 ,0.331991 ,0.300350 ,0.409980 ,0.301026 ,0.344986 ,0.247170 ,0.325078 ,0.341591 ,0.333658 ,0.279292 ,0.389650 ,0.479676 ,0.329047 ,0.409174
sub-0300308_ses-5,0.606725 ,0.358041 ,0.238023 ,0.325792 ,0.326451 ,0.212284 ,0.534941 ,0.188779 ,0.500359 ,0.181141 ,0.329646 ,0.281495 ,0.304806 ,0.163190 ,0.369641 ,0.377244 ,0.282982 ,0.228854
sub-0300308_ses-5,0.662531 ,0.585261 ,0.346424 ,0.456398 ,0.366315 ,0.280498 ,0.641346 ,0.275185 ,0.383283 ,0.234211 ,0.294786 ,0.363997 ,0.233866 ,0.186714 ,0.312649 ,0.375549 ,0.299296 ,0.299794
sub-0300308_ses-5,0.921911 ,0.339016 ,0.253546 ,0.405917 ,0.283128 ,0.277387 ,0.405135 ,0.256406 ,0.460575 ,0.199078 ,0.363090 ,0.336521 ,0.281416 ,0.331355 ,0.306915 ,0.343791 ,0.339147 ,0.336096
sub-0300308_ses-5,0.656895 ,0.483202 ,0.334213 ,0.297366 ,0.441375 ,0.288855 ,0.579218 ,0.217318 ,0.317548 ,0.226725 ,0.308384 ,0.362108 ,0.278142 ,0.234829 ,0.391386 ,0.334234 ,0.224404 ,0.290394
sub-0300308_ses-6,0.413944 ,0.244419 ,0.249808 ,0.300529 ,0.287119 ,0.223583 ,0.335291 ,0.245459 ,0.419166 ,0.215380 ,0.314670 ,0.280772 ,0.229228 ,0.224710 ,0.385793 ,0.353627 ,0.273979 ,0.288598
sub-0300308_ses-6,0.402030 ,0.386486 ,0.296694 ,0.380582 ,0.341799 ,0.277837 ,0.402881 ,0.246146 ,0.336585 ,0.309258 ,0.357360 ,0.351771 ,0.331143 ,0.224477 ,0.396054 ,0.392349 ,0.319563 ,0.421003
sub-0300308_ses-6,0.480969 ,0.263288 ,0.256486 ,0.339747 ,0.215668 ,0.242758 ,0.502630 ,0.213985 ,0.382755 ,0.255461 ,0.374716 ,0.315770 ,0.286105 ,0.205141 ,0.354721 ,0.424818 ,0.284880 ,0.319933
sub-0300308_ses-6,0.739883 ,0.639486 ,0.371098 ,0.548002 ,0.366258 ,0.313720 ,0.611983 ,0.300870 ,0.598854 ,0.333539 ,0.378197 ,0.317176 ,0.347818 ,0.284218 ,0.396749 ,0.566932 ,0.391369 ,0.345268
sub-0300308_ses-7,0.505798 ,0.315556 ,0.329478 ,0.224282 ,0.274205 ,0.277919 ,0.338780 ,0.226667 ,0.317438 ,0.185309 ,0.272897 ,0.326825 ,0.304219 ,0.238573 ,0.296832 ,0.427313 ,0.312528 ,0.276603
sub-0300308_ses-7,0.586814 ,0.325277 ,0.251590 ,0.400181 ,0.309724 ,0.289816 ,0.714852 ,0.268978 ,0.549080 ,0.239618 ,0.504853 ,0.378719 ,0.313682 ,0.267999 ,0.317212 ,0.444044 ,0.335768 ,0.241678
sub-0300308_ses-7,0.661220 ,0.392562 ,0.335867 ,0.594621 ,0.315991 ,0.295875 ,0.479280 ,0.280130 ,0.479534 ,0.250344 ,0.332166 ,0.387806 ,0.391418 ,0.282344 ,0.373174 ,0.477956 ,0.260326 ,0.314680
sub-0300308_ses-7,0.658324 ,0.431277 ,0.338879 ,0.415665 ,0.323443 ,0.402008 ,0.629140 ,0.226176 ,0.396120 ,0.285111 ,0.515060 ,0.401563 ,0.327857 ,0.282495 ,0.467953 ,0.547093 ,0.566691 ,0.563431
sub-0300309_ses-1,0.451573 ,0.333808 ,0.266085 ,0.294648 ,0.266030 ,0.318430 ,0.677728 ,0.293281 ,0.378286 ,0.206610 ,0.285119 ,0.486684 ,0.350078 ,0.218624 ,0.412355 ,0.755836 ,0.322023 ,0.260477
sub-0300309_ses-1,0.534638 ,0.264186 ,0.222089 ,0.340583 ,0.237354 ,0.276559 ,0.460606 ,0.268149 ,0.328263 ,0.217112 ,0.312425 ,0.320252 ,0.302055 ,0.194009 ,0.298756 ,0.422798 ,0.378219 ,0.272093
sub-0300309_ses-1,0.559452 ,0.266896 ,0.227820 ,0.220661 ,0.281196 ,0.287235 ,0.427893 ,0.251100 ,0.255808 ,0.229129 ,0.358012 ,0.340432 ,0.239264 ,0.195623 ,0.285580 ,0.331845 ,0.216722 ,0.207128
sub-0300309_ses-1,0.828087 ,0.397763 ,0.285703 ,0.463645 ,0.323576 ,0.325638 ,0.565397 ,0.283051 ,0.457808 ,0.244623 ,0.358309 ,0.339343 ,0.295649 ,0.238746 ,0.398779 ,0.621138 ,0.270669 ,0.223176
sub-0300309_ses-2,0.586195 ,0.319690 ,0.249017 ,0.241067 ,0.289456 ,0.244144 ,0.322958 ,0.242906 ,0.295243 ,0.247691 ,0.401778 ,0.362203 ,0.269194 ,0.232198 ,0.299844 ,0.404778 ,0.343269 ,0.288924
sub-0300309_ses-2,0.845361 ,0.380672 ,0.283898 ,0.354270 ,0.399458 ,0.288102 ,0.675431 ,0.292729 ,0.518050 ,0.295632 ,0.433571 ,0.345525 ,0.284395 ,0.253120 ,0.403519 ,0.420976 ,0.337883 ,0.274663
sub-0300309_ses-2,0.718068 ,0.359327 ,0.225734 ,0.313303 ,0.348638 ,0.250702 ,0.566783 ,0.314153 ,0.385413 ,0.171967 ,0.323690 ,0.414966 ,0.332120 ,0.227646 ,0.340156 ,0.475285 ,0.351130 ,0.291451
sub-0300309_ses-2,0.789548 ,0.353749 ,0.315334 ,0.359968 ,0.324855 ,0.338623 ,0.483772 ,0.323071 ,0.472911 ,0.237890 ,0.472188 ,0.341594 ,0.291419 ,0.232368 ,0.411725 ,0.439596 ,0.318213 ,0.321043
sub-0300309_ses-3,0.696667 ,0.352292 ,0.325130 ,0.302915 ,0.300353 ,0.312766 ,0.318934 ,0.261846 ,0.424927 ,0.192604 ,0.383213 ,0.359986 ,0.335974 ,0.195976 ,0.349118 ,0.418281 ,0.349776 ,0.209591
sub-0300309_ses-3,0.863879 ,0.472552 ,0.298866 ,0.421359 ,0.356315 ,0.311756 ,0.564335 ,0.357416 ,0.583029 ,0.366076 ,0.416016 ,0.334624 ,0.345532 ,0.228903 ,0.387598 ,0.411089 ,0.330969 ,0.348831
sub-0300309_ses-3,0.588679 ,0.303566 ,0.272519 ,0.321158 ,0.306089 ,0.233709 ,0.370721 ,0.370956 ,0.327038 ,0.251929 ,0.375493 ,0.346482 ,0.268378 ,0.225566 ,0.323301 ,0.315786 ,0.331351 ,0.253773
sub-0300309_ses-3,0.967872 ,0.587366 ,0.288273 ,0.422103 ,0.279523 ,0.358169 ,0.588699 ,0.258426 ,0.524754 ,0.282273 ,0.450918 ,0.322437 ,0.414382 ,0.242452 ,0.500102 ,0.420623 ,0.331117 ,0.349101
sub-0300309_ses-4,0.903838 ,0.381296 ,0.302970 ,0.416948 ,0.410055 ,0.475635 ,0.675541 ,0.331698 ,0.598354 ,0.293482 ,0.712472 ,0.410952 ,0.348279 ,0.245852 ,0.391528 ,0.581305 ,0.416489 ,0.339421
sub-0300309_ses-4,0.650094 ,0.639358 ,0.472707 ,0.471873 ,0.589478 ,0.274080 ,0.724524 ,0.399927 ,0.589215 ,0.323522 ,0.654223 ,0.506809 ,0.371253 ,0.422551 ,0.465840 ,0.424903 ,0.319549 ,0.301551
sub-0300309_ses-4,1.569419 ,1.408759 ,0.514560 ,1.031623 ,0.858920 ,0.745760 ,1.080509 ,0.582228 ,1.239940 ,0.565103 ,0.703496 ,1.110144 ,0.516430 ,0.540860 ,0.479284 ,0.759885 ,0.416451 ,1.066147
sub-0300309_ses-4,0.882472 ,0.411533 ,0.330726 ,0.547701 ,0.286906 ,0.392808 ,0.751930 ,0.440468 ,0.494328 ,0.315588 ,0.458803 ,0.451543 ,0.411235 ,0.393328 ,0.351196 ,0.602517 ,0.424037 ,0.317174
sub-0300309_ses-5,0.895984 ,0.551428 ,0.357565 ,0.429170 ,0.351373 ,0.389062 ,0.444402 ,0.489961 ,0.453931 ,0.263618 ,0.531553 ,0.769532 ,0.362041 ,0.316504 ,0.585670 ,0.321056 ,0.500961 ,0.421824
sub-0300309_ses-5,0.774220 ,0.501598 ,0.366552 ,0.475376 ,0.405757 ,0.372790 ,0.474229 ,0.314666 ,0.516098 ,0.323512 ,0.467382 ,0.448124 ,0.309849 ,0.310254 ,0.484197 ,0.493546 ,0.345134 ,0.496560
sub-0300309_ses-5,0.774207 ,0.455716 ,0.346424 ,0.461783 ,0.372660 ,0.353811 ,0.547656 ,0.435335 ,0.485383 ,0.244020 ,0.438447 ,0.522922 ,0.264664 ,0.287023 ,0.470583 ,0.485164 ,0.318185 ,0.283685
sub-0300309_ses-5,1.065049 ,0.773858 ,0.360911 ,0.711394 ,0.628099 ,0.532840 ,0.647299 ,0.512525 ,0.541944 ,0.389231 ,0.494888 ,0.778851 ,0.447619 ,0.283909 ,0.457411 ,0.512341 ,0.645170 ,0.625252
sub-0300309_ses-6,0.617455 ,0.310076 ,0.293156 ,0.295576 ,0.252489 ,0.271851 ,0.594879 ,0.310272 ,0.317597 ,0.207097 ,0.331664 ,0.307021 ,0.258005 ,0.191992 ,0.374925 ,0.387136 ,0.329279 ,0.239276
sub-0300309_ses-6,0.794209 ,0.357976 ,0.317891 ,0.347479 ,0.262851 ,0.296172 ,0.683873 ,0.402292 ,0.395609 ,0.367048 ,0.356068 ,0.481667 ,0.265768 ,0.201728 ,0.372652 ,0.367820 ,0.390832 ,0.194433
sub-0300309_ses-6,0.589638 ,0.304766 ,0.220569 ,0.274971 ,0.309103 ,0.276584 ,0.378329 ,0.273964 ,0.349366 ,0.223923 ,0.362864 ,0.350695 ,0.234679 ,0.253500 ,0.343900 ,0.304679 ,0.385716 ,0.251061
sub-0300309_ses-6,0.903942 ,0.394380 ,0.345542 ,0.522799 ,0.350891 ,0.386280 ,0.811239 ,0.368805 ,0.409070 ,0.326519 ,0.391123 ,0.543780 ,0.256593 ,0.296583 ,0.411678 ,0.574578 ,0.344643 ,0.340964
sub-0300310_ses-1,0.362038 ,0.294950 ,0.274543 ,0.336645 ,0.309622 ,0.225734 ,0.688802 ,0.227982 ,0.253121 ,0.253281 ,0.272198 ,0.332499 ,0.246310 ,0.219779 ,0.279438 ,0.333730 ,0.278897 ,0.214024
sub-0300310_ses-1,0.519449 ,0.439497 ,0.303456 ,0.547066 ,0.421386 ,0.382859 ,0.982553 ,0.417505 ,0.346448 ,0.511324 ,0.835334 ,0.662228 ,0.454264 ,0.195955 ,0.400714 ,0.308764 ,0.705607 ,0.277171
sub-0300310_ses-1,0.697684 ,0.345197 ,0.203730 ,0.345917 ,0.218841 ,0.249364 ,0.730928 ,0.268991 ,0.285929 ,0.283283 ,0.319106 ,0.271749 ,0.254091 ,0.195890 ,0.228401 ,0.287387 ,0.264677 ,0.248432
sub-0300310_ses-1,0.547682 ,0.350897 ,0.229718 ,0.276228 ,0.358673 ,0.207966 ,0.780571 ,0.352442 ,0.279432 ,0.269440 ,0.318673 ,0.338213 ,0.266512 ,0.179027 ,0.259512 ,0.291242 ,0.386565 ,0.201452
sub-0300310_ses-2,0.478481 ,0.260439 ,0.238135 ,0.251598 ,0.223368 ,0.221618 ,0.601303 ,0.256123 ,0.333581 ,0.169438 ,0.280021 ,0.445969 ,0.278670 ,0.201894 ,0.394636 ,0.419569 ,0.265133 ,0.216920
sub-0300310_ses-2,0.476522 ,0.270001 ,0.219032 ,0.264035 ,0.224008 ,0.229851 ,0.567362 ,0.234567 ,0.301986 ,0.223007 ,0.309238 ,0.236609 ,0.312169 ,0.174126 ,0.274129 ,0.312621 ,0.237018 ,0.215436
sub-0300310_ses-2,0.702985 ,0.244396 ,0.248019 ,0.258314 ,0.213856 ,0.206560 ,0.582337 ,0.267017 ,0.359282 ,0.142900 ,0.389109 ,0.417088 ,0.203300 ,0.239795 ,0.285349 ,0.307996 ,0.335872 ,0.305623
sub-0300310_ses-2,0.522452 ,0.328887 ,0.231054 ,0.290785 ,0.273292 ,0.194782 ,0.502926 ,0.331331 ,0.349866 ,0.179669 ,0.374436 ,0.290388 ,0.293216 ,0.202100 ,0.329727 ,0.394623 ,0.326927 ,0.256038
sub-0300310_ses-3,0.785743 ,0.326654 ,0.183049 ,0.313359 ,0.233622 ,0.196319 ,0.330432 ,0.214101 ,0.291500 ,0.260154 ,0.292395 ,0.271286 ,0.232994 ,0.216379 ,0.330130 ,0.272712 ,0.215057 ,0.177420
sub-0300310_ses-3,0.833790 ,0.317024 ,0.241882 ,0.271570 ,0.207365 ,0.234595 ,0.500076 ,0.274874 ,0.310216 ,0.207690 ,0.261062 ,0.285500 ,0.237137 ,0.225973 ,0.330138 ,0.473607 ,0.286988 ,0.295192
sub-0300310_ses-3,0.962844 ,0.447661 ,0.297680 ,0.440585 ,0.316348 ,0.256358 ,0.502312 ,0.259734 ,0.321436 ,0.311090 ,0.294271 ,0.313906 ,0.351096 ,0.252671 ,0.426749 ,0.594914 ,0.336891 ,0.267015
sub-0300310_ses-3,0.905759 ,0.283958 ,0.275458 ,0.398730 ,0.262728 ,0.298368 ,0.479418 ,0.280489 ,0.303737 ,0.258006 ,0.252271 ,0.453274 ,0.298390 ,0.206715 ,0.359720 ,0.466080 ,0.263790 ,0.271773
sub-0300310_ses-4,0.439315 ,0.260017 ,0.216403 ,0.277763 ,0.209596 ,0.211940 ,0.345223 ,0.258200 ,0.305484 ,0.187534 ,0.290042 ,0.281673 ,0.264399 ,0.206555 ,0.240664 ,0.222311 ,0.205896 ,0.229682
sub-0300310_ses-4,0.529012 ,0.300851 ,0.271210 ,0.302405 ,0.201656 ,0.221806 ,0.517750 ,0.275751 ,0.269943 ,0.221546 ,0.350476 ,0.307496 ,0.271724 ,0.192114 ,0.266967 ,0.241465 ,0.311837 ,0.204629
sub-0300310_ses-4,0.749347 ,0.403102 ,0.306532 ,0.387047 ,0.312301 ,0.265626 ,0.772314 ,0.328379 ,0.338281 ,0.258560 ,0.417550 ,0.584481 ,0.328619 ,0.244734 ,0.439012 ,0.305832 ,0.346015 ,0.389757
sub-0300310_ses-4,0.691868 ,0.488937 ,0.244022 ,0.302426 ,0.307042 ,0.282292 ,0.569847 ,0.287505 ,0.369805 ,0.267735 ,0.361757 ,0.392168 ,0.300549 ,0.172734 ,0.280774 ,0.319209 ,0.339649 ,0.363723
sub-0300310_ses-5,0.396816 ,0.235282 ,0.286038 ,0.244866 ,0.220170 ,0.221579 ,0.358178 ,0.262328 ,0.322860 ,0.182294 ,0.239387 ,0.292365 ,0.246126 ,0.175659 ,0.338355 ,0.284510 ,0.271242 ,0.180106
sub-0300310_ses-5,1.053942 ,0.410293 ,0.337549 ,0.396145 ,0.360035 ,0.265792 ,0.544618 ,0.319746 ,0.436828 ,0.346711 ,0.364298 ,0.395977 ,0.364166 ,0.254714 ,0.381029 ,0.738425 ,0.307630 ,0.310866
sub-0300310_ses-5,1.475942 ,0.652631 ,0.323234 ,0.631363 ,0.320262 ,0.403589 ,0.633225 ,0.327642 ,0.379109 ,0.353481 ,0.415074 ,0.376693 ,0.336276 ,0.301837 ,0.354689 ,0.659466 ,0.407216 ,0.398553
sub-0300310_ses-5,1.461074 ,0.982789 ,0.474273 ,0.723011 ,0.465280 ,0.380607 ,1.002686 ,0.404949 ,0.635489 ,0.363716 ,0.476932 ,0.679610 ,0.340981 ,0.235852 ,0.623538 ,0.662669 ,0.551412 ,0.536038
sub-0300310_ses-6,0.497965 ,0.308537 ,0.293249 ,0.275961 ,0.245693 ,0.276157 ,0.463135 ,0.214708 ,0.286197 ,0.191183 ,0.258937 ,0.266131 ,0.204853 ,0.186870 ,0.283884 ,0.327396 ,0.295606 ,0.207482
sub-0300310_ses-6,0.740037 ,0.365095 ,0.254154 ,0.332479 ,0.244511 ,0.281303 ,0.559696 ,0.226751 ,0.285676 ,0.239354 ,0.340508 ,0.316948 ,0.264000 ,0.197737 ,0.327854 ,0.405840 ,0.369937 ,0.238670
sub-0300310_ses-6,0.944510 ,0.401114 ,0.266947 ,0.437796 ,0.254460 ,0.221274 ,0.542591 ,0.296621 ,0.272127 ,0.247372 ,0.367638 ,0.400227 ,0.255188 ,0.196712 ,0.378319 ,0.386236 ,0.368359 ,0.207042
sub-0300310_ses-6,0.716597 ,0.368087 ,0.292452 ,0.340737 ,0.262552 ,0.212456 ,0.672760 ,0.268899 ,0.306641 ,0.246725 ,0.339132 ,0.337117 ,0.286472 ,0.190742 ,0.309053 ,0.405349 ,0.338119 ,0.206284
sub-0300311_ses-1,0.660592 ,0.374275 ,0.232278 ,0.471348 ,0.273234 ,0.251156 ,1.037080 ,0.322357 ,0.285564 ,0.291533 ,0.340070 ,0.413424 ,0.324628 ,0.207504 ,0.302470 ,0.503926 ,0.294570 ,0.272421
sub-0300311_ses-1,0.681768 ,0.337385 ,0.269812 ,0.354289 ,0.316501 ,0.225229 ,0.484637 ,0.231140 ,0.366555 ,0.165742 ,0.440548 ,0.265821 ,0.265516 ,0.248392 ,0.427067 ,0.488280 ,0.359645 ,0.229212
sub-0300311_ses-1,0.684793 ,0.308442 ,0.270338 ,0.333969 ,0.311383 ,0.225781 ,1.114653 ,0.292178 ,0.329665 ,0.194596 ,0.376154 ,0.359239 ,0.272467 ,0.188826 ,0.313222 ,0.459016 ,0.302690 ,0.180322
sub-0300311_ses-1,0.733502 ,0.312932 ,0.206934 ,0.409318 ,0.274106 ,0.331402 ,0.690819 ,0.280831 ,0.372928 ,0.282506 ,0.452576 ,0.272758 ,0.250808 ,0.164900 ,0.307290 ,0.308910 ,0.350096 ,0.296756
sub-0300311_ses-2,0.665314 ,0.275314 ,0.277632 ,0.408485 ,0.270374 ,0.231451 ,0.523443 ,0.231499 ,0.386637 ,0.256777 ,0.350704 ,0.277332 ,0.264488 ,0.196417 ,0.320167 ,0.582084 ,0.270220 ,0.193033
sub-0300311_ses-2,0.923336 ,0.290367 ,0.199527 ,0.345802 ,0.250428 ,0.205884 ,0.541510 ,0.222439 ,0.321208 ,0.204224 ,0.309339 ,0.247299 ,0.250417 ,0.217215 ,0.293424 ,0.425452 ,0.281247 ,0.187781
sub-0300311_ses-2,0.989454 ,0.400735 ,0.331455 ,0.577848 ,0.384069 ,0.385228 ,0.711864 ,0.262665 ,0.372973 ,0.274689 ,0.458313 ,0.384462 ,0.227869 ,0.226089 ,0.414329 ,0.497994 ,0.375470 ,0.316415
sub-0300311_ses-2,1.006684 ,0.253454 ,0.207672 ,0.449420 ,0.311778 ,0.272150 ,0.955064 ,0.322970 ,0.403817 ,0.298170 ,0.366944 ,0.437086 ,0.324920 ,0.199325 ,0.358482 ,0.492414 ,0.278469 ,0.198930
sub-0300311_ses-3,0.568161 ,0.240258 ,0.222727 ,0.231453 ,0.213444 ,0.229888 ,0.458292 ,0.201602 ,0.379994 ,0.197582 ,0.429901 ,0.370604 ,0.307777 ,0.204009 ,0.338615 ,0.346767 ,0.238650 ,0.257216
sub-0300311_ses-3,0.738163 ,0.282264 ,0.246686 ,0.326914 ,0.281610 ,0.275793 ,0.693236 ,0.252224 ,0.408844 ,0.214786 ,0.418475 ,0.380740 ,0.270746 ,0.234972 ,0.260875 ,0.434408 ,0.326218 ,0.239367
sub-0300311_ses-3,0.774642 ,0.319019 ,0.282180 ,0.363055 ,0.319117 ,0.304672 ,0.583183 ,0.219503 ,0.290603 ,0.239445 ,0.578724 ,0.417264 ,0.218109 ,0.214229 ,0.360805 ,0.411208 ,0.401010 ,0.250676
sub-0300311_ses-3,0.941899 ,0.263627 ,0.262829 ,0.425318 ,0.309963 ,0.249077 ,0.714002 ,0.271945 ,0.459472 ,0.199935 ,0.492406 ,0.472854 ,0.333582 ,0.247333 ,0.364382 ,0.622360 ,0.289051 ,0.274899
sub-0300311_ses-4,0.844300 ,0.384889 ,0.323705 ,0.415011 ,0.341931 ,0.274880 ,0.588625 ,0.366665 ,0.395677 ,0.279349 ,0.424671 ,0.420762 ,0.295964 ,0.206407 ,0.415062 ,0.644176 ,0.298945 ,0.273381
sub-0300311_ses-4,0.738405 ,0.412912 ,0.321150 ,0.518422 ,0.256898 ,0.288049 ,0.575129 ,0.363078 ,0.296631 ,0.348980 ,0.392870 ,0.438101 ,0.344668 ,0.235939 ,0.386069 ,0.489918 ,0.362954 ,0.303523
sub-0300311_ses-4,0.976480 ,0.490750 ,0.474574 ,0.624181 ,0.389611 ,0.427768 ,0.646811 ,0.409118 ,0.490222 ,0.326688 ,0.400743 ,0.578610 ,0.520546 ,0.269364 ,0.569522 ,0.606352 ,0.354738 ,0.451847
sub-0300311_ses-4,0.942527 ,0.377032 ,0.301412 ,0.424835 ,0.299595 ,0.267000 ,0.654942 ,0.340686 ,0.477103 ,0.323019 ,0.440588 ,0.499310 ,0.336415 ,0.336657 ,0.420064 ,0.568982 ,0.293944 ,0.297924
sub-0300311_ses-5,0.396240 ,0.262042 ,0.238260 ,0.282347 ,0.230981 ,0.288374 ,0.479237 ,0.240080 ,0.251791 ,0.189203 ,0.337604 ,0.223959 ,0.230869 ,0.164695 ,0.243877 ,0.283093 ,0.269550 ,0.252288
sub-0300311_ses-5,0.614351 ,0.329725 ,0.268032 ,0.469174 ,0.342540 ,0.277587 ,0.734738 ,0.215851 ,0.417920 ,0.264313 ,0.491321 ,0.310086 ,0.310640 ,0.207146 ,0.274653 ,0.384323 ,0.322320 ,0.265444
sub-0300311_ses-5,0.508592 ,0.284987 ,0.277039 ,0.314521 ,0.267044 ,0.216814 ,0.406344 ,0.250294 ,0.344091 ,0.172497 ,0.487238 ,0.247341 ,0.244329 ,0.211038 ,0.344802 ,0.438464 ,0.312037 ,0.276325
sub-0300311_ses-5,0.759281 ,0.317790 ,0.245271 ,0.412600 ,0.314783 ,0.206484 ,0.559210 ,0.227702 ,0.453573 ,0.255784 ,0.440246 ,0.346386 ,0.229977 ,0.167062 ,0.330256 ,0.474852 ,0.328595 ,0.310788
sub-0300311_ses-6,0.676337 ,0.232041 ,0.220538 ,0.287660 ,0.272413 ,0.247299 ,0.513710 ,0.258590 ,0.371951 ,0.198043 ,0.257522 ,0.289611 ,0.188722 ,0.212242 ,0.283640 ,0.292375 ,0.214186 ,0.186334
sub-0300311_ses-6,0.488270 ,0.273762 ,0.249903 ,0.221568 ,0.216219 ,0.192532 ,0.389978 ,0.249105 ,0.241079 ,0.180999 ,0.381860 ,0.317857 ,0.207685 ,0.161350 ,0.245815 ,0.262242 ,0.233059 ,0.228982
sub-0300311_ses-6,0.385215 ,0.282267 ,0.211090 ,0.261901 ,0.243280 ,0.180043 ,0.502787 ,0.238567 ,0.265732 ,0.191501 ,0.301912 ,0.277097 ,0.228600 ,0.177021 ,0.277503 ,0.239739 ,0.207514 ,0.205378
sub-0300311_ses-6,0.570111 ,0.329234 ,0.199771 ,0.445250 ,0.254410 ,0.227955 ,0.543907 ,0.202036 ,0.372133 ,0.220973 ,0.348260 ,0.231747 ,0.245032 ,0.239308 ,0.289504 ,0.575502 ,0.294444 ,0.234925
sub-0300311_ses-7,0.597604 ,0.238120 ,0.209873 ,0.315026 ,0.270700 ,0.192609 ,0.483654 ,0.245467 ,0.289589 ,0.205738 ,0.463749 ,0.279291 ,0.204665 ,0.219739 ,0.328186 ,0.332022 ,0.333077 ,0.216577
sub-0300311_ses-7,0.646193 ,0.201283 ,0.202172 ,0.368055 ,0.237691 ,0.251717 ,0.402204 ,0.211592 ,0.315891 ,0.232041 ,0.393477 ,0.276375 ,0.245815 ,0.205094 ,0.287107 ,0.353672 ,0.264287 ,0.178379
sub-0300311_ses-7,0.765266 ,0.292721 ,0.270030 ,0.415849 ,0.299988 ,0.254305 ,0.596763 ,0.284004 ,0.292465 ,0.253355 ,0.340563 ,0.381048 ,0.310464 ,0.211182 ,0.273591 ,0.527650 ,0.237659 ,0.345858
sub-0300311_ses-7,0.728521 ,0.186731 ,0.231989 ,0.486931 ,0.268692 ,0.280110 ,0.607567 ,0.262534 ,0.314049 ,0.244114 ,0.287703 ,0.330225 ,0.254723 ,0.271036 ,0.291684 ,0.513180 ,0.289253 ,0.354308
sub-0300312_ses-1,0.563657 ,0.243025 ,0.230766 ,0.246345 ,0.182001 ,0.149472 ,0.352873 ,0.248864 ,0.303172 ,0.224856 ,0.305351 ,0.255388 ,0.218581 ,0.187846 ,0.265699 ,0.477248 ,0.242992 ,0.221101
sub-0300312_ses-1,0.575938 ,0.292232 ,0.284033 ,0.292660 ,0.248598 ,0.212066 ,0.412445 ,0.236093 ,0.284386 ,0.188533 ,0.322674 ,0.305490 ,0.278925 ,0.191179 ,0.363969 ,0.465879 ,0.264975 ,0.270425
sub-0300312_ses-1,0.717441 ,0.359473 ,0.274802 ,0.238847 ,0.288339 ,0.291476 ,0.340199 ,0.304243 ,0.362624 ,0.216604 ,0.337046 ,0.317505 ,0.249018 ,0.223380 ,0.390551 ,0.395156 ,0.299235 ,0.244972
sub-0300312_ses-1,0.706500 ,0.309832 ,0.264776 ,0.316160 ,0.230437 ,0.272080 ,0.457124 ,0.301319 ,0.299209 ,0.213631 ,0.321760 ,0.321706 ,0.286461 ,0.205987 ,0.416350 ,0.354528 ,0.300238 ,0.235076
sub-0300312_ses-2,0.479711 ,0.257025 ,0.217670 ,0.192224 ,0.210829 ,0.201264 ,0.264162 ,0.279390 ,0.324262 ,0.151026 ,0.263163 ,0.315737 ,0.211580 ,0.212204 ,0.292108 ,0.381938 ,0.288861 ,0.228516
sub-0300312_ses-2,0.830782 ,0.302210 ,0.282756 ,0.263145 ,0.287991 ,0.214228 ,0.335018 ,0.237215 ,0.360530 ,0.247098 ,0.298922 ,0.359011 ,0.257495 ,0.203872 ,0.288800 ,0.436080 ,0.369366 ,0.207793
sub-0300312_ses-2,0.570541 ,0.246714 ,0.235194 ,0.232938 ,0.273142 ,0.231944 ,0.312520 ,0.220453 ,0.342032 ,0.148113 ,0.319961 ,0.196743 ,0.220292 ,0.217306 ,0.248015 ,0.403724 ,0.273593 ,0.240072
sub-0300312_ses-2,0.708658 ,0.326464 ,0.326500 ,0.453234 ,0.274507 ,0.337599 ,0.382013 ,0.299979 ,0.407366 ,0.222434 ,0.350288 ,0.385612 ,0.383987 ,0.187204 ,0.368049 ,0.597684 ,0.322548 ,0.300571
sub-0300312_ses-3,0.498631 ,0.272790 ,0.263381 ,0.305180 ,0.266032 ,0.214936 ,0.382412 ,0.278443 ,0.345734 ,0.213104 ,0.394317 ,0.345604 ,0.251568 ,0.199827 ,0.345137 ,0.419908 ,0.268617 ,0.213142
sub-0300312_ses-3,0.366534 ,0.218394 ,0.228602 ,0.225585 ,0.204352 ,0.252859 ,0.306303 ,0.264119 ,0.286832 ,0.154928 ,0.318798 ,0.276641 ,0.258159 ,0.189018 ,0.391575 ,0.305831 ,0.291431 ,0.227701
sub-0300312_ses-3,0.987083 ,0.344061 ,0.289991 ,0.360851 ,0.324355 ,0.290797 ,0.532794 ,0.292149 ,0.570034 ,0.264065 ,0.370303 ,0.361116 ,0.381559 ,0.217362 ,0.389077 ,0.361138 ,0.341898 ,0.340384
sub-0300312_ses-3,0.519689 ,0.304693 ,0.250196 ,0.237868 ,0.259885 ,0.221793 ,0.430621 ,0.282095 ,0.348219 ,0.240973 ,0.321904 ,0.318591 ,0.358324 ,0.196262 ,0.297125 ,0.386142 ,0.265234 ,0.174642
sub-0300312_ses-4,0.955937 ,0.414113 ,0.294593 ,0.620983 ,0.368828 ,0.332422 ,0.609944 ,0.278107 ,0.519600 ,0.344900 ,0.551057 ,0.597078 ,0.292028 ,0.242319 ,0.387858 ,0.499628 ,0.322982 ,0.219243
sub-0300312_ses-4,0.865341 ,0.250591 ,0.283480 ,0.335436 ,0.240286 ,0.272502 ,0.490493 ,0.302219 ,0.387093 ,0.203151 ,0.357039 ,0.512554 ,0.266777 ,0.143888 ,0.353574 ,0.369669 ,0.276313 ,0.201458
sub-0300312_ses-4,0.883756 ,0.322219 ,0.291834 ,0.361397 ,0.321197 ,0.286627 ,0.526154 ,0.309373 ,0.367356 ,0.388799 ,0.397964 ,0.334736 ,0.324773 ,0.183287 ,0.297896 ,0.440643 ,0.291957 ,0.228061
sub-0300312_ses-4,0.725402 ,0.306455 ,0.311966 ,0.310081 ,0.324318 ,0.269728 ,0.459213 ,0.234995 ,0.428818 ,0.282042 ,0.300186 ,0.402264 ,0.361149 ,0.208196 ,0.389433 ,0.499655 ,0.243181 ,0.228081
sub-0300312_ses-5,0.794411 ,0.275647 ,0.280830 ,0.346319 ,0.327798 ,0.303041 ,0.459201 ,0.265188 ,0.312485 ,0.237012 ,0.351257 ,0.304187 ,0.371223 ,0.252739 ,0.484989 ,0.537915 ,0.285516 ,0.215047
sub-0300312_ses-5,0.585936 ,0.297052 ,0.327438 ,0.279120 ,0.224128 ,0.250670 ,0.353314 ,0.248542 ,0.313993 ,0.230474 ,0.260362 ,0.284935 ,0.253486 ,0.207511 ,0.356465 ,0.343478 ,0.296674 ,0.275807
sub-0300312_ses-5,1.097793 ,0.375745 ,0.307916 ,0.309760 ,0.321881 ,0.361042 ,0.450441 ,0.268832 ,0.446825 ,0.214897 ,0.412471 ,0.460863 ,0.335030 ,0.285202 ,0.335183 ,0.651238 ,0.460630 ,0.365951
sub-0300312_ses-5,0.592043 ,0.352345 ,0.255285 ,0.337846 ,0.292939 ,0.266595 ,0.362487 ,0.278186 ,0.310259 ,0.271558 ,0.396530 ,0.341274 ,0.298683 ,0.262037 ,0.354539 ,0.420681 ,0.279974 ,0.319715
sub-0300313_ses-1,0.491118 ,0.287226 ,0.227018 ,0.328561 ,0.236312 ,0.226065 ,0.521966 ,0.269588 ,0.301398 ,0.208069 ,0.284906 ,0.313796 ,0.256115 ,0.195675 ,0.205820 ,0.377517 ,0.220397 ,0.223216
sub-0300313_ses-1,0.667961 ,0.326808 ,0.239389 ,0.316472 ,0.237453 ,0.245545 ,0.413962 ,0.309157 ,0.280883 ,0.215261 ,0.271340 ,0.319523 ,0.209992 ,0.186174 ,0.267290 ,0.269735 ,0.284522 ,0.198637
sub-0300313_ses-1,0.501064 ,0.302394 ,0.285354 ,0.315365 ,0.188674 ,0.270367 ,0.383614 ,0.305982 ,0.341416 ,0.177846 ,0.282986 ,0.405942 ,0.221527 ,0.194509 ,0.247257 ,0.334713 ,0.291474 ,0.237466
sub-0300313_ses-1,0.503638 ,0.270250 ,0.229210 ,0.315216 ,0.172308 ,0.236491 ,0.421861 ,0.302136 ,0.283464 ,0.203999 ,0.329264 ,0.403847 ,0.214778 ,0.156051 ,0.268633 ,0.339670 ,0.272525 ,0.280017
sub-0300313_ses-2,0.802817 ,0.353174 ,0.245907 ,0.309567 ,0.234576 ,0.296759 ,0.600763 ,0.252629 ,0.377413 ,0.266204 ,0.324022 ,0.321720 ,0.434538 ,0.181585 ,0.222365 ,0.557618 ,0.250606 ,0.230716
sub-0300313_ses-2,0.723190 ,0.380065 ,0.192336 ,0.303707 ,0.247071 ,0.252555 ,0.316244 ,0.298668 ,0.296301 ,0.270934 ,0.309137 ,0.333374 ,0.254962 ,0.211904 ,0.248056 ,0.298399 ,0.281628 ,0.249418
sub-0300313_ses-2,0.972248 ,0.588449 ,0.259604 ,0.443432 ,0.298610 ,0.314957 ,0.515761 ,0.362557 ,0.404414 ,0.283464 ,0.294019 ,0.365819 ,0.274035 ,0.223597 ,0.404480 ,0.491331 ,0.363614 ,0.341748
sub-0300313_ses-2,0.772191 ,0.316070 ,0.201453 ,0.303498 ,0.276929 ,0.240329 ,0.512897 ,0.289623 ,0.233782 ,0.204156 ,0.288757 ,0.357291 ,0.253937 ,0.190483 ,0.246331 ,0.308494 ,0.295434 ,0.219633
sub-0300313_ses-3,0.723340 ,0.281336 ,0.251414 ,0.274410 ,0.191671 ,0.221655 ,0.396316 ,0.229700 ,0.289495 ,0.153196 ,0.263415 ,0.387450 ,0.204223 ,0.146771 ,0.243014 ,0.267078 ,0.326885 ,0.213624
sub-0300313_ses-3,0.869039 ,0.375849 ,0.165357 ,0.328495 ,0.221929 ,0.346900 ,0.600753 ,0.355425 ,0.254498 ,0.262717 ,0.312990 ,0.287917 ,0.272892 ,0.218084 ,0.336178 ,0.433040 ,0.343588 ,0.277496
sub-0300313_ses-3,0.662776 ,0.352889 ,0.223127 ,0.379656 ,0.335616 ,0.229005 ,0.449296 ,0.283355 ,0.296259 ,0.247668 ,0.296127 ,0.394659 ,0.300691 ,0.245428 ,0.303401 ,0.440161 ,0.330070 ,0.263492
sub-0300313_ses-3,0.919732 ,0.386892 ,0.191510 ,0.372879 ,0.236400 ,0.266988 ,0.528926 ,0.341367 ,0.431382 ,0.271436 ,0.293018 ,0.446309 ,0.263387 ,0.236551 ,0.319394 ,0.511852 ,0.333580 ,0.243160
sub-0300313_ses-4,0.521674 ,0.282067 ,0.272338 ,0.292480 ,0.199862 ,0.298257 ,0.457222 ,0.291789 ,0.269489 ,0.221226 ,0.306602 ,0.397053 ,0.232925 ,0.203272 ,0.262882 ,0.270538 ,0.309406 ,0.221098
sub-0300313_ses-4,0.806639 ,0.430730 ,0.225314 ,0.422071 ,0.242744 ,0.317179 ,0.682204 ,0.413359 ,0.301679 ,0.274471 ,0.281121 ,0.447762 ,0.239793 ,0.184986 ,0.326065 ,0.460988 ,0.339535 ,0.294174
sub-0300313_ses-4,0.748235 ,0.400414 ,0.239537 ,0.429852 ,0.324005 ,0.338377 ,0.598208 ,0.297369 ,0.360364 ,0.248399 ,0.356970 ,0.493380 ,0.229726 ,0.216020 ,0.374907 ,0.299973 ,0.410867 ,0.248397
sub-0300313_ses-4,0.917392 ,0.346448 ,0.239934 ,0.365175 ,0.208378 ,0.290170 ,0.596824 ,0.312726 ,0.311213 ,0.182674 ,0.332380 ,0.468405 ,0.244047 ,0.212861 ,0.328014 ,0.411088 ,0.377460 ,0.257057
sub-0300313_ses-5,0.674631 ,0.305170 ,0.278364 ,0.320644 ,0.235749 ,0.260192 ,0.368563 ,0.295855 ,0.325551 ,0.185798 ,0.297939 ,0.345166 ,0.274132 ,0.258230 ,0.286084 ,0.380311 ,0.335900 ,0.225181
sub-0300313_ses-5,0.687581 ,0.391330 ,0.227161 ,0.320146 ,0.354804 ,0.341179 ,0.481911 ,0.311358 ,0.314522 ,0.210440 ,0.256618 ,0.365577 ,0.210193 ,0.163786 ,0.275814 ,0.468735 ,0.230615 ,0.289568
sub-0300313_ses-5,0.812948 ,0.407517 ,0.218614 ,0.409524 ,0.354071 ,0.366532 ,0.507042 ,0.358180 ,0.351281 ,0.270835 ,0.358417 ,0.360676 ,0.297858 ,0.295387 ,0.340799 ,0.556747 ,0.308089 ,0.222344
sub-0300313_ses-5,0.668431 ,0.264582 ,0.226831 ,0.332207 ,0.222153 ,0.248819 ,0.484905 ,0.293000 ,0.310413 ,0.230349 ,0.346894 ,0.367557 ,0.224079 ,0.250143 ,0.334240 ,0.353813 ,0.319735 ,0.214639
sub-0300313_ses-6,0.542554 ,0.228635 ,0.248553 ,0.280623 ,0.225634 ,0.275127 ,0.369527 ,0.194120 ,0.264642 ,0.184673 ,0.301843 ,0.329596 ,0.250221 ,0.220835 ,0.304859 ,0.337054 ,0.313325 ,0.234533
sub-0300313_ses-6,0.748029 ,0.277222 ,0.214508 ,0.332315 ,0.266449 ,0.233636 ,0.507654 ,0.369976 ,0.388324 ,0.229095 ,0.406097 ,0.346249 ,0.258995 ,0.229497 ,0.312456 ,0.371528 ,0.354945 ,0.192718
sub-0300313_ses-6,0.703976 ,0.271650 ,0.250395 ,0.261467 ,0.224547 ,0.227287 ,0.313981 ,0.294448 ,0.397782 ,0.196190 ,0.274077 ,0.461265 ,0.262732 ,0.215167 ,0.300539 ,0.474593 ,0.304214 ,0.317501
sub-0300313_ses-6,0.958462 ,0.314194 ,0.259196 ,0.426474 ,0.257058 ,0.311073 ,0.478235 ,0.398177 ,0.385956 ,0.229869 ,0.388857 ,0.458053 ,0.275911 ,0.296651 ,0.405454 ,0.482242 ,0.497599 ,0.277685
sub-0300313_ses-7,0.532783 ,0.300827 ,0.188332 ,0.306824 ,0.231908 ,0.256435 ,0.486016 ,0.346255 ,0.342856 ,0.198162 ,0.317693 ,0.258527 ,0.227396 ,0.196751 ,0.287889 ,0.365378 ,0.285460 ,0.265696
sub-0300313_ses-7,0.753596 ,0.375545 ,0.217324 ,0.252989 ,0.235829 ,0.283547 ,0.500213 ,0.278308 ,0.341010 ,0.190372 ,0.287362 ,0.322567 ,0.247393 ,0.292681 ,0.343858 ,0.319034 ,0.301107 ,0.215765
sub-0300313_ses-7,0.870143 ,0.342632 ,0.268922 ,0.394173 ,0.232308 ,0.304603 ,0.451259 ,0.333371 ,0.365836 ,0.230218 ,0.300521 ,0.392210 ,0.254068 ,0.240739 ,0.335995 ,0.442144 ,0.316976 ,0.232728
sub-0300313_ses-7,0.756995 ,0.424817 ,0.257694 ,0.369785 ,0.291765 ,0.344027 ,0.559685 ,0.333258 ,0.437089 ,0.183327 ,0.330780 ,0.376018 ,0.243204 ,0.243567 ,0.349164 ,0.342991 ,0.300719 ,0.227486
sub-0300314_ses-1,0.793890 ,0.272663 ,0.198054 ,0.266796 ,0.206998 ,0.189042 ,0.334544 ,0.225164 ,0.271932 ,0.186915 ,0.293373 ,0.264643 ,0.197482 ,0.211936 ,0.296931 ,0.339725 ,0.307793 ,0.231982
sub-0300314_ses-1,0.710717 ,0.266421 ,0.181472 ,0.204582 ,0.224135 ,0.183904 ,0.449017 ,0.258441 ,0.212854 ,0.163147 ,0.215132 ,0.278582 ,0.189199 ,0.176715 ,0.295881 ,0.364611 ,0.233455 ,0.239068
sub-0300314_ses-1,0.517806 ,0.284886 ,0.152849 ,0.229066 ,0.174373 ,0.227667 ,0.355780 ,0.251526 ,0.258135 ,0.184741 ,0.225615 ,0.218525 ,0.182238 ,0.142563 ,0.273592 ,0.335767 ,0.246189 ,0.151790
sub-0300314_ses-1,0.693628 ,0.202955 ,0.173028 ,0.317321 ,0.249248 ,0.253091 ,0.387359 ,0.279473 ,0.291232 ,0.195384 ,0.239962 ,0.209413 ,0.195586 ,0.204337 ,0.257124 ,0.307729 ,0.195552 ,0.178363
sub-0300314_ses-2,0.332684 ,0.190011 ,0.158889 ,0.174601 ,0.168732 ,0.157178 ,0.261037 ,0.158143 ,0.216118 ,0.145629 ,0.247817 ,0.219057 ,0.201058 ,0.141959 ,0.240166 ,0.272381 ,0.220917 ,0.160726
sub-0300314_ses-2,0.539729 ,0.209975 ,0.235429 ,0.206381 ,0.177692 ,0.221569 ,0.488195 ,0.254308 ,0.248563 ,0.146749 ,0.245677 ,0.234578 ,0.166645 ,0.172300 ,0.282055 ,0.333922 ,0.243741 ,0.185038
sub-0300314_ses-2,0.800545 ,0.280805 ,0.221790 ,0.244201 ,0.241315 ,0.215423 ,0.560688 ,0.195229 ,0.316127 ,0.193082 ,0.283854 ,0.337235 ,0.176187 ,0.186708 ,0.316185 ,0.407155 ,0.204979 ,0.218307
sub-0300314_ses-2,0.812220 ,0.300118 ,0.227592 ,0.225529 ,0.264333 ,0.215846 ,0.555160 ,0.207585 ,0.330130 ,0.169273 ,0.267924 ,0.280880 ,0.261310 ,0.197580 ,0.322834 ,0.388060 ,0.242238 ,0.173320
sub-0300314_ses-3,0.343105 ,0.243879 ,0.243378 ,0.226920 ,0.171579 ,0.157116 ,0.304823 ,0.207843 ,0.227529 ,0.137200 ,0.268949 ,0.246322 ,0.212946 ,0.175411 ,0.230094 ,0.258922 ,0.275940 ,0.199307
sub-0300314_ses-3,0.705612 ,0.253716 ,0.179569 ,0.258184 ,0.234278 ,0.278651 ,0.455668 ,0.293936 ,0.287901 ,0.191028 ,0.277140 ,0.262200 ,0.240082 ,0.180178 ,0.301750 ,0.360850 ,0.268680 ,0.223975
sub-0300314_ses-3,0.592934 ,0.286947 ,0.219340 ,0.249778 ,0.229256 ,0.221817 ,0.288687 ,0.199262 ,0.273253 ,0.159226 ,0.232891 ,0.304943 ,0.231044 ,0.212079 ,0.254435 ,0.292833 ,0.256698 ,0.210407
sub-0300314_ses-3,0.895261 ,0.390516 ,0.215472 ,0.281214 ,0.243662 ,0.216677 ,0.494998 ,0.326656 ,0.339590 ,0.202043 ,0.311120 ,0.378183 ,0.300681 ,0.217408 ,0.282345 ,0.398896 ,0.242044 ,0.274133
sub-0300314_ses-4,0.432866 ,0.202833 ,0.177697 ,0.204827 ,0.247574 ,0.221879 ,0.304747 ,0.233084 ,0.311794 ,0.200581 ,0.310275 ,0.264452 ,0.283837 ,0.182682 ,0.273456 ,0.273668 ,0.313253 ,0.223793
sub-0300314_ses-4,0.422159 ,0.267269 ,0.237345 ,0.288934 ,0.251632 ,0.222050 ,0.326655 ,0.219660 ,0.234746 ,0.124442 ,0.224221 ,0.252487 ,0.181932 ,0.158176 ,0.279347 ,0.302099 ,0.247588 ,0.233902
sub-0300314_ses-4,0.548175 ,0.314555 ,0.216887 ,0.290118 ,0.242941 ,0.206508 ,0.472482 ,0.277907 ,0.455662 ,0.188286 ,0.319159 ,0.307866 ,0.325870 ,0.209327 ,0.289402 ,0.486441 ,0.291012 ,0.177164
sub-0300314_ses-4,0.488925 ,0.317857 ,0.249439 ,0.323690 ,0.336441 ,0.234051 ,0.624893 ,0.274019 ,0.486316 ,0.183843 ,0.406289 ,0.297190 ,0.327107 ,0.206514 ,0.283316 ,0.358024 ,0.325522 ,0.235312
sub-0300314_ses-5,0.684060 ,0.305732 ,0.212387 ,0.229312 ,0.200749 ,0.174358 ,0.412224 ,0.241067 ,0.375240 ,0.184673 ,0.264310 ,0.312797 ,0.222731 ,0.178873 ,0.324472 ,0.343928 ,0.256006 ,0.217275
sub-0300314_ses-5,0.616971 ,0.278605 ,0.235923 ,0.204470 ,0.245793 ,0.224365 ,0.425721 ,0.263969 ,0.356467 ,0.183696 ,0.282573 ,0.321227 ,0.235902 ,0.226742 ,0.296013 ,0.451467 ,0.207115 ,0.227039
sub-0300314_ses-5,0.614354 ,0.385326 ,0.223046 ,0.241165 ,0.245663 ,0.203268 ,0.596043 ,0.260368 ,0.284745 ,0.171796 ,0.280946 ,0.298518 ,0.338254 ,0.213276 ,0.308822 ,0.278499 ,0.256475 ,0.234429
sub-0300314_ses-5,0.605946 ,0.239043 ,0.264103 ,0.245571 ,0.244218 ,0.177359 ,0.462053 ,0.252127 ,0.406368 ,0.195387 ,0.343833 ,0.219293 ,0.338122 ,0.160599 ,0.249249 ,0.499290 ,0.217424 ,0.192094
sub-0300314_ses-6,0.511093 ,0.266010 ,0.177483 ,0.220680 ,0.201687 ,0.190262 ,0.327496 ,0.242433 ,0.209637 ,0.177877 ,0.239207 ,0.245708 ,0.207009 ,0.189909 ,0.246431 ,0.237264 ,0.262931 ,0.205543
sub-0300314_ses-6,0.429271 ,0.267878 ,0.196819 ,0.218573 ,0.202734 ,0.182952 ,0.364381 ,0.253830 ,0.283670 ,0.164065 ,0.260773 ,0.352868 ,0.192927 ,0.140431 ,0.264783 ,0.253325 ,0.219676 ,0.187787
sub-0300314_ses-6,0.864057 ,0.369536 ,0.408542 ,0.362686 ,0.338942 ,0.217735 ,0.360227 ,0.262173 ,0.629519 ,0.230104 ,0.329060 ,0.266827 ,0.314517 ,0.201915 ,0.297429 ,0.450059 ,0.456449 ,0.192883
sub-0300314_ses-6,0.480305 ,0.286376 ,0.174988 ,0.216152 ,0.217456 ,0.188799 ,0.416084 ,0.212233 ,0.288980 ,0.173616 ,0.275530 ,0.326348 ,0.217668 ,0.177495 ,0.245826 ,0.312744 ,0.249560 ,0.188573
sub-0300315_ses-1,0.708201 ,0.217739 ,0.220022 ,0.403042 ,0.227435 ,0.261674 ,0.447108 ,0.238193 ,0.308853 ,0.248162 ,0.341680 ,0.271002 ,0.220120 ,0.218757 ,0.317052 ,0.505011 ,0.264746 ,0.241355
sub-0300315_ses-1,0.601540 ,0.279691 ,0.208709 ,0.281964 ,0.195917 ,0.234528 ,0.476262 ,0.185778 ,0.252092 ,0.161429 ,0.242082 ,0.249995 ,0.159396 ,0.146667 ,0.267368 ,0.385710 ,0.274216 ,0.215583
sub-0300315_ses-1,1.094230 ,0.439341 ,0.277747 ,0.443884 ,0.245422 ,0.315570 ,0.523307 ,0.247642 ,0.420090 ,0.233978 ,0.356641 ,0.327001 ,0.274442 ,0.260719 ,0.415118 ,0.522682 ,0.271859 ,0.305828
sub-0300315_ses-1,1.112919 ,0.354444 ,0.254560 ,0.477434 ,0.282080 ,0.247866 ,0.473226 ,0.212832 ,0.357909 ,0.235799 ,0.338489 ,0.239707 ,0.250084 ,0.232199 ,0.296638 ,0.556764 ,0.292838 ,0.266044
sub-0300315_ses-2,0.727094 ,0.314978 ,0.198064 ,0.404978 ,0.261426 ,0.338444 ,0.434877 ,0.270782 ,0.280965 ,0.308136 ,0.454715 ,0.380449 ,0.239407 ,0.254864 ,0.377854 ,0.460223 ,0.290693 ,0.224897
sub-0300315_ses-2,0.869648 ,0.303667 ,0.155971 ,0.317834 ,0.281264 ,0.198603 ,0.419647 ,0.189007 ,0.352717 ,0.183228 ,0.337753 ,0.309924 ,0.240958 ,0.223650 ,0.284641 ,0.343603 ,0.312180 ,0.179179
sub-0300315_ses-2,0.901165 ,0.297277 ,0.259585 ,0.410327 ,0.244344 ,0.318765 ,0.646927 ,0.277059 ,0.440854 ,0.243055 ,0.361954 ,0.482442 ,0.265906 ,0.276948 ,0.314863 ,0.447719 ,0.371598 ,0.270747
sub-0300315_ses-2,0.841130 ,0.331426 ,0.265074 ,0.461587 ,0.269513 ,0.366078 ,0.445514 ,0.274652 ,0.450324 ,0.203267 ,0.382969 ,0.438948 ,0.262668 ,0.280150 ,0.318473 ,0.516539 ,0.443542 ,0.242061
sub-0300315_ses-3,0.697714 ,0.296720 ,0.234919 ,0.353125 ,0.251698 ,0.261609 ,0.614255 ,0.222966 ,0.312425 ,0.210865 ,0.360988 ,0.305299 ,0.276566 ,0.221419 ,0.346525 ,0.385484 ,0.375812 ,0.292672
sub-0300315_ses-3,0.586040 ,0.319469 ,0.327988 ,0.541227 ,0.245324 ,0.282734 ,0.900147 ,0.254674 ,0.306737 ,0.293469 ,0.423265 ,0.414466 ,0.221635 ,0.201679 ,0.400564 ,0.295371 ,0.271411 ,0.231211
sub-0300315_ses-3,0.673217 ,0.327627 ,0.250006 ,0.408358 ,0.301914 ,0.261441 ,0.513533 ,0.242411 ,0.377214 ,0.276205 ,0.415884 ,0.380080 ,0.254011 ,0.258533 ,0.335020 ,0.612267 ,0.318344 ,0.198395
sub-0300315_ses-3,0.785442 ,0.368638 ,0.328559 ,0.373429 ,0.325852 ,0.278894 ,0.434200 ,0.285939 ,0.377649 ,0.227321 ,0.445206 ,0.441835 ,0.277155 ,0.219532 ,0.373762 ,0.494187 ,0.322353 ,0.298651
sub-0300315_ses-4,0.451263 ,0.303504 ,0.221841 ,0.246036 ,0.204057 ,0.230300 ,0.426361 ,0.233731 ,0.281448 ,0.229781 ,0.276991 ,0.282093 ,0.209244 ,0.155165 ,0.258753 ,0.293170 ,0.281744 ,0.170279
sub-0300315_ses-4,0.582245 ,0.256230 ,0.232898 ,0.464805 ,0.241207 ,0.321855 ,0.591214 ,0.221152 ,0.349167 ,0.271200 ,0.286425 ,0.286147 ,0.262104 ,0.173347 ,0.318347 ,0.394847 ,0.219473 ,0.188634
sub-0300315_ses-4,0.448160 ,0.260852 ,0.235853 ,0.326246 ,0.208154 ,0.239790 ,0.516084 ,0.230857 ,0.269870 ,0.153146 ,0.258219 ,0.283322 ,0.202190 ,0.234019 ,0.249371 ,0.351919 ,0.237696 ,0.194556
sub-0300315_ses-4,0.642023 ,0.274214 ,0.247058 ,0.368690 ,0.317263 ,0.254012 ,0.492780 ,0.265309 ,0.310774 ,0.243170 ,0.379122 ,0.300146 ,0.191127 ,0.230609 ,0.241424 ,0.335202 ,0.300189 ,0.211730
sub-0300315_ses-5,0.610189 ,0.259300 ,0.245166 ,0.311159 ,0.211915 ,0.212395 ,0.368600 ,0.295724 ,0.348616 ,0.200509 ,0.361418 ,0.296893 ,0.216791 ,0.277972 ,0.264556 ,0.339192 ,0.302090 ,0.209558
sub-0300315_ses-5,0.687226 ,0.318364 ,0.199947 ,0.440625 ,0.308709 ,0.308319 ,0.661576 ,0.262856 ,0.403865 ,0.254801 ,0.333413 ,0.310567 ,0.273293 ,0.258178 ,0.340196 ,0.465247 ,0.334012 ,0.209876
sub-0300315_ses-5,0.668243 ,0.304700 ,0.277374 ,0.388747 ,0.220392 ,0.238776 ,0.512228 ,0.314482 ,0.332568 ,0.184556 ,0.428024 ,0.387530 ,0.220132 ,0.204201 ,0.316758 ,0.372072 ,0.338676 ,0.207247
sub-0300315_ses-5,0.756662 ,0.364789 ,0.256842 ,0.506326 ,0.216099 ,0.263444 ,0.648551 ,0.274656 ,0.328686 ,0.221278 ,0.370524 ,0.342731 ,0.230119 ,0.197517 ,0.359344 ,0.436459 ,0.252359 ,0.305056
sub-0300315_ses-6,0.468201 ,0.455731 ,0.308181 ,0.299200 ,0.287312 ,0.226283 ,0.481354 ,0.211579 ,0.335968 ,0.170503 ,0.443217 ,0.348811 ,0.292722 ,0.300266 ,0.237916 ,0.337048 ,0.263177 ,0.190909
sub-0300315_ses-6,0.600885 ,0.295400 ,0.241403 ,0.436231 ,0.253607 ,0.279927 ,0.429970 ,0.253500 ,0.344411 ,0.232514 ,0.382935 ,0.362247 ,0.237935 ,0.259077 ,0.315432 ,0.470536 ,0.300791 ,0.181051
sub-0300315_ses-6,0.672872 ,0.344385 ,0.313837 ,0.459876 ,0.284878 ,0.363064 ,0.477860 ,0.270292 ,0.376489 ,0.244814 ,0.464675 ,0.373007 ,0.347419 ,0.279740 ,0.365618 ,0.515155 ,0.249141 ,0.194838
sub-0300315_ses-6,0.726362 ,0.319687 ,0.247705 ,0.373212 ,0.275697 ,0.278550 ,0.463759 ,0.246439 ,0.283716 ,0.159990 ,0.436007 ,0.489316 ,0.220480 ,0.189932 ,0.283528 ,0.593016 ,0.277934 ,0.240731
sub-0300315_ses-7,0.517200 ,0.289229 ,0.296276 ,0.393266 ,0.185559 ,0.255663 ,0.536780 ,0.220512 ,0.281395 ,0.187155 ,0.333301 ,0.267522 ,0.320501 ,0.201381 ,0.267379 ,0.279742 ,0.278549 ,0.194828
sub-0300315_ses-7,0.427335 ,0.344324 ,0.236498 ,0.522576 ,0.277185 ,0.290097 ,0.644875 ,0.252178 ,0.303862 ,0.255174 ,0.355436 ,0.370401 ,0.230688 ,0.174230 ,0.340564 ,0.514359 ,0.292262 ,0.225882
sub-0300315_ses-7,0.861924 ,0.331998 ,0.234244 ,0.458310 ,0.269682 ,0.352087 ,0.576756 ,0.284667 ,0.328592 ,0.225579 ,0.377228 ,0.334251 ,0.264181 ,0.244228 ,0.310224 ,0.489817 ,0.275749 ,0.253880
sub-0300316_ses-1,0.569827 ,0.229893 ,0.245879 ,0.249938 ,0.205954 ,0.275352 ,0.425063 ,0.238113 ,0.356461 ,0.159648 ,0.373605 ,0.284105 ,0.244096 ,0.147706 ,0.292956 ,0.243554 ,0.292207 ,0.191627
sub-0300316_ses-1,0.595794 ,0.342476 ,0.269036 ,0.315905 ,0.309199 ,0.250533 ,0.494943 ,0.319584 ,0.395129 ,0.207451 ,0.305011 ,0.231452 ,0.292547 ,0.209641 ,0.363920 ,0.369641 ,0.241584 ,0.258010
sub-0300316_ses-1,0.701527 ,0.274911 ,0.219797 ,0.414260 ,0.262921 ,0.296761 ,0.597641 ,0.260346 ,0.256845 ,0.220147 ,0.336962 ,0.312481 ,0.255280 ,0.287714 ,0.284878 ,0.311791 ,0.321814 ,0.227340
sub-0300316_ses-1,0.796763 ,0.303664 ,0.245329 ,0.476044 ,0.303908 ,0.333458 ,0.531786 ,0.328150 ,0.387508 ,0.239898 ,0.374631 ,0.259674 ,0.337595 ,0.249883 ,0.308369 ,0.370713 ,0.210970 ,0.253482
sub-0300316_ses-2,0.542942 ,0.258025 ,0.326689 ,0.309134 ,0.213497 ,0.216065 ,0.386459 ,0.274017 ,0.307782 ,0.236981 ,0.393975 ,0.529101 ,0.337083 ,0.267034 ,0.264258 ,0.403413 ,0.319689 ,0.197241
sub-0300316_ses-2,0.755729 ,0.497926 ,0.279538 ,0.404239 ,0.335552 ,0.326935 ,0.603767 ,0.350971 ,0.287143 ,0.309200 ,0.351561 ,0.459269 ,0.258677 ,0.199918 ,0.317393 ,0.468760 ,0.347067 ,0.297124
sub-0300316_ses-2,0.728171 ,0.361276 ,0.315279 ,0.442852 ,0.330700 ,0.354914 ,0.665532 ,0.374480 ,0.414347 ,0.243461 ,0.542361 ,0.687035 ,0.373335 ,0.271421 ,0.290741 ,0.528973 ,0.415803 ,0.277277
sub-0300316_ses-2,0.777464 ,0.254546 ,0.265193 ,0.421636 ,0.339794 ,0.276951 ,0.497794 ,0.313543 ,0.470740 ,0.315190 ,0.486635 ,0.531385 ,0.305441 ,0.216304 ,0.321197 ,0.389714 ,0.435046 ,0.260390
sub-0300316_ses-3,0.433401 ,0.294301 ,0.233506 ,0.303471 ,0.336749 ,0.276556 ,0.468353 ,0.207006 ,0.328675 ,0.244848 ,0.336391 ,0.309393 ,0.294437 ,0.210656 ,0.259898 ,0.399614 ,0.260220 ,0.250254
sub-0300316_ses-3,0.711595 ,0.427572 ,0.271460 ,0.534367 ,0.317072 ,0.273982 ,0.549956 ,0.321033 ,0.400902 ,0.327079 ,0.357690 ,0.390005 ,0.375191 ,0.203145 ,0.358773 ,0.602859 ,0.325183 ,0.309541
sub-0300316_ses-3,0.875153 ,0.506533 ,0.307308 ,0.661919 ,0.414385 ,0.336849 ,0.565174 ,0.277106 ,0.441637 ,0.400942 ,0.325424 ,0.316209 ,0.354593 ,0.268091 ,0.341354 ,0.511397 ,0.272645 ,0.223621
sub-0300316_ses-3,0.489977 ,0.359516 ,0.290709 ,0.344467 ,0.304432 ,0.304112 ,0.571326 ,0.238948 ,0.313609 ,0.252642 ,0.320156 ,0.403049 ,0.324926 ,0.231791 ,0.304556 ,0.487353 ,0.284832 ,0.238820
sub-0300316_ses-4,0.717024 ,0.298994 ,0.239511 ,0.634367 ,0.213405 ,0.312793 ,0.566455 ,0.270122 ,0.352799 ,0.297499 ,0.341906 ,0.312834 ,0.246203 ,0.179592 ,0.306191 ,0.499617 ,0.295027 ,0.214602
sub-0300316_ses-4,0.778927 ,0.357899 ,0.241117 ,0.408555 ,0.287771 ,0.298364 ,0.707197 ,0.290243 ,0.285485 ,0.229669 ,0.366697 ,0.347334 ,0.201978 ,0.181288 ,0.379363 ,0.498814 ,0.357473 ,0.305656
sub-0300316_ses-4,0.473418 ,0.301279 ,0.263806 ,0.483908 ,0.261538 ,0.266611 ,0.521445 ,0.293325 ,0.315662 ,0.251141 ,0.292708 ,0.351456 ,0.259679 ,0.261130 ,0.250357 ,0.393493 ,0.337505 ,0.258542
sub-0300316_ses-4,0.756022 ,0.329690 ,0.254366 ,0.451430 ,0.215258 ,0.260951 ,0.672157 ,0.236607 ,0.368024 ,0.297103 ,0.355358 ,0.322699 ,0.285081 ,0.314798 ,0.344234 ,0.585214 ,0.366958 ,0.281479
sub-0300316_ses-5,0.395257 ,0.279860 ,0.239105 ,0.255158 ,0.263295 ,0.178780 ,0.314208 ,0.215814 ,0.286645 ,0.208743 ,0.263694 ,0.265004 ,0.223735 ,0.218977 ,0.266127 ,0.251297 ,0.256379 ,0.209667
sub-0300316_ses-5,0.572696 ,0.358029 ,0.222469 ,0.426014 ,0.227792 ,0.284320 ,0.524337 ,0.276203 ,0.296975 ,0.263367 ,0.322619 ,0.262582 ,0.256318 ,0.193298 ,0.270917 ,0.401366 ,0.298629 ,0.229898
sub-0300316_ses-5,0.771389 ,0.375284 ,0.294999 ,0.468047 ,0.424623 ,0.270608 ,0.664870 ,0.351843 ,0.391547 ,0.335124 ,0.383418 ,0.328438 ,0.263453 ,0.261507 ,0.354043 ,0.409160 ,0.368204 ,0.313217
sub-0300316_ses-5,0.777328 ,0.405171 ,0.274870 ,0.510720 ,0.273694 ,0.282833 ,0.777770 ,0.308179 ,0.332178 ,0.397467 ,0.454711 ,0.307823 ,0.341346 ,0.263350 ,0.334425 ,0.615266 ,0.329216 ,0.263297
sub-0300316_ses-6,0.563065 ,0.288856 ,0.247298 ,0.445391 ,0.257688 ,0.280734 ,0.575902 ,0.256185 ,0.377625 ,0.264077 ,0.327356 ,0.262970 ,0.250289 ,0.214047 ,0.280243 ,0.411832 ,0.250566 ,0.173625
sub-0300316_ses-6,0.591701 ,0.272828 ,0.185486 ,0.332346 ,0.247181 ,0.250246 ,0.390379 ,0.283688 ,0.319031 ,0.273785 ,0.257014 ,0.291055 ,0.231540 ,0.228087 ,0.361187 ,0.521915 ,0.294512 ,0.191351
sub-0300316_ses-6,0.561375 ,0.361040 ,0.258078 ,0.325211 ,0.289639 ,0.236579 ,0.444064 ,0.278699 ,0.328247 ,0.271775 ,0.337797 ,0.355049 ,0.268699 ,0.282556 ,0.283556 ,0.379380 ,0.297990 ,0.227971
sub-0300316_ses-6,0.574377 ,0.314591 ,0.220988 ,0.719293 ,0.262387 ,0.328931 ,0.817699 ,0.251128 ,0.373744 ,0.375549 ,0.446290 ,0.257006 ,0.336856 ,0.238095 ,0.269761 ,0.496942 ,0.310797 ,0.306280
sub-0300316_ses-7,0.529195 ,0.287715 ,0.235478 ,0.303300 ,0.270307 ,0.290784 ,0.578184 ,0.302413 ,0.301580 ,0.162378 ,0.350097 ,0.308312 ,0.224979 ,0.208970 ,0.295590 ,0.520730 ,0.271089 ,0.276506
sub-0300316_ses-7,0.659017 ,0.381461 ,0.227069 ,0.396477 ,0.216066 ,0.301826 ,0.489856 ,0.171028 ,0.310204 ,0.278563 ,0.352339 ,0.338815 ,0.251822 ,0.285306 ,0.428881 ,0.545155 ,0.271687 ,0.265632
sub-0300316_ses-7,0.567531 ,0.353626 ,0.199170 ,0.312290 ,0.234904 ,0.267593 ,0.519449 ,0.256000 ,0.272987 ,0.225911 ,0.302505 ,0.265009 ,0.220507 ,0.254268 ,0.305968 ,0.418122 ,0.305522 ,0.251267
sub-0300317_ses-1,0.691604 ,0.313001 ,0.306784 ,0.486819 ,0.352358 ,0.373347 ,0.625440 ,0.210034 ,0.281637 ,0.261120 ,0.349520 ,0.345857 ,0.354128 ,0.229355 ,0.311398 ,0.504257 ,0.285012 ,0.237755
sub-0300317_ses-1,0.907914 ,0.365840 ,0.284836 ,0.404344 ,0.418485 ,0.358486 ,0.484325 ,0.327984 ,0.398884 ,0.154172 ,0.323085 ,0.365436 ,0.492248 ,0.203503 ,0.325062 ,0.909900 ,0.328167 ,0.258108
sub-0300317_ses-1,0.753786 ,0.347298 ,0.259766 ,0.425376 ,0.278625 ,0.282104 ,0.681629 ,0.247761 ,0.381441 ,0.399363 ,0.422455 ,0.338015 ,0.357667 ,0.191729 ,0.373849 ,0.807398 ,0.302190 ,0.264728
sub-0300317_ses-1,0.792319 ,0.381886 ,0.226617 ,0.476812 ,0.327565 ,0.303739 ,0.680073 ,0.314422 ,0.425583 ,0.239476 ,0.507709 ,0.300986 ,0.343033 ,0.156854 ,0.254133 ,0.680937 ,0.286782 ,0.283474
sub-0300317_ses-2,0.422246 ,0.206490 ,0.233672 ,0.320337 ,0.271608 ,0.255042 ,0.366118 ,0.250212 ,0.315831 ,0.211570 ,0.336683 ,0.265058 ,0.221627 ,0.160010 ,0.290259 ,0.370701 ,0.262120 ,0.178332
sub-0300317_ses-2,0.557151 ,0.210639 ,0.213204 ,0.361233 ,0.270378 ,0.284460 ,0.517198 ,0.259176 ,0.258178 ,0.236052 ,0.302777 ,0.296422 ,0.213563 ,0.156480 ,0.289407 ,0.270512 ,0.243842 ,0.197449
sub-0300317_ses-2,0.676364 ,0.347501 ,0.281220 ,0.380071 ,0.266942 ,0.246162 ,0.520621 ,0.286910 ,0.373179 ,0.257412 ,0.320264 ,0.385593 ,0.280873 ,0.222203 ,0.259806 ,0.346470 ,0.280155 ,0.204651
sub-0300317_ses-2,0.773476 ,0.371249 ,0.308075 ,0.492842 ,0.456570 ,0.375923 ,0.616692 ,0.381461 ,0.290367 ,0.217357 ,0.388431 ,0.347192 ,0.346383 ,0.233832 ,0.293750 ,0.494650 ,0.299604 ,0.237382
sub-0300317_ses-3,0.550354 ,0.249594 ,0.308824 ,0.345990 ,0.227107 ,0.269627 ,0.452946 ,0.360015 ,0.359857 ,0.265514 ,0.428888 ,0.355575 ,0.380036 ,0.246491 ,0.349206 ,0.497259 ,0.321584 ,0.181772
sub-0300317_ses-3,0.741436 ,0.321640 ,0.305184 ,0.351381 ,0.365788 ,0.352190 ,0.375772 ,0.277517 ,0.411638 ,0.247641 ,0.364766 ,0.348030 ,0.300271 ,0.276071 ,0.374544 ,0.549710 ,0.346422 ,0.269422
sub-0300317_ses-3,0.641374 ,0.331505 ,0.263126 ,0.406149 ,0.294447 ,0.309915 ,0.415389 ,0.271780 ,0.451771 ,0.258682 ,0.402873 ,0.353843 ,0.314512 ,0.233977 ,0.377052 ,0.657478 ,0.302357 ,0.310053
sub-0300317_ses-3,0.859571 ,0.301504 ,0.327130 ,0.420505 ,0.325542 ,0.289071 ,0.432212 ,0.269825 ,0.337103 ,0.249354 ,0.329171 ,0.242684 ,0.337974 ,0.232135 ,0.327817 ,0.447760 ,0.344562 ,0.281440
sub-0300317_ses-4,0.535596 ,0.338656 ,0.270069 ,0.336370 ,0.254893 ,0.297235 ,0.506537 ,0.244317 ,0.363613 ,0.232457 ,0.350231 ,0.261372 ,0.264254 ,0.214837 ,0.256910 ,0.412812 ,0.319301 ,0.179983
sub-0300317_ses-4,0.791466 ,0.332617 ,0.333506 ,0.583843 ,0.334690 ,0.290603 ,0.553139 ,0.259553 ,0.375903 ,0.266816 ,0.368878 ,0.351545 ,0.345960 ,0.259429 ,0.316373 ,0.408324 ,0.280982 ,0.277585
sub-0300317_ses-4,0.922185 ,0.313426 ,0.318373 ,0.500855 ,0.305242 ,0.385735 ,0.561437 ,0.343400 ,0.425870 ,0.296035 ,0.375200 ,0.346035 ,0.395035 ,0.221507 ,0.339888 ,0.626136 ,0.413093 ,0.274109
sub-0300317_ses-4,0.476680 ,0.299502 ,0.270571 ,0.372869 ,0.310116 ,0.292598 ,0.448935 ,0.241410 ,0.274523 ,0.227012 ,0.342610 ,0.315376 ,0.308484 ,0.233985 ,0.358973 ,0.521257 ,0.330750 ,0.197743
sub-0300317_ses-5,0.700673 ,0.343821 ,0.262622 ,0.404224 ,0.321665 ,0.295088 ,0.447133 ,0.313545 ,0.351938 ,0.237985 ,0.334422 ,0.288261 ,0.312351 ,0.179725 ,0.350202 ,0.377266 ,0.282780 ,0.241979
sub-0300317_ses-5,0.717373 ,0.303901 ,0.286786 ,0.351722 ,0.220822 ,0.292031 ,0.527886 ,0.231444 ,0.337446 ,0.268193 ,0.265808 ,0.336334 ,0.292681 ,0.157304 ,0.281089 ,0.424675 ,0.274239 ,0.228756
sub-0300317_ses-5,0.515020 ,0.333612 ,0.241144 ,0.428079 ,0.237416 ,0.272225 ,0.411999 ,0.208678 ,0.319525 ,0.257230 ,0.242437 ,0.275178 ,0.250377 ,0.207802 ,0.299732 ,0.528617 ,0.240833 ,0.167211
sub-0300317_ses-6,0.661956 ,0.335819 ,0.305562 ,0.279838 ,0.355497 ,0.316184 ,0.334337 ,0.297128 ,0.429030 ,0.283774 ,0.376624 ,0.412149 ,0.388146 ,0.289928 ,0.396993 ,0.406925 ,0.316209 ,0.273940
sub-0300317_ses-6,0.662766 ,0.298656 ,0.290889 ,0.388921 ,0.323186 ,0.311373 ,0.560182 ,0.212824 ,0.390374 ,0.201270 ,0.400168 ,0.349039 ,0.375744 ,0.253298 ,0.337392 ,0.386084 ,0.350378 ,0.217263
sub-0300317_ses-6,0.829146 ,0.332126 ,0.274032 ,0.322566 ,0.300256 ,0.307287 ,0.472812 ,0.305213 ,0.399046 ,0.245539 ,0.292446 ,0.341383 ,0.392306 ,0.254268 ,0.367549 ,0.587430 ,0.369375 ,0.242519
sub-0300317_ses-6,0.700377 ,0.316689 ,0.261919 ,0.404578 ,0.297294 ,0.304706 ,0.490764 ,0.261089 ,0.394437 ,0.295379 ,0.324016 ,0.333106 ,0.296381 ,0.257329 ,0.349558 ,0.554714 ,0.331060 ,0.192868
sub-0300318_ses-1,0.541021 ,0.251211 ,0.226907 ,0.292132 ,0.253496 ,0.204410 ,0.484408 ,0.244984 ,0.273368 ,0.202803 ,0.278395 ,0.255439 ,0.216081 ,0.138527 ,0.260403 ,0.248152 ,0.221175 ,0.219103
sub-0300318_ses-1,0.697860 ,0.286714 ,0.211792 ,0.328515 ,0.230418 ,0.212930 ,0.440594 ,0.206649 ,0.213450 ,0.250032 ,0.369045 ,0.280979 ,0.205109 ,0.211359 ,0.306855 ,0.377439 ,0.274720 ,0.233998
sub-0300318_ses-1,0.422983 ,0.272390 ,0.182510 ,0.309176 ,0.186793 ,0.209739 ,0.447843 ,0.178936 ,0.256188 ,0.162103 ,0.284154 ,0.227776 ,0.260354 ,0.155656 ,0.271254 ,0.342798 ,0.254971 ,0.216241
sub-0300318_ses-1,0.669011 ,0.335319 ,0.231131 ,0.297673 ,0.258596 ,0.314895 ,0.584450 ,0.228804 ,0.317220 ,0.182056 ,0.365784 ,0.291065 ,0.232843 ,0.205076 ,0.271913 ,0.379084 ,0.286151 ,0.281789
sub-0300318_ses-2,0.571408 ,0.231721 ,0.249537 ,0.288857 ,0.292890 ,0.172144 ,0.400223 ,0.210685 ,0.381638 ,0.190745 ,0.324612 ,0.298789 ,0.245669 ,0.162028 ,0.348088 ,0.265610 ,0.275744 ,0.242624
sub-0300318_ses-2,0.600280 ,0.277108 ,0.209077 ,0.277630 ,0.231027 ,0.213613 ,0.520223 ,0.236551 ,0.322134 ,0.224212 ,0.231322 ,0.332042 ,0.339863 ,0.203284 ,0.284824 ,0.501792 ,0.249139 ,0.219259
sub-0300318_ses-2,0.682693 ,0.298552 ,0.195984 ,0.466206 ,0.214549 ,0.323080 ,0.382959 ,0.315652 ,0.252037 ,0.227154 ,0.345941 ,0.343794 ,0.236121 ,0.199666 ,0.234734 ,0.470133 ,0.307308 ,0.235489
sub-0300318_ses-2,0.866614 ,0.303869 ,0.210684 ,0.425630 ,0.250676 ,0.250757 ,0.656613 ,0.327641 ,0.329109 ,0.235587 ,0.325920 ,0.398166 ,0.262096 ,0.187267 ,0.260758 ,0.442504 ,0.276384 ,0.315738
sub-0300318_ses-3,0.882203 ,0.340352 ,0.290892 ,0.351193 ,0.231436 ,0.265220 ,0.517680 ,0.238021 ,0.408711 ,0.181322 ,0.316253 ,0.345704 ,0.271069 ,0.236656 ,0.269714 ,0.382532 ,0.350104 ,0.301193
sub-0300318_ses-3,0.684873 ,0.232981 ,0.253901 ,0.359959 ,0.250410 ,0.245368 ,0.681928 ,0.242096 ,0.305269 ,0.249219 ,0.338392 ,0.324640 ,0.220126 ,0.225719 ,0.298596 ,0.366211 ,0.232205 ,0.173432
sub-0300318_ses-3,0.526086 ,0.270930 ,0.241315 ,0.256098 ,0.206295 ,0.191965 ,0.494938 ,0.236744 ,0.261124 ,0.198106 ,0.243322 ,0.252835 ,0.202434 ,0.217705 ,0.238268 ,0.245554 ,0.256827 ,0.184219
sub-0300318_ses-3,0.591298 ,0.282494 ,0.222718 ,0.365945 ,0.285359 ,0.263148 ,0.436220 ,0.306672 ,0.268682 ,0.195961 ,0.317149 ,0.338159 ,0.285865 ,0.205574 ,0.238552 ,0.445378 ,0.300652 ,0.208731
sub-0300318_ses-4,0.608202 ,0.286420 ,0.220178 ,0.356598 ,0.249642 ,0.309494 ,0.695996 ,0.247059 ,0.302136 ,0.192155 ,0.369441 ,0.316447 ,0.235609 ,0.172031 ,0.328563 ,0.446849 ,0.321507 ,0.243236
sub-0300318_ses-4,0.883364 ,0.392108 ,0.242842 ,0.493696 ,0.307679 ,0.354959 ,0.829562 ,0.284404 ,0.387015 ,0.320612 ,0.305588 ,0.393587 ,0.314117 ,0.193546 ,0.284619 ,0.512385 ,0.325047 ,0.338620
sub-0300318_ses-4,0.713768 ,0.325812 ,0.275981 ,0.446625 ,0.226893 ,0.287542 ,0.662730 ,0.328709 ,0.223122 ,0.259967 ,0.306208 ,0.263725 ,0.269163 ,0.211502 ,0.284093 ,0.437471 ,0.286269 ,0.296716
sub-0300318_ses-4,0.591070 ,0.298652 ,0.270463 ,0.432684 ,0.235746 ,0.260121 ,0.800254 ,0.305539 ,0.323931 ,0.225027 ,0.318246 ,0.315367 ,0.273056 ,0.200894 ,0.335434 ,0.431866 ,0.263190 ,0.241182
sub-0300318_ses-5,0.614862 ,0.288000 ,0.233345 ,0.376348 ,0.243427 ,0.239294 ,0.371768 ,0.244276 ,0.340038 ,0.199450 ,0.329096 ,0.297380 ,0.273503 ,0.206241 ,0.299630 ,0.373515 ,0.279406 ,0.167634
sub-0300318_ses-5,0.777628 ,0.233690 ,0.228343 ,0.465685 ,0.262686 ,0.285343 ,0.662435 ,0.217019 ,0.269650 ,0.262038 ,0.361423 ,0.371474 ,0.253163 ,0.218934 ,0.258238 ,0.560612 ,0.276104 ,0.263851
sub-0300318_ses-5,0.786090 ,0.264853 ,0.208984 ,0.548066 ,0.239227 ,0.296425 ,0.649944 ,0.239443 ,0.348091 ,0.246019 ,0.317671 ,0.375446 ,0.256772 ,0.253079 ,0.277123 ,0.455633 ,0.277356 ,0.207455
sub-0300318_ses-5,0.768055 ,0.282621 ,0.229342 ,0.353450 ,0.212544 ,0.267404 ,0.827903 ,0.265216 ,0.265891 ,0.254003 ,0.365821 ,0.387186 ,0.296015 ,0.194926 ,0.294686 ,0.483405 ,0.298026 ,0.218946
sub-0300318_ses-6,0.702681 ,0.332341 ,0.225856 ,0.409851 ,0.276684 ,0.234258 ,0.505894 ,0.272390 ,0.272491 ,0.265000 ,0.295866 ,0.293631 ,0.356685 ,0.279569 ,0.303165 ,0.458973 ,0.300070 ,0.290992
sub-0300318_ses-6,0.428742 ,0.287299 ,0.245913 ,0.311711 ,0.242449 ,0.209503 ,0.418028 ,0.264946 ,0.292631 ,0.162886 ,0.316491 ,0.292180 ,0.259455 ,0.183303 ,0.305053 ,0.329481 ,0.253986 ,0.202177
sub-0300318_ses-6,0.694961 ,0.245942 ,0.265445 ,0.332945 ,0.223903 ,0.244977 ,0.468656 ,0.271297 ,0.457747 ,0.232660 ,0.345826 ,0.355651 ,0.259563 ,0.234390 ,0.310161 ,0.380388 ,0.362965 ,0.242804
sub-0300400_ses-1,0.155818 ,0.174833 ,0.287459 ,0.103580 ,0.128458 ,0.111493 ,0.141273 ,0.168814 ,0.125309 ,0.087728 ,0.142888 ,0.198566 ,0.065825 ,0.117773 ,0.078415 ,0.128213 ,0.101818 ,0.134573
sub-0300400_ses-1,0.098817 ,0.157327 ,0.211565 ,0.094676 ,0.106240 ,0.091928 ,0.087738 ,0.187395 ,0.147811 ,0.066804 ,0.153824 ,0.162103 ,0.057724 ,0.118205 ,0.134695 ,0.106087 ,0.093081 ,0.075231
sub-0300400_ses-1,0.359389 ,0.116610 ,0.179050 ,0.349053 ,0.137916 ,0.101742 ,0.198164 ,0.196659 ,0.163382 ,0.105746 ,0.209287 ,0.231906 ,0.139832 ,0.135773 ,0.199208 ,0.176119 ,0.157133 ,0.188299
sub-0300400_ses-2,0.323294 ,0.164828 ,0.341543 ,0.226094 ,0.162566 ,0.190496 ,0.153262 ,0.185996 ,0.205264 ,0.170398 ,0.144308 ,0.169888 ,0.110674 ,0.202621 ,0.143793 ,0.244051 ,0.202039 ,0.231753
sub-0300400_ses-2,0.124973 ,0.095127 ,0.144408 ,0.114303 ,0.078065 ,0.090377 ,0.094074 ,0.084408 ,0.116357 ,0.086381 ,0.108723 ,0.114909 ,0.086638 ,0.109576 ,0.107148 ,0.128718 ,0.132414 ,0.072642
sub-0300400_ses-2,0.383446 ,0.133223 ,0.233130 ,0.220728 ,0.095877 ,0.106966 ,0.170322 ,0.276350 ,0.239464 ,0.123542 ,0.121263 ,0.185020 ,0.107657 ,0.285979 ,0.233769 ,0.342311 ,0.172614 ,0.224473
sub-0300401_ses-1,0.505830 ,0.290298 ,0.219563 ,0.351233 ,0.203268 ,0.262246 ,0.410845 ,0.377384 ,0.349734 ,0.213064 ,0.454485 ,0.346468 ,0.200058 ,0.294958 ,0.185975 ,0.228015 ,0.221928 ,0.206687
sub-0300401_ses-1,0.386713 ,0.214219 ,0.291202 ,0.480460 ,0.169089 ,0.263826 ,0.145944 ,0.215016 ,0.368994 ,0.238542 ,0.301422 ,0.200133 ,0.087893 ,0.284462 ,0.169501 ,0.272366 ,0.070748 ,0.198795
sub-0300401_ses-1,0.247839 ,0.194906 ,0.319803 ,0.286057 ,0.129263 ,0.169033 ,0.079896 ,0.259655 ,0.296731 ,0.200728 ,0.332677 ,0.191704 ,0.100282 ,0.303120 ,0.167888 ,0.275837 ,0.154607 ,0.350119
sub-0300401_ses-2,0.206786 ,0.145007 ,0.225023 ,0.123432 ,0.082465 ,0.112568 ,0.235231 ,0.304309 ,0.223803 ,0.087168 ,0.260513 ,0.221622 ,0.112224 ,0.184258 ,0.112385 ,0.197316 ,0.106563 ,0.140725
sub-0300401_ses-2,0.188150 ,0.175725 ,0.208078 ,0.181063 ,0.150060 ,0.290369 ,0.142123 ,0.251776 ,0.154068 ,0.121260 ,0.231004 ,0.171055 ,0.102871 ,0.118399 ,0.102153 ,0.128328 ,0.082152 ,0.131113
sub-0300401_ses-2,0.198749 ,0.176037 ,0.208034 ,0.143309 ,0.093286 ,0.154077 ,0.233075 ,0.352105 ,0.154086 ,0.086901 ,0.244194 ,0.187788 ,0.110056 ,0.148312 ,0.170998 ,0.115563 ,0.182260 ,0.108002
sub-0300402_ses-1,0.406844 ,0.239671 ,0.243774 ,0.185812 ,0.108369 ,0.178823 ,0.320633 ,0.277788 ,0.378606 ,0.107564 ,0.212260 ,0.215378 ,0.082582 ,0.197661 ,0.215814 ,0.243563 ,0.123112 ,0.269825
sub-0300402_ses-1,0.494448 ,0.331024 ,0.429880 ,0.389678 ,0.205045 ,0.225998 ,0.237049 ,0.352027 ,0.518746 ,0.193759 ,0.306288 ,0.387289 ,0.212171 ,0.353767 ,0.241618 ,0.352309 ,0.156179 ,0.472238
sub-0300402_ses-1,0.355520 ,0.237506 ,0.264394 ,0.228179 ,0.089847 ,0.134002 ,0.212360 ,0.153393 ,0.303867 ,0.127373 ,0.160050 ,0.171532 ,0.105412 ,0.321693 ,0.201882 ,0.302305 ,0.139680 ,0.309763
sub-0300402_ses-2,0.155291 ,0.137674 ,0.201826 ,0.132178 ,0.105410 ,0.094417 ,0.077918 ,0.128158 ,0.117519 ,0.081252 ,0.087940 ,0.129343 ,0.067807 ,0.119194 ,0.097218 ,0.090140 ,0.096830 ,0.107925
sub-0300402_ses-2,0.354162 ,0.134432 ,0.197577 ,0.210549 ,0.093672 ,0.115278 ,0.109031 ,0.287924 ,0.231923 ,0.084504 ,0.102016 ,0.130066 ,0.092918 ,0.255544 ,0.154378 ,0.152084 ,0.074096 ,0.235197
sub-0300402_ses-2,0.423518 ,0.252999 ,0.197399 ,0.237071 ,0.131508 ,0.180371 ,0.323495 ,0.183632 ,0.454689 ,0.130457 ,0.204154 ,0.177898 ,0.109876 ,0.227665 ,0.148922 ,0.239702 ,0.142237 ,0.351046
sub-0300403_ses-1,0.086733 ,0.175731 ,0.192585 ,0.113311 ,0.144691 ,0.157058 ,0.091744 ,0.149984 ,0.122423 ,0.097667 ,0.126499 ,0.104427 ,0.094521 ,0.126885 ,0.082065 ,0.082659 ,0.095959 ,0.093032
sub-0300403_ses-1,0.191189 ,0.191654 ,0.203964 ,0.160697 ,0.136524 ,0.085838 ,0.233596 ,0.248249 ,0.186218 ,0.125576 ,0.257656 ,0.256367 ,0.105747 ,0.104900 ,0.177446 ,0.208671 ,0.180673 ,0.245834
sub-0300403_ses-1,0.204669 ,0.167524 ,0.189537 ,0.398817 ,0.129983 ,0.227085 ,0.146146 ,0.241532 ,0.152032 ,0.135910 ,0.245796 ,0.225702 ,0.104018 ,0.168206 ,0.143695 ,0.258103 ,0.131489 ,0.194033
sub-0300403_ses-2,0.195873 ,0.205971 ,0.306491 ,0.207150 ,0.118049 ,0.133670 ,0.148738 ,0.190045 ,0.193061 ,0.202581 ,0.166340 ,0.136702 ,0.142284 ,0.124643 ,0.172595 ,0.290081 ,0.187281 ,0.260780
sub-0300403_ses-2,0.201074 ,0.288628 ,0.239603 ,0.200970 ,0.130925 ,0.232420 ,0.156618 ,0.224848 ,0.293158 ,0.136712 ,0.205510 ,0.237047 ,0.152261 ,0.211278 ,0.136729 ,0.265391 ,0.097673 ,0.223473
sub-0300403_ses-2,0.205986 ,0.336043 ,0.239601 ,0.287748 ,0.134316 ,0.201230 ,0.194964 ,0.116987 ,0.316824 ,0.096191 ,0.205375 ,0.201891 ,0.119552 ,0.106477 ,0.120964 ,0.217402 ,0.088340 ,0.261419
sub-0300404_ses-1,0.094138 ,0.149436 ,0.173198 ,0.118777 ,0.101372 ,0.155950 ,0.119190 ,0.071586 ,0.099764 ,0.075241 ,0.094626 ,0.109757 ,0.044804 ,0.040022 ,0.062397 ,0.073896 ,0.049792 ,0.065796
sub-0300404_ses-1,0.116945 ,0.120988 ,0.117186 ,0.081292 ,0.084936 ,0.109062 ,0.142512 ,0.107984 ,0.117774 ,0.093152 ,0.133739 ,0.137810 ,0.089552 ,0.070732 ,0.079475 ,0.073288 ,0.082926 ,0.109251
sub-0300404_ses-1,0.308349 ,0.277133 ,0.354808 ,0.359367 ,0.238647 ,0.244002 ,0.292969 ,0.381126 ,0.344917 ,0.188862 ,0.328210 ,0.535278 ,0.282498 ,0.337459 ,0.269195 ,0.321129 ,0.155043 ,0.377279
sub-0300404_ses-2,0.224295 ,0.264363 ,0.251838 ,0.161680 ,0.185755 ,0.128994 ,0.263537 ,0.176148 ,0.200631 ,0.130962 ,0.191661 ,0.207333 ,0.081356 ,0.112477 ,0.107922 ,0.119512 ,0.124654 ,0.136549
sub-0300404_ses-2,0.308856 ,0.247379 ,0.253681 ,0.334061 ,0.186170 ,0.238050 ,0.360184 ,0.259000 ,0.348411 ,0.196192 ,0.388389 ,0.329435 ,0.215725 ,0.246889 ,0.175929 ,0.129633 ,0.157016 ,0.307449
sub-0300404_ses-2,0.415350 ,0.232419 ,0.176291 ,0.341433 ,0.157893 ,0.155876 ,0.202089 ,0.221980 ,0.259327 ,0.168197 ,0.389069 ,0.283390 ,0.122196 ,0.129800 ,0.142896 ,0.160905 ,0.179770 ,0.331680
sub-0300405_ses-1,0.073271 ,0.115557 ,0.104992 ,0.070227 ,0.057148 ,0.083870 ,0.077336 ,0.052327 ,0.088442 ,0.055126 ,0.107245 ,0.129945 ,0.042220 ,0.047027 ,0.068662 ,0.085992 ,0.067196 ,0.047888
sub-0300405_ses-1,0.254214 ,0.166482 ,0.191837 ,0.126749 ,0.083849 ,0.073487 ,0.124196 ,0.121293 ,0.143300 ,0.112556 ,0.190963 ,0.101451 ,0.071135 ,0.124095 ,0.080921 ,0.196736 ,0.099086 ,0.160187
sub-0300405_ses-1,0.361733 ,0.171756 ,0.203603 ,0.122018 ,0.125225 ,0.093181 ,0.134773 ,0.159061 ,0.198928 ,0.095303 ,0.121232 ,0.133109 ,0.055277 ,0.206162 ,0.126709 ,0.234401 ,0.076914 ,0.269139
sub-0300405_ses-2,0.105957 ,0.144420 ,0.216695 ,0.140630 ,0.118556 ,0.132926 ,0.160438 ,0.143250 ,0.130008 ,0.106687 ,0.161272 ,0.170586 ,0.115587 ,0.143886 ,0.146888 ,0.146523 ,0.122512 ,0.091607
sub-0300405_ses-2,0.086942 ,0.133246 ,0.157324 ,0.113373 ,0.149005 ,0.125501 ,0.125249 ,0.129530 ,0.061729 ,0.063281 ,0.107113 ,0.180920 ,0.055399 ,0.074316 ,0.081783 ,0.077126 ,0.083062 ,0.033832
sub-0300405_ses-2,0.184975 ,0.163481 ,0.204774 ,0.110751 ,0.129907 ,0.135255 ,0.108619 ,0.104836 ,0.175203 ,0.068789 ,0.073826 ,0.137731 ,0.055536 ,0.108373 ,0.079851 ,0.127673 ,0.098414 ,0.142894
sub-0300406_ses-1,0.148603 ,0.130491 ,0.163555 ,0.157743 ,0.105644 ,0.067359 ,0.205449 ,0.143532 ,0.112952 ,0.056649 ,0.182214 ,0.096631 ,0.102857 ,0.062818 ,0.088106 ,0.084723 ,0.101996 ,0.079180
sub-0300406_ses-1,0.113979 ,0.102374 ,0.105491 ,0.080180 ,0.099078 ,0.120160 ,0.074008 ,0.071187 ,0.092944 ,0.054629 ,0.132358 ,0.135891 ,0.037833 ,0.044543 ,0.067148 ,0.078441 ,0.090220 ,0.084070
sub-0300406_ses-1,0.268162 ,0.130392 ,0.172088 ,0.162482 ,0.122408 ,0.168085 ,0.266166 ,0.309566 ,0.191706 ,0.092716 ,0.287654 ,0.217786 ,0.112781 ,0.126433 ,0.248152 ,0.175868 ,0.151462 ,0.141194
sub-0300406_ses-2,0.061722 ,0.106532 ,0.243290 ,0.134706 ,0.131130 ,0.119279 ,0.155491 ,0.111859 ,0.127340 ,0.137922 ,0.161039 ,0.140692 ,0.103160 ,0.098349 ,0.091268 ,0.082539 ,0.093968 ,0.056636
sub-0300406_ses-2,0.075097 ,0.126401 ,0.120324 ,0.091307 ,0.079550 ,0.079260 ,0.090552 ,0.092614 ,0.116150 ,0.091823 ,0.174114 ,0.108969 ,0.061187 ,0.088324 ,0.073473 ,0.114823 ,0.094378 ,0.046825
sub-0300406_ses-2,0.140129 ,0.181810 ,0.193914 ,0.249875 ,0.095920 ,0.065763 ,0.154052 ,0.171792 ,0.181521 ,0.187833 ,0.182323 ,0.188102 ,0.136870 ,0.152320 ,0.152906 ,0.158563 ,0.133649 ,0.172683
sub-0300407_ses-1,0.238134 ,0.158454 ,0.283659 ,0.171669 ,0.102795 ,0.140446 ,0.165417 ,0.246898 ,0.304724 ,0.153326 ,0.179988 ,0.115443 ,0.125707 ,0.310462 ,0.154491 ,0.136963 ,0.059102 ,0.185528
sub-0300407_ses-1,0.587302 ,0.495380 ,0.348041 ,0.638292 ,0.275847 ,0.265355 ,0.519364 ,0.537876 ,0.426687 ,0.245225 ,0.544884 ,0.445949 ,0.217860 ,0.336768 ,0.315461 ,0.277996 ,0.164427 ,0.395657
sub-0300407_ses-1,0.605677 ,0.205863 ,0.239698 ,0.217578 ,0.109842 ,0.217454 ,0.219763 ,0.141829 ,0.305664 ,0.104533 ,0.193264 ,0.215906 ,0.148356 ,0.166999 ,0.293954 ,0.228267 ,0.166644 ,0.235243
sub-0300407_ses-2,0.252733 ,0.120640 ,0.246261 ,0.126405 ,0.143322 ,0.097021 ,0.176275 ,0.233581 ,0.153949 ,0.060059 ,0.219478 ,0.128069 ,0.071358 ,0.181108 ,0.082155 ,0.150896 ,0.125053 ,0.075687
sub-0300407_ses-2,0.444389 ,0.176540 ,0.200437 ,0.304156 ,0.128155 ,0.265976 ,0.316373 ,0.240417 ,0.192584 ,0.080383 ,0.228053 ,0.241182 ,0.147275 ,0.144821 ,0.095631 ,0.200675 ,0.121173 ,0.094129
sub-0300407_ses-2,0.241373 ,0.214187 ,0.181848 ,0.210803 ,0.197410 ,0.125260 ,0.196975 ,0.411681 ,0.238035 ,0.230667 ,0.135760 ,0.344370 ,0.203774 ,0.125952 ,0.105088 ,0.231113 ,0.115916 ,0.133859
sub-0300408_ses-1,0.077921 ,0.140327 ,0.162323 ,0.062326 ,0.085242 ,0.110841 ,0.112410 ,0.092368 ,0.106903 ,0.080412 ,0.105438 ,0.150998 ,0.062201 ,0.074442 ,0.052621 ,0.108778 ,0.092428 ,0.080743
sub-0300408_ses-1,0.217723 ,0.168375 ,0.147606 ,0.206887 ,0.078793 ,0.150008 ,0.176265 ,0.213258 ,0.288195 ,0.124553 ,0.152096 ,0.194155 ,0.129550 ,0.146869 ,0.146200 ,0.134795 ,0.164291 ,0.248408
sub-0300408_ses-1,0.223774 ,0.201878 ,0.249287 ,0.284511 ,0.198928 ,0.160130 ,0.210938 ,0.216665 ,0.252410 ,0.193206 ,0.224179 ,0.343502 ,0.131795 ,0.197085 ,0.190576 ,0.271141 ,0.177371 ,0.162890
sub-0300408_ses-2,0.112352 ,0.186039 ,0.266279 ,0.135280 ,0.100589 ,0.097888 ,0.116559 ,0.119431 ,0.160430 ,0.075717 ,0.122818 ,0.126074 ,0.077490 ,0.073231 ,0.134064 ,0.104013 ,0.128267 ,0.102200
sub-0300408_ses-2,0.464804 ,0.198287 ,0.225074 ,0.196427 ,0.072468 ,0.172907 ,0.195316 ,0.301508 ,0.419654 ,0.203351 ,0.158436 ,0.179134 ,0.128643 ,0.266030 ,0.127513 ,0.272596 ,0.202698 ,0.333237
sub-0300408_ses-2,0.229728 ,0.184477 ,0.205419 ,0.114516 ,0.113708 ,0.112974 ,0.100597 ,0.282443 ,0.317146 ,0.088598 ,0.173870 ,0.242289 ,0.089309 ,0.148856 ,0.147619 ,0.153181 ,0.094763 ,0.184642
sub-0300500_ses-1,0.454858 ,0.336292 ,0.258452 ,0.435244 ,0.234919 ,0.209037 ,0.556260 ,0.248682 ,0.270825 ,0.247677 ,0.223449 ,0.292816 ,0.233185 ,0.199844 ,0.340155 ,0.341499 ,0.236790 ,0.235812
sub-0300500_ses-1,0.500868 ,0.349518 ,0.154885 ,0.346763 ,0.267794 ,0.179010 ,0.614159 ,0.202004 ,0.312336 ,0.237437 ,0.302987 ,0.194693 ,0.226973 ,0.187375 ,0.291494 ,0.276817 ,0.231073 ,0.165654
sub-0300500_ses-1,0.655304 ,0.329960 ,0.327233 ,0.576826 ,0.359429 ,0.233643 ,0.755336 ,0.256259 ,0.589656 ,0.388982 ,0.471006 ,0.348415 ,0.317359 ,0.247834 ,0.522614 ,0.416252 ,0.298784 ,0.327602
sub-0300500_ses-1,0.539747 ,0.433374 ,0.195742 ,0.500279 ,0.300749 ,0.201609 ,0.575485 ,0.283894 ,0.468213 ,0.256138 ,0.333337 ,0.261356 ,0.286399 ,0.366160 ,0.289073 ,0.318917 ,0.277295 ,0.301891
sub-0300500_ses-2,0.401935 ,0.371074 ,0.263005 ,0.364222 ,0.261578 ,0.268614 ,0.586790 ,0.231506 ,0.335001 ,0.279782 ,0.354778 ,0.315623 ,0.228217 ,0.198732 ,0.310569 ,0.413597 ,0.291132 ,0.211892
sub-0300500_ses-2,0.620140 ,0.336409 ,0.250776 ,0.494391 ,0.351377 ,0.272768 ,0.626767 ,0.237257 ,0.406580 ,0.326328 ,0.449946 ,0.369452 ,0.207776 ,0.200796 ,0.393166 ,0.406292 ,0.363469 ,0.331792
sub-0300500_ses-2,0.480236 ,0.400451 ,0.234069 ,0.418501 ,0.335284 ,0.277134 ,0.695560 ,0.232466 ,0.394376 ,0.321282 ,0.387233 ,0.320466 ,0.224263 ,0.228448 ,0.375377 ,0.339210 ,0.335343 ,0.306757
sub-0300500_ses-2,0.479841 ,0.404195 ,0.234194 ,0.507906 ,0.330285 ,0.284908 ,0.593768 ,0.254262 ,0.378766 ,0.244546 ,0.522299 ,0.287586 ,0.252173 ,0.234104 ,0.443241 ,0.312911 ,0.364160 ,0.308817
sub-0300500_ses-3,0.394802 ,0.341188 ,0.230301 ,0.437099 ,0.302227 ,0.268092 ,0.579448 ,0.279207 ,0.309258 ,0.299361 ,0.521487 ,0.261874 ,0.225259 ,0.187282 ,0.392986 ,0.393475 ,0.335870 ,0.241206
sub-0300500_ses-3,0.555672 ,0.490929 ,0.192288 ,0.425087 ,0.370393 ,0.278894 ,0.617361 ,0.266905 ,0.416246 ,0.383140 ,0.582189 ,0.350179 ,0.259166 ,0.206883 ,0.397570 ,0.331825 ,0.346548 ,0.436490
sub-0300500_ses-3,0.524316 ,0.450183 ,0.292033 ,0.529631 ,0.286604 ,0.214818 ,0.778569 ,0.280028 ,0.375592 ,0.442792 ,0.479111 ,0.326337 ,0.261039 ,0.208301 ,0.371826 ,0.290062 ,0.362008 ,0.287646
sub-0300500_ses-3,0.587750 ,0.367694 ,0.278811 ,0.539618 ,0.396751 ,0.279276 ,0.737092 ,0.263124 ,0.411692 ,0.462683 ,0.632625 ,0.330007 ,0.273662 ,0.308132 ,0.395513 ,0.464386 ,0.392168 ,0.343145
sub-0300500_ses-4,0.466375 ,0.388967 ,0.210359 ,0.458815 ,0.283547 ,0.165188 ,0.568085 ,0.183594 ,0.362301 ,0.281299 ,0.299310 ,0.264247 ,0.239532 ,0.204648 ,0.324296 ,0.247176 ,0.269819 ,0.222661
sub-0300500_ses-4,0.361563 ,0.440091 ,0.192831 ,0.368393 ,0.302911 ,0.182958 ,0.500062 ,0.206147 ,0.307376 ,0.287142 ,0.403024 ,0.259094 ,0.213571 ,0.139059 ,0.294686 ,0.372751 ,0.320349 ,0.197764
sub-0300500_ses-4,0.389032 ,0.372828 ,0.203393 ,0.320132 ,0.296785 ,0.211766 ,0.550746 ,0.240219 ,0.324044 ,0.266238 ,0.402018 ,0.235568 ,0.193762 ,0.193008 ,0.362705 ,0.235151 ,0.323278 ,0.236489
sub-0300500_ses-4,0.454093 ,0.504835 ,0.254935 ,0.536711 ,0.379884 ,0.242826 ,0.661343 ,0.279698 ,0.435966 ,0.455503 ,0.417750 ,0.358354 ,0.250210 ,0.242996 ,0.381211 ,0.365045 ,0.325473 ,0.308397
sub-0300500_ses-5,0.331956 ,0.362938 ,0.192947 ,0.405050 ,0.257841 ,0.201843 ,0.370618 ,0.165862 ,0.322764 ,0.342887 ,0.392453 ,0.222301 ,0.174843 ,0.141739 ,0.278538 ,0.241376 ,0.261956 ,0.242812
sub-0300500_ses-5,0.367940 ,0.443480 ,0.235552 ,0.426738 ,0.286237 ,0.217853 ,0.363101 ,0.219279 ,0.365007 ,0.282392 ,0.496407 ,0.313369 ,0.195213 ,0.186553 ,0.310160 ,0.391674 ,0.291949 ,0.249603
sub-0300500_ses-5,0.401013 ,0.473342 ,0.276170 ,0.577673 ,0.263990 ,0.286851 ,0.409079 ,0.192395 ,0.430863 ,0.398348 ,0.445052 ,0.267925 ,0.243437 ,0.224489 ,0.327011 ,0.300172 ,0.300458 ,0.284108
sub-0300500_ses-5,0.417012 ,0.438447 ,0.218726 ,0.465135 ,0.261968 ,0.236605 ,0.419871 ,0.195367 ,0.373997 ,0.393908 ,0.538678 ,0.273748 ,0.152949 ,0.199930 ,0.238777 ,0.320218 ,0.328632 ,0.219631
sub-0300500_ses-6,0.462264 ,0.342527 ,0.256521 ,0.348943 ,0.236590 ,0.264512 ,0.706077 ,0.231775 ,0.345219 ,0.306922 ,0.388068 ,0.263620 ,0.264602 ,0.215614 ,0.347712 ,0.294204 ,0.325541 ,0.202650
sub-0300500_ses-6,0.386469 ,0.246969 ,0.219505 ,0.410973 ,0.261728 ,0.221897 ,0.641982 ,0.217960 ,0.310565 ,0.195946 ,0.294169 ,0.263823 ,0.235294 ,0.243486 ,0.333397 ,0.332350 ,0.281197 ,0.188103
sub-0300500_ses-6,0.637610 ,0.329387 ,0.287154 ,0.456163 ,0.232198 ,0.219408 ,0.702423 ,0.239679 ,0.315817 ,0.324194 ,0.302118 ,0.257798 ,0.229413 ,0.266393 ,0.295212 ,0.472496 ,0.252923 ,0.236818
sub-0300500_ses-6,0.409466 ,0.239692 ,0.230106 ,0.295386 ,0.232887 ,0.205457 ,0.520223 ,0.238557 ,0.304574 ,0.265891 ,0.399743 ,0.237864 ,0.210402 ,0.187968 ,0.277717 ,0.270507 ,0.282659 ,0.272045
sub-0300500_ses-7,0.339209 ,0.212153 ,0.221626 ,0.287392 ,0.262813 ,0.206662 ,0.281426 ,0.150879 ,0.248509 ,0.192716 ,0.279798 ,0.217650 ,0.189356 ,0.192908 ,0.267978 ,0.337491 ,0.221414 ,0.189899
sub-0300500_ses-7,0.274367 ,0.232675 ,0.173901 ,0.282332 ,0.220861 ,0.168919 ,0.232864 ,0.171818 ,0.258412 ,0.141866 ,0.263488 ,0.166068 ,0.202489 ,0.132266 ,0.180338 ,0.239935 ,0.244081 ,0.169959
sub-0300500_ses-7,0.626928 ,0.341320 ,0.240548 ,0.327562 ,0.305091 ,0.194190 ,0.356102 ,0.168802 ,0.441668 ,0.186945 ,0.293863 ,0.244702 ,0.240455 ,0.165960 ,0.375461 ,0.330581 ,0.282663 ,0.277147
sub-0300500_ses-7,0.322248 ,0.257457 ,0.183577 ,0.302489 ,0.216041 ,0.127310 ,0.279466 ,0.217779 ,0.259713 ,0.202070 ,0.302341 ,0.292727 ,0.172570 ,0.159340 ,0.246885 ,0.273236 ,0.222023 ,0.243051
sub-0300500_ses-8,0.393865 ,0.284391 ,0.278377 ,0.293234 ,0.277366 ,0.194736 ,0.284113 ,0.204308 ,0.310853 ,0.162600 ,0.285701 ,0.257101 ,0.267652 ,0.174587 ,0.291158 ,0.314121 ,0.240312 ,0.297389
sub-0300500_ses-8,0.418885 ,0.212309 ,0.241601 ,0.246048 ,0.224140 ,0.167712 ,0.260876 ,0.188093 ,0.315540 ,0.192632 ,0.243332 ,0.222469 ,0.231892 ,0.164320 ,0.303011 ,0.290567 ,0.241443 ,0.272299
sub-0300500_ses-8,0.370103 ,0.246518 ,0.207449 ,0.259780 ,0.190576 ,0.179433 ,0.220141 ,0.149627 ,0.265415 ,0.183251 ,0.284031 ,0.201559 ,0.188965 ,0.166806 ,0.287368 ,0.285740 ,0.218457 ,0.197701
sub-0300500_ses-8,0.400977 ,0.306786 ,0.247195 ,0.275992 ,0.281998 ,0.220043 ,0.332818 ,0.197668 ,0.375721 ,0.210640 ,0.238316 ,0.246095 ,0.230913 ,0.196101 ,0.263905 ,0.308744 ,0.254178 ,0.254479
sub-0300501_ses-1,0.696555 ,0.546544 ,0.300001 ,0.453747 ,0.410920 ,0.295314 ,0.586208 ,0.327277 ,0.564706 ,0.345082 ,0.473151 ,0.440061 ,0.330715 ,0.263535 ,0.560802 ,0.496881 ,0.358085 ,0.466060
sub-0300501_ses-1,0.776100 ,0.510713 ,0.343156 ,0.442235 ,0.359681 ,0.276281 ,0.662664 ,0.289608 ,0.573608 ,0.296023 ,0.353492 ,0.415309 ,0.273434 ,0.206910 ,0.362596 ,0.544821 ,0.373964 ,0.483112
sub-0300501_ses-1,0.533623 ,0.409934 ,0.231962 ,0.401599 ,0.281542 ,0.275519 ,0.446439 ,0.219274 ,0.324828 ,0.213028 ,0.307084 ,0.334674 ,0.270581 ,0.221755 ,0.395635 ,0.452925 ,0.269873 ,0.301791
sub-0300501_ses-1,0.485227 ,0.390537 ,0.236881 ,0.390536 ,0.286274 ,0.317825 ,0.496431 ,0.237609 ,0.343139 ,0.238520 ,0.310099 ,0.287108 ,0.232321 ,0.201682 ,0.317176 ,0.437127 ,0.246205 ,0.354503
sub-0300501_ses-2,0.540314 ,0.350846 ,0.282447 ,0.345242 ,0.240276 ,0.267715 ,0.506788 ,0.236226 ,0.369884 ,0.214911 ,0.352630 ,0.313575 ,0.227693 ,0.184723 ,0.313396 ,0.358580 ,0.358860 ,0.497897
sub-0300501_ses-2,0.625478 ,0.542189 ,0.267962 ,0.423021 ,0.446870 ,0.296934 ,0.734943 ,0.335467 ,0.632842 ,0.248675 ,0.453568 ,0.376619 ,0.397892 ,0.279989 ,0.466368 ,0.558554 ,0.430302 ,0.386086
sub-0300501_ses-2,0.491198 ,0.401370 ,0.290090 ,0.517934 ,0.329171 ,0.225499 ,0.683623 ,0.353522 ,0.430960 ,0.283487 ,0.393199 ,0.386448 ,0.258222 ,0.190710 ,0.277478 ,0.359871 ,0.494449 ,0.391102
sub-0300501_ses-2,0.443880 ,0.421439 ,0.224383 ,0.544751 ,0.385849 ,0.278799 ,0.576308 ,0.305688 ,0.462668 ,0.260338 ,0.410975 ,0.361770 ,0.218581 ,0.230343 ,0.404995 ,0.339975 ,0.331436 ,0.345579
sub-0300501_ses-3,0.696717 ,0.501677 ,0.273207 ,0.430865 ,0.355699 ,0.246248 ,0.351372 ,0.364510 ,0.551269 ,0.241503 ,0.327970 ,0.433894 ,0.326987 ,0.229369 ,0.468643 ,0.524196 ,0.301504 ,0.439557
sub-0300501_ses-3,0.909428 ,0.506416 ,0.345965 ,0.363433 ,0.734892 ,0.350255 ,0.556029 ,0.491260 ,0.740941 ,0.281209 ,0.351333 ,0.501947 ,0.437867 ,0.353641 ,0.714186 ,0.831118 ,0.385167 ,0.639909
sub-0300501_ses-3,0.927825 ,0.378992 ,0.310748 ,0.339298 ,0.500249 ,0.315580 ,0.420382 ,0.397770 ,0.681900 ,0.208890 ,0.405481 ,0.382477 ,0.372024 ,0.261698 ,0.672672 ,0.686185 ,0.326412 ,0.401234
sub-0300501_ses-3,0.564516 ,0.327599 ,0.352742 ,0.380110 ,0.391735 ,0.227551 ,0.330448 ,0.328125 ,0.436385 ,0.160291 ,0.286388 ,0.406974 ,0.278037 ,0.176728 ,0.526702 ,0.504299 ,0.346222 ,0.349087
sub-0300501_ses-4,0.606804 ,0.223959 ,0.171648 ,0.228156 ,0.265750 ,0.181373 ,0.395808 ,0.167527 ,0.397697 ,0.209258 ,0.225502 ,0.221904 ,0.218761 ,0.143405 ,0.350617 ,0.255405 ,0.235335 ,0.140836
sub-0300501_ses-4,0.415395 ,0.232584 ,0.243396 ,0.216452 ,0.254437 ,0.238047 ,0.274788 ,0.230941 ,0.271836 ,0.140534 ,0.237335 ,0.247367 ,0.206277 ,0.137092 ,0.321584 ,0.377996 ,0.233821 ,0.227189
sub-0300501_ses-4,0.490401 ,0.238441 ,0.237925 ,0.233511 ,0.287719 ,0.224550 ,0.257096 ,0.244129 ,0.303619 ,0.184424 ,0.258068 ,0.362702 ,0.229123 ,0.240087 ,0.293916 ,0.393190 ,0.294636 ,0.210237
sub-0300501_ses-4,0.375481 ,0.270735 ,0.199425 ,0.236430 ,0.256827 ,0.176857 ,0.278259 ,0.223070 ,0.321676 ,0.187337 ,0.318838 ,0.255270 ,0.246193 ,0.187996 ,0.342491 ,0.385242 ,0.243715 ,0.184883
sub-0300501_ses-5,0.447448 ,0.344699 ,0.240026 ,0.241548 ,0.255271 ,0.242017 ,0.295544 ,0.202229 ,0.470726 ,0.239664 ,0.402864 ,0.387747 ,0.267054 ,0.256514 ,0.434004 ,0.427883 ,0.263602 ,0.304545
sub-0300501_ses-5,0.458912 ,0.284677 ,0.297976 ,0.277746 ,0.216384 ,0.239403 ,0.432079 ,0.310829 ,0.401148 ,0.245780 ,0.365767 ,0.432471 ,0.279718 ,0.215578 ,0.311165 ,0.472466 ,0.314548 ,0.243758
sub-0300501_ses-5,0.481582 ,0.282992 ,0.233143 ,0.263746 ,0.284235 ,0.212668 ,0.262522 ,0.275411 ,0.323449 ,0.196079 ,0.267520 ,0.333321 ,0.257952 ,0.201211 ,0.341380 ,0.380484 ,0.282351 ,0.307205
sub-0300501_ses-5,0.566741 ,0.268541 ,0.291147 ,0.301488 ,0.293635 ,0.245118 ,0.259807 ,0.322907 ,0.332177 ,0.210187 ,0.302375 ,0.365206 ,0.231949 ,0.237074 ,0.384732 ,0.498665 ,0.338776 ,0.236825
sub-0300501_ses-6,0.526234 ,0.651099 ,0.349751 ,0.784950 ,0.448352 ,0.440582 ,0.580065 ,0.317794 ,0.502959 ,0.331711 ,0.591708 ,0.303165 ,0.333010 ,0.211512 ,0.469065 ,0.551970 ,0.399022 ,0.316219
sub-0300501_ses-6,0.748749 ,0.696822 ,0.361507 ,0.973851 ,0.598148 ,0.536185 ,0.625208 ,0.293643 ,0.525893 ,0.540599 ,0.618933 ,0.370286 ,0.398385 ,0.360896 ,0.535360 ,0.766189 ,0.492796 ,0.343153
sub-0300501_ses-6,0.575014 ,0.724153 ,0.247552 ,0.688205 ,0.545190 ,0.322020 ,0.409197 ,0.246699 ,0.409741 ,0.287709 ,0.407509 ,0.308463 ,0.276553 ,0.192801 ,0.349010 ,0.390186 ,0.370557 ,0.269402
sub-0300501_ses-6,0.512955 ,0.580751 ,0.356942 ,0.746699 ,0.379146 ,0.532798 ,0.628269 ,0.311269 ,0.445562 ,0.353372 ,0.635699 ,0.375845 ,0.280610 ,0.277363 ,0.454588 ,0.561965 ,0.462302 ,0.346915
sub-0300501_ses-7,0.419854 ,0.256248 ,0.198560 ,0.278931 ,0.243650 ,0.233639 ,0.292045 ,0.226297 ,0.334916 ,0.187074 ,0.295035 ,0.261432 ,0.257121 ,0.200456 ,0.276545 ,0.349463 ,0.292940 ,0.201542
sub-0300501_ses-7,0.535931 ,0.250069 ,0.204590 ,0.263145 ,0.240015 ,0.188552 ,0.282978 ,0.260180 ,0.365540 ,0.231537 ,0.282418 ,0.271672 ,0.212191 ,0.185952 ,0.311681 ,0.413906 ,0.279214 ,0.286131
sub-0300501_ses-7,0.536053 ,0.309728 ,0.243728 ,0.289559 ,0.254874 ,0.239925 ,0.519919 ,0.310224 ,0.305500 ,0.150158 ,0.304685 ,0.334443 ,0.276028 ,0.191734 ,0.359463 ,0.636396 ,0.312335 ,0.287683
sub-0300501_ses-7,0.484376 ,0.270312 ,0.194271 ,0.258650 ,0.255405 ,0.226063 ,0.305384 ,0.251891 ,0.296801 ,0.197122 ,0.251704 ,0.293766 ,0.219484 ,0.177023 ,0.295479 ,0.462529 ,0.302947 ,0.235243
sub-0300502_ses-1,0.601928 ,0.528547 ,0.343175 ,0.820678 ,0.395982 ,0.392188 ,0.571022 ,0.296804 ,0.385657 ,0.491426 ,0.396664 ,0.442928 ,0.313078 ,0.252484 ,0.376070 ,0.416174 ,0.302993 ,0.362232
sub-0300502_ses-1,0.577983 ,0.463936 ,0.333666 ,0.808212 ,0.424619 ,0.330513 ,0.664995 ,0.348758 ,0.504587 ,0.365225 ,0.397786 ,0.439854 ,0.380458 ,0.191765 ,0.391050 ,0.462987 ,0.371274 ,0.364713
sub-0300502_ses-1,0.535311 ,0.382826 ,0.299083 ,0.595552 ,0.364597 ,0.233975 ,0.713785 ,0.291569 ,0.371496 ,0.321689 ,0.387513 ,0.356975 ,0.299789 ,0.224715 ,0.299544 ,0.393775 ,0.379039 ,0.232785
sub-0300502_ses-1,0.534806 ,0.395985 ,0.277835 ,0.656591 ,0.340401 ,0.284488 ,0.601266 ,0.280395 ,0.420945 ,0.390794 ,0.378993 ,0.305790 ,0.293431 ,0.213029 ,0.350049 ,0.367739 ,0.354797 ,0.347444
sub-0300502_ses-2,0.527688 ,0.667621 ,0.372138 ,0.569464 ,0.396567 ,0.360650 ,0.710798 ,0.292507 ,0.601728 ,0.439594 ,0.513908 ,0.347277 ,0.227143 ,0.257955 ,0.377860 ,0.323847 ,0.378364 ,0.312132
sub-0300502_ses-2,0.518527 ,0.611481 ,0.308014 ,0.739947 ,0.369909 ,0.317263 ,0.547307 ,0.341577 ,0.609651 ,0.523178 ,0.556810 ,0.352037 ,0.219016 ,0.263857 ,0.293989 ,0.316748 ,0.309587 ,0.301150
sub-0300502_ses-2,0.427210 ,0.528216 ,0.292966 ,0.586232 ,0.434298 ,0.339157 ,0.563620 ,0.292601 ,0.405264 ,0.380706 ,0.743411 ,0.370009 ,0.300783 ,0.212813 ,0.368882 ,0.405853 ,0.390450 ,0.339585
sub-0300502_ses-3,0.884388 ,0.654304 ,0.309623 ,0.567661 ,0.474445 ,0.306813 ,0.431578 ,0.347528 ,0.680430 ,0.323309 ,0.495537 ,0.486333 ,0.459475 ,0.344427 ,0.548892 ,0.501092 ,0.360393 ,0.544422
sub-0300502_ses-3,0.684060 ,0.641028 ,0.368248 ,0.469465 ,0.413646 ,0.278939 ,0.425361 ,0.369263 ,0.676747 ,0.318575 ,0.419083 ,0.503175 ,0.301132 ,0.329239 ,0.420259 ,0.490272 ,0.319785 ,0.590479
sub-0300502_ses-3,0.950761 ,0.960322 ,0.518135 ,0.854699 ,0.497208 ,0.420603 ,0.526973 ,0.448319 ,0.786502 ,0.335269 ,0.516408 ,0.498109 ,0.381754 ,0.408122 ,0.578284 ,0.806412 ,0.471533 ,0.810159
sub-0300502_ses-3,0.762321 ,0.763058 ,0.484381 ,0.594591 ,0.549721 ,0.385454 ,0.467937 ,0.365466 ,0.849111 ,0.320165 ,0.517194 ,0.555901 ,0.406219 ,0.298516 ,0.601728 ,0.548376 ,0.403703 ,0.488778
sub-0300502_ses-4,0.394301 ,0.257728 ,0.208961 ,0.293867 ,0.204217 ,0.246023 ,0.251676 ,0.285088 ,0.284189 ,0.224583 ,0.298434 ,0.255624 ,0.230983 ,0.187687 ,0.320799 ,0.335174 ,0.313260 ,0.209599
sub-0300502_ses-4,0.398342 ,0.280255 ,0.264093 ,0.264819 ,0.228665 ,0.212692 ,0.230263 ,0.235397 ,0.289465 ,0.197039 ,0.303920 ,0.240908 ,0.252111 ,0.155308 ,0.352893 ,0.449565 ,0.305078 ,0.207226
sub-0300502_ses-4,0.376452 ,0.286380 ,0.225265 ,0.411276 ,0.237108 ,0.243615 ,0.279526 ,0.209358 ,0.261835 ,0.161879 ,0.314452 ,0.357719 ,0.265876 ,0.192610 ,0.295231 ,0.409876 ,0.304572 ,0.267145
sub-0300502_ses-4,0.502101 ,0.340265 ,0.310166 ,0.405283 ,0.279301 ,0.305403 ,0.250500 ,0.264400 ,0.370147 ,0.208326 ,0.324091 ,0.422670 ,0.319391 ,0.227962 ,0.369537 ,0.522322 ,0.340949 ,0.519240
sub-0300502_ses-5,0.434787 ,0.306478 ,0.259695 ,0.233867 ,0.241114 ,0.255162 ,0.326462 ,0.283704 ,0.311768 ,0.203085 ,0.333238 ,0.349406 ,0.243259 ,0.183725 ,0.395317 ,0.522363 ,0.240110 ,0.265517
sub-0300502_ses-5,0.692710 ,0.452528 ,0.286880 ,0.321822 ,0.320958 ,0.229900 ,0.525622 ,0.299331 ,0.575204 ,0.192132 ,0.395773 ,0.337640 ,0.312897 ,0.221231 ,0.467976 ,0.386433 ,0.273044 ,0.606895
sub-0300502_ses-5,0.491165 ,0.445204 ,0.241586 ,0.366581 ,0.227134 ,0.227116 ,0.255634 ,0.243561 ,0.370088 ,0.179065 ,0.307613 ,0.284639 ,0.325160 ,0.200495 ,0.376515 ,0.370424 ,0.324243 ,0.270380
sub-0300502_ses-5,0.878750 ,0.419641 ,0.298046 ,0.343072 ,0.265278 ,0.240463 ,0.481125 ,0.370716 ,0.459193 ,0.263898 ,0.437717 ,0.425506 ,0.300400 ,0.238216 ,0.543206 ,0.643618 ,0.384314 ,0.544933
sub-0300502_ses-6,0.464811 ,0.389680 ,0.270789 ,0.582183 ,0.341313 ,0.328538 ,0.478649 ,0.384711 ,0.443713 ,0.351340 ,0.455147 ,0.359624 ,0.338908 ,0.275281 ,0.365916 ,0.404479 ,0.423668 ,0.382807
sub-0300502_ses-6,0.594085 ,0.613529 ,0.342319 ,0.623832 ,0.301921 ,0.330617 ,0.658480 ,0.359514 ,0.515328 ,0.523005 ,0.587908 ,0.465395 ,0.277871 ,0.217267 ,0.383350 ,0.464391 ,0.396320 ,0.384334
sub-0300502_ses-6,0.470072 ,0.534067 ,0.247910 ,0.697260 ,0.374268 ,0.433025 ,0.614248 ,0.356176 ,0.433671 ,0.465700 ,0.621257 ,0.430680 ,0.327299 ,0.299713 ,0.387315 ,0.438953 ,0.487900 ,0.330060
sub-0300502_ses-6,0.812711 ,0.958936 ,0.384973 ,0.723851 ,0.491363 ,0.337810 ,0.712705 ,0.318529 ,0.610291 ,0.449377 ,0.621388 ,0.321645 ,0.350826 ,0.318010 ,0.470822 ,0.663209 ,0.427638 ,0.411257
sub-0300502_ses-7,0.533531 ,0.398056 ,0.306686 ,0.347646 ,0.287383 ,0.328418 ,0.358045 ,0.313135 ,0.472737 ,0.283665 ,0.405035 ,0.426059 ,0.327421 ,0.238699 ,0.462475 ,0.477155 ,0.348656 ,0.400940
sub-0300502_ses-7,0.405780 ,0.430471 ,0.248849 ,0.300702 ,0.338648 ,0.220845 ,0.372532 ,0.253296 ,0.426075 ,0.209159 ,0.353338 ,0.391712 ,0.292362 ,0.197537 ,0.405748 ,0.344025 ,0.304288 ,0.382273
sub-0300502_ses-7,0.533145 ,0.389648 ,0.273292 ,0.366758 ,0.302926 ,0.230475 ,0.495163 ,0.267470 ,0.485102 ,0.264039 ,0.492242 ,0.391647 ,0.319068 ,0.224454 ,0.565013 ,0.341088 ,0.324281 ,0.493139
sub-0300502_ses-7,0.749883 ,0.437428 ,0.341519 ,0.433412 ,0.364435 ,0.343085 ,0.413024 ,0.372729 ,0.663064 ,0.297642 ,0.411260 ,0.508646 ,0.317163 ,0.294883 ,0.526819 ,0.586202 ,0.440715 ,0.401996
sub-0300503_ses-1,0.499211 ,0.468685 ,0.284253 ,0.729510 ,0.378393 ,0.483173 ,0.629044 ,0.328204 ,0.431113 ,0.385438 ,0.632835 ,0.526937 ,0.306855 ,0.284430 ,0.424631 ,0.408210 ,0.462427 ,0.436796
sub-0300503_ses-1,0.738934 ,0.388935 ,0.319821 ,0.555704 ,0.334839 ,0.251245 ,0.660040 ,0.321120 ,0.493473 ,0.358039 ,0.522871 ,0.511883 ,0.364255 ,0.304166 ,0.489411 ,0.461507 ,0.453327 ,0.323904
sub-0300503_ses-1,0.684093 ,0.497256 ,0.262193 ,0.542091 ,0.353484 ,0.303912 ,0.598100 ,0.263315 ,0.452068 ,0.369426 ,0.476558 ,0.584317 ,0.354482 ,0.301875 ,0.504763 ,0.435766 ,0.346445 ,0.211091
sub-0300503_ses-1,0.892390 ,0.461081 ,0.270002 ,0.804564 ,0.383895 ,0.382128 ,0.740723 ,0.417820 ,0.651212 ,0.322948 ,0.457110 ,0.578663 ,0.305473 ,0.277947 ,0.560178 ,0.568272 ,0.536408 ,0.465855
sub-0300503_ses-2,0.575759 ,0.535891 ,0.392761 ,0.735150 ,0.382711 ,0.376615 ,0.511095 ,0.317615 ,0.488408 ,0.429291 ,0.575708 ,0.382055 ,0.329829 ,0.409289 ,0.534007 ,0.403451 ,0.415317 ,0.386962
sub-0300503_ses-2,0.591121 ,0.455725 ,0.268682 ,0.673308 ,0.346495 ,0.406935 ,0.480612 ,0.345024 ,0.462394 ,0.403270 ,0.463198 ,0.464993 ,0.356200 ,0.204768 ,0.499898 ,0.383070 ,0.462104 ,0.520860
sub-0300503_ses-2,0.481810 ,0.582013 ,0.311001 ,0.737578 ,0.373729 ,0.311584 ,0.610550 ,0.356662 ,0.570754 ,0.409445 ,0.592254 ,0.487206 ,0.348252 ,0.314353 ,0.397261 ,0.400586 ,0.431587 ,0.480490
sub-0300503_ses-2,0.610911 ,0.670197 ,0.360160 ,0.556287 ,0.360944 ,0.337677 ,0.606716 ,0.343054 ,0.674162 ,0.236324 ,0.586846 ,0.455482 ,0.261138 ,0.353939 ,0.473563 ,0.419505 ,0.439381 ,0.457844
sub-0300503_ses-3,0.761990 ,0.340496 ,0.297501 ,0.415015 ,0.278002 ,0.300786 ,0.452067 ,0.283777 ,0.394577 ,0.226849 ,0.402648 ,0.453395 ,0.277532 ,0.319804 ,0.372372 ,0.597857 ,0.365390 ,0.523446
sub-0300503_ses-3,0.617870 ,0.455341 ,0.254249 ,0.490527 ,0.334823 ,0.258168 ,0.442170 ,0.276727 ,0.292464 ,0.260853 ,0.361737 ,0.370314 ,0.251383 ,0.234770 ,0.383791 ,0.369701 ,0.336553 ,0.508175
sub-0300503_ses-3,0.680480 ,0.615092 ,0.315868 ,0.549196 ,0.345370 ,0.301073 ,0.583596 ,0.220855 ,0.780536 ,0.299246 ,0.380886 ,0.364560 ,0.343872 ,0.390489 ,0.425234 ,0.505455 ,0.369680 ,0.346761
sub-0300503_ses-3,0.970099 ,0.557640 ,0.370297 ,0.513161 ,0.296800 ,0.259114 ,0.503328 ,0.266750 ,0.586536 ,0.297761 ,0.498046 ,0.437891 ,0.398153 ,0.212785 ,0.560570 ,0.524030 ,0.473875 ,0.594788
sub-0300503_ses-4,0.805895 ,0.676901 ,0.370388 ,0.743969 ,0.398307 ,0.272006 ,0.631260 ,0.346216 ,0.764280 ,0.385023 ,0.525067 ,0.578821 ,0.375508 ,0.342520 ,0.435414 ,0.451734 ,0.434001 ,0.553297
sub-0300503_ses-4,0.558400 ,0.615493 ,0.315642 ,0.756737 ,0.382385 ,0.350736 ,0.639892 ,0.299515 ,0.588731 ,0.404798 ,0.527415 ,0.429250 ,0.349812 ,0.336810 ,0.477895 ,0.378049 ,0.410977 ,0.439049
sub-0300503_ses-4,0.735105 ,0.603942 ,0.401316 ,0.554357 ,0.411363 ,0.314347 ,0.605575 ,0.416079 ,0.827582 ,0.329936 ,0.465467 ,0.628663 ,0.432852 ,0.306383 ,0.479327 ,0.480600 ,0.490534 ,0.632718
sub-0300503_ses-4,0.459729 ,0.605451 ,0.297058 ,0.511815 ,0.331422 ,0.270323 ,0.464237 ,0.341088 ,0.635796 ,0.234625 ,0.442618 ,0.581822 ,0.342702 ,0.349286 ,0.321753 ,0.426107 ,0.340444 ,0.515289
sub-0300503_ses-5,0.447049 ,0.366178 ,0.208109 ,0.520474 ,0.265508 ,0.272283 ,0.518135 ,0.240936 ,0.365597 ,0.302354 ,0.335285 ,0.351876 ,0.283041 ,0.187948 ,0.277831 ,0.336163 ,0.309260 ,0.202538
sub-0300503_ses-5,0.537222 ,0.423316 ,0.298760 ,0.491291 ,0.315266 ,0.233835 ,0.575175 ,0.356406 ,0.353386 ,0.322770 ,0.407071 ,0.382791 ,0.244995 ,0.209824 ,0.409288 ,0.378812 ,0.396591 ,0.374202
sub-0300503_ses-5,0.653920 ,0.472943 ,0.235407 ,0.765907 ,0.391947 ,0.297184 ,0.626445 ,0.279979 ,0.408212 ,0.363326 ,0.466827 ,0.575869 ,0.257583 ,0.284912 ,0.459725 ,0.468872 ,0.403072 ,0.405445
sub-0300503_ses-5,0.535128 ,0.447666 ,0.281970 ,0.531556 ,0.325799 ,0.264326 ,0.696770 ,0.233045 ,0.429826 ,0.321594 ,0.447614 ,0.315156 ,0.255186 ,0.223178 ,0.497483 ,0.351141 ,0.353903 ,0.292142
sub-0300503_ses-6,0.467913 ,0.461274 ,0.274561 ,0.627892 ,0.366785 ,0.329351 ,0.656049 ,0.314608 ,0.417170 ,0.335982 ,0.494025 ,0.370087 ,0.322474 ,0.315194 ,0.450828 ,0.416508 ,0.384999 ,0.426450
sub-0300503_ses-6,0.469789 ,0.490635 ,0.304937 ,0.829175 ,0.443281 ,0.324270 ,0.658872 ,0.303115 ,0.399850 ,0.331986 ,0.474781 ,0.405681 ,0.277934 ,0.319873 ,0.406459 ,0.441986 ,0.425109 ,0.475888
sub-0300503_ses-6,0.532437 ,0.536385 ,0.293611 ,0.622565 ,0.288352 ,0.231349 ,0.393685 ,0.264958 ,0.563267 ,0.308229 ,0.375206 ,0.410232 ,0.350584 ,0.230188 ,0.428137 ,0.282651 ,0.381198 ,0.449215
sub-0300503_ses-6,0.786019 ,0.591902 ,0.247764 ,0.597591 ,0.333430 ,0.294624 ,0.635127 ,0.335617 ,0.524114 ,0.351827 ,0.464383 ,0.412381 ,0.295517 ,0.343005 ,0.537569 ,0.427977 ,0.417633 ,0.392337
sub-0300503_ses-7,0.531306 ,0.496384 ,0.371126 ,0.545471 ,0.261415 ,0.245372 ,0.425132 ,0.284925 ,0.384055 ,0.325372 ,0.381785 ,0.388421 ,0.230946 ,0.278451 ,0.380937 ,0.417438 ,0.347583 ,0.465734
sub-0300503_ses-7,0.739691 ,0.583874 ,0.430016 ,0.796123 ,0.402705 ,0.372159 ,0.489814 ,0.356715 ,0.551576 ,0.276268 ,0.480049 ,0.531359 ,0.354625 ,0.316889 ,0.534052 ,0.556240 ,0.348779 ,0.502497
sub-0300503_ses-7,0.795869 ,0.474470 ,0.339648 ,0.631625 ,0.406303 ,0.259079 ,0.589433 ,0.377297 ,0.535713 ,0.313531 ,0.503047 ,0.560978 ,0.429301 ,0.386479 ,0.450627 ,0.388850 ,0.406164 ,0.537379
sub-0300503_ses-7,0.507132 ,0.491540 ,0.279375 ,0.525183 ,0.334523 ,0.278370 ,0.675412 ,0.308970 ,0.540791 ,0.216929 ,0.443025 ,0.447880 ,0.257918 ,0.268808 ,0.397075 ,0.349589 ,0.354214 ,0.363102
sub-0300504_ses-1,0.809671 ,0.530498 ,0.323141 ,0.866795 ,0.456637 ,0.419112 ,0.904624 ,0.361517 ,0.518965 ,0.472930 ,0.628223 ,0.596291 ,0.346960 ,0.459595 ,0.456105 ,0.513311 ,0.509165 ,0.369273
sub-0300504_ses-1,0.695328 ,0.455178 ,0.251981 ,0.612730 ,0.278026 ,0.275700 ,0.945922 ,0.343455 ,0.373594 ,0.393219 ,0.456693 ,0.526554 ,0.295939 ,0.265519 ,0.331823 ,0.395246 ,0.403813 ,0.348932
sub-0300504_ses-1,0.901913 ,0.663099 ,0.373328 ,0.750134 ,0.473815 ,0.426100 ,0.676100 ,0.351673 ,0.691650 ,0.426464 ,0.523259 ,0.627579 ,0.322951 ,0.382794 ,0.470929 ,0.622241 ,0.395763 ,0.420968
sub-0300504_ses-1,1.003694 ,0.461691 ,0.398164 ,0.759434 ,0.291722 ,0.361716 ,0.746386 ,0.339003 ,0.522512 ,0.468638 ,0.595789 ,0.546318 ,0.416582 ,0.381479 ,0.402335 ,0.417614 ,0.385348 ,0.389688
sub-0300504_ses-2,0.561680 ,0.388947 ,0.251705 ,0.411594 ,0.318122 ,0.255700 ,0.840575 ,0.353770 ,0.340409 ,0.320737 ,0.420760 ,0.281224 ,0.303393 ,0.292374 ,0.335841 ,0.382315 ,0.321977 ,0.260572
sub-0300504_ses-2,0.648082 ,0.436614 ,0.292770 ,0.458888 ,0.332496 ,0.281253 ,0.739534 ,0.314294 ,0.321269 ,0.310612 ,0.358951 ,0.402204 ,0.329145 ,0.267100 ,0.378402 ,0.335893 ,0.359500 ,0.261903
sub-0300504_ses-2,0.599765 ,0.409199 ,0.358874 ,0.631556 ,0.316947 ,0.286612 ,0.520195 ,0.318675 ,0.418324 ,0.289714 ,0.432683 ,0.406594 ,0.337562 ,0.269508 ,0.432148 ,0.435428 ,0.352412 ,0.376881
sub-0300504_ses-2,0.751966 ,0.551160 ,0.356314 ,0.633243 ,0.356445 ,0.353049 ,0.750280 ,0.239880 ,0.430547 ,0.344074 ,0.507948 ,0.430374 ,0.272262 ,0.254120 ,0.421077 ,0.483191 ,0.387050 ,0.458819
sub-0300504_ses-3,0.337808 ,0.394946 ,0.283650 ,0.495875 ,0.339077 ,0.286073 ,0.508068 ,0.203514 ,0.330499 ,0.316371 ,0.355027 ,0.277081 ,0.260635 ,0.210875 ,0.354608 ,0.309841 ,0.334743 ,0.248485
sub-0300504_ses-3,0.811624 ,0.466909 ,0.270176 ,0.525591 ,0.333963 ,0.195840 ,0.582938 ,0.243868 ,0.287953 ,0.360509 ,0.500842 ,0.390166 ,0.321171 ,0.192793 ,0.392638 ,0.398774 ,0.385901 ,0.292941
sub-0300504_ses-3,0.422595 ,0.363639 ,0.234492 ,0.461427 ,0.321155 ,0.323155 ,0.482635 ,0.321805 ,0.389027 ,0.276316 ,0.394378 ,0.261017 ,0.253110 ,0.217054 ,0.354701 ,0.315261 ,0.352594 ,0.203446
sub-0300504_ses-3,0.618720 ,0.470054 ,0.255802 ,0.815891 ,0.437788 ,0.366158 ,0.889846 ,0.239334 ,0.389222 ,0.468126 ,0.498892 ,0.452958 ,0.299848 ,0.330235 ,0.434157 ,0.438691 ,0.427443 ,0.268673
sub-0300504_ses-4,0.681655 ,0.453962 ,0.324325 ,0.601435 ,0.336380 ,0.386288 ,0.639287 ,0.304395 ,0.553447 ,0.266443 ,0.523799 ,0.395316 ,0.252297 ,0.312202 ,0.461711 ,0.514210 ,0.406007 ,0.347009
sub-0300504_ses-4,0.789757 ,0.406655 ,0.264074 ,0.577895 ,0.250635 ,0.287576 ,0.750256 ,0.383174 ,0.526350 ,0.273014 ,0.551052 ,0.542914 ,0.270699 ,0.327637 ,0.460976 ,0.487213 ,0.397811 ,0.437322
sub-0300504_ses-4,0.481142 ,0.546644 ,0.332220 ,0.639644 ,0.345679 ,0.306257 ,0.527997 ,0.413901 ,0.562941 ,0.278636 ,0.480956 ,0.581052 ,0.353682 ,0.379062 ,0.511879 ,0.392613 ,0.467936 ,0.464670
sub-0300504_ses-4,0.780870 ,0.437643 ,0.309546 ,0.810660 ,0.401499 ,0.340277 ,0.811963 ,0.262984 ,0.486703 ,0.337426 ,0.440541 ,0.525773 ,0.355056 ,0.323033 ,0.556335 ,0.399961 ,0.357066 ,0.445385
sub-0300504_ses-5,0.679464 ,0.513374 ,0.281736 ,0.566720 ,0.272348 ,0.397243 ,0.646652 ,0.437663 ,0.616858 ,0.418954 ,0.671670 ,0.497815 ,0.310440 ,0.280462 ,0.498788 ,0.353148 ,0.409665 ,0.323562
sub-0300504_ses-5,0.514922 ,0.578142 ,0.287087 ,0.602422 ,0.372264 ,0.288573 ,0.678652 ,0.321919 ,0.508651 ,0.300373 ,0.452284 ,0.408366 ,0.294547 ,0.205280 ,0.448194 ,0.296052 ,0.332805 ,0.360215
sub-0300504_ses-5,0.737757 ,0.586251 ,0.343564 ,0.704714 ,0.430953 ,0.313451 ,0.563257 ,0.303900 ,0.541787 ,0.421769 ,0.537144 ,0.476624 ,0.325326 ,0.294188 ,0.492651 ,0.484352 ,0.548504 ,0.559988
sub-0300504_ses-5,0.535654 ,0.507387 ,0.252676 ,0.523910 ,0.296289 ,0.345733 ,0.595343 ,0.260288 ,0.429989 ,0.225250 ,0.406607 ,0.311268 ,0.366895 ,0.271013 ,0.366816 ,0.443545 ,0.261710 ,0.239058
sub-0300504_ses-6,0.575591 ,0.493465 ,0.341300 ,0.652985 ,0.302981 ,0.242721 ,0.983523 ,0.301890 ,0.446090 ,0.339340 ,0.560590 ,0.335752 ,0.292187 ,0.208776 ,0.399600 ,0.450375 ,0.471093 ,0.259126
sub-0300504_ses-6,0.759159 ,0.574288 ,0.269629 ,0.664108 ,0.354412 ,0.311587 ,0.689821 ,0.331893 ,0.704327 ,0.430551 ,0.368789 ,0.421896 ,0.254310 ,0.285534 ,0.414366 ,0.391566 ,0.465775 ,0.446016
sub-0300504_ses-6,0.878993 ,0.416806 ,0.401842 ,0.916456 ,0.375858 ,0.464154 ,0.918237 ,0.284507 ,0.540527 ,0.347723 ,0.582539 ,0.583403 ,0.369475 ,0.351178 ,0.599415 ,0.665382 ,0.479137 ,0.352297
sub-0300504_ses-6,0.776529 ,0.592070 ,0.371299 ,0.628546 ,0.398136 ,0.307842 ,0.702127 ,0.367740 ,0.679763 ,0.295329 ,0.593940 ,0.469390 ,0.308223 ,0.324870 ,0.575412 ,0.377794 ,0.471776 ,0.558136
sub-0300504_ses-7,0.425232 ,0.470396 ,0.358365 ,0.449523 ,0.312936 ,0.224299 ,0.566067 ,0.307926 ,0.387653 ,0.312924 ,0.498968 ,0.253007 ,0.293719 ,0.169830 ,0.374412 ,0.441270 ,0.478222 ,0.282715
sub-0300504_ses-7,0.787540 ,0.551837 ,0.268428 ,0.643537 ,0.347706 ,0.328994 ,0.735754 ,0.276527 ,0.529162 ,0.431991 ,0.482745 ,0.417394 ,0.394889 ,0.273392 ,0.410857 ,0.512025 ,0.493232 ,0.371345
sub-0300504_ses-7,0.510152 ,0.517155 ,0.257963 ,0.559470 ,0.298370 ,0.346682 ,0.693159 ,0.280372 ,0.402955 ,0.337331 ,0.430195 ,0.397500 ,0.255373 ,0.259488 ,0.401045 ,0.377340 ,0.389512 ,0.392204
sub-0300504_ses-7,0.692342 ,0.562063 ,0.402620 ,0.625630 ,0.367825 ,0.404082 ,0.676180 ,0.293615 ,0.613520 ,0.320797 ,0.516168 ,0.502981 ,0.352501 ,0.346147 ,0.442049 ,0.466602 ,0.465490 ,0.345778
sub-0300505_ses-1,0.668333 ,0.702670 ,0.310732 ,0.832932 ,0.316291 ,0.445657 ,0.838921 ,0.532642 ,0.731960 ,0.433736 ,0.611471 ,0.521137 ,0.422003 ,0.355539 ,0.508000 ,0.492220 ,0.490705 ,0.762457
sub-0300505_ses-1,0.502618 ,0.559255 ,0.341011 ,0.664397 ,0.418197 ,0.331195 ,0.775132 ,0.377190 ,0.547026 ,0.347659 ,0.599263 ,0.423754 ,0.245561 ,0.182680 ,0.392418 ,0.481267 ,0.375663 ,0.278064
sub-0300505_ses-1,0.533336 ,0.513308 ,0.321339 ,0.669028 ,0.394781 ,0.327089 ,0.598042 ,0.307261 ,0.532209 ,0.414214 ,0.523504 ,0.379532 ,0.379778 ,0.238055 ,0.474636 ,0.532532 ,0.462200 ,0.395233
sub-0300505_ses-1,0.455882 ,0.450494 ,0.297163 ,0.560063 ,0.227737 ,0.310236 ,0.548641 ,0.267511 ,0.339065 ,0.314293 ,0.511884 ,0.355507 ,0.309286 ,0.227388 ,0.337186 ,0.346009 ,0.368332 ,0.264357
sub-0300505_ses-2,0.812275 ,0.754006 ,0.435958 ,0.607194 ,0.445482 ,0.376384 ,0.755782 ,0.329219 ,0.892129 ,0.332180 ,0.716110 ,0.500748 ,0.344668 ,0.346334 ,0.651982 ,0.462126 ,0.493594 ,0.660581
sub-0300505_ses-2,0.631987 ,0.549190 ,0.299079 ,0.697820 ,0.370751 ,0.364484 ,0.589780 ,0.428169 ,0.615421 ,0.312129 ,0.567053 ,0.494868 ,0.397727 ,0.296252 ,0.526275 ,0.524097 ,0.433526 ,0.419052
sub-0300505_ses-2,0.698100 ,0.490440 ,0.330328 ,0.698187 ,0.402062 ,0.429001 ,0.704246 ,0.367159 ,0.608681 ,0.384448 ,0.532605 ,0.438761 ,0.291416 ,0.269244 ,0.561482 ,0.424758 ,0.444731 ,0.625369
sub-0300505_ses-2,0.541019 ,0.639613 ,0.313697 ,0.524185 ,0.326241 ,0.293112 ,0.546244 ,0.236701 ,0.617241 ,0.344358 ,0.722071 ,0.392320 ,0.308390 ,0.267813 ,0.542296 ,0.506249 ,0.395584 ,0.542911
sub-0300505_ses-3,0.570094 ,0.467983 ,0.337949 ,0.710942 ,0.433275 ,0.419780 ,0.520627 ,0.302135 ,0.523857 ,0.436601 ,0.550438 ,0.408879 ,0.308637 ,0.267237 ,0.402360 ,0.365698 ,0.476874 ,0.464422
sub-0300505_ses-3,0.517565 ,0.753344 ,0.333011 ,0.766865 ,0.449279 ,0.343040 ,0.559247 ,0.294578 ,0.539259 ,0.490346 ,0.455607 ,0.384533 ,0.342698 ,0.244656 ,0.346727 ,0.408264 ,0.374732 ,0.488158
sub-0300505_ses-3,0.636590 ,0.645743 ,0.279851 ,0.784022 ,0.441226 ,0.292389 ,0.768033 ,0.382231 ,0.677922 ,0.415434 ,0.555576 ,0.515241 ,0.356097 ,0.280802 ,0.546634 ,0.416049 ,0.519938 ,0.552724
sub-0300505_ses-3,0.669271 ,0.554239 ,0.346569 ,0.610764 ,0.462437 ,0.244312 ,0.525587 ,0.320276 ,0.509762 ,0.512441 ,0.477830 ,0.422794 ,0.305754 ,0.290882 ,0.444752 ,0.409304 ,0.479584 ,0.503673
sub-0300505_ses-4,0.514206 ,0.431340 ,0.286153 ,0.544381 ,0.282627 ,0.266926 ,0.458757 ,0.267565 ,0.357518 ,0.401228 ,0.666213 ,0.343699 ,0.231487 ,0.259458 ,0.340753 ,0.357048 ,0.377851 ,0.281987
sub-0300505_ses-4,0.480672 ,0.445304 ,0.271599 ,0.686234 ,0.263842 ,0.273970 ,0.449179 ,0.297354 ,0.446539 ,0.398874 ,0.632237 ,0.408344 ,0.242449 ,0.190887 ,0.397900 ,0.412044 ,0.380326 ,0.260355
sub-0300505_ses-4,0.820974 ,0.406456 ,0.313893 ,0.636279 ,0.387106 ,0.270571 ,0.464595 ,0.357209 ,0.493540 ,0.436076 ,0.756393 ,0.376487 ,0.279175 ,0.304091 ,0.454244 ,0.443559 ,0.508759 ,0.451349
sub-0300505_ses-4,0.519036 ,0.490018 ,0.281866 ,0.750950 ,0.378974 ,0.339985 ,0.658467 ,0.250714 ,0.484355 ,0.391412 ,0.769448 ,0.401331 ,0.308001 ,0.282026 ,0.429961 ,0.359676 ,0.440448 ,0.319936
sub-0300505_ses-5,0.400043 ,0.428116 ,0.291819 ,0.441940 ,0.287431 ,0.269603 ,0.336112 ,0.352228 ,0.411465 ,0.382301 ,0.452067 ,0.368737 ,0.258656 ,0.160353 ,0.273641 ,0.298617 ,0.297718 ,0.195284
sub-0300505_ses-5,0.696520 ,0.447667 ,0.210067 ,0.620335 ,0.324815 ,0.324963 ,0.698400 ,0.210277 ,0.446146 ,0.384547 ,0.503473 ,0.315557 ,0.357448 ,0.186042 ,0.401875 ,0.399935 ,0.315058 ,0.315616
sub-0300505_ses-5,0.374146 ,0.464720 ,0.269741 ,0.534159 ,0.261982 ,0.267582 ,0.378791 ,0.259874 ,0.324724 ,0.350514 ,0.639243 ,0.383352 ,0.297901 ,0.158736 ,0.352027 ,0.289592 ,0.337440 ,0.272482
sub-0300505_ses-5,0.496688 ,0.407095 ,0.245857 ,0.537291 ,0.310943 ,0.244064 ,0.382940 ,0.364352 ,0.367059 ,0.403600 ,0.531044 ,0.462979 ,0.261745 ,0.240959 ,0.382371 ,0.352973 ,0.456474 ,0.367520
sub-0300505_ses-6,0.449192 ,0.337091 ,0.282182 ,0.363009 ,0.295043 ,0.283848 ,0.385410 ,0.248876 ,0.442635 ,0.276685 ,0.473800 ,0.337663 ,0.265538 ,0.208394 ,0.375399 ,0.315012 ,0.303011 ,0.311832
sub-0300505_ses-6,0.545812 ,0.279423 ,0.250365 ,0.422300 ,0.275569 ,0.255837 ,0.368407 ,0.238610 ,0.393969 ,0.235427 ,0.528758 ,0.312546 ,0.255266 ,0.231057 ,0.392217 ,0.380740 ,0.379851 ,0.215918
sub-0300505_ses-6,0.526294 ,0.388194 ,0.244341 ,0.608956 ,0.282658 ,0.227889 ,0.434574 ,0.327267 ,0.394254 ,0.293486 ,0.405603 ,0.415081 ,0.300896 ,0.244415 ,0.425781 ,0.318164 ,0.337550 ,0.403334
sub-0300505_ses-6,0.469250 ,0.442980 ,0.279577 ,0.510492 ,0.321886 ,0.259673 ,0.597497 ,0.256104 ,0.383547 ,0.303172 ,0.438120 ,0.314925 ,0.266605 ,0.298191 ,0.332737 ,0.363985 ,0.359083 ,0.308580
sub-0300505_ses-7,0.387176 ,0.379933 ,0.318017 ,0.532369 ,0.275511 ,0.246934 ,0.510843 ,0.267825 ,0.343692 ,0.417899 ,0.553609 ,0.348774 ,0.302280 ,0.229117 ,0.346695 ,0.337522 ,0.420090 ,0.216573
sub-0300505_ses-7,0.433472 ,0.411294 ,0.293838 ,0.601675 ,0.355337 ,0.316531 ,0.687173 ,0.338661 ,0.450753 ,0.586462 ,0.703017 ,0.378077 ,0.223200 ,0.300793 ,0.495596 ,0.429394 ,0.472746 ,0.363064
sub-0300505_ses-7,0.638330 ,0.559093 ,0.296557 ,0.912676 ,0.385710 ,0.374061 ,0.799242 ,0.310940 ,0.514483 ,0.633955 ,0.852336 ,0.395969 ,0.355763 ,0.301891 ,0.383483 ,0.427932 ,0.550740 ,0.480956
sub-0300505_ses-7,0.391337 ,0.539472 ,0.333466 ,0.577848 ,0.362214 ,0.321768 ,0.447886 ,0.305238 ,0.506012 ,0.361706 ,0.641435 ,0.423708 ,0.298836 ,0.246459 ,0.367367 ,0.359468 ,0.486165 ,0.383504
sub-0300506_ses-1,0.466874 ,0.523228 ,0.277829 ,0.527508 ,0.284398 ,0.297060 ,0.588428 ,0.243637 ,0.428426 ,0.414588 ,0.687951 ,0.281883 ,0.270609 ,0.210589 ,0.368429 ,0.400669 ,0.374135 ,0.310664
sub-0300506_ses-1,0.358368 ,0.497381 ,0.259671 ,0.543958 ,0.305890 ,0.294227 ,0.545845 ,0.256259 ,0.381895 ,0.319089 ,0.621537 ,0.233741 ,0.258165 ,0.218202 ,0.318936 ,0.300974 ,0.467208 ,0.232156
sub-0300506_ses-1,0.623775 ,0.510818 ,0.298532 ,0.557339 ,0.293050 ,0.313528 ,0.577680 ,0.227320 ,0.459208 ,0.446637 ,0.643286 ,0.288057 ,0.297567 ,0.181752 ,0.390157 ,0.352766 ,0.475075 ,0.294367
sub-0300506_ses-1,0.482217 ,0.438141 ,0.289132 ,0.600632 ,0.285146 ,0.290573 ,0.515314 ,0.219596 ,0.431365 ,0.516082 ,0.674335 ,0.345776 ,0.285078 ,0.251113 ,0.378149 ,0.248862 ,0.531322 ,0.315858
sub-0300506_ses-2,0.349135 ,0.340875 ,0.223269 ,0.473761 ,0.275705 ,0.225947 ,0.353305 ,0.227487 ,0.279279 ,0.341451 ,0.411029 ,0.294649 ,0.246288 ,0.168257 ,0.279176 ,0.230923 ,0.293452 ,0.202700
sub-0300506_ses-2,0.529251 ,0.331410 ,0.229094 ,0.468573 ,0.211510 ,0.182607 ,0.573867 ,0.210868 ,0.336067 ,0.330445 ,0.385807 ,0.325061 ,0.278007 ,0.216232 ,0.279495 ,0.213497 ,0.316626 ,0.210269
sub-0300506_ses-2,0.369806 ,0.413437 ,0.226905 ,0.533476 ,0.253648 ,0.228071 ,0.425286 ,0.281872 ,0.304103 ,0.278804 ,0.412252 ,0.363178 ,0.205990 ,0.160024 ,0.352225 ,0.264534 ,0.256293 ,0.213621
sub-0300506_ses-2,0.544887 ,0.337031 ,0.232502 ,0.849769 ,0.291832 ,0.335829 ,0.806345 ,0.244928 ,0.405727 ,0.410061 ,0.562375 ,0.408703 ,0.316848 ,0.213201 ,0.323849 ,0.370870 ,0.299190 ,0.302866
sub-0300506_ses-3,0.367442 ,0.353937 ,0.209859 ,0.431774 ,0.225208 ,0.171640 ,0.442273 ,0.253634 ,0.250055 ,0.315524 ,0.443865 ,0.363724 ,0.249945 ,0.172603 ,0.241292 ,0.275199 ,0.350999 ,0.206309
sub-0300506_ses-3,0.435899 ,0.344283 ,0.213857 ,0.338773 ,0.272827 ,0.167231 ,0.357389 ,0.225394 ,0.280843 ,0.254184 ,0.439159 ,0.402921 ,0.211478 ,0.123060 ,0.233723 ,0.263668 ,0.261184 ,0.203979
sub-0300506_ses-3,0.375806 ,0.337797 ,0.220357 ,0.468121 ,0.251616 ,0.222311 ,0.321940 ,0.219767 ,0.218866 ,0.298076 ,0.445410 ,0.256638 ,0.206390 ,0.162280 ,0.342960 ,0.215755 ,0.281599 ,0.181320
sub-0300506_ses-3,0.535351 ,0.327680 ,0.191664 ,0.546168 ,0.315641 ,0.174574 ,0.524288 ,0.202864 ,0.328240 ,0.380929 ,0.418575 ,0.350131 ,0.264152 ,0.151727 ,0.244003 ,0.272116 ,0.347943 ,0.175429
sub-0300506_ses-4,0.328293 ,0.332270 ,0.171492 ,0.432074 ,0.307812 ,0.294256 ,0.369045 ,0.197545 ,0.300336 ,0.256052 ,0.314153 ,0.325886 ,0.234446 ,0.148575 ,0.303183 ,0.277511 ,0.308020 ,0.178084
sub-0300506_ses-4,0.402086 ,0.308833 ,0.263741 ,0.685613 ,0.269234 ,0.255374 ,0.751440 ,0.220192 ,0.320664 ,0.511618 ,0.394439 ,0.435517 ,0.272550 ,0.157408 ,0.320133 ,0.308646 ,0.296218 ,0.188608
sub-0300506_ses-4,0.342747 ,0.384342 ,0.355149 ,1.097745 ,0.222228 ,0.307449 ,0.807735 ,0.269019 ,0.337581 ,0.699526 ,0.396269 ,0.583046 ,0.320441 ,0.196883 ,0.403470 ,0.353232 ,0.387164 ,0.344285
sub-0300506_ses-4,0.378823 ,0.443347 ,0.271261 ,0.405460 ,0.279542 ,0.292190 ,0.226669 ,0.243246 ,0.337680 ,0.293867 ,0.325084 ,0.426188 ,0.210434 ,0.211800 ,0.283880 ,0.299539 ,0.321181 ,0.276511
sub-0300506_ses-5,0.325295 ,0.295870 ,0.202714 ,0.478557 ,0.321830 ,0.242722 ,0.316040 ,0.190168 ,0.267269 ,0.292519 ,0.444854 ,0.262755 ,0.216694 ,0.152956 ,0.264244 ,0.288078 ,0.242769 ,0.231867
sub-0300506_ses-5,0.333399 ,0.363625 ,0.231803 ,0.484679 ,0.309692 ,0.247041 ,0.270807 ,0.218382 ,0.280557 ,0.341953 ,0.499583 ,0.266302 ,0.216676 ,0.180419 ,0.272960 ,0.296065 ,0.328925 ,0.234176
sub-0300506_ses-5,0.319804 ,0.318211 ,0.203641 ,0.473718 ,0.278231 ,0.164852 ,0.276815 ,0.206013 ,0.318798 ,0.328811 ,0.496561 ,0.267222 ,0.236754 ,0.182153 ,0.306184 ,0.235182 ,0.319286 ,0.207488
sub-0300506_ses-5,0.400002 ,0.425041 ,0.213699 ,0.507306 ,0.288606 ,0.208011 ,0.407238 ,0.270888 ,0.352835 ,0.356555 ,0.461950 ,0.234276 ,0.226415 ,0.122275 ,0.351012 ,0.245025 ,0.313293 ,0.294640
sub-0300506_ses-6,0.317666 ,0.220950 ,0.175674 ,0.274860 ,0.194945 ,0.184184 ,0.272813 ,0.175833 ,0.216744 ,0.210472 ,0.227078 ,0.288120 ,0.205606 ,0.136369 ,0.252515 ,0.233045 ,0.193764 ,0.148532
sub-0300506_ses-6,0.284393 ,0.238027 ,0.175071 ,0.333123 ,0.208311 ,0.150928 ,0.198015 ,0.187134 ,0.263021 ,0.167797 ,0.254378 ,0.254836 ,0.224520 ,0.139025 ,0.251033 ,0.200736 ,0.255796 ,0.198536
sub-0300506_ses-6,0.368241 ,0.229020 ,0.205707 ,0.302814 ,0.200106 ,0.178590 ,0.279324 ,0.209358 ,0.275870 ,0.184580 ,0.270984 ,0.251472 ,0.206235 ,0.153311 ,0.205870 ,0.246727 ,0.193911 ,0.164072
sub-0300506_ses-6,0.273750 ,0.225721 ,0.190799 ,0.238485 ,0.196793 ,0.165583 ,0.253765 ,0.184050 ,0.221000 ,0.237024 ,0.229155 ,0.274622 ,0.174922 ,0.135495 ,0.230747 ,0.214335 ,0.213739 ,0.153470
sub-0300507_ses-1,0.585251 ,0.552885 ,0.216845 ,0.628424 ,0.443115 ,0.403386 ,0.609324 ,0.300135 ,0.443500 ,0.305413 ,0.465023 ,0.364355 ,0.294492 ,0.258991 ,0.353543 ,0.373690 ,0.389356 ,0.297848
sub-0300507_ses-1,0.592523 ,0.628563 ,0.306821 ,0.840914 ,0.391553 ,0.345999 ,0.564718 ,0.389141 ,0.466437 ,0.482823 ,0.537967 ,0.542077 ,0.291266 ,0.378687 ,0.457667 ,0.407092 ,0.354711 ,0.431549
sub-0300507_ses-1,0.524067 ,0.575055 ,0.331147 ,0.767371 ,0.396786 ,0.359476 ,0.569072 ,0.270401 ,0.441191 ,0.336312 ,0.450637 ,0.443928 ,0.272448 ,0.359652 ,0.424845 ,0.545579 ,0.475188 ,0.364042
sub-0300507_ses-1,0.681022 ,0.623641 ,0.343001 ,0.631633 ,0.307666 ,0.393860 ,0.371821 ,0.353735 ,0.536481 ,0.524634 ,0.507189 ,0.611097 ,0.375235 ,0.309046 ,0.531186 ,0.427822 ,0.440240 ,0.417140
sub-0300507_ses-2,0.423956 ,0.385984 ,0.255688 ,0.452944 ,0.279791 ,0.260031 ,0.468716 ,0.284189 ,0.339995 ,0.228073 ,0.357659 ,0.393835 ,0.275102 ,0.257994 ,0.350702 ,0.511196 ,0.370887 ,0.303635
sub-0300507_ses-2,0.421812 ,0.391502 ,0.296481 ,0.497637 ,0.281117 ,0.336266 ,0.492182 ,0.347991 ,0.405972 ,0.257129 ,0.368181 ,0.397204 ,0.263156 ,0.248903 ,0.391131 ,0.504883 ,0.351290 ,0.247644
sub-0300507_ses-2,0.661414 ,0.555305 ,0.295094 ,0.713168 ,0.393220 ,0.349216 ,0.585369 ,0.356649 ,0.567542 ,0.371322 ,0.435613 ,0.584976 ,0.309682 ,0.390139 ,0.603326 ,0.592950 ,0.428912 ,0.428754
sub-0300507_ses-2,0.472619 ,0.410359 ,0.296145 ,0.418437 ,0.351114 ,0.315191 ,0.541209 ,0.334684 ,0.434977 ,0.237505 ,0.407241 ,0.638383 ,0.263549 ,0.259149 ,0.396052 ,0.527958 ,0.443987 ,0.304036
sub-0300507_ses-3,0.444368 ,0.356377 ,0.287763 ,0.457726 ,0.279560 ,0.263096 ,0.573651 ,0.218580 ,0.340826 ,0.301689 ,0.371296 ,0.323490 ,0.238827 ,0.188209 ,0.276594 ,0.487352 ,0.250633 ,0.266124
sub-0300507_ses-3,0.474695 ,0.472465 ,0.347703 ,0.392754 ,0.321728 ,0.255725 ,0.480782 ,0.344590 ,0.539341 ,0.233986 ,0.362361 ,0.540041 ,0.272082 ,0.230679 ,0.521069 ,0.475051 ,0.353789 ,0.361114
sub-0300507_ses-3,0.836011 ,0.486243 ,0.365012 ,0.799967 ,0.381412 ,0.396831 ,0.728567 ,0.334557 ,0.626500 ,0.314066 ,0.588907 ,0.626156 ,0.354688 ,0.350213 ,0.631771 ,0.651666 ,0.348666 ,0.454771
sub-0300507_ses-3,0.466091 ,0.369790 ,0.276591 ,0.519390 ,0.334611 ,0.310963 ,0.455347 ,0.334024 ,0.460212 ,0.347514 ,0.470656 ,0.485490 ,0.304228 ,0.233832 ,0.367547 ,0.499224 ,0.376426 ,0.394095
sub-0300507_ses-4,0.569313 ,0.426301 ,0.218247 ,0.520997 ,0.288789 ,0.288812 ,0.378900 ,0.274181 ,0.299316 ,0.298825 ,0.388524 ,0.437357 ,0.274151 ,0.299539 ,0.414473 ,0.448935 ,0.279908 ,0.211112
sub-0300507_ses-4,0.416414 ,0.360424 ,0.257883 ,0.494628 ,0.311540 ,0.275572 ,0.527054 ,0.258404 ,0.304616 ,0.294054 ,0.397592 ,0.360435 ,0.326563 ,0.223175 ,0.280352 ,0.398152 ,0.323193 ,0.251952
sub-0300507_ses-4,0.399465 ,0.404317 ,0.253958 ,0.478867 ,0.264273 ,0.249707 ,0.468048 ,0.240249 ,0.296353 ,0.228021 ,0.346244 ,0.430492 ,0.288245 ,0.204574 ,0.312588 ,0.409999 ,0.312663 ,0.311081
sub-0300507_ses-4,0.520938 ,0.434596 ,0.277287 ,0.549626 ,0.260879 ,0.282183 ,0.442500 ,0.293953 ,0.480301 ,0.326587 ,0.423300 ,0.486367 ,0.364195 ,0.281822 ,0.568083 ,0.536877 ,0.307151 ,0.386998
sub-0300507_ses-5,0.286255 ,0.327344 ,0.196075 ,0.340564 ,0.237290 ,0.287201 ,0.426032 ,0.221535 ,0.282517 ,0.240478 ,0.285148 ,0.289147 ,0.253057 ,0.168057 ,0.322248 ,0.323983 ,0.301506 ,0.214818
sub-0300507_ses-5,0.442522 ,0.396040 ,0.248785 ,0.477654 ,0.242087 ,0.250632 ,0.425474 ,0.224249 ,0.384964 ,0.305385 ,0.303350 ,0.292961 ,0.229187 ,0.221295 ,0.281396 ,0.376180 ,0.328116 ,0.232545
sub-0300507_ses-5,0.597682 ,0.450702 ,0.253483 ,0.511559 ,0.251422 ,0.222694 ,0.473973 ,0.261379 ,0.300530 ,0.260732 ,0.362168 ,0.341565 ,0.285158 ,0.178350 ,0.376160 ,0.337153 ,0.303463 ,0.275459
sub-0300507_ses-5,0.497622 ,0.404126 ,0.312596 ,0.410279 ,0.296114 ,0.218115 ,0.360740 ,0.261574 ,0.464771 ,0.246650 ,0.387557 ,0.367847 ,0.270174 ,0.238339 ,0.346603 ,0.427688 ,0.268757 ,0.211210
sub-0300507_ses-6,0.495107 ,0.469422 ,0.270094 ,0.471023 ,0.337130 ,0.245828 ,0.479167 ,0.261147 ,0.285161 ,0.313989 ,0.406733 ,0.505711 ,0.283198 ,0.240583 ,0.414802 ,0.511200 ,0.379030 ,0.265304
sub-0300507_ses-6,0.496668 ,0.455919 ,0.210703 ,0.539463 ,0.288064 ,0.267124 ,0.540246 ,0.282605 ,0.341043 ,0.282102 ,0.382630 ,0.423805 ,0.297610 ,0.236851 ,0.403527 ,0.458023 ,0.399696 ,0.323050
sub-0300507_ses-6,0.485124 ,0.569754 ,0.371300 ,0.681180 ,0.336155 ,0.289949 ,0.387824 ,0.274591 ,0.470151 ,0.315617 ,0.411313 ,0.435114 ,0.288844 ,0.304739 ,0.502076 ,0.395980 ,0.360374 ,0.332590
sub-0300507_ses-6,0.394140 ,0.416940 ,0.192670 ,0.499338 ,0.297928 ,0.266491 ,0.439394 ,0.264091 ,0.364448 ,0.286660 ,0.393431 ,0.403256 ,0.246144 ,0.264755 ,0.419272 ,0.314953 ,0.315572 ,0.291209
sub-0300507_ses-7,0.395187 ,0.363173 ,0.240304 ,0.453158 ,0.267865 ,0.294182 ,0.418304 ,0.283519 ,0.324373 ,0.264002 ,0.369433 ,0.384638 ,0.237900 ,0.260739 ,0.421947 ,0.432523 ,0.271718 ,0.234617
sub-0300507_ses-7,0.405437 ,0.421858 ,0.292690 ,0.445322 ,0.312211 ,0.233186 ,0.428398 ,0.238178 ,0.406437 ,0.343730 ,0.352278 ,0.370892 ,0.259460 ,0.310697 ,0.455278 ,0.259401 ,0.321289 ,0.240587
sub-0300507_ses-7,0.329962 ,0.459133 ,0.263791 ,0.505604 ,0.217058 ,0.236468 ,0.481019 ,0.269488 ,0.374168 ,0.267919 ,0.356613 ,0.342485 ,0.242327 ,0.207617 ,0.300005 ,0.331766 ,0.311466 ,0.291083
sub-0300507_ses-7,0.392646 ,0.408346 ,0.243148 ,0.510246 ,0.300375 ,0.276650 ,0.541406 ,0.245380 ,0.380015 ,0.254602 ,0.400522 ,0.356154 ,0.309800 ,0.246441 ,0.378827 ,0.311026 ,0.256709 ,0.311687
sub-0300508_ses-1,0.844477 ,0.726460 ,0.468056 ,0.693530 ,0.440982 ,0.590751 ,0.494877 ,0.452717 ,0.641716 ,0.428300 ,0.629204 ,0.757313 ,0.380610 ,0.382533 ,0.579820 ,0.497260 ,0.366606 ,0.754833
sub-0300508_ses-1,0.796582 ,0.676654 ,0.405442 ,0.681565 ,0.384384 ,0.476871 ,0.616319 ,0.338513 ,0.491416 ,0.252228 ,0.660528 ,0.532529 ,0.363811 ,0.262634 ,0.507116 ,0.507358 ,0.335853 ,0.372907
sub-0300508_ses-1,0.809010 ,0.758177 ,0.377095 ,0.567404 ,0.361914 ,0.405666 ,0.698530 ,0.375461 ,0.818215 ,0.406939 ,0.670897 ,0.519564 ,0.404261 ,0.333904 ,0.665355 ,0.563332 ,0.438554 ,0.471668
sub-0300508_ses-1,0.897372 ,0.830147 ,0.366718 ,0.907850 ,0.418240 ,0.629482 ,0.679955 ,0.336141 ,0.860073 ,0.385551 ,0.784952 ,0.545037 ,0.446418 ,0.418900 ,0.617262 ,0.806014 ,0.495150 ,0.498067
sub-0300508_ses-2,0.448603 ,0.353952 ,0.322017 ,0.567134 ,0.290895 ,0.289357 ,0.376665 ,0.297339 ,0.409772 ,0.423265 ,0.383967 ,0.304386 ,0.301801 ,0.226205 ,0.368948 ,0.273457 ,0.413879 ,0.235312
sub-0300508_ses-2,0.474338 ,0.585418 ,0.290362 ,0.537105 ,0.342544 ,0.290582 ,0.404427 ,0.280807 ,0.382208 ,0.373962 ,0.491720 ,0.335691 ,0.260432 ,0.225826 ,0.376570 ,0.341784 ,0.434986 ,0.469299
sub-0300508_ses-2,0.616109 ,0.570879 ,0.294244 ,0.517578 ,0.321958 ,0.362263 ,0.560897 ,0.308290 ,0.518952 ,0.374919 ,0.485861 ,0.497394 ,0.256158 ,0.237966 ,0.582587 ,0.424667 ,0.358266 ,0.474741
sub-0300508_ses-2,0.608728 ,0.439893 ,0.360217 ,0.564790 ,0.323832 ,0.300414 ,0.551321 ,0.342384 ,0.447364 ,0.324505 ,0.738096 ,0.441945 ,0.360006 ,0.308373 ,0.481898 ,0.486337 ,0.459461 ,0.528040
sub-0300508_ses-3,0.574323 ,0.511554 ,0.365553 ,0.562533 ,0.346202 ,0.266579 ,0.384266 ,0.326707 ,0.381422 ,0.302877 ,0.492718 ,0.426670 ,0.310455 ,0.257886 ,0.547354 ,0.430992 ,0.270051 ,0.343725
sub-0300508_ses-3,0.682188 ,0.500510 ,0.335662 ,0.603806 ,0.402471 ,0.262835 ,0.517279 ,0.325894 ,0.485433 ,0.308944 ,0.490658 ,0.431026 ,0.349650 ,0.341582 ,0.552031 ,0.443648 ,0.385750 ,0.353307
sub-0300508_ses-3,0.815967 ,0.632375 ,0.310927 ,0.663792 ,0.329839 ,0.373386 ,0.603912 ,0.351807 ,0.783014 ,0.387388 ,0.408016 ,0.592968 ,0.367385 ,0.286407 ,0.428539 ,0.595549 ,0.453629 ,0.441729
sub-0300508_ses-3,0.717109 ,0.590488 ,0.341941 ,0.789588 ,0.475268 ,0.486085 ,0.575599 ,0.339313 ,0.677610 ,0.409226 ,0.487205 ,0.524049 ,0.338529 ,0.304682 ,0.643842 ,0.502874 ,0.380079 ,0.506492
sub-0300508_ses-4,0.632182 ,0.408813 ,0.265264 ,0.537335 ,0.330247 ,0.309010 ,0.507450 ,0.298156 ,0.476790 ,0.233936 ,0.377948 ,0.466325 ,0.290875 ,0.229018 ,0.439750 ,0.398014 ,0.406700 ,0.381729
sub-0300508_ses-4,0.704166 ,0.526136 ,0.333440 ,0.473462 ,0.353026 ,0.304023 ,0.425717 ,0.309220 ,0.643710 ,0.246138 ,0.411840 ,0.415729 ,0.293647 ,0.282061 ,0.489776 ,0.608605 ,0.393129 ,0.524243
sub-0300508_ses-4,1.184245 ,0.848782 ,0.457667 ,0.633876 ,0.596252 ,0.531629 ,0.680757 ,0.683475 ,0.857687 ,0.515500 ,0.802456 ,0.795915 ,0.542680 ,0.536418 ,0.738641 ,0.556735 ,0.465055 ,1.134705
sub-0300508_ses-4,0.747293 ,0.932030 ,0.337443 ,0.577254 ,0.469986 ,0.348258 ,0.578696 ,0.355730 ,0.719429 ,0.394684 ,0.475551 ,0.542663 ,0.324448 ,0.370399 ,0.522300 ,0.591066 ,0.450558 ,0.610202
sub-0300508_ses-5,0.627868 ,0.495562 ,0.289031 ,0.381761 ,0.319601 ,0.190376 ,0.463987 ,0.253119 ,0.382736 ,0.267100 ,0.368209 ,0.376869 ,0.290344 ,0.234852 ,0.437722 ,0.316893 ,0.364362 ,0.295110
sub-0300508_ses-5,0.541290 ,0.504782 ,0.297539 ,0.541170 ,0.344850 ,0.366471 ,0.496092 ,0.257988 ,0.416389 ,0.275598 ,0.382900 ,0.404711 ,0.308973 ,0.237561 ,0.352484 ,0.374087 ,0.429223 ,0.425313
sub-0300508_ses-5,0.685603 ,0.592643 ,0.319883 ,0.569227 ,0.337513 ,0.339131 ,0.482996 ,0.309210 ,0.448837 ,0.289967 ,0.351438 ,0.405445 ,0.307418 ,0.291374 ,0.405656 ,0.424261 ,0.365555 ,0.533917
sub-0300508_ses-5,0.720629 ,0.882030 ,0.345507 ,0.634468 ,0.492023 ,0.432394 ,0.613842 ,0.395570 ,0.640172 ,0.221702 ,0.493082 ,0.614439 ,0.364598 ,0.371345 ,0.461359 ,0.408044 ,0.368414 ,0.515377
sub-0300508_ses-6,0.424681 ,0.304806 ,0.299674 ,0.394014 ,0.258960 ,0.258937 ,0.271031 ,0.284129 ,0.273646 ,0.269495 ,0.389920 ,0.400987 ,0.252354 ,0.243180 ,0.392059 ,0.421468 ,0.273094 ,0.216336
sub-0300508_ses-6,0.633847 ,0.490058 ,0.339069 ,0.598286 ,0.322207 ,0.359801 ,0.578319 ,0.442357 ,0.486942 ,0.324611 ,0.580288 ,0.605049 ,0.311184 ,0.366314 ,0.463367 ,0.463163 ,0.405975 ,0.516087
sub-0300508_ses-6,0.501623 ,0.382446 ,0.264423 ,0.439190 ,0.270634 ,0.249391 ,0.330239 ,0.284976 ,0.362278 ,0.299568 ,0.392247 ,0.347360 ,0.263937 ,0.259836 ,0.322143 ,0.476246 ,0.334389 ,0.334456
sub-0300508_ses-6,0.561456 ,0.300554 ,0.266114 ,0.426679 ,0.265409 ,0.223956 ,0.416374 ,0.360935 ,0.396918 ,0.345218 ,0.361885 ,0.404639 ,0.269732 ,0.242094 ,0.463091 ,0.376507 ,0.300747 ,0.283757
sub-0300508_ses-7,0.475521 ,0.411562 ,0.275193 ,0.688267 ,0.325137 ,0.367941 ,0.426326 ,0.252866 ,0.317152 ,0.373065 ,0.414684 ,0.394758 ,0.290328 ,0.244364 ,0.303648 ,0.337685 ,0.388688 ,0.284167
sub-0300508_ses-7,0.608862 ,0.564956 ,0.286885 ,0.616056 ,0.365757 ,0.362327 ,0.453593 ,0.388068 ,0.553704 ,0.393061 ,0.638035 ,0.523089 ,0.365221 ,0.322653 ,0.542094 ,0.428391 ,0.441912 ,0.487719
sub-0300508_ses-7,0.571152 ,0.479725 ,0.240832 ,0.674089 ,0.347275 ,0.352840 ,0.421149 ,0.356324 ,0.407510 ,0.351127 ,0.406535 ,0.555346 ,0.285112 ,0.309334 ,0.428523 ,0.471117 ,0.370896 ,0.255933
sub-0300508_ses-7,0.829241 ,0.503751 ,0.292507 ,0.673352 ,0.406054 ,0.324662 ,0.387305 ,0.378913 ,0.728084 ,0.409649 ,0.478096 ,0.541728 ,0.418838 ,0.385148 ,0.503629 ,0.556886 ,0.417439 ,0.478654
sub-0300509_ses-1,0.617110 ,0.508055 ,0.367894 ,0.704183 ,0.331593 ,0.350013 ,0.597719 ,0.299942 ,0.532867 ,0.491769 ,0.572192 ,0.398536 ,0.293232 ,0.244820 ,0.464830 ,0.485055 ,0.387456 ,0.404097
sub-0300509_ses-1,0.686113 ,0.543113 ,0.307024 ,0.750148 ,0.424791 ,0.452317 ,0.820271 ,0.395126 ,0.687501 ,0.413381 ,0.766425 ,0.563777 ,0.343107 ,0.332403 ,0.490746 ,0.491163 ,0.643736 ,0.476378
sub-0300509_ses-1,0.420854 ,0.508297 ,0.305840 ,0.820409 ,0.370310 ,0.404226 ,0.681219 ,0.371317 ,0.485960 ,0.418980 ,0.548442 ,0.455472 ,0.336579 ,0.225593 ,0.334301 ,0.378403 ,0.461955 ,0.395045
sub-0300509_ses-1,1.087254 ,1.056971 ,0.504284 ,0.792705 ,0.465825 ,0.437934 ,0.673001 ,0.446514 ,1.019494 ,0.643170 ,0.689043 ,0.596052 ,0.360273 ,0.373481 ,0.844899 ,0.580537 ,0.455385 ,0.783135
sub-0300509_ses-2,0.540223 ,0.351386 ,0.241884 ,0.422150 ,0.308694 ,0.232252 ,0.374726 ,0.226266 ,0.417905 ,0.312359 ,0.344852 ,0.269493 ,0.229548 ,0.223852 ,0.362557 ,0.310062 ,0.291376 ,0.175713
sub-0300509_ses-2,0.472612 ,0.471048 ,0.321100 ,0.459841 ,0.323350 ,0.326401 ,0.423284 ,0.267668 ,0.582431 ,0.320454 ,0.391840 ,0.356542 ,0.212154 ,0.262790 ,0.413025 ,0.376063 ,0.355224 ,0.334269
sub-0300509_ses-2,0.392340 ,0.319586 ,0.247206 ,0.443936 ,0.290198 ,0.269254 ,0.378832 ,0.250916 ,0.359921 ,0.328431 ,0.340572 ,0.269933 ,0.224004 ,0.218428 ,0.379533 ,0.350165 ,0.302140 ,0.258790
sub-0300509_ses-2,0.498193 ,0.333181 ,0.233350 ,0.519815 ,0.269452 ,0.191087 ,0.405824 ,0.254064 ,0.365156 ,0.408046 ,0.308456 ,0.303494 ,0.202151 ,0.249541 ,0.347534 ,0.500974 ,0.442435 ,0.230156
sub-0300509_ses-3,0.689487 ,0.341212 ,0.229998 ,0.311622 ,0.196016 ,0.219567 ,0.515657 ,0.308463 ,0.325550 ,0.206076 ,0.293667 ,0.297456 ,0.227077 ,0.188511 ,0.392196 ,0.393688 ,0.309208 ,0.288378
sub-0300509_ses-3,1.049542 ,0.360126 ,0.278476 ,0.380930 ,0.314696 ,0.265488 ,0.473402 ,0.242050 ,0.462334 ,0.220863 ,0.298099 ,0.291320 ,0.265225 ,0.247123 ,0.354245 ,0.269072 ,0.264135 ,0.227662
sub-0300509_ses-3,0.537847 ,0.219776 ,0.242645 ,0.244330 ,0.249864 ,0.161759 ,0.245661 ,0.224143 ,0.260000 ,0.167635 ,0.278812 ,0.241117 ,0.202199 ,0.160071 ,0.394725 ,0.523530 ,0.260263 ,0.244715
sub-0300509_ses-3,0.440134 ,0.254505 ,0.183043 ,0.308950 ,0.238416 ,0.200923 ,0.354198 ,0.232138 ,0.303400 ,0.212718 ,0.306784 ,0.295020 ,0.237372 ,0.237438 ,0.300802 ,0.439519 ,0.288892 ,0.233875
sub-0300509_ses-4,0.701477 ,0.495396 ,0.288047 ,0.447813 ,0.352837 ,0.214611 ,0.408554 ,0.209264 ,0.591228 ,0.196800 ,0.384602 ,0.431895 ,0.245185 ,0.270737 ,0.710847 ,0.379355 ,0.297733 ,0.430507
sub-0300509_ses-4,0.749702 ,0.380662 ,0.232730 ,0.629999 ,0.273247 ,0.315543 ,0.453885 ,0.338036 ,0.472144 ,0.261592 ,0.368380 ,0.494906 ,0.207717 ,0.321918 ,0.476674 ,0.439513 ,0.380635 ,0.473421
sub-0300509_ses-4,0.831061 ,0.387715 ,0.326326 ,0.535190 ,0.414469 ,0.308253 ,0.557607 ,0.418801 ,0.495743 ,0.276553 ,0.478710 ,0.698773 ,0.319739 ,0.405256 ,0.568534 ,0.398175 ,0.363359 ,0.541005
sub-0300509_ses-4,1.106460 ,0.640996 ,0.483046 ,0.743934 ,0.418704 ,0.330925 ,0.637957 ,0.508313 ,0.891075 ,0.201921 ,0.386255 ,0.704089 ,0.347186 ,0.393884 ,0.758634 ,0.636597 ,0.460044 ,0.645377
sub-0300509_ses-5,0.580312 ,0.475922 ,0.277512 ,0.610338 ,0.371498 ,0.281866 ,0.435587 ,0.277609 ,0.505258 ,0.377844 ,0.549370 ,0.414313 ,0.269264 ,0.342862 ,0.538235 ,0.355761 ,0.321385 ,0.451244
sub-0300509_ses-5,1.023134 ,0.895273 ,0.564358 ,0.595398 ,0.441345 ,0.400034 ,0.584652 ,0.388392 ,1.001566 ,0.303770 ,0.635121 ,0.623591 ,0.383000 ,0.385446 ,0.719396 ,0.521357 ,0.457844 ,0.658953
sub-0300509_ses-5,0.631353 ,0.831040 ,0.389129 ,0.992142 ,0.504123 ,0.472291 ,0.573133 ,0.423436 ,0.906850 ,0.538885 ,0.693706 ,0.443968 ,0.345614 ,0.528434 ,0.589107 ,0.721729 ,0.642374 ,0.787403
sub-0300509_ses-5,1.046978 ,1.086891 ,0.560672 ,0.777796 ,0.687031 ,0.533049 ,0.652787 ,0.646216 ,1.109893 ,0.439275 ,0.801545 ,0.819364 ,0.416607 ,0.476176 ,0.945747 ,0.646606 ,0.471457 ,0.839161
sub-0300509_ses-6,0.399865 ,0.364409 ,0.290950 ,0.317546 ,0.283235 ,0.270340 ,0.253366 ,0.243452 ,0.331933 ,0.197146 ,0.253448 ,0.266615 ,0.254726 ,0.196745 ,0.288926 ,0.377220 ,0.297210 ,0.208440
sub-0300509_ses-6,0.418615 ,0.286803 ,0.258120 ,0.360421 ,0.213028 ,0.235207 ,0.329603 ,0.223356 ,0.318974 ,0.187389 ,0.255615 ,0.289141 ,0.233114 ,0.220558 ,0.275963 ,0.405032 ,0.273438 ,0.198784
sub-0300509_ses-6,0.404082 ,0.303458 ,0.253220 ,0.457530 ,0.307807 ,0.239917 ,0.578013 ,0.266963 ,0.404267 ,0.298455 ,0.386289 ,0.377757 ,0.330429 ,0.255510 ,0.345365 ,0.507132 ,0.323272 ,0.299418
sub-0300509_ses-6,0.552212 ,0.387403 ,0.264038 ,0.545336 ,0.302434 ,0.271826 ,0.415955 ,0.234257 ,0.497222 ,0.273480 ,0.392038 ,0.361369 ,0.269036 ,0.262565 ,0.440897 ,0.428523 ,0.356822 ,0.354264
sub-0300509_ses-7,0.367058 ,0.375813 ,0.289275 ,0.724056 ,0.320728 ,0.357157 ,0.540287 ,0.182309 ,0.369246 ,0.276033 ,0.447901 ,0.298491 ,0.208443 ,0.258334 ,0.363610 ,0.417026 ,0.311967 ,0.267277
sub-0300509_ses-7,0.995070 ,0.562388 ,0.372090 ,0.865302 ,0.357850 ,0.389630 ,0.694567 ,0.341223 ,0.546088 ,0.473906 ,0.453955 ,0.481193 ,0.323192 ,0.289822 ,0.469792 ,0.629960 ,0.444112 ,0.346209
sub-0300509_ses-7,0.769354 ,0.660206 ,0.245446 ,0.806461 ,0.417525 ,0.404715 ,0.672663 ,0.291839 ,0.475854 ,0.504402 ,0.571472 ,0.386694 ,0.310888 ,0.296694 ,0.449167 ,0.406782 ,0.466029 ,0.307334
sub-0300509_ses-7,0.599976 ,0.645877 ,0.305292 ,0.844899 ,0.359005 ,0.343765 ,0.830047 ,0.329032 ,0.571015 ,0.572525 ,0.568928 ,0.427257 ,0.352191 ,0.230048 ,0.414009 ,0.496487 ,0.585478 ,0.440105
sub-0300510_ses-1,0.636297 ,0.383740 ,0.275485 ,0.454588 ,0.377518 ,0.247257 ,0.641531 ,0.320491 ,0.420086 ,0.217292 ,0.460891 ,0.412132 ,0.286659 ,0.198566 ,0.446197 ,0.443847 ,0.343432 ,0.288335
sub-0300510_ses-1,0.402552 ,0.329316 ,0.192392 ,0.426561 ,0.219620 ,0.199681 ,0.405210 ,0.258806 ,0.239392 ,0.239518 ,0.280022 ,0.321864 ,0.207108 ,0.139350 ,0.247776 ,0.339193 ,0.303986 ,0.155227
sub-0300510_ses-1,0.657444 ,0.329841 ,0.267944 ,0.618389 ,0.296122 ,0.211806 ,0.726112 ,0.395745 ,0.388068 ,0.306692 ,0.371409 ,0.514191 ,0.381666 ,0.132509 ,0.348474 ,0.334443 ,0.407990 ,0.180099
sub-0300510_ses-1,0.478252 ,0.314820 ,0.198614 ,0.539604 ,0.191067 ,0.231224 ,0.392479 ,0.289264 ,0.271517 ,0.277321 ,0.271550 ,0.401946 ,0.209870 ,0.194231 ,0.263733 ,0.464199 ,0.315775 ,0.246058
sub-0300510_ses-2,0.305256 ,0.303826 ,0.171823 ,0.397464 ,0.239655 ,0.175115 ,0.408422 ,0.233380 ,0.227541 ,0.288802 ,0.278848 ,0.312861 ,0.191336 ,0.196329 ,0.299329 ,0.336533 ,0.278296 ,0.186533
sub-0300510_ses-2,0.357313 ,0.311366 ,0.236535 ,0.400823 ,0.253682 ,0.201716 ,0.380406 ,0.241357 ,0.331291 ,0.272376 ,0.344169 ,0.382696 ,0.268420 ,0.189652 ,0.328617 ,0.231167 ,0.324300 ,0.218156
sub-0300510_ses-2,0.434183 ,0.385523 ,0.228832 ,0.475884 ,0.233145 ,0.213996 ,0.488656 ,0.276089 ,0.291363 ,0.326522 ,0.362901 ,0.370411 ,0.191874 ,0.244499 ,0.300021 ,0.262706 ,0.291745 ,0.215763
sub-0300510_ses-2,0.370511 ,0.376282 ,0.207741 ,0.572338 ,0.332672 ,0.266786 ,0.456968 ,0.323851 ,0.323135 ,0.394538 ,0.404197 ,0.399467 ,0.280883 ,0.194514 ,0.295047 ,0.250126 ,0.295048 ,0.210385
sub-0300510_ses-3,0.313352 ,0.187497 ,0.197373 ,0.327708 ,0.196069 ,0.167012 ,0.218236 ,0.179850 ,0.226265 ,0.202058 ,0.297962 ,0.278242 ,0.171409 ,0.166215 ,0.239561 ,0.245857 ,0.215794 ,0.199637
sub-0300510_ses-3,0.265887 ,0.204745 ,0.171094 ,0.279940 ,0.197936 ,0.146472 ,0.297434 ,0.161566 ,0.216899 ,0.167648 ,0.222370 ,0.265685 ,0.190883 ,0.182271 ,0.271737 ,0.224146 ,0.262660 ,0.167877
sub-0300510_ses-3,0.251506 ,0.207304 ,0.170843 ,0.220549 ,0.216580 ,0.183700 ,0.305694 ,0.191812 ,0.243658 ,0.135252 ,0.226023 ,0.230967 ,0.201370 ,0.151496 ,0.276951 ,0.245121 ,0.192040 ,0.185271
sub-0300510_ses-3,0.805836 ,0.331718 ,0.365331 ,0.488545 ,0.333115 ,0.251571 ,0.441484 ,0.322532 ,0.403636 ,0.240048 ,0.328221 ,0.453949 ,0.274953 ,0.234202 ,0.380858 ,0.400757 ,0.306928 ,0.432662
sub-0300510_ses-4,0.571682 ,0.378563 ,0.263244 ,0.447618 ,0.292242 ,0.293716 ,0.553372 ,0.269183 ,0.505153 ,0.363431 ,0.440482 ,0.314273 ,0.282153 ,0.241818 ,0.412513 ,0.538250 ,0.295025 ,0.416669
sub-0300510_ses-4,0.650352 ,0.367848 ,0.231970 ,0.496905 ,0.278004 ,0.255707 ,0.557357 ,0.350232 ,0.464763 ,0.318456 ,0.544253 ,0.378513 ,0.264186 ,0.238017 ,0.381058 ,0.526100 ,0.380502 ,0.435594
sub-0300510_ses-4,0.671243 ,0.468592 ,0.374070 ,0.665179 ,0.379206 ,0.407177 ,0.751573 ,0.387348 ,0.533184 ,0.458304 ,0.502145 ,0.486805 ,0.322016 ,0.290181 ,0.488871 ,0.515077 ,0.460258 ,0.489081
sub-0300510_ses-4,0.926623 ,0.613832 ,0.359545 ,0.930507 ,0.423605 ,0.360379 ,0.892457 ,0.408208 ,0.901671 ,0.481372 ,0.824311 ,0.429471 ,0.366382 ,0.373436 ,0.673658 ,0.677841 ,0.592345 ,0.754108
sub-0300510_ses-5,0.631927 ,0.345148 ,0.230053 ,0.437604 ,0.315447 ,0.268905 ,0.477918 ,0.244588 ,0.460815 ,0.282159 ,0.390746 ,0.463706 ,0.261678 ,0.285542 ,0.453634 ,0.421180 ,0.346306 ,0.360171
sub-0300510_ses-5,0.366048 ,0.286151 ,0.279394 ,0.423535 ,0.247028 ,0.215113 ,0.379337 ,0.244108 ,0.323665 ,0.253533 ,0.408060 ,0.245503 ,0.206329 ,0.178179 ,0.291487 ,0.314355 ,0.314733 ,0.289781
sub-0300510_ses-5,0.636912 ,0.293500 ,0.237050 ,0.458198 ,0.325754 ,0.257721 ,0.479060 ,0.235358 ,0.412905 ,0.328759 ,0.428301 ,0.384756 ,0.249326 ,0.162717 ,0.347236 ,0.353060 ,0.290708 ,0.264840
sub-0300510_ses-5,0.557688 ,0.356864 ,0.316270 ,0.454022 ,0.299557 ,0.366194 ,0.472929 ,0.263422 ,0.369027 ,0.302257 ,0.425831 ,0.333959 ,0.259906 ,0.188277 ,0.321756 ,0.379525 ,0.324675 ,0.263685
sub-0300511_ses-1,0.446125 ,0.358178 ,0.197384 ,0.375076 ,0.253446 ,0.236295 ,0.421941 ,0.224174 ,0.370214 ,0.237365 ,0.415151 ,0.255689 ,0.271655 ,0.244372 ,0.377741 ,0.495137 ,0.434760 ,0.232612
sub-0300511_ses-1,0.613625 ,0.377278 ,0.245207 ,0.454610 ,0.243313 ,0.202530 ,0.475479 ,0.222144 ,0.330432 ,0.272736 ,0.484354 ,0.295037 ,0.236832 ,0.209236 ,0.316427 ,0.411754 ,0.298952 ,0.258495
sub-0300511_ses-1,1.152599 ,0.558638 ,0.430476 ,0.674787 ,0.403365 ,0.309103 ,0.667554 ,0.322529 ,0.704786 ,0.385849 ,0.515283 ,0.381614 ,0.443044 ,0.261640 ,0.552273 ,0.824930 ,0.373815 ,0.425085
sub-0300511_ses-1,0.846641 ,0.364648 ,0.254775 ,0.595719 ,0.201693 ,0.278345 ,0.579152 ,0.323264 ,0.538998 ,0.431469 ,0.460769 ,0.303986 ,0.352961 ,0.262110 ,0.348862 ,0.577404 ,0.409894 ,0.362599
sub-0300511_ses-2,0.670508 ,0.544047 ,0.237369 ,0.466983 ,0.333236 ,0.263563 ,0.508106 ,0.221407 ,0.359891 ,0.327081 ,0.403799 ,0.298105 ,0.227516 ,0.217106 ,0.347510 ,0.389419 ,0.414235 ,0.193585
sub-0300511_ses-2,0.500710 ,0.423497 ,0.288808 ,0.334394 ,0.235975 ,0.198616 ,0.377231 ,0.256279 ,0.277535 ,0.303333 ,0.435647 ,0.230145 ,0.210871 ,0.157608 ,0.307999 ,0.252368 ,0.294079 ,0.289663
sub-0300511_ses-2,0.556677 ,0.421877 ,0.366519 ,0.521763 ,0.404261 ,0.222463 ,0.487004 ,0.287306 ,0.569602 ,0.459082 ,0.505732 ,0.278838 ,0.324546 ,0.267300 ,0.476983 ,0.382372 ,0.380813 ,0.385302
sub-0300511_ses-2,0.665869 ,0.461724 ,0.361790 ,0.541082 ,0.335566 ,0.256802 ,0.629573 ,0.291146 ,0.580616 ,0.467476 ,0.421929 ,0.307987 ,0.356416 ,0.273282 ,0.547007 ,0.550988 ,0.349830 ,0.383962
sub-0300511_ses-3,0.340256 ,0.417960 ,0.204907 ,0.461829 ,0.243393 ,0.348285 ,0.462450 ,0.252247 ,0.334122 ,0.341358 ,0.477607 ,0.289174 ,0.217668 ,0.224305 ,0.262539 ,0.359272 ,0.247082 ,0.189358
sub-0300511_ses-3,0.338216 ,0.410548 ,0.269109 ,0.439844 ,0.269527 ,0.203805 ,0.356337 ,0.308827 ,0.368188 ,0.281133 ,0.636511 ,0.252778 ,0.183235 ,0.152080 ,0.258643 ,0.295835 ,0.302621 ,0.220784
sub-0300511_ses-3,0.437477 ,0.471006 ,0.243300 ,0.488674 ,0.228453 ,0.206228 ,0.392449 ,0.249727 ,0.390480 ,0.321053 ,0.675946 ,0.259698 ,0.219823 ,0.189958 ,0.318643 ,0.198689 ,0.351294 ,0.258996
sub-0300511_ses-3,0.386502 ,0.381571 ,0.212224 ,0.488277 ,0.278937 ,0.265950 ,0.288976 ,0.204234 ,0.329612 ,0.408609 ,0.566198 ,0.234454 ,0.197737 ,0.161082 ,0.268176 ,0.297407 ,0.324918 ,0.225970
sub-0300511_ses-4,0.481403 ,0.307997 ,0.185904 ,0.282685 ,0.263244 ,0.201761 ,0.309569 ,0.219301 ,0.310163 ,0.153297 ,0.304836 ,0.260798 ,0.174695 ,0.153467 ,0.237547 ,0.294452 ,0.234674 ,0.215940
sub-0300511_ses-4,0.606125 ,0.426085 ,0.265620 ,0.352685 ,0.241774 ,0.217348 ,0.387783 ,0.262404 ,0.468524 ,0.222543 ,0.351386 ,0.356003 ,0.220461 ,0.222789 ,0.311265 ,0.329702 ,0.274480 ,0.333227
sub-0300511_ses-4,0.680483 ,0.413849 ,0.287739 ,0.332483 ,0.236719 ,0.236331 ,0.359080 ,0.249756 ,0.365477 ,0.227405 ,0.328432 ,0.347567 ,0.257896 ,0.188689 ,0.321193 ,0.502350 ,0.301584 ,0.378735
sub-0300511_ses-4,0.513733 ,0.351966 ,0.224925 ,0.325476 ,0.278085 ,0.203059 ,0.369588 ,0.223927 ,0.375236 ,0.223098 ,0.281452 ,0.307130 ,0.230303 ,0.195657 ,0.243308 ,0.349000 ,0.197389 ,0.380238
sub-0300511_ses-5,0.612211 ,0.265569 ,0.416266 ,0.381847 ,0.296405 ,0.304553 ,0.558669 ,0.266402 ,0.430870 ,0.279190 ,0.481689 ,0.446447 ,0.293981 ,0.366413 ,0.513225 ,0.433446 ,0.365222 ,0.324175
sub-0300511_ses-5,1.177873 ,0.634005 ,0.414820 ,0.694633 ,0.446982 ,0.417615 ,0.967160 ,0.371582 ,0.769211 ,0.456358 ,0.458887 ,0.691948 ,0.367388 ,0.327251 ,0.490683 ,0.869563 ,0.431268 ,0.559008
sub-0300511_ses-5,1.084420 ,0.629237 ,0.358566 ,0.573186 ,0.341162 ,0.305515 ,0.736428 ,0.414204 ,0.471343 ,0.396352 ,0.462167 ,0.526860 ,0.304214 ,0.219684 ,0.479138 ,0.464041 ,0.395940 ,0.465406
sub-0300511_ses-5,0.865059 ,0.538950 ,0.394155 ,0.535630 ,0.383100 ,0.282459 ,0.725931 ,0.318359 ,0.491849 ,0.423511 ,0.554517 ,0.467161 ,0.228951 ,0.289328 ,0.475534 ,0.500238 ,0.446979 ,0.552002
sub-0300511_ses-6,0.418862 ,0.277056 ,0.266083 ,0.277342 ,0.244061 ,0.198369 ,0.387486 ,0.205517 ,0.348045 ,0.244611 ,0.446199 ,0.230812 ,0.186723 ,0.213815 ,0.378367 ,0.321481 ,0.343046 ,0.226379
sub-0300511_ses-6,0.663424 ,0.417392 ,0.204552 ,0.421184 ,0.359798 ,0.247613 ,0.429226 ,0.282419 ,0.504385 ,0.281437 ,0.418465 ,0.361777 ,0.257811 ,0.293742 ,0.316217 ,0.456748 ,0.360699 ,0.332690
sub-0300512_ses-1,0.820581 ,0.355969 ,0.289258 ,0.425546 ,0.304265 ,0.247459 ,0.621326 ,0.256077 ,0.431788 ,0.152720 ,0.269962 ,0.500977 ,0.220095 ,0.243270 ,0.673792 ,0.489657 ,0.372074 ,0.309200
sub-0300512_ses-1,0.647910 ,0.349601 ,0.262677 ,0.365713 ,0.310127 ,0.257656 ,0.460960 ,0.257324 ,0.351603 ,0.236888 ,0.281887 ,0.376656 ,0.248208 ,0.239714 ,0.416580 ,0.549047 ,0.323430 ,0.311501
sub-0300512_ses-1,0.584884 ,0.296456 ,0.274320 ,0.336542 ,0.257963 ,0.241514 ,0.467348 ,0.254467 ,0.340863 ,0.174939 ,0.305884 ,0.376917 ,0.266330 ,0.265897 ,0.443699 ,0.603982 ,0.339917 ,0.223529
sub-0300512_ses-1,1.073721 ,0.319344 ,0.274284 ,0.355703 ,0.264924 ,0.301433 ,0.656593 ,0.290026 ,0.502229 ,0.230597 ,0.281141 ,0.338258 ,0.282710 ,0.242686 ,0.463270 ,0.566526 ,0.286603 ,0.321924
sub-0300512_ses-2,0.695483 ,0.327092 ,0.187596 ,0.255063 ,0.395218 ,0.227880 ,0.494100 ,0.374258 ,0.295719 ,0.147326 ,0.357082 ,0.395877 ,0.234578 ,0.266083 ,0.487520 ,0.529303 ,0.293557 ,0.229676
sub-0300512_ses-2,0.765712 ,0.290416 ,0.263233 ,0.358224 ,0.248144 ,0.277063 ,0.583231 ,0.291454 ,0.337004 ,0.186238 ,0.269121 ,0.424236 ,0.290877 ,0.275274 ,0.417980 ,0.562724 ,0.261872 ,0.264294
sub-0300512_ses-2,0.742569 ,0.295169 ,0.248610 ,0.328335 ,0.285295 ,0.197472 ,0.639998 ,0.312096 ,0.314298 ,0.171593 ,0.318495 ,0.380090 ,0.236807 ,0.210683 ,0.471589 ,0.463687 ,0.324722 ,0.186408
sub-0300512_ses-2,0.742332 ,0.340532 ,0.252160 ,0.453062 ,0.264329 ,0.226514 ,0.560219 ,0.313719 ,0.329762 ,0.246643 ,0.289298 ,0.385599 ,0.268088 ,0.254393 ,0.359716 ,0.633574 ,0.257201 ,0.266925
sub-0300512_ses-3,0.289976 ,0.218134 ,0.214390 ,0.198556 ,0.221319 ,0.173829 ,0.364697 ,0.220346 ,0.273460 ,0.174859 ,0.221434 ,0.235651 ,0.241170 ,0.191844 ,0.356887 ,0.304158 ,0.227959 ,0.164883
sub-0300512_ses-3,0.341115 ,0.266968 ,0.224302 ,0.268096 ,0.192160 ,0.203936 ,0.280484 ,0.238060 ,0.243757 ,0.163596 ,0.227571 ,0.225027 ,0.202080 ,0.208989 ,0.376130 ,0.555299 ,0.266809 ,0.145232
sub-0300512_ses-3,0.648007 ,0.229271 ,0.232905 ,0.243599 ,0.234827 ,0.182892 ,0.258008 ,0.261204 ,0.300612 ,0.173436 ,0.238087 ,0.243674 ,0.242539 ,0.201640 ,0.417235 ,0.455243 ,0.278219 ,0.199878
sub-0300512_ses-4,0.318546 ,0.292318 ,0.315649 ,0.211976 ,0.236201 ,0.214901 ,0.320356 ,0.248409 ,0.416944 ,0.150762 ,0.242577 ,0.276785 ,0.256733 ,0.210407 ,0.372665 ,0.332096 ,0.274958 ,0.208337
sub-0300512_ses-4,0.449333 ,0.163528 ,0.203710 ,0.199820 ,0.295277 ,0.166115 ,0.255103 ,0.241767 ,0.331608 ,0.147911 ,0.269583 ,0.233810 ,0.232909 ,0.154070 ,0.391750 ,0.582475 ,0.274108 ,0.183484
sub-0300512_ses-4,0.672307 ,0.243825 ,0.214655 ,0.251637 ,0.236958 ,0.178254 ,0.359842 ,0.300776 ,0.367507 ,0.144454 ,0.270290 ,0.290892 ,0.272195 ,0.225229 ,0.405054 ,0.365406 ,0.229874 ,0.244896
sub-0300512_ses-4,0.363059 ,0.207271 ,0.203041 ,0.229566 ,0.273682 ,0.217222 ,0.364386 ,0.240004 ,0.288070 ,0.127996 ,0.271299 ,0.250436 ,0.212589 ,0.230825 ,0.421084 ,0.663345 ,0.281545 ,0.236904
sub-0300512_ses-5,0.508229 ,0.193278 ,0.170861 ,0.199995 ,0.231861 ,0.171924 ,0.236506 ,0.204546 ,0.321461 ,0.115954 ,0.181933 ,0.187210 ,0.170699 ,0.179639 ,0.434100 ,0.537220 ,0.206332 ,0.186811
sub-0300512_ses-5,0.399854 ,0.212907 ,0.144170 ,0.187119 ,0.176915 ,0.145993 ,0.291172 ,0.215712 ,0.281254 ,0.143534 ,0.221752 ,0.215282 ,0.143613 ,0.174647 ,0.407103 ,0.471717 ,0.213071 ,0.213420
sub-0300512_ses-5,0.460813 ,0.196381 ,0.172413 ,0.219245 ,0.265632 ,0.150191 ,0.209784 ,0.199933 ,0.332340 ,0.151526 ,0.222161 ,0.228381 ,0.196288 ,0.174211 ,0.494489 ,0.421300 ,0.238151 ,0.164475
sub-0300512_ses-5,0.574266 ,0.196166 ,0.177061 ,0.256254 ,0.318038 ,0.094728 ,0.325916 ,0.260777 ,0.346815 ,0.144985 ,0.200892 ,0.266150 ,0.213311 ,0.241899 ,0.509609 ,0.451620 ,0.306730 ,0.201573
sub-0300512_ses-6,0.393281 ,0.283252 ,0.228078 ,0.244553 ,0.229894 ,0.205067 ,0.237183 ,0.169471 ,0.290161 ,0.179615 ,0.260153 ,0.302151 ,0.226984 ,0.210183 ,0.330718 ,0.264825 ,0.238961 ,0.178141
sub-0300512_ses-6,0.498791 ,0.368858 ,0.278999 ,0.334811 ,0.297954 ,0.219295 ,0.437760 ,0.284648 ,0.319975 ,0.200015 ,0.294787 ,0.293101 ,0.262190 ,0.179115 ,0.312254 ,0.378975 ,0.310211 ,0.264338
